doc_id,source,collection,doc_type,title,url,landing_url,publication_date,date_certainty,date_basis,related_date,vintage_label,primary,notes
obr_8ae3960c28,OBR,efo,forecast_narrative,Economic and fiscal outlook – March 2026,https://obr.uk/download/economic-and-fiscal-outlook-march-2026/,https://obr.uk/efo/economic-and-fiscal-outlook-march-2026/,2026-03-03,exact,landing page <time class=date>,,March 2026,True,report capture available
obr_b08670651b,OBR,efo,forecast_tables,March 2026 Economic and fiscal outlook – charts and tables (zip file),https://obr.uk/download/march-2026-economic-and-fiscal-outlook-charts-and-tables/,https://obr.uk/efo/economic-and-fiscal-outlook-march-2026/,2026-03-03,exact,landing page <time class=date>,,March 2026,False,
obr_97e0089295,OBR,efo,forecast_tables,March 2026 Economic and fiscal outlook – charts and tables: Executive summary,https://obr.uk/download/march-2026-economic-and-fiscal-outlook-charts-and-tables-executive-summary/,https://obr.uk/efo/economic-and-fiscal-outlook-march-2026/,2026-03-03,exact,landing page <time class=date>,,March 2026,False,
obr_c03c081b35,OBR,efo,forecast_tables,March 2026 Economic and fiscal outlook – charts and tables: Chapter 2,https://obr.uk/download/march-2026-economic-and-fiscal-outlook-charts-and-tables-chapter-2/,https://obr.uk/efo/economic-and-fiscal-outlook-march-2026/,2026-03-03,exact,landing page <time class=date>,,March 2026,False,
obr_c80e557bb7,OBR,efo,forecast_tables,March 2026 Economic and fiscal outlook – charts and tables: Chapter 3,https://obr.uk/download/march-2026-economic-and-fiscal-outlook-charts-and-tables-chapter-3/,https://obr.uk/efo/economic-and-fiscal-outlook-march-2026/,2026-03-03,exact,landing page <time class=date>,,March 2026,False,
obr_d16ff3b4e1,OBR,efo,forecast_tables,March 2026 Economic and fiscal outlook – charts and tables: Chapter 4,https://obr.uk/download/march-2026-economic-and-fiscal-outlook-charts-and-tables-chapter-4/,https://obr.uk/efo/economic-and-fiscal-outlook-march-2026/,2026-03-03,exact,landing page <time class=date>,,March 2026,False,
obr_83d879393c,OBR,efo,forecast_tables,March 2026 Economic and fiscal outlook – charts and tables: Chapter 5,https://obr.uk/download/march-2026-economic-and-fiscal-outlook-charts-and-tables-chapter-5/,https://obr.uk/efo/economic-and-fiscal-outlook-march-2026/,2026-03-03,exact,landing page <time class=date>,,March 2026,False,
obr_78d76a70ce,OBR,efo,forecast_tables,March 2026 Economic and fiscal outlook – charts and tables: Chapter 6,https://obr.uk/download/march-2026-economic-and-fiscal-outlook-charts-and-tables-chapter-6/,https://obr.uk/efo/economic-and-fiscal-outlook-march-2026/,2026-03-03,exact,landing page <time class=date>,,March 2026,False,
obr_bb443e472c,OBR,efo,forecast_tables,March 2026 Economic and fiscal outlook – charts and tables: Annex tables,https://obr.uk/download/march-2026-economic-and-fiscal-outlook-charts-and-tables-annex-tables/,https://obr.uk/efo/economic-and-fiscal-outlook-march-2026/,2026-03-03,exact,landing page <time class=date>,,March 2026,False,
obr_291bf844e3,OBR,efo,forecast_tables,March 2026 Economic and fiscal outlook – detailed forecast tables (zip file),https://obr.uk/download/march-2026-economic-and-fiscal-outlook-detailed-forecast-tables-zip-file/,https://obr.uk/efo/economic-and-fiscal-outlook-march-2026/,2026-03-03,exact,landing page <time class=date>,,March 2026,False,
obr_00dc9fade3,OBR,efo,forecast_tables,March 2026 Economic and fiscal outlook – detailed forecast tables: economy,https://obr.uk/download/march-2026-economic-and-fiscal-outlook-detailed-forecast-tables-economy/,https://obr.uk/efo/economic-and-fiscal-outlook-march-2026/,2026-03-03,exact,landing page <time class=date>,,March 2026,False,
obr_dc05af8448,OBR,efo,forecast_tables,March 2026 Economic and fiscal outlook – detailed forecast tables: policy,https://obr.uk/download/march-2026-economic-and-fiscal-outlook-detailed-forecast-tables-policy/,https://obr.uk/efo/economic-and-fiscal-outlook-march-2026/,2026-03-03,exact,landing page <time class=date>,,March 2026,False,
obr_81b0c05fe0,OBR,efo,forecast_tables,March 2026 Economic and fiscal outlook – detailed forecast tables: receipts,https://obr.uk/download/march-2026-economic-and-fiscal-outlook-detailed-forecast-tables-receipts/,https://obr.uk/efo/economic-and-fiscal-outlook-march-2026/,2026-03-03,exact,landing page <time class=date>,,March 2026,False,
obr_f82229eb83,OBR,efo,forecast_tables,March 2026 Economic and fiscal outlook – detailed forecast tables: expenditure,https://obr.uk/download/march-2026-economic-and-fiscal-outlook-detailed-forecast-tables-expenditure/,https://obr.uk/efo/economic-and-fiscal-outlook-march-2026/,2026-03-03,exact,landing page <time class=date>,,March 2026,False,
obr_0cc924b03a,OBR,efo,forecast_tables,March 2026 Economic and fiscal outlook – detailed forecast tables: debt interest ready reckoner,https://obr.uk/download/march-2026-economic-and-fiscal-outlook-detailed-forecast-tables-debt-interest-ready-reckoner/,https://obr.uk/efo/economic-and-fiscal-outlook-march-2026/,2026-03-03,exact,landing page <time class=date>,,March 2026,False,
obr_aff1622410,OBR,efo,forecast_tables,March 2026 Economic and fiscal outlook – detailed forecast tables: aggregates,https://obr.uk/download/march-2026-economic-and-fiscal-outlook-detailed-forecast-tables-aggregates/,https://obr.uk/efo/economic-and-fiscal-outlook-march-2026/,2026-03-03,exact,landing page <time class=date>,,March 2026,False,
obr_420deeaedf,OBR,efo,other,March 2026 Devolved tax and spending forecasts,https://obr.uk/download/march-2026-devolved-tax-and-spending-forecasts/,https://obr.uk/efo/economic-and-fiscal-outlook-march-2026/,2026-03-03,exact,landing page <time class=date>,,March 2026,False,
obr_b7af60b6a1,OBR,efo,forecast_tables,March 2026 Devolved tax and spending forecasts – charts and tables,https://obr.uk/download/march-2026-devolved-tax-and-spending-forecasts-charts-and-tables/,https://obr.uk/efo/economic-and-fiscal-outlook-march-2026/,2026-03-03,exact,landing page <time class=date>,,March 2026,False,
obr_88e797807e,OBR,efo,other,Log of substantive contact between the Office for Budget Responsibility and Ministers and their Special Advisers and private office staff between 26 November 2025 and 2 March 2026,https://obr.uk/download/log-of-substantive-contact-between-the-office-for-budget-responsibility-and-ministers-and-their-special-advisers-and-private-office-staff-between-26-november-2025-and-2-march-2026/,https://obr.uk/efo/economic-and-fiscal-outlook-march-2026/,2026-03-03,exact,landing page <time class=date>,,March 2026,False,
obr_df46bd3294,OBR,efo,forecast_tables,Long-term economic determinants – March 2026 Economic and fiscal outlook,https://obr.uk/download/long-term-economic-determinants-march-2026-economic-and-fiscal-outlook/,https://obr.uk/efo/economic-and-fiscal-outlook-march-2026/,2026-03-03,exact,landing page <time class=date>,,March 2026,False,
obr_e226e6d523,OBR,efo,forecast_tables,March 2026 Economic and fiscal outlook monthly profiles,https://obr.uk/download/march-2026-economic-and-fiscal-outlook-monthly-profiles/,https://obr.uk/efo/economic-and-fiscal-outlook-march-2026/,2026-03-03,exact,landing page <time class=date>,,March 2026,False,
obr_7cf451808c,OBR,efo,other,March 2026 Economic and fiscal outlook - presentation slides,https://obr.uk/download/march-2026-economic-and-fiscal-outlook-presentation-slides/,https://obr.uk/efo/economic-and-fiscal-outlook-march-2026/,2026-03-03,exact,landing page <time class=date>,,March 2026,False,
obr_d1e44aaf15,OBR,efo,forecast_narrative,Economic and fiscal outlook – November 2025,https://obr.uk/download/economic-and-fiscal-outlook-november-2025/,https://obr.uk/efo/economic-and-fiscal-outlook-november-2025/,2025-11-26,exact,landing page <time class=date>,,November 2025,True,report capture available
obr_a3f8cdc059,OBR,efo,forecast_tables,November 2025 Economic and fiscal outlook – charts and tables (zip file),https://obr.uk/download/november-2025-economic-and-fiscal-outlook-charts-and-tables-zip-file/,https://obr.uk/efo/economic-and-fiscal-outlook-november-2025/,2025-11-26,exact,landing page <time class=date>,,November 2025,False,
obr_129d01405d,OBR,efo,forecast_tables,November 2025 Economic and fiscal outlook – charts and tables: Executive summary,https://obr.uk/download/november-2025-economic-and-fiscal-outlook-charts-and-tables-executive-summary/,https://obr.uk/efo/economic-and-fiscal-outlook-november-2025/,2025-11-26,exact,landing page <time class=date>,,November 2025,False,
obr_76f742b4ee,OBR,efo,forecast_tables,November 2025 Economic and fiscal outlook – charts and tables: Chapter 2,https://obr.uk/download/november-2025-economic-and-fiscal-outlook-charts-and-tables-chapter-2/,https://obr.uk/efo/economic-and-fiscal-outlook-november-2025/,2025-11-26,exact,landing page <time class=date>,,November 2025,False,
obr_87f1b94cd7,OBR,efo,forecast_tables,November 2025 Economic and fiscal outlook – charts and tables: Chapter 3,https://obr.uk/download/november-2025-economic-and-fiscal-outlook-charts-and-tables-chapter-3/,https://obr.uk/efo/economic-and-fiscal-outlook-november-2025/,2025-11-26,exact,landing page <time class=date>,,November 2025,False,
obr_39e0508eea,OBR,efo,forecast_tables,November 2025 Economic and fiscal outlook – charts and tables: Chapter 4,https://obr.uk/download/november-2025-economic-and-fiscal-outlook-charts-and-tables-chapter-4/,https://obr.uk/efo/economic-and-fiscal-outlook-november-2025/,2025-11-26,exact,landing page <time class=date>,,November 2025,False,
obr_18b78a4471,OBR,efo,forecast_tables,November 2025 Economic and fiscal outlook – charts and tables: Chapter 5,https://obr.uk/download/november-2025-economic-and-fiscal-outlook-charts-and-tables-chapter-5/,https://obr.uk/efo/economic-and-fiscal-outlook-november-2025/,2025-11-26,exact,landing page <time class=date>,,November 2025,False,
obr_e36e720d47,OBR,efo,forecast_tables,November 2025 Economic and fiscal outlook – charts and tables: Chapter 6,https://obr.uk/download/november-2025-economic-and-fiscal-outlook-charts-and-tables-chapter-6/,https://obr.uk/efo/economic-and-fiscal-outlook-november-2025/,2025-11-26,exact,landing page <time class=date>,,November 2025,False,
obr_47a1d9f8b3,OBR,efo,forecast_tables,November 2025 Economic and fiscal outlook – charts and tables: Chapter 7,https://obr.uk/download/november-2025-economic-and-fiscal-outlook-charts-and-tables-chapter-7/,https://obr.uk/efo/economic-and-fiscal-outlook-november-2025/,2025-11-26,exact,landing page <time class=date>,,November 2025,False,
obr_1b672e93cb,OBR,efo,forecast_tables,November 2025 Economic and fiscal outlook – charts and tables: Annex A,https://obr.uk/download/november-2025-economic-and-fiscal-outlook-charts-and-tables-annex-a/,https://obr.uk/efo/economic-and-fiscal-outlook-november-2025/,2025-11-26,exact,landing page <time class=date>,,November 2025,False,
obr_dbd7749662,OBR,efo,forecast_tables,November 2025 Economic and fiscal outlook – detailed forecast tables (zip file),https://obr.uk/download/november-2025-economic-and-fiscal-outlook-detailed-forecast-tables-zip-file/,https://obr.uk/efo/economic-and-fiscal-outlook-november-2025/,2025-11-26,exact,landing page <time class=date>,,November 2025,False,
obr_0fc7a3fe38,OBR,efo,forecast_tables,November 2025 Economic and fiscal outlook – detailed forecast tables: economy,https://obr.uk/download/november-2025-economic-and-fiscal-outlook-detailed-forecast-tables-economy/,https://obr.uk/efo/economic-and-fiscal-outlook-november-2025/,2025-11-26,exact,landing page <time class=date>,,November 2025,False,
obr_186fb1e026,OBR,efo,forecast_tables,November 2025 Economic and fiscal outlook – detailed forecast tables: policy,https://obr.uk/download/november-2025-economic-and-fiscal-outlook-detailed-forecast-tables-policy/,https://obr.uk/efo/economic-and-fiscal-outlook-november-2025/,2025-11-26,exact,landing page <time class=date>,,November 2025,False,
obr_4663c4e6ea,OBR,efo,forecast_tables,November 2025 Economic and fiscal outlook – detailed forecast tables: receipts,https://obr.uk/download/november-2025-economic-and-fiscal-outlook-detailed-forecast-tables-receipts/,https://obr.uk/efo/economic-and-fiscal-outlook-november-2025/,2025-11-26,exact,landing page <time class=date>,,November 2025,False,
obr_5eecf3c466,OBR,efo,forecast_tables,November 2025 Economic and fiscal outlook – detailed forecast tables: expenditure,https://obr.uk/download/november-2025-economic-and-fiscal-outlook-detailed-forecast-tables-expenditure/,https://obr.uk/efo/economic-and-fiscal-outlook-november-2025/,2025-11-26,exact,landing page <time class=date>,,November 2025,False,
obr_f966f9789f,OBR,efo,forecast_tables,November 2025 Economic and fiscal outlook – detailed forecast tables: debt interest ready reckoner,https://obr.uk/download/november-2025-economic-and-fiscal-outlook-detailed-forecast-tables-debt-interest-ready-reckoner/,https://obr.uk/efo/economic-and-fiscal-outlook-november-2025/,2025-11-26,exact,landing page <time class=date>,,November 2025,False,
obr_15942b9a27,OBR,efo,forecast_tables,November 2025 Economic and fiscal outlook – detailed forecast tables: aggregates,https://obr.uk/download/november-2025-economic-and-fiscal-outlook-detailed-forecast-tables-aggregates/,https://obr.uk/efo/economic-and-fiscal-outlook-november-2025/,2025-11-26,exact,landing page <time class=date>,,November 2025,False,
obr_ce56ef2895,OBR,efo,other,November 2025 Devolved tax and spending forecasts,https://obr.uk/download/november-2025-devolved-tax-and-spending-forecasts/,https://obr.uk/efo/economic-and-fiscal-outlook-november-2025/,2025-11-26,exact,landing page <time class=date>,,November 2025,False,
obr_e0e97f6328,OBR,efo,forecast_tables,November 2025 Devolved tax and spending forecasts - charts and tables,https://obr.uk/download/november-2025-devolved-tax-and-spending-forecasts-charts-and-tables/,https://obr.uk/efo/economic-and-fiscal-outlook-november-2025/,2025-11-26,exact,landing page <time class=date>,,November 2025,False,
obr_3151385b72,OBR,efo,other,Briefing paper No.9: Forecasting productivity,https://obr.uk/download/briefing-paper-no-9-forecasting-productivity/,https://obr.uk/efo/economic-and-fiscal-outlook-november-2025/,2025-11-26,exact,landing page <time class=date>,,November 2025,False,
obr_375c721b57,OBR,efo,forecast_tables,Briefing paper No.9: Forecasting productivity -  charts and tables,https://obr.uk/download/briefing-paper-no-9-forecasting-productivity-charts-and-tables/,https://obr.uk/efo/economic-and-fiscal-outlook-november-2025/,2025-11-26,exact,landing page <time class=date>,,November 2025,False,
obr_1643285335,OBR,efo,other,Briefing paper No.10: Accounting for the supply-side effects of policy,https://obr.uk/download/briefing-paper-no-10-accounting-for-the-supply-side-effects-of-policy/,https://obr.uk/efo/economic-and-fiscal-outlook-november-2025/,2025-11-26,exact,landing page <time class=date>,,November 2025,False,
obr_23af617508,OBR,efo,forecast_tables,Briefing paper No.10: Accounting for the supply-side effects of policy -  charts and tables,https://obr.uk/download/briefing-paper-no-10-accounting-for-the-supply-side-effects-of-policy-charts-and-tables/,https://obr.uk/efo/economic-and-fiscal-outlook-november-2025/,2025-11-26,exact,landing page <time class=date>,,November 2025,False,
obr_9983f46fbe,OBR,efo,other,"Log of substantive contact between the Office for Budget Responsibility and Treasury Ministers and their Special Advisers and private office staff, between 26 March and 25 November 2025",https://obr.uk/download/log-of-substantive-contact-between-the-office-for-budget-responsibility-and-treasury-ministers-and-their-special-advisers-and-private-office-staff-between-26-march-and-25-november-2025/,https://obr.uk/efo/economic-and-fiscal-outlook-november-2025/,2025-11-26,exact,landing page <time class=date>,,November 2025,False,
obr_a0e7362c46,OBR,efo,other,Letter from Richard Hughes to Chancellor on November 2025 EFO,https://obr.uk/download/letter-from-richard-hughes-to-chancellor-on-november-2025-efo/,https://obr.uk/efo/economic-and-fiscal-outlook-november-2025/,2025-11-26,exact,landing page <time class=date>,,November 2025,False,
obr_e8d6d53176,OBR,efo,other,Letter from Richard Hughes to Dame Meg Hillier MP on November 2025 EFO,https://obr.uk/download/letter-from-richard-hughes-to-dame-meg-hillier-mp-on-november-2025-efo/,https://obr.uk/efo/economic-and-fiscal-outlook-november-2025/,2025-11-26,exact,landing page <time class=date>,,November 2025,False,
obr_b9a2509020,OBR,efo,forecast_tables,Supplementary forecast information capital gains tax relief on qualifying disposals costing,https://obr.uk/download/supplementary-forecast-information-capital-gains-tax-relief-on-qualifying-disposals-costing/,https://obr.uk/efo/economic-and-fiscal-outlook-november-2025/,2025-11-26,exact,landing page <time class=date>,,November 2025,False,
obr_2867a98db6,OBR,efo,forecast_tables,Supplementary forecast information changes to agricultural and business property relief costing,https://obr.uk/download/supplementary-forecast-information-changes-to-agricultural-and-business-property-relief-costing/,https://obr.uk/efo/economic-and-fiscal-outlook-november-2025/,2025-11-26,exact,landing page <time class=date>,,November 2025,False,
obr_228ed1b9fe,OBR,efo,forecast_tables,Supplementary forecast information eVED costing,https://obr.uk/download/supplementary-forecast-information-eved-costing/,https://obr.uk/efo/economic-and-fiscal-outlook-november-2025/,2025-11-26,exact,landing page <time class=date>,,November 2025,False,
obr_cd50d38f54,OBR,efo,forecast_tables,Supplementary forecast information high value council tax surcharge costing,https://obr.uk/download/supplementary-forecast-information-high-value-council-tax-surcharge-costing/,https://obr.uk/efo/economic-and-fiscal-outlook-november-2025/,2025-11-26,exact,landing page <time class=date>,,November 2025,False,
obr_22448b90c1,OBR,efo,forecast_tables,Supplementary forecast information non-labour components of incomes tax costing,https://obr.uk/download/supplementary-forecast-information-non-labour-components-of-incomes-tax-costing/,https://obr.uk/efo/economic-and-fiscal-outlook-november-2025/,2025-11-26,exact,landing page <time class=date>,,November 2025,False,
obr_adb6c39b1b,OBR,efo,forecast_tables,Supplementary forecast information updates to the reforms to the non-domicile regime costing,https://obr.uk/download/supplementary-forecast-information-updates-to-the-reforms-to-the-non-domicile-regime-costing/,https://obr.uk/efo/economic-and-fiscal-outlook-november-2025/,2025-11-26,exact,landing page <time class=date>,,November 2025,False,
obr_0f6ada7f0d,OBR,efo,forecast_tables,November 2025 Economic and fiscal outlook monthly profiles,https://obr.uk/download/november-2025-economic-and-fiscal-outlook-monthly-profiles/,https://obr.uk/efo/economic-and-fiscal-outlook-november-2025/,2025-11-26,exact,landing page <time class=date>,,November 2025,False,
obr_716be12117,OBR,efo,forecast_tables,Supplementary forecast information fiscal implications of special educational needs and disability spending,https://obr.uk/download/supplementary-forecast-information-fiscal-implications-of-special-educational-needs-and-disability-spending/,https://obr.uk/efo/economic-and-fiscal-outlook-november-2025/,2025-11-26,exact,landing page <time class=date>,,November 2025,False,
obr_67347c5558,OBR,efo,forecast_tables,Supplementary forecast information salary-sacrifice costing,https://obr.uk/download/supplementary-forecast-information-salary-sacrifice-costing/,https://obr.uk/efo/economic-and-fiscal-outlook-november-2025/,2025-11-26,exact,landing page <time class=date>,,November 2025,False,
obr_4840711778,OBR,efo,other,November 2025 Economic and fiscal outlook - funded pensions forecast,https://obr.uk/download/november-2025-economic-and-fiscal-outlook-funded-pensions-forecast/,https://obr.uk/efo/economic-and-fiscal-outlook-november-2025/,2025-11-26,exact,landing page <time class=date>,,November 2025,False,
obr_02dc98fc1e,OBR,efo,other,November 2025 Economic and fiscal outlook - speaking notes,https://obr.uk/download/november-2025-economic-and-fiscal-outlook-speaking-notes/,https://obr.uk/efo/economic-and-fiscal-outlook-november-2025/,2025-11-26,exact,landing page <time class=date>,,November 2025,False,
obr_9d12c1319b,OBR,efo,other,November 2025 Economic and fiscal outlook - presentation slides,https://obr.uk/download/november-2025-economic-and-fiscal-outlook-presentation-slides/,https://obr.uk/efo/economic-and-fiscal-outlook-november-2025/,2025-11-26,exact,landing page <time class=date>,,November 2025,False,
obr_570ac1898f,OBR,efo,forecast_narrative,Economic and fiscal outlook – March 2025,https://obr.uk/download/economic-and-fiscal-outlook-march-2025/,https://obr.uk/efo/economic-and-fiscal-outlook-march-2025/,2025-03-26,exact,landing page <time class=date>,,March 2025,True,report capture available
obr_bd534f86b1,OBR,efo,forecast_tables,March 2025 Economic and fiscal outlook – charts and tables: Executive summary,https://obr.uk/download/march-2025-economic-and-fiscal-outlook-charts-and-tables-executive-summary/,https://obr.uk/efo/economic-and-fiscal-outlook-march-2025/,2025-03-26,exact,landing page <time class=date>,,March 2025,False,
obr_41df3c4682,OBR,efo,forecast_tables,March 2025 Economic and fiscal outlook – charts and tables: Chapter 2,https://obr.uk/download/march-2025-economic-and-fiscal-outlook-charts-and-tables-chapter-2/,https://obr.uk/efo/economic-and-fiscal-outlook-march-2025/,2025-03-26,exact,landing page <time class=date>,,March 2025,False,
obr_8c665f7415,OBR,efo,forecast_tables,March 2025 Economic and fiscal outlook – charts and tables: Chapter 3,https://obr.uk/download/march-2025-economic-and-fiscal-outlook-charts-and-tables-chapter-3/,https://obr.uk/efo/economic-and-fiscal-outlook-march-2025/,2025-03-26,exact,landing page <time class=date>,,March 2025,False,
obr_230ec85b09,OBR,efo,forecast_tables,March 2025 Economic and fiscal outlook – charts and tables: Chapter 4,https://obr.uk/download/march-2025-economic-and-fiscal-outlook-charts-and-tables-chapter-4/,https://obr.uk/efo/economic-and-fiscal-outlook-march-2025/,2025-03-26,exact,landing page <time class=date>,,March 2025,False,
obr_ef3e5e762d,OBR,efo,forecast_tables,March 2025 Economic and fiscal outlook – charts and tables: Chapter 5,https://obr.uk/download/march-2025-economic-and-fiscal-outlook-charts-and-tables-chapter-5/,https://obr.uk/efo/economic-and-fiscal-outlook-march-2025/,2025-03-26,exact,landing page <time class=date>,,March 2025,False,
obr_8652aca0f2,OBR,efo,forecast_tables,March 2025 Economic and fiscal outlook – charts and tables: Chapter 6,https://obr.uk/download/march-2025-economic-and-fiscal-outlook-charts-and-tables-chapter-6/,https://obr.uk/efo/economic-and-fiscal-outlook-march-2025/,2025-03-26,exact,landing page <time class=date>,,March 2025,False,
obr_05dd57644c,OBR,efo,forecast_tables,March 2025 Economic and fiscal outlook – charts and tables: Chapter 7,https://obr.uk/download/march-2025-economic-and-fiscal-outlook-charts-and-tables-chapter-7/,https://obr.uk/efo/economic-and-fiscal-outlook-march-2025/,2025-03-26,exact,landing page <time class=date>,,March 2025,False,
obr_00738d4847,OBR,efo,forecast_tables,March 2025 Economic and fiscal outlook – charts and tables: Annex A,https://obr.uk/download/march-2025-economic-and-fiscal-outlook-charts-and-tables-annex-a/,https://obr.uk/efo/economic-and-fiscal-outlook-march-2025/,2025-03-26,exact,landing page <time class=date>,,March 2025,False,
obr_2b19b6e2a9,OBR,efo,forecast_tables,March 2025 Economic and fiscal outlook – detailed forecast tables: policy,https://obr.uk/download/march-2025-economic-and-fiscal-outlook-detailed-forecast-tables-policy/,https://obr.uk/efo/economic-and-fiscal-outlook-march-2025/,2025-03-26,exact,landing page <time class=date>,,March 2025,False,
obr_2a71ef1721,OBR,efo,forecast_tables,March 2025 Economic and fiscal outlook – detailed forecast tables: receipts,https://obr.uk/download/march-2025-economic-and-fiscal-outlook-detailed-forecast-tables-receipts/,https://obr.uk/efo/economic-and-fiscal-outlook-march-2025/,2025-03-26,exact,landing page <time class=date>,,March 2025,False,
obr_411c1391ff,OBR,efo,forecast_tables,March 2025 Economic and fiscal outlook – detailed forecast tables: expenditure,https://obr.uk/download/march-2025-economic-and-fiscal-outlook-detailed-forecast-tables-expenditure/,https://obr.uk/efo/economic-and-fiscal-outlook-march-2025/,2025-03-26,exact,landing page <time class=date>,,March 2025,False,
obr_e3c84c8951,OBR,efo,forecast_tables,March 2025 Economic and fiscal outlook – detailed forecast tables: debt interest ready reckoner,https://obr.uk/download/march-2025-economic-and-fiscal-outlook-detailed-forecast-tables-debt-interest-ready-reckoner/,https://obr.uk/efo/economic-and-fiscal-outlook-march-2025/,2025-03-26,exact,landing page <time class=date>,,March 2025,False,
obr_debb52dde4,OBR,efo,forecast_tables,March 2025 Economic and fiscal outlook – detailed forecast tables: aggregates,https://obr.uk/download/march-2025-economic-and-fiscal-outlook-detailed-forecast-tables-aggregates/,https://obr.uk/efo/economic-and-fiscal-outlook-march-2025/,2025-03-26,exact,landing page <time class=date>,,March 2025,False,
obr_0942651fc6,OBR,efo,forecast_tables,March 2025 Economic and fiscal outlook – detailed forecast tables: economy,https://obr.uk/download/march-2025-economic-and-fiscal-outlook-detailed-forecast-tables-economy/,https://obr.uk/efo/economic-and-fiscal-outlook-march-2025/,2025-03-26,exact,landing page <time class=date>,,March 2025,False,
obr_d977b7ed8e,OBR,efo,other,March 2025 Devolved tax and spending forecasts,https://obr.uk/download/march-2025-devolved-tax-and-spending-forecasts/,https://obr.uk/efo/economic-and-fiscal-outlook-march-2025/,2025-03-26,exact,landing page <time class=date>,,March 2025,False,
obr_693754f7f7,OBR,efo,forecast_tables,March 2025 Devolved tax and spending forecasts – charts and tables,https://obr.uk/download/march-2025-devolved-tax-and-spending-forecasts-charts-and-tables/,https://obr.uk/efo/economic-and-fiscal-outlook-march-2025/,2025-03-26,exact,landing page <time class=date>,,March 2025,False,
obr_653362a1ed,OBR,efo,other,"Log of substantive contact between the Office for Budget Responsibility and Treasury Ministers and their Special Advisers and private office staff, between 30 October and 25 March 2025",https://obr.uk/download/log-of-substantive-contact-between-the-office-for-budget-responsibility-and-treasury-ministers-and-their-special-advisers-and-private-office-staff-between-30-october-and-25-march-2025/,https://obr.uk/efo/economic-and-fiscal-outlook-march-2025/,2025-03-26,exact,landing page <time class=date>,,March 2025,False,
obr_9452adef13,OBR,efo,forecast_tables,March 2025 Economic and fiscal outlook – detailed forecast tables (zip file),https://obr.uk/download/march-2025-economic-and-fiscal-outlook-detailed-forecast-tables-zip-file/,https://obr.uk/efo/economic-and-fiscal-outlook-march-2025/,2025-03-26,exact,landing page <time class=date>,,March 2025,False,
obr_7a6a3ca2e7,OBR,efo,forecast_tables,March 2025 Economic and fiscal outlook – charts and tables (zip file),https://obr.uk/download/march-2025-economic-and-fiscal-outlook-charts-and-tables-zip-file/,https://obr.uk/efo/economic-and-fiscal-outlook-march-2025/,2025-03-26,exact,landing page <time class=date>,,March 2025,False,
obr_702afbcc55,OBR,efo,forecast_tables,March 2025 Economic and fiscal outlook – ready reckoner,https://obr.uk/download/march-2025-economic-and-fiscal-outlook-ready-reckoner/,https://obr.uk/efo/economic-and-fiscal-outlook-march-2025/,2025-03-26,exact,landing page <time class=date>,,March 2025,False,
obr_de4ae0cb23,OBR,efo,forecast_tables,March 2025 Economic and fiscal outlook – tobacco and vaping duty elasticities,https://obr.uk/download/supplementary-forecast-information-on-tobacco-and-vaping-duty-elasticities/,https://obr.uk/efo/economic-and-fiscal-outlook-march-2025/,2025-03-26,exact,landing page <time class=date>,,March 2025,False,
obr_9eaaa37f69,OBR,efo,other,March 2025 Economic and fiscal outlook – qualifying criteria for PIP,https://obr.uk/download/march-2025-economic-and-fiscal-outlook-qualifying-criteria-for-pip/,https://obr.uk/efo/economic-and-fiscal-outlook-march-2025/,2025-03-26,exact,landing page <time class=date>,,March 2025,False,
obr_675f4d36be,OBR,efo,forecast_tables,Long-term economic determinants – March 2025 Economic and fiscal outlook,https://obr.uk/download/long-term-economic-determinants-march-2025-economic-and-fiscal-outlook/,https://obr.uk/efo/economic-and-fiscal-outlook-march-2025/,2025-03-26,exact,landing page <time class=date>,,March 2025,False,
obr_dd0f1a9fce,OBR,efo,other,March 2025 Economic and fiscal outlook – fiscal aggregates for trade scenarios,https://obr.uk/download/march-2025-economic-and-fiscal-outlook-fiscal-aggregates-for-trade-scenarios/,https://obr.uk/efo/economic-and-fiscal-outlook-march-2025/,2025-03-26,exact,landing page <time class=date>,,March 2025,False,
obr_0977fa17d9,OBR,efo,forecast_tables,March 2025 Economic and fiscal outlook monthly profiles,https://obr.uk/download/march-2025-economic-and-fiscal-outlook-monthly-profiles/,https://obr.uk/efo/economic-and-fiscal-outlook-march-2025/,2025-03-26,exact,landing page <time class=date>,,March 2025,False,
obr_2a251faa31,OBR,efo,other,March 2025 Economic and fiscal outlook – detailed forecast for changes in public sector net debt,https://obr.uk/download/march-2025-economic-and-fiscal-outlook-detailed-forecast-for-changes-in-public-sector-net-debt/,https://obr.uk/efo/economic-and-fiscal-outlook-march-2025/,2025-03-26,exact,landing page <time class=date>,,March 2025,False,
obr_1edfe10599,OBR,efo,other,March 2025 Economic and fiscal outlook – speaking notes,https://obr.uk/download/march-2025-economic-and-fiscal-outlook-speaking-notes/,https://obr.uk/efo/economic-and-fiscal-outlook-march-2025/,2025-03-26,exact,landing page <time class=date>,,March 2025,False,
obr_5f312e81f0,OBR,efo,other,March 2025 Economic and fiscal outlook – presentation slides,https://obr.uk/download/march-2025-economic-and-fiscal-outlook-presentation-slides/,https://obr.uk/efo/economic-and-fiscal-outlook-march-2025/,2025-03-26,exact,landing page <time class=date>,,March 2025,False,
obr_711f0a8668,OBR,efo,other,March 2025 Economic and fiscal outlook – 5 things video transcription,https://obr.uk/download/march-2025-economic-and-fiscal-outlook-5-things-video-transcription/,https://obr.uk/efo/economic-and-fiscal-outlook-march-2025/,2025-03-26,exact,landing page <time class=date>,,March 2025,False,
obr_66cadfbefb,OBR,efo,forecast_narrative,Economic and fiscal outlook – October 2024,https://obr.uk/download/economic-and-fiscal-outlook-october-2024/,https://obr.uk/efo/economic-and-fiscal-outlook-october-2024/,2024-10-30,exact,landing page <time class=date>,,October 2024,True,report capture available
obr_a32de6f54f,OBR,efo,forecast_tables,October 2024 Economic and fiscal outlook – charts and tables: Executive summary,https://obr.uk/download/october-2024-economic-and-fiscal-outlook-charts-and-tables-executive-summary/,https://obr.uk/efo/economic-and-fiscal-outlook-october-2024/,2024-10-30,exact,landing page <time class=date>,,October 2024,False,
obr_ffd6cf0a84,OBR,efo,forecast_tables,October 2024 Economic and fiscal outlook – charts and tables: Chapter 2,https://obr.uk/download/october-2024-economic-and-fiscal-outlook-charts-and-tables-chapter-2/,https://obr.uk/efo/economic-and-fiscal-outlook-october-2024/,2024-10-30,exact,landing page <time class=date>,,October 2024,False,
obr_9c36f5cf6e,OBR,efo,forecast_tables,October 2024 Economic and fiscal outlook – charts and tables: Chapter 3,https://obr.uk/download/october-2024-economic-and-fiscal-outlook-charts-and-tables-chapter-3/,https://obr.uk/efo/economic-and-fiscal-outlook-october-2024/,2024-10-30,exact,landing page <time class=date>,,October 2024,False,
obr_7dcfc98ddc,OBR,efo,forecast_tables,October 2024 Economic and fiscal outlook – charts and tables: Chapter 4,https://obr.uk/download/october-2024-economic-and-fiscal-outlook-charts-and-tables-chapter-4/,https://obr.uk/efo/economic-and-fiscal-outlook-october-2024/,2024-10-30,exact,landing page <time class=date>,,October 2024,False,
obr_03f902bfa6,OBR,efo,forecast_tables,October 2024 Economic and fiscal outlook – charts and tables: Chapter 5,https://obr.uk/download/october-2024-economic-and-fiscal-outlook-charts-and-tables-chapter-5/,https://obr.uk/efo/economic-and-fiscal-outlook-october-2024/,2024-10-30,exact,landing page <time class=date>,,October 2024,False,
obr_b671cb9643,OBR,efo,forecast_tables,October 2024 Economic and fiscal outlook – charts and tables: Chapter 6,https://obr.uk/download/october-2024-economic-and-fiscal-outlook-charts-and-tables-chapter-6/,https://obr.uk/efo/economic-and-fiscal-outlook-october-2024/,2024-10-30,exact,landing page <time class=date>,,October 2024,False,
obr_0959064e6c,OBR,efo,forecast_tables,October 2024 Economic and fiscal outlook – charts and tables: Chapter 7,https://obr.uk/download/october-2024-economic-and-fiscal-outlook-charts-and-tables-chapter-7/,https://obr.uk/efo/economic-and-fiscal-outlook-october-2024/,2024-10-30,exact,landing page <time class=date>,,October 2024,False,
obr_f8ea5d4bdf,OBR,efo,forecast_tables,October 2024 Economic and fiscal outlook – charts and tables: Annex A,https://obr.uk/download/october-2024-economic-and-fiscal-outlook-charts-and-tables-annex-a/,https://obr.uk/efo/economic-and-fiscal-outlook-october-2024/,2024-10-30,exact,landing page <time class=date>,,October 2024,False,
obr_f711356200,OBR,efo,forecast_tables,October 2024 Economic and fiscal outlook – charts and tables: Annex B,https://obr.uk/download/october-2024-economic-and-fiscal-outlook-charts-and-tables-annex-b/,https://obr.uk/efo/economic-and-fiscal-outlook-october-2024/,2024-10-30,exact,landing page <time class=date>,,October 2024,False,
obr_8831ba246a,OBR,efo,forecast_tables,October 2024 Economic and fiscal outlook – detailed forecast tables: policy,https://obr.uk/download/october-2024-economic-and-fiscal-outlook-detailed-forecast-tables-policy/,https://obr.uk/efo/economic-and-fiscal-outlook-october-2024/,2024-10-30,exact,landing page <time class=date>,,October 2024,False,
obr_f8bf493161,OBR,efo,forecast_tables,October 2024 Economic and fiscal outlook – detailed forecast tables: receipts,https://obr.uk/download/october-2024-economic-and-fiscal-outlook-detailed-forecast-tables-receipts/,https://obr.uk/efo/economic-and-fiscal-outlook-october-2024/,2024-10-30,exact,landing page <time class=date>,,October 2024,False,
obr_0351aae220,OBR,efo,forecast_tables,October 2024 Economic and fiscal outlook – detailed forecast tables: expenditure,https://obr.uk/download/october-2024-economic-and-fiscal-outlook-detailed-forecast-tables-expenditure/,https://obr.uk/efo/economic-and-fiscal-outlook-october-2024/,2024-10-30,exact,landing page <time class=date>,,October 2024,False,
obr_760a0edd03,OBR,efo,forecast_tables,October 2024 Economic and fiscal outlook – detailed forecast tables: debt interest ready reckoner,https://obr.uk/download/october-2024-economic-and-fiscal-outlook-detailed-forecast-tables-debt-interest-ready-reckoner/,https://obr.uk/efo/economic-and-fiscal-outlook-october-2024/,2024-10-30,exact,landing page <time class=date>,,October 2024,False,
obr_75fae93665,OBR,efo,forecast_tables,October 2024 Economic and fiscal outlook – detailed forecast tables: aggregates,https://obr.uk/download/october-2024-economic-and-fiscal-outlook-detailed-forecast-tables-aggregates/,https://obr.uk/efo/economic-and-fiscal-outlook-october-2024/,2024-10-30,exact,landing page <time class=date>,,October 2024,False,
obr_4ea3dffe10,OBR,efo,forecast_tables,October 2024 Economic and fiscal outlook – detailed forecast tables: economy,https://obr.uk/download/october-2024-economic-and-fiscal-outlook-detailed-forecast-tables-economy/,https://obr.uk/efo/economic-and-fiscal-outlook-october-2024/,2024-10-30,exact,landing page <time class=date>,,October 2024,False,
obr_ba3550039c,OBR,efo,other,October 2024 Devolved tax and spending forecasts,https://obr.uk/download/october-2024-devolved-tax-and-spending-forecasts/,https://obr.uk/efo/economic-and-fiscal-outlook-october-2024/,2024-10-30,exact,landing page <time class=date>,,October 2024,False,
obr_07009db421,OBR,efo,forecast_tables,October 2024 Devolved tax and spending forecasts – charts and tables,https://obr.uk/download/october-2024-devolved-tax-and-spending-forecasts-charts-and-tables/,https://obr.uk/efo/economic-and-fiscal-outlook-october-2024/,2024-10-30,exact,landing page <time class=date>,,October 2024,False,
obr_2888b64391,OBR,efo,other,Review of the March 2024 forecast for departmental expenditure limits,https://obr.uk/download/review-of-the-march-2024-forecast-for-departmental-expenditure-limits/,https://obr.uk/efo/economic-and-fiscal-outlook-october-2024/,2024-10-30,exact,landing page <time class=date>,,October 2024,False,
obr_4fd7ea9b03,OBR,efo,other,"Log of substantive contact between the Office for Budget Responsibility and Treasury Ministers and their Special Advisers and private office staff, between 12 September and 29 October 2024",https://obr.uk/download/log-of-substantive-contact-between-the-office-for-budget-responsibility-and-treasury-ministers-and-their-special-advisers-and-private-office-staff-between-12-september-and-29-october-2024/,https://obr.uk/efo/economic-and-fiscal-outlook-october-2024/,2024-10-30,exact,landing page <time class=date>,,October 2024,False,
obr_9006e813d3,OBR,efo,other,Letter from Richard Hughes to Dame Meg Hillier MP on the OBR review of the March 2024 forecast for departmental expenditure limits,https://obr.uk/download/letter-from-richard-hughes-to-dame-meg-hillier-mp-on-the-obr-review-of-the-march-2024-forecast-for-departmental-expenditure-limits/,https://obr.uk/efo/economic-and-fiscal-outlook-october-2024/,2024-10-30,exact,landing page <time class=date>,,October 2024,False,
obr_0b9a2080bf,OBR,efo,other,"Letters from DfE, DHSC, DWP and HMRC to HMT on evaluation plans for policies",https://obr.uk/download/letters-from-dfe-dhsc-dwp-and-hmrc-to-hmt-on-evaluation-plans-for-policies/,https://obr.uk/efo/economic-and-fiscal-outlook-october-2024/,2024-10-30,exact,landing page <time class=date>,,October 2024,False,
obr_3d1f0990c4,OBR,efo,forecast_tables,October 2024 Economic and fiscal outlook – charts and tables (zip file),https://obr.uk/download/october-2024-economic-and-fiscal-outlook-charts-and-tables-zip-file/,https://obr.uk/efo/economic-and-fiscal-outlook-october-2024/,2024-10-30,exact,landing page <time class=date>,,October 2024,False,
obr_7d8d1794ad,OBR,efo,forecast_tables,October 2024 Economic and fiscal outlook – detailed forecast tables (zip file),https://obr.uk/download/october-2024-economic-and-fiscal-outlook-supplementary-tables-zip-file/,https://obr.uk/efo/economic-and-fiscal-outlook-october-2024/,2024-10-30,exact,landing page <time class=date>,,October 2024,False,
obr_5d28cf1bd3,OBR,efo,other,October 2024 Economic and fiscal outlook – correction slip,https://obr.uk/download/october-2024-economic-and-fiscal-outlook-correction-slip/,https://obr.uk/efo/economic-and-fiscal-outlook-october-2024/,2024-10-30,exact,landing page <time class=date>,,October 2024,False,
obr_8250b80174,OBR,efo,other,October 2024 Economic and fiscal outlook – Static costing of changes to Employer National Insurance Contributions,https://obr.uk/download/october-2024-economic-and-fiscal-outlook-static-costing-of-changes-to-employer-national-insurance-contributions/,https://obr.uk/efo/economic-and-fiscal-outlook-october-2024/,2024-10-30,exact,landing page <time class=date>,,October 2024,False,
obr_bf0eb5eb73,OBR,efo,other,October 2024 Economic and fiscal outlook – Costing of reforms to the non-domicile regime,https://obr.uk/download/october-2024-economic-and-fiscal-outlook-costing-of-reforms-to-the-non-domicile-regime/,https://obr.uk/efo/economic-and-fiscal-outlook-october-2024/,2024-10-30,exact,landing page <time class=date>,,October 2024,False,
obr_8b38736f0f,OBR,efo,other,October 2024 Economic and fiscal outlook – Costing of applying inheritance tax to pension wealth,https://obr.uk/download/october-2024-economic-and-fiscal-outlook-costing-of-applying-inheritance-tax-to-pension-wealth/,https://obr.uk/efo/economic-and-fiscal-outlook-october-2024/,2024-10-30,exact,landing page <time class=date>,,October 2024,False,
obr_3f1d3f6a32,OBR,efo,other,October 2024 Economic and fiscal outlook – Costing of changes to the carried interest regime,https://obr.uk/download/october-2024-economic-and-fiscal-outlook-costing-of-changes-to-the-carried-interest-regime/,https://obr.uk/efo/economic-and-fiscal-outlook-october-2024/,2024-10-30,exact,landing page <time class=date>,,October 2024,False,
obr_15e98d883f,OBR,efo,other,October 2024 Economic and fiscal outlook – Costing of changes to agricultural and business property relief,https://obr.uk/download/october-2024-economic-and-fiscal-outlook-costing-of-changes-to-agricultural-and-business-property-relief/,https://obr.uk/efo/economic-and-fiscal-outlook-october-2024/,2024-10-30,exact,landing page <time class=date>,,October 2024,False,
obr_0e3bdba329,OBR,efo,other,October 2024 Economic and fiscal outlook – Costing of changes to capital gains tax,https://obr.uk/download/october-2024-economic-and-fiscal-outlook-costing-of-changes-to-capital-gains-tax/,https://obr.uk/efo/economic-and-fiscal-outlook-october-2024/,2024-10-30,exact,landing page <time class=date>,,October 2024,False,
obr_7af03d1007,OBR,efo,forecast_tables,October 2024 Economic and fiscal outlook monthly profiles,https://obr.uk/download/october-2024-economic-and-fiscal-outlook-monthly-profiles/,https://obr.uk/efo/economic-and-fiscal-outlook-october-2024/,2024-10-30,exact,landing page <time class=date>,,October 2024,False,
obr_aa5704a353,OBR,efo,other,October 2024 Economic and fiscal outlook – Emissions trading scheme carbon price forecast,https://obr.uk/download/october-2024-economic-and-fiscal-outlook-emissions-trading-scheme-carbon-price-forecast/,https://obr.uk/efo/economic-and-fiscal-outlook-october-2024/,2024-10-30,exact,landing page <time class=date>,,October 2024,False,
obr_928ea3e41b,OBR,efo,other,October 2024 Economic and fiscal outlook – Contracts for Difference scheme forecast drivers,https://obr.uk/download/october-2024-economic-and-fiscal-outlook-contracts-for-difference-scheme-forecast-drivers/,https://obr.uk/efo/economic-and-fiscal-outlook-october-2024/,2024-10-30,exact,landing page <time class=date>,,October 2024,False,
obr_3bef1c53b0,OBR,efo,other,October 2024 Economic and fiscal outlook – 5 things video transcription,https://obr.uk/download/october-2024-economic-and-fiscal-outlook-5-things-video-transcription/,https://obr.uk/efo/economic-and-fiscal-outlook-october-2024/,2024-10-30,exact,landing page <time class=date>,,October 2024,False,
obr_7d9049ddc3,OBR,efo,other,October 2024 Economic and fiscal outlook – speaking notes,https://obr.uk/download/economic-and-fiscal-outlook-speaking-notes-october-2024/,https://obr.uk/efo/economic-and-fiscal-outlook-october-2024/,2024-10-30,exact,landing page <time class=date>,,October 2024,False,
obr_67b4edbb54,OBR,efo,other,October 2024 Economic and fiscal outlook - presentation slides,https://obr.uk/download/economic-and-fiscal-outlook-presentation-slides-october-2024/,https://obr.uk/efo/economic-and-fiscal-outlook-october-2024/,2024-10-30,exact,landing page <time class=date>,,October 2024,False,
obr_a44fe668ad,OBR,efo,forecast_narrative,Economic and fiscal outlook – March 2024,https://obr.uk/download/economic-and-fiscal-outlook-march-2024/,https://obr.uk/efo/economic-and-fiscal-outlook-march-2024/,2024-03-06,exact,landing page <time class=date>,,March 2024,True,report capture available
obr_5f97ce4478,OBR,efo,forecast_tables,March 2024 Economic and fiscal outlook – charts and tables: Executive summary,https://obr.uk/download/march-2024-economic-and-fiscal-outlook-charts-and-tables-executive-summary/,https://obr.uk/efo/economic-and-fiscal-outlook-march-2024/,2024-03-06,exact,landing page <time class=date>,,March 2024,False,
obr_323abcb123,OBR,efo,forecast_tables,March 2024 Economic and fiscal outlook – charts and tables: Chapter 2,https://obr.uk/download/march-2024-economic-and-fiscal-outlook-charts-and-tables-chapter-2/,https://obr.uk/efo/economic-and-fiscal-outlook-march-2024/,2024-03-06,exact,landing page <time class=date>,,March 2024,False,
obr_6042a8ddc0,OBR,efo,forecast_tables,March 2024 Economic and fiscal outlook – charts and tables: Chapter 3,https://obr.uk/download/march-2024-economic-and-fiscal-outlook-charts-and-tables-chapter-3/,https://obr.uk/efo/economic-and-fiscal-outlook-march-2024/,2024-03-06,exact,landing page <time class=date>,,March 2024,False,
obr_6f432dba29,OBR,efo,forecast_tables,March 2024 Economic and fiscal outlook – charts and tables: Chapter 4,https://obr.uk/download/march-2024-economic-and-fiscal-outlook-charts-and-tables-chapter-4/,https://obr.uk/efo/economic-and-fiscal-outlook-march-2024/,2024-03-06,exact,landing page <time class=date>,,March 2024,False,
obr_3377eee3c5,OBR,efo,forecast_tables,March 2024 Economic and fiscal outlook – charts and tables: Chapter 5,https://obr.uk/download/march-2024-economic-and-fiscal-outlook-charts-and-tables-chapter-5/,https://obr.uk/efo/economic-and-fiscal-outlook-march-2024/,2024-03-06,exact,landing page <time class=date>,,March 2024,False,
obr_882536cdfc,OBR,efo,forecast_tables,March 2024 Economic and fiscal outlook – charts and tables: Annex A,https://obr.uk/download/march-2024-economic-and-fiscal-outlook-charts-and-tables-annex-a/,https://obr.uk/efo/economic-and-fiscal-outlook-march-2024/,2024-03-06,exact,landing page <time class=date>,,March 2024,False,
obr_32c1bba1f1,OBR,efo,forecast_tables,March 2024 Economic and fiscal outlook – detailed forecast tables: policy,https://obr.uk/download/march-2024-economic-and-fiscal-outlook-detailed-forecast-tables-policy/,https://obr.uk/efo/economic-and-fiscal-outlook-march-2024/,2024-03-06,exact,landing page <time class=date>,,March 2024,False,
obr_1fea1677e7,OBR,efo,forecast_tables,March 2024 Economic and fiscal outlook – detailed forecast tables: receipts,https://obr.uk/download/march-2024-economic-and-fiscal-outlook-detailed-forecast-tables-receipts/,https://obr.uk/efo/economic-and-fiscal-outlook-march-2024/,2024-03-06,exact,landing page <time class=date>,,March 2024,False,
obr_283fbac406,OBR,efo,forecast_tables,March 2024 Economic and fiscal outlook – detailed forecast tables: expenditure,https://obr.uk/download/march-2024-economic-and-fiscal-outlook-detailed-forecast-tables-expenditure/,https://obr.uk/efo/economic-and-fiscal-outlook-march-2024/,2024-03-06,exact,landing page <time class=date>,,March 2024,False,
obr_cad57701c6,OBR,efo,forecast_tables,March 2024 Economic and fiscal outlook – detailed forecast tables: debt interest ready reckoner,https://obr.uk/download/march-2024-economic-and-fiscal-outlook-detailed-forecast-tables-debt-interest-ready-reckoner/,https://obr.uk/efo/economic-and-fiscal-outlook-march-2024/,2024-03-06,exact,landing page <time class=date>,,March 2024,False,
obr_b593b867f6,OBR,efo,forecast_tables,March 2024 Economic and fiscal outlook – detailed forecast tables: aggregates,https://obr.uk/download/march-2024-economic-and-fiscal-outlook-detailed-forecast-tables-aggregates/,https://obr.uk/efo/economic-and-fiscal-outlook-march-2024/,2024-03-06,exact,landing page <time class=date>,,March 2024,False,
obr_6b4d443a51,OBR,efo,forecast_tables,March 2024 Economic and fiscal outlook – detailed forecast tables: economy,https://obr.uk/download/march-2024-economic-and-fiscal-outlook-detailed-forecast-tables-economy/,https://obr.uk/efo/economic-and-fiscal-outlook-march-2024/,2024-03-06,exact,landing page <time class=date>,,March 2024,False,
obr_0813736794,OBR,efo,other,March 2024 Devolved tax and spending forecasts,https://obr.uk/download/march-2024-devolved-tax-and-spending-forecasts/,https://obr.uk/efo/economic-and-fiscal-outlook-march-2024/,2024-03-06,exact,landing page <time class=date>,,March 2024,False,
obr_de4a1e1df3,OBR,efo,forecast_tables,March 2024 Devolved tax and spending forecasts – charts and tables,https://obr.uk/download/march-2024-devolved-tax-and-spending-forecasts-charts-and-tables/,https://obr.uk/efo/economic-and-fiscal-outlook-march-2024/,2024-03-06,exact,landing page <time class=date>,,March 2024,False,
obr_e26c4b96bb,OBR,efo,other,"Log of substantive contact between the Office for Budget Responsibility and Treasury Ministers and their Special Advisers and private office staff, between 22 November 2023 and 5 March 2024",https://obr.uk/download/log-of-substantive-contact-between-the-office-for-budget-responsibility-and-treasury-ministers-and-their-special-advisers-and-private-office-staff-between-22-november-2023-and-5-march-2024/,https://obr.uk/efo/economic-and-fiscal-outlook-march-2024/,2024-03-06,exact,landing page <time class=date>,,March 2024,False,
obr_06ed4c6422,OBR,efo,forecast_tables,March 2024 Economic and fiscal outlook – charts and tables (zip file),https://obr.uk/download/march-2024-economic-and-fiscal-outlook-charts-and-tables-zip-file/,https://obr.uk/efo/economic-and-fiscal-outlook-march-2024/,2024-03-06,exact,landing page <time class=date>,,March 2024,False,
obr_7bf717ef0a,OBR,efo,forecast_tables,March 2024 Economic and fiscal outlook – detailed forecast tables (zip file),https://obr.uk/download/march-2024-economic-and-fiscal-outlook-detailed-forecast-tables-zip-file/,https://obr.uk/efo/economic-and-fiscal-outlook-march-2024/,2024-03-06,exact,landing page <time class=date>,,March 2024,False,
obr_7bb79c87d1,OBR,efo,other,March 2024 Economic and fiscal outlook – Contracts for Difference scheme forecast drivers,https://obr.uk/download/march-2024-economic-and-fiscal-outlook-contracts-for-difference-scheme-forecast-drivers/,https://obr.uk/efo/economic-and-fiscal-outlook-march-2024/,2024-03-06,exact,landing page <time class=date>,,March 2024,False,
obr_57adf4f588,OBR,efo,other,March 2024 Economic and fiscal outlook – alcohol elasticities,https://obr.uk/download/march-2024-economic-and-fiscal-outlook-alcohol-elasticities/,https://obr.uk/efo/economic-and-fiscal-outlook-march-2024/,2024-03-06,exact,landing page <time class=date>,,March 2024,False,
obr_273fda65f5,OBR,efo,forecast_tables,March 2024 Economic and fiscal outlook – ready reckoner,https://obr.uk/download/march-2024-economic-and-fiscal-outlook-ready-reckoner/,https://obr.uk/efo/economic-and-fiscal-outlook-march-2024/,2024-03-06,exact,landing page <time class=date>,,March 2024,False,
obr_1d6c5e58e8,OBR,efo,forecast_tables,Long-term economic determinants – March 2024 Economic and fiscal outlook,https://obr.uk/download/long-term-economic-determinants-march-2024-economic-and-fiscal-outlook/,https://obr.uk/efo/economic-and-fiscal-outlook-march-2024/,2024-03-06,exact,landing page <time class=date>,,March 2024,False,
obr_2876da7699,OBR,efo,forecast_tables,March 2024 Economic and fiscal outlook monthly profiles,https://obr.uk/download/march-2024-economic-and-fiscal-outlook-monthly-profiles/,https://obr.uk/efo/economic-and-fiscal-outlook-march-2024/,2024-03-06,exact,landing page <time class=date>,,March 2024,False,
obr_ffb6ce07d2,OBR,efo,other,March 2024 Economic and fiscal outlook – fuel duty receipts by vehicle type,https://obr.uk/download/march-2024-economic-and-fiscal-outlook-fuel-duty-receipts-by-vehicle-type/,https://obr.uk/efo/economic-and-fiscal-outlook-march-2024/,2024-03-06,exact,landing page <time class=date>,,March 2024,False,
obr_ddccf6c63b,OBR,efo,other,March 2024 Economic and fiscal outlook - Work capability assessment reform,https://obr.uk/download/march-2024-economic-and-fiscal-outlook-work-capability-assessment-reform/,https://obr.uk/efo/economic-and-fiscal-outlook-march-2024/,2024-03-06,exact,landing page <time class=date>,,March 2024,False,
obr_5abe8cbd7f,OBR,efo,other,March 2024 Economic and fiscal outlook - Universal credit budgeting advances,https://obr.uk/download/march-2024-economic-and-fiscal-outlook-universal-credit-budgeting-advances/,https://obr.uk/efo/economic-and-fiscal-outlook-march-2024/,2024-03-06,exact,landing page <time class=date>,,March 2024,False,
obr_e8aed29649,OBR,efo,other,March 2024 Economic and fiscal outlook – Changes to in-work spending on universal credit spending,https://obr.uk/download/march-2024-economic-and-fiscal-outlook-changes-to-in-work-spending-on-universal-credit-spending/,https://obr.uk/efo/economic-and-fiscal-outlook-march-2024/,2024-03-06,exact,landing page <time class=date>,,March 2024,False,
obr_98f0bd9e2c,OBR,efo,other,March 2024 Economic and fiscal outlook – Fuel duty,https://obr.uk/download/march-2024-economic-and-fiscal-outlook-fuel-duty/,https://obr.uk/efo/economic-and-fiscal-outlook-march-2024/,2024-03-06,exact,landing page <time class=date>,,March 2024,False,
obr_019138a995,OBR,efo,other,March 2024 Economic and fiscal outlook – Health and disability spending,https://obr.uk/download/march-2024-economic-and-fiscal-outlook-health-and-disability-spending/,https://obr.uk/efo/economic-and-fiscal-outlook-march-2024/,2024-03-06,exact,landing page <time class=date>,,March 2024,False,
obr_d7d394c11c,OBR,efo,other,VAT Retail Export Scheme (VAT RES) abolition: updated estimate,https://obr.uk/download/vat-retail-export-scheme-vat-res-abolition-updated-estimate/,https://obr.uk/efo/economic-and-fiscal-outlook-march-2024/,2024-03-06,exact,landing page <time class=date>,,March 2024,False,
obr_8fab32b7d2,OBR,efo,other,March 2024 Economic and fiscal outlook – presentation slides,https://obr.uk/download/march-2024-economic-and-fiscal-outlook-presentation-slides/,https://obr.uk/efo/economic-and-fiscal-outlook-march-2024/,2024-03-06,exact,landing page <time class=date>,,March 2024,False,
obr_a7a4b6e30c,OBR,efo,other,March 2024  Economic and fiscal outlook – speaking notes,https://obr.uk/download/march-2024-economic-and-fiscal-outlook-speaking-notes/,https://obr.uk/efo/economic-and-fiscal-outlook-march-2024/,2024-03-06,exact,landing page <time class=date>,,March 2024,False,
obr_13853db4f7,OBR,efo,other,"Working Paper No. 19: The OBR’s forecast performance , 2023.",https://obr.uk/docs/dlm_uploads/WP19_The_OBRs_forecast_performance_Aug23.pdf,https://obr.uk/efo/economic-and-fiscal-outlook-march-2024/,2024-03-06,exact,landing page <time class=date>,,March 2024,False,
obr_ea891ae18b,OBR,efo,forecast_narrative,Economic and fiscal outlook – November 2023,https://obr.uk/download/economic-and-fiscal-outlook-november-2023/,https://obr.uk/efo/economic-and-fiscal-outlook-november-2023/,2023-11-22,exact,landing page <time class=date>,,November 2023,True,report capture available
obr_bcdd8e4412,OBR,efo,forecast_tables,November 2023 Economic and fiscal outlook – charts and tables: Executive summary,https://obr.uk/download/november-2023-economic-and-fiscal-outlook-charts-and-tables-executive-summary/,https://obr.uk/efo/economic-and-fiscal-outlook-november-2023/,2023-11-22,exact,landing page <time class=date>,,November 2023,False,
obr_2a165ceb85,OBR,efo,forecast_tables,November 2023 Economic and fiscal outlook – charts and tables: Chapter 2,https://obr.uk/download/november-2023-economic-and-fiscal-outlook-charts-and-tables-chapter-2/,https://obr.uk/efo/economic-and-fiscal-outlook-november-2023/,2023-11-22,exact,landing page <time class=date>,,November 2023,False,
obr_8f9a7fd6a1,OBR,efo,forecast_tables,November 2023 Economic and fiscal outlook – charts and tables: Chapter 3,https://obr.uk/download/november-2023-economic-and-fiscal-outlook-charts-and-tables-chapter-3/,https://obr.uk/efo/economic-and-fiscal-outlook-november-2023/,2023-11-22,exact,landing page <time class=date>,,November 2023,False,
obr_1bf92ae5bd,OBR,efo,forecast_tables,November 2023 Economic and fiscal outlook – charts and tables: Chapter 4,https://obr.uk/download/november-2023-economic-and-fiscal-outlook-charts-and-tables-chapter-4/,https://obr.uk/efo/economic-and-fiscal-outlook-november-2023/,2023-11-22,exact,landing page <time class=date>,,November 2023,False,
obr_59bef6a7c0,OBR,efo,forecast_tables,November 2023 Economic and fiscal outlook – charts and tables: Chapter 5,https://obr.uk/download/november-2023-economic-and-fiscal-outlook-charts-and-tables-chapter-5/,https://obr.uk/efo/economic-and-fiscal-outlook-november-2023/,2023-11-22,exact,landing page <time class=date>,,November 2023,False,
obr_66b80e42c5,OBR,efo,forecast_tables,November 2023 Economic and fiscal outlook – charts and tables: Annex A,https://obr.uk/download/november-2023-economic-and-fiscal-outlook-charts-and-tables-annex-a/,https://obr.uk/efo/economic-and-fiscal-outlook-november-2023/,2023-11-22,exact,landing page <time class=date>,,November 2023,False,
obr_7a89d6eb5a,OBR,efo,forecast_tables,November 2023 Economic and fiscal outlook – supplementary fiscal tables: receipts and other,https://obr.uk/download/november-2023-economic-and-fiscal-outlook-supplementary-fiscal-tables-receipts-and-other/,https://obr.uk/efo/economic-and-fiscal-outlook-november-2023/,2023-11-22,exact,landing page <time class=date>,,November 2023,False,
obr_2c0e15c1e5,OBR,efo,forecast_tables,November 2023 Economic and fiscal outlook – supplementary economy tables,https://obr.uk/download/november-2023-economic-and-fiscal-outlook-supplementary-economy-tables/,https://obr.uk/efo/economic-and-fiscal-outlook-november-2023/,2023-11-22,exact,landing page <time class=date>,,November 2023,False,
obr_7f71f0242d,OBR,efo,forecast_tables,November 2023 Economic and fiscal outlook – supplementary fiscal tables: expenditure,https://obr.uk/download/november-2023-economic-and-fiscal-outlook-supplementary-fiscal-tables-expenditure/,https://obr.uk/efo/economic-and-fiscal-outlook-november-2023/,2023-11-22,exact,landing page <time class=date>,,November 2023,False,
obr_30b248eea2,OBR,efo,other,November 2023 Devolved tax and spending forecasts,https://obr.uk/download/november-2023-devolved-tax-and-spending-forecasts/,https://obr.uk/efo/economic-and-fiscal-outlook-november-2023/,2023-11-22,exact,landing page <time class=date>,,November 2023,False,
obr_ca88bd5a2b,OBR,efo,forecast_tables,November 2023 Devolved tax and spending forecasts – charts and tables,https://obr.uk/download/november-2023-devolved-tax-and-spending-forecasts-charts-and-tables/,https://obr.uk/efo/economic-and-fiscal-outlook-november-2023/,2023-11-22,exact,landing page <time class=date>,,November 2023,False,
obr_b2d8a37f0c,OBR,efo,other,"Log of substantive contact between the Office for Budget Responsibility and Treasury Ministers and their Special Advisers and private office staff, between 13 July 2023 and 21 November 2023",https://obr.uk/download/log-of-substantive-contact-between-the-office-for-budget-responsibility-and-treasury-ministers-and-their-special-advisers-and-private-office-staff-between-13-july-2023-and-21-november-2023/,https://obr.uk/efo/economic-and-fiscal-outlook-november-2023/,2023-11-22,exact,landing page <time class=date>,,November 2023,False,
obr_af281b4b8b,OBR,efo,other,The economic effects of full expensing,https://obr.uk/download/the-economic-effects-of-full-expensing/,https://obr.uk/efo/economic-and-fiscal-outlook-november-2023/,2023-11-22,exact,landing page <time class=date>,,November 2023,False,
obr_db94902c39,OBR,efo,other,The labour supply effects of the Autumn 2023 National Insurance Contributions cut,https://obr.uk/download/the-labour-supply-effects-of-the-autumn-2023-national-insurance-contributions-cut/,https://obr.uk/efo/economic-and-fiscal-outlook-november-2023/,2023-11-22,exact,landing page <time class=date>,,November 2023,False,
obr_247f126141,OBR,efo,forecast_tables,November 2023 Economic and fiscal outlook – ready reckoner,https://obr.uk/download/november-2023-economic-and-fiscal-outlook-ready-reckoner/,https://obr.uk/efo/economic-and-fiscal-outlook-november-2023/,2023-11-22,exact,landing page <time class=date>,,November 2023,False,
obr_8b251f7da1,OBR,efo,forecast_tables,November 2023 Economic and fiscal outlook - WCA reform supplementary table,https://obr.uk/download/november-2023-economic-and-fiscal-outlook-wca-reform-supplementary-table/,https://obr.uk/efo/economic-and-fiscal-outlook-november-2023/,2023-11-22,exact,landing page <time class=date>,,November 2023,False,
obr_26e91917c6,OBR,efo,other,November 2023 Economic and fiscal outlook - WCA reform,https://obr.uk/download/november-2023-economic-and-fiscal-outlook-wca-reform/,https://obr.uk/efo/economic-and-fiscal-outlook-november-2023/,2023-11-22,exact,landing page <time class=date>,,November 2023,False,
obr_e5a36b985f,OBR,efo,other,November 2023 Economic and fiscal outlook - Deposit rate forecast,https://obr.uk/download/november-2023-economic-and-fiscal-outlook-deposit-rate-forecast/,https://obr.uk/efo/economic-and-fiscal-outlook-november-2023/,2023-11-22,exact,landing page <time class=date>,,November 2023,False,
obr_f48bc0e587,OBR,efo,forecast_tables,November 2023 Economic and fiscal outlook monthly profiles,https://obr.uk/download/november-2023-economic-and-fiscal-outlook-monthly-profiles/,https://obr.uk/efo/economic-and-fiscal-outlook-november-2023/,2023-11-22,exact,landing page <time class=date>,,November 2023,False,
obr_32758c643a,OBR,efo,other,November 2023 Economic and fiscal outlook – electricity price forecast,https://obr.uk/download/november-2023-economic-and-fiscal-outlook-electricity-price-forecast/,https://obr.uk/efo/economic-and-fiscal-outlook-november-2023/,2023-11-22,exact,landing page <time class=date>,,November 2023,False,
obr_2988041ea9,OBR,efo,forecast_tables,November 2023 Economic and fiscal outlook – additional taxpayers by tax rate band supplementary tables,https://obr.uk/download/november-2023-economic-and-fiscal-outlook-additional-taxpayers-by-tax-rate-band-supplementary-tables/,https://obr.uk/efo/economic-and-fiscal-outlook-november-2023/,2023-11-22,exact,landing page <time class=date>,,November 2023,False,
obr_17e8f6aa2a,OBR,efo,other,November 2023 Economic and fiscal outlook – additional taxpayers by tax rate band,https://obr.uk/download/november-2023-economic-and-fiscal-outlook-additional-taxpayers-by-tax-rate-band/,https://obr.uk/efo/economic-and-fiscal-outlook-november-2023/,2023-11-22,exact,landing page <time class=date>,,November 2023,False,
obr_0daf80287c,OBR,efo,other,November 2023 Economic and fiscal outlook – National Living Wage,https://obr.uk/download/november-2023-economic-and-fiscal-outlook-national-living-wage/,https://obr.uk/efo/economic-and-fiscal-outlook-november-2023/,2023-11-22,exact,landing page <time class=date>,,November 2023,False,
obr_2e053811a6,OBR,efo,other,November 2023  Economic and fiscal outlook – speaking notes,https://obr.uk/download/march-2023-economic-and-fiscal-outlook-speaking-notes-2/,https://obr.uk/efo/economic-and-fiscal-outlook-november-2023/,2023-11-22,exact,landing page <time class=date>,,November 2023,False,
obr_23f1c5fbf1,OBR,efo,other,November 2023  Economic and fiscal outlook – presentation slides,https://obr.uk/download/november-2023-economic-and-fiscal-outlook-presentation-slides/,https://obr.uk/efo/economic-and-fiscal-outlook-november-2023/,2023-11-22,exact,landing page <time class=date>,,November 2023,False,
obr_c4fcf6014a,OBR,efo,other,November 2023  Economic and fiscal outlook – 5 things video transcription,https://obr.uk/download/november-2023-economic-and-fiscal-outlook-5-things-video-transcription/,https://obr.uk/efo/economic-and-fiscal-outlook-november-2023/,2023-11-22,exact,landing page <time class=date>,,November 2023,False,
obr_5e9980b881,OBR,efo,forecast_narrative,Economic and fiscal outlook – March 2023,https://obr.uk/download/economic-and-fiscal-outlook-march-2023/,https://obr.uk/efo/economic-and-fiscal-outlook-march-2023/,2023-03-15,exact,landing page <time class=date>,,March 2023,True,report capture available
obr_bb6c82107f,OBR,efo,forecast_tables,March 2023 Economic and fiscal outlook – charts and tables: Executive summary,https://obr.uk/download/march-2023-economic-and-fiscal-outlook-charts-and-tables-executive-summary/,https://obr.uk/efo/economic-and-fiscal-outlook-march-2023/,2023-03-15,exact,landing page <time class=date>,,March 2023,False,
obr_f07628b2ad,OBR,efo,forecast_tables,March 2023 Economic and fiscal outlook – charts and tables: Chapter 2,https://obr.uk/download/march-2023-economic-and-fiscal-outlook-charts-and-tables-chapter-2/,https://obr.uk/efo/economic-and-fiscal-outlook-march-2023/,2023-03-15,exact,landing page <time class=date>,,March 2023,False,
obr_d278ef4f95,OBR,efo,forecast_tables,March 2023 Economic and fiscal outlook – charts and tables: Chapter 3,https://obr.uk/download/march-2023-economic-and-fiscal-outlook-charts-and-tables-chapter-3/,https://obr.uk/efo/economic-and-fiscal-outlook-march-2023/,2023-03-15,exact,landing page <time class=date>,,March 2023,False,
obr_839b99c7c2,OBR,efo,forecast_tables,March 2023 Economic and fiscal outlook – charts and tables: Chapter 4,https://obr.uk/download/march-2023-economic-and-fiscal-outlook-charts-and-tables-chapter-4/,https://obr.uk/efo/economic-and-fiscal-outlook-march-2023/,2023-03-15,exact,landing page <time class=date>,,March 2023,False,
obr_11b61c0640,OBR,efo,forecast_tables,March 2023 Economic and fiscal outlook – charts and tables: Chapter 5,https://obr.uk/download/march-2023-economic-and-fiscal-outlook-charts-and-tables-chapter-5/,https://obr.uk/efo/economic-and-fiscal-outlook-march-2023/,2023-03-15,exact,landing page <time class=date>,,March 2023,False,
obr_1f821b7ac6,OBR,efo,forecast_tables,March 2023 Economic and fiscal outlook – charts and tables: Annex A,https://obr.uk/download/march-2023-economic-and-fiscal-outlook-charts-and-tables-annex-a/,https://obr.uk/efo/economic-and-fiscal-outlook-march-2023/,2023-03-15,exact,landing page <time class=date>,,March 2023,False,
obr_9f3b99bf11,OBR,efo,forecast_tables,March 2023 Economic and fiscal outlook – charts and tables: Annex B,https://obr.uk/download/march-2023-economic-and-fiscal-outlook-charts-and-tables-annex-b/,https://obr.uk/efo/economic-and-fiscal-outlook-march-2023/,2023-03-15,exact,landing page <time class=date>,,March 2023,False,
obr_944f1ef0f5,OBR,efo,forecast_tables,March 2023 Economic and fiscal outlook – supplementary fiscal tables: expenditure,https://obr.uk/download/march-2023-economic-and-fiscal-outlook-supplementary-fiscal-tables-expenditure/,https://obr.uk/efo/economic-and-fiscal-outlook-march-2023/,2023-03-15,exact,landing page <time class=date>,,March 2023,False,
obr_88cd6bf942,OBR,efo,forecast_tables,March 2023 Economic and fiscal outlook – supplementary fiscal tables: receipts and other,https://obr.uk/download/march-2023-economic-and-fiscal-outlook-supplementary-fiscal-tables-receipts-and-other/,https://obr.uk/efo/economic-and-fiscal-outlook-march-2023/,2023-03-15,exact,landing page <time class=date>,,March 2023,False,
obr_a22877a8ee,OBR,efo,forecast_tables,March 2023 Economic and fiscal outlook – supplementary economy tables,https://obr.uk/download/march-2023-economic-and-fiscal-outlook-supplementary-economy-tables/,https://obr.uk/efo/economic-and-fiscal-outlook-march-2023/,2023-03-15,exact,landing page <time class=date>,,March 2023,False,
obr_0e60f97e11,OBR,efo,other,March 2023 Devolved tax and spending forecasts,https://obr.uk/download/march-2023-devolved-tax-and-spending-forecasts/,https://obr.uk/efo/economic-and-fiscal-outlook-march-2023/,2023-03-15,exact,landing page <time class=date>,,March 2023,False,
obr_7da6d8448e,OBR,efo,forecast_tables,March 2023 Devolved tax and spending forecasts – charts and tables,https://obr.uk/download/march-2023-devolved-tax-and-spending-forecasts-charts-and-tables/,https://obr.uk/efo/economic-and-fiscal-outlook-march-2023/,2023-03-15,exact,landing page <time class=date>,,March 2023,False,
obr_81d779a514,OBR,efo,other,"Log of substantive contact between the OBR and Treasury Ministers, Special Advisers and their private office staff between 17 November 2022 and 14 March 2023.",https://obr.uk/download/log-of-substantive-contact-between-the-obr-and-treasury-ministers-special-advisers-and-their-private-office-staff-between-17-november-2022-and-14-march-2023/,https://obr.uk/efo/economic-and-fiscal-outlook-march-2023/,2023-03-15,exact,landing page <time class=date>,,March 2023,False,
obr_6fb3fae558,OBR,efo,other,Major balance sheet interventions,https://obr.uk/download/annex-c-major-balance-sheet-interventions/,https://obr.uk/efo/economic-and-fiscal-outlook-march-2023/,2023-03-15,exact,landing page <time class=date>,,March 2023,False,
obr_7d2fd1079a,OBR,efo,forecast_tables,March 2023 Economic and fiscal outlook – ready reckoner,https://obr.uk/download/march-2023-economic-and-fiscal-outlook-ready-reckoner/,https://obr.uk/efo/economic-and-fiscal-outlook-march-2023/,2023-03-15,exact,landing page <time class=date>,,March 2023,False,
obr_9795989072,OBR,efo,forecast_tables,Long-term economic determinants – March 2023 Economic and fiscal outlook,https://obr.uk/download/long-term-economic-determinants-march-2023-economic-and-fiscal-outlook/,https://obr.uk/efo/economic-and-fiscal-outlook-march-2023/,2023-03-15,exact,landing page <time class=date>,,March 2023,False,
obr_dd20c17ea7,OBR,efo,forecast_tables,March 2023 Economic and fiscal outlook monthly profiles,https://obr.uk/download/march-2023-economic-and-fiscal-outlook-monthly-profiles/,https://obr.uk/efo/economic-and-fiscal-outlook-march-2023/,2023-03-15,exact,landing page <time class=date>,,March 2023,False,
obr_7ce1f6bcc2,OBR,efo,other,March 2023 Economic and fiscal outlook – wholesale electricity prices,https://obr.uk/download/march-2023-economic-and-fiscal-outlook-wholesale-electricity-prices/,https://obr.uk/efo/economic-and-fiscal-outlook-march-2023/,2023-03-15,exact,landing page <time class=date>,,March 2023,False,
obr_9d79fd5288,OBR,efo,other,March 2023 Economic and fiscal outlook – CPI inflation categories,https://obr.uk/download/march-2023-economic-and-fiscal-outlook-cpi-inflation-categories/,https://obr.uk/efo/economic-and-fiscal-outlook-march-2023/,2023-03-15,exact,landing page <time class=date>,,March 2023,False,
obr_4b26d8e5f7,OBR,efo,forecast_tables,March 2023 Economic and fiscal outlook – unsecured debt,https://obr.uk/download/march-2023-unsecured-debt-supplementary-release/,https://obr.uk/efo/economic-and-fiscal-outlook-march-2023/,2023-03-15,exact,landing page <time class=date>,,March 2023,False,
obr_213c70cc78,OBR,efo,other,March 2023  Economic and fiscal outlook – speaking notes,https://obr.uk/download/march-2023-economic-and-fiscal-outlook-speaking-notes/,https://obr.uk/efo/economic-and-fiscal-outlook-march-2023/,2023-03-15,exact,landing page <time class=date>,,March 2023,False,
obr_7fc02655c7,OBR,efo,other,March 2023 Economic and fiscal outlook – presentation slides,https://obr.uk/download/march-2023-economic-and-fiscal-outlook-presentation-slides/,https://obr.uk/efo/economic-and-fiscal-outlook-march-2023/,2023-03-15,exact,landing page <time class=date>,,March 2023,False,
obr_415b46c022,OBR,efo,forecast_narrative,Economic and fiscal outlook - November 2022,https://obr.uk/download/economic-and-fiscal-outlook-november-2022/,https://obr.uk/efo/economic-and-fiscal-outlook-november-2022/,2022-11-16,exact,landing page <time class=date>,,November 2022,True,report capture available
obr_4cdebcc383,OBR,efo,forecast_tables,November 2022 Economic and fiscal outlook – charts and tables,https://obr.uk/download/november-2022-economic-and-fiscal-outlook-charts-and-tables/,https://obr.uk/efo/economic-and-fiscal-outlook-november-2022/,2022-11-16,exact,landing page <time class=date>,,November 2022,False,
obr_b4136e6b31,OBR,efo,other,November 2022 Economic and fiscal outlook – press notice,https://obr.uk/download/november-2022-economic-and-fiscal-outlook-press-notice/,https://obr.uk/efo/economic-and-fiscal-outlook-november-2022/,2022-11-16,exact,landing page <time class=date>,,November 2022,False,
obr_81f5fd42b6,OBR,efo,forecast_tables,November 2022 Devolved fiscal forecast charts and tables,https://obr.uk/download/november-2022-devolved-fiscal-forecast-charts-and-tables/,https://obr.uk/efo/economic-and-fiscal-outlook-november-2022/,2022-11-16,exact,landing page <time class=date>,,November 2022,False,
obr_26d5f80b1c,OBR,efo,other,"Log of substantive contact between the OBR and Treasury Ministers, Special Advisers and their private office staff between 7 July 2022 and 16 November 2022.",https://obr.uk/download/log-of-substantive-contact-between-the-obr-and-treasury-ministers-special-advisers-and-their-private-office-staff-between-7-july-2022-and-16-november-2022/,https://obr.uk/efo/economic-and-fiscal-outlook-november-2022/,2022-11-16,exact,landing page <time class=date>,,November 2022,False,
obr_32761a59d5,OBR,efo,forecast_tables,November 2022 Economic and fiscal outlook – supplementary fiscal tables: receipts and other,https://obr.uk/download/november-2022-economic-and-fiscal-outlook-supplementary-fiscal-tables-receipts-and-other/,https://obr.uk/efo/economic-and-fiscal-outlook-november-2022/,2022-11-16,exact,landing page <time class=date>,,November 2022,False,
obr_5783fb2ce4,OBR,efo,forecast_tables,November 2022 Economic and fiscal outlook – supplementary tables (zip file),https://obr.uk/download/november-2022-economic-and-fiscal-outlook-supplementary-tables-zip-file/,https://obr.uk/efo/economic-and-fiscal-outlook-november-2022/,2022-11-16,exact,landing page <time class=date>,,November 2022,False,
obr_e1ff8ed2ff,OBR,efo,forecast_tables,November 2022 Economic and fiscal outlook – supplementary fiscal tables: expenditure,https://obr.uk/download/november-2022-economic-and-fiscal-outlook-supplementary-fiscal-tables-expenditure/,https://obr.uk/efo/economic-and-fiscal-outlook-november-2022/,2022-11-16,exact,landing page <time class=date>,,November 2022,False,
obr_8178840db6,OBR,efo,forecast_tables,November 2022 Economic and fiscal outlook – supplementary economy tables,https://obr.uk/download/november-2022-economic-and-fiscal-outlook-supplementary-economy-tables/,https://obr.uk/efo/economic-and-fiscal-outlook-november-2022/,2022-11-16,exact,landing page <time class=date>,,November 2022,False,
obr_f74a4a5dd5,OBR,efo,other,November 2022 Devolved tax and spending forecasts,https://obr.uk/download/november-2022-devolved-tax-and-spending-forecasts/,https://obr.uk/efo/economic-and-fiscal-outlook-november-2022/,2022-11-16,exact,landing page <time class=date>,,November 2022,False,
obr_b095cb5f60,OBR,efo,forecast_tables,November 2022 Economic and fiscal outlook monthly profiles,https://obr.uk/download/november-2022-economic-and-fiscal-outlook-monthly-profiles/,https://obr.uk/efo/economic-and-fiscal-outlook-november-2022/,2022-11-16,exact,landing page <time class=date>,,November 2022,False,
obr_93cfbb7f01,OBR,efo,other,November 2022 Economic and fiscal outlook – Income streams subject to self-assessment income tax,https://obr.uk/download/november-2022-economic-and-fiscal-outlook-income-streams-subject-to-self-assessment-income-tax/,https://obr.uk/efo/economic-and-fiscal-outlook-november-2022/,2022-11-16,exact,landing page <time class=date>,,November 2022,False,
obr_f7b9352464,OBR,efo,other,November 2022 Economic and fiscal outlook – income tax and National Insurance contributions,https://obr.uk/download/november-2022-economic-and-fiscal-outlook-income-tax-and-national-insurance-contributions/,https://obr.uk/efo/economic-and-fiscal-outlook-november-2022/,2022-11-16,exact,landing page <time class=date>,,November 2022,False,
obr_9a550e25be,OBR,efo,other,November 2022 Economic and fiscal outlook – Ofgem price cap,https://obr.uk/download/november-2022-economic-and-fiscal-outlook-ofgem-price-cap/,https://obr.uk/efo/economic-and-fiscal-outlook-november-2022/,2022-11-16,exact,landing page <time class=date>,,November 2022,False,
obr_8dc67086a7,OBR,efo,other,November 2022 Economic and fiscal outlook – emissions trading scheme receipts,https://obr.uk/download/november-2022-economic-and-fiscal-outlook-emissions-trading-scheme-receipts/,https://obr.uk/efo/economic-and-fiscal-outlook-november-2022/,2022-11-16,exact,landing page <time class=date>,,November 2022,False,
obr_5f60eb0a1e,OBR,efo,other,November 2022 Economic and fiscal outlook – welfare spending,https://obr.uk/download/november-2022-economic-and-fiscal-outlook-welfare-spending/,https://obr.uk/efo/economic-and-fiscal-outlook-november-2022/,2022-11-16,exact,landing page <time class=date>,,November 2022,False,
obr_b1baa64137,OBR,efo,other,November 2022 Economic and fiscal outlook – speaking notes,https://obr.uk/download/november-2022-economic-and-fiscal-outlook-speaking-notes/,https://obr.uk/efo/economic-and-fiscal-outlook-november-2022/,2022-11-16,exact,landing page <time class=date>,,November 2022,False,
obr_bf8cf7ec74,OBR,efo,other,November 2022 Economic and fiscal outlook – presentation slides,https://obr.uk/download/november-2022-economic-and-fiscal-outlook-presentation-slides/,https://obr.uk/efo/economic-and-fiscal-outlook-november-2022/,2022-11-16,exact,landing page <time class=date>,,November 2022,False,
obr_cdd10fe743,OBR,efo,other,Executive summary,https://obr.uk/docs/dlm_uploads/Exec-sum.pdf,https://obr.uk/efo/economic-and-fiscal-outlook-march-2022/,2022-03-23,exact,landing page <time class=date>,,March 2022,False,
obr_d272caca2f,OBR,efo,forecast_narrative,Economic and fiscal outlook - March 2022,https://obr.uk/download/economic-and-fiscal-outlook-march-2022/,https://obr.uk/efo/economic-and-fiscal-outlook-march-2022/,2022-03-23,exact,landing page <time class=date>,,March 2022,True,report capture available
obr_93254a99a0,OBR,efo,other,March 2022 Economic and fiscal outlook – Executive summary,https://obr.uk/download/march-2022-economic-and-fiscal-outlook-executive-summary/,https://obr.uk/efo/economic-and-fiscal-outlook-march-2022/,2022-03-23,exact,landing page <time class=date>,,March 2022,False,
obr_4fd3224aeb,OBR,efo,forecast_tables,March 2022 Economic and fiscal outlook – charts and tables: Executive summary,https://obr.uk/download/march-2022-economic-and-fiscal-outlook-charts-and-tables-executive-summary/,https://obr.uk/efo/economic-and-fiscal-outlook-march-2022/,2022-03-23,exact,landing page <time class=date>,,March 2022,False,
obr_9922d9257d,OBR,efo,forecast_tables,March 2022 Economic and fiscal outlook – charts and tables: Chapter 2,https://obr.uk/download/march-2022-economic-and-fiscal-outlook-charts-and-tables-chapter-2/,https://obr.uk/efo/economic-and-fiscal-outlook-march-2022/,2022-03-23,exact,landing page <time class=date>,,March 2022,False,
obr_3ad1e75633,OBR,efo,forecast_tables,March 2022 Economic and fiscal outlook – charts and tables: Chapter 3,https://obr.uk/download/march-2022-economic-and-fiscal-outlook-charts-and-tables-chapter-3/,https://obr.uk/efo/economic-and-fiscal-outlook-march-2022/,2022-03-23,exact,landing page <time class=date>,,March 2022,False,
obr_502792ed34,OBR,efo,forecast_tables,March 2022 Economic and fiscal outlook – charts and tables: Chapter 4,https://obr.uk/download/march-2022-economic-and-fiscal-outlook-charts-and-tables-chapter-4/,https://obr.uk/efo/economic-and-fiscal-outlook-march-2022/,2022-03-23,exact,landing page <time class=date>,,March 2022,False,
obr_0d28295bc2,OBR,efo,forecast_tables,March 2022 Economic and fiscal outlook – charts and tables: Annex A,https://obr.uk/download/march-2022-economic-and-fiscal-outlook-charts-and-tables-annex-a/,https://obr.uk/efo/economic-and-fiscal-outlook-march-2022/,2022-03-23,exact,landing page <time class=date>,,March 2022,False,
obr_08d63d7050,OBR,efo,forecast_tables,March 2022 Economic and fiscal outlook – charts and tables: Annex B,https://obr.uk/download/march-2022-economic-and-fiscal-outlook-charts-and-tables-annex-b/,https://obr.uk/efo/economic-and-fiscal-outlook-march-2022/,2022-03-23,exact,landing page <time class=date>,,March 2022,False,
obr_1e1cc3e539,OBR,efo,forecast_tables,March 2022 Economic and fiscal outlook – charts and tables: Annex C,https://obr.uk/download/march-2022-economic-and-fiscal-outlook-charts-and-tables-annex-c/,https://obr.uk/efo/economic-and-fiscal-outlook-march-2022/,2022-03-23,exact,landing page <time class=date>,,March 2022,False,
obr_b174235bbf,OBR,efo,forecast_tables,March 2022 Economic and fiscal outlook – supplementary fiscal tables: expenditure,https://obr.uk/download/march-2022-economic-and-fiscal-outlook-supplementary-fiscal-tables-expenditure/,https://obr.uk/efo/economic-and-fiscal-outlook-march-2022/,2022-03-23,exact,landing page <time class=date>,,March 2022,False,
obr_ed7d364904,OBR,efo,forecast_tables,March 2022 Economic and fiscal outlook – supplementary fiscal tables: receipts and other,https://obr.uk/download/march-2022-economic-and-fiscal-outlook-supplementary-fiscal-tables-receipts-and-other/,https://obr.uk/efo/economic-and-fiscal-outlook-march-2022/,2022-03-23,exact,landing page <time class=date>,,March 2022,False,
obr_afd3d8a00d,OBR,efo,forecast_tables,March 2022 Economic and fiscal outlook – supplementary economy tables,https://obr.uk/download/march-2022-economic-and-fiscal-outlook-supplementary-economy-tables/,https://obr.uk/efo/economic-and-fiscal-outlook-march-2022/,2022-03-23,exact,landing page <time class=date>,,March 2022,False,
obr_b7447f4085,OBR,efo,other,March 2022 Devolved tax and spending forecasts,https://obr.uk/download/march-2022-devolved-tax-and-spending-forecasts/,https://obr.uk/efo/economic-and-fiscal-outlook-march-2022/,2022-03-23,exact,landing page <time class=date>,,March 2022,False,
obr_6c55200e0c,OBR,efo,forecast_tables,March 2022 Devolved tax and spending forecasts – charts and tables,https://obr.uk/download/march-2022-devolved-tax-and-spending-forecasts-charts-and-tables/,https://obr.uk/efo/economic-and-fiscal-outlook-march-2022/,2022-03-23,exact,landing page <time class=date>,,March 2022,False,
obr_7d41c83e8b,OBR,efo,other,"Log of substantive contact between the OBR and Treasury Ministers, Special Advisers and their private office staff between 27 October 2021 and 22 March 2022.",https://obr.uk/download/log-of-substantive-contact-between-the-obr-and-treasury-ministers-special-advisers-and-their-private-office-staff-between-27-october-2021-and-22-march-2022/,https://obr.uk/efo/economic-and-fiscal-outlook-march-2022/,2022-03-23,exact,landing page <time class=date>,,March 2022,False,
obr_f0078a6fdd,OBR,efo,other,March 2022 Economic and fiscal outlook – Income streams subject to self-assessment income tax,https://obr.uk/download/march-2022-economic-and-fiscal-outlook-income-streams-subject-to-self-assessment-income-tax/,https://obr.uk/efo/economic-and-fiscal-outlook-march-2022/,2022-03-23,exact,landing page <time class=date>,,March 2022,False,
obr_b2b9fadbfd,OBR,efo,forecast_tables,Long-term economic determinants – March 2022 Economic and fiscal outlook,https://obr.uk/download/long-term-economic-determinants-march-2022-economic-and-fiscal-outlook/,https://obr.uk/efo/economic-and-fiscal-outlook-march-2022/,2022-03-23,exact,landing page <time class=date>,,March 2022,False,
obr_bc32cdf352,OBR,efo,forecast_tables,March 2022 Economic and fiscal outlook monthly profiles,https://obr.uk/download/march-2022-economic-and-fiscal-outlook-monthly-profiles/,https://obr.uk/efo/economic-and-fiscal-outlook-march-2022/,2022-03-23,exact,landing page <time class=date>,,March 2022,False,
obr_ae3a135846,OBR,efo,other,March 2022 Economic and fiscal outlook – Non-residential SDLT elasticities,https://obr.uk/download/march-2022-economic-and-fiscal-outlook-non-residential-sdlt-elasticities/,https://obr.uk/efo/economic-and-fiscal-outlook-march-2022/,2022-03-23,exact,landing page <time class=date>,,March 2022,False,
obr_44be64271b,OBR,efo,other,Economic and fiscal outlook presentation slides - March 2022,https://obr.uk/download/economic-and-fiscal-outlook-presentation-slides-march-2022/,https://obr.uk/efo/economic-and-fiscal-outlook-march-2022/,2022-03-23,exact,landing page <time class=date>,,March 2022,False,
obr_20db15098f,OBR,efo,other,Economic and fiscal outlook speaking notes - March 2022,https://obr.uk/download/economic-and-fiscal-outlook-speaking-notes-march-2022/,https://obr.uk/efo/economic-and-fiscal-outlook-march-2022/,2022-03-23,exact,landing page <time class=date>,,March 2022,False,
obr_5147a62478,OBR,efo,other,Executive summary,https://obr.uk/docs/dlm_uploads/Executive_summary_Economic_and_fiscal_outlook_October_2021.pdf,https://obr.uk/efo/economic-and-fiscal-outlook-october-2021/,2021-10-27,exact,landing page <time class=date>,,October 2021,False,
obr_ce8e8a3bb8,OBR,efo,forecast_narrative,Economic and fiscal outlook - October 2021,https://obr.uk/download/economic-and-fiscal-outlook-october-2021/,https://obr.uk/efo/economic-and-fiscal-outlook-october-2021/,2021-10-27,exact,landing page <time class=date>,,October 2021,True,report capture available
obr_b43affc4b2,OBR,efo,other,October 2021 Economic and fiscal outlook – Executive summary,https://obr.uk/download/october-2021-economic-and-fiscal-outlook-executive-summary/,https://obr.uk/efo/economic-and-fiscal-outlook-october-2021/,2021-10-27,exact,landing page <time class=date>,,October 2021,False,
obr_af782fa8b6,OBR,efo,forecast_tables,October 2021 Economic and fiscal outlook – charts and tables: Executive summary,https://obr.uk/download/october-2021-economic-and-fiscal-outlook-charts-and-tables-executive-summary/,https://obr.uk/efo/economic-and-fiscal-outlook-october-2021/,2021-10-27,exact,landing page <time class=date>,,October 2021,False,
obr_9c76baa2e5,OBR,efo,forecast_tables,October 2021 Economic and fiscal outlook – charts and tables: Chapter 2,https://obr.uk/download/october-2021-economic-and-fiscal-outlook-charts-and-tables-chapter-2/,https://obr.uk/efo/economic-and-fiscal-outlook-october-2021/,2021-10-27,exact,landing page <time class=date>,,October 2021,False,
obr_0ce17e21d9,OBR,efo,forecast_tables,October 2021 Economic and fiscal outlook – charts and tables: Chapter 3,https://obr.uk/download/october-2021-economic-and-fiscal-outlook-charts-and-tables-chapter-3/,https://obr.uk/efo/economic-and-fiscal-outlook-october-2021/,2021-10-27,exact,landing page <time class=date>,,October 2021,False,
obr_8659d3681a,OBR,efo,forecast_tables,October 2021 Economic and fiscal outlook – charts and tables: Chapter 4,https://obr.uk/download/october-2021-economic-and-fiscal-outlook-charts-and-tables-chapter-4/,https://obr.uk/efo/economic-and-fiscal-outlook-october-2021/,2021-10-27,exact,landing page <time class=date>,,October 2021,False,
obr_9826490fc4,OBR,efo,forecast_tables,October 2021 Economic and fiscal outlook – charts and tables: Annex A,https://obr.uk/download/october-2021-economic-and-fiscal-outlook-charts-and-tables-annex-a/,https://obr.uk/efo/economic-and-fiscal-outlook-october-2021/,2021-10-27,exact,landing page <time class=date>,,October 2021,False,
obr_fb84003e5a,OBR,efo,forecast_tables,October 2021 Economic and fiscal outlook – charts and tables: Annex B,https://obr.uk/download/october-2021-economic-and-fiscal-outlook-charts-and-tables-annex-b/,https://obr.uk/efo/economic-and-fiscal-outlook-october-2021/,2021-10-27,exact,landing page <time class=date>,,October 2021,False,
obr_31fd1bfa9c,OBR,efo,forecast_tables,October 2021 Economic and fiscal outlook – supplementary fiscal tables: expenditure,https://obr.uk/download/october-2021-economic-and-fiscal-outlook-supplementary-fiscal-tables-expenditure/,https://obr.uk/efo/economic-and-fiscal-outlook-october-2021/,2021-10-27,exact,landing page <time class=date>,,October 2021,False,
obr_edb031fc42,OBR,efo,forecast_tables,October 2021 Economic and fiscal outlook – supplementary fiscal tables: receipts and other,https://obr.uk/download/october-2021-economic-and-fiscal-outlook-supplementary-fiscal-tables-receipts-and-other/,https://obr.uk/efo/economic-and-fiscal-outlook-october-2021/,2021-10-27,exact,landing page <time class=date>,,October 2021,False,
obr_88f27ab48c,OBR,efo,forecast_tables,October 2021 Economic and fiscal outlook – supplementary economy tables,https://obr.uk/download/october-2021-economic-and-fiscal-outlook-supplementary-economy-tables/,https://obr.uk/efo/economic-and-fiscal-outlook-october-2021/,2021-10-27,exact,landing page <time class=date>,,October 2021,False,
obr_d376aa647c,OBR,efo,other,October 2021 Devolved tax and spending forecasts,https://obr.uk/download/october-2021-devolved-tax-and-spending-forecasts/,https://obr.uk/efo/economic-and-fiscal-outlook-october-2021/,2021-10-27,exact,landing page <time class=date>,,October 2021,False,
obr_552ef909bc,OBR,efo,forecast_tables,October 2021 Devolved tax and spending forecasts – charts and tables,https://obr.uk/download/october-2021-devolved-tax-and-spending-forecasts-charts-and-tables/,https://obr.uk/efo/economic-and-fiscal-outlook-october-2021/,2021-10-27,exact,landing page <time class=date>,,October 2021,False,
obr_f13de2f653,OBR,efo,other,October 2021 Economic and fiscal outlook – press notice,https://obr.uk/download/october-2021-economic-and-fiscal-outlook-press-notice/,https://obr.uk/efo/economic-and-fiscal-outlook-october-2021/,2021-10-27,exact,landing page <time class=date>,,October 2021,False,
obr_60ce85329f,OBR,efo,other,Working paper No.16: Forecasting the balance sheet: Public sector net worth,https://obr.uk/download/working-paper-no-16-forecasting-the-balance-sheet-public-sector-net-worth/,https://obr.uk/efo/economic-and-fiscal-outlook-october-2021/,2021-10-27,exact,landing page <time class=date>,,October 2021,False,
obr_afaa215f19,OBR,efo,other,Annex A – Policy measures announced since March 2021,https://obr.uk/download/annex-a-policy-measures-announced-since-march-2021/,https://obr.uk/efo/economic-and-fiscal-outlook-october-2021/,2021-10-27,exact,landing page <time class=date>,,October 2021,False,
obr_45e57d4dc6,OBR,efo,other,"Log of substantive contact between the Office for Budget Responsibility and Treasury Ministers and their Special Advisers and private office staff, between 3 March 2021 and 26 October 2021",https://obr.uk/download/log-of-substantive-contact/,https://obr.uk/efo/economic-and-fiscal-outlook-october-2021/,2021-10-27,exact,landing page <time class=date>,,October 2021,False,
obr_3fcc1f5743,OBR,efo,other,Letter from Richard Hughes to Bridget Phillipson MP on the October 2021 Economic and fiscal outlook forecast timetable,https://obr.uk/download/letter-from-richard-hughes-to-bridget-phillipson-mp-on-the-october-2021-economic-and-fiscal-outlook-forecast-timetable/,https://obr.uk/efo/economic-and-fiscal-outlook-october-2021/,2021-10-27,exact,landing page <time class=date>,,October 2021,False,
obr_c48693c2b9,OBR,efo,other,Correction slip: Economic and fiscal outlook – October 2021,https://obr.uk/download/correction-slip-economic-and-fiscal-outlook-october-2021/,https://obr.uk/efo/economic-and-fiscal-outlook-october-2021/,2021-10-27,exact,landing page <time class=date>,,October 2021,False,
obr_b9cff6c1d5,OBR,efo,other,October 2021 Economic and fiscal outlook – Capital allowances super-deduction costing,https://obr.uk/download/october-2021-economic-and-fiscal-outlook-capital-allowances-super-deduction-costing/,https://obr.uk/efo/economic-and-fiscal-outlook-october-2021/,2021-10-27,exact,landing page <time class=date>,,October 2021,False,
obr_518ad1416c,OBR,efo,other,October 2021 Economic and fiscal outlook – Health and social care levy costing breakdown,https://obr.uk/download/october-2021-economic-and-fiscal-outlook-health-and-social-care-levy-costing-breakdown/,https://obr.uk/efo/economic-and-fiscal-outlook-october-2021/,2021-10-27,exact,landing page <time class=date>,,October 2021,False,
obr_a3690d7d35,OBR,efo,other,October 2021 Economic and fiscal outlook – Personal allowance and higher rate threshold freeze,https://obr.uk/download/october-2021-economic-and-fiscal-outlook-personal-allowance-and-higher-rate-threshold-freeze/,https://obr.uk/efo/economic-and-fiscal-outlook-october-2021/,2021-10-27,exact,landing page <time class=date>,,October 2021,False,
obr_c66fcd0c45,OBR,efo,forecast_tables,October 2021 Economic and fiscal outlook – ready reckoners,https://obr.uk/download/october-2021-economic-and-fiscal-outlook-ready-reckoners/,https://obr.uk/efo/economic-and-fiscal-outlook-october-2021/,2021-10-27,exact,landing page <time class=date>,,October 2021,False,
obr_457d2e3f6c,OBR,efo,forecast_tables,October 2021 Economic and fiscal outlook – monthly profiles,https://obr.uk/download/october-2021-economic-and-fiscal-outlook-monthly-profiles/,https://obr.uk/efo/economic-and-fiscal-outlook-october-2021/,2021-10-27,exact,landing page <time class=date>,,October 2021,False,
obr_f944389f78,OBR,efo,other,Economic and fiscal outlook speaking notes - October 2021,https://obr.uk/download/economic-and-fiscal-outlook-speaking-notes-october-2021/,https://obr.uk/efo/economic-and-fiscal-outlook-october-2021/,2021-10-27,exact,landing page <time class=date>,,October 2021,False,
obr_5055d0d562,OBR,efo,other,Economic and fiscal outlook presentation slides - October 2021,https://obr.uk/download/economic-and-fiscal-outlook-presentation-slides-october-2021/,https://obr.uk/efo/economic-and-fiscal-outlook-october-2021/,2021-10-27,exact,landing page <time class=date>,,October 2021,False,
obr_dd072e4708,OBR,efo,other,March 2021 Economic and fiscal outlook – Executive summary,https://obr.uk/download/march-2021-economic-and-fiscal-outlook-executive-summary/,https://obr.uk/efo/economic-and-fiscal-outlook-march-2021/,2021-03-03,exact,landing page <time class=date>,,March 2021,False,
obr_7885b5dff8,OBR,efo,forecast_narrative,Economic and fiscal outlook - March 2021,https://obr.uk/download/economic-and-fiscal-outlook-march-2021/,https://obr.uk/efo/economic-and-fiscal-outlook-march-2021/,2021-03-03,exact,landing page <time class=date>,,March 2021,True,report capture available
obr_cff5fbdd0d,OBR,efo,forecast_tables,March 2021 Economic and fiscal outlook – charts and tables: Executive summary,https://obr.uk/download/march-2021-economic-and-fiscal-outlook-charts-and-tables-executive-summary/,https://obr.uk/efo/economic-and-fiscal-outlook-march-2021/,2021-03-03,exact,landing page <time class=date>,,March 2021,False,
obr_7778bb3a9a,OBR,efo,forecast_tables,March 2021 Economic and fiscal outlook – charts and tables: Chapter 2,https://obr.uk/download/march-2021-economic-and-fiscal-outlook-charts-and-tables-chapter-2/,https://obr.uk/efo/economic-and-fiscal-outlook-march-2021/,2021-03-03,exact,landing page <time class=date>,,March 2021,False,
obr_7e668b63f5,OBR,efo,forecast_tables,March 2021 Economic and fiscal outlook – charts and tables: Chapter 3,https://obr.uk/download/march-2021-economic-and-fiscal-outlook-charts-and-tables-chapter-3/,https://obr.uk/efo/economic-and-fiscal-outlook-march-2021/,2021-03-03,exact,landing page <time class=date>,,March 2021,False,
obr_63ba98ab7c,OBR,efo,forecast_tables,March 2021 Economic and fiscal outlook – charts and tables: Chapter 4,https://obr.uk/download/march-2021-economic-and-fiscal-outlook-charts-and-tables-chapter-4/,https://obr.uk/efo/economic-and-fiscal-outlook-march-2021/,2021-03-03,exact,landing page <time class=date>,,March 2021,False,
obr_fc965cf41c,OBR,efo,forecast_tables,March 2021 Economic and fiscal outlook – charts and tables: Annex A,https://obr.uk/download/march-2021-economic-and-fiscal-outlook-charts-and-tables-annex-a/,https://obr.uk/efo/economic-and-fiscal-outlook-march-2021/,2021-03-03,exact,landing page <time class=date>,,March 2021,False,
obr_b370582a82,OBR,efo,forecast_tables,March 2021 Economic and fiscal outlook – charts and tables: Annex B,https://obr.uk/download/march-2021-economic-and-fiscal-outlook-charts-and-tables-annex-b/,https://obr.uk/efo/economic-and-fiscal-outlook-march-2021/,2021-03-03,exact,landing page <time class=date>,,March 2021,False,
obr_aaa76cf6ca,OBR,efo,forecast_tables,March 2021 Economic and fiscal outlook – supplementary fiscal tables: receipts and other,https://obr.uk/download/march-2021-economic-and-fiscal-outlook-supplementary-fiscal-tables-receipts-and-other/,https://obr.uk/efo/economic-and-fiscal-outlook-march-2021/,2021-03-03,exact,landing page <time class=date>,,March 2021,False,
obr_9cd0ec5770,OBR,efo,forecast_tables,March 2021 Economic and fiscal outlook – supplementary fiscal tables: expenditure,https://obr.uk/download/march-2021-economic-and-fiscal-outlook-supplementary-fiscal-tables-expenditure/,https://obr.uk/efo/economic-and-fiscal-outlook-march-2021/,2021-03-03,exact,landing page <time class=date>,,March 2021,False,
obr_362496a120,OBR,efo,forecast_tables,March 2021 Economic and fiscal outlook – supplementary economy tables,https://obr.uk/download/march-2021-economic-and-fiscal-outlook-supplementary-economy-tables/,https://obr.uk/efo/economic-and-fiscal-outlook-march-2021/,2021-03-03,exact,landing page <time class=date>,,March 2021,False,
obr_72b69c810b,OBR,efo,other,March 2021 Devolved tax and spending forecasts,https://obr.uk/download/march-2021-devolved-tax-and-spending-forecasts/,https://obr.uk/efo/economic-and-fiscal-outlook-march-2021/,2021-03-03,exact,landing page <time class=date>,,March 2021,False,
obr_4a800f2fca,OBR,efo,forecast_tables,March 2021 Devolved tax and spending forecasts - charts and tables,https://obr.uk/download/march-2021-devolved-tax-and-spending-forecasts-charts-and-tables/,https://obr.uk/efo/economic-and-fiscal-outlook-march-2021/,2021-03-03,exact,landing page <time class=date>,,March 2021,False,
obr_29fd00107b,OBR,efo,other,"Log of substantive contact between the OBR and Treasury Ministers, Special Advisers and their private office staff between 25 November 2020 and 2 March 2021.",https://obr.uk/download/log-of-substantive-contact-between-the-obr-and-treasury-ministers-special-advisers-and-their-private-office-staff-between-25-november-2020-and-2-march-2021/,https://obr.uk/efo/economic-and-fiscal-outlook-march-2021/,2021-03-03,exact,landing page <time class=date>,,March 2021,False,
obr_008340027d,OBR,efo,forecast_tables,March 2021 Economic and fiscal outlook monthly profiles (July update),https://obr.uk/download/march-2021-economic-and-fiscal-outlook-monthly-profiles-july-update/,https://obr.uk/efo/economic-and-fiscal-outlook-march-2021/,2021-03-03,exact,landing page <time class=date>,,March 2021,False,
obr_ee4650191b,OBR,efo,other,March 2021 Economic and fiscal outlook – Betting and gaming duties,https://obr.uk/download/march-2021-economic-and-fiscal-outlook-betting-and-gaming-duties/,https://obr.uk/efo/economic-and-fiscal-outlook-march-2021/,2021-03-03,exact,landing page <time class=date>,,March 2021,False,
obr_baab642446,OBR,efo,forecast_tables,March 2021 Economic and fiscal outlook monthly profiles,https://obr.uk/download/march-2021-economic-and-fiscal-outlook-monthly-profiles/,https://obr.uk/efo/economic-and-fiscal-outlook-march-2021/,2021-03-03,exact,landing page <time class=date>,,March 2021,False,
obr_6a4ae73742,OBR,efo,forecast_tables,Long-term economic determinants – March 2021 Economic and fiscal outlook,https://obr.uk/download/long-term-economic-determinants-march-2021-economic-and-fiscal-outlook/,https://obr.uk/efo/economic-and-fiscal-outlook-march-2021/,2021-03-03,exact,landing page <time class=date>,,March 2021,False,
obr_d4f745db17,OBR,efo,other,March 2021 Economic and fiscal outlook – State pension underpayment correction,https://obr.uk/download/march-2021-economic-and-fiscal-outlook-state-pension-underpayment-correction/,https://obr.uk/efo/economic-and-fiscal-outlook-march-2021/,2021-03-03,exact,landing page <time class=date>,,March 2021,False,
obr_338872f58c,OBR,efo,other,March 2021 Economic and fiscal outlook - Fuel duty,https://obr.uk/download/march-2021-economic-and-fiscal-outlook-fuel-duty/,https://obr.uk/efo/economic-and-fiscal-outlook-march-2021/,2021-03-03,exact,landing page <time class=date>,,March 2021,False,
obr_c7dfad18c7,OBR,efo,other,March 2021 Economic and fiscal outlook - EU financial settlement,https://obr.uk/download/march-2021-economic-and-fiscal-outlook-eu-financial-settlement/,https://obr.uk/efo/economic-and-fiscal-outlook-march-2021/,2021-03-03,exact,landing page <time class=date>,,March 2021,False,
obr_f28d8c2c4b,OBR,efo,other,March 2021 Economic and fiscal outlook - Corporation tax rate increase,https://obr.uk/download/march-2021-economic-and-fiscal-outlook-corporation-tax-rate-increase/,https://obr.uk/efo/economic-and-fiscal-outlook-march-2021/,2021-03-03,exact,landing page <time class=date>,,March 2021,False,
obr_9de25c1c32,OBR,efo,other,March 2021 Economic and fiscal outlook - CJRS,https://obr.uk/download/march-2021-economic-and-fiscal-outlook-cjrs/,https://obr.uk/efo/economic-and-fiscal-outlook-march-2021/,2021-03-03,exact,landing page <time class=date>,,March 2021,False,
obr_6f5299fe27,OBR,efo,other,Economic and fiscal outlook speaking notes - March 2021,https://obr.uk/download/economic-and-fiscal-outlook-speaking-notes-march-2021/,https://obr.uk/efo/economic-and-fiscal-outlook-march-2021/,2021-03-03,exact,landing page <time class=date>,,March 2021,False,
obr_615274cefe,OBR,efo,other,Economic and fiscal outlook presentation slides - March 2021,https://obr.uk/download/economic-and-fiscal-outlook-presentation-slides-march-2021/,https://obr.uk/efo/economic-and-fiscal-outlook-march-2021/,2021-03-03,exact,landing page <time class=date>,,March 2021,False,
obr_2091042773,OBR,efo,other,November 2020 Economic and fiscal outlook – Executive summary,https://obr.uk/download/november-2020-economic-and-fiscal-outlook-executive-summary/,https://obr.uk/efo/economic-and-fiscal-outlook-november-2020/,2020-11-25,exact,landing page <time class=date>,,November 2020,False,
obr_be526fbaaf,OBR,efo,forecast_narrative,Economic and fiscal outlook - November 2020,https://obr.uk/download/economic-and-fiscal-outlook-november-2020/,https://obr.uk/efo/economic-and-fiscal-outlook-november-2020/,2020-11-25,exact,landing page <time class=date>,,November 2020,True,report capture available
obr_b6c60d5e78,OBR,efo,forecast_tables,November 2020 Economic and fiscal outlook – charts and tables: Executive summary,https://obr.uk/download/november-2020-economic-and-fiscal-outlook-charts-and-tables-executive-summary/,https://obr.uk/efo/economic-and-fiscal-outlook-november-2020/,2020-11-25,exact,landing page <time class=date>,,November 2020,False,
obr_9381f3fc47,OBR,efo,forecast_tables,November 2020 Economic and fiscal outlook – charts and tables: Chapter 2,https://obr.uk/download/november-2020-economic-and-fiscal-outlook-charts-and-tables-chapter-2/,https://obr.uk/efo/economic-and-fiscal-outlook-november-2020/,2020-11-25,exact,landing page <time class=date>,,November 2020,False,
obr_85dda9924a,OBR,efo,forecast_tables,November 2020 Economic and fiscal outlook – charts and tables: Chapter 3,https://obr.uk/download/november-2020-economic-and-fiscal-outlook-charts-and-tables-chapter-3/,https://obr.uk/efo/economic-and-fiscal-outlook-november-2020/,2020-11-25,exact,landing page <time class=date>,,November 2020,False,
obr_2c55fa3745,OBR,efo,forecast_tables,November 2020 Economic and fiscal outlook – charts and tables: Chapter 4,https://obr.uk/download/november-2020-economic-and-fiscal-outlook-charts-and-tables-chapter-4/,https://obr.uk/efo/economic-and-fiscal-outlook-november-2020/,2020-11-25,exact,landing page <time class=date>,,November 2020,False,
obr_de3de26900,OBR,efo,forecast_tables,November 2020 Economic and fiscal outlook – charts and tables: Annex A,https://obr.uk/download/november-2020-economic-and-fiscal-outlook-charts-and-tables-annex-a/,https://obr.uk/efo/economic-and-fiscal-outlook-november-2020/,2020-11-25,exact,landing page <time class=date>,,November 2020,False,
obr_5fe1244e76,OBR,efo,forecast_tables,November 2020 Economic and fiscal outlook – charts and tables: Annex B,https://obr.uk/download/november-2020-economic-and-fiscal-outlook-charts-and-tables-annex-b/,https://obr.uk/efo/economic-and-fiscal-outlook-november-2020/,2020-11-25,exact,landing page <time class=date>,,November 2020,False,
obr_b3c4f284a4,OBR,efo,forecast_tables,November 2020 Economic and fiscal outlook – charts and tables: Annex C,https://obr.uk/download/november-2020-economic-and-fiscal-outlook-charts-and-tables-annex-c/,https://obr.uk/efo/economic-and-fiscal-outlook-november-2020/,2020-11-25,exact,landing page <time class=date>,,November 2020,False,
obr_51d19d9c9e,OBR,efo,forecast_tables,November 2020 Economic and fiscal outlook – supplementary fiscal tables: expenditure,https://obr.uk/download/november-2020-economic-and-fiscal-outlook-supplementary-fiscal-tables-expenditure/,https://obr.uk/efo/economic-and-fiscal-outlook-november-2020/,2020-11-25,exact,landing page <time class=date>,,November 2020,False,
obr_49f802f940,OBR,efo,forecast_tables,November 2020 Economic and fiscal outlook – supplementary fiscal tables: receipts and other,https://obr.uk/download/november-2020-economic-and-fiscal-outlook-supplementary-fiscal-tables-receipts-and-other/,https://obr.uk/efo/economic-and-fiscal-outlook-november-2020/,2020-11-25,exact,landing page <time class=date>,,November 2020,False,
obr_c1b45e9c38,OBR,efo,forecast_tables,November 2020 Economic and fiscal outlook – supplementary economy tables,https://obr.uk/download/november-2020-economic-and-fiscal-outlook-supplementary-economy-tables/,https://obr.uk/efo/economic-and-fiscal-outlook-november-2020/,2020-11-25,exact,landing page <time class=date>,,November 2020,False,
obr_8cd6700e85,OBR,efo,other,November 2020 Devolved tax and spending forecasts,https://obr.uk/download/november-2020-devolved-tax-and-spending-forecasts/,https://obr.uk/efo/economic-and-fiscal-outlook-november-2020/,2020-11-25,exact,landing page <time class=date>,,November 2020,False,
obr_86ae0e0186,OBR,efo,other,November 2020 Economic and fiscal outlook – press notice,https://obr.uk/download/november-2020-economic-and-fiscal-outlook-press-notice/,https://obr.uk/efo/economic-and-fiscal-outlook-november-2020/,2020-11-25,exact,landing page <time class=date>,,November 2020,False,
obr_4015866f51,OBR,efo,other,"Log of substantive contact between the OBR and Treasury Ministers, Special Advisers and their private office staff between 14 July and 24 November 2020.",https://obr.uk/download/log-of-substantive-contact-between-the-obr-and-treasury-ministers-special-advisers-and-their-private-office-staff-between-14-july-and-24-november-2020/,https://obr.uk/efo/economic-and-fiscal-outlook-november-2020/,2020-11-25,exact,landing page <time class=date>,,November 2020,False,
obr_fe14b00e25,OBR,efo,forecast_tables,November 2020 Devolved tax and spending forecasts – charts and tables,https://obr.uk/download/november-2020-devolved-tax-and-spending-forecasts-charts-and-tables/,https://obr.uk/efo/economic-and-fiscal-outlook-november-2020/,2020-11-25,exact,landing page <time class=date>,,November 2020,False,
obr_e4239fc761,OBR,efo,forecast_tables,November 2020 Economic and fiscal outlook monthly profiles,https://obr.uk/download/november-2020-economic-and-fiscal-outlook-monthly-profiles/,https://obr.uk/efo/economic-and-fiscal-outlook-november-2020/,2020-11-25,exact,landing page <time class=date>,,November 2020,False,
obr_f0cd6ec3c2,OBR,efo,other,November 2020 Economic and fiscal outlook – speaking notes,https://obr.uk/download/november-2020-economic-and-fiscal-outlook-speaking-notes/,https://obr.uk/efo/economic-and-fiscal-outlook-november-2020/,2020-11-25,exact,landing page <time class=date>,,November 2020,False,
obr_96867f7159,OBR,efo,other,November 2020 Economic and fiscal outlook – presentation slides,https://obr.uk/download/november-2020-economic-and-fiscal-outlook-presentation-slides/,https://obr.uk/efo/economic-and-fiscal-outlook-november-2020/,2020-11-25,exact,landing page <time class=date>,,November 2020,False,
obr_db5eb3c574,OBR,efo,other,Executive summary,https://obr.uk/download/march-2020-economic-and-fiscal-outlook-executive-summary/,https://obr.uk/efo/economic-and-fiscal-outlook-march-2020/,2020-03-11,exact,landing page <time class=date>,,March 2020,False,
obr_b0e050a0d5,OBR,efo,forecast_narrative,Economic and fiscal outlook – March 2020,https://obr.uk/download/economic-and-fiscal-outlook-march-2020/,https://obr.uk/efo/economic-and-fiscal-outlook-march-2020/,2020-03-11,exact,landing page <time class=date>,,March 2020,True,report capture available
obr_b4afb683e7,OBR,efo,forecast_tables,Supplementary forecast – March 2020,https://obr.uk/download/supplementary-forecast-march-2020/,https://obr.uk/efo/economic-and-fiscal-outlook-march-2020/,2020-03-11,exact,landing page <time class=date>,,March 2020,False,
obr_51ad113ee5,OBR,efo,forecast_tables,March 2020 Economic and fiscal outlook – charts and tables: Executive summary,https://obr.uk/download/march-2020-economic-and-fiscal-outlook-charts-and-tables-executive-summary/,https://obr.uk/efo/economic-and-fiscal-outlook-march-2020/,2020-03-11,exact,landing page <time class=date>,,March 2020,False,
obr_3f21d33de1,OBR,efo,forecast_tables,March 2020 Economic and fiscal outlook – charts and tables: Chapter 2,https://obr.uk/download/march-2020-economic-and-fiscal-outlook-charts-and-tables-chapter-2/,https://obr.uk/efo/economic-and-fiscal-outlook-march-2020/,2020-03-11,exact,landing page <time class=date>,,March 2020,False,
obr_e71ceed689,OBR,efo,forecast_tables,March 2020 Economic and fiscal outlook – charts and tables: Chapter 3,https://obr.uk/download/march-2020-economic-and-fiscal-outlook-charts-and-tables-chapter-3/,https://obr.uk/efo/economic-and-fiscal-outlook-march-2020/,2020-03-11,exact,landing page <time class=date>,,March 2020,False,
obr_b12afd1a69,OBR,efo,forecast_tables,March 2020 Economic and fiscal outlook – charts and tables: Chapter 4,https://obr.uk/download/march-2020-economic-and-fiscal-outlook-charts-and-tables-chapter-4/,https://obr.uk/efo/economic-and-fiscal-outlook-march-2020/,2020-03-11,exact,landing page <time class=date>,,March 2020,False,
obr_5a7f667470,OBR,efo,forecast_tables,March 2020 Economic and fiscal outlook – charts and tables: Annex A,https://obr.uk/download/march-2020-economic-and-fiscal-outlook-charts-and-tables-annex-a/,https://obr.uk/efo/economic-and-fiscal-outlook-march-2020/,2020-03-11,exact,landing page <time class=date>,,March 2020,False,
obr_4a2e53089a,OBR,efo,forecast_tables,March 2020 Economic and fiscal outlook – charts and tables: Annex B,https://obr.uk/download/march-2020-economic-and-fiscal-outlook-charts-and-tables-annex-b/,https://obr.uk/efo/economic-and-fiscal-outlook-march-2020/,2020-03-11,exact,landing page <time class=date>,,March 2020,False,
obr_9490b37d62,OBR,efo,forecast_tables,March 2020 Economic and fiscal outlook – supplementary fiscal tables: receipts and other,https://obr.uk/download/march-2020-economic-and-fiscal-outlook-supplementary-fiscal-tables-receipts-and-other/,https://obr.uk/efo/economic-and-fiscal-outlook-march-2020/,2020-03-11,exact,landing page <time class=date>,,March 2020,False,
obr_04ac84b360,OBR,efo,forecast_tables,March 2020 Economic and fiscal outlook – supplementary fiscal tables: expenditure,https://obr.uk/download/march-2020-economic-and-fiscal-outlook-supplementary-fiscal-tables-expenditure/,https://obr.uk/efo/economic-and-fiscal-outlook-march-2020/,2020-03-11,exact,landing page <time class=date>,,March 2020,False,
obr_811d892b44,OBR,efo,forecast_tables,March 2020 Economic and fiscal outlook – supplementary economy tables,https://obr.uk/download/march-2020-economic-and-fiscal-outlook-supplementary-economy-tables/,https://obr.uk/efo/economic-and-fiscal-outlook-march-2020/,2020-03-11,exact,landing page <time class=date>,,March 2020,False,
obr_be5745a61a,OBR,efo,forecast_tables,Long-term economic determinants – March 2020 Economic and fiscal outlook,https://obr.uk/download/long-term-economic-determinants-march-2020-economic-fiscal-outlook/,https://obr.uk/efo/economic-and-fiscal-outlook-march-2020/,2020-03-11,exact,landing page <time class=date>,,March 2020,False,
obr_91b9a91ae6,OBR,efo,other,March 2020 Economic and fiscal outlook – press notice,https://obr.uk/download/march-2020-economic-and-fiscal-outlook-press-notice/,https://obr.uk/efo/economic-and-fiscal-outlook-march-2020/,2020-03-11,exact,landing page <time class=date>,,March 2020,False,
obr_478c58477e,OBR,efo,other,March 2020 Devolved tax and spending forecasts,https://obr.uk/download/march-2020-devolved-tax-and-spending-forecasts/,https://obr.uk/efo/economic-and-fiscal-outlook-march-2020/,2020-03-11,exact,landing page <time class=date>,,March 2020,False,
obr_bd9ed44372,OBR,efo,forecast_tables,March 2020 Devolved tax and spending forecasts – charts and tables,https://obr.uk/download/march-2020-devolved-tax-spending-forecasts-charts-tables/,https://obr.uk/efo/economic-and-fiscal-outlook-march-2020/,2020-03-11,exact,landing page <time class=date>,,March 2020,False,
obr_1b37e85996,OBR,efo,other,"Log of substantive contact between the OBR and Treasury Ministers, Special Advisers and their private office staff between 13 March 2019 and 10 March 2020",https://obr.uk/download/log-of-substantive-contact-between-the-obr-and-treasury-ministers-special-advisers-and-their-private-office-staff-between-13-march-2019-and-10-march-2020/,https://obr.uk/efo/economic-and-fiscal-outlook-march-2020/,2020-03-11,exact,landing page <time class=date>,,March 2020,False,
obr_936f6d2141,OBR,efo,other,Economic and fiscal outlook speaking notes - March 2020,https://obr.uk/download/economic-and-fiscal-outlook-speaking-notes-march-2020/,https://obr.uk/efo/economic-and-fiscal-outlook-march-2020/,2020-03-11,exact,landing page <time class=date>,,March 2020,False,
obr_0b933748f9,OBR,efo,other,Economic and fiscal outlook presentation slides - March 2020,https://obr.uk/download/economic-and-fiscal-outlook-presentation-slides-march-2020/,https://obr.uk/efo/economic-and-fiscal-outlook-march-2020/,2020-03-11,exact,landing page <time class=date>,,March 2020,False,
obr_eaf2a0bb89,OBR,efo,other,Restated March 2019 forecast,https://obr.uk/download/restated-march-2019-forecast/,https://obr.uk/efo/economic-fiscal-outlook-march-2019/,2019-03-13,exact,landing page <time class=date>,,March 2019,False,
obr_bdbcf2cb78,OBR,efo,other,March 2019 Economic and fiscal outlook – Executive summary,https://obr.uk/download/march-2019-economic-and-fiscal-outlook-executive-summary/,https://obr.uk/efo/economic-fiscal-outlook-march-2019/,2019-03-13,exact,landing page <time class=date>,,March 2019,False,
obr_a34b082f1c,OBR,efo,forecast_narrative,Economic and fiscal outlook - March 2019,https://obr.uk/download/economic-and-fiscal-outlook-march-2019/,https://obr.uk/efo/economic-fiscal-outlook-march-2019/,2019-03-13,exact,landing page <time class=date>,,March 2019,True,report capture available
obr_ee9c4f3b34,OBR,efo,forecast_tables,March 2019 Economic and fiscal outlook – charts and tables: fiscal,https://obr.uk/download/march-2019-economic-and-fiscal-outlook-charts-and-tables-fiscal/,https://obr.uk/efo/economic-fiscal-outlook-march-2019/,2019-03-13,exact,landing page <time class=date>,,March 2019,False,
obr_bcb7f69d65,OBR,efo,forecast_tables,March 2019 Economic and fiscal outlook – charts and tables: economy,https://obr.uk/download/march-2019-economic-and-fiscal-outlook-charts-and-tables-economy/,https://obr.uk/efo/economic-fiscal-outlook-march-2019/,2019-03-13,exact,landing page <time class=date>,,March 2019,False,
obr_cd8db8f873,OBR,efo,forecast_tables,March 2019 Economic and fiscal outlook – supplementary fiscal tables: expenditure,https://obr.uk/download/march-2019-economic-and-fiscal-outlook-supplementary-fiscal-tables-expenditure/,https://obr.uk/efo/economic-fiscal-outlook-march-2019/,2019-03-13,exact,landing page <time class=date>,,March 2019,False,
obr_724dc7f4a2,OBR,efo,forecast_tables,March 2019 Economic and fiscal outlook – supplementary fiscal tables: receipts and other,https://obr.uk/download/march-2019-economic-and-fiscal-outlook-supplementary-fiscal-tables-receipts-and-other/,https://obr.uk/efo/economic-fiscal-outlook-march-2019/,2019-03-13,exact,landing page <time class=date>,,March 2019,False,
obr_4e6023f911,OBR,efo,forecast_tables,March 2019 Economic and fiscal outlook – supplementary economy tables,https://obr.uk/download/march-2019-economic-and-fiscal-outlook-supplementary-economy-tables/,https://obr.uk/efo/economic-fiscal-outlook-march-2019/,2019-03-13,exact,landing page <time class=date>,,March 2019,False,
obr_951e44435a,OBR,efo,other,March 2019 Devolved tax and spending forecasts,https://obr.uk/download/march-2019-devolved-tax-and-spending-forecasts/,https://obr.uk/efo/economic-fiscal-outlook-march-2019/,2019-03-13,exact,landing page <time class=date>,,March 2019,False,
obr_cf2f9b9ea8,OBR,efo,forecast_tables,March 2019 Devolved tax and spending forecasts – charts and tables,https://obr.uk/download/march-2019-devolved-tax-and-spending-forecasts-charts-and-tables/,https://obr.uk/efo/economic-fiscal-outlook-march-2019/,2019-03-13,exact,landing page <time class=date>,,March 2019,False,
obr_a194fe9c2f,OBR,efo,other,"Log of substantive contact between the Office for Budget Responsibility and Treasury Ministers and their Special Advisers and private office staff, between 29 October 2018 and 12 March 2019",https://obr.uk/download/log-of-substantive-contact-between-the-office-for-budget-responsibility-and-treasury-ministers-and-their-special-advisers-and-private-office-staff-between-29-october-2018-and-12-march-2019/,https://obr.uk/efo/economic-fiscal-outlook-march-2019/,2019-03-13,exact,landing page <time class=date>,,March 2019,False,
obr_a4c1d8b20a,OBR,efo,other,March 2019 Economic and fiscal outlook – press notice,https://obr.uk/download/march-2019-economic-and-fiscal-outlook-press-notice/,https://obr.uk/efo/economic-fiscal-outlook-march-2019/,2019-03-13,exact,landing page <time class=date>,,March 2019,False,
obr_c6a3c5837a,OBR,efo,forecast_tables,Restated March 2019 forecast - charts and tables,https://obr.uk/download/restated-march-2019-forecast-charts-tables/,https://obr.uk/efo/economic-fiscal-outlook-march-2019/,2019-03-13,exact,landing page <time class=date>,,March 2019,False,
obr_0e38ccc143,OBR,efo,other,VAT standard rated share - March 2019 Economic and fiscal outlook,https://obr.uk/download/vat-standard-rated-share-march-2019-economic-fiscal-outlook/,https://obr.uk/efo/economic-fiscal-outlook-march-2019/,2019-03-13,exact,landing page <time class=date>,,March 2019,False,
obr_b230fddf30,OBR,efo,forecast_tables,Long-term economic determinants – March 2019 Economic and fiscal outlook,https://obr.uk/download/long-term-economic-determinants-march-2019-economic-fiscal-outlook/,https://obr.uk/efo/economic-fiscal-outlook-march-2019/,2019-03-13,exact,landing page <time class=date>,,March 2019,False,
obr_b529a49fdf,OBR,efo,forecast_tables,Long-term economic determinants data – March 2019 Economic and fiscal outlook,https://obr.uk/download/long-term-economic-determinants-data-march-2019-economic-fiscal-outlook/,https://obr.uk/efo/economic-fiscal-outlook-march-2019/,2019-03-13,exact,landing page <time class=date>,,March 2019,False,
obr_a333c0a070,OBR,efo,other,The direct fiscal consequences of unconventional monetary policies,https://obr.uk/download/direct-fiscal-consequences-unconventional-monetary-policies/,https://obr.uk/efo/economic-fiscal-outlook-march-2019/,2019-03-13,exact,landing page <time class=date>,,March 2019,False,
obr_e36f679bc2,OBR,efo,other,Economic and fiscal outlook speaking notes - March 2019,https://obr.uk/download/economic-fiscal-outlook-speaking-notes-march-2019/,https://obr.uk/efo/economic-fiscal-outlook-march-2019/,2019-03-13,exact,landing page <time class=date>,,March 2019,False,
obr_5f6a0f9d18,OBR,efo,other,Economic and fiscal outlook presentation slides - March 2019,https://obr.uk/download/economic-fiscal-outlook-presentation-slides-march-2019/,https://obr.uk/efo/economic-fiscal-outlook-march-2019/,2019-03-13,exact,landing page <time class=date>,,March 2019,False,
obr_35098fbe71,OBR,efo,forecast_narrative,Economic and fiscal outlook - October 2018,https://obr.uk/download/economic-and-fiscal-outlook-october-2018/,https://obr.uk/efo/economic-fiscal-outlook-october-2018/,2018-10-29,exact,landing page <time class=date>,,October 2018,True,report capture available
obr_a8351302c2,OBR,efo,other,October 2018 Economic and fiscal outlook – Executive summary,https://obr.uk/download/october-2018-economic-and-fiscal-outlook-executive-summary/,https://obr.uk/efo/economic-fiscal-outlook-october-2018/,2018-10-29,exact,landing page <time class=date>,,October 2018,False,
obr_3816db709e,OBR,efo,forecast_tables,October 2018 Economic and fiscal outlook – charts and tables: fiscal,https://obr.uk/download/october-2018-economic-and-fiscal-outlook-charts-and-tables-fiscal/,https://obr.uk/efo/economic-fiscal-outlook-october-2018/,2018-10-29,exact,landing page <time class=date>,,October 2018,False,
obr_3971fa453c,OBR,efo,forecast_tables,October 2018 Economic and fiscal outlook – charts and tables: economy,https://obr.uk/download/october-2018-economic-and-fiscal-outlook-charts-and-tables-economy/,https://obr.uk/efo/economic-fiscal-outlook-october-2018/,2018-10-29,exact,landing page <time class=date>,,October 2018,False,
obr_6ed8d4927b,OBR,efo,forecast_tables,October 2018 Economic and fiscal outlook – supplementary fiscal tables: receipts and other,https://obr.uk/download/october-2018-economic-and-fiscal-outlook-supplementary-fiscal-tables-receipts-and-other/,https://obr.uk/efo/economic-fiscal-outlook-october-2018/,2018-10-29,exact,landing page <time class=date>,,October 2018,False,
obr_1510e97b09,OBR,efo,forecast_tables,October 2018 Economic and fiscal outlook – supplementary fiscal tables: expenditure,https://obr.uk/download/october-2018-economic-and-fiscal-outlook-supplementary-fiscal-tables-expenditure/,https://obr.uk/efo/economic-fiscal-outlook-october-2018/,2018-10-29,exact,landing page <time class=date>,,October 2018,False,
obr_a86995f8f6,OBR,efo,forecast_tables,October 2018 Economic and fiscal outlook – supplementary economy tables,https://obr.uk/download/october-2018-economic-and-fiscal-outlook-supplementary-economy-tables/,https://obr.uk/efo/economic-fiscal-outlook-october-2018/,2018-10-29,exact,landing page <time class=date>,,October 2018,False,
obr_ad8004c673,OBR,efo,other,October 2018 Economic and fiscal outlook – press notice,https://obr.uk/download/october-2018-economic-and-fiscal-outlook-press-notice/,https://obr.uk/efo/economic-fiscal-outlook-october-2018/,2018-10-29,exact,landing page <time class=date>,,October 2018,False,
obr_45495d264d,OBR,efo,other,October 2018 Devolved tax and spending forecasts,https://obr.uk/download/october-2018-devolved-tax-and-spending-forecasts/,https://obr.uk/efo/economic-fiscal-outlook-october-2018/,2018-10-29,exact,landing page <time class=date>,,October 2018,False,
obr_947bbfe8f4,OBR,efo,forecast_tables,October 2018 Devolved tax and spending forecasts – charts and tables,https://obr.uk/download/october-2018-devolved-tax-and-spending-forecasts-charts-and-tables/,https://obr.uk/efo/economic-fiscal-outlook-october-2018/,2018-10-29,exact,landing page <time class=date>,,October 2018,False,
obr_1aa86b1ab1,OBR,efo,other,"Log of substantive contact between the OBR and Treasury Ministers, Special Advisers and their private office staff between 13 March 2018 and 28 October 2018",https://obr.uk/download/log-of-substantive-contact-between-the-obr-and-treasury-ministers-special-advisers-and-their-private-office-staff-between-13-march-2018-and-28-october-2018/,https://obr.uk/efo/economic-fiscal-outlook-october-2018/,2018-10-29,exact,landing page <time class=date>,,October 2018,False,
obr_501a78fbf3,OBR,efo,other,October 2018 Economic and fiscal outlook – Student entrants: forecast methodology change,https://obr.uk/download/october-2018-economic-fiscal-outlook-student-entrants-forecast-methodology-change/,https://obr.uk/efo/economic-fiscal-outlook-october-2018/,2018-10-29,exact,landing page <time class=date>,,October 2018,False,
obr_e9a2e5a99a,OBR,efo,other,October 2018 Economic and fiscal outlook – Marriage allowance,https://obr.uk/download/october-2018-economic-fiscal-outlook-marriage-allowance/,https://obr.uk/efo/economic-fiscal-outlook-october-2018/,2018-10-29,exact,landing page <time class=date>,,October 2018,False,
obr_dd518f445f,OBR,efo,other,October 2018 Economic and fiscal outlook – HMRC tax reliefs,https://obr.uk/download/october-2018-economic-fiscal-outlook-hmrc-tax-reliefs/,https://obr.uk/efo/economic-fiscal-outlook-october-2018/,2018-10-29,exact,landing page <time class=date>,,October 2018,False,
obr_46f2634727,OBR,efo,other,Economic and fiscal outlook speaking notes - October 2018,https://obr.uk/download/economic-and-fiscal-outlook-speaking-notes-october-2018/,https://obr.uk/efo/economic-fiscal-outlook-october-2018/,2018-10-29,exact,landing page <time class=date>,,October 2018,False,
obr_d1ebdf9c75,OBR,efo,other,Economic and fiscal outlook presentation slides - October 2018,https://obr.uk/download/economic-and-fiscal-outlook-presentation-slides-october-2018/,https://obr.uk/efo/economic-fiscal-outlook-october-2018/,2018-10-29,exact,landing page <time class=date>,,October 2018,False,
obr_9f16fdbc54,OBR,efo,forecast_narrative,Economic and fiscal outlook – March 2018,https://obr.uk/download/economic-and-fiscal-outlook-march-2018/,https://obr.uk/efo/economic-fiscal-outlook-march-2018/,2018-03-13,exact,landing page <time class=date>,,March 2018,True,report capture available
obr_bce4d13a4a,OBR,efo,other,March 2018 Economic and fiscal outlook – Executive Summary,https://obr.uk/download/march-2018-economic-and-fiscal-outlook-executive-summary/,https://obr.uk/efo/economic-fiscal-outlook-march-2018/,2018-03-13,exact,landing page <time class=date>,,March 2018,False,
obr_7f513f3505,OBR,efo,forecast_tables,March 2018 Economic and fiscal outlook – charts and tables: fiscal,https://obr.uk/download/march-2018-economic-and-fiscal-outlook-charts-and-tables-fiscal/,https://obr.uk/efo/economic-fiscal-outlook-march-2018/,2018-03-13,exact,landing page <time class=date>,,March 2018,False,
obr_d3e49a0bf5,OBR,efo,forecast_tables,March 2018 Economic and fiscal outlook – charts and tables: economy,https://obr.uk/download/march-2018-economic-fiscal-outlook-charts-tables-economy/,https://obr.uk/efo/economic-fiscal-outlook-march-2018/,2018-03-13,exact,landing page <time class=date>,,March 2018,False,
obr_7ebd6442cc,OBR,efo,forecast_tables,March 2018 Economic and fiscal outlook – supplementary fiscal tables: receipts and other,https://obr.uk/download/march-2018-economic-and-fiscal-outlook-supplementary-fiscal-tables-receipts-and-other/,https://obr.uk/efo/economic-fiscal-outlook-march-2018/,2018-03-13,exact,landing page <time class=date>,,March 2018,False,
obr_daecfc39c1,OBR,efo,forecast_tables,March 2018 Economic and fiscal outlook – supplementary fiscal tables: expenditure,https://obr.uk/download/march-2018-economic-and-fiscal-outlook-supplementary-fiscal-tables-expenditure/,https://obr.uk/efo/economic-fiscal-outlook-march-2018/,2018-03-13,exact,landing page <time class=date>,,March 2018,False,
obr_5a14df0f53,OBR,efo,forecast_tables,March 2018 Economic and fiscal outlook – supplementary economy tables,https://obr.uk/download/march-2018-economic-and-fiscal-outlook-supplementary-economy-tables/,https://obr.uk/efo/economic-fiscal-outlook-march-2018/,2018-03-13,exact,landing page <time class=date>,,March 2018,False,
obr_671d5488e7,OBR,efo,other,March 2018 Economic and fiscal outlook – press notice,https://obr.uk/download/march-2018-economic-and-fiscal-outlook-press-notice/,https://obr.uk/efo/economic-fiscal-outlook-march-2018/,2018-03-13,exact,landing page <time class=date>,,March 2018,False,
obr_43794645fb,OBR,efo,other,March 2018 Devolved tax and spending forecasts,https://obr.uk/download/march-2018-devolved-tax-and-spending-forecasts/,https://obr.uk/efo/economic-fiscal-outlook-march-2018/,2018-03-13,exact,landing page <time class=date>,,March 2018,False,
obr_e4bccf8e06,OBR,efo,forecast_tables,March 2018 Devolved tax and spending forecasts – charts and tables,https://obr.uk/download/march-2018-devolved-tax-and-spending-forecasts-charts-and-tables/,https://obr.uk/efo/economic-fiscal-outlook-march-2018/,2018-03-13,exact,landing page <time class=date>,,March 2018,False,
obr_55ec626e53,OBR,efo,forecast_tables,Long-term economic determinants – March 2018 Economic and fiscal outlook,https://obr.uk/download/long-term-economic-determinants-march-2018-economic-fiscal-outlook/,https://obr.uk/efo/economic-fiscal-outlook-march-2018/,2018-03-13,exact,landing page <time class=date>,,March 2018,False,
obr_55d0956bbf,OBR,efo,other,"Log of substantive contact between the OBR and Treasury Ministers, Special Advisers and their private office staff between 22 November 2017 and 12 March 2018",https://obr.uk/download/log-of-substantive-contact-between-the-obr-and-treasury-ministers-special-advisers-and-their-private-office-staff-between-22-november-2017-and-12-march-2018/,https://obr.uk/efo/economic-fiscal-outlook-march-2018/,2018-03-13,exact,landing page <time class=date>,,March 2018,False,
obr_2d53c5ce4f,OBR,efo,other,March 2018 Economic and fiscal outlook – data sources,https://obr.uk/download/march-2018-economic-fiscal-outlook-data-sources/,https://obr.uk/efo/economic-fiscal-outlook-march-2018/,2018-03-13,exact,landing page <time class=date>,,March 2018,False,
obr_1938020e80,OBR,efo,other,March 2018 Economic and fiscal outlook – presentation slides,https://obr.uk/download/march-2018-economic-and-fiscal-outlook-presentation-slides/,https://obr.uk/efo/economic-fiscal-outlook-march-2018/,2018-03-13,exact,landing page <time class=date>,,March 2018,False,
obr_f6cc4642ad,OBR,efo,other,March 2018 Economic and fiscal outlook – speaking notes,https://obr.uk/download/march-2018-economic-and-fiscal-outlook-speaking-notes/,https://obr.uk/efo/economic-fiscal-outlook-march-2018/,2018-03-13,exact,landing page <time class=date>,,March 2018,False,
obr_ba14db8f1d,OBR,efo,forecast_narrative,Economic and fiscal outlook – November 2017,https://obr.uk/download/economic-and-fiscal-outlook-november-2017/,https://obr.uk/efo/economic-fiscal-outlook-november-2017/,2017-11-22,exact,landing page <time class=date>,,November 2017,True,report capture available
obr_c100f8ccf7,OBR,efo,other,November 2017 Economic and fiscal outlook – Executive Summary,https://obr.uk/download/november-2017-economic-and-fiscal-outlook-executive-summary/,https://obr.uk/efo/economic-fiscal-outlook-november-2017/,2017-11-22,exact,landing page <time class=date>,,November 2017,False,
obr_427f9ee1ff,OBR,efo,forecast_tables,November 2017 Economic and fiscal outlook – charts and tables: fiscal,https://obr.uk/download/november-2017-economic-and-fiscal-outlook-charts-and-tables-fiscal/,https://obr.uk/efo/economic-fiscal-outlook-november-2017/,2017-11-22,exact,landing page <time class=date>,,November 2017,False,
obr_cc878a1516,OBR,efo,forecast_tables,November 2017 Economic and fiscal outlook – charts and tables: economy,https://obr.uk/download/november-2017-economic-and-fiscal-outlook-charts-and-tables-economy/,https://obr.uk/efo/economic-fiscal-outlook-november-2017/,2017-11-22,exact,landing page <time class=date>,,November 2017,False,
obr_a9628faacd,OBR,efo,forecast_tables,November 2017 Economic and fiscal outlook – supplementary fiscal tables: receipts and other,https://obr.uk/download/november-2017-economic-and-fiscal-outlook-supplementary-fiscal-tables-receipts-and-other/,https://obr.uk/efo/economic-fiscal-outlook-november-2017/,2017-11-22,exact,landing page <time class=date>,,November 2017,False,
obr_db31f85854,OBR,efo,forecast_tables,November 2017 Economic and fiscal outlook – supplementary fiscal tables: expenditure,https://obr.uk/download/november-2017-economic-and-fiscal-outlook-supplementary-fiscal-tables-expenditure/,https://obr.uk/efo/economic-fiscal-outlook-november-2017/,2017-11-22,exact,landing page <time class=date>,,November 2017,False,
obr_3ed0cfcb99,OBR,efo,forecast_tables,November 2017 Economic and fiscal outlook – supplementary economy tables,https://obr.uk/download/november-2017-economic-and-fiscal-outlook-supplementary-economy-tables/,https://obr.uk/efo/economic-fiscal-outlook-november-2017/,2017-11-22,exact,landing page <time class=date>,,November 2017,False,
obr_d219ba24c8,OBR,efo,other,November 2017 Economic and fiscal outlook – press notice,https://obr.uk/download/november-2017-economic-fiscal-outlook-press-notice/,https://obr.uk/efo/economic-fiscal-outlook-november-2017/,2017-11-22,exact,landing page <time class=date>,,November 2017,False,
obr_62a8318b28,OBR,efo,other,November 2017 Devolved taxes forecast,https://obr.uk/download/november-2017-devolved-taxes-forecast/,https://obr.uk/efo/economic-fiscal-outlook-november-2017/,2017-11-22,exact,landing page <time class=date>,,November 2017,False,
obr_456eb37f9e,OBR,efo,other,"Log of substantive contact between the OBR and Treasury Ministers, Special Advisers and their private office staff between 8 March 2017 and 21 November 2017",https://obr.uk/download/log-substantive-contact-obr-treasury-ministers-special-advisers-private-office-staff-8-march-2017-21-november-2017/,https://obr.uk/efo/economic-fiscal-outlook-november-2017/,2017-11-22,exact,landing page <time class=date>,,November 2017,False,
obr_0191ec00a0,OBR,efo,other,November 2017 Economic and fiscal outlook – data sources,https://obr.uk/download/november-2017-economic-fiscal-outlook-data-sources/,https://obr.uk/efo/economic-fiscal-outlook-november-2017/,2017-11-22,exact,landing page <time class=date>,,November 2017,False,
obr_fc1f0fbfe5,OBR,efo,forecast_tables,Long-term economic determinants – November 2017 Economic and fiscal outlook,https://obr.uk/download/long-term-economic-determinants-november-2017-economic-fiscal-outlook-2/,https://obr.uk/efo/economic-fiscal-outlook-november-2017/,2017-11-22,exact,landing page <time class=date>,,November 2017,False,
obr_6c052d1776,OBR,efo,forecast_tables,Long-term economic determinants – November 2017 Economic and fiscal outlook,https://obr.uk/download/long-term-economic-determinants-november-2017-economic-fiscal-outlook/,https://obr.uk/efo/economic-fiscal-outlook-november-2017/,2017-11-22,exact,landing page <time class=date>,,November 2017,False,
obr_b75e608040,OBR,efo,other,Household debt servicing costs – November 2017 Economic and fiscal outlook,https://obr.uk/download/household-debt-servicing-costs-november-2017-economic-fiscal-outlook/,https://obr.uk/efo/economic-fiscal-outlook-november-2017/,2017-11-22,exact,landing page <time class=date>,,November 2017,False,
obr_2f830c0e85,OBR,efo,other,Housing supply forecast – November 2017 Economic and fiscal outlook,https://obr.uk/download/housing-supply-forecast-november-2017-economic-fiscal-outlook/,https://obr.uk/efo/economic-fiscal-outlook-november-2017/,2017-11-22,exact,landing page <time class=date>,,November 2017,False,
obr_063321e19f,OBR,efo,other,November 2017 Economic and fiscal outlook – presentation slides,https://obr.uk/download/economic-fiscal-outlook-presentation-slides-november-2017/,https://obr.uk/efo/economic-fiscal-outlook-november-2017/,2017-11-22,exact,landing page <time class=date>,,November 2017,False,
obr_4c0de36398,OBR,efo,other,November 2017 Economic and fiscal outlook – speaking notes,https://obr.uk/download/november-2017-economic-fiscal-outlook-speaking-notes/,https://obr.uk/efo/economic-fiscal-outlook-november-2017/,2017-11-22,exact,landing page <time class=date>,,November 2017,False,
obr_9a7ae381d2,OBR,efo,forecast_narrative,Economic and fiscal outlook – March 2017,https://obr.uk/download/economic-and-fiscal-outlook-march-2017/,https://obr.uk/efo/economic-fiscal-outlook-march-2017/,2017-03-08,exact,landing page <time class=date>,,March 2017,True,report capture available
obr_41c19ec5d5,OBR,efo,other,March 2017 Economic and fiscal outlook – Executive Summary,https://obr.uk/download/march-2017-economic-and-fiscal-outlook-executive-summary/,https://obr.uk/efo/economic-fiscal-outlook-march-2017/,2017-03-08,exact,landing page <time class=date>,,March 2017,False,
obr_8d37c16cb1,OBR,efo,forecast_tables,March 2017 Economic and fiscal outlook – charts and tables: fiscal,https://obr.uk/download/march-2017-economic-and-fiscal-outlook-charts-and-tables-fiscal/,https://obr.uk/efo/economic-fiscal-outlook-march-2017/,2017-03-08,exact,landing page <time class=date>,,March 2017,False,
obr_134be423f8,OBR,efo,forecast_tables,March 2017 Economic and fiscal outlook – charts and tables: economy,https://obr.uk/download/march-2017-economic-and-fiscal-outlook-charts-and-tables-economy/,https://obr.uk/efo/economic-fiscal-outlook-march-2017/,2017-03-08,exact,landing page <time class=date>,,March 2017,False,
obr_326d3cabd8,OBR,efo,forecast_tables,March 2017 Economic and fiscal outlook – supplementary fiscal tables: receipts and other,https://obr.uk/download/march-2017-economic-and-fiscal-outlook-supplementary-fiscal-tables-receipts-and-other/,https://obr.uk/efo/economic-fiscal-outlook-march-2017/,2017-03-08,exact,landing page <time class=date>,,March 2017,False,
obr_16258761a1,OBR,efo,forecast_tables,March 2017 Economic and fiscal outlook – supplementary fiscal tables: expenditure,https://obr.uk/download/march-2017-economic-and-fiscal-outlook-supplementary-fiscal-tables-expenditure/,https://obr.uk/efo/economic-fiscal-outlook-march-2017/,2017-03-08,exact,landing page <time class=date>,,March 2017,False,
obr_425758942e,OBR,efo,forecast_tables,March 2017 Economic and fiscal outlook – supplementary economy tables,https://obr.uk/download/march-2017-economic-and-fiscal-outlook-supplementary-economy-tables/,https://obr.uk/efo/economic-fiscal-outlook-march-2017/,2017-03-08,exact,landing page <time class=date>,,March 2017,False,
obr_a6c61a856d,OBR,efo,other,March 2017 Economic and fiscal outlook – press notice,https://obr.uk/download/march-2017-economic-fiscal-outlook-press-notice/,https://obr.uk/efo/economic-fiscal-outlook-march-2017/,2017-03-08,exact,landing page <time class=date>,,March 2017,False,
obr_f8280aa1c2,OBR,efo,other,March 2017 Devolved taxes forecast,https://obr.uk/download/march-2017-devolved-taxes-forecast/,https://obr.uk/efo/economic-fiscal-outlook-march-2017/,2017-03-08,exact,landing page <time class=date>,,March 2017,False,
obr_09356791e4,OBR,efo,other,"Log of substantive contact between the OBR and Treasury Ministers, Special Advisers and their private office staff between 23 November 2016 and 7 March 2017",https://obr.uk/download/log-substantive-contact-obr-treasury-ministers-special-advisers-private-office-staff-23-november-2016-7-march-2017/,https://obr.uk/efo/economic-fiscal-outlook-march-2017/,2017-03-08,exact,landing page <time class=date>,,March 2017,False,
obr_cadb14d96f,OBR,efo,other,March 2017 Economic and fiscal outlook – data sources,https://obr.uk/download/march-2017-economic-fiscal-outlook-data-sources/,https://obr.uk/efo/economic-fiscal-outlook-march-2017/,2017-03-08,exact,landing page <time class=date>,,March 2017,False,
obr_09ce2db508,OBR,efo,other,Business rates appeals - March 2017 Economic and fiscal outlook,https://obr.uk/download/business-rates-appeals-march-2017-economic-fiscal-outlook/,https://obr.uk/efo/economic-fiscal-outlook-march-2017/,2017-03-08,exact,landing page <time class=date>,,March 2017,False,
obr_9fe2437b90,OBR,efo,other,March 2017 Economic and fiscal outlook – speaking notes,https://obr.uk/download/march-2017-economic-and-fiscal-outlook-speaking-notes/,https://obr.uk/efo/economic-fiscal-outlook-march-2017/,2017-03-08,exact,landing page <time class=date>,,March 2017,False,
obr_e8336eaa4b,OBR,efo,other,March 2017 Economic and fiscal outlook – presentation slides,https://obr.uk/download/march-2017-economic-and-fiscal-outlook-presentation-slides/,https://obr.uk/efo/economic-fiscal-outlook-march-2017/,2017-03-08,exact,landing page <time class=date>,,March 2017,False,
obr_ad2123e1dc,OBR,efo,forecast_narrative,Economic and fiscal outlook - November 2016,https://obr.uk/download/economic-and-fiscal-outlook-november-2016/,https://obr.uk/efo/economic-and-fiscal-outlook-november-2016/,2016-11-23,exact,landing page <time class=date>,,November 2016,True,report capture available
obr_cfd529db2e,OBR,efo,other,Executive Summary - November 2016,https://obr.uk/download/executive-summary-november-2016/,https://obr.uk/efo/economic-and-fiscal-outlook-november-2016/,2016-11-23,exact,landing page <time class=date>,,November 2016,False,
obr_d5e973998a,OBR,efo,forecast_tables,Economic and fiscal outlook charts and tables: Fiscal - November 2016,https://obr.uk/download/economic-and-fiscal-outlook-charts-and-tables-fiscal-november-2016/,https://obr.uk/efo/economic-and-fiscal-outlook-november-2016/,2016-11-23,exact,landing page <time class=date>,,November 2016,False,
obr_768f9fc4a8,OBR,efo,forecast_tables,Economic and fiscal outlook charts and tables: Economy - November 2016,https://obr.uk/download/economic-and-fiscal-outlook-charts-and-tables-economy-november-2016/,https://obr.uk/efo/economic-and-fiscal-outlook-november-2016/,2016-11-23,exact,landing page <time class=date>,,November 2016,False,
obr_93e252cc62,OBR,efo,forecast_tables,Economic and fiscal outlook supplementary fiscal tables: expenditure - November 2016,https://obr.uk/download/economic-and-fiscal-outlook-supplementary-fiscal-tables-expenditure-november-2016/,https://obr.uk/efo/economic-and-fiscal-outlook-november-2016/,2016-11-23,exact,landing page <time class=date>,,November 2016,False,
obr_4028ac925a,OBR,efo,forecast_tables,Economic and fiscal outlook supplementary fiscal tables: receipts and other - November 2016,https://obr.uk/download/economic-and-fiscal-outlook-supplementary-fiscal-tables-receipts-and-other-november-2016/,https://obr.uk/efo/economic-and-fiscal-outlook-november-2016/,2016-11-23,exact,landing page <time class=date>,,November 2016,False,
obr_b38df29692,OBR,efo,forecast_tables,Economic and fiscal outlook supplementary economy tables - November 2016,https://obr.uk/download/economic-fiscal-outlook-supplementary-economy-tables-november-2016/,https://obr.uk/efo/economic-and-fiscal-outlook-november-2016/,2016-11-23,exact,landing page <time class=date>,,November 2016,False,
obr_012819dad1,OBR,efo,other,Economic and fiscal outlook press notice - November 2016,https://obr.uk/download/economic-and-fiscal-outlook-press-notice-november-2016/,https://obr.uk/efo/economic-and-fiscal-outlook-november-2016/,2016-11-23,exact,landing page <time class=date>,,November 2016,False,
obr_e7e55492b3,OBR,efo,other,Devolved taxes forecast - November 2016,https://obr.uk/download/devolved-taxes-forecast-november-2016/,https://obr.uk/efo/economic-and-fiscal-outlook-november-2016/,2016-11-23,exact,landing page <time class=date>,,November 2016,False,
obr_21ffbf9cf0,OBR,efo,other,"Log of substantive contact between the OBR and Treasury Ministers, Special Advisers and their private office staff between 16 March 2016 and 22 November 2016",https://obr.uk/download/log-of-substantive-contact-between-the-obr-and-treasury-ministers-special-advisers-and-their-private-office-staff-november-2016/,https://obr.uk/efo/economic-and-fiscal-outlook-november-2016/,2016-11-23,exact,landing page <time class=date>,,November 2016,False,
obr_974bddfc17,OBR,efo,forecast_tables,Long-term economic determinants,https://obr.uk/download/long-term-economic-determinants/,https://obr.uk/efo/economic-and-fiscal-outlook-november-2016/,2016-11-23,exact,landing page <time class=date>,,November 2016,False,
obr_50ab1ea0f3,OBR,efo,other,Letter from Sir Dave Ramsden to Robert Chote on pre-release access to November 2016 Economic and fiscal outlook,https://obr.uk/download/letter-sir-dave-ramsden-robert-chote-pre-release-access-november-2016-economic-fiscal-outlook/,https://obr.uk/efo/economic-and-fiscal-outlook-november-2016/,2016-11-23,exact,landing page <time class=date>,,November 2016,False,
obr_24e2bc2911,OBR,efo,other,Letter from Robert Chote to Sir Dave Ramsden on pre-release access to November 2016 Economic and fiscal outlook,https://obr.uk/download/letter-robert-chote-sir-dave-ramsden-pre-release-access-november-2016-economic-fiscal-outlook/,https://obr.uk/efo/economic-and-fiscal-outlook-november-2016/,2016-11-23,exact,landing page <time class=date>,,November 2016,False,
obr_19c3787c16,OBR,efo,other,Data sources - November 2016,https://obr.uk/download/data-sources-november-2016/,https://obr.uk/efo/economic-and-fiscal-outlook-november-2016/,2016-11-23,exact,landing page <time class=date>,,November 2016,False,
obr_7adfda00a0,OBR,efo,other,Alternative productivity scenarios - November 2016 Economic and fiscal outlook,https://obr.uk/download/alternative-productivity-scenarios-november-2016-economic-fiscal-outlook/,https://obr.uk/efo/economic-and-fiscal-outlook-november-2016/,2016-11-23,exact,landing page <time class=date>,,November 2016,False,
obr_611c82c177,OBR,efo,other,Oil and gas receipts forecast changes diagnostic - November 2016 Economic and fiscal outlook,https://obr.uk/download/oil-gas-receipts-forecast-changes-diagnostic/,https://obr.uk/efo/economic-and-fiscal-outlook-november-2016/,2016-11-23,exact,landing page <time class=date>,,November 2016,False,
obr_5c48606fb7,OBR,efo,other,Further decomposition of the referendum counterfactual - November 2016 Economic and fiscal outlook,https://obr.uk/download/decomposition-th-referendum-counterfactual/,https://obr.uk/efo/economic-and-fiscal-outlook-november-2016/,2016-11-23,exact,landing page <time class=date>,,November 2016,False,
obr_b394010d44,OBR,efo,forecast_tables,Devolved tax forecasts supplementary release - November 2016 Economic and fiscal outlook,https://obr.uk/download/devolved-tax-forecasts-supplementary-release-november-2016-economic-fiscal-outlook/,https://obr.uk/efo/economic-and-fiscal-outlook-november-2016/,2016-11-23,exact,landing page <time class=date>,,November 2016,False,
obr_f1793ed00a,OBR,efo,other,Economic and fiscal outlook speaking notes - November 2016,https://obr.uk/download/economic-and-fiscal-outlook-speaking-notes-november-2016/,https://obr.uk/efo/economic-and-fiscal-outlook-november-2016/,2016-11-23,exact,landing page <time class=date>,,November 2016,False,
obr_ace07cb2e6,OBR,efo,other,Economic and fiscal outlook presentation slides - November 2016,https://obr.uk/download/economic-and-fiscal-outlook-presentation-slides-november-2016/,https://obr.uk/efo/economic-and-fiscal-outlook-november-2016/,2016-11-23,exact,landing page <time class=date>,,November 2016,False,
obr_c94d151322,OBR,efo,forecast_narrative,Economic and fiscal outlook - March 2016,https://obr.uk/download/economic-and-fiscal-outlook-march-2016/,https://obr.uk/efo/economic-fiscal-outlook-march-2016/,2016-03-16,exact,landing page <time class=date>,,March 2016,True,report capture available
obr_0b7ca35872,OBR,efo,other,Overview - March 2016,https://obr.uk/download/overview-march-2016/,https://obr.uk/efo/economic-fiscal-outlook-march-2016/,2016-03-16,exact,landing page <time class=date>,,March 2016,False,
obr_2bb3a19006,OBR,efo,other,Executive Summary - March 2016,https://obr.uk/download/executive-summary-march-2016/,https://obr.uk/efo/economic-fiscal-outlook-march-2016/,2016-03-16,exact,landing page <time class=date>,,March 2016,False,
obr_04609425e4,OBR,efo,forecast_tables,Economic and fiscal outlook charts and tables - March 2016,https://obr.uk/download/economic-and-fiscal-outlook-charts-and-tables-march-2016/,https://obr.uk/efo/economic-fiscal-outlook-march-2016/,2016-03-16,exact,landing page <time class=date>,,March 2016,False,
obr_e889d6e68f,OBR,efo,forecast_tables,Economic and fiscal outlook supplementary fiscal tables - March 2016,https://obr.uk/download/economic-and-fiscal-outlook-supplementary-fiscal-tables-march-2016/,https://obr.uk/efo/economic-fiscal-outlook-march-2016/,2016-03-16,exact,landing page <time class=date>,,March 2016,False,
obr_9679ec398f,OBR,efo,forecast_tables,Economic and fiscal outlook supplementary economy tables - March 2016,https://obr.uk/download/economic-and-fiscal-outlook-supplementary-economy-tables-march-2016/,https://obr.uk/efo/economic-fiscal-outlook-march-2016/,2016-03-16,exact,landing page <time class=date>,,March 2016,False,
obr_a2c016780d,OBR,efo,other,Economic and fiscal outlook press notice - March 2016,https://obr.uk/download/economic-and-fiscal-outlook-press-notice-march-2016/,https://obr.uk/efo/economic-fiscal-outlook-march-2016/,2016-03-16,exact,landing page <time class=date>,,March 2016,False,
obr_e56bd68aeb,OBR,efo,other,Devolved taxes forecast - March 2016,https://obr.uk/download/devolved-taxes-forecast-march-2016/,https://obr.uk/efo/economic-fiscal-outlook-march-2016/,2016-03-16,exact,landing page <time class=date>,,March 2016,False,
obr_bb5b0f11c0,OBR,efo,other,"Log of substantive contact between the OBR and Treasury Ministers, Special Advisers and their private office staff between 25 November 2015 and 15 March 2016",https://obr.uk/download/log-of-substantive-contact-between-the-obr-and-treasury-ministers-special-advisers-and-their-private-office-staff-between-25-november-2015-and-15-march-2016/,https://obr.uk/efo/economic-fiscal-outlook-march-2016/,2016-03-16,exact,landing page <time class=date>,,March 2016,False,
obr_84bc258f7b,OBR,efo,other,Data sources - March 2016,https://obr.uk/download/data-sources-march-2016/,https://obr.uk/efo/economic-fiscal-outlook-march-2016/,2016-03-16,exact,landing page <time class=date>,,March 2016,False,
obr_27fed0de34,OBR,efo,other,Non-residential SDLT elasticities - March 2016 Economic and fiscal outlook,https://obr.uk/download/non-residential-sdlt-elasticities-march-2017-economic-fiscal-outlook/,https://obr.uk/efo/economic-fiscal-outlook-march-2016/,2016-03-16,exact,landing page <time class=date>,,March 2016,False,
obr_d28891892b,OBR,efo,other,Universal credit (UC) caseload forecasts - March 2016 Economic and fiscal outlook,https://obr.uk/download/universal-credit-uc-caseload-forecasts-march-2016-economic-fiscal-outlook/,https://obr.uk/efo/economic-fiscal-outlook-march-2016/,2016-03-16,exact,landing page <time class=date>,,March 2016,False,
obr_11ddd0cc0e,OBR,efo,other,Economic and fiscal outlook speaking notes - March 2016,https://obr.uk/download/economic-and-fiscal-outlook-speaking-notes-march-2016/,https://obr.uk/efo/economic-fiscal-outlook-march-2016/,2016-03-16,exact,landing page <time class=date>,,March 2016,False,
obr_235572f72b,OBR,efo,other,Economic and fiscal outlook presentation slides - March 2016,https://obr.uk/download/economic-fiscal-outlook-presentation-slides-march-2016/,https://obr.uk/efo/economic-fiscal-outlook-march-2016/,2016-03-16,exact,landing page <time class=date>,,March 2016,False,
obr_b011b118ae,OBR,efo,forecast_narrative,Economic and fiscal outlook - November 2015,https://obr.uk/download/economic-and-fiscal-outlook-november-2015/,https://obr.uk/efo/economic-and-fiscal-outlook-november-2015/,2015-11-25,exact,landing page <time class=date>,,November 2015,True,report capture available
obr_8ee2b5010a,OBR,efo,other,Overview – November 2015,https://obr.uk/download/overview-november-2015/,https://obr.uk/efo/economic-and-fiscal-outlook-november-2015/,2015-11-25,exact,landing page <time class=date>,,November 2015,False,
obr_cb9fe3bbe8,OBR,efo,other,Executive Summary - November 2015,https://obr.uk/download/executive-summary-november-2015/,https://obr.uk/efo/economic-and-fiscal-outlook-november-2015/,2015-11-25,exact,landing page <time class=date>,,November 2015,False,
obr_d8cc3e63c8,OBR,efo,forecast_tables,Economic and fiscal outlook charts and tables - November 2015,https://obr.uk/download/economic-and-fiscal-outlook-charts-and-tables-november-2015/,https://obr.uk/efo/economic-and-fiscal-outlook-november-2015/,2015-11-25,exact,landing page <time class=date>,,November 2015,False,
obr_cba2cff5b6,OBR,efo,forecast_tables,Economic and fiscal outlook supplementary economy tables - November 2015,https://obr.uk/download/economic-and-fiscal-outlook-supplementary-economy-tables-november-2015/,https://obr.uk/efo/economic-and-fiscal-outlook-november-2015/,2015-11-25,exact,landing page <time class=date>,,November 2015,False,
obr_9499c7449c,OBR,efo,forecast_tables,Economic and fiscal outlook supplementary fiscal tables – November 2015,https://obr.uk/download/economic-and-fiscal-outlook-supplementary-fiscal-tables-november-2015/,https://obr.uk/efo/economic-and-fiscal-outlook-november-2015/,2015-11-25,exact,landing page <time class=date>,,November 2015,False,
obr_03e0695c95,OBR,efo,other,Economic and fiscal outlook press notice - November 2015,https://obr.uk/download/economic-and-fiscal-outlook-press-notice-november-2015/,https://obr.uk/efo/economic-and-fiscal-outlook-november-2015/,2015-11-25,exact,landing page <time class=date>,,November 2015,False,
obr_f34002a5ae,OBR,efo,other,Devolved taxes forecast – November 2015,https://obr.uk/download/devolved-taxes-forecast-november-2015/,https://obr.uk/efo/economic-and-fiscal-outlook-november-2015/,2015-11-25,exact,landing page <time class=date>,,November 2015,False,
obr_1203ad6f57,OBR,efo,other,"Log of substantive contact between the OBR and Treasury Ministers, Special Advisers and their private office staff between 8 July 2015 and 24 November 2015",https://obr.uk/download/log-of-substantive-contact-between-the-obr-and-treasury-ministers-special-advisers-and-their-private-office-staff-between-8-july-2015-and-24-november-2015/,https://obr.uk/efo/economic-and-fiscal-outlook-november-2015/,2015-11-25,exact,landing page <time class=date>,,November 2015,False,
obr_7146b754e5,OBR,efo,other,Data sources - November 2015,https://obr.uk/download/data-sources-november-2015/,https://obr.uk/efo/economic-and-fiscal-outlook-november-2015/,2015-11-25,exact,landing page <time class=date>,,November 2015,False,
obr_ed2aa6953a,OBR,efo,other,Number of employees paid the National Living Wage - November 2015 Economic and fiscal outlook,https://obr.uk/download/number-of-employees-paid-the-national-living-wage/,https://obr.uk/efo/economic-and-fiscal-outlook-november-2015/,2015-11-25,exact,landing page <time class=date>,,November 2015,False,
obr_6ed90647dd,OBR,efo,other,Tax credits costings – November 2015 Economic and fiscal outlook,https://obr.uk/download/tax-credits-costings-november-2015-economic-and-fiscal-outlook/,https://obr.uk/efo/economic-and-fiscal-outlook-november-2015/,2015-11-25,exact,landing page <time class=date>,,November 2015,False,
obr_cb88a4729c,OBR,efo,other,Year-by-year changes in the cyclically adjusted current budget – November 2015 Economic and fiscal outlook,https://obr.uk/download/year-by-year-changes-in-the-cyclically-adjusted-current-budget-november-2015-economic-and-fiscal-outlook/,https://obr.uk/efo/economic-and-fiscal-outlook-november-2015/,2015-11-25,exact,landing page <time class=date>,,November 2015,False,
obr_236125478a,OBR,efo,other,Renewable heat incentive – November 2015 Economic and fiscal outlook,https://obr.uk/download/renewable-heat-incentive-november-2015-economic-and-fiscal-outlook/,https://obr.uk/efo/economic-and-fiscal-outlook-november-2015/,2015-11-25,exact,landing page <time class=date>,,November 2015,False,
obr_339c9bbe10,OBR,efo,other,Year-by-year changes in the cyclically adjusted current budget (data) – November 2015 Economic and fiscal outlook,https://obr.uk/download/year-by-year-changes-in-the-cyclically-adjusted-current-budget-data-november-2015-economic-and-fiscal-outlook/,https://obr.uk/efo/economic-and-fiscal-outlook-november-2015/,2015-11-25,exact,landing page <time class=date>,,November 2015,False,
obr_93d60934f3,OBR,efo,other,Correction to Table 4.32 - November 2015 Economic and fiscal outlook,https://obr.uk/download/correction-to-table-4-32-november-2015-economic-and-fiscal-outlook/,https://obr.uk/efo/economic-and-fiscal-outlook-november-2015/,2015-11-25,exact,landing page <time class=date>,,November 2015,False,
obr_f0b744dfca,OBR,efo,other,EFO presentation slides – November 2015,https://obr.uk/download/efo-presentation-slides-november-2015/,https://obr.uk/efo/economic-and-fiscal-outlook-november-2015/,2015-11-25,exact,landing page <time class=date>,,November 2015,False,
obr_e8144f5e8f,OBR,efo,other,EFO speaking notes – November 2015,https://obr.uk/download/efo-speaking-notes-november-2015/,https://obr.uk/efo/economic-and-fiscal-outlook-november-2015/,2015-11-25,exact,landing page <time class=date>,,November 2015,False,
obr_b551bac32e,OBR,efo,forecast_narrative,Economic and fiscal outlook - July 2015,https://obr.uk/download/economic-and-fiscal-outlook-july-2015/,https://obr.uk/efo/economic-fiscal-outlook-july-2015/,2015-07-08,exact,landing page <time class=date>,,July 2015,True,report link not archived; same report archived at http://obr.uk/docs/dlm_uploads/July-2015-EFO-234224.pdf (title page verified)
obr_42eb821484,OBR,efo,other,Overview – July 2015,https://obr.uk/download/overview-july-2015/,https://obr.uk/efo/economic-fiscal-outlook-july-2015/,2015-07-08,exact,landing page <time class=date>,,July 2015,False,
obr_03aa93526e,OBR,efo,other,Executive Summary - July 2015,https://obr.uk/download/executive-summary-july-2015/,https://obr.uk/efo/economic-fiscal-outlook-july-2015/,2015-07-08,exact,landing page <time class=date>,,July 2015,False,
obr_1f8b6d6edc,OBR,efo,forecast_tables,Economic and fiscal outlook charts and tables - July 2015,https://obr.uk/download/economic-and-fiscal-outlook-charts-and-tables-july-2015/,https://obr.uk/efo/economic-fiscal-outlook-july-2015/,2015-07-08,exact,landing page <time class=date>,,July 2015,False,
obr_d1ba2fb8ee,OBR,efo,forecast_tables,Economic and fiscal outlook supplementary economy tables - July 2015,https://obr.uk/download/economic-and-fiscal-outlook-supplementary-economy-tables-july-2015/,https://obr.uk/efo/economic-fiscal-outlook-july-2015/,2015-07-08,exact,landing page <time class=date>,,July 2015,False,
obr_e3bd6b88d3,OBR,efo,forecast_tables,Economic and fiscal outlook supplementary fiscal tables – July 2015,https://obr.uk/download/economic-and-fiscal-outlook-supplementary-fiscal-tables-july-2015-2/,https://obr.uk/efo/economic-fiscal-outlook-july-2015/,2015-07-08,exact,landing page <time class=date>,,July 2015,False,
obr_2ca0564ec4,OBR,efo,other,Economic and fiscal outlook press notice - July 2015,https://obr.uk/download/economic-and-fiscal-outlook-press-notice-july-2015/,https://obr.uk/efo/economic-fiscal-outlook-july-2015/,2015-07-08,exact,landing page <time class=date>,,July 2015,False,
obr_07712e2fb4,OBR,efo,other,Devolved taxes forecast – July 2015,https://obr.uk/download/devolved-taxes-forecast-july-2015/,https://obr.uk/efo/economic-fiscal-outlook-july-2015/,2015-07-08,exact,landing page <time class=date>,,July 2015,False,
obr_3be51c36cc,OBR,efo,other,"Log of substantive contact between the OBR and Treasury Ministers, Special Advisers and their private office staff between 18 March 2015 and 7 July 2015",https://obr.uk/download/log-of-substantive-contact-between-the-obr-and-treasury-ministers-special-advisers-and-their-private-office-staff-between-18-march-2015-and-7-july-2015/,https://obr.uk/efo/economic-fiscal-outlook-july-2015/,2015-07-08,exact,landing page <time class=date>,,July 2015,False,
obr_f0cd4a637e,OBR,efo,other,Data sources - July 2015,https://obr.uk/download/data-sources-july-2015/,https://obr.uk/efo/economic-fiscal-outlook-july-2015/,2015-07-08,exact,landing page <time class=date>,,July 2015,False,
obr_1a9d727a7a,OBR,efo,other,Student numbers - July 2015 Economic and fiscal outlook,https://obr.uk/download/student-numbers-july-2015-economic-and-fiscal-outlook/,https://obr.uk/efo/economic-fiscal-outlook-july-2015/,2015-07-08,exact,landing page <time class=date>,,July 2015,False,
obr_31b2746b23,OBR,efo,other,Climate Change Levy - July 2015 Economic and fiscal outlook,https://obr.uk/download/climate-change-levy-july-2015-economic-and-fiscal-outlook/,https://obr.uk/efo/economic-fiscal-outlook-july-2015/,2015-07-08,exact,landing page <time class=date>,,July 2015,False,
obr_6197712455,OBR,efo,other,"EU transactions forecast (€, calendar years) - July 2015 Economic and fiscal outlook",https://obr.uk/download/eu-transactions-forecast-e-calendar-years-july-2015-economic-and-fiscal-outlook/,https://obr.uk/efo/economic-fiscal-outlook-july-2015/,2015-07-08,exact,landing page <time class=date>,,July 2015,False,
obr_49954183d8,OBR,efo,other,Student loans forecast - July 2015 Economic and fiscal outlook,https://obr.uk/download/student-loans-forecast-july-2015-economic-and-fiscal-outlook/,https://obr.uk/efo/economic-fiscal-outlook-july-2015/,2015-07-08,exact,landing page <time class=date>,,July 2015,False,
obr_454038c0fd,OBR,efo,other,Correction to Table 1.2 - July 2015 Economic and fiscal outlook,https://obr.uk/download/correction-to-table-1-2-july-2015-economic-and-fiscal-outlook/,https://obr.uk/efo/economic-fiscal-outlook-july-2015/,2015-07-08,exact,landing page <time class=date>,,July 2015,False,
obr_84c5f9e016,OBR,efo,other,Correction to Table 4.19 July 2015 Economic and fiscal outlook,https://obr.uk/download/correction-to-table-4-19-july-2015-economic-and-fiscal-outlook/,https://obr.uk/efo/economic-fiscal-outlook-july-2015/,2015-07-08,exact,landing page <time class=date>,,July 2015,False,
obr_b4569a3a6d,OBR,efo,other,EFO presentation slides – July 2015,https://obr.uk/download/efo-presentation-slides-july-2015/,https://obr.uk/efo/economic-fiscal-outlook-july-2015/,2015-07-08,exact,landing page <time class=date>,,July 2015,False,
obr_26a1d627e3,OBR,efo,other,EFO speaking notes – July 2015,https://obr.uk/download/efo-speaking-notes-july-2015/,https://obr.uk/efo/economic-fiscal-outlook-july-2015/,2015-07-08,exact,landing page <time class=date>,,July 2015,False,
obr_a00de498a3,OBR,efo,forecast_narrative,Economic and fiscal outlook - March 2015,https://obr.uk/download/economic-and-fiscal-outlook-march-2015/,https://obr.uk/efo/economic-fiscal-outlook-march-2015/,2015-03-18,exact,landing page <time class=date>,,March 2015,True,report link not archived; same report archived at https://obr.uk/docs/dlm_uploads/March2015EFO_18-03-webv1.pdf (title page verified)
obr_61bc37550d,OBR,efo,other,Overview – March 2015,https://obr.uk/download/overview-march-2015/,https://obr.uk/efo/economic-fiscal-outlook-march-2015/,2015-03-18,exact,landing page <time class=date>,,March 2015,False,
obr_7ed7cf2cae,OBR,efo,other,Executive Summary - March 2015,https://obr.uk/download/executive-summary-march-2015/,https://obr.uk/efo/economic-fiscal-outlook-march-2015/,2015-03-18,exact,landing page <time class=date>,,March 2015,False,
obr_7915827c3d,OBR,efo,forecast_tables,Economic and fiscal outlook charts and tables - March 2015,https://obr.uk/download/economic-and-fiscal-outlook-charts-and-tables-march-2015/,https://obr.uk/efo/economic-fiscal-outlook-march-2015/,2015-03-18,exact,landing page <time class=date>,,March 2015,False,
obr_5f60e6493d,OBR,efo,forecast_tables,Economic and fiscal outlook supplementary economy tables - March 2015,https://obr.uk/download/economic-and-fiscal-outlook-supplementary-economy-tables-march-2015/,https://obr.uk/efo/economic-fiscal-outlook-march-2015/,2015-03-18,exact,landing page <time class=date>,,March 2015,False,
obr_64881c4c4f,OBR,efo,forecast_tables,Economic and fiscal outlook supplementary fiscal tables – March 2015,https://obr.uk/download/economic-and-fiscal-outlook-supplementary-fiscal-tables-march-2015-2/,https://obr.uk/efo/economic-fiscal-outlook-march-2015/,2015-03-18,exact,landing page <time class=date>,,March 2015,False,
obr_e2e385ea7c,OBR,efo,other,Economic and fiscal outlook press notice - March 2015,https://obr.uk/download/economic-and-fiscal-outlook-press-notice-march-2015/,https://obr.uk/efo/economic-fiscal-outlook-march-2015/,2015-03-18,exact,landing page <time class=date>,,March 2015,False,
obr_e1941b8ef2,OBR,efo,other,Devolved taxes – March 2015,https://obr.uk/download/devolved-taxes-march-2015/,https://obr.uk/efo/economic-fiscal-outlook-march-2015/,2015-03-18,exact,landing page <time class=date>,,March 2015,False,
obr_b1a30a04d5,OBR,efo,other,Letter from Robert Chote to Sir Dave Ramsden on incorporating the Government's medium term public spending assumption in the March 2015 Economic and fiscal outlook,https://obr.uk/download/letter-from-robert-chote-chairman-of-the-obr-to-sir-dave-ramsden-chief-economic-adviser-hm-treasury/,https://obr.uk/efo/economic-fiscal-outlook-march-2015/,2015-03-18,exact,landing page <time class=date>,,March 2015,False,
obr_98bfe52d00,OBR,efo,other,Letter from Sir Dave Ramsden to Robert Chote on incorporating the Government's medium term public spending assumption in the March 2015 Economic and fiscal outlook,https://obr.uk/download/letter-from-sir-dave-ramsden-chief-economic-adviser-hm-treasury-to-robert-chote-chairman-of-the-obr/,https://obr.uk/efo/economic-fiscal-outlook-march-2015/,2015-03-18,exact,landing page <time class=date>,,March 2015,False,
obr_ae845ec4a0,OBR,efo,other,"Letter from James Richardson, HM Treasury, to Robert Chote on correction to CGNCRex",https://obr.uk/download/letter-from-hm-treasury-on-correction-to-cgncrex/,https://obr.uk/efo/economic-fiscal-outlook-march-2015/,2015-03-18,exact,landing page <time class=date>,,March 2015,False,
obr_395db4ef12,OBR,efo,other,"Log of substantive contact between the OBR and Treasury Ministers, Special Advisers and their private office staff between 3 December 2014 and 17 March 2015",https://obr.uk/download/log-of-substantive-contact-between-the-obr-and-treasury-ministers-special-advisers-and-their-private-office-staff-between-3-december-2014-and-17-march-2015/,https://obr.uk/efo/economic-fiscal-outlook-march-2015/,2015-03-18,exact,landing page <time class=date>,,March 2015,False,
obr_4c45064695,OBR,efo,other,Data sources - March 2015,https://obr.uk/download/data-sources-march-2015/,https://obr.uk/efo/economic-fiscal-outlook-march-2015/,2015-03-18,exact,landing page <time class=date>,,March 2015,False,
obr_198e7982e5,OBR,efo,other,Correction to the landfill tax revenue forecast - March 2015 Economic and fiscal outlook,https://obr.uk/download/correction-to-the-landfill-tax-revenue-forecast-march-2015-economic-and-fiscal-outlook/,https://obr.uk/efo/economic-fiscal-outlook-march-2015/,2015-03-18,exact,landing page <time class=date>,,March 2015,False,
obr_19633a3a68,OBR,efo,other,Correction to Treaty debt ratio forecast - March 2015 Economic and fiscal outlook,https://obr.uk/download/correction-to-treaty-debt-ratio-forecast-march-2015-economic-and-fiscal-outlook/,https://obr.uk/efo/economic-fiscal-outlook-march-2015/,2015-03-18,exact,landing page <time class=date>,,March 2015,False,
obr_3c2fc6b464,OBR,efo,other,Spending assumptions 2011- 2015,https://obr.uk/download/spending-assumptions-2011-2015/,https://obr.uk/efo/economic-fiscal-outlook-march-2015/,2015-03-18,exact,landing page <time class=date>,,March 2015,False,
obr_4afd5cbc85,OBR,efo,other,Correction to Table 4.D – March 2015 Economic and fiscal outlook,https://obr.uk/download/correction-to-table-4-d-march-2015-economic-and-fiscal-outlook/,https://obr.uk/efo/economic-fiscal-outlook-march-2015/,2015-03-18,exact,landing page <time class=date>,,March 2015,False,
obr_e46b2c3cfb,OBR,efo,other,Economic and fiscal outlook press conference slides – March 2015,https://obr.uk/download/economic-and-fiscal-outlook-press-conference-slides-march-2015/,https://obr.uk/efo/economic-fiscal-outlook-march-2015/,2015-03-18,exact,landing page <time class=date>,,March 2015,False,
obr_dffbca7d57,OBR,efo,other,Economic and fiscal outlook speaking notes - March 2015,https://obr.uk/download/economic-and-fiscal-outlook-speaking-notes-march-2015/,https://obr.uk/efo/economic-fiscal-outlook-march-2015/,2015-03-18,exact,landing page <time class=date>,,March 2015,False,
obr_e3ac9255d4,OBR,efo,forecast_narrative,Economic and fiscal outlook – December 2014,https://obr.uk/download/economic-and-fiscal-outlook-december-2014/,https://obr.uk/efo/economic-fiscal-outlook-december-2014/,2014-12-03,exact,landing page <time class=date>,,December 2014,True,report link not archived; same report archived at http://budgetresponsibility.org.uk/docs/dlm_uploads/December_2014_EFO-web513.pdf (title page verified)
obr_b8cd47627e,OBR,efo,other,Overview – December 2014,https://obr.uk/download/overview-december-2014/,https://obr.uk/efo/economic-fiscal-outlook-december-2014/,2014-12-03,exact,landing page <time class=date>,,December 2014,False,
obr_10c27d3003,OBR,efo,other,Executive summary – December 2014,https://obr.uk/download/executive-summary-december-2014/,https://obr.uk/efo/economic-fiscal-outlook-december-2014/,2014-12-03,exact,landing page <time class=date>,,December 2014,False,
obr_b6324c43cc,OBR,efo,forecast_tables,Economic and fiscal outlook charts and tables - December 2014,https://obr.uk/download/economic-and-fiscal-outlook-charts-and-tables-december-2014/,https://obr.uk/efo/economic-fiscal-outlook-december-2014/,2014-12-03,exact,landing page <time class=date>,,December 2014,False,
obr_b98b9ca111,OBR,efo,forecast_tables,Economic and fiscal outlook supplementary fiscal tables – December 2014,https://obr.uk/download/economic-and-fiscal-outlook-supplementary-fiscal-tables-december-2014-2/,https://obr.uk/efo/economic-fiscal-outlook-december-2014/,2014-12-03,exact,landing page <time class=date>,,December 2014,False,
obr_eb41a856fc,OBR,efo,other,Devolved taxes forecast - December 2014,https://obr.uk/download/devolved-taxes-forecast-december-2014/,https://obr.uk/efo/economic-fiscal-outlook-december-2014/,2014-12-03,exact,landing page <time class=date>,,December 2014,False,
obr_10be1a28df,OBR,efo,other,"Log of substantive contact between the OBR and Treasury Ministers, Special Advisers and their private office staff between 16 October 2014 and 2 December 2014",https://obr.uk/download/log-of-substantive-contact-between-the-obr-and-treasury-ministers-special-advisers-and-their-private-office-staff-between-16-october-2014-and-2-december-2014/,https://obr.uk/efo/economic-fiscal-outlook-december-2014/,2014-12-03,exact,landing page <time class=date>,,December 2014,False,
obr_59952f166d,OBR,efo,other,Economic and fiscal outlook press notice - December 2014,https://obr.uk/download/economic-and-fiscal-outlook-press-notice-december-2014/,https://obr.uk/efo/economic-fiscal-outlook-december-2014/,2014-12-03,exact,landing page <time class=date>,,December 2014,False,
obr_062d068f17,OBR,efo,forecast_tables,Economic and fiscal outlook supplementary economy tables - December 2014,https://obr.uk/download/economic-and-fiscal-outlook-supplementary-economy-tables-december-2014-2/,https://obr.uk/efo/economic-fiscal-outlook-december-2014/,2014-12-03,exact,landing page <time class=date>,,December 2014,False,
obr_a7ce440a16,OBR,efo,other,Letter from Andrew Tyrie to Robert Chote on uncertainty ratings of policy costings,https://obr.uk/download/letter-from-andrew-tyrie-to-robert-chote-2/,https://obr.uk/efo/economic-fiscal-outlook-december-2014/,2014-12-03,exact,landing page <time class=date>,,December 2014,False,
obr_096b78afdb,OBR,efo,other,Letter from Robert Chote to Andrew Tyrie on uncertainty ratings of policy costings,https://obr.uk/download/letter-from-robert-chote-to-andrew-tyrie-3/,https://obr.uk/efo/economic-fiscal-outlook-december-2014/,2014-12-03,exact,landing page <time class=date>,,December 2014,False,
obr_759b5d6a42,OBR,efo,other,Data sources - December 2014,https://obr.uk/download/data-sources-december-2014/,https://obr.uk/efo/economic-fiscal-outlook-december-2014/,2014-12-03,exact,landing page <time class=date>,,December 2014,False,
obr_9bcff6bfc1,OBR,efo,other,Stamp duty land tax policy costing elasticities – December 2014,https://obr.uk/download/stamp-duty-land-tax-policy-costing-elasticities-december-2014/,https://obr.uk/efo/economic-fiscal-outlook-december-2014/,2014-12-03,exact,landing page <time class=date>,,December 2014,False,
obr_87a54e1418,OBR,efo,other,November 2010 tax credits forecast on a comparable December 2014 forecast basis,https://obr.uk/download/november-2010-tax-credits-forecast-on-a-comparable-december-2014-forecast-basis/,https://obr.uk/efo/economic-fiscal-outlook-december-2014/,2014-12-03,exact,landing page <time class=date>,,December 2014,False,
obr_ee5f7372ce,OBR,efo,other,Breakdown of Scottish land and buildings transactions tax receipts - December 2014,https://obr.uk/download/breakdown-of-scottish-land-and-buildings-transactions-tax-receipts-december-2014/,https://obr.uk/efo/economic-fiscal-outlook-december-2014/,2014-12-03,exact,landing page <time class=date>,,December 2014,False,
obr_4a2bd7118e,OBR,efo,other,Implied resource departmental expenditure limits spending - December 2014,https://obr.uk/download/implied-resource-departmental-expenditure-limits-spending-december-2014/,https://obr.uk/efo/economic-fiscal-outlook-december-2014/,2014-12-03,exact,landing page <time class=date>,,December 2014,False,
obr_01be7a2985,OBR,efo,other,Correction to Table 1.2 and Table 4.44 - December 2014,https://obr.uk/download/correction-to-table-1-2-and-table-4-44-december-2014/,https://obr.uk/efo/economic-fiscal-outlook-december-2014/,2014-12-03,exact,landing page <time class=date>,,December 2014,False,
obr_d5972f617a,OBR,efo,other,Correction to Table 4.20 - December 2014,https://obr.uk/download/correction-to-table-4-20-december-2014/,https://obr.uk/efo/economic-fiscal-outlook-december-2014/,2014-12-03,exact,landing page <time class=date>,,December 2014,False,
obr_223e7a4c54,OBR,efo,other,Debt interest changes since our March forecast - December 2014,https://obr.uk/download/debt-interest-changes-since-our-march-forecast-december-2014/,https://obr.uk/efo/economic-fiscal-outlook-december-2014/,2014-12-03,exact,landing page <time class=date>,,December 2014,False,
obr_b74d016b8c,OBR,efo,other,EFO presentation slides - December 2014,https://obr.uk/download/efo-presentation-slides-december-2014/,https://obr.uk/efo/economic-fiscal-outlook-december-2014/,2014-12-03,exact,landing page <time class=date>,,December 2014,False,
obr_c028143c64,OBR,efo,other,EFO speaking notes - December 2014,https://obr.uk/download/efo-speaking-notes-december-2014/,https://obr.uk/efo/economic-fiscal-outlook-december-2014/,2014-12-03,exact,landing page <time class=date>,,December 2014,False,
obr_d762a26cdf,OBR,efo,forecast_narrative,Economic and fiscal outlook - March 2014,https://obr.uk/download/economic-and-fiscal-outlook-march-2014/,https://obr.uk/efo/economic-fiscal-outlook-march-2014/,2014-03-19,exact,landing page <time class=date>,,March 2014,True,report capture available
obr_46a8302288,OBR,efo,other,"Log of substantive contact between the OBR and Treasury Ministers, Special Advisers and their private office staff between 6 December 2013 and 18 March 2014",https://obr.uk/download/log-of-substantive-contact-between-the-obr-and-treasury-ministers-special-advisers-and-their-private-office-staff-between-6-december-2013-and-18-march-2014/,https://obr.uk/efo/economic-fiscal-outlook-march-2014/,2014-03-19,exact,landing page <time class=date>,,March 2014,False,
obr_68f918ef53,OBR,efo,other,Scottish taxes forecast - March 2014,https://obr.uk/download/scottish-taxes-forecast-march-2014/,https://obr.uk/efo/economic-fiscal-outlook-march-2014/,2014-03-19,exact,landing page <time class=date>,,March 2014,False,
obr_19b45dfac7,OBR,efo,forecast_tables,Economic and fiscal outlook supplementary economy tables - March 2014,https://obr.uk/download/economic-and-fiscal-outlook-supplementary-economy-tables-march-2014/,https://obr.uk/efo/economic-fiscal-outlook-march-2014/,2014-03-19,exact,landing page <time class=date>,,March 2014,False,
obr_f3f0a1d6dc,OBR,efo,forecast_tables,Economic and fiscal outlook supplementary fiscal tables - March 2014,https://obr.uk/download/economic-and-fiscal-outlook-supplementary-fiscal-tables-march-2014/,https://obr.uk/efo/economic-fiscal-outlook-march-2014/,2014-03-19,exact,landing page <time class=date>,,March 2014,False,
obr_ee9a102795,OBR,efo,forecast_tables,Economic and fiscal outlook charts and tables - March 2014,https://obr.uk/download/economic-and-fiscal-outlook-charts-and-tables-march-2014/,https://obr.uk/efo/economic-fiscal-outlook-march-2014/,2014-03-19,exact,landing page <time class=date>,,March 2014,False,
obr_948cf0fac9,OBR,efo,other,Economic and fiscal outlook press notice - March 2014,https://obr.uk/download/economic-and-fiscal-outlook-press-notice-march-2014/,https://obr.uk/efo/economic-fiscal-outlook-march-2014/,2014-03-19,exact,landing page <time class=date>,,March 2014,False,
obr_b6b32ee6f7,OBR,efo,other,Executive Summary - March 2014,https://obr.uk/download/executive-summary-march-2014/,https://obr.uk/efo/economic-fiscal-outlook-march-2014/,2014-03-19,exact,landing page <time class=date>,,March 2014,False,
obr_0203a97155,OBR,efo,other,Data sources - March 2014,https://obr.uk/download/data-sources-march-2014/,https://obr.uk/efo/economic-fiscal-outlook-march-2014/,2014-03-19,exact,landing page <time class=date>,,March 2014,False,
obr_89b9673a3f,OBR,efo,other,Residential property transactions - March 2014,https://obr.uk/download/residential-property-transactions-march-2014/,https://obr.uk/efo/economic-fiscal-outlook-march-2014/,2014-03-19,exact,landing page <time class=date>,,March 2014,False,
obr_2982004cd7,OBR,efo,other,Eligible rent assumptions - March 2014,https://obr.uk/download/eligible-rent-assumptions-march-2014/,https://obr.uk/efo/economic-fiscal-outlook-march-2014/,2014-03-19,exact,landing page <time class=date>,,March 2014,False,
obr_818b005b21,OBR,efo,other,Mortgage interest rate forecast - March 2014,https://obr.uk/download/mortgage-interest-rate-forecast-march-2014-2/,https://obr.uk/efo/economic-fiscal-outlook-march-2014/,2014-03-19,exact,landing page <time class=date>,,March 2014,False,
obr_4401f94595,OBR,efo,other,Number of deaths subject to inheritance tax - March 2014,https://obr.uk/download/number-of-deaths-subject-to-inheritance-tax-march-2014/,https://obr.uk/efo/economic-fiscal-outlook-march-2014/,2014-03-19,exact,landing page <time class=date>,,March 2014,False,
obr_91f8579516,OBR,efo,other,Mortgage debt component of household debt - March 2014,https://obr.uk/download/mortgage-debt-component-of-household-debt-march-2014-2/,https://obr.uk/efo/economic-fiscal-outlook-march-2014/,2014-03-19,exact,landing page <time class=date>,,March 2014,False,
obr_b5f899a392,OBR,efo,other,Mortgage debt component of household debt - March 2014,https://obr.uk/download/mortgage-debt-component-of-household-debt-march-2014/,https://obr.uk/efo/economic-fiscal-outlook-march-2014/,2014-03-19,exact,landing page <time class=date>,,March 2014,False,
obr_f829797c99,OBR,efo,other,Housing benefit tenure assumptions - March 2014,https://obr.uk/download/housing-benefit-tenure-assumptions-march-2014/,https://obr.uk/efo/economic-fiscal-outlook-march-2014/,2014-03-19,exact,landing page <time class=date>,,March 2014,False,
obr_80b9a5d51b,OBR,efo,other,Hand-rolled tobacco clearances forecast - March 2014,https://obr.uk/download/hand-rolled-tobacco-clearances-forecast-march-2014/,https://obr.uk/efo/economic-fiscal-outlook-march-2014/,2014-03-19,exact,landing page <time class=date>,,March 2014,False,
obr_94c1f2ced6,OBR,efo,other,Economic and fiscal outlook conference slides – March 2014,https://obr.uk/download/economic-and-fiscal-outlook-conference-slides-march-2014/,https://obr.uk/efo/economic-fiscal-outlook-march-2014/,2014-03-19,exact,landing page <time class=date>,,March 2014,False,
obr_52db01a57c,OBR,efo,other,Economic and fiscal outlook speaking note – March 2014,https://obr.uk/download/economic-and-fiscal-outlook-speaking-note-march-2014/,https://obr.uk/efo/economic-fiscal-outlook-march-2014/,2014-03-19,exact,landing page <time class=date>,,March 2014,False,
obr_ca766d2baa,OBR,efo,forecast_narrative,Economic and fiscal outlook - December 2013,https://obr.uk/download/economic-and-fiscal-outlook-december-2013/,https://obr.uk/efo/economic-fiscal-outlook-december-2013/,2013-12-05,exact,landing page <time class=date>,,December 2013,True,report link not archived; same report archived at http://budgetresponsibility.org.uk/docs/dlm_uploads/Economic-and-fiscal-outlook-December-2013.pdf (title page verified)
obr_7fc622dd51,OBR,efo,other,"Log of substantive contact between the OBR and Treasury Ministers,  Special Advisers and their private office staff between 18 July 2013 and 5 December 2013",https://obr.uk/download/log-of-substantive-contact-between-the-obr-and-treasury-ministers-special-advisers-and-their-private-office-staff-between-18-july-2013-and-5-december-2013/,https://obr.uk/efo/economic-fiscal-outlook-december-2013/,2013-12-05,exact,landing page <time class=date>,,December 2013,False,
obr_6305c78bc3,OBR,efo,other,Scottish taxes forecast - December 2013,https://obr.uk/download/scottish-taxes-forecast-december-2013/,https://obr.uk/efo/economic-fiscal-outlook-december-2013/,2013-12-05,exact,landing page <time class=date>,,December 2013,False,
obr_5d5e479015,OBR,efo,other,Executive Summary - December 2013,https://obr.uk/download/executive-summary-december-2013/,https://obr.uk/efo/economic-fiscal-outlook-december-2013/,2013-12-05,exact,landing page <time class=date>,,December 2013,False,
obr_df96a9e11b,OBR,efo,forecast_tables,Supplementary information on house price forecast - December 2013,https://obr.uk/download/supplementary-information-on-house-price-forecast-december-2013/,https://obr.uk/efo/economic-fiscal-outlook-december-2013/,2013-12-05,exact,landing page <time class=date>,,December 2013,False,
obr_cce338c694,OBR,efo,forecast_tables,Economic and fiscal outlook supplementary fiscal tables - December 2013,https://obr.uk/download/economic-and-fiscal-outlook-supplementary-fiscal-tables-december-2013/,https://obr.uk/efo/economic-fiscal-outlook-december-2013/,2013-12-05,exact,landing page <time class=date>,,December 2013,False,
obr_1aeec78e14,OBR,efo,other,Economic and fiscal outlook press notice - December 2013,https://obr.uk/download/economic-and-fiscal-outlook-press-notice-december-2013-2/,https://obr.uk/efo/economic-fiscal-outlook-december-2013/,2013-12-05,exact,landing page <time class=date>,,December 2013,False,
obr_57c9a6afe1,OBR,efo,forecast_tables,Economic and fiscal outlook charts and tables - December 2013,https://obr.uk/download/economic-and-fiscal-outlook-charts-and-tables-december-2013/,https://obr.uk/efo/economic-fiscal-outlook-december-2013/,2013-12-05,exact,landing page <time class=date>,,December 2013,False,
obr_2bf2b4a097,OBR,efo,forecast_tables,Economic and fiscal outlook supplementary economy tables - December 2013,https://obr.uk/download/economic-and-fiscal-outlook-supplementary-economy-tables-december-2013-2/,https://obr.uk/efo/economic-fiscal-outlook-december-2013/,2013-12-05,exact,landing page <time class=date>,,December 2013,False,
obr_9da970faf3,OBR,efo,other,Data sources - December 2013,https://obr.uk/download/data-sources-december-2013/,https://obr.uk/efo/economic-fiscal-outlook-december-2013/,2013-12-05,exact,landing page <time class=date>,,December 2013,False,
obr_f4ab8a1aea,OBR,efo,other,Economic and fiscal outlook conference slides – December 2013,https://obr.uk/download/economic-and-fiscal-outlook-conference-slides-december-2013/,https://obr.uk/efo/economic-fiscal-outlook-december-2013/,2013-12-05,exact,landing page <time class=date>,,December 2013,False,
obr_6cc3652a66,OBR,efo,other,Economic and fiscal outlook speaking note – December 2013,https://obr.uk/download/economic-and-fiscal-outlook-speaking-note-december-2013/,https://obr.uk/efo/economic-fiscal-outlook-december-2013/,2013-12-05,exact,landing page <time class=date>,,December 2013,False,
obr_ae6c9d669b,OBR,efo,forecast_narrative,Economic and fiscal outlook - March 2013,https://obr.uk/download/economic-and-fiscal-outlook-march-2013/,https://obr.uk/efo/economic-and-fiscal-outlook-march-2013/,2013-03-20,exact,landing page <time class=date>,,March 2013,True,report link not archived; same report archived at http://budgetresponsibility.org.uk/wordpress/docs/March-2013-EFO-44734674673453.pdf (title page verified)
obr_c92ff5e8e2,OBR,efo,other,"Log of substantive contact between the OBR and Treasury Ministers, Special Advisers, and their private office staff between 6 December 2012 and 20 March 2013",https://obr.uk/download/log-of-substantive-contact-between-the-obr-and-treasury-ministers-special-advisers-and-their-private-office-staff-between-6-december-2012-and-20-march-2013/,https://obr.uk/efo/economic-and-fiscal-outlook-march-2013/,2013-03-20,exact,landing page <time class=date>,,March 2013,False,
obr_cd237e2732,OBR,efo,other,Scottish taxes forecast - March 2013,https://obr.uk/download/scottish-taxes-forecast-march-2013/,https://obr.uk/efo/economic-and-fiscal-outlook-march-2013/,2013-03-20,exact,landing page <time class=date>,,March 2013,False,
obr_b0316eeb20,OBR,efo,forecast_tables,Economic and fiscal outlook supplementary economy tables - March 2013,https://obr.uk/download/economic-and-fiscal-outlook-supplementary-economy-tables-march-2013/,https://obr.uk/efo/economic-and-fiscal-outlook-march-2013/,2013-03-20,exact,landing page <time class=date>,,March 2013,False,
obr_b7fe2ca5c8,OBR,efo,other,Economic and fiscal outlook press notice - March 2013,https://obr.uk/download/economic-and-fiscal-outlook-press-notice-march-2013/,https://obr.uk/efo/economic-and-fiscal-outlook-march-2013/,2013-03-20,exact,landing page <time class=date>,,March 2013,False,
obr_f10483974c,OBR,efo,other,Executive summary - March 2013,https://obr.uk/download/executive-summary-march-2013/,https://obr.uk/efo/economic-and-fiscal-outlook-march-2013/,2013-03-20,exact,landing page <time class=date>,,March 2013,False,
obr_9d7897155b,OBR,efo,forecast_tables,Economic and fiscal outlook supplementary fiscal tables - March 2013,https://obr.uk/download/economic-and-fiscal-outlook-supplementary-fiscal-tables-march-2013-2/,https://obr.uk/efo/economic-and-fiscal-outlook-march-2013/,2013-03-20,exact,landing page <time class=date>,,March 2013,False,
obr_243296ad5e,OBR,efo,forecast_tables,Economic and fiscal outlook charts and tables - March 2013,https://obr.uk/download/economic-and-fiscal-outlook-charts-and-tables-march-2013-3/,https://obr.uk/efo/economic-and-fiscal-outlook-march-2013/,2013-03-20,exact,landing page <time class=date>,,March 2013,False,
obr_5b09bf13c9,OBR,efo,other,Data sources - March 2013,https://obr.uk/download/data-sources-march-2013/,https://obr.uk/efo/economic-and-fiscal-outlook-march-2013/,2013-03-20,exact,landing page <time class=date>,,March 2013,False,
obr_ecae9c072d,OBR,efo,other,Correction to Table 4.16: Spending real growth rates and as a per cent of GDP,https://obr.uk/download/correction-to-table-4-16-spending-real-growth-rates-and-as-a-per-cent-of-gdp/,https://obr.uk/efo/economic-and-fiscal-outlook-march-2013/,2013-03-20,exact,landing page <time class=date>,,March 2013,False,
obr_35b0d4fd7b,OBR,efo,forecast_tables,New supplementary fiscal tables - Local Authority spending by country - March 2013,https://obr.uk/download/new-supplementary-fiscal-tables-local-authority-spending-by-country-march-2013/,https://obr.uk/efo/economic-and-fiscal-outlook-march-2013/,2013-03-20,exact,landing page <time class=date>,,March 2013,False,
obr_e34ec33955,OBR,efo,other,Oil and gas revenue forecasts - expenditure assumptions,https://obr.uk/download/oil-and-gas-revenue-forecasts-expenditure-assumptions/,https://obr.uk/efo/economic-and-fiscal-outlook-march-2013/,2013-03-20,exact,landing page <time class=date>,,March 2013,False,
obr_58215f931e,OBR,efo,other,Economic and fiscal outlook press conference slides - March 2013,https://obr.uk/download/economic-and-fiscal-outlook-press-conference-slides-march-2013/,https://obr.uk/efo/economic-and-fiscal-outlook-march-2013/,2013-03-20,exact,landing page <time class=date>,,March 2013,False,
obr_1e53874092,OBR,efo,other,Economic and fiscal outlook speaking note - March 2013,https://obr.uk/download/economic-and-fiscal-outlook-speaking-note-march-2013/,https://obr.uk/efo/economic-and-fiscal-outlook-march-2013/,2013-03-20,exact,landing page <time class=date>,,March 2013,False,
obr_3816adcc29,OBR,efo,forecast_narrative,Economic and fiscal outlook - December 2012,https://obr.uk/download/economic-and-fiscal-outlook-december-2012/,https://obr.uk/efo/economic-and-fiscal-outlook-december-2012/,2012-12-05,exact,landing page <time class=date>,,December 2012,True,report link not archived; same report archived at http://budgetresponsibility.org.uk/wordpress/docs/December-2012-Economic-and-fiscal-outlook23423423.pdf (title page verified)
obr_03a51aa3f7,OBR,efo,forecast_tables,Economic and fiscal outlook supplementary economy tables - December 2012,https://obr.uk/download/economic-and-fiscal-outlook-supplementary-economy-tables-december-2012-2/,https://obr.uk/efo/economic-and-fiscal-outlook-december-2012/,2012-12-05,exact,landing page <time class=date>,,December 2012,False,
obr_ae842dcd82,OBR,efo,other,"Log of substantive contact between the OBR and Treasury Ministers, Special Advisers and their private office staff between 12 July and 5 December",https://obr.uk/download/log-of-substantive-contact-between-the-obr-and-treasury-ministers-special-advisers-and-their-private-office-staff-between-12-july-and-5-december/,https://obr.uk/efo/economic-and-fiscal-outlook-december-2012/,2012-12-05,exact,landing page <time class=date>,,December 2012,False,
obr_111e3c4a46,OBR,efo,other,Scottish taxes forecast – December 2012,https://obr.uk/download/scottish-taxes-forecast-december-2012/,https://obr.uk/efo/economic-and-fiscal-outlook-december-2012/,2012-12-05,exact,landing page <time class=date>,,December 2012,False,
obr_d23587e8a6,OBR,efo,other,Economic and fiscal outlook press notice – December 2012,https://obr.uk/download/economic-and-fiscal-outlook-press-notice-december-2012/,https://obr.uk/efo/economic-and-fiscal-outlook-december-2012/,2012-12-05,exact,landing page <time class=date>,,December 2012,False,
obr_5b6847bd2e,OBR,efo,other,Executive summary – December 2012,https://obr.uk/download/executive-summary-december-2012/,https://obr.uk/efo/economic-and-fiscal-outlook-december-2012/,2012-12-05,exact,landing page <time class=date>,,December 2012,False,
obr_60dbf74c27,OBR,efo,forecast_tables,Economic and fiscal outlook supplementary fiscal tables - December 2012,https://obr.uk/download/economic-and-fiscal-outlook-supplementary-fiscal-tables-december-2012-2/,https://obr.uk/efo/economic-and-fiscal-outlook-december-2012/,2012-12-05,exact,landing page <time class=date>,,December 2012,False,
obr_0e3bf13270,OBR,efo,forecast_tables,Economic and fiscal outlook charts and tables - December 2012,https://obr.uk/download/economic-and-fiscal-outlook-charts-and-tables-december-2012-2/,https://obr.uk/efo/economic-and-fiscal-outlook-december-2012/,2012-12-05,exact,landing page <time class=date>,,December 2012,False,
obr_d4918b4bdd,OBR,efo,other,Data sources - December 2012,https://obr.uk/download/data-sources-december-2012/,https://obr.uk/efo/economic-and-fiscal-outlook-december-2012/,2012-12-05,exact,landing page <time class=date>,,December 2012,False,
obr_20392c543b,OBR,efo,other,Split between Employer and Employee National Insurance Contributions - December 2012,https://obr.uk/download/split-between-employer-and-employee-national-insurance-contributions/,https://obr.uk/efo/economic-and-fiscal-outlook-december-2012/,2012-12-05,exact,landing page <time class=date>,,December 2012,False,
obr_a899e6d968,OBR,efo,other,Correction to the table in Box 4.2 of the December 2012 EFO,https://obr.uk/download/correction-to-the-table-in-box-4-2-of-the-december-2012-efo/,https://obr.uk/efo/economic-and-fiscal-outlook-december-2012/,2012-12-05,exact,landing page <time class=date>,,December 2012,False,
obr_318c518a87,OBR,efo,other,Economic and fiscal outlook speaking note - December 2012,https://obr.uk/download/economic-and-fiscal-outlook-speaking-note-december-2012/,https://obr.uk/efo/economic-and-fiscal-outlook-december-2012/,2012-12-05,exact,landing page <time class=date>,,December 2012,False,
obr_7ee8bff3a0,OBR,efo,other,Economic and fiscal outlook press conference slides - December 2012,https://obr.uk/download/economic-and-fiscal-outlook-press-conference-slides-december-2012/,https://obr.uk/efo/economic-and-fiscal-outlook-december-2012/,2012-12-05,exact,landing page <time class=date>,,December 2012,False,
obr_675b494209,OBR,efo,forecast_narrative,Economic and fiscal outlook - March 2012,https://obr.uk/download/economic-and-fiscal-outlook-march-2012/,https://obr.uk/efo/economic-and-fiscal-outlook-march-2012/,2012-03-21,exact,landing page <time class=date>,,March 2012,True,report capture available
obr_5d4b7a6a19,OBR,efo,other,"Log of substantive contact between the Office for Budget Responsibility and Treasury Ministers, Special Advisers and their private office staff",https://obr.uk/download/log-of-substantive-contact-between-the-office-for-budget-responsibility-and-treasury-ministers-special-advisers-and-their-private-office-staff/,https://obr.uk/efo/economic-and-fiscal-outlook-march-2012/,2012-03-21,exact,landing page <time class=date>,,March 2012,False,
obr_1bc699ca14,OBR,efo,forecast_tables,Economic and fiscal outlook supplementary fiscal tables - March 2012,https://obr.uk/download/economic-and-fiscal-outlook-supplementary-fiscal-tables-march-2012/,https://obr.uk/efo/economic-and-fiscal-outlook-march-2012/,2012-03-21,exact,landing page <time class=date>,,March 2012,False,
obr_cc79291e8c,OBR,efo,forecast_tables,Economic and fiscal outlook supplementary economy tables - March 2012,https://obr.uk/download/economic-and-fiscal-outlook-supplementary-economy-tables-march-2012/,https://obr.uk/efo/economic-and-fiscal-outlook-march-2012/,2012-03-21,exact,landing page <time class=date>,,March 2012,False,
obr_3576af0537,OBR,efo,forecast_tables,Economic and fiscal outlook charts and tables - March 2012,https://obr.uk/download/economic-and-fiscal-outlook-charts-and-tables-march-2012/,https://obr.uk/efo/economic-and-fiscal-outlook-march-2012/,2012-03-21,exact,landing page <time class=date>,,March 2012,False,
obr_237c78bc53,OBR,efo,other,Scottish tax forecast - March 2012,https://obr.uk/download/scottish-tax-forecast-march-2012/,https://obr.uk/efo/economic-and-fiscal-outlook-march-2012/,2012-03-21,exact,landing page <time class=date>,,March 2012,False,
obr_0e160abba3,OBR,efo,other,Economic and fiscal outlook press notice - March 2012,https://obr.uk/download/economic-and-fiscal-outlook-press-notice-march-2012/,https://obr.uk/efo/economic-and-fiscal-outlook-march-2012/,2012-03-21,exact,landing page <time class=date>,,March 2012,False,
obr_40c8eea974,OBR,efo,other,Executive summary - March 2012,https://obr.uk/download/executive-summary-march-2012/,https://obr.uk/efo/economic-and-fiscal-outlook-march-2012/,2012-03-21,exact,landing page <time class=date>,,March 2012,False,
obr_ed1b2e7a70,OBR,efo,other,Data sources - March 2012,https://obr.uk/download/data-sources-march-2012/,https://obr.uk/efo/economic-and-fiscal-outlook-march-2012/,2012-03-21,exact,landing page <time class=date>,,March 2012,False,
obr_b616339757,OBR,efo,other,Policy effect on business investment forecast,https://obr.uk/download/policy-effect-on-business-investment-forecast/,https://obr.uk/efo/economic-and-fiscal-outlook-march-2012/,2012-03-21,exact,landing page <time class=date>,,March 2012,False,
obr_8a9f5bda91,OBR,efo,other,Tobacco consumption forecasts - March 2012,https://obr.uk/download/tobacco-consumption-forecasts-march-2012/,https://obr.uk/efo/economic-and-fiscal-outlook-march-2012/,2012-03-21,exact,landing page <time class=date>,,March 2012,False,
obr_95d33d06af,OBR,efo,other,Council tax growth - March 2012,https://obr.uk/download/council-tax-growth-march-2012/,https://obr.uk/efo/economic-and-fiscal-outlook-march-2012/,2012-03-21,exact,landing page <time class=date>,,March 2012,False,
obr_b5d2b83cc4,OBR,efo,other,Quarterly house prices - March 2012,https://obr.uk/download/quarterly-house-prices-march-2012/,https://obr.uk/efo/economic-and-fiscal-outlook-march-2012/,2012-03-21,exact,landing page <time class=date>,,March 2012,False,
obr_080820d14d,OBR,efo,other,Exchange rate assumptions - March 2012,https://obr.uk/download/exchange-rate-assumptions-march-2012/,https://obr.uk/efo/economic-and-fiscal-outlook-march-2012/,2012-03-21,exact,landing page <time class=date>,,March 2012,False,
obr_19e63ceca6,OBR,efo,other,Average weekly earnings - March 2012,https://obr.uk/download/average-weekly-earnings-march-2012/,https://obr.uk/efo/economic-and-fiscal-outlook-march-2012/,2012-03-21,exact,landing page <time class=date>,,March 2012,False,
obr_9a0d9277a1,OBR,efo,other,Alcohol consumption forecasts - March 2012,https://obr.uk/download/alcohol-consumption-forecasts-march-2012/,https://obr.uk/efo/economic-and-fiscal-outlook-march-2012/,2012-03-21,exact,landing page <time class=date>,,March 2012,False,
obr_a6be5897f4,OBR,efo,other,Producer output prices - March 2012,https://obr.uk/download/producer-output-prices-march-2012/,https://obr.uk/efo/economic-and-fiscal-outlook-march-2012/,2012-03-21,exact,landing page <time class=date>,,March 2012,False,
obr_6b10855511,OBR,efo,other,Economic and fiscal outlook speaking note - March 2012,https://obr.uk/download/economic-and-fiscal-outlook-speaking-note-march-2012/,https://obr.uk/efo/economic-and-fiscal-outlook-march-2012/,2012-03-21,exact,landing page <time class=date>,,March 2012,False,
obr_30e60dd2db,OBR,efo,other,Economic and fiscal outlook press conference slides – March 2012,https://obr.uk/download/economic-and-fiscal-outlook-press-conference-slides-march-2012/,https://obr.uk/efo/economic-and-fiscal-outlook-march-2012/,2012-03-21,exact,landing page <time class=date>,,March 2012,False,
obr_16574c4caf,OBR,efo,forecast_narrative,Economic and fiscal outlook - November 2011,https://obr.uk/download/economic-and-fiscal-outlook-november-2011/,https://obr.uk/efo/economic-and-fiscal-outlook-november-2011/,2011-11-29,exact,landing page <time class=date>,,November 2011,True,report capture available
obr_a787e5a18e,OBR,efo,other,Working paper No.1: Estimating the UK's historical output gap,https://obr.uk/download/working-paper-no-1-estimating-the-uks-historical-output-gap/,https://obr.uk/efo/economic-and-fiscal-outlook-november-2011/,2011-11-29,exact,landing page <time class=date>,,November 2011,False,
obr_04309699c4,OBR,efo,other,"Log of substantive contact between the Office for Budget Responsibility and Treasury Ministers, Special Advisers and their private office staff between 13 July 2011 and 28 November 2011",https://obr.uk/download/log-of-substantive-contact-between-the-office-for-budget-responsibility-and-treasury-ministers-special-advisers-and-their-private-office-staff-between-13-july-2011-and-28-november-2011/,https://obr.uk/efo/economic-and-fiscal-outlook-november-2011/,2011-11-29,exact,landing page <time class=date>,,November 2011,False,
obr_bf1d7e153d,OBR,efo,other,Executive summary - November 2011,https://obr.uk/download/executive-summary-november-2011/,https://obr.uk/efo/economic-and-fiscal-outlook-november-2011/,2011-11-29,exact,landing page <time class=date>,,November 2011,False,
obr_8f62840e0a,OBR,efo,forecast_tables,Economic and fiscal outlook supplementary economy tables - November 2011,https://obr.uk/download/economic-and-fiscal-outlook-supplementary-economy-tables-november-2011/,https://obr.uk/efo/economic-and-fiscal-outlook-november-2011/,2011-11-29,exact,landing page <time class=date>,,November 2011,False,
obr_3a5078c655,OBR,efo,forecast_tables,Economic and fiscal outlook supplementary fiscal tables - November 2011,https://obr.uk/download/economic-and-fiscal-outlook-supplementary-fiscal-tables-november-2011/,https://obr.uk/efo/economic-and-fiscal-outlook-november-2011/,2011-11-29,exact,landing page <time class=date>,,November 2011,False,
obr_58120e36f3,OBR,efo,forecast_tables,Economic and fiscal outlook charts and tables- November 2011,https://obr.uk/download/economic-and-fiscal-outlook-charts-and-tables-november-2011/,https://obr.uk/efo/economic-and-fiscal-outlook-november-2011/,2011-11-29,exact,landing page <time class=date>,,November 2011,False,
obr_b5fc74dcb8,OBR,efo,other,Economic and fiscal outlook press notice - November 2011,https://obr.uk/download/economic-and-fiscal-outlook-press-notice-november-2011/,https://obr.uk/efo/economic-and-fiscal-outlook-november-2011/,2011-11-29,exact,landing page <time class=date>,,November 2011,False,
obr_827236ac2d,OBR,efo,other,Working paper No.2: The long-run difference between RPI and CPI inflation,https://obr.uk/download/working-paper-no-2-the-long-run-difference-between-rpi-and-cpi-inflation/,https://obr.uk/efo/economic-and-fiscal-outlook-november-2011/,2011-11-29,exact,landing page <time class=date>,,November 2011,False,
obr_d9f2809adb,OBR,efo,other,November 2011 data sources,https://obr.uk/download/november-2011-data-sources/,https://obr.uk/efo/economic-and-fiscal-outlook-november-2011/,2011-11-29,exact,landing page <time class=date>,,November 2011,False,
obr_199a50a78a,OBR,efo,other,Oil and gas expenditure - Economic and fiscal outlook November 2011,https://obr.uk/download/oil-and-gas-expenditure-economic-and-fiscal-outlook-november-2011/,https://obr.uk/efo/economic-and-fiscal-outlook-november-2011/,2011-11-29,exact,landing page <time class=date>,,November 2011,False,
obr_86f5a2fcb0,OBR,efo,other,Market sector employment - Economic and fiscal outlook November 2011,https://obr.uk/download/market-sector-employment-economic-and-fiscal-outlook-november-2011/,https://obr.uk/efo/economic-and-fiscal-outlook-november-2011/,2011-11-29,exact,landing page <time class=date>,,November 2011,False,
obr_0d4704a9ab,OBR,efo,other,Student loans and the financial transactions forecast - Economic and fiscal outlook November 2011,https://obr.uk/download/student-loans-and-the-financial-transactions-forecast-economic-and-fiscal-outlook-november-2011/,https://obr.uk/efo/economic-and-fiscal-outlook-november-2011/,2011-11-29,exact,landing page <time class=date>,,November 2011,False,
obr_32e4796579,OBR,efo,other,ROSSI inflation forecast - Economic and fiscal outlook November 2011,https://obr.uk/download/rossi-inflation-forecast-economic-and-fiscal-outlook-november-2011/,https://obr.uk/efo/economic-and-fiscal-outlook-november-2011/,2011-11-29,exact,landing page <time class=date>,,November 2011,False,
obr_b0a4daed0b,OBR,efo,other,Economic and fiscal outlook  press conference slides – November 2011,https://obr.uk/download/economic-and-fiscal-outlook-press-conference-slides-november-2011/,https://obr.uk/efo/economic-and-fiscal-outlook-november-2011/,2011-11-29,exact,landing page <time class=date>,,November 2011,False,
obr_8700948e00,OBR,efo,other,Economic and fiscal outlook speaking note - November 2011,https://obr.uk/download/economic-and-fiscal-outlook-speaking-note-november-2011/,https://obr.uk/efo/economic-and-fiscal-outlook-november-2011/,2011-11-29,exact,landing page <time class=date>,,November 2011,False,
obr_63cc632899,OBR,efo,forecast_narrative,Economic and fiscal outlook - March 2011,https://obr.uk/download/economic-and-fiscal-outlook-march-2011/,https://obr.uk/efo/economic-and-fiscal-outlook-march-2011/,2011-03-23,exact,landing page <time class=date>,,March 2011,True,report link not archived; same report archived at http://budgetresponsibility.independent.gov.uk/wordpress/docs/economic_and_fiscal_outlook_23032011.pdf (title page verified)
obr_7b93d7fd8d,OBR,efo,forecast_tables,March 2011 economic and fiscal outlook charts and tables,https://obr.uk/download/march-2011-economic-and-fiscal-outlook-charts-and-tables/,https://obr.uk/efo/economic-and-fiscal-outlook-march-2011/,2011-03-23,exact,landing page <time class=date>,,March 2011,False,
obr_006c51eb5f,OBR,efo,forecast_tables,March 2011 economic and fiscal outlook supplementary economy tables,https://obr.uk/download/march-2011-economic-and-fiscal-outlook-supplementary-economy-table/,https://obr.uk/efo/economic-and-fiscal-outlook-march-2011/,2011-03-23,exact,landing page <time class=date>,,March 2011,False,
obr_9483ccca37,OBR,efo,forecast_tables,March 2011 economic and fiscal outlook supplementary fiscal tables,https://obr.uk/download/march-2011-economic-and-fiscal-outlook-supplementary-fiscal-tables/,https://obr.uk/efo/economic-and-fiscal-outlook-march-2011/,2011-03-23,exact,landing page <time class=date>,,March 2011,False,
obr_aedcb7c20e,OBR,efo,other,Press Notice: March 2011 Economic and fiscal outlook,https://obr.uk/download/press-notice-march-2011-economic-and-fiscal-outlook/,https://obr.uk/efo/economic-and-fiscal-outlook-march-2011/,2011-03-23,exact,landing page <time class=date>,,March 2011,False,
obr_17376228df,OBR,efo,other,Press Notice: Appointment of an expert advisory panel,https://obr.uk/download/press-notice-appointment-of-an-expert-advisory-panel/,https://obr.uk/efo/economic-and-fiscal-outlook-march-2011/,2011-03-23,exact,landing page <time class=date>,,March 2011,False,
obr_c0f7ac8081,OBR,efo,other,"Log of substantive contact between the OBR and Treasury Ministers, Special Advisers and their private office staff between 30 November 2010 and 22 March 2011",https://obr.uk/download/log-of-substantive-contact-between-the-obr-and-treasury-ministers-special-advisers-and-their-private-office-staff-between-30-november-2010-and-22-march-2011/,https://obr.uk/efo/economic-and-fiscal-outlook-march-2011/,2011-03-23,exact,landing page <time class=date>,,March 2011,False,
obr_a49ddf5083,OBR,efo,other,March 2011 data sources,https://obr.uk/download/march-2011-data-sources/,https://obr.uk/efo/economic-and-fiscal-outlook-march-2011/,2011-03-23,exact,landing page <time class=date>,,March 2011,False,
obr_17e1a7317b,OBR,efo,other,Discussion paper No.1: What should we include in the fiscal sustainability report?,https://obr.uk/download/discussion-paper-1-what-should-we-include-in-the-fiscal-sustainability-report/,https://obr.uk/efo/economic-and-fiscal-outlook-march-2011/,2011-03-23,exact,landing page <time class=date>,,March 2011,False,
obr_a7347f0a48,OBR,efo,other,Letter from Dave Ramsden to Robert Chote on exceptional pre-release access,https://obr.uk/download/letter-from-hm-treasury-to-the-obr-on-exceptional-pre-release-access/,https://obr.uk/efo/economic-and-fiscal-outlook-march-2011/,2011-03-23,exact,landing page <time class=date>,,March 2011,False,
obr_9c036bc853,OBR,efo,other,Letter from Robert Chote to Dave Ramsden on exceptional pre-release access,https://obr.uk/download/letter-from-the-obr-to-hm-treasury-on-exceptional-pre-release-access/,https://obr.uk/efo/economic-and-fiscal-outlook-march-2011/,2011-03-23,exact,landing page <time class=date>,,March 2011,False,
obr_c2e22b061c,OBR,efo,other,Letter from Andrew Tyrie MP to Robert Chote on OBR's treatment of proceeds,https://obr.uk/download/letter-from-andrew-tyrie-mp-to-obr-on-obrs-treatment-of-proceeds/,https://obr.uk/efo/economic-and-fiscal-outlook-march-2011/,2011-03-23,exact,landing page <time class=date>,,March 2011,False,
obr_6df98f548b,OBR,efo,other,Letter from Robert Chote to Andrew Tyrie MP on the treatment of proceeds,https://obr.uk/download/letter-from-obr-to-andrew-tyrie-mp-on-the-treatment-of-proceeds/,https://obr.uk/efo/economic-and-fiscal-outlook-march-2011/,2011-03-23,exact,landing page <time class=date>,,March 2011,False,
obr_ec1cc9fe4c,OBR,efo,other,Corporation tax on UK Oil and Gas Production,https://obr.uk/download/corporation-tax-on-uk-oil-and-gas-production/,https://obr.uk/efo/economic-and-fiscal-outlook-march-2011/,2011-03-23,exact,landing page <time class=date>,,March 2011,False,
obr_9a78228dfd,OBR,efo,other,Household debt - Economic and fiscal forecast March 2011,https://obr.uk/download/household-debt-economic-and-fiscal-forecast-march-2011/,https://obr.uk/efo/economic-and-fiscal-outlook-march-2011/,2011-03-23,exact,landing page <time class=date>,,March 2011,False,
obr_60d64fbb77,OBR,efo,other,GDP income components - Economic and Fiscal forecast March 2011,https://obr.uk/download/gdp-income-components-economic-and-fiscal-forecast-march-2011/,https://obr.uk/efo/economic-and-fiscal-outlook-march-2011/,2011-03-23,exact,landing page <time class=date>,,March 2011,False,
obr_14af40cff3,OBR,efo,other,Market sector employment - Economic and Fiscal forecast March 2011,https://obr.uk/download/market-sector-employment-economic-and-fiscal-forecast-march-2011/,https://obr.uk/efo/economic-and-fiscal-outlook-march-2011/,2011-03-23,exact,landing page <time class=date>,,March 2011,False,
obr_6dcca7af52,OBR,efo,other,Air passenger numbers - March 2011,https://obr.uk/download/air-passenger-numbers-march-2011/,https://obr.uk/efo/economic-and-fiscal-outlook-march-2011/,2011-03-23,exact,landing page <time class=date>,,March 2011,False,
obr_06220f3370,OBR,efo,other,ROSSI inflation forecast - Economic and fiscal outlook March 2011,https://obr.uk/download/rossi-inflation-forecast-economic-and-fiscal-outlook-march-2011/,https://obr.uk/efo/economic-and-fiscal-outlook-march-2011/,2011-03-23,exact,landing page <time class=date>,,March 2011,False,
obr_c85234c20a,OBR,efo,other,Variables used in cyclical indicator estimates of the output gap - Economic and fiscal outlook March 2011,https://obr.uk/download/variables-used-in-cyclical-indicator-estimates-of-the-output-gap-economic-and-fiscal-outlook-march-2011/,https://obr.uk/efo/economic-and-fiscal-outlook-march-2011/,2011-03-23,exact,landing page <time class=date>,,March 2011,False,
obr_f54f87f89e,OBR,efo,other,OBR's economic and fiscal outlook presentation,https://obr.uk/download/obrs-economic-and-fiscal-outlook-presentation/,https://obr.uk/efo/economic-and-fiscal-outlook-march-2011/,2011-03-23,exact,landing page <time class=date>,,March 2011,False,
obr_2978ad8e5a,OBR,efo,forecast_narrative,Economic and fiscal outlook - November 2010,https://obr.uk/download/economic-and-fiscal-outlook-november-2010-2/,https://obr.uk/efo/economic-and-fiscal-outlook-november-2010/,2010-11-29,exact,landing page <time class=date>,,November 2010,True,report link not archived; same report archived at http://budgetresponsibility.independent.gov.uk/d/econ_fiscal_outlook_291110.pdf (title page verified)
obr_7f102ea626,OBR,efo,other,Data Sources - Economic and fiscal outlook November 2010,https://obr.uk/download/data-sources-economic-and-fiscal-outlook-november-2010/,https://obr.uk/efo/economic-and-fiscal-outlook-november-2010/,2010-11-29,exact,landing page <time class=date>,,November 2010,False,
obr_1522c35e41,OBR,efo,forecast_tables,Public finances supplementary data - Economic and fiscal outlook November 2010,https://obr.uk/download/public-finances-supplementary-data-economic-and-fiscal-outlook-november-2010/,https://obr.uk/efo/economic-and-fiscal-outlook-november-2010/,2010-11-29,exact,landing page <time class=date>,,November 2010,False,
obr_e03c4323c0,OBR,efo,forecast_tables,Economy supplementary data - Economic and fiscal outlook November 2010,https://obr.uk/download/economy-supplementary-data-economic-and-fiscal-outlook-november-2010/,https://obr.uk/efo/economic-and-fiscal-outlook-november-2010/,2010-11-29,exact,landing page <time class=date>,,November 2010,False,
obr_7edfe92c11,OBR,efo,forecast_tables,Charts and Tables - Economic and fiscal outlook November 2010,https://obr.uk/download/charts-and-tables-economic-and-fiscal-outlook-november-2010/,https://obr.uk/efo/economic-and-fiscal-outlook-november-2010/,2010-11-29,exact,landing page <time class=date>,,November 2010,False,
obr_a24957cb7b,OBR,efo,other,Correction: Household borrowing and debt - Economic and fiscal outlook November 2010,https://obr.uk/download/correction-household-borrowing-and-debt-economic-and-fiscal-outlook-november-2010/,https://obr.uk/efo/economic-and-fiscal-outlook-november-2010/,2010-11-29,exact,landing page <time class=date>,,November 2010,False,
obr_159a781210,OBR,efo,other,Onshore corporation tax forecast breakdown - Economic and fiscal outlook November 2010,https://obr.uk/download/onshore-corporation-tax-forecast-breakdown-economic-and-fiscal-outlook-november-2010/,https://obr.uk/efo/economic-and-fiscal-outlook-november-2010/,2010-11-29,exact,landing page <time class=date>,,November 2010,False,
obr_e3ac1c3671,OBR,efo,other,Tax on savings income - Economic and fiscal outlook November 2010,https://obr.uk/download/tax-on-savings-income-economic-and-fiscal-outlook-november-2010/,https://obr.uk/efo/economic-and-fiscal-outlook-november-2010/,2010-11-29,exact,landing page <time class=date>,,November 2010,False,
obr_81ed8aaadf,OBR,efo,other,Volume of share transactions - Economic and fiscal outlook November 2010,https://obr.uk/download/volume-of-share-transactions-economic-and-fiscal-outlook-november-2010/,https://obr.uk/efo/economic-and-fiscal-outlook-november-2010/,2010-11-29,exact,landing page <time class=date>,,November 2010,False,
obr_7ba8882bb3,OBR,efo,other,EU Emissions Trading Scheme (ETS) Auction Receipts - Economic and fiscal outlook forecast November 2010,https://obr.uk/download/eu-emissions-trading-scheme-ets-auction-receipts-economic-and-fiscal-outlook-forecast-november-2010/,https://obr.uk/efo/economic-and-fiscal-outlook-november-2010/,2010-11-29,exact,landing page <time class=date>,,November 2010,False,
obr_27e1c290f2,OBR,efo,other,Annual average earnings growth by quarter - Economic and fiscal outlook November 2010,https://obr.uk/download/annual-average-earnings-growth-by-quarter-economic-and-fiscal-outlook-november-2010/,https://obr.uk/efo/economic-and-fiscal-outlook-november-2010/,2010-11-29,exact,landing page <time class=date>,,November 2010,False,
obr_4c766bfc5f,OBR,efo,other,"Further information on asset sales, financial transactions, and privatisation receipts - Economic and fiscal outlook forecast November 2010",https://obr.uk/download/further-information-on-asset-sales-financial-transactions-and-privatisation-receipts-economic-and-fiscal-outlook-forecast-november-2010/,https://obr.uk/efo/economic-and-fiscal-outlook-november-2010/,2010-11-29,exact,landing page <time class=date>,,November 2010,False,
obr_637d252806,OBR,efo,other,Gross National Income - Economic and fiscal outlook November 2010,https://obr.uk/download/gross-national-income-economic-and-fiscal-outlook-november-2010/,https://obr.uk/efo/economic-and-fiscal-outlook-november-2010/,2010-11-29,exact,landing page <time class=date>,,November 2010,False,
obr_578892cba1,OBR,efo,other,Primary balance - Economic and fiscal outlook forecast November 2010,https://obr.uk/download/primary-balance-economic-and-fiscal-outlook-forecast-november-2010/,https://obr.uk/efo/economic-and-fiscal-outlook-november-2010/,2010-11-29,exact,landing page <time class=date>,,November 2010,False,
obr_27925576dc,OBR,efo,other,Chairman's Presentation of the November 2010 Economic and fiscal outlook,https://obr.uk/download/chairmans-presentation-of-the-november-2010-economic-and-fiscal-outlook/,https://obr.uk/efo/economic-and-fiscal-outlook-november-2010/,2010-11-29,exact,landing page <time class=date>,,November 2010,False,
obr_53fde352a5,OBR,efo,other,November 2010 EFO presentation slides,https://obr.uk/download/november-2010-efo-presentation-slides/,https://obr.uk/efo/economic-and-fiscal-outlook-november-2010/,2010-11-29,exact,landing page <time class=date>,,November 2010,False,
obr_7e9c2e0744,OBR,efo,forecast_narrative,Budget Forecast - June 2010,https://obr.uk/download/budget-forecast-june-2010/,https://obr.uk/efo/budget-2010/,2010-06-22,exact,landing page <time class=date>,,June 2010,True,report link not archived; same report archived at http://budgetresponsibility.org.uk/docs/dlm_uploads/junebudget_annexc.pdf (title page verified)
obr_fe73381284,OBR,efo,forecast_tables,June Budget 2010 - Forecast tables,https://obr.uk/download/june-budget-2010-forecast-tables/,https://obr.uk/efo/budget-2010/,2010-06-22,exact,landing page <time class=date>,,June 2010,False,
obr_1ecfc71324,OBR,efo,forecast_tables,June 2010 Budget forecast - supplementary material,https://obr.uk/download/june-2010-budget-forecast-supplementary-material/,https://obr.uk/efo/budget-2010/,2010-06-22,exact,landing page <time class=date>,,June 2010,False,
obr_de3f5a20d1,OBR,efo,forecast_tables,June 2010 Supplementary tables,https://obr.uk/download/june-2010-supplementary-tables/,https://obr.uk/efo/budget-2010/,2010-06-22,exact,landing page <time class=date>,,June 2010,False,
obr_ab48e32446,OBR,efo,other,Social security benefits expenditure: changes between the June 2010 pre-Budget and June 2010 Budget forecasts,https://obr.uk/download/social-security-benefits-expenditure-changes-between-the-june-2010-pre-budget-and-june-2010-budget-forecasts/,https://obr.uk/efo/budget-2010/,2010-06-22,exact,landing page <time class=date>,,June 2010,False,
obr_398128853f,OBR,efo,other,Impact of the increase in VAT on real GDP - June 2010 Budget forecast,https://obr.uk/download/impact-of-the-increase-in-vat-on-real-gdp-june-2010-budget-forecast/,https://obr.uk/efo/budget-2010/,2010-06-22,exact,landing page <time class=date>,,June 2010,False,
obr_8d83592b6a,OBR,efo,other,Research and Development Tax Credits - June 2010 Budget forecast,https://obr.uk/download/research-and-development-tax-credits-june-2010-budget-forecast/,https://obr.uk/efo/budget-2010/,2010-06-22,exact,landing page <time class=date>,,June 2010,False,
obr_bf210fce31,OBR,efo,other,Annually Managed Expenditure forecast by department - June 2010 Budget forecast,https://obr.uk/download/annually-managed-expenditure-forecast-by-department-june-2010-budget-forecast/,https://obr.uk/efo/budget-2010/,2010-06-22,exact,landing page <time class=date>,,June 2010,False,
obr_de02207aa8,OBR,efo,other,Correction: CPI - June 2010 Budget forecast,https://obr.uk/download/correction-cpi-june-2010-budget-forecast/,https://obr.uk/efo/budget-2010/,2010-06-22,exact,landing page <time class=date>,,June 2010,False,
obr_cf7b727009,OBR,efo,other,Labour market participation rate forecast - June 2010 Budget forecast,https://obr.uk/download/labour-market-participation-rate-forecast-june-2010-budget-forecast/,https://obr.uk/efo/budget-2010/,2010-06-22,exact,landing page <time class=date>,,June 2010,False,
obr_cdea3147a3,OBR,efo,other,General government consumption - June 2010 Budget forecast,https://obr.uk/download/general-government-consumption-june-2010-budget-forecast/,https://obr.uk/efo/budget-2010/,2010-06-22,exact,landing page <time class=date>,,June 2010,False,
obr_659ee72ce6,OBR,efo,other,Jobseekers’ allowance: changes between June 2010 pre-Budget and Budget forecasts,https://obr.uk/download/jobseekers-allowance-changes-between-june-2010-pre-budget-and-budget-forecasts/,https://obr.uk/efo/budget-2010/,2010-06-22,exact,landing page <time class=date>,,June 2010,False,
obr_cde63a4d82,OBR,efo,other,RPIX inflation - June 2010 Budget forecast,https://obr.uk/download/rpix-inflation-june-2010-budget-forecast/,https://obr.uk/efo/budget-2010/,2010-06-22,exact,landing page <time class=date>,,June 2010,False,
obr_91e7ad01d5,OBR,efo,other,Labour market forecasts - June 2010 Budget forecast,https://obr.uk/download/labour-market-forecasts-june-2010-budget-forecast/,https://obr.uk/efo/budget-2010/,2010-06-22,exact,landing page <time class=date>,,June 2010,False,
obr_d0a650aecb,OBR,efo,other,Exchange rate projection and credit growth - June 2010 Budget forecast,https://obr.uk/download/exchange-rate-projection-and-credit-growth-june-2010-budget-forecast/,https://obr.uk/efo/budget-2010/,2010-06-22,exact,landing page <time class=date>,,June 2010,False,
obr_2abaf044ae,OBR,efo,other,"Receipts, social security and tax credits: changes between June 2010 pre-Budget and Budget forecasts",https://obr.uk/download/receipts-social-security-and-tax-credits-changes-between-june-2010-pre-budget-and-budget-forecasts/,https://obr.uk/efo/budget-2010/,2010-06-22,exact,landing page <time class=date>,,June 2010,False,
obr_4c924fecb0,OBR,efo,other,Receipts to public service pension schemes - June Budget 2010 forecast,https://obr.uk/download/receipts-to-public-service-pension-schemes-june-budget-2010-forecast/,https://obr.uk/efo/budget-2010/,2010-06-22,exact,landing page <time class=date>,,June 2010,False,
obr_e18df7fef9,OBR,efo,other,Household borrowing and debt - June 2010 Budget forecast,https://obr.uk/download/household-borrowing-and-debt-june-2010-budget-forecast/,https://obr.uk/efo/budget-2010/,2010-06-22,exact,landing page <time class=date>,,June 2010,False,
obr_3e3819a289,OBR,efo,other,GDP at market prices and General Government consumption and investment - June 2010 Budget forecast,https://obr.uk/download/gdp-at-market-prices-and-general-government-consumption-and-investment-june-2010-budget-forecast/,https://obr.uk/efo/budget-2010/,2010-06-22,exact,landing page <time class=date>,,June 2010,False,
obr_edd935d3e1,OBR,efo,other,Further information on General Government Employment Growth - June 2010 pre-Budget and Budget forecasts,https://obr.uk/download/further-information-on-general-government-employment-growth-june-2010-pre-budget-and-budget-forecasts/,https://obr.uk/efo/budget-2010/,2010-06-22,exact,landing page <time class=date>,,June 2010,False,
obr_11166d5838,OBR,efo,other,Other HMRC receipts - June 2010 Budget forecast,https://obr.uk/download/other-hmrc-receipts-june-2010-budget-forecast/,https://obr.uk/efo/budget-2010/,2010-06-22,exact,landing page <time class=date>,,June 2010,False,
obr_869ff0cb84,OBR,efo,other,Fan chart data - June 2010 pre-Budget forecast,https://obr.uk/download/fan-chart-data-june-2010-pre-budget-forecast/,https://obr.uk/efo/budget-2010/,2010-06-22,exact,landing page <time class=date>,,June 2010,False,
obr_6163b39cfd,OBR,efo,other,Fan chart data - June 2010 Budget forecast,https://obr.uk/download/fan-chart-data-june-2010-budget-forecast/,https://obr.uk/efo/budget-2010/,2010-06-22,exact,landing page <time class=date>,,June 2010,False,
obr_139b246e66,OBR,efo,other,CPI - June 2010 Budget forecast,https://obr.uk/download/cpi-june-2010-budget-forecast/,https://obr.uk/efo/budget-2010/,2010-06-22,exact,landing page <time class=date>,,June 2010,False,
obr_9aefb17616,OBR,efo,forecast_narrative,Pre-Budget Forecast - June 2010,https://obr.uk/download/pre-budget-forecast-june-2010/,https://obr.uk/efo/pre-budget-forecast-june-2010/,2010-06-14,exact,landing page <time class=date>,,June 2010,True,report link not archived; same report archived at http://budgetresponsibility.independent.gov.uk/wordpress/docs/pre_budget_forecast_140610.pdf (title page verified)
obr_988ca27f86,OBR,efo,other,Projections of trend employment and population - June 2010 pre-Budget forecast,https://obr.uk/download/projections-of-trend-employment-and-population-june-2010-pre-budget-forecast/,https://obr.uk/efo/pre-budget-forecast-june-2010/,2010-06-14,exact,landing page <time class=date>,,June 2010,False,
obr_adab6ef9f0,OBR,efo,other,Fan chart intervals - June 2010 pre-Budget and Budget forecasts,https://obr.uk/download/fan-chart-intervals-june-2010-pre-budget-and-budget-forecasts/,https://obr.uk/efo/pre-budget-forecast-june-2010/,2010-06-14,exact,landing page <time class=date>,,June 2010,False,
obr_84197cf851,OBR,efo,other,Employment - June 2010 pre-Budget and Budget forecasts,https://obr.uk/download/employment-june-2010-pre-budget-and-budget-forecasts/,https://obr.uk/efo/pre-budget-forecast-june-2010/,2010-06-14,exact,landing page <time class=date>,,June 2010,False,
obr_0c8c8f3a2b,OBR,efo,other,Public service pensions - June 2010 pre-Budget forecast,https://obr.uk/download/public-service-pensions-june-2010-pre-budget-forecast/,https://obr.uk/efo/pre-budget-forecast-june-2010/,2010-06-14,exact,landing page <time class=date>,,June 2010,False,
obr_49ffd5d52c,OBR,fer,post_hoc_evaluation,Forecast evaluation report – June 2026,https://obr.uk/download/forecast-evaluation-report-june-2026/,https://obr.uk/fer/forecast-evaluation-report-june-2026/,2026-06-02,exact,landing page <time class=date>,,,True,report capture available
obr_f71c232c88,OBR,fer,post_hoc_evaluation,June 2026 Forecast evaluation report – charts and tables,https://obr.uk/download/june-2026-forecast-evaluation-report-charts-and-tables/,https://obr.uk/fer/forecast-evaluation-report-june-2026/,2026-06-02,exact,landing page <time class=date>,,,False,
obr_f7f5c4f655,OBR,fer,post_hoc_evaluation,June 2026 Forecast evaluation report – economic model development database,https://obr.uk/download/june-2026-forecast-evaluation-report-economic-model-development-database/,https://obr.uk/fer/forecast-evaluation-report-june-2026/,2026-06-02,exact,landing page <time class=date>,,,False,
obr_8872dee1e9,OBR,fer,post_hoc_evaluation,June 2026 Forecast evaluation report – fiscal model assessment database,https://obr.uk/download/june-2026-forecast-evaluation-report-fiscal-model-assessment-database/,https://obr.uk/fer/forecast-evaluation-report-june-2026/,2026-06-02,exact,landing page <time class=date>,,,False,
obr_8f631bf799,OBR,fer,post_hoc_evaluation,June 2026 Forecast evaluation report – annex A: supplementary economy tables,https://obr.uk/download/june-2026-forecast-evaluation-report-annex-a-supplementary-economy-tables/,https://obr.uk/fer/forecast-evaluation-report-june-2026/,2026-06-02,exact,landing page <time class=date>,,,False,
obr_f97c6b2cba,OBR,fer,post_hoc_evaluation,June 2026 Forecast evaluation report – annex B: supplementary fiscal tables,https://obr.uk/download/june-2026-forecast-evaluation-report-annex-b-supplementary-fiscal-tables/,https://obr.uk/fer/forecast-evaluation-report-june-2026/,2026-06-02,exact,landing page <time class=date>,,,False,
obr_8e9ffa2133,OBR,fer,post_hoc_evaluation,Forecast evaluation report – July 2025,https://obr.uk/download/forecast-evaluation-report-july-2025/,https://obr.uk/fer/forecast-evaluation-report-july-2025/,2025-07-01,exact,landing page <time class=date>,,,True,report capture available
obr_8e16f3abd1,OBR,fer,post_hoc_evaluation,July 2025 Forecast evaluation report – charts and tables,https://obr.uk/download/july-2025-forecast-evaluation-report-charts-and-tables/,https://obr.uk/fer/forecast-evaluation-report-july-2025/,2025-07-01,exact,landing page <time class=date>,,,False,
obr_17aa9add22,OBR,fer,post_hoc_evaluation,July 2025 Forecast evaluation report – economic model development database,https://obr.uk/download/july-2025-forecast-evaluation-report-economic-model-development-database/,https://obr.uk/fer/forecast-evaluation-report-july-2025/,2025-07-01,exact,landing page <time class=date>,,,False,
obr_dcf317d4ee,OBR,fer,post_hoc_evaluation,July 2025 Forecast evaluation report – fiscal model assessment database,https://obr.uk/download/july-2025-forecast-evaluation-report-fiscal-model-assessment-database/,https://obr.uk/fer/forecast-evaluation-report-july-2025/,2025-07-01,exact,landing page <time class=date>,,,False,
obr_67a93360ce,OBR,fer,post_hoc_evaluation,July 2025 Forecast evaluation report – annex A: Supplementary economy tables,https://obr.uk/download/july-2025-forecast-evaluation-report-annex-a-supplementary-economy-tables/,https://obr.uk/fer/forecast-evaluation-report-july-2025/,2025-07-01,exact,landing page <time class=date>,,,False,
obr_f14a6be1cb,OBR,fer,post_hoc_evaluation,July 2025 Forecast evaluation report – annex B: Supplementary fiscal tables,https://obr.uk/download/july-2025-forecast-evaluation-report-annex-b-supplementary-fiscal-tables/,https://obr.uk/fer/forecast-evaluation-report-july-2025/,2025-07-01,exact,landing page <time class=date>,,,False,
obr_6728859f6a,OBR,fer,post_hoc_evaluation,Forecast evaluation report – October 2024,https://obr.uk/download/forecast-evaluation-report-october-2024/,https://obr.uk/fer/forecast-evaluation-report-october-2024/,2024-10-10,exact,landing page <time class=date>,,,True,report capture available
obr_44f58e8237,OBR,fer,post_hoc_evaluation,Forecast evaluation report – October 2024: charts and tables,https://obr.uk/download/forecast-evaluation-report-october-2024-charts-and-tables/,https://obr.uk/fer/forecast-evaluation-report-october-2024/,2024-10-10,exact,landing page <time class=date>,,,False,
obr_928bd20e8e,OBR,fer,post_hoc_evaluation,Forecast evaluation report – October 2023,https://obr.uk/download/forecast-evaluation-report-october-2023/,https://obr.uk/fer/forecast-evaluation-report-october-2023/,2023-10-19,exact,landing page <time class=date>,,,True,report capture available
obr_6eac75069a,OBR,fer,post_hoc_evaluation,Forecast evaluation report – October 2023: charts and tables,https://obr.uk/download/forecast-evaluation-report-october-2023-charts-and-tables/,https://obr.uk/fer/forecast-evaluation-report-october-2023/,2023-10-19,exact,landing page <time class=date>,,,False,
obr_7c4b23e503,OBR,fer,post_hoc_evaluation,Forecast evaluation report – October 2023: supplementary tables,https://obr.uk/download/forecast-evaluation-report-october-2023-supplementary-tables/,https://obr.uk/fer/forecast-evaluation-report-october-2023/,2023-10-19,exact,landing page <time class=date>,,,False,
obr_6829466d4f,OBR,fer,post_hoc_evaluation,Forecast evaluation report – October 2023: model assessment database,https://obr.uk/download/forecast-evaluation-report-october-2023-model-assessment-database/,https://obr.uk/fer/forecast-evaluation-report-october-2023/,2023-10-19,exact,landing page <time class=date>,,,False,
obr_09166a6653,OBR,fer,post_hoc_evaluation,Forecast evaluation report – January 2023,https://obr.uk/download/forecast-evaluation-report-january-2023/,https://obr.uk/fer/forecast-evaluation-report-january-2023/,2023-01-31,exact,landing page <time class=date>,,,True,report capture available
obr_68fb69c041,OBR,fer,post_hoc_evaluation,January 2023 Forecast evaluation report – charts and tables,https://obr.uk/download/january-2023-forecast-evaluation-report-charts-and-tables/,https://obr.uk/fer/forecast-evaluation-report-january-2023/,2023-01-31,exact,landing page <time class=date>,,,False,
obr_5a2319437a,OBR,fer,post_hoc_evaluation,January 2023 Forecast evaluation report – supplementary tables,https://obr.uk/download/january-2023-forecast-evaluation-report-supplementary-tables/,https://obr.uk/fer/forecast-evaluation-report-january-2023/,2023-01-31,exact,landing page <time class=date>,,,False,
obr_913193d785,OBR,fer,post_hoc_evaluation,Forecast evaluation report - December 2021,https://obr.uk/download/forecast-evaluation-report-december-2021/,https://obr.uk/fer/forecast-evaluation-report-december-2021/,2021-12-09,exact,landing page <time class=date>,,,True,report capture available
obr_f6d12ed84e,OBR,fer,post_hoc_evaluation,December 2021 Forecast evaluation report – charts and tables,https://obr.uk/download/december-2021-forecast-evaluation-report-charts-and-tables/,https://obr.uk/fer/forecast-evaluation-report-december-2021/,2021-12-09,exact,landing page <time class=date>,,,False,
obr_ce99a97caa,OBR,fer,post_hoc_evaluation,December 2021 Forecast evaluation report – model assessment database,https://obr.uk/download/december-2021-forecast-evaluation-report-model-assessment-database/,https://obr.uk/fer/forecast-evaluation-report-december-2021/,2021-12-09,exact,landing page <time class=date>,,,False,
obr_cea74121c4,OBR,fer,post_hoc_evaluation,December 2021 Forecast evaluation report – supplementary tables,https://obr.uk/download/december-2021-forecast-evaluation-report-supplementary-tables/,https://obr.uk/fer/forecast-evaluation-report-december-2021/,2021-12-09,exact,landing page <time class=date>,,,False,
obr_7d4a0d4538,OBR,fer,post_hoc_evaluation,Forecast evaluation report - January 2021,https://obr.uk/download/forecast-evaluation-report-january-2021/,https://obr.uk/fer/forecast-evaluation-report-january-2021/,2021-01-22,exact,landing page <time class=date>,,,True,report capture available
obr_0e0fc13eba,OBR,fer,post_hoc_evaluation,January 2021 Forecast evaluation report – charts and tables,https://obr.uk/download/january-2021-forecast-evaluation-report-charts-and-tables/,https://obr.uk/fer/forecast-evaluation-report-january-2021/,2021-01-22,exact,landing page <time class=date>,,,False,
obr_174e9ac748,OBR,fer,post_hoc_evaluation,Forecast evaluation report – December 2019,https://obr.uk/download/forecast-evaluation-report-december-2019/,https://obr.uk/fer/forecast-evaluation-report-december-2019/,2019-12-19,exact,landing page <time class=date>,,,True,report capture available
obr_2c0f686e61,OBR,fer,post_hoc_evaluation,December 2019 Forecast evaluation report – Model assessment database,https://obr.uk/download/december-2019-forecast-evaluation-report-model-assessment-database/,https://obr.uk/fer/forecast-evaluation-report-december-2019/,2019-12-19,exact,landing page <time class=date>,,,False,
obr_a2f202c579,OBR,fer,post_hoc_evaluation,December 2019 Forecast evaluation report – charts and tables,https://obr.uk/download/december-2019-forecast-evaluation-report-charts-and-tables/,https://obr.uk/fer/forecast-evaluation-report-december-2019/,2019-12-19,exact,landing page <time class=date>,,,False,
obr_5820bf3e00,OBR,fer,post_hoc_evaluation,December 2019 Forecast evaluation report and Welfare trends report presentation slides,https://obr.uk/download/december-2019-forecast-evaluation-report-welfare-trends-report-presentation-slides/,https://obr.uk/fer/forecast-evaluation-report-december-2019/,2019-12-19,exact,landing page <time class=date>,,,False,
obr_e7c00d2c10,OBR,fer,post_hoc_evaluation,December 2019 Forecast evaluation report and Welfare trends report speaking notes,https://obr.uk/download/december-2019-forecast-evaluation-report-welfare-trends-report-speaking-notes/,https://obr.uk/fer/forecast-evaluation-report-december-2019/,2019-12-19,exact,landing page <time class=date>,,,False,
obr_58427d1016,OBR,fer,post_hoc_evaluation,Forecast evaluation report – December 2018,https://obr.uk/download/forecast-evaluation-report-december-2018/,https://obr.uk/fer/forecast-evaluation-report-december-2018/,2018-12-04,exact,landing page <time class=date>,,,True,report capture available
obr_1bd8708061,OBR,fer,post_hoc_evaluation,December 2018 Forecast evaluation report – charts and tables,https://obr.uk/download/december-2018-forecast-evaluation-report-charts-tables/,https://obr.uk/fer/forecast-evaluation-report-december-2018/,2018-12-04,exact,landing page <time class=date>,,,False,
obr_e7ebd0e962,OBR,fer,post_hoc_evaluation,December 2018 Forecast evaluation report – Model assessment database,https://obr.uk/download/december-2018-forecast-evaluation-report-model-assessment-database/,https://obr.uk/fer/forecast-evaluation-report-december-2018/,2018-12-04,exact,landing page <time class=date>,,,False,
obr_6f2fddae73,OBR,fer,post_hoc_evaluation,Forecast evaluation report – October 2017,https://obr.uk/download/forecast-evaluation-report-october-2017/,https://obr.uk/fer/forecast-evaluation-report-october-2017/,2017-10-10,exact,landing page <time class=date>,,,True,report capture available
obr_9742d32ab0,OBR,fer,post_hoc_evaluation,Forecast evaluation report October 2017 – Executive Summary,https://obr.uk/download/october-2017-forecast-evaluation-report-executive-summary/,https://obr.uk/fer/forecast-evaluation-report-october-2017/,2017-10-10,exact,landing page <time class=date>,,,False,
obr_15457fd398,OBR,fer,post_hoc_evaluation,Forecast evaluation report October 2017 – charts and tables,https://obr.uk/download/forecast-evaluation-report-charts-tables-october-2017/,https://obr.uk/fer/forecast-evaluation-report-october-2017/,2017-10-10,exact,landing page <time class=date>,,,False,
obr_8faf835121,OBR,fer,post_hoc_evaluation,Forecast evaluation report October 2017 – Press notice,https://obr.uk/download/forecast-evaluation-report-october-2017-press-notice/,https://obr.uk/fer/forecast-evaluation-report-october-2017/,2017-10-10,exact,landing page <time class=date>,,,False,
obr_5afd4571e4,OBR,fer,post_hoc_evaluation,Briefing paper No.7: Evaluating forecast accuracy,https://obr.uk/download/briefing-paper-no-7-evaluating-forecast-accuracy/,https://obr.uk/fer/forecast-evaluation-report-october-2017/,2017-10-10,exact,landing page <time class=date>,,,False,
obr_1487206ad4,OBR,fer,post_hoc_evaluation,Model assessment database,https://obr.uk/download/model-assessment-database/,https://obr.uk/fer/forecast-evaluation-report-october-2017/,2017-10-10,exact,landing page <time class=date>,,,False,
obr_051a6181a3,OBR,fer,post_hoc_evaluation,Residential stamp duty land tax elasticities - Forecast evaluation report October 2017,https://obr.uk/download/residential-stamp-duty-land-tax-elasticities-forecast-evaluation-report-october-2017/,https://obr.uk/fer/forecast-evaluation-report-october-2017/,2017-10-10,exact,landing page <time class=date>,,,False,
obr_c7b0e660b9,OBR,fer,post_hoc_evaluation,Forecast evaluation report October 2017 – press conference slides,https://obr.uk/download/forecast-evaluation-report-october-2017-press-conference-slides/,https://obr.uk/fer/forecast-evaluation-report-october-2017/,2017-10-10,exact,landing page <time class=date>,,,False,
obr_b46c8e1990,OBR,fer,post_hoc_evaluation,Forecast evaluation report October 2017 – speaking notes,https://obr.uk/download/forecast-evaluation-report-october-2017-speaking-notes/,https://obr.uk/fer/forecast-evaluation-report-october-2017/,2017-10-10,exact,landing page <time class=date>,,,False,
obr_11bd6a5f01,OBR,fer,post_hoc_evaluation,Forecast evaluation report – October 2016,https://obr.uk/download/forecast-evaluation-report-october-2016/,https://obr.uk/fer/forecast-evaluation-report-october-2016/,2016-10-11,exact,landing page <time class=date>,,,True,report capture available
obr_76ad6ab2d1,OBR,fer,post_hoc_evaluation,Forecast evaluation report charts and tables – October 2016,https://obr.uk/download/forecast-evaluation-report-charts-tables-october-2016/,https://obr.uk/fer/forecast-evaluation-report-october-2016/,2016-10-11,exact,landing page <time class=date>,,,False,
obr_df03951a15,OBR,fer,post_hoc_evaluation,Forecast evaluation report data sources - October 2016,https://obr.uk/download/forecast-evaluation-report-2016-data-sources/,https://obr.uk/fer/forecast-evaluation-report-october-2016/,2016-10-11,exact,landing page <time class=date>,,,False,
obr_e1542afaa4,OBR,fer,post_hoc_evaluation,Forecast evaluation report – October 2015,https://obr.uk/download/forecast-evaluation-report-october-2015/,https://obr.uk/fer/forecast-evaluation-report-october-2015/,2015-10-13,exact,landing page <time class=date>,,,True,report capture available
obr_9e68195c92,OBR,fer,post_hoc_evaluation,Forecast evaluation report charts and tables - October 2015,https://obr.uk/download/forecast-evaluation-report-charts-and-tables-october-2015/,https://obr.uk/fer/forecast-evaluation-report-october-2015/,2015-10-13,exact,landing page <time class=date>,,,False,
obr_9ede97cfda,OBR,fer,post_hoc_evaluation,Forecast evaluation report 2015 - Data sources,https://obr.uk/download/forecast-evaluation-report-2015-data-sources/,https://obr.uk/fer/forecast-evaluation-report-october-2015/,2015-10-13,exact,landing page <time class=date>,,,False,
obr_f5b4d51b72,OBR,fer,post_hoc_evaluation,Implied impacts of discretionary fiscal policy on GDP growth (2008-09 to 2014-15),https://obr.uk/download/implied-impacts-of-discretionary-fiscal-policy-on-gdp-growth-2008-09-to-2014-15/,https://obr.uk/fer/forecast-evaluation-report-october-2015/,2015-10-13,exact,landing page <time class=date>,,,False,
obr_0e35d18318,OBR,fer,post_hoc_evaluation,Forecast evaluation report – October 2014,https://obr.uk/download/forecast-evaluation-report-october-2014/,https://obr.uk/fer/forecast-evaluation-report-october-2014/,2014-10-16,exact,landing page <time class=date>,,,True,report capture available
obr_655ce4666d,OBR,fer,post_hoc_evaluation,Forecast evaluation report charts and tables - October 2014,https://obr.uk/download/forecast-evaluation-report-charts-and-tables-october-2014/,https://obr.uk/fer/forecast-evaluation-report-october-2014/,2014-10-16,exact,landing page <time class=date>,,,False,
obr_052f7c84bc,OBR,fer,post_hoc_evaluation,Data sources - 2014 Forecast evaluation report,https://obr.uk/download/data-sources-2014-forecast-evaluation-report/,https://obr.uk/fer/forecast-evaluation-report-october-2014/,2014-10-16,exact,landing page <time class=date>,,,False,
obr_4de1674860,OBR,fer,post_hoc_evaluation,Forecast evaluation report and Welfare trends report 2014 – press conference slides,https://obr.uk/download/forecast-evaluation-report-and-welfare-trends-report-2014-press-conference-slides/,https://obr.uk/fer/forecast-evaluation-report-october-2014/,2014-10-16,exact,landing page <time class=date>,,,False,
obr_cdb670bc9a,OBR,fer,post_hoc_evaluation,Forecast evaluation report and Welfare trends report October 2014 – speaking notes,https://obr.uk/download/forecast-evaluation-report-and-welfare-trends-report-october-2014-speaking-notes/,https://obr.uk/fer/forecast-evaluation-report-october-2014/,2014-10-16,exact,landing page <time class=date>,,,False,
obr_1b141f9c60,OBR,fer,post_hoc_evaluation,Forecast evaluation report - October 2013,https://obr.uk/download/forecast-evaluation-report-october-2013/,https://obr.uk/fer/forecast-evaluation-report-october-2013/,2013-10-09,exact,landing page <time class=date>,,,True,report capture available
obr_387b51319a,OBR,fer,post_hoc_evaluation,Forecast evaluation report 2013 - charts and tables,https://obr.uk/download/forecast-evaluation-report-2013-charts-and-tables/,https://obr.uk/fer/forecast-evaluation-report-october-2013/,2013-10-09,exact,landing page <time class=date>,,,False,
obr_282ffcb86f,OBR,fer,post_hoc_evaluation,Forecast evaluation report 2013 - Data sources,https://obr.uk/download/forecast-evaluation-report-2013-data-sources/,https://obr.uk/fer/forecast-evaluation-report-october-2013/,2013-10-09,exact,landing page <time class=date>,,,False,
obr_6cce89f8c6,OBR,fer,post_hoc_evaluation,Forecast evaluation report October 2013 - Correction to spending figures,https://obr.uk/download/forecast-evaluation-report-october-2013-correction-to-spending-figures/,https://obr.uk/fer/forecast-evaluation-report-october-2013/,2013-10-09,exact,landing page <time class=date>,,,False,
obr_99e1c45334,OBR,fer,post_hoc_evaluation,Forecast evaluation report 2013 - Briefing session slides,https://obr.uk/download/forecast-evaluation-report-2013-briefing-session-slides/,https://obr.uk/fer/forecast-evaluation-report-october-2013/,2013-10-09,exact,landing page <time class=date>,,,False,
obr_8367053863,OBR,fer,post_hoc_evaluation,Forecast evaluation report - October 2012,https://obr.uk/download/forecast-evaluation-report-october-2012/,https://obr.uk/fer/forecast-evaluation-report-october-2012/,2012-10-16,exact,landing page <time class=date>,,,True,report capture available
obr_08fe4da948,OBR,fer,post_hoc_evaluation,Forecast evaluation report 2012 - charts and tables,https://obr.uk/download/forecast-evaluation-report-2012-charts-and-tables/,https://obr.uk/fer/forecast-evaluation-report-october-2012/,2012-10-16,exact,landing page <time class=date>,,,False,
obr_73d33fbef0,OBR,fer,post_hoc_evaluation,Data sources - Forecast evaluation report 2012,https://obr.uk/download/data-sources-forecast-evaluation-report-2012/,https://obr.uk/fer/forecast-evaluation-report-october-2012/,2012-10-16,exact,landing page <time class=date>,,,False,
obr_ae53b36abb,OBR,fer,post_hoc_evaluation,Forecast evaluation report 2012- Briefing session slides,https://obr.uk/download/forecast-evaluation-report-2012-briefing-session-slides/,https://obr.uk/fer/forecast-evaluation-report-october-2012/,2012-10-16,exact,landing page <time class=date>,,,False,
obr_b44f713927,OBR,fer,post_hoc_evaluation,Forecast evaluation report - October 2011,https://obr.uk/download/forecast-evaluation-report-october-2011/,https://obr.uk/fer/forecast-evaluation-report-october-2011/,2011-10-13,exact,landing page <time class=date>,,,True,report link not archived; same report archived at http://budgetresponsibility.independent.gov.uk/wordpress/docs/Forecast-evaluation-report-2011.pdf (title page verified)
obr_fd9401a977,OBR,fer,post_hoc_evaluation,October 2011 Forecast evaluation report - charts and tables,https://obr.uk/download/october-2011-forecast-evaluation-report-charts-and-tables/,https://obr.uk/fer/forecast-evaluation-report-october-2011/,2011-10-13,exact,landing page <time class=date>,,,False,
obr_8c749cf3b4,OBR,fer,post_hoc_evaluation,October 2011 Forecast evaluation report - Press notice,https://obr.uk/download/october-2011-forecast-evaluation-report-press-notice/,https://obr.uk/fer/forecast-evaluation-report-october-2011/,2011-10-13,exact,landing page <time class=date>,,,False,
obr_3e7ff9d4c1,OBR,fer,post_hoc_evaluation,October 2011 Forecast evaluation report - historical budget forecasts,https://obr.uk/download/october-2011-forecast-evaluation-report-historical-budget-forecasts/,https://obr.uk/fer/forecast-evaluation-report-october-2011/,2011-10-13,exact,landing page <time class=date>,,,False,
obr_b3510d4f27,OBR,psf_commentary,in_period_commentary,Commentary on the public sector finances – March 2023,https://obr.uk/download/commentary-on-the-public-sector-finances-march-2023/,https://obr.uk/monthly-public-finances-briefing/monthly-public-finances-releases-in-2022-23/,2023-04-30,month_only,data month + 1 (ONS release month); last day of month (D5),,,False,data month 2023-03
obr_c4d07da0d5,OBR,psf_commentary,in_period_commentary,Commentary on the public sector finances – February 2023,https://obr.uk/download/commentary-on-the-public-sector-finances-february-2023/,https://obr.uk/monthly-public-finances-briefing/monthly-public-finances-releases-in-2022-23/,2023-03-31,month_only,data month + 1 (ONS release month); last day of month (D5),,,False,data month 2023-02
obr_422c483c1e,OBR,psf_commentary,in_period_commentary,Commentary on the public sector finances – January 2023,https://obr.uk/download/commentary-on-the-public-sector-finances-january-2023/,https://obr.uk/monthly-public-finances-briefing/monthly-public-finances-releases-in-2022-23/,2023-02-28,month_only,data month + 1 (ONS release month); last day of month (D5),,,False,data month 2023-01
obr_e9bc2e9a44,OBR,psf_commentary,in_period_commentary,Commentary on the public sector finances – December 2022,https://obr.uk/download/commentary-on-the-public-sector-finances-december-2022/,https://obr.uk/monthly-public-finances-briefing/monthly-public-finances-releases-in-2022-23/,2023-01-31,month_only,data month + 1 (ONS release month); last day of month (D5),,,False,data month 2022-12
obr_ba6bb1c13e,OBR,psf_commentary,in_period_commentary,Commentary on the public sector finances – November 2022,https://obr.uk/download/commentary-on-the-public-sector-finances-november-2022/,https://obr.uk/monthly-public-finances-briefing/monthly-public-finances-releases-in-2022-23/,2022-12-31,month_only,data month + 1 (ONS release month); last day of month (D5),,,False,data month 2022-11
obr_9c2ca0da43,OBR,psf_commentary,in_period_commentary,Commentary on the public sector finances – October 2022,https://obr.uk/download/commentary-on-the-public-sector-finances-october-2022/,https://obr.uk/monthly-public-finances-briefing/monthly-public-finances-releases-in-2022-23/,2022-11-30,month_only,data month + 1 (ONS release month); last day of month (D5),,,False,data month 2022-10
obr_cc2ad6bee0,OBR,psf_commentary,in_period_commentary,Commentary on the public sector finances – August 2022,https://obr.uk/download/commentary-on-the-public-sector-finances-august-2022/,https://obr.uk/monthly-public-finances-briefing/monthly-public-finances-releases-in-2022-23/,2022-09-30,month_only,data month + 1 (ONS release month); last day of month (D5),,,False,data month 2022-08
obr_7a5d10842c,OBR,psf_commentary,in_period_commentary,Commentary on the public sector finances – July 2022,https://obr.uk/download/commentary-on-the-public-sector-finances-july-2022/,https://obr.uk/monthly-public-finances-briefing/monthly-public-finances-releases-in-2022-23/,2022-08-31,month_only,data month + 1 (ONS release month); last day of month (D5),,,False,data month 2022-07
obr_39edbdfe99,OBR,psf_commentary,in_period_commentary,Commentary on the public sector finances – June 2022,https://obr.uk/download/commentary-on-the-public-sector-finances-june-2022/,https://obr.uk/monthly-public-finances-briefing/monthly-public-finances-releases-in-2022-23/,2022-07-31,month_only,data month + 1 (ONS release month); last day of month (D5),,,False,data month 2022-06
obr_160808d935,OBR,psf_commentary,in_period_commentary,Commentary on the public sector finances – May 2022,https://obr.uk/download/commentary-on-the-public-sector-finances-may-2022/,https://obr.uk/monthly-public-finances-briefing/monthly-public-finances-releases-in-2022-23/,2022-06-30,month_only,data month + 1 (ONS release month); last day of month (D5),,,False,data month 2022-05
obr_fbf472b3c2,OBR,psf_commentary,in_period_commentary,Commentary on the public sector finances – April 2022,https://obr.uk/download/commentary-on-the-public-sector-finances-april-2022/,https://obr.uk/monthly-public-finances-briefing/monthly-public-finances-releases-in-2022-23/,2022-05-31,month_only,data month + 1 (ONS release month); last day of month (D5),,,False,data month 2022-04
obr_f444cfd7f0,OBR,psf_commentary,in_period_commentary,Commentary on the public sector finances – March 2022,https://obr.uk/download/commentary-on-the-public-sector-finances-march-2022/,https://obr.uk/monthly-public-finances-briefing/monthly-public-finances-releases-in-2021-22/,2022-04-30,month_only,data month + 1 (ONS release month); last day of month (D5),,,False,data month 2022-03
obr_4c91f99e32,OBR,psf_commentary,in_period_commentary,Commentary on the public sector finances – January 2022,https://obr.uk/download/commentary-on-the-public-sector-finances-january-2022/,https://obr.uk/monthly-public-finances-briefing/monthly-public-finances-releases-in-2021-22/,2022-02-28,month_only,data month + 1 (ONS release month); last day of month (D5),,,False,data month 2022-01
obr_6c3b5d0505,OBR,psf_commentary,in_period_commentary,Commentary on the public sector finances – December 2021,https://obr.uk/download/commentary-on-the-public-sector-finances-december-2021/,https://obr.uk/monthly-public-finances-briefing/monthly-public-finances-releases-in-2021-22/,2022-01-31,month_only,data month + 1 (ONS release month); last day of month (D5),,,False,data month 2021-12
obr_18abb98b39,OBR,psf_commentary,in_period_commentary,Commentary on the public sector finances – November 2021,https://obr.uk/download/commentary-on-the-public-sector-finances-november-2021/,https://obr.uk/monthly-public-finances-briefing/monthly-public-finances-releases-in-2021-22/,2021-12-31,month_only,data month + 1 (ONS release month); last day of month (D5),,,False,data month 2021-11
obr_6138091c11,OBR,psf_commentary,in_period_commentary,Commentary on the public sector finances – October 2021,https://obr.uk/download/commentary-on-the-public-sector-finances-october-2021/,https://obr.uk/monthly-public-finances-briefing/monthly-public-finances-releases-in-2021-22/,2021-11-30,month_only,data month + 1 (ONS release month); last day of month (D5),,,False,data month 2021-10
obr_028a9d25a2,OBR,psf_commentary,in_period_commentary,Commentary on the public sector finances – August 2021,https://obr.uk/download/commentary-on-the-public-sector-finances-august-2021/,https://obr.uk/monthly-public-finances-briefing/monthly-public-finances-releases-in-2021-22/,2021-09-30,month_only,data month + 1 (ONS release month); last day of month (D5),,,False,data month 2021-08
obr_e0a7222b2a,OBR,psf_commentary,in_period_commentary,Commentary on the public sector finances – July 2021,https://obr.uk/download/commentary-on-the-public-sector-finances-july-2021/,https://obr.uk/monthly-public-finances-briefing/monthly-public-finances-releases-in-2021-22/,2021-08-31,month_only,data month + 1 (ONS release month); last day of month (D5),,,False,data month 2021-07
obr_31b787abf4,OBR,psf_commentary,in_period_commentary,Commentary on the public sector finances – June 2021,https://obr.uk/download/commentary-on-the-public-sector-finances-june-2021/,https://obr.uk/monthly-public-finances-briefing/monthly-public-finances-releases-in-2021-22/,2021-07-31,month_only,data month + 1 (ONS release month); last day of month (D5),,,False,data month 2021-06
obr_13b1fe1c11,OBR,psf_commentary,in_period_commentary,Commentary on the public sector finances – May 2021,https://obr.uk/download/commentary-on-the-public-sector-finances-may-2021/,https://obr.uk/monthly-public-finances-briefing/monthly-public-finances-releases-in-2021-22/,2021-06-30,month_only,data month + 1 (ONS release month); last day of month (D5),,,False,data month 2021-05
obr_17e1a1cf54,OBR,psf_commentary,in_period_commentary,Commentary on the public sector finances – April 2021,https://obr.uk/download/commentary-on-the-public-sector-finances-april-2021/,https://obr.uk/monthly-public-finances-briefing/monthly-public-finances-releases-in-2021-22/,2021-05-31,month_only,data month + 1 (ONS release month); last day of month (D5),,,False,data month 2021-04
obr_e3c188bd98,OBR,psf_commentary,in_period_commentary,Commentary on the public sector finances – March 2021,https://obr.uk/download/commentary-on-the-public-sector-finances-march-2021/,https://obr.uk/monthly-public-finances-briefing/monthly-public-finances-releases-in-2020-21/,2021-04-30,month_only,data month + 1 (ONS release month); last day of month (D5),,,False,data month 2021-03
obr_d6beecfe6c,OBR,psf_commentary,in_period_commentary,Commentary on the public sector finances – February 2021,https://obr.uk/download/commentary-on-the-public-sector-finances-february-2021/,https://obr.uk/monthly-public-finances-briefing/monthly-public-finances-releases-in-2020-21/,2021-03-31,month_only,data month + 1 (ONS release month); last day of month (D5),,,False,data month 2021-02
obr_72dd43f077,OBR,psf_commentary,in_period_commentary,Commentary on the public sector finances – January 2021,https://obr.uk/download/commentary-on-the-public-sector-finances-january-2021/,https://obr.uk/monthly-public-finances-briefing/monthly-public-finances-releases-in-2020-21/,2021-02-28,month_only,data month + 1 (ONS release month); last day of month (D5),,,False,data month 2021-01
obr_05fb9c4275,OBR,psf_commentary,in_period_commentary,Commentary on the public sector finances – December 2020,https://obr.uk/download/commentary-on-the-public-sector-finances-december-2020/,https://obr.uk/monthly-public-finances-briefing/monthly-public-finances-releases-in-2020-21/,2021-01-31,month_only,data month + 1 (ONS release month); last day of month (D5),,,False,data month 2020-12
obr_32d8773eeb,OBR,psf_commentary,in_period_commentary,Commentary on the public sector finances – November 2020,https://obr.uk/download/commentary-on-the-public-sector-finances-november-2020/,https://obr.uk/monthly-public-finances-briefing/monthly-public-finances-releases-in-2020-21/,2020-12-31,month_only,data month + 1 (ONS release month); last day of month (D5),,,False,data month 2020-11
obr_54422c45c0,OBR,psf_commentary,in_period_commentary,Commentary on the public sector finances – September 2020,https://obr.uk/download/commentary-on-the-public-sector-finances-september-2020/,https://obr.uk/monthly-public-finances-briefing/monthly-public-finances-releases-in-2020-21/,2020-10-31,month_only,data month + 1 (ONS release month); last day of month (D5),,,False,data month 2020-09
obr_dc0dd97e37,OBR,psf_commentary,in_period_commentary,Commentary on the public sector finances – August 2020,https://obr.uk/download/commentary-on-the-public-sector-finances-august-2020/,https://obr.uk/monthly-public-finances-briefing/monthly-public-finances-releases-in-2020-21/,2020-09-30,month_only,data month + 1 (ONS release month); last day of month (D5),,,False,data month 2020-08
obr_32985de825,OBR,psf_commentary,in_period_commentary,Commentary on the public sector finances – July 2020,https://obr.uk/download/commentary-on-the-public-sector-finances-july-2020/,https://obr.uk/monthly-public-finances-briefing/monthly-public-finances-releases-in-2020-21/,2020-08-31,month_only,data month + 1 (ONS release month); last day of month (D5),,,False,data month 2020-07
obr_4795e52e15,OBR,psf_commentary,in_period_commentary,Commentary on the public sector finances – June 2020,https://obr.uk/download/commentary-public-sector-finances-june-2020/,https://obr.uk/monthly-public-finances-briefing/monthly-public-finances-releases-in-2020-21/,2020-07-31,month_only,data month + 1 (ONS release month); last day of month (D5),,,False,data month 2020-06
obr_d7b29665e2,OBR,psf_commentary,in_period_commentary,Commentary on the public sector finances – May 2020,https://obr.uk/download/commentary-public-sector-finances-may-2020/,https://obr.uk/monthly-public-finances-briefing/monthly-public-finances-releases-in-2020-21/,2020-06-30,month_only,data month + 1 (ONS release month); last day of month (D5),,,False,data month 2020-05
obr_15d9da76aa,OBR,psf_commentary,in_period_commentary,Commentary on the public sector finances – April 2020,https://obr.uk/download/commentary-public-sector-finances-april-2020/,https://obr.uk/monthly-public-finances-briefing/monthly-public-finances-releases-in-2020-21/,2020-05-31,month_only,data month + 1 (ONS release month); last day of month (D5),,,False,data month 2020-04
obr_f304e45d22,OBR,psf_commentary,in_period_commentary,Commentary on the public sector finances – March 2020,https://obr.uk/download/commentary-public-sector-finances-march-2020/,https://obr.uk/monthly-public-finances-briefing/monthly-public-finances-releases-in-2019-20/,2020-04-30,month_only,data month + 1 (ONS release month); last day of month (D5),,,False,data month 2020-03
obr_1212484fd1,OBR,psf_commentary,in_period_commentary,Commentary on the public sector finances – February 2020,https://obr.uk/download/commentary-public-sector-finances-february-2020/,https://obr.uk/monthly-public-finances-briefing/monthly-public-finances-releases-in-2019-20/,2020-03-31,month_only,data month + 1 (ONS release month); last day of month (D5),,,False,data month 2020-02
obr_14651f7714,OBR,psf_commentary,in_period_commentary,Commentary on the public sector finances – January 2020,https://obr.uk/download/commentary-public-sector-finances-january-2020/,https://obr.uk/monthly-public-finances-briefing/monthly-public-finances-releases-in-2019-20/,2020-02-29,month_only,data month + 1 (ONS release month); last day of month (D5),,,False,data month 2020-01
obr_70267ad8ad,OBR,psf_commentary,in_period_commentary,Commentary on the public sector finances – December 2019,https://obr.uk/download/commentary-public-sector-finances-december-2019/,https://obr.uk/monthly-public-finances-briefing/monthly-public-finances-releases-in-2019-20/,2020-01-31,month_only,data month + 1 (ONS release month); last day of month (D5),,,False,data month 2019-12
obr_3bce833d7a,OBR,psf_commentary,in_period_commentary,Commentary on the public sector finances – November 2019,https://obr.uk/download/commentary-public-sector-finances-november-2019/,https://obr.uk/monthly-public-finances-briefing/monthly-public-finances-releases-in-2019-20/,2019-12-31,month_only,data month + 1 (ONS release month); last day of month (D5),,,False,data month 2019-11
obr_a7b5ae9287,OBR,psf_commentary,in_period_commentary,Commentary on the public sector finances – October 2019,https://obr.uk/download/commentary-public-sector-finances-october-2019/,https://obr.uk/monthly-public-finances-briefing/monthly-public-finances-releases-in-2019-20/,2019-11-30,month_only,data month + 1 (ONS release month); last day of month (D5),,,False,data month 2019-10
obr_d014ec518f,OBR,psf_commentary,in_period_commentary,Commentary on the public sector finances – September 2019,https://obr.uk/download/commentary-public-sector-finances-september-2019/,https://obr.uk/monthly-public-finances-briefing/monthly-public-finances-releases-in-2019-20/,2019-10-31,month_only,data month + 1 (ONS release month); last day of month (D5),,,False,data month 2019-09
obr_2fe36d6e85,OBR,psf_commentary,in_period_commentary,Commentary on the public sector finances – August 2019,https://obr.uk/download/commentary-public-sector-finances-august-2019/,https://obr.uk/monthly-public-finances-briefing/monthly-public-finances-releases-in-2019-20/,2019-09-30,month_only,data month + 1 (ONS release month); last day of month (D5),,,False,data month 2019-08
obr_e95617e3a8,OBR,psf_commentary,in_period_commentary,Commentary on the public sector finances – July 2019,https://obr.uk/download/commentary-public-sector-finances-july-2019/,https://obr.uk/monthly-public-finances-briefing/monthly-public-finances-releases-in-2019-20/,2019-08-31,month_only,data month + 1 (ONS release month); last day of month (D5),,,False,data month 2019-07
obr_4c57c8bbf7,OBR,psf_commentary,in_period_commentary,Commentary on the public sector finances – June 2019,https://obr.uk/download/commentary-public-sector-finances-june-2019/,https://obr.uk/monthly-public-finances-briefing/monthly-public-finances-releases-in-2019-20/,2019-07-31,month_only,data month + 1 (ONS release month); last day of month (D5),,,False,data month 2019-06
obr_8d70b7d49f,OBR,psf_commentary,in_period_commentary,Commentary on the public sector finances - May 2019,https://obr.uk/download/commentary-public-sector-finances-may-2019/,https://obr.uk/monthly-public-finances-briefing/monthly-public-finances-releases-in-2019-20/,2019-06-30,month_only,data month + 1 (ONS release month); last day of month (D5),,,False,data month 2019-05
obr_0a8d957e34,OBR,psf_commentary,in_period_commentary,Commentary on the public sector finances – April 2019,https://obr.uk/download/commentary-public-sector-finances-april-2019/,https://obr.uk/monthly-public-finances-briefing/monthly-public-finances-releases-in-2019-20/,2019-05-31,month_only,data month + 1 (ONS release month); last day of month (D5),,,False,data month 2019-04
obr_d3975db605,OBR,psf_commentary,in_period_commentary,Commentary on the public sector finances – March 2019,https://obr.uk/download/commentary-public-sector-finances-march-2019/,https://obr.uk/monthly-public-finances-briefing/2018-19/,2019-04-30,month_only,data month + 1 (ONS release month); last day of month (D5),,,False,data month 2019-03
obr_6dc31cbf2b,OBR,psf_commentary,in_period_commentary,Commentary on the public sector finances – February 2019,https://obr.uk/download/commentary-public-sector-finances-february-2019/,https://obr.uk/monthly-public-finances-briefing/2018-19/,2019-03-31,month_only,data month + 1 (ONS release month); last day of month (D5),,,False,data month 2019-02
obr_f94da83f0c,OBR,psf_commentary,in_period_commentary,Commentary on the public sector finances – January 2019,https://obr.uk/download/commentary-public-sector-finances-january-2019/,https://obr.uk/monthly-public-finances-briefing/2018-19/,2019-02-28,month_only,data month + 1 (ONS release month); last day of month (D5),,,False,data month 2019-01
obr_59f1197387,OBR,psf_commentary,in_period_commentary,Commentary on the public sector finances - December 2018,https://obr.uk/download/commentary-public-sector-finances-december-2018/,https://obr.uk/monthly-public-finances-briefing/2018-19/,2019-01-31,month_only,data month + 1 (ONS release month); last day of month (D5),,,False,data month 2018-12
obr_f4ed42487d,OBR,psf_commentary,in_period_commentary,Commentary on the public sector finances – November 2018,https://obr.uk/download/commentary-public-sector-finances-november-2018/,https://obr.uk/monthly-public-finances-briefing/2018-19/,2018-12-31,month_only,data month + 1 (ONS release month); last day of month (D5),,,False,data month 2018-11
obr_456ddad309,OBR,psf_commentary,in_period_commentary,Commentary on the public sector finances – October 2018,https://obr.uk/download/commentary-public-sector-finances-october-2018/,https://obr.uk/monthly-public-finances-briefing/2018-19/,2018-11-30,month_only,data month + 1 (ONS release month); last day of month (D5),,,False,data month 2018-10
obr_6d2508689b,OBR,psf_commentary,in_period_commentary,Commentary on the public sector finances – September 2018,https://obr.uk/download/commentary-public-sector-finances-september-2018/,https://obr.uk/monthly-public-finances-briefing/2018-19/,2018-10-31,month_only,data month + 1 (ONS release month); last day of month (D5),,,False,data month 2018-09
obr_ccddb05d08,OBR,psf_commentary,in_period_commentary,Commentary on the public sector finances – August 2018,https://obr.uk/download/commentary-public-sector-finances-august-2018/,https://obr.uk/monthly-public-finances-briefing/2018-19/,2018-09-30,month_only,data month + 1 (ONS release month); last day of month (D5),,,False,data month 2018-08
obr_dd9407a4a4,OBR,psf_commentary,in_period_commentary,Commentary on the public sector finances – July 2018,https://obr.uk/download/commentary-public-sector-finances-july-2018/,https://obr.uk/monthly-public-finances-briefing/2018-19/,2018-08-31,month_only,data month + 1 (ONS release month); last day of month (D5),,,False,data month 2018-07
obr_14b0eafa94,OBR,psf_commentary,in_period_commentary,Commentary on the public sector finances - June 2018,https://obr.uk/download/commentary-public-sector-finances-june-2018/,https://obr.uk/monthly-public-finances-briefing/2018-19/,2018-07-31,month_only,data month + 1 (ONS release month); last day of month (D5),,,False,data month 2018-06
obr_3e693c49b7,OBR,psf_commentary,in_period_commentary,Commentary on the public sector finances – May 2018,https://obr.uk/download/commentary-public-sector-finances-may-2018/,https://obr.uk/monthly-public-finances-briefing/2018-19/,2018-06-30,month_only,data month + 1 (ONS release month); last day of month (D5),,,False,data month 2018-05
obr_9723ad2ee9,OBR,psf_commentary,in_period_commentary,Commentary on the public sector finances - April 2018,https://obr.uk/download/commentary-public-sector-finances-april-2018/,https://obr.uk/monthly-public-finances-briefing/2018-19/,2018-05-31,month_only,data month + 1 (ONS release month); last day of month (D5),,,False,data month 2018-04
obr_ee60c1684b,OBR,psf_commentary,in_period_commentary,Commentary on the public sector finances - March 2018,https://obr.uk/download/commentary-public-sector-finances-march-2018/,https://obr.uk/monthly-public-finances-briefing/2017-18/,2018-04-30,month_only,data month + 1 (ONS release month); last day of month (D5),,,False,data month 2018-03
obr_5ae03ec16d,OBR,psf_commentary,in_period_commentary,Commentary on the public sector finances – February 2018,https://obr.uk/download/commentary-public-sector-finances-february-2018/,https://obr.uk/monthly-public-finances-briefing/2017-18/,2018-03-31,month_only,data month + 1 (ONS release month); last day of month (D5),,,False,data month 2018-02
obr_cb3afee81f,OBR,psf_commentary,in_period_commentary,Commentary on the public sector finances – January 2018,https://obr.uk/download/commentary-public-sector-finances-january-2018/,https://obr.uk/monthly-public-finances-briefing/2017-18/,2018-02-28,month_only,data month + 1 (ONS release month); last day of month (D5),,,False,data month 2018-01
obr_8a28b091d9,OBR,psf_commentary,in_period_commentary,Commentary on the public sector finances – December 2017,https://obr.uk/download/commentary-public-sector-finances-december-2017/,https://obr.uk/monthly-public-finances-briefing/2017-18/,2018-01-31,month_only,data month + 1 (ONS release month); last day of month (D5),,,False,data month 2017-12
obr_d93932aea2,OBR,psf_commentary,in_period_commentary,Commentary on the public sector finances – November 2017,https://obr.uk/download/commentary-public-sector-finances-november-2017/,https://obr.uk/monthly-public-finances-briefing/2017-18/,2017-12-31,month_only,data month + 1 (ONS release month); last day of month (D5),,,False,data month 2017-11
obr_2c4424510b,OBR,psf_commentary,in_period_commentary,Commentary on the public sector finances – September 2017,https://obr.uk/download/commentary-public-sector-finances-september-2017/,https://obr.uk/monthly-public-finances-briefing/2017-18/,2017-10-31,month_only,data month + 1 (ONS release month); last day of month (D5),,,False,data month 2017-09
obr_7684c6409a,OBR,psf_commentary,in_period_commentary,Commentary on the public sector finances – August 2017,https://obr.uk/download/commentary-public-sector-finances-august-2017/,https://obr.uk/monthly-public-finances-briefing/2017-18/,2017-09-30,month_only,data month + 1 (ONS release month); last day of month (D5),,,False,data month 2017-08
obr_f1b917be9c,OBR,psf_commentary,in_period_commentary,Commentary on the public sector finances – July 2017,https://obr.uk/download/commentary-public-sector-finances-july-2017/,https://obr.uk/monthly-public-finances-briefing/2017-18/,2017-08-31,month_only,data month + 1 (ONS release month); last day of month (D5),,,False,data month 2017-07
obr_7a577a333d,OBR,psf_commentary,in_period_commentary,Commentary on the public sector finances – June 2017,https://obr.uk/download/commentary-public-sector-finances-june-2017/,https://obr.uk/monthly-public-finances-briefing/2017-18/,2017-07-31,month_only,data month + 1 (ONS release month); last day of month (D5),,,False,data month 2017-06
obr_bbe491cf16,OBR,psf_commentary,in_period_commentary,Commentary on the public sector finances – May 2017,https://obr.uk/download/commentary-public-sector-finances-may-2017/,https://obr.uk/monthly-public-finances-briefing/2017-18/,2017-06-30,month_only,data month + 1 (ONS release month); last day of month (D5),,,False,data month 2017-05
obr_5c98b7089f,OBR,psf_commentary,in_period_commentary,Commentary on the public sector finances – April 2017,https://obr.uk/download/commentary-public-sector-finances-april-2017/,https://obr.uk/monthly-public-finances-briefing/2017-18/,2017-05-31,month_only,data month + 1 (ONS release month); last day of month (D5),,,False,data month 2017-04
obr_677cfa272d,OBR,psf_commentary,in_period_commentary,Commentary on the public sector finances – March 2017,https://obr.uk/download/commentary-public-sector-finances-march-2017/,https://obr.uk/monthly-public-finances-briefing/2016-17/,2017-04-30,month_only,data month + 1 (ONS release month); last day of month (D5),,,False,data month 2017-03
obr_d669bfa3b2,OBR,psf_commentary,in_period_commentary,Commentary on the public sector finances – February 2017,https://obr.uk/download/pdf-commentary-public-sector-finances-february-2017/,https://obr.uk/monthly-public-finances-briefing/2016-17/,2017-03-31,month_only,data month + 1 (ONS release month); last day of month (D5),,,False,data month 2017-02
obr_03e03aedbf,OBR,psf_commentary,in_period_commentary,Commentary on the public sector finances – January 2017,https://obr.uk/download/commentary-public-sector-finances-january-2017/,https://obr.uk/monthly-public-finances-briefing/2016-17/,2017-02-28,month_only,data month + 1 (ONS release month); last day of month (D5),,,False,data month 2017-01
obr_8338619c4e,OBR,psf_commentary,in_period_commentary,Commentary on the public sector finances – December 2016,https://obr.uk/download/commentary-public-sector-finances-december-2016/,https://obr.uk/monthly-public-finances-briefing/2016-17/,2017-01-31,month_only,data month + 1 (ONS release month); last day of month (D5),,,False,data month 2016-12
obr_1a661c6fa1,OBR,psf_commentary,in_period_commentary,Commentary on the public sector finances – November 2016,https://obr.uk/download/commentary-public-sector-finances-november-2016/,https://obr.uk/monthly-public-finances-briefing/2016-17/,2016-12-31,month_only,data month + 1 (ONS release month); last day of month (D5),,,False,data month 2016-11
obr_e6b1cacff7,OBR,psf_commentary,in_period_commentary,Commentary on the public sector finances – September 2016,https://obr.uk/download/commentary-public-sector-finances-september-2016/,https://obr.uk/monthly-public-finances-briefing/2016-17/,2016-10-31,month_only,data month + 1 (ONS release month); last day of month (D5),,,False,data month 2016-09
obr_58296129b5,OBR,psf_commentary,in_period_commentary,Commentary on the public sector finances – August 2016,https://obr.uk/download/commentary-public-sector-finances-august-2016/,https://obr.uk/monthly-public-finances-briefing/2016-17/,2016-09-30,month_only,data month + 1 (ONS release month); last day of month (D5),,,False,data month 2016-08
obr_33b1b62860,OBR,psf_commentary,in_period_commentary,Commentary on the public sector finances – July 2016,https://obr.uk/download/commentary-public-sector-finances-july-2016/,https://obr.uk/monthly-public-finances-briefing/2016-17/,2016-08-31,month_only,data month + 1 (ONS release month); last day of month (D5),,,False,data month 2016-07
obr_222c582aea,OBR,psf_commentary,in_period_commentary,Commentary on the public sector finances – June 2016,https://obr.uk/download/commentary-public-sector-finances-june-2016/,https://obr.uk/monthly-public-finances-briefing/2016-17/,2016-07-31,month_only,data month + 1 (ONS release month); last day of month (D5),,,False,data month 2016-06
obr_27d0ca5c39,OBR,psf_commentary,in_period_commentary,Commentary on the public sector finances – May 2016,https://obr.uk/download/commentary-public-sector-finances-may-2016/,https://obr.uk/monthly-public-finances-briefing/2016-17/,2016-06-30,month_only,data month + 1 (ONS release month); last day of month (D5),,,False,data month 2016-05
obr_6438b6a5d8,OBR,psf_commentary,in_period_commentary,Commentary on the public sector finances – April 2016,https://obr.uk/download/commentary-public-sector-finances-april-2016/,https://obr.uk/monthly-public-finances-briefing/2016-17/,2016-05-31,month_only,data month + 1 (ONS release month); last day of month (D5),,,False,data month 2016-04
obr_af84e63b51,OBR,psf_commentary,in_period_commentary,Commentary on the public sector finances - March 2016,https://obr.uk/download/commentary-public-sector-finances-march-2016/,https://obr.uk/monthly-public-finances-briefing/2015-16/,2016-04-30,month_only,data month + 1 (ONS release month); last day of month (D5),,,False,data month 2016-03
obr_74f8084e3a,OBR,psf_commentary,in_period_commentary,Commentary on the public sector finances - January 2016,https://obr.uk/download/commentary-public-sector-finances-january-2016/,https://obr.uk/monthly-public-finances-briefing/2015-16/,2016-02-29,month_only,data month + 1 (ONS release month); last day of month (D5),,,False,data month 2016-01
obr_0d26f7efc2,OBR,psf_commentary,in_period_commentary,Commentary on the public sector finances - December 2015,https://obr.uk/download/commentary-on-the-public-sector-finances-december-2015/,https://obr.uk/monthly-public-finances-briefing/2015-16/,2016-01-31,month_only,data month + 1 (ONS release month); last day of month (D5),,,False,data month 2015-12
obr_872a1ace89,OBR,psf_commentary,in_period_commentary,Commentary on the public sector finances - November 2015,https://obr.uk/download/commentary-on-the-public-sector-finances-29/,https://obr.uk/monthly-public-finances-briefing/2015-16/,2015-12-31,month_only,data month + 1 (ONS release month); last day of month (D5),,,False,data month 2015-11
obr_d647f464fe,OBR,psf_commentary,in_period_commentary,Commentary on the public sector finances - September 2015,https://obr.uk/download/commentary-on-the-public-sector-finances-28/,https://obr.uk/monthly-public-finances-briefing/2015-16/,2015-10-31,month_only,data month + 1 (ONS release month); last day of month (D5),,,False,data month 2015-09
obr_d9396c3f78,OBR,psf_commentary,in_period_commentary,Commentary on the public sector finances - August 2015,https://obr.uk/download/commentary-on-the-public-sector-finances-27/,https://obr.uk/monthly-public-finances-briefing/2015-16/,2015-09-30,month_only,data month + 1 (ONS release month); last day of month (D5),,,False,data month 2015-08
obr_caa1f1677a,OBR,psf_commentary,in_period_commentary,Commentary on the public sector finances - July 2015,https://obr.uk/download/commentary-on-the-public-sector-finances-26/,https://obr.uk/monthly-public-finances-briefing/2015-16/,2015-08-31,month_only,data month + 1 (ONS release month); last day of month (D5),,,False,data month 2015-07
obr_e8a368627e,OBR,psf_commentary,in_period_commentary,Commentary on the public sector finances - June 2015,https://obr.uk/download/commentary-on-the-public-sector-finances-25/,https://obr.uk/monthly-public-finances-briefing/2015-16/,2015-07-31,month_only,data month + 1 (ONS release month); last day of month (D5),,,False,data month 2015-06
obr_6b40ff5ccf,OBR,psf_commentary,in_period_commentary,Commentary on the public sector finances - May 2015,https://obr.uk/download/commentary-on-the-public-sector-finances-24/,https://obr.uk/monthly-public-finances-briefing/2015-16/,2015-06-30,month_only,data month + 1 (ONS release month); last day of month (D5),,,False,data month 2015-05
obr_4fdca1ce44,OBR,psf_commentary,in_period_commentary,Commentary on the public sector finances - April 2015,https://obr.uk/download/commentary-on-the-public-sector-finances-23/,https://obr.uk/monthly-public-finances-briefing/2015-16/,2015-05-31,month_only,data month + 1 (ONS release month); last day of month (D5),,,False,data month 2015-04
obr_b017db53d7,OBR,psf_commentary,in_period_commentary,Commentary on the public sector finances - March 2015,https://obr.uk/download/commentary-on-the-public-sector-finances-22/,https://obr.uk/monthly-public-finances-briefing/2014-15/,2015-04-30,month_only,data month + 1 (ONS release month); last day of month (D5),,,False,data month 2015-03
obr_55818323e8,OBR,psf_commentary,in_period_commentary,Commentary on the public sector finances - January 2015,https://obr.uk/download/commentary-on-the-public-sector-finances-21/,https://obr.uk/monthly-public-finances-briefing/2014-15/,2015-02-28,month_only,data month + 1 (ONS release month); last day of month (D5),,,False,data month 2015-01
obr_5e01095063,OBR,psf_commentary,in_period_commentary,Commentary on the public sector finances - December 2014,https://obr.uk/download/commentary-on-the-public-sector-finances-20/,https://obr.uk/monthly-public-finances-briefing/2014-15/,2015-01-31,month_only,data month + 1 (ONS release month); last day of month (D5),,,False,data month 2014-12
obr_a7f99761f0,OBR,psf_commentary,in_period_commentary,Commentary on the public sector finances - October 2014,https://obr.uk/download/commentary-on-the-public-sector-finances-19/,https://obr.uk/monthly-public-finances-briefing/2014-15/,2014-11-30,month_only,data month + 1 (ONS release month); last day of month (D5),,,False,data month 2014-10
obr_fb8d898284,OBR,psf_commentary,in_period_commentary,Commentary on the public sector finances - September 2014,https://obr.uk/download/commentary-on-the-public-sector-finances-18/,https://obr.uk/monthly-public-finances-briefing/2014-15/,2014-10-31,month_only,data month + 1 (ONS release month); last day of month (D5),,,False,data month 2014-09
obr_89314df130,OBR,psf_commentary,in_period_commentary,Commentary on the public sector finances - August 2014,https://obr.uk/download/commentary-on-the-public-sector-finances-17/,https://obr.uk/monthly-public-finances-briefing/2014-15/,2014-09-30,month_only,data month + 1 (ONS release month); last day of month (D5),,,False,data month 2014-08
obr_2aa917d9f8,OBR,psf_commentary,in_period_commentary,Commentary on the public sector finances - July 2014,https://obr.uk/download/commentary-on-the-public-sector-finances/,https://obr.uk/monthly-public-finances-briefing/2014-15/,2014-08-31,month_only,data month + 1 (ONS release month); last day of month (D5),,,False,data month 2014-07
obr_0bdb3a5815,OBR,psf_commentary,in_period_commentary,Commentary on the public sector finances - June 2014,https://obr.uk/download/commentary-on-the-public-sector-finances-16/,https://obr.uk/monthly-public-finances-briefing/2014-15/,2014-07-31,month_only,data month + 1 (ONS release month); last day of month (D5),,,False,data month 2014-06
obr_966a9d17df,OBR,psf_commentary,in_period_commentary,Commentary on the public sector finances - May 2014,https://obr.uk/download/commentary-on-the-public-sector-finances-15/,https://obr.uk/monthly-public-finances-briefing/2014-15/,2014-06-30,month_only,data month + 1 (ONS release month); last day of month (D5),,,False,data month 2014-05
obr_46479500c8,OBR,psf_commentary,in_period_commentary,Commentary on the public sector finances - April 2014,https://obr.uk/download/commentary-on-the-public-sector-finances-14/,https://obr.uk/monthly-public-finances-briefing/2014-15/,2014-05-31,month_only,data month + 1 (ONS release month); last day of month (D5),,,False,data month 2014-04
obr_824df6aa24,OBR,psf_commentary,in_period_commentary,Commentary on the public sector finances - March 2014,https://obr.uk/download/commentary-on-the-public-sector-finances-12/,https://obr.uk/monthly-public-finances-briefing/2013-14/,2014-04-30,month_only,data month + 1 (ONS release month); last day of month (D5),,,False,data month 2014-03
obr_c1389e2e9a,OBR,psf_commentary,in_period_commentary,Commentary on the public sector finances - January 2014,https://obr.uk/download/commentary-on-the-public-sector-finances-9/,https://obr.uk/monthly-public-finances-briefing/2013-14/,2014-02-28,month_only,data month + 1 (ONS release month); last day of month (D5),,,False,data month 2014-01
obr_ec5bcc2fc2,OBR,psf_commentary,in_period_commentary,Commentary on the public sector finances - December 2013,https://obr.uk/download/commentary-on-the-public-sector-finances-11/,https://obr.uk/monthly-public-finances-briefing/2013-14/,2014-01-31,month_only,data month + 1 (ONS release month); last day of month (D5),,,False,data month 2013-12
obr_4a8a45fa0f,OBR,psf_commentary,in_period_commentary,Commentary on the public sector finances - November 2013,https://obr.uk/download/commentary-on-the-public-sector-finances-10/,https://obr.uk/monthly-public-finances-briefing/2013-14/,2013-12-31,month_only,data month + 1 (ONS release month); last day of month (D5),,,False,data month 2013-11
obr_089d7128fc,OBR,psf_commentary,in_period_commentary,Commentary on the public sector finances - October 2013,https://obr.uk/download/commentary-on-the-public-sector-finances-8/,https://obr.uk/monthly-public-finances-briefing/2013-14/,2013-11-30,month_only,data month + 1 (ONS release month); last day of month (D5),,,False,data month 2013-10
obr_71235c4e55,OBR,psf_commentary,in_period_commentary,Commentary on the public sector finances - September 2013,https://obr.uk/download/commentary-on-the-public-sector-finances-7/,https://obr.uk/monthly-public-finances-briefing/2013-14/,2013-10-31,month_only,data month + 1 (ONS release month); last day of month (D5),,,False,data month 2013-09
obr_aab0741692,OBR,psf_commentary,in_period_commentary,Commentary on the public sector finances - August 2013,https://obr.uk/download/commentary-on-the-public-sector-finances-6/,https://obr.uk/monthly-public-finances-briefing/2013-14/,2013-09-30,month_only,data month + 1 (ONS release month); last day of month (D5),,,False,data month 2013-08
obr_c099b283d2,OBR,psf_commentary,in_period_commentary,Commentary on the public sector finances - July 2013,https://obr.uk/download/commentary-on-the-public-sector-finances-5/,https://obr.uk/monthly-public-finances-briefing/2013-14/,2013-08-31,month_only,data month + 1 (ONS release month); last day of month (D5),,,False,data month 2013-07
obr_9a53bb6dcc,OBR,psf_commentary,in_period_commentary,Commentary on the public sector finances - June 2013,https://obr.uk/download/commentary-on-the-public-sector-finances-4/,https://obr.uk/monthly-public-finances-briefing/2013-14/,2013-07-31,month_only,data month + 1 (ONS release month); last day of month (D5),,,False,data month 2013-06
obr_4230298292,OBR,psf_commentary,in_period_commentary,Commentary on the public sector finances - May 2013,https://obr.uk/download/commentary-on-the-public-sector-finances-3/,https://obr.uk/monthly-public-finances-briefing/2013-14/,2013-06-30,month_only,data month + 1 (ONS release month); last day of month (D5),,,False,data month 2013-05
obr_3d0a2d7627,OBR,psf_commentary,in_period_commentary,Commentary on the public sector finances - April 2013,https://obr.uk/download/commentary-on-the-public-sector-finances-2/,https://obr.uk/monthly-public-finances-briefing/2013-14/,2013-05-31,month_only,data month + 1 (ONS release month); last day of month (D5),,,False,data month 2013-04
obr_ae5c7a32ec,OBR,psf_commentary,in_period_commentary,Commentary on the public sector finances release,https://obr.uk/download/commentary-on-the-public-sector-finances-release-23/,https://obr.uk/monthly-public-finances-briefing/2012-13/,,unknown,listing label has no month; resolve from the file in E7,,,False,year page 2012-13
obr_61f2e091cf,OBR,psf_commentary,in_period_commentary,Commentary on the public sector finances release,https://obr.uk/download/commentary-on-the-public-sector-finances-release-22/,https://obr.uk/monthly-public-finances-briefing/2012-13/,,unknown,listing label has no month; resolve from the file in E7,,,False,year page 2012-13
obr_6143c365e0,OBR,psf_commentary,in_period_commentary,Commentary on the public sector finances release,https://obr.uk/download/commentary-on-the-public-sector-finances-release-21/,https://obr.uk/monthly-public-finances-briefing/2012-13/,,unknown,listing label has no month; resolve from the file in E7,,,False,year page 2012-13
obr_ff92adcf22,OBR,psf_commentary,in_period_commentary,Commentary on the public sector finances release,https://obr.uk/download/commentary-on-the-public-sector-finances-release-20/,https://obr.uk/monthly-public-finances-briefing/2012-13/,,unknown,listing label has no month; resolve from the file in E7,,,False,year page 2012-13
obr_83feea81aa,OBR,psf_commentary,in_period_commentary,Commentary on the public sector finances release,https://obr.uk/download/commentary-on-the-public-sector-finances-release-19/,https://obr.uk/monthly-public-finances-briefing/2012-13/,,unknown,listing label has no month; resolve from the file in E7,,,False,year page 2012-13
obr_9800405271,OBR,psf_commentary,in_period_commentary,Commentary on the public sector finances release,https://obr.uk/download/commentary-on-the-public-sector-finances-release-18/,https://obr.uk/monthly-public-finances-briefing/2012-13/,,unknown,listing label has no month; resolve from the file in E7,,,False,year page 2012-13
obr_ce6dcfefe3,OBR,psf_commentary,in_period_commentary,Commentary on the public sector finances release,https://obr.uk/download/commentary-on-the-public-sector-finances-release-17/,https://obr.uk/monthly-public-finances-briefing/2012-13/,,unknown,listing label has no month; resolve from the file in E7,,,False,year page 2012-13
obr_b05259d4d7,OBR,psf_commentary,in_period_commentary,Commentary on the public sector finances release,https://obr.uk/download/commentary-on-the-public-sector-finances-release-15/,https://obr.uk/monthly-public-finances-briefing/2012-13/,,unknown,listing label has no month; resolve from the file in E7,,,False,year page 2012-13
obr_04b07ef94e,OBR,psf_commentary,in_period_commentary,Commentary on the public sector finances release,https://obr.uk/download/commentary-on-the-public-sector-finances-release-16/,https://obr.uk/monthly-public-finances-briefing/2012-13/,,unknown,listing label has no month; resolve from the file in E7,,,False,year page 2012-13
obr_e63ce4fe99,OBR,psf_commentary,in_period_commentary,Commentary on the public sector finances release,https://obr.uk/download/commentary-on-the-public-sector-finances-release-14/,https://obr.uk/monthly-public-finances-briefing/2012-13/,,unknown,listing label has no month; resolve from the file in E7,,,False,year page 2012-13
obr_1bb572ee23,OBR,psf_commentary,in_period_commentary,Commentary on the public sector finances release,https://obr.uk/download/commentary-on-the-public-sector-finances-release-13/,https://obr.uk/monthly-public-finances-briefing/2012-13/,,unknown,listing label has no month; resolve from the file in E7,,,False,year page 2012-13
obr_44ff1b1734,OBR,psf_commentary,in_period_commentary,Commentary on the public sector finances release,https://obr.uk/download/commentary-on-the-public-sector-finances-release-12/,https://obr.uk/monthly-public-finances-briefing/2011-12/,,unknown,listing label has no month; resolve from the file in E7,,,False,year page 2011-12
obr_e5328af2f9,OBR,psf_commentary,in_period_commentary,Commentary on the public sector finances release,https://obr.uk/download/commentary-on-the-public-sector-finances-release-11/,https://obr.uk/monthly-public-finances-briefing/2011-12/,,unknown,listing label has no month; resolve from the file in E7,,,False,year page 2011-12
obr_36413e02e0,OBR,psf_commentary,in_period_commentary,Commentary on the public sector finances release,https://obr.uk/download/commentary-on-the-public-sector-finances-release-10/,https://obr.uk/monthly-public-finances-briefing/2011-12/,,unknown,listing label has no month; resolve from the file in E7,,,False,year page 2011-12
obr_f15ffe5ac7,OBR,psf_commentary,in_period_commentary,Commentary on the public sector finances release,https://obr.uk/download/commentary-on-the-public-sector-finances-release-9/,https://obr.uk/monthly-public-finances-briefing/2011-12/,,unknown,listing label has no month; resolve from the file in E7,,,False,year page 2011-12
obr_33bbaaf4a2,OBR,psf_commentary,in_period_commentary,Commentary on the public sector finances release,https://obr.uk/download/commentary-on-the-public-sector-finances-release-8/,https://obr.uk/monthly-public-finances-briefing/2011-12/,,unknown,listing label has no month; resolve from the file in E7,,,False,year page 2011-12
obr_2a2d7ff0b9,OBR,psf_commentary,in_period_commentary,Commentary on the public sector finances release,https://obr.uk/download/commentary-on-the-public-sector-finances-release-7/,https://obr.uk/monthly-public-finances-briefing/2011-12/,,unknown,listing label has no month; resolve from the file in E7,,,False,year page 2011-12
obr_570ac426d2,OBR,psf_commentary,in_period_commentary,Commentary on the public sector finances release,https://obr.uk/download/commentary-on-the-public-sector-finances-release-5/,https://obr.uk/monthly-public-finances-briefing/2011-12/,,unknown,listing label has no month; resolve from the file in E7,,,False,year page 2011-12
obr_f146cd9e6d,OBR,psf_commentary,in_period_commentary,Commentary on the public sector finances release,https://obr.uk/download/commentary-on-the-public-sector-finances-release-6/,https://obr.uk/monthly-public-finances-briefing/2011-12/,,unknown,listing label has no month; resolve from the file in E7,,,False,year page 2011-12
obr_4f871d9852,OBR,psf_commentary,in_period_commentary,Commentary on the public sector finances release,https://obr.uk/download/commentary-on-the-public-sector-finances-release-4/,https://obr.uk/monthly-public-finances-briefing/2011-12/,,unknown,listing label has no month; resolve from the file in E7,,,False,year page 2011-12
obr_1589fdf493,OBR,psf_commentary,in_period_commentary,Commentary on the public sector finances release,https://obr.uk/download/commentary-on-the-public-sector-finances-release-3/,https://obr.uk/monthly-public-finances-briefing/2011-12/,,unknown,listing label has no month; resolve from the file in E7,,,False,year page 2011-12
obr_91d385ddd6,OBR,psf_commentary,in_period_commentary,Commentary on the public sector finances release,https://obr.uk/download/commentary-on-the-public-sector-finances-release-2/,https://obr.uk/monthly-public-finances-briefing/2011-12/,,unknown,listing label has no month; resolve from the file in E7,,,False,year page 2011-12
obr_358645df3b,OBR,psf_commentary,in_period_commentary,Commentary on the public sector finances release,https://obr.uk/download/commentary-on-the-public-sector-finances-release/,https://obr.uk/monthly-public-finances-briefing/2011-12/,,unknown,listing label has no month; resolve from the file in E7,,,False,year page 2011-12
obr_b999d871b6,OBR,psf_commentary,in_period_commentary,Commentary on the public sector finances – March 2024,https://obr.uk/download/commentary-on-the-public-sector-finances-march-2024/,https://obr.uk/monthly-public-finances-briefing/monthly-public-finances-releases-in-2023-24/,2024-04-30,month_only,data month + 1 (ONS release month); last day of month (D5),,,False,data month 2024-03
obr_e2cc7afe99,OBR,psf_commentary,in_period_commentary,Commentary on the public sector finances – February 2024,https://obr.uk/download/commentary-on-the-public-sector-finances-february-2024/,https://obr.uk/monthly-public-finances-briefing/monthly-public-finances-releases-in-2023-24/,2024-03-31,month_only,data month + 1 (ONS release month); last day of month (D5),,,False,data month 2024-02
obr_94c235c0c2,OBR,psf_commentary,in_period_commentary,Commentary on the public sector finances – December 2023,https://obr.uk/download/commentary-on-the-public-sector-finances-december-2023/,https://obr.uk/monthly-public-finances-briefing/monthly-public-finances-releases-in-2023-24/,2024-01-31,month_only,data month + 1 (ONS release month); last day of month (D5),,,False,data month 2023-12
obr_370249031a,OBR,psf_commentary,in_period_commentary,Commentary on the public sector finances – November 2023,https://obr.uk/download/commentary-on-the-public-sector-finances-november/,https://obr.uk/monthly-public-finances-briefing/monthly-public-finances-releases-in-2023-24/,2023-12-31,month_only,data month + 1 (ONS release month); last day of month (D5),,,False,data month 2023-11
obr_71a4cd5454,OBR,psf_commentary,in_period_commentary,Commentary on the public sector finances – September 2023,https://obr.uk/download/commentary-on-the-public-sector-finances-september-2023/,https://obr.uk/monthly-public-finances-briefing/monthly-public-finances-releases-in-2023-24/,2023-10-31,month_only,data month + 1 (ONS release month); last day of month (D5),,,False,data month 2023-09
obr_79ea6285ed,OBR,psf_commentary,in_period_commentary,Commentary on the public sector finances – August 2023,https://obr.uk/download/commentary-on-the-public-sector-finances-august-2023/,https://obr.uk/monthly-public-finances-briefing/monthly-public-finances-releases-in-2023-24/,2023-09-30,month_only,data month + 1 (ONS release month); last day of month (D5),,,False,data month 2023-08
obr_16f011276e,OBR,psf_commentary,in_period_commentary,Commentary on the public sector finances – July 2023,https://obr.uk/download/commentary-on-the-public-sector-finances-july-2023/,https://obr.uk/monthly-public-finances-briefing/monthly-public-finances-releases-in-2023-24/,2023-08-31,month_only,data month + 1 (ONS release month); last day of month (D5),,,False,data month 2023-07
obr_0151f06dfc,OBR,psf_commentary,in_period_commentary,Commentary on the public sector finances – June 2023,https://obr.uk/download/commentary-on-the-public-sector-finances-june-2023/,https://obr.uk/monthly-public-finances-briefing/monthly-public-finances-releases-in-2023-24/,2023-07-31,month_only,data month + 1 (ONS release month); last day of month (D5),,,False,data month 2023-06
obr_b001c97076,OBR,psf_commentary,in_period_commentary,Commentary on the public sector finances – May 2023,https://obr.uk/download/commentary-on-the-public-sector-finances-may-2023/,https://obr.uk/monthly-public-finances-briefing/monthly-public-finances-releases-in-2023-24/,2023-06-30,month_only,data month + 1 (ONS release month); last day of month (D5),,,False,data month 2023-05
obr_0ecb0a4704,OBR,psf_commentary,in_period_commentary,Commentary on the public sector finances – April 2023,https://obr.uk/download/commentary-on-the-public-sector-finances-april-2023/,https://obr.uk/monthly-public-finances-briefing/monthly-public-finances-releases-in-2023-24/,2023-05-31,month_only,data month + 1 (ONS release month); last day of month (D5),,,False,data month 2023-04
obr_1650f6fb17,OBR,psf_commentary,in_period_commentary,Commentary on the public sector finances – March 2025,https://obr.uk/download/commentary-on-the-public-sector-finances-march-2025/,https://obr.uk/monthly-public-finances-briefing/monthly-public-finances-releases-in-2024-25/,2025-04-30,month_only,data month + 1 (ONS release month); last day of month (D5),,,False,data month 2025-03
obr_937b511146,OBR,psf_commentary,in_period_commentary,Commentary on the public sector finances – January 2025,https://obr.uk/download/commentary-on-the-public-sector-finances-january-2025/,https://obr.uk/monthly-public-finances-briefing/monthly-public-finances-releases-in-2024-25/,2025-02-28,month_only,data month + 1 (ONS release month); last day of month (D5),,,False,data month 2025-01
obr_93fee6f13d,OBR,psf_commentary,in_period_commentary,Commentary on the public sector finances – December 2024,https://obr.uk/download/commentary-on-the-public-sector-finances-december-2024/,https://obr.uk/monthly-public-finances-briefing/monthly-public-finances-releases-in-2024-25/,2025-01-31,month_only,data month + 1 (ONS release month); last day of month (D5),,,False,data month 2024-12
obr_2e335f1070,OBR,psf_commentary,in_period_commentary,Commentary on the public sector finances – November 2024,https://obr.uk/download/commentary-on-the-public-sector-finances-november-2024/,https://obr.uk/monthly-public-finances-briefing/monthly-public-finances-releases-in-2024-25/,2024-12-31,month_only,data month + 1 (ONS release month); last day of month (D5),,,False,data month 2024-11
obr_9bb3b1a337,OBR,psf_commentary,in_period_commentary,Commentary on the public sector finances – October 2024,https://obr.uk/download/commentary-on-the-public-sector-finances-october-2024/,https://obr.uk/monthly-public-finances-briefing/monthly-public-finances-releases-in-2024-25/,2024-11-30,month_only,data month + 1 (ONS release month); last day of month (D5),,,False,data month 2024-10
obr_077625c886,OBR,psf_commentary,in_period_commentary,Commentary on the public sector finances – August 2024,https://obr.uk/download/commentary-on-the-public-sector-finances-august-2024/,https://obr.uk/monthly-public-finances-briefing/monthly-public-finances-releases-in-2024-25/,2024-09-30,month_only,data month + 1 (ONS release month); last day of month (D5),,,False,data month 2024-08
obr_ee2cc56755,OBR,psf_commentary,in_period_commentary,Commentary on the public sector finances – July 2024,https://obr.uk/download/commentary-on-the-public-sector-finances-july-2024/,https://obr.uk/monthly-public-finances-briefing/monthly-public-finances-releases-in-2024-25/,2024-08-31,month_only,data month + 1 (ONS release month); last day of month (D5),,,False,data month 2024-07
obr_f4e478d7e8,OBR,psf_commentary,in_period_commentary,Commentary on the public sector finances – June 2024,https://obr.uk/download/commentary-on-the-public-sector-finances-june-2024/,https://obr.uk/monthly-public-finances-briefing/monthly-public-finances-releases-in-2024-25/,2024-07-31,month_only,data month + 1 (ONS release month); last day of month (D5),,,False,data month 2024-06
obr_3ef317cf48,OBR,psf_commentary,in_period_commentary,Commentary on the public sector finances – April 2024,https://obr.uk/download/commentary-on-the-public-sector-finances-april-2024/,https://obr.uk/monthly-public-finances-briefing/monthly-public-finances-releases-in-2024-25/,2024-05-31,month_only,data month + 1 (ONS release month); last day of month (D5),,,False,data month 2024-04
obr_9d52578838,OBR,psf_commentary,in_period_commentary,Commentary on the public sector finances – March 2026,https://obr.uk/download/commentary-on-the-public-sector-finances-march-2026/,https://obr.uk/monthly-public-finances-briefing/monthly-public-finances-releases-in-2025-26/,2026-04-30,month_only,data month + 1 (ONS release month); last day of month (D5),,,False,data month 2026-03
obr_f94f80bf81,OBR,psf_commentary,in_period_commentary,Commentary on the public sector finances – February 2026,https://obr.uk/download/commentary-on-the-public-sector-finances-february-2026/,https://obr.uk/monthly-public-finances-briefing/monthly-public-finances-releases-in-2025-26/,2026-03-31,month_only,data month + 1 (ONS release month); last day of month (D5),,,False,data month 2026-02
obr_6a37b3fc82,OBR,psf_commentary,in_period_commentary,Commentary on the public sector finances – December 2025,https://obr.uk/download/commentary-on-the-public-sector-finances-december-2025/,https://obr.uk/monthly-public-finances-briefing/monthly-public-finances-releases-in-2025-26/,2026-01-31,month_only,data month + 1 (ONS release month); last day of month (D5),,,False,data month 2025-12
obr_554608106a,OBR,psf_commentary,in_period_commentary,Commentary on the public sector finances – September 2025,https://obr.uk/download/commentary-on-the-public-sector-finances-september-2025/,https://obr.uk/monthly-public-finances-briefing/monthly-public-finances-releases-in-2025-26/,2025-10-31,month_only,data month + 1 (ONS release month); last day of month (D5),,,False,data month 2025-09
obr_c7ccbc1326,OBR,psf_commentary,in_period_commentary,Commentary on the public sector finances – August 2025,https://obr.uk/download/commentary-on-the-public-sector-finances-august-2025/,https://obr.uk/monthly-public-finances-briefing/monthly-public-finances-releases-in-2025-26/,2025-09-30,month_only,data month + 1 (ONS release month); last day of month (D5),,,False,data month 2025-08
obr_f28b2447c4,OBR,psf_commentary,in_period_commentary,Commentary on the public sector finances – July 2025,https://obr.uk/download/commentary-on-the-public-sector-finances-july-2025/,https://obr.uk/monthly-public-finances-briefing/monthly-public-finances-releases-in-2025-26/,2025-08-31,month_only,data month + 1 (ONS release month); last day of month (D5),,,False,data month 2025-07
obr_f7617f80ca,OBR,psf_commentary,in_period_commentary,Commentary on the public sector finances – June 2025,https://obr.uk/download/commentary-on-the-public-sector-finances-june-2025/,https://obr.uk/monthly-public-finances-briefing/monthly-public-finances-releases-in-2025-26/,2025-07-31,month_only,data month + 1 (ONS release month); last day of month (D5),,,False,data month 2025-06
obr_1dad1e1859,OBR,psf_commentary,in_period_commentary,Commentary on the public sector finances – May 2025,https://obr.uk/download/commentary-on-the-public-sector-finances-may-2025/,https://obr.uk/monthly-public-finances-briefing/monthly-public-finances-releases-in-2025-26/,2025-06-30,month_only,data month + 1 (ONS release month); last day of month (D5),,,False,data month 2025-05
obr_e303a8f194,OBR,psf_commentary,in_period_commentary,Commentary on the public sector finances – April 2025,https://obr.uk/download/commentary-on-the-public-sector-finances-april-2025/,https://obr.uk/monthly-public-finances-briefing/monthly-public-finances-releases-in-2025-26/,2025-05-31,month_only,data month + 1 (ONS release month); last day of month (D5),,,False,data month 2025-04
cbo_17b51cada2,CBO,cbo_beo,forecast_narrative,Budget and Economic Outlook and Updates (Feb 2026),https://www.cbo.gov/publication/61882,https://www.cbo.gov/publication/61882,2026-02-11,exact,cbo.gov recurring-reports listing <time datetime>,,,True,
cbo_5ac07a58be,CBO,cbo_beo,forecast_narrative,Budget and Economic Outlook and Updates (Jan 2026),https://www.cbo.gov/publication/61831,https://www.cbo.gov/publication/61831,2026-01-08,exact,cbo.gov recurring-reports listing <time datetime>,,,True,
cbo_667938b79d,CBO,cbo_beo,forecast_narrative,Budget and Economic Outlook and Updates (Sep 2025),https://www.cbo.gov/publication/61236,https://www.cbo.gov/publication/61236,2025-09-12,exact,cbo.gov recurring-reports listing <time datetime>,,,True,
cbo_7580fb65e1,CBO,cbo_beo,forecast_narrative,Budget and Economic Outlook and Updates (Jan 2025),https://www.cbo.gov/publication/61135,https://www.cbo.gov/publication/61135,2025-01-30,exact,cbo.gov recurring-reports listing <time datetime>,,,True,
cbo_852c91278f,CBO,cbo_beo,forecast_narrative,Budget and Economic Outlook and Updates (Jan 2025),https://www.cbo.gov/publication/60870,https://www.cbo.gov/publication/60870,2025-01-17,exact,cbo.gov recurring-reports listing <time datetime>,,,True,
cbo_4cedef42fb,CBO,cbo_beo,forecast_narrative,Budget and Economic Outlook and Updates (Dec 2024),https://www.cbo.gov/publication/60890,https://www.cbo.gov/publication/60890,2024-12-18,exact,cbo.gov recurring-reports listing <time datetime>,,,True,
cbo_545b4c4173,CBO,cbo_beo,forecast_narrative,Budget and Economic Outlook and Updates (Jun 2024),https://www.cbo.gov/publication/60039,https://www.cbo.gov/publication/60039,2024-06-18,exact,cbo.gov recurring-reports listing <time datetime>,,,True,
cbo_dee9824f61,CBO,cbo_beo,forecast_narrative,Budget and Economic Outlook and Updates (Feb 2024),https://www.cbo.gov/publication/59710,https://www.cbo.gov/publication/59710,2024-02-07,exact,cbo.gov recurring-reports listing <time datetime>,,,True,
cbo_82ff4429a0,CBO,cbo_beo,forecast_narrative,Budget and Economic Outlook and Updates (Dec 2023),https://www.cbo.gov/publication/59837,https://www.cbo.gov/publication/59837,2023-12-15,exact,cbo.gov recurring-reports listing <time datetime>,,,True,
cbo_54158258da,CBO,cbo_beo,forecast_narrative,Budget and Economic Outlook and Updates (Jul 2023),https://www.cbo.gov/publication/59258,https://www.cbo.gov/publication/59258,2023-07-26,exact,cbo.gov recurring-reports listing <time datetime>,,,True,
cbo_910aabd4f6,CBO,cbo_beo,forecast_narrative,Budget and Economic Outlook and Updates (May 2023),https://www.cbo.gov/publication/59096,https://www.cbo.gov/publication/59096,2023-05-12,exact,cbo.gov recurring-reports listing <time datetime>,,,True,
cbo_72234d6054,CBO,cbo_beo,forecast_narrative,Budget and Economic Outlook and Updates (Feb 2023),https://www.cbo.gov/publication/58848,https://www.cbo.gov/publication/58848,2023-02-15,exact,cbo.gov recurring-reports listing <time datetime>,,,True,
cbo_28226b6b2e,CBO,cbo_beo,forecast_narrative,Budget and Economic Outlook and Updates (Nov 2022),https://www.cbo.gov/publication/58757,https://www.cbo.gov/publication/58757,2022-11-30,exact,cbo.gov recurring-reports listing <time datetime>,,,True,
cbo_8b1555ccc3,CBO,cbo_beo,forecast_narrative,Budget and Economic Outlook and Updates (May 2022),https://www.cbo.gov/publication/57950,https://www.cbo.gov/publication/57950,2022-05-25,exact,cbo.gov recurring-reports listing <time datetime>,,,True,
cbo_dd97059bce,CBO,cbo_beo,forecast_narrative,Budget and Economic Outlook and Updates (Jul 2021),https://www.cbo.gov/publication/57263,https://www.cbo.gov/publication/57263,2021-07-21,exact,cbo.gov recurring-reports listing <time datetime>,,,True,
cbo_2d6a97e68e,CBO,cbo_beo,forecast_narrative,Budget and Economic Outlook and Updates (Jul 2021),https://www.cbo.gov/publication/57218,https://www.cbo.gov/publication/57218,2021-07-01,exact,cbo.gov recurring-reports listing <time datetime>,,,True,
cbo_53f0812c7b,CBO,cbo_beo,forecast_narrative,Budget and Economic Outlook and Updates (Mar 2021),https://www.cbo.gov/publication/56996,https://www.cbo.gov/publication/56996,2021-03-05,exact,cbo.gov recurring-reports listing <time datetime>,,,True,
cbo_66822823c0,CBO,cbo_beo,forecast_narrative,Budget and Economic Outlook and Updates (Feb 2021),https://www.cbo.gov/publication/56989,https://www.cbo.gov/publication/56989,2021-02-23,exact,cbo.gov recurring-reports listing <time datetime>,,,True,
cbo_78f99b6cea,CBO,cbo_beo,forecast_narrative,Budget and Economic Outlook and Updates (Feb 2021),https://www.cbo.gov/publication/56970,https://www.cbo.gov/publication/56970,2021-02-11,exact,cbo.gov recurring-reports listing <time datetime>,,,True,
cbo_67dc949f34,CBO,cbo_beo,forecast_narrative,Budget and Economic Outlook and Updates (Sep 2020),https://www.cbo.gov/publication/56517,https://www.cbo.gov/publication/56517,2020-09-02,exact,cbo.gov recurring-reports listing <time datetime>,,,True,
cbo_5829717fa6,CBO,cbo_beo,forecast_narrative,Budget and Economic Outlook and Updates (Jul 2020),https://www.cbo.gov/publication/56442,https://www.cbo.gov/publication/56442,2020-07-02,exact,cbo.gov recurring-reports listing <time datetime>,,,True,
cbo_e4af493178,CBO,cbo_beo,forecast_narrative,Budget and Economic Outlook and Updates (May 2020),https://www.cbo.gov/publication/56351,https://www.cbo.gov/publication/56351,2020-05-19,exact,cbo.gov recurring-reports listing <time datetime>,,,True,
cbo_cb544d41f4,CBO,cbo_beo,forecast_narrative,Budget and Economic Outlook and Updates (Mar 2020),https://www.cbo.gov/publication/56268,https://www.cbo.gov/publication/56268,2020-03-19,exact,cbo.gov recurring-reports listing <time datetime>,,,True,
cbo_d22b498ad0,CBO,cbo_beo,forecast_narrative,Budget and Economic Outlook and Updates (Jan 2020),https://www.cbo.gov/publication/56020,https://www.cbo.gov/publication/56020,2020-01-28,exact,cbo.gov recurring-reports listing <time datetime>,,,True,
cbo_8a457ab353,CBO,cbo_beo,forecast_narrative,Budget and Economic Outlook and Updates (Aug 2019),https://www.cbo.gov/publication/55551,https://www.cbo.gov/publication/55551,2019-08-21,exact,cbo.gov recurring-reports listing <time datetime>,,,True,
cbo_14f5fb2509,CBO,cbo_beo,forecast_narrative,Budget and Economic Outlook and Updates (May 2019),https://www.cbo.gov/publication/55151,https://www.cbo.gov/publication/55151,2019-05-02,exact,cbo.gov recurring-reports listing <time datetime>,,,True,
cbo_8e4f2bc301,CBO,cbo_beo,forecast_narrative,Budget and Economic Outlook and Updates (Jan 2019),https://www.cbo.gov/publication/54918,https://www.cbo.gov/publication/54918,2019-01-28,exact,cbo.gov recurring-reports listing <time datetime>,,,True,
cbo_52e9e966ff,CBO,cbo_beo,forecast_narrative,Budget and Economic Outlook and Updates (Aug 2018),https://www.cbo.gov/publication/54318,https://www.cbo.gov/publication/54318,2018-08-13,exact,cbo.gov recurring-reports listing <time datetime>,,,True,
cbo_c788cbb348,CBO,cbo_beo,forecast_narrative,Budget and Economic Outlook and Updates (Apr 2018),https://www.cbo.gov/publication/53651,https://www.cbo.gov/publication/53651,2018-04-09,exact,cbo.gov recurring-reports listing <time datetime>,,,True,
cbo_a32de21b17,CBO,cbo_beo,forecast_narrative,Budget and Economic Outlook and Updates (Jun 2017),https://www.cbo.gov/publication/52801,https://www.cbo.gov/publication/52801,2017-06-29,exact,cbo.gov recurring-reports listing <time datetime>,,,True,
cbo_88449d080f,CBO,cbo_beo,forecast_narrative,Budget and Economic Outlook and Updates (Jan 2017),https://www.cbo.gov/publication/52370,https://www.cbo.gov/publication/52370,2017-01-24,exact,cbo.gov recurring-reports listing <time datetime>,,,True,
cbo_72a4742108,CBO,cbo_beo,forecast_narrative,Budget and Economic Outlook and Updates (Aug 2016),https://www.cbo.gov/publication/51908,https://www.cbo.gov/publication/51908,2016-08-23,exact,cbo.gov recurring-reports listing <time datetime>,,,True,
cbo_78ec67bffd,CBO,cbo_beo,forecast_narrative,Budget and Economic Outlook and Updates (Mar 2016),https://www.cbo.gov/publication/51384,https://www.cbo.gov/publication/51384,2016-03-24,exact,cbo.gov recurring-reports listing <time datetime>,,,True,
cbo_6ff08bf9a3,CBO,cbo_beo,forecast_narrative,Budget and Economic Outlook and Updates (Jan 2016),https://www.cbo.gov/publication/51129,https://www.cbo.gov/publication/51129,2016-01-25,exact,cbo.gov recurring-reports listing <time datetime>,,,True,
cbo_216d2ee23d,CBO,cbo_beo,forecast_narrative,Budget and Economic Outlook and Updates (Aug 2015),https://www.cbo.gov/publication/50724,https://www.cbo.gov/publication/50724,2015-08-25,exact,cbo.gov recurring-reports listing <time datetime>,,,True,
cbo_3b1f04fbf5,CBO,cbo_beo,forecast_narrative,Budget and Economic Outlook and Updates (Mar 2015),https://www.cbo.gov/publication/49973,https://www.cbo.gov/publication/49973,2015-03-09,exact,cbo.gov recurring-reports listing <time datetime>,,,True,
cbo_a0d7d4564e,CBO,cbo_beo,forecast_narrative,Budget and Economic Outlook and Updates (Jan 2015),https://www.cbo.gov/publication/49892,https://www.cbo.gov/publication/49892,2015-01-26,exact,cbo.gov recurring-reports listing <time datetime>,,,True,
cbo_650247df4d,CBO,cbo_beo,forecast_narrative,Budget and Economic Outlook and Updates (Aug 2014),https://www.cbo.gov/publication/45653,https://www.cbo.gov/publication/45653,2014-08-27,exact,cbo.gov recurring-reports listing <time datetime>,,,True,
cbo_d11a0da2b3,CBO,cbo_beo,forecast_narrative,Budget and Economic Outlook and Updates (Apr 2014),https://www.cbo.gov/publication/45229,https://www.cbo.gov/publication/45229,2014-04-14,exact,cbo.gov recurring-reports listing <time datetime>,,,True,
cbo_5ed147fb5a,CBO,cbo_beo,forecast_narrative,Budget and Economic Outlook and Updates (Feb 2014),https://www.cbo.gov/publication/45010,https://www.cbo.gov/publication/45010,2014-02-04,exact,cbo.gov recurring-reports listing <time datetime>,,,True,
cbo_ad7a886ed0,CBO,cbo_beo,forecast_narrative,Budget and Economic Outlook and Updates (May 2013),https://www.cbo.gov/publication/44172,https://www.cbo.gov/publication/44172,2013-05-14,exact,cbo.gov recurring-reports listing <time datetime>,,,True,
cbo_7ddb1b1774,CBO,cbo_beo,forecast_narrative,Budget and Economic Outlook and Updates (Feb 2013),https://www.cbo.gov/publication/43907,https://www.cbo.gov/publication/43907,2013-02-05,exact,cbo.gov recurring-reports listing <time datetime>,,,True,
cbo_5e3d7adced,CBO,cbo_beo,forecast_narrative,Budget and Economic Outlook and Updates (Aug 2012),https://www.cbo.gov/publication/43539,https://www.cbo.gov/publication/43539,2012-08-22,exact,cbo.gov recurring-reports listing <time datetime>,,,True,
cbo_e7033d7b2d,CBO,cbo_beo,forecast_narrative,Budget and Economic Outlook and Updates (Mar 2012),https://www.cbo.gov/publication/43119,https://www.cbo.gov/publication/43119,2012-03-13,exact,cbo.gov recurring-reports listing <time datetime>,,,True,
cbo_f0cd62d715,CBO,cbo_beo,forecast_narrative,Budget and Economic Outlook and Updates (Jan 2012),https://www.cbo.gov/publication/42905,https://www.cbo.gov/publication/42905,2012-01-31,exact,cbo.gov recurring-reports listing <time datetime>,,,True,
cbo_027c4de8dd,CBO,cbo_beo,forecast_narrative,Budget and Economic Outlook and Updates (Aug 2011),https://www.cbo.gov/publication/41586,https://www.cbo.gov/publication/41586,2011-08-24,exact,cbo.gov recurring-reports listing <time datetime>,,,True,
cbo_11f6be43a1,CBO,cbo_beo,forecast_narrative,Budget and Economic Outlook and Updates (Jan 2011),https://www.cbo.gov/publication/21999,https://www.cbo.gov/publication/21999,2011-01-26,exact,cbo.gov recurring-reports listing <time datetime>,,,True,
cbo_d9a8786b6c,CBO,cbo_beo,forecast_narrative,Budget and Economic Outlook and Updates (Aug 2010),https://www.cbo.gov/publication/21670,https://www.cbo.gov/publication/21670,2010-08-18,exact,cbo.gov recurring-reports listing <time datetime>,,,True,
cbo_4f84a7e8a9,CBO,cbo_beo,forecast_narrative,Budget and Economic Outlook and Updates (Jan 2010),https://www.cbo.gov/publication/41880,https://www.cbo.gov/publication/41880,2010-01-26,exact,cbo.gov recurring-reports listing <time datetime>,,,True,
cbo_d8a01a9e36,CBO,cbo_beo,forecast_narrative,Budget and Economic Outlook and Updates (Aug 2009),https://www.cbo.gov/publication/41215,https://www.cbo.gov/publication/41215,2009-08-25,exact,cbo.gov recurring-reports listing <time datetime>,,,True,
cbo_4a3f6d5fe2,CBO,cbo_beo,forecast_narrative,Budget and Economic Outlook and Updates (Mar 2009),https://www.cbo.gov/publication/41166,https://www.cbo.gov/publication/41166,2009-03-20,exact,cbo.gov recurring-reports listing <time datetime>,,,True,
cbo_aad8af62e6,CBO,cbo_beo,forecast_narrative,Budget and Economic Outlook and Updates (Jan 2009),https://www.cbo.gov/publication/41753,https://www.cbo.gov/publication/41753,2009-01-07,exact,cbo.gov recurring-reports listing <time datetime>,,,True,
cbo_7051ad4f5b,CBO,cbo_beo,forecast_narrative,Budget and Economic Outlook and Updates (Sep 2008),https://www.cbo.gov/publication/41729,https://www.cbo.gov/publication/41729,2008-09-09,exact,cbo.gov recurring-reports listing <time datetime>,,,True,
cbo_8861b3a936,CBO,cbo_beo,forecast_narrative,Budget and Economic Outlook and Updates (Jan 2008),https://www.cbo.gov/publication/41661,https://www.cbo.gov/publication/41661,2008-01-23,exact,cbo.gov recurring-reports listing <time datetime>,,,True,
cbo_60c7c986db,CBO,cbo_beo,forecast_narrative,Budget and Economic Outlook and Updates (Aug 2007),https://www.cbo.gov/publication/19079,https://www.cbo.gov/publication/19079,2007-08-23,exact,cbo.gov recurring-reports listing <time datetime>,,,True,
cbo_8161812012,CBO,cbo_beo,forecast_narrative,Budget and Economic Outlook and Updates (Jan 2007),https://www.cbo.gov/publication/18291,https://www.cbo.gov/publication/18291,2007-01-24,exact,cbo.gov recurring-reports listing <time datetime>,,,True,
cbo_095a2fe132,CBO,cbo_beo,forecast_narrative,Budget and Economic Outlook and Updates (Aug 2006),https://www.cbo.gov/publication/18056,https://www.cbo.gov/publication/18056,2006-08-31,month_only,cbo.gov recurring-reports listing <time datetime> (day 01 treated as month-level); last day of month (D5),,,True,
cbo_8431326403,CBO,cbo_beo,forecast_narrative,Budget and Economic Outlook and Updates (Jan 2006),https://www.cbo.gov/publication/17601,https://www.cbo.gov/publication/17601,2006-01-31,month_only,cbo.gov recurring-reports listing <time datetime> (day 01 treated as month-level); last day of month (D5),,,True,
cbo_22e37edeae,CBO,cbo_beo,forecast_narrative,Budget and Economic Outlook and Updates (Aug 2005),https://www.cbo.gov/publication/17091,https://www.cbo.gov/publication/17091,2005-08-15,exact,cbo.gov recurring-reports listing <time datetime>,,,True,
cbo_ccc0e43a3f,CBO,cbo_beo,forecast_narrative,Budget and Economic Outlook and Updates (Jan 2005),https://www.cbo.gov/publication/16221,https://www.cbo.gov/publication/16221,2005-01-25,exact,cbo.gov recurring-reports listing <time datetime>,,,True,
cbo_0c59acd690,CBO,cbo_beo,forecast_narrative,Budget and Economic Outlook and Updates (Sep 2004),https://www.cbo.gov/publication/15945,https://www.cbo.gov/publication/15945,2004-09-30,month_only,cbo.gov recurring-reports listing <time datetime> (day 01 treated as month-level); last day of month (D5),,,True,
cbo_c3272e414a,CBO,cbo_beo,forecast_narrative,Budget and Economic Outlook and Updates (Jan 2004),https://www.cbo.gov/publication/15179,https://www.cbo.gov/publication/15179,2004-01-31,month_only,cbo.gov recurring-reports listing <time datetime> (day 01 treated as month-level); last day of month (D5),,,True,
cbo_5d37a22737,CBO,cbo_beo,forecast_narrative,Budget and Economic Outlook and Updates (Aug 2003),https://www.cbo.gov/publication/14691,https://www.cbo.gov/publication/14691,2003-08-31,month_only,cbo.gov recurring-reports listing <time datetime> (day 01 treated as month-level); last day of month (D5),,,True,
cbo_2d1b7aae6a,CBO,cbo_beo,forecast_narrative,Budget and Economic Outlook and Updates (Jan 2003),https://www.cbo.gov/publication/14254,https://www.cbo.gov/publication/14254,2003-01-31,month_only,cbo.gov recurring-reports listing <time datetime> (day 01 treated as month-level); last day of month (D5),,,True,
cbo_1001b05f63,CBO,cbo_beo,forecast_narrative,Budget and Economic Outlook and Updates (Aug 2002),https://www.cbo.gov/publication/13956,https://www.cbo.gov/publication/13956,2002-08-27,exact,cbo.gov recurring-reports listing <time datetime>,,,True,
cbo_14cf952a13,CBO,cbo_beo,forecast_narrative,Budget and Economic Outlook and Updates (Jan 2002),https://www.cbo.gov/publication/13504,https://www.cbo.gov/publication/13504,2002-01-31,month_only,cbo.gov recurring-reports listing <time datetime> (day 01 treated as month-level); last day of month (D5),,,True,
cbo_1ce98244d7,CBO,cbo_beo,forecast_narrative,Budget and Economic Outlook and Updates (Aug 2001),https://www.cbo.gov/publication/13249,https://www.cbo.gov/publication/13249,2001-08-31,month_only,cbo.gov recurring-reports listing <time datetime> (day 01 treated as month-level); last day of month (D5),,,True,
cbo_aa0e117ebf,CBO,cbo_beo,forecast_narrative,Budget and Economic Outlook and Updates (Jan 2001),https://www.cbo.gov/publication/12958,https://www.cbo.gov/publication/12958,2001-01-31,month_only,cbo.gov recurring-reports listing <time datetime> (day 01 treated as month-level); last day of month (D5),,,True,
cbo_a4daee0b2b,CBO,cbo_beo,forecast_narrative,Budget and Economic Outlook and Updates (Jul 2000),https://www.cbo.gov/publication/12477,https://www.cbo.gov/publication/12477,2000-07-31,month_only,cbo.gov recurring-reports listing <time datetime> (day 01 treated as month-level); last day of month (D5),,,True,
cbo_732858b795,CBO,cbo_beo,forecast_narrative,Budget and Economic Outlook and Updates (Jan 2000),https://www.cbo.gov/publication/12069,https://www.cbo.gov/publication/12069,2000-01-31,month_only,cbo.gov recurring-reports listing <time datetime> (day 01 treated as month-level); last day of month (D5),,,True,
cbo_72f25ddd56,CBO,cbo_apb,forecast_narrative,Analysis of the President's Budget (Jun 2026),https://www.cbo.gov/publication/62385,https://www.cbo.gov/publication/62385,2026-06-30,exact,cbo.gov recurring-reports listing <time datetime>,,,True,
cbo_5bd20984d5,CBO,cbo_apb,forecast_narrative,Analysis of the President's Budget (Oct 2024),https://www.cbo.gov/publication/60438,https://www.cbo.gov/publication/60438,2024-10-04,exact,cbo.gov recurring-reports listing <time datetime>,,,True,
cbo_0238676e18,CBO,cbo_apb,forecast_narrative,Analysis of the President's Budget (Jun 2024),https://www.cbo.gov/publication/60041,https://www.cbo.gov/publication/60041,2024-06-27,exact,cbo.gov recurring-reports listing <time datetime>,,,True,
cbo_860e6fd039,CBO,cbo_apb,forecast_narrative,Analysis of the President's Budget (May 2023),https://www.cbo.gov/publication/59097,https://www.cbo.gov/publication/59097,2023-05-18,exact,cbo.gov recurring-reports listing <time datetime>,,,True,
cbo_75db85f070,CBO,cbo_apb,forecast_narrative,Analysis of the President's Budget (Sep 2022),https://www.cbo.gov/publication/58417,https://www.cbo.gov/publication/58417,2022-09-13,exact,cbo.gov recurring-reports listing <time datetime>,,,True,
cbo_711c54b7bc,CBO,cbo_apb,forecast_narrative,Analysis of the President's Budget (Jul 2022),https://www.cbo.gov/publication/57972,https://www.cbo.gov/publication/57972,2022-07-01,exact,cbo.gov recurring-reports listing <time datetime>,,,True,
cbo_768c7ceb9b,CBO,cbo_apb,forecast_narrative,Analysis of the President's Budget (Jul 2021),https://www.cbo.gov/publication/57358,https://www.cbo.gov/publication/57358,2021-07-30,exact,cbo.gov recurring-reports listing <time datetime>,,,True,
cbo_d6b1ca9080,CBO,cbo_apb,forecast_narrative,Analysis of the President's Budget (Mar 2020),https://www.cbo.gov/publication/56278,https://www.cbo.gov/publication/56278,2020-03-30,exact,cbo.gov recurring-reports listing <time datetime>,,,True,
cbo_a584c7e02c,CBO,cbo_apb,forecast_narrative,Analysis of the President's Budget (May 2019),https://www.cbo.gov/publication/55195,https://www.cbo.gov/publication/55195,2019-05-09,exact,cbo.gov recurring-reports listing <time datetime>,,,True,
cbo_02f040dac1,CBO,cbo_apb,forecast_narrative,Analysis of the President's Budget (May 2018),https://www.cbo.gov/publication/53884,https://www.cbo.gov/publication/53884,2018-05-24,exact,cbo.gov recurring-reports listing <time datetime>,,,True,
cbo_0802613fe4,CBO,cbo_apb,forecast_narrative,Analysis of the President's Budget (Jul 2017),https://www.cbo.gov/publication/52846,https://www.cbo.gov/publication/52846,2017-07-13,exact,cbo.gov recurring-reports listing <time datetime>,,,True,
cbo_90bf203d9a,CBO,cbo_apb,forecast_narrative,Analysis of the President's Budget (Jun 2016),https://www.cbo.gov/publication/51625,https://www.cbo.gov/publication/51625,2016-06-06,exact,cbo.gov recurring-reports listing <time datetime>,,,True,
cbo_6d5086209e,CBO,cbo_apb,forecast_narrative,Analysis of the President's Budget (Mar 2016),https://www.cbo.gov/publication/51383,https://www.cbo.gov/publication/51383,2016-03-29,exact,cbo.gov recurring-reports listing <time datetime>,,,True,
cbo_a50ea12916,CBO,cbo_apb,forecast_narrative,Analysis of the President's Budget (Aug 2015),https://www.cbo.gov/publication/50734,https://www.cbo.gov/publication/50734,2015-08-21,exact,cbo.gov recurring-reports listing <time datetime>,,,True,
cbo_6a39d7aa13,CBO,cbo_apb,forecast_narrative,Analysis of the President's Budget (Mar 2015),https://www.cbo.gov/publication/49979,https://www.cbo.gov/publication/49979,2015-03-12,exact,cbo.gov recurring-reports listing <time datetime>,,,True,
cbo_5872dc6348,CBO,cbo_apb,forecast_narrative,Analysis of the President's Budget (Jul 2014),https://www.cbo.gov/publication/45540,https://www.cbo.gov/publication/45540,2014-07-22,exact,cbo.gov recurring-reports listing <time datetime>,,,True,
cbo_07d6acaaec,CBO,cbo_apb,forecast_narrative,Analysis of the President's Budget (Apr 2014),https://www.cbo.gov/publication/45230,https://www.cbo.gov/publication/45230,2014-04-17,exact,cbo.gov recurring-reports listing <time datetime>,,,True,
cbo_b5d46b8a72,CBO,cbo_apb,forecast_narrative,Analysis of the President's Budget (May 2013),https://www.cbo.gov/publication/44173,https://www.cbo.gov/publication/44173,2013-05-17,exact,cbo.gov recurring-reports listing <time datetime>,,,True,
cbo_1fb3755479,CBO,cbo_apb,forecast_narrative,Analysis of the President's Budget (Apr 2012),https://www.cbo.gov/publication/42972,https://www.cbo.gov/publication/42972,2012-04-20,exact,cbo.gov recurring-reports listing <time datetime>,,,True,
cbo_1aa8cc3bf0,CBO,cbo_apb,forecast_narrative,Analysis of the President's Budget (Mar 2012),https://www.cbo.gov/publication/43083,https://www.cbo.gov/publication/43083,2012-03-16,exact,cbo.gov recurring-reports listing <time datetime>,,,True,
cbo_aa29e053ef,CBO,cbo_apb,forecast_narrative,Analysis of the President's Budget (Apr 2011),https://www.cbo.gov/publication/22087,https://www.cbo.gov/publication/22087,2011-04-15,exact,cbo.gov recurring-reports listing <time datetime>,,,True,
cbo_f878712c23,CBO,cbo_apb,forecast_narrative,Analysis of the President's Budget (Mar 2011),https://www.cbo.gov/publication/22061,https://www.cbo.gov/publication/22061,2011-03-18,exact,cbo.gov recurring-reports listing <time datetime>,,,True,
cbo_29db9d37c4,CBO,cbo_apb,forecast_narrative,Analysis of the President's Budget (Mar 2010),https://www.cbo.gov/publication/21252,https://www.cbo.gov/publication/21252,2010-03-24,exact,cbo.gov recurring-reports listing <time datetime>,,,True,
cbo_bc11f76a77,CBO,cbo_apb,forecast_narrative,Analysis of the President's Budget (Jun 2009),https://www.cbo.gov/publication/41191,https://www.cbo.gov/publication/41191,2009-06-16,exact,cbo.gov recurring-reports listing <time datetime>,,,True,
cbo_90e961135d,CBO,cbo_apb,forecast_narrative,Analysis of the President's Budget (Mar 2008),https://www.cbo.gov/publication/41671,https://www.cbo.gov/publication/41671,2008-03-19,exact,cbo.gov recurring-reports listing <time datetime>,,,True,
cbo_7003c4915e,CBO,cbo_apb,forecast_narrative,Analysis of the President's Budget (Mar 2007),https://www.cbo.gov/publication/18437,https://www.cbo.gov/publication/18437,2007-03-21,exact,cbo.gov recurring-reports listing <time datetime>,,,True,
cbo_1e79838353,CBO,cbo_apb,forecast_narrative,Analysis of the President's Budget (Mar 2006),https://www.cbo.gov/publication/17643,https://www.cbo.gov/publication/17643,2006-03-14,exact,cbo.gov recurring-reports listing <time datetime>,,,True,
cbo_7226ab64b3,CBO,cbo_apb,forecast_narrative,Analysis of the President's Budget (Mar 2005),https://www.cbo.gov/publication/16305,https://www.cbo.gov/publication/16305,2005-03-15,exact,cbo.gov recurring-reports listing <time datetime>,,,True,
cbo_570dda33c1,CBO,cbo_apb,forecast_narrative,Analysis of the President's Budget (Mar 2004),https://www.cbo.gov/publication/15345,https://www.cbo.gov/publication/15345,2004-03-31,month_only,cbo.gov recurring-reports listing <time datetime> (day 01 treated as month-level); last day of month (D5),,,True,
cbo_98cc44598e,CBO,cbo_apb,forecast_narrative,Analysis of the President's Budget (Mar 2003),https://www.cbo.gov/publication/14347,https://www.cbo.gov/publication/14347,2003-03-31,month_only,cbo.gov recurring-reports listing <time datetime> (day 01 treated as month-level); last day of month (D5),,,True,
cbo_84cefaec6d,CBO,cbo_apb,forecast_narrative,Analysis of the President's Budget (Mar 2002),https://www.cbo.gov/publication/13539,https://www.cbo.gov/publication/13539,2002-03-31,month_only,cbo.gov recurring-reports listing <time datetime> (day 01 treated as month-level); last day of month (D5),,,True,
cbo_1d2ef52a7f,CBO,cbo_apb,forecast_narrative,Analysis of the President's Budget (May 2001),https://www.cbo.gov/publication/13050,https://www.cbo.gov/publication/13050,2001-05-31,month_only,cbo.gov recurring-reports listing <time datetime> (day 01 treated as month-level); last day of month (D5),,,True,
cbo_c1a7769fd6,CBO,cbo_apb,forecast_narrative,Analysis of the President's Budget (Apr 2000),https://www.cbo.gov/publication/12150,https://www.cbo.gov/publication/12150,2000-04-30,month_only,cbo.gov recurring-reports listing <time datetime> (day 01 treated as month-level); last day of month (D5),,,True,
cbo_a955150a23,CBO,cbo_accuracy,post_hoc_evaluation,Accuracy of CBO’s Baseline Projections (Aug 2026),https://www.cbo.gov/publication/62552,https://www.cbo.gov/publication/62552,2026-08-20,exact,cbo.gov recurring-reports listing <time datetime>,,,False,
cbo_21d1ff1083,CBO,cbo_accuracy,post_hoc_evaluation,Accuracy of CBO’s Baseline Projections (Jan 2026),https://www.cbo.gov/publication/61916,https://www.cbo.gov/publication/61916,2026-01-16,exact,cbo.gov recurring-reports listing <time datetime>,,,False,
cbo_8d48d96062,CBO,cbo_accuracy,post_hoc_evaluation,Accuracy of CBO’s Baseline Projections (Jan 2025),https://www.cbo.gov/publication/60885,https://www.cbo.gov/publication/60885,2025-01-10,exact,cbo.gov recurring-reports listing <time datetime>,,,False,
cbo_9c10e4359f,CBO,cbo_accuracy,post_hoc_evaluation,Accuracy of CBO’s Baseline Projections (Dec 2023),https://www.cbo.gov/publication/59682,https://www.cbo.gov/publication/59682,2023-12-15,exact,cbo.gov recurring-reports listing <time datetime>,,,False,
cbo_7f61c129a6,CBO,cbo_accuracy,post_hoc_evaluation,Accuracy of CBO’s Baseline Projections (Jan 2023),https://www.cbo.gov/publication/58603,https://www.cbo.gov/publication/58603,2023-01-09,exact,cbo.gov recurring-reports listing <time datetime>,,,False,
cbo_8ad5c7abaa,CBO,cbo_accuracy,post_hoc_evaluation,Accuracy of CBO’s Baseline Projections (Jan 2022),https://www.cbo.gov/publication/57614,https://www.cbo.gov/publication/57614,2022-01-26,exact,cbo.gov recurring-reports listing <time datetime>,,,False,
cbo_3866e0f79c,CBO,cbo_accuracy,post_hoc_evaluation,Accuracy of CBO’s Baseline Projections (Dec 2020),https://www.cbo.gov/publication/56885,https://www.cbo.gov/publication/56885,2020-12-14,exact,cbo.gov recurring-reports listing <time datetime>,,,False,
cbo_612d265148,CBO,cbo_accuracy,post_hoc_evaluation,Accuracy of CBO’s Baseline Projections (Dec 2019),https://www.cbo.gov/publication/55927,https://www.cbo.gov/publication/55927,2019-12-12,exact,cbo.gov recurring-reports listing <time datetime>,,,False,
cbo_8f6bce0a55,CBO,cbo_accuracy,post_hoc_evaluation,Accuracy of CBO’s Baseline Projections (Dec 2018),https://www.cbo.gov/publication/54872,https://www.cbo.gov/publication/54872,2018-12-18,exact,cbo.gov recurring-reports listing <time datetime>,,,False,
cbo_019bfc7caa,CBO,cbo_accuracy,post_hoc_evaluation,Accuracy of CBO’s Baseline Projections (Jun 2018),https://www.cbo.gov/publication/53923,https://www.cbo.gov/publication/53923,2018-06-12,exact,cbo.gov recurring-reports listing <time datetime>,,,False,
cbo_cecb483561,CBO,cbo_mbr,in_period_commentary,Monthly Budget Review (Aug 2026),https://www.cbo.gov/publication/61983,https://www.cbo.gov/publication/61983,2026-08-10,exact,cbo.gov recurring-reports listing <time datetime>,,,False,
cbo_b033d600ec,CBO,cbo_mbr,in_period_commentary,Monthly Budget Review (Jul 2026),https://www.cbo.gov/publication/61982,https://www.cbo.gov/publication/61982,2026-07-09,exact,cbo.gov recurring-reports listing <time datetime>,,,False,
cbo_1b7e68e5d5,CBO,cbo_mbr,in_period_commentary,Monthly Budget Review (Jun 2026),https://www.cbo.gov/publication/61981,https://www.cbo.gov/publication/61981,2026-06-08,exact,cbo.gov recurring-reports listing <time datetime>,,,False,
cbo_2f936ac2d2,CBO,cbo_mbr,in_period_commentary,Monthly Budget Review (May 2026),https://www.cbo.gov/publication/61980,https://www.cbo.gov/publication/61980,2026-05-08,exact,cbo.gov recurring-reports listing <time datetime>,,,False,
cbo_cd553fec9a,CBO,cbo_mbr,in_period_commentary,Monthly Budget Review (Apr 2026),https://www.cbo.gov/publication/61979,https://www.cbo.gov/publication/61979,2026-04-08,exact,cbo.gov recurring-reports listing <time datetime>,,,False,
cbo_ab8fd2dcc1,CBO,cbo_mbr,in_period_commentary,Monthly Budget Review (Mar 2026),https://www.cbo.gov/publication/61978,https://www.cbo.gov/publication/61978,2026-03-09,exact,cbo.gov recurring-reports listing <time datetime>,,,False,
cbo_3b1f54a3e9,CBO,cbo_mbr,in_period_commentary,Monthly Budget Review (Feb 2026),https://www.cbo.gov/publication/61977,https://www.cbo.gov/publication/61977,2026-02-09,exact,cbo.gov recurring-reports listing <time datetime>,,,False,
cbo_64a35ac0d5,CBO,cbo_mbr,in_period_commentary,Monthly Budget Review (Jan 2026),https://www.cbo.gov/publication/61880,https://www.cbo.gov/publication/61880,2026-01-09,exact,cbo.gov recurring-reports listing <time datetime>,,,False,
cbo_25ab5c811a,CBO,cbo_mbr,in_period_commentary,Monthly Budget Review (Dec 2025),https://www.cbo.gov/publication/61308,https://www.cbo.gov/publication/61308,2025-12-08,exact,cbo.gov recurring-reports listing <time datetime>,,,False,
cbo_cf1d773cae,CBO,cbo_mbr,in_period_commentary,Monthly Budget Review (Nov 2025),https://www.cbo.gov/publication/61307,https://www.cbo.gov/publication/61307,2025-11-10,exact,cbo.gov recurring-reports listing <time datetime>,,,False,
cbo_d9f3af035b,CBO,cbo_mbr,in_period_commentary,Monthly Budget Review (Oct 2025),https://www.cbo.gov/publication/61306,https://www.cbo.gov/publication/61306,2025-10-08,exact,cbo.gov recurring-reports listing <time datetime>,,,False,
cbo_b396e8f0b2,CBO,cbo_mbr,in_period_commentary,Monthly Budget Review (Sep 2025),https://www.cbo.gov/publication/61305,https://www.cbo.gov/publication/61305,2025-09-09,exact,cbo.gov recurring-reports listing <time datetime>,,,False,
cbo_6177f17dba,CBO,cbo_mbr,in_period_commentary,Monthly Budget Review (Aug 2025),https://www.cbo.gov/publication/61304,https://www.cbo.gov/publication/61304,2025-08-08,exact,cbo.gov recurring-reports listing <time datetime>,,,False,
cbo_5882cced1d,CBO,cbo_mbr,in_period_commentary,Monthly Budget Review (Jul 2025),https://www.cbo.gov/publication/61303,https://www.cbo.gov/publication/61303,2025-07-09,exact,cbo.gov recurring-reports listing <time datetime>,,,False,
cbo_45cb56f1c1,CBO,cbo_mbr,in_period_commentary,Monthly Budget Review (Jun 2025),https://www.cbo.gov/publication/61302,https://www.cbo.gov/publication/61302,2025-06-09,exact,cbo.gov recurring-reports listing <time datetime>,,,False,
cbo_a97e922e44,CBO,cbo_mbr,in_period_commentary,Monthly Budget Review (May 2025),https://www.cbo.gov/publication/61301,https://www.cbo.gov/publication/61301,2025-05-08,exact,cbo.gov recurring-reports listing <time datetime>,,,False,
cbo_50916720b2,CBO,cbo_mbr,in_period_commentary,Monthly Budget Review (Apr 2025),https://www.cbo.gov/publication/61300,https://www.cbo.gov/publication/61300,2025-04-08,exact,cbo.gov recurring-reports listing <time datetime>,,,False,
cbo_0a04e37df2,CBO,cbo_mbr,in_period_commentary,Monthly Budget Review (Mar 2025),https://www.cbo.gov/publication/61196,https://www.cbo.gov/publication/61196,2025-03-10,exact,cbo.gov recurring-reports listing <time datetime>,,,False,
cbo_3b258900e3,CBO,cbo_mbr,in_period_commentary,Monthly Budget Review (Feb 2025),https://www.cbo.gov/publication/61195,https://www.cbo.gov/publication/61195,2025-02-10,exact,cbo.gov recurring-reports listing <time datetime>,,,False,
cbo_854675c0a6,CBO,cbo_mbr,in_period_commentary,Monthly Budget Review (Jan 2025),https://www.cbo.gov/publication/61151,https://www.cbo.gov/publication/61151,2025-01-10,exact,cbo.gov recurring-reports listing <time datetime>,,,False,
cbo_a72f4a4920,CBO,cbo_mbr,in_period_commentary,Monthly Budget Review (Dec 2024),https://www.cbo.gov/publication/60844,https://www.cbo.gov/publication/60844,2024-12-09,exact,cbo.gov recurring-reports listing <time datetime>,,,False,
cbo_d35aa72e64,CBO,cbo_mbr,in_period_commentary,Monthly Budget Review (Nov 2024),https://www.cbo.gov/publication/60843,https://www.cbo.gov/publication/60843,2024-11-08,exact,cbo.gov recurring-reports listing <time datetime>,,,False,
cbo_3112e1a26a,CBO,cbo_mbr,in_period_commentary,Monthly Budget Review (Oct 2024),https://www.cbo.gov/publication/60730,https://www.cbo.gov/publication/60730,2024-10-08,exact,cbo.gov recurring-reports listing <time datetime>,,,False,
cbo_9c9a9e3be3,CBO,cbo_mbr,in_period_commentary,Monthly Budget Review (Sep 2024),https://www.cbo.gov/publication/60592,https://www.cbo.gov/publication/60592,2024-09-10,exact,cbo.gov recurring-reports listing <time datetime>,,,False,
cbo_d41534f0d9,CBO,cbo_mbr,in_period_commentary,Monthly Budget Review (Aug 2024),https://www.cbo.gov/publication/60479,https://www.cbo.gov/publication/60479,2024-08-08,exact,cbo.gov recurring-reports listing <time datetime>,,,False,
cbo_b194307082,CBO,cbo_mbr,in_period_commentary,Monthly Budget Review (Jul 2024),https://www.cbo.gov/publication/60361,https://www.cbo.gov/publication/60361,2024-07-09,exact,cbo.gov recurring-reports listing <time datetime>,,,False,
cbo_6fc108d204,CBO,cbo_mbr,in_period_commentary,Monthly Budget Review (Jun 2024),https://www.cbo.gov/publication/60280,https://www.cbo.gov/publication/60280,2024-06-10,exact,cbo.gov recurring-reports listing <time datetime>,,,False,
cbo_efb486a2da,CBO,cbo_mbr,in_period_commentary,Monthly Budget Review (May 2024),https://www.cbo.gov/publication/60193,https://www.cbo.gov/publication/60193,2024-05-08,exact,cbo.gov recurring-reports listing <time datetime>,,,False,
cbo_8067cb2d89,CBO,cbo_mbr,in_period_commentary,Monthly Budget Review (Apr 2024),https://www.cbo.gov/publication/60115,https://www.cbo.gov/publication/60115,2024-04-08,exact,cbo.gov recurring-reports listing <time datetime>,,,False,
cbo_3ce25c16ef,CBO,cbo_mbr,in_period_commentary,Monthly Budget Review (Mar 2024),https://www.cbo.gov/publication/59973,https://www.cbo.gov/publication/59973,2024-03-08,exact,cbo.gov recurring-reports listing <time datetime>,,,False,
cbo_ea4040e789,CBO,cbo_mbr,in_period_commentary,Monthly Budget Review (Feb 2024),https://www.cbo.gov/publication/59822,https://www.cbo.gov/publication/59822,2024-02-08,exact,cbo.gov recurring-reports listing <time datetime>,,,False,
cbo_03c0bc8687,CBO,cbo_mbr,in_period_commentary,Monthly Budget Review (Jan 2024),https://www.cbo.gov/publication/59821,https://www.cbo.gov/publication/59821,2024-01-09,exact,cbo.gov recurring-reports listing <time datetime>,,,False,
cbo_f7fa358f7b,CBO,cbo_mbr,in_period_commentary,Monthly Budget Review (Dec 2023),https://www.cbo.gov/publication/59726,https://www.cbo.gov/publication/59726,2023-12-08,exact,cbo.gov recurring-reports listing <time datetime>,,,False,
cbo_f6890b6c2e,CBO,cbo_mbr,in_period_commentary,Monthly Budget Review (Nov 2023),https://www.cbo.gov/publication/59640,https://www.cbo.gov/publication/59640,2023-11-08,exact,cbo.gov recurring-reports listing <time datetime>,,,False,
cbo_971f3a5f0b,CBO,cbo_mbr,in_period_commentary,Monthly Budget Review (Oct 2023),https://www.cbo.gov/publication/59544,https://www.cbo.gov/publication/59544,2023-10-10,exact,cbo.gov recurring-reports listing <time datetime>,,,False,
cbo_846aa38fb7,CBO,cbo_mbr,in_period_commentary,Monthly Budget Review (Sep 2023),https://www.cbo.gov/publication/59474,https://www.cbo.gov/publication/59474,2023-09-11,exact,cbo.gov recurring-reports listing <time datetime>,,,False,
cbo_178e64da34,CBO,cbo_mbr,in_period_commentary,Monthly Budget Review (Aug 2023),https://www.cbo.gov/publication/59377,https://www.cbo.gov/publication/59377,2023-08-08,exact,cbo.gov recurring-reports listing <time datetime>,,,False,
cbo_10df642e93,CBO,cbo_mbr,in_period_commentary,Monthly Budget Review (Jul 2023),https://www.cbo.gov/publication/59255,https://www.cbo.gov/publication/59255,2023-07-11,exact,cbo.gov recurring-reports listing <time datetime>,,,False,
cbo_851b25e94b,CBO,cbo_mbr,in_period_commentary,Monthly Budget Review (Jun 2023),https://www.cbo.gov/publication/59134,https://www.cbo.gov/publication/59134,2023-06-08,exact,cbo.gov recurring-reports listing <time datetime>,,,False,
cbo_b81869f7f8,CBO,cbo_mbr,in_period_commentary,Monthly Budget Review (May 2023),https://www.cbo.gov/publication/59053,https://www.cbo.gov/publication/59053,2023-05-08,exact,cbo.gov recurring-reports listing <time datetime>,,,False,
cbo_93ef56495d,CBO,cbo_mbr,in_period_commentary,Monthly Budget Review (Apr 2023),https://www.cbo.gov/publication/58995,https://www.cbo.gov/publication/58995,2023-04-10,exact,cbo.gov recurring-reports listing <time datetime>,,,False,
cbo_e24218830c,CBO,cbo_mbr,in_period_commentary,Monthly Budget Review (Mar 2023),https://www.cbo.gov/publication/58938,https://www.cbo.gov/publication/58938,2023-03-08,exact,cbo.gov recurring-reports listing <time datetime>,,,False,
cbo_5435e848ae,CBO,cbo_mbr,in_period_commentary,Monthly Budget Review (Feb 2023),https://www.cbo.gov/publication/58882,https://www.cbo.gov/publication/58882,2023-02-08,exact,cbo.gov recurring-reports listing <time datetime>,,,False,
cbo_27749de204,CBO,cbo_mbr,in_period_commentary,Monthly Budget Review (Jan 2023),https://www.cbo.gov/publication/58862,https://www.cbo.gov/publication/58862,2023-01-10,exact,cbo.gov recurring-reports listing <time datetime>,,,False,
cbo_e0b42f2b55,CBO,cbo_mbr,in_period_commentary,Monthly Budget Review (Dec 2022),https://www.cbo.gov/publication/58756,https://www.cbo.gov/publication/58756,2022-12-08,exact,cbo.gov recurring-reports listing <time datetime>,,,False,
cbo_69dd9f8e8d,CBO,cbo_mbr,in_period_commentary,Monthly Budget Review (Nov 2022),https://www.cbo.gov/publication/58592,https://www.cbo.gov/publication/58592,2022-11-08,exact,cbo.gov recurring-reports listing <time datetime>,,,False,
cbo_4bcd138c89,CBO,cbo_mbr,in_period_commentary,Monthly Budget Review (Oct 2022),https://www.cbo.gov/publication/58493,https://www.cbo.gov/publication/58493,2022-10-11,exact,cbo.gov recurring-reports listing <time datetime>,,,False,
cbo_c4793abc5c,CBO,cbo_mbr,in_period_commentary,Monthly Budget Review (Sep 2022),https://www.cbo.gov/publication/58416,https://www.cbo.gov/publication/58416,2022-09-09,exact,cbo.gov recurring-reports listing <time datetime>,,,False,
cbo_8f8c9ce88c,CBO,cbo_mbr,in_period_commentary,Monthly Budget Review (Aug 2022),https://www.cbo.gov/publication/58266,https://www.cbo.gov/publication/58266,2022-08-08,exact,cbo.gov recurring-reports listing <time datetime>,,,False,
cbo_7fd0044550,CBO,cbo_mbr,in_period_commentary,Monthly Budget Review (Jul 2022),https://www.cbo.gov/publication/58219,https://www.cbo.gov/publication/58219,2022-07-11,exact,cbo.gov recurring-reports listing <time datetime>,,,False,
cbo_324a4e4817,CBO,cbo_mbr,in_period_commentary,Monthly Budget Review (Jun 2022),https://www.cbo.gov/publication/58111,https://www.cbo.gov/publication/58111,2022-06-08,exact,cbo.gov recurring-reports listing <time datetime>,,,False,
cbo_6dda5a0b73,CBO,cbo_mbr,in_period_commentary,Monthly Budget Review (May 2022),https://www.cbo.gov/publication/57974,https://www.cbo.gov/publication/57974,2022-05-09,exact,cbo.gov recurring-reports listing <time datetime>,,,False,
cbo_738b86b88c,CBO,cbo_mbr,in_period_commentary,Monthly Budget Review (Apr 2022),https://www.cbo.gov/publication/57909,https://www.cbo.gov/publication/57909,2022-04-08,exact,cbo.gov recurring-reports listing <time datetime>,,,False,
cbo_d3bf6db2c6,CBO,cbo_mbr,in_period_commentary,Monthly Budget Review (Mar 2022),https://www.cbo.gov/publication/57841,https://www.cbo.gov/publication/57841,2022-03-08,exact,cbo.gov recurring-reports listing <time datetime>,,,False,
cbo_6037869821,CBO,cbo_mbr,in_period_commentary,Monthly Budget Review (Feb 2022),https://www.cbo.gov/publication/57759,https://www.cbo.gov/publication/57759,2022-02-08,exact,cbo.gov recurring-reports listing <time datetime>,,,False,
cbo_44341f820d,CBO,cbo_mbr,in_period_commentary,Monthly Budget Review (Jan 2022),https://www.cbo.gov/publication/57667,https://www.cbo.gov/publication/57667,2022-01-10,exact,cbo.gov recurring-reports listing <time datetime>,,,False,
cbo_66857e4056,CBO,cbo_mbr,in_period_commentary,Monthly Budget Review (Dec 2021),https://www.cbo.gov/publication/57613,https://www.cbo.gov/publication/57613,2021-12-08,exact,cbo.gov recurring-reports listing <time datetime>,,,False,
cbo_0ce3cfa915,CBO,cbo_mbr,in_period_commentary,Monthly Budget Review (Nov 2021),https://www.cbo.gov/publication/57539,https://www.cbo.gov/publication/57539,2021-11-08,exact,cbo.gov recurring-reports listing <time datetime>,,,False,
cbo_ad0a6f62d0,CBO,cbo_mbr,in_period_commentary,Monthly Budget Review (Oct 2021),https://www.cbo.gov/publication/57476,https://www.cbo.gov/publication/57476,2021-10-08,exact,cbo.gov recurring-reports listing <time datetime>,,,False,
cbo_a72367d9b2,CBO,cbo_mbr,in_period_commentary,Monthly Budget Review (Sep 2021),https://www.cbo.gov/publication/57419,https://www.cbo.gov/publication/57419,2021-09-09,exact,cbo.gov recurring-reports listing <time datetime>,,,False,
cbo_9982a803ae,CBO,cbo_mbr,in_period_commentary,Monthly Budget Review (Aug 2021),https://www.cbo.gov/publication/57349,https://www.cbo.gov/publication/57349,2021-08-09,exact,cbo.gov recurring-reports listing <time datetime>,,,False,
cbo_d52064278e,CBO,cbo_mbr,in_period_commentary,Monthly Budget Review (Jul 2021),https://www.cbo.gov/publication/57288,https://www.cbo.gov/publication/57288,2021-07-09,exact,cbo.gov recurring-reports listing <time datetime>,,,False,
cbo_f6893e5e04,CBO,cbo_mbr,in_period_commentary,Monthly Budget Review (Jun 2021),https://www.cbo.gov/publication/57193,https://www.cbo.gov/publication/57193,2021-06-08,exact,cbo.gov recurring-reports listing <time datetime>,,,False,
cbo_a50ffbce73,CBO,cbo_mbr,in_period_commentary,Monthly Budget Review (May 2021),https://www.cbo.gov/publication/57127,https://www.cbo.gov/publication/57127,2021-05-10,exact,cbo.gov recurring-reports listing <time datetime>,,,False,
cbo_56b7b59df2,CBO,cbo_mbr,in_period_commentary,Monthly Budget Review (Apr 2021),https://www.cbo.gov/publication/57018,https://www.cbo.gov/publication/57018,2021-04-08,exact,cbo.gov recurring-reports listing <time datetime>,,,False,
cbo_95c8de100b,CBO,cbo_mbr,in_period_commentary,Monthly Budget Review (Mar 2021),https://www.cbo.gov/publication/57031,https://www.cbo.gov/publication/57031,2021-03-08,exact,cbo.gov recurring-reports listing <time datetime>,,,False,
cbo_25b08e9bd3,CBO,cbo_mbr,in_period_commentary,Monthly Budget Review (Feb 2021),https://www.cbo.gov/publication/56976,https://www.cbo.gov/publication/56976,2021-02-08,exact,cbo.gov recurring-reports listing <time datetime>,,,False,
cbo_c3d0918ba6,CBO,cbo_mbr,in_period_commentary,Monthly Budget Review (Jan 2021),https://www.cbo.gov/publication/56953,https://www.cbo.gov/publication/56953,2021-01-11,exact,cbo.gov recurring-reports listing <time datetime>,,,False,
cbo_0a530659ea,CBO,cbo_mbr,in_period_commentary,Monthly Budget Review (Dec 2020),https://www.cbo.gov/publication/56886,https://www.cbo.gov/publication/56886,2020-12-08,exact,cbo.gov recurring-reports listing <time datetime>,,,False,
cbo_fdde1955d2,CBO,cbo_mbr,in_period_commentary,Monthly Budget Review (Nov 2020),https://www.cbo.gov/publication/56746,https://www.cbo.gov/publication/56746,2020-11-09,exact,cbo.gov recurring-reports listing <time datetime>,,,False,
cbo_57b27df7b9,CBO,cbo_mbr,in_period_commentary,Monthly Budget Review (Oct 2020),https://www.cbo.gov/publication/56661,https://www.cbo.gov/publication/56661,2020-10-08,exact,cbo.gov recurring-reports listing <time datetime>,,,False,
cbo_f38356ed80,CBO,cbo_mbr,in_period_commentary,Monthly Budget Review (Sep 2020),https://www.cbo.gov/publication/56552,https://www.cbo.gov/publication/56552,2020-09-08,exact,cbo.gov recurring-reports listing <time datetime>,,,False,
cbo_f54a56be7a,CBO,cbo_mbr,in_period_commentary,Monthly Budget Review (Aug 2020),https://www.cbo.gov/publication/56497,https://www.cbo.gov/publication/56497,2020-08-10,exact,cbo.gov recurring-reports listing <time datetime>,,,False,
cbo_da90da7df3,CBO,cbo_mbr,in_period_commentary,Monthly Budget Review (Jul 2020),https://www.cbo.gov/publication/56458,https://www.cbo.gov/publication/56458,2020-07-08,exact,cbo.gov recurring-reports listing <time datetime>,,,False,
cbo_507e058f52,CBO,cbo_mbr,in_period_commentary,Monthly Budget Review (Jun 2020),https://www.cbo.gov/publication/56390,https://www.cbo.gov/publication/56390,2020-06-08,exact,cbo.gov recurring-reports listing <time datetime>,,,False,
cbo_315f43b0b9,CBO,cbo_mbr,in_period_commentary,Monthly Budget Review (May 2020),https://www.cbo.gov/publication/56350,https://www.cbo.gov/publication/56350,2020-05-08,exact,cbo.gov recurring-reports listing <time datetime>,,,False,
cbo_2c8aa15c29,CBO,cbo_mbr,in_period_commentary,Monthly Budget Review (Apr 2020),https://www.cbo.gov/publication/56317,https://www.cbo.gov/publication/56317,2020-04-07,exact,cbo.gov recurring-reports listing <time datetime>,,,False,
cbo_79dbadf7ea,CBO,cbo_mbr,in_period_commentary,Monthly Budget Review (Mar 2020),https://www.cbo.gov/publication/56223,https://www.cbo.gov/publication/56223,2020-03-06,exact,cbo.gov recurring-reports listing <time datetime>,,,False,
cbo_f6b7631809,CBO,cbo_mbr,in_period_commentary,Monthly Budget Review (Feb 2020),https://www.cbo.gov/publication/56118,https://www.cbo.gov/publication/56118,2020-02-07,exact,cbo.gov recurring-reports listing <time datetime>,,,False,
cbo_ff0e83d88e,CBO,cbo_mbr,in_period_commentary,Monthly Budget Review (Jan 2020),https://www.cbo.gov/publication/55997,https://www.cbo.gov/publication/55997,2020-01-08,exact,cbo.gov recurring-reports listing <time datetime>,,,False,
cbo_4cab2fa166,CBO,cbo_mbr,in_period_commentary,Monthly Budget Review (Dec 2019),https://www.cbo.gov/publication/55926,https://www.cbo.gov/publication/55926,2019-12-09,exact,cbo.gov recurring-reports listing <time datetime>,,,False,
cbo_e4a1e83b59,CBO,cbo_mbr,in_period_commentary,Monthly Budget Review (Nov 2019),https://www.cbo.gov/publication/55824,https://www.cbo.gov/publication/55824,2019-11-07,exact,cbo.gov recurring-reports listing <time datetime>,,,False,
cbo_8f275f4762,CBO,cbo_mbr,in_period_commentary,Monthly Budget Review (Oct 2019),https://www.cbo.gov/publication/55699,https://www.cbo.gov/publication/55699,2019-10-07,exact,cbo.gov recurring-reports listing <time datetime>,,,False,
cbo_40c82c3a06,CBO,cbo_mbr,in_period_commentary,Monthly Budget Review (Sep 2019),https://www.cbo.gov/publication/55598,https://www.cbo.gov/publication/55598,2019-09-09,exact,cbo.gov recurring-reports listing <time datetime>,,,False,
cbo_c13a854ea9,CBO,cbo_mbr,in_period_commentary,Monthly Budget Review (Aug 2019),https://www.cbo.gov/publication/55527,https://www.cbo.gov/publication/55527,2019-08-07,exact,cbo.gov recurring-reports listing <time datetime>,,,False,
cbo_49754bc660,CBO,cbo_mbr,in_period_commentary,Monthly Budget Review (Jul 2019),https://www.cbo.gov/publication/55415,https://www.cbo.gov/publication/55415,2019-07-08,exact,cbo.gov recurring-reports listing <time datetime>,,,False,
cbo_51f22aa407,CBO,cbo_mbr,in_period_commentary,Monthly Budget Review (Jun 2019),https://www.cbo.gov/publication/55329,https://www.cbo.gov/publication/55329,2019-06-07,exact,cbo.gov recurring-reports listing <time datetime>,,,False,
cbo_5143dec3e3,CBO,cbo_mbr,in_period_commentary,Monthly Budget Review (May 2019),https://www.cbo.gov/publication/55219,https://www.cbo.gov/publication/55219,2019-05-07,exact,cbo.gov recurring-reports listing <time datetime>,,,False,
cbo_d6611299ce,CBO,cbo_mbr,in_period_commentary,Monthly Budget Review (Apr 2019),https://www.cbo.gov/publication/55095,https://www.cbo.gov/publication/55095,2019-04-05,exact,cbo.gov recurring-reports listing <time datetime>,,,False,
cbo_1ce48423d4,CBO,cbo_mbr,in_period_commentary,Monthly Budget Review (Mar 2019),https://www.cbo.gov/publication/55017,https://www.cbo.gov/publication/55017,2019-03-07,exact,cbo.gov recurring-reports listing <time datetime>,,,False,
cbo_ee13cefbb4,CBO,cbo_mbr,in_period_commentary,Monthly Budget Review (Feb 2019),https://www.cbo.gov/publication/54961,https://www.cbo.gov/publication/54961,2019-02-07,exact,cbo.gov recurring-reports listing <time datetime>,,,False,
cbo_224a064778,CBO,cbo_mbr,in_period_commentary,Monthly Budget Review (Jan 2019),https://www.cbo.gov/publication/54905,https://www.cbo.gov/publication/54905,2019-01-08,exact,cbo.gov recurring-reports listing <time datetime>,,,False,
cbo_190a199d7c,CBO,cbo_mbr,in_period_commentary,Monthly Budget Review (Dec 2018),https://www.cbo.gov/publication/54861,https://www.cbo.gov/publication/54861,2018-12-10,exact,cbo.gov recurring-reports listing <time datetime>,,,False,
cbo_080e257c2b,CBO,cbo_mbr,in_period_commentary,Monthly Budget Review (Nov 2018),https://www.cbo.gov/publication/54647,https://www.cbo.gov/publication/54647,2018-11-07,exact,cbo.gov recurring-reports listing <time datetime>,,,False,
cbo_dff45546a1,CBO,cbo_mbr,in_period_commentary,Monthly Budget Review (Oct 2018),https://www.cbo.gov/publication/54551,https://www.cbo.gov/publication/54551,2018-10-05,exact,cbo.gov recurring-reports listing <time datetime>,,,False,
cbo_289301512f,CBO,cbo_mbr,in_period_commentary,Monthly Budget Review (Sep 2018),https://www.cbo.gov/publication/54442,https://www.cbo.gov/publication/54442,2018-09-10,exact,cbo.gov recurring-reports listing <time datetime>,,,False,
cbo_eaa9478ff3,CBO,cbo_mbr,in_period_commentary,Monthly Budget Review (Aug 2018),https://www.cbo.gov/publication/54339,https://www.cbo.gov/publication/54339,2018-08-07,exact,cbo.gov recurring-reports listing <time datetime>,,,False,
cbo_cdb540e4f4,CBO,cbo_mbr,in_period_commentary,Monthly Budget Review (Jul 2018),https://www.cbo.gov/publication/54156,https://www.cbo.gov/publication/54156,2018-07-09,exact,cbo.gov recurring-reports listing <time datetime>,,,False,
cbo_fbc07ca56b,CBO,cbo_mbr,in_period_commentary,Monthly Budget Review (Jun 2018),https://www.cbo.gov/publication/53950,https://www.cbo.gov/publication/53950,2018-06-07,exact,cbo.gov recurring-reports listing <time datetime>,,,False,
cbo_c7cd04f74b,CBO,cbo_mbr,in_period_commentary,Monthly Budget Review (May 2018),https://www.cbo.gov/publication/53821,https://www.cbo.gov/publication/53821,2018-05-07,exact,cbo.gov recurring-reports listing <time datetime>,,,False,
cbo_b561832545,CBO,cbo_mbr,in_period_commentary,Monthly Budget Review (Apr 2018),https://www.cbo.gov/publication/53718,https://www.cbo.gov/publication/53718,2018-04-06,exact,cbo.gov recurring-reports listing <time datetime>,,,False,
cbo_1a2cb71765,CBO,cbo_mbr,in_period_commentary,Monthly Budget Review (Mar 2018),https://www.cbo.gov/publication/53638,https://www.cbo.gov/publication/53638,2018-03-07,exact,cbo.gov recurring-reports listing <time datetime>,,,False,
cbo_4cce4fe5cb,CBO,cbo_mbr,in_period_commentary,Monthly Budget Review (Feb 2018),https://www.cbo.gov/publication/53549,https://www.cbo.gov/publication/53549,2018-02-07,exact,cbo.gov recurring-reports listing <time datetime>,,,False,
cbo_24f1c24ed6,CBO,cbo_mbr,in_period_commentary,Monthly Budget Review (Jan 2018),https://www.cbo.gov/publication/53443,https://www.cbo.gov/publication/53443,2018-01-08,exact,cbo.gov recurring-reports listing <time datetime>,,,False,
cbo_cb99713cee,CBO,cbo_mbr,in_period_commentary,Monthly Budget Review (Dec 2017),https://www.cbo.gov/publication/53363,https://www.cbo.gov/publication/53363,2017-12-07,exact,cbo.gov recurring-reports listing <time datetime>,,,False,
cbo_fb93371ad3,CBO,cbo_mbr,in_period_commentary,Monthly Budget Review (Nov 2017),https://www.cbo.gov/publication/53286,https://www.cbo.gov/publication/53286,2017-11-07,exact,cbo.gov recurring-reports listing <time datetime>,,,False,
cbo_34807c5193,CBO,cbo_mbr,in_period_commentary,Monthly Budget Review (Oct 2017),https://www.cbo.gov/publication/53181,https://www.cbo.gov/publication/53181,2017-10-06,exact,cbo.gov recurring-reports listing <time datetime>,,,False,
cbo_e69d950593,CBO,cbo_mbr,in_period_commentary,Monthly Budget Review (Sep 2017),https://www.cbo.gov/publication/53078,https://www.cbo.gov/publication/53078,2017-09-08,exact,cbo.gov recurring-reports listing <time datetime>,,,False,
cbo_3869d85991,CBO,cbo_mbr,in_period_commentary,Monthly Budget Review (Aug 2017),https://www.cbo.gov/publication/52993,https://www.cbo.gov/publication/52993,2017-08-07,exact,cbo.gov recurring-reports listing <time datetime>,,,False,
cbo_7b61bd5d37,CBO,cbo_mbr,in_period_commentary,Monthly Budget Review (Jul 2017),https://www.cbo.gov/publication/52882,https://www.cbo.gov/publication/52882,2017-07-10,exact,cbo.gov recurring-reports listing <time datetime>,,,False,
cbo_a91edc7876,CBO,cbo_mbr,in_period_commentary,Monthly Budget Review (Jun 2017),https://www.cbo.gov/publication/52791,https://www.cbo.gov/publication/52791,2017-06-07,exact,cbo.gov recurring-reports listing <time datetime>,,,False,
cbo_a80fa201fc,CBO,cbo_mbr,in_period_commentary,Monthly Budget Review (May 2017),https://www.cbo.gov/publication/52692,https://www.cbo.gov/publication/52692,2017-05-05,exact,cbo.gov recurring-reports listing <time datetime>,,,False,
cbo_c24642d88b,CBO,cbo_mbr,in_period_commentary,Monthly Budget Review (Apr 2017),https://www.cbo.gov/publication/52543,https://www.cbo.gov/publication/52543,2017-04-07,exact,cbo.gov recurring-reports listing <time datetime>,,,False,
cbo_3d1bbd7260,CBO,cbo_mbr,in_period_commentary,Monthly Budget Review (Mar 2017),https://www.cbo.gov/publication/52479,https://www.cbo.gov/publication/52479,2017-03-07,exact,cbo.gov recurring-reports listing <time datetime>,,,False,
cbo_cbb182a919,CBO,cbo_mbr,in_period_commentary,Monthly Budget Review (Feb 2017),https://www.cbo.gov/publication/52403,https://www.cbo.gov/publication/52403,2017-02-07,exact,cbo.gov recurring-reports listing <time datetime>,,,False,
cbo_d9fce6ef58,CBO,cbo_mbr,in_period_commentary,Monthly Budget Review (Jan 2017),https://www.cbo.gov/publication/52362,https://www.cbo.gov/publication/52362,2017-01-09,exact,cbo.gov recurring-reports listing <time datetime>,,,False,
cbo_491df07f80,CBO,cbo_mbr,in_period_commentary,Monthly Budget Review (Dec 2016),https://www.cbo.gov/publication/52319,https://www.cbo.gov/publication/52319,2016-12-07,exact,cbo.gov recurring-reports listing <time datetime>,,,False,
cbo_13c138f6e1,CBO,cbo_mbr,in_period_commentary,Monthly Budget Review (Nov 2016),https://www.cbo.gov/publication/52152,https://www.cbo.gov/publication/52152,2016-11-07,exact,cbo.gov recurring-reports listing <time datetime>,,,False,
cbo_b33a4b07b7,CBO,cbo_mbr,in_period_commentary,Monthly Budget Review (Oct 2016),https://www.cbo.gov/publication/52086,https://www.cbo.gov/publication/52086,2016-10-07,exact,cbo.gov recurring-reports listing <time datetime>,,,False,
cbo_18cb125f45,CBO,cbo_mbr,in_period_commentary,Monthly Budget Review (Sep 2016),https://www.cbo.gov/publication/51978,https://www.cbo.gov/publication/51978,2016-09-08,exact,cbo.gov recurring-reports listing <time datetime>,,,False,
cbo_8813a6bc20,CBO,cbo_mbr,in_period_commentary,Monthly Budget Review (Aug 2016),https://www.cbo.gov/publication/51861,https://www.cbo.gov/publication/51861,2016-08-05,exact,cbo.gov recurring-reports listing <time datetime>,,,False,
cbo_f0b34e2f76,CBO,cbo_mbr,in_period_commentary,Monthly Budget Review (Jul 2016),https://www.cbo.gov/publication/51766,https://www.cbo.gov/publication/51766,2016-07-08,exact,cbo.gov recurring-reports listing <time datetime>,,,False,
cbo_11b525ee76,CBO,cbo_mbr,in_period_commentary,Monthly Budget Review (Jun 2016),https://www.cbo.gov/publication/51665,https://www.cbo.gov/publication/51665,2016-06-07,exact,cbo.gov recurring-reports listing <time datetime>,,,False,
cbo_5c0ba8a074,CBO,cbo_mbr,in_period_commentary,Monthly Budget Review (May 2016),https://www.cbo.gov/publication/51534,https://www.cbo.gov/publication/51534,2016-05-06,exact,cbo.gov recurring-reports listing <time datetime>,,,False,
cbo_6c1aed116a,CBO,cbo_mbr,in_period_commentary,Monthly Budget Review (Apr 2016),https://www.cbo.gov/publication/51442,https://www.cbo.gov/publication/51442,2016-04-07,exact,cbo.gov recurring-reports listing <time datetime>,,,False,
cbo_e8fabce490,CBO,cbo_mbr,in_period_commentary,Monthly Budget Review (Mar 2016),https://www.cbo.gov/publication/51352,https://www.cbo.gov/publication/51352,2016-03-07,exact,cbo.gov recurring-reports listing <time datetime>,,,False,
cbo_723d0dd1b2,CBO,cbo_mbr,in_period_commentary,Monthly Budget Review (Feb 2016),https://www.cbo.gov/publication/51222,https://www.cbo.gov/publication/51222,2016-02-05,exact,cbo.gov recurring-reports listing <time datetime>,,,False,
cbo_a2f67c6060,CBO,cbo_mbr,in_period_commentary,Monthly Budget Review (Jan 2016),https://www.cbo.gov/publication/51108,https://www.cbo.gov/publication/51108,2016-01-08,exact,cbo.gov recurring-reports listing <time datetime>,,,False,
cbo_e6e8911ed6,CBO,cbo_mbr,in_period_commentary,Monthly Budget Review (Dec 2015),https://www.cbo.gov/publication/51048,https://www.cbo.gov/publication/51048,2015-12-07,exact,cbo.gov recurring-reports listing <time datetime>,,,False,
cbo_8a80c617c2,CBO,cbo_mbr,in_period_commentary,Monthly Budget Review (Nov 2015),https://www.cbo.gov/publication/50974,https://www.cbo.gov/publication/50974,2015-11-06,exact,cbo.gov recurring-reports listing <time datetime>,,,False,
cbo_e554407f37,CBO,cbo_mbr,in_period_commentary,Monthly Budget Review (Oct 2015),https://www.cbo.gov/publication/50878,https://www.cbo.gov/publication/50878,2015-10-07,exact,cbo.gov recurring-reports listing <time datetime>,,,False,
cbo_9610f4f4a6,CBO,cbo_mbr,in_period_commentary,Monthly Budget Review (Sep 2015),https://www.cbo.gov/publication/50808,https://www.cbo.gov/publication/50808,2015-09-08,exact,cbo.gov recurring-reports listing <time datetime>,,,False,
cbo_8c857d1d0c,CBO,cbo_mbr,in_period_commentary,Monthly Budget Review (Aug 2015),https://www.cbo.gov/publication/50720,https://www.cbo.gov/publication/50720,2015-08-07,exact,cbo.gov recurring-reports listing <time datetime>,,,False,
cbo_dcc4231bdb,CBO,cbo_mbr,in_period_commentary,Monthly Budget Review (Jul 2015),https://www.cbo.gov/publication/50362,https://www.cbo.gov/publication/50362,2015-07-08,exact,cbo.gov recurring-reports listing <time datetime>,,,False,
cbo_30f5e6c838,CBO,cbo_mbr,in_period_commentary,Monthly Budget Review (Jun 2015),https://www.cbo.gov/publication/50272,https://www.cbo.gov/publication/50272,2015-06-05,exact,cbo.gov recurring-reports listing <time datetime>,,,False,
cbo_959375ca38,CBO,cbo_mbr,in_period_commentary,Monthly Budget Review (May 2015),https://www.cbo.gov/publication/50151,https://www.cbo.gov/publication/50151,2015-05-07,exact,cbo.gov recurring-reports listing <time datetime>,,,False,
cbo_b2b0783046,CBO,cbo_mbr,in_period_commentary,Monthly Budget Review (Apr 2015),https://www.cbo.gov/publication/50095,https://www.cbo.gov/publication/50095,2015-04-08,exact,cbo.gov recurring-reports listing <time datetime>,,,False,
cbo_5e6703b94f,CBO,cbo_mbr,in_period_commentary,Monthly Budget Review (Mar 2015),https://www.cbo.gov/publication/50000,https://www.cbo.gov/publication/50000,2015-03-09,exact,cbo.gov recurring-reports listing <time datetime>,,,False,
cbo_f4a825b7e6,CBO,cbo_mbr,in_period_commentary,Monthly Budget Review (Feb 2015),https://www.cbo.gov/publication/49924,https://www.cbo.gov/publication/49924,2015-02-06,exact,cbo.gov recurring-reports listing <time datetime>,,,False,
cbo_e5dcda3187,CBO,cbo_mbr,in_period_commentary,Monthly Budget Review (Jan 2015),https://www.cbo.gov/publication/49867,https://www.cbo.gov/publication/49867,2015-01-08,exact,cbo.gov recurring-reports listing <time datetime>,,,False,
cbo_6adfd46832,CBO,cbo_mbr,in_period_commentary,Monthly Budget Review (Dec 2014),https://www.cbo.gov/publication/49806,https://www.cbo.gov/publication/49806,2014-12-05,exact,cbo.gov recurring-reports listing <time datetime>,,,False,
cbo_b4c80c6403,CBO,cbo_mbr,in_period_commentary,Monthly Budget Review (Nov 2014),https://www.cbo.gov/publication/49759,https://www.cbo.gov/publication/49759,2014-11-10,exact,cbo.gov recurring-reports listing <time datetime>,,,False,
cbo_a4a09fbd35,CBO,cbo_mbr,in_period_commentary,Monthly Budget Review (Oct 2014),https://www.cbo.gov/publication/49450,https://www.cbo.gov/publication/49450,2014-10-08,exact,cbo.gov recurring-reports listing <time datetime>,,,False,
cbo_887f8e542f,CBO,cbo_mbr,in_period_commentary,Monthly Budget Review (Sep 2014),https://www.cbo.gov/publication/45694,https://www.cbo.gov/publication/45694,2014-09-08,exact,cbo.gov recurring-reports listing <time datetime>,,,False,
cbo_1d23aa02ff,CBO,cbo_mbr,in_period_commentary,Monthly Budget Review (Aug 2014),https://www.cbo.gov/publication/45629,https://www.cbo.gov/publication/45629,2014-08-07,exact,cbo.gov recurring-reports listing <time datetime>,,,False,
cbo_004010a628,CBO,cbo_mbr,in_period_commentary,Monthly Budget Review (Jul 2014),https://www.cbo.gov/publication/45504,https://www.cbo.gov/publication/45504,2014-07-08,exact,cbo.gov recurring-reports listing <time datetime>,,,False,
cbo_931a3f7865,CBO,cbo_mbr,in_period_commentary,Monthly Budget Review (Jun 2014),https://www.cbo.gov/publication/45426,https://www.cbo.gov/publication/45426,2014-06-06,exact,cbo.gov recurring-reports listing <time datetime>,,,False,
cbo_dbf661ca19,CBO,cbo_mbr,in_period_commentary,Monthly Budget Review (May 2014),https://www.cbo.gov/publication/45334,https://www.cbo.gov/publication/45334,2014-05-07,exact,cbo.gov recurring-reports listing <time datetime>,,,False,
cbo_55d893e151,CBO,cbo_mbr,in_period_commentary,Monthly Budget Review (Apr 2014),https://www.cbo.gov/publication/45237,https://www.cbo.gov/publication/45237,2014-04-07,exact,cbo.gov recurring-reports listing <time datetime>,,,False,
cbo_f3b02fce80,CBO,cbo_mbr,in_period_commentary,Monthly Budget Review (Mar 2014),https://www.cbo.gov/publication/45174,https://www.cbo.gov/publication/45174,2014-03-10,exact,cbo.gov recurring-reports listing <time datetime>,,,False,
cbo_f56e10febf,CBO,cbo_mbr,in_period_commentary,Monthly Budget Review (Feb 2014),https://www.cbo.gov/publication/45091,https://www.cbo.gov/publication/45091,2014-02-07,exact,cbo.gov recurring-reports listing <time datetime>,,,False,
cbo_a48d23bf57,CBO,cbo_mbr,in_period_commentary,Monthly Budget Review (Jan 2014),https://www.cbo.gov/publication/44999,https://www.cbo.gov/publication/44999,2014-01-08,exact,cbo.gov recurring-reports listing <time datetime>,,,False,
cbo_7b3cc469a6,CBO,cbo_mbr,in_period_commentary,Monthly Budget Review (Dec 2013),https://www.cbo.gov/publication/44938,https://www.cbo.gov/publication/44938,2013-12-06,exact,cbo.gov recurring-reports listing <time datetime>,,,False,
cbo_25c424bcb8,CBO,cbo_mbr,in_period_commentary,Monthly Budget Review (Nov 2013),https://www.cbo.gov/publication/44716,https://www.cbo.gov/publication/44716,2013-11-07,exact,cbo.gov recurring-reports listing <time datetime>,,,False,
cbo_39354a6ea2,CBO,cbo_mbr,in_period_commentary,Monthly Budget Review (Sep 2013),https://www.cbo.gov/publication/44552,https://www.cbo.gov/publication/44552,2013-09-09,exact,cbo.gov recurring-reports listing <time datetime>,,,False,
cbo_63384310c3,CBO,cbo_mbr,in_period_commentary,Monthly Budget Review (Aug 2013),https://www.cbo.gov/publication/44495,https://www.cbo.gov/publication/44495,2013-08-07,exact,cbo.gov recurring-reports listing <time datetime>,,,False,
cbo_e78e83928c,CBO,cbo_mbr,in_period_commentary,Monthly Budget Review (Jul 2013),https://www.cbo.gov/publication/44400,https://www.cbo.gov/publication/44400,2013-07-09,exact,cbo.gov recurring-reports listing <time datetime>,,,False,
cbo_90afd1ad59,CBO,cbo_mbr,in_period_commentary,Monthly Budget Review (Jun 2013),https://www.cbo.gov/publication/44320,https://www.cbo.gov/publication/44320,2013-06-07,exact,cbo.gov recurring-reports listing <time datetime>,,,False,
cbo_25f9fee626,CBO,cbo_mbr,in_period_commentary,Monthly Budget Review (May 2013),https://www.cbo.gov/publication/44144,https://www.cbo.gov/publication/44144,2013-05-07,exact,cbo.gov recurring-reports listing <time datetime>,,,False,
cbo_ebb092bf76,CBO,cbo_mbr,in_period_commentary,Monthly Budget Review (Apr 2013),https://www.cbo.gov/publication/44061,https://www.cbo.gov/publication/44061,2013-04-05,exact,cbo.gov recurring-reports listing <time datetime>,,,False,
cbo_d5100f0340,CBO,cbo_mbr,in_period_commentary,Monthly Budget Review (Mar 2013),https://www.cbo.gov/publication/43975,https://www.cbo.gov/publication/43975,2013-03-07,exact,cbo.gov recurring-reports listing <time datetime>,,,False,
cbo_61ec851505,CBO,cbo_mbr,in_period_commentary,Monthly Budget Review (Feb 2013),https://www.cbo.gov/publication/43915,https://www.cbo.gov/publication/43915,2013-02-07,exact,cbo.gov recurring-reports listing <time datetime>,,,False,
cbo_34b746964a,CBO,cbo_mbr,in_period_commentary,Monthly Budget Review (Jan 2013),https://www.cbo.gov/publication/43837,https://www.cbo.gov/publication/43837,2013-01-08,exact,cbo.gov recurring-reports listing <time datetime>,,,False,
cbo_eb6fd192a7,CBO,cbo_testimony,other,Testimony: The Budget and Economic Outlook: Fiscal Years 2011 to 2021,http://www.cbo.gov/doc.cfm?index=12060,http://www.cbo.gov/doc.cfm?index=12060,2011-02-10,exact,pre-2012 cbo.gov subject listing (Wayback capture),,,False,
cbo_06691ef1a4,CBO,cbo_testimony,other,Testimony on the Budget and Economic Outlook: Fiscal Years 2010 to 2020,http://www.cbo.gov/doc.cfm?index=11014,http://www.cbo.gov/doc.cfm?index=11014,2010-01-28,exact,pre-2012 cbo.gov subject listing (Wayback capture),,,False,
cbo_f2633fb582,CBO,cbo_testimony,other,Testimony on the Budget and Economic Outlook: Fiscal Years 2010 to 2020,http://www.cbo.gov/doc.cfm?index=11013,http://www.cbo.gov/doc.cfm?index=11013,2010-01-27,exact,pre-2012 cbo.gov subject listing (Wayback capture),,,False,
cbo_26aebec512,CBO,cbo_testimony,other,Testimony on Growth in Health Care Costs,http://www.cbo.gov/doc.cfm?index=8948,http://www.cbo.gov/doc.cfm?index=8948,2008-01-31,exact,pre-2012 cbo.gov subject listing (Wayback capture),,,False,
cbo_85abb0f7ed,CBO,cbo_testimony,other,Testimony on the Budget and Economic Outlook: Fiscal Years 2008 to 2018,http://www.cbo.gov/doc.cfm?index=8935,http://www.cbo.gov/doc.cfm?index=8935,2008-01-24,exact,pre-2012 cbo.gov subject listing (Wayback capture),,,False,
cbo_2c434ed248,CBO,cbo_testimony,other,Testimony on the Budget and Economic Outlook: Fiscal Years 2008 to 2018,http://www.cbo.gov/doc.cfm?index=8933,http://www.cbo.gov/doc.cfm?index=8933,2008-01-23,exact,pre-2012 cbo.gov subject listing (Wayback capture),,,False,
cbo_2f52840a05,CBO,cbo_testimony,other,Testimony on Options for Responding to Short-Term Economic Weakness,http://www.cbo.gov/doc.cfm?index=8932,http://www.cbo.gov/doc.cfm?index=8932,2008-01-22,exact,pre-2012 cbo.gov subject listing (Wayback capture),,,False,
cbo_730e72b399,CBO,cbo_testimony,other,Testimony on the Long-Term Budget Outlook,http://www.cbo.gov/doc.cfm?index=8884,http://www.cbo.gov/doc.cfm?index=8884,2007-12-13,exact,pre-2012 cbo.gov subject listing (Wayback capture),,,False,
cbo_eb07a95610,CBO,cbo_testimony,other,Testimony on the Current Economic Situation,http://www.cbo.gov/doc.cfm?index=8876,http://www.cbo.gov/doc.cfm?index=8876,2007-12-05,exact,pre-2012 cbo.gov subject listing (Wayback capture),,,False,
cbo_f045dccf6f,CBO,cbo_testimony,other,Testimony on the Federal Government's Liabilities Under the Nuclear Waste Policy Act,http://www.cbo.gov/doc.cfm?index=8675,http://www.cbo.gov/doc.cfm?index=8675,2007-10-04,exact,pre-2012 cbo.gov subject listing (Wayback capture),,,False,
cbo_9fe63aba01,CBO,cbo_testimony,other,Testimony on the Budget and Economic Outlook: Fiscal Years 2008 to 2017,http://www.cbo.gov/doc.cfm?index=7761,http://www.cbo.gov/doc.cfm?index=7761,2007-01-30,exact,pre-2012 cbo.gov subject listing (Wayback capture),,,False,
cbo_7e90c16541,CBO,cbo_testimony,other,Testimony on the Budget and Economic Outlook: Fiscal Years 2008 to 2017,http://www.cbo.gov/doc.cfm?index=7733,http://www.cbo.gov/doc.cfm?index=7733,2007-01-25,exact,pre-2012 cbo.gov subject listing (Wayback capture),,,False,
cbo_69e1266c52,CBO,cbo_testimony,other,Testimony on The Budget and Economic Outlook: Fiscal Years 2007 to 2016,http://www.cbo.gov/doc.cfm?index=7034,http://www.cbo.gov/doc.cfm?index=7034,2006-02-02,exact,pre-2012 cbo.gov subject listing (Wayback capture),,,False,
cbo_25c442bbe7,CBO,cbo_testimony,other,Testimony on the Macroeconomic and Budgetary Effects of Hurricanes Katrina and Rita,http://www.cbo.gov/doc.cfm?index=6684,http://www.cbo.gov/doc.cfm?index=6684,2005-10-06,exact,pre-2012 cbo.gov subject listing (Wayback capture),,,False,
cbo_dc62464baf,CBO,cbo_testimony,other,Testimony on Multiemployer Pension Plans,http://www.cbo.gov/doc.cfm?index=6500,http://www.cbo.gov/doc.cfm?index=6500,2005-06-28,exact,pre-2012 cbo.gov subject listing (Wayback capture),,,False,
cbo_a981ca015a,CBO,cbo_testimony,other,Testimony on Implications of Demographic Changes for the Budget and the Economy,http://www.cbo.gov/doc.cfm?index=6365,http://www.cbo.gov/doc.cfm?index=6365,2005-05-19,exact,pre-2012 cbo.gov subject listing (Wayback capture),,,False,
cbo_6d248af972,CBO,cbo_testimony,other,Testimony on the Cost and Financing of Long-Term Care Services,http://www.cbo.gov/doc.cfm?index=6316,http://www.cbo.gov/doc.cfm?index=6316,2005-04-27,exact,pre-2012 cbo.gov subject listing (Wayback capture),,,False,
cbo_9cbe7bcdd2,CBO,cbo_testimony,other,Testimony on the Cost and Financing of Long-Term Care Services,http://www.cbo.gov/doc.cfm?index=6294,http://www.cbo.gov/doc.cfm?index=6294,2005-04-19,exact,pre-2012 cbo.gov subject listing (Wayback capture),,,False,
cbo_df10a16139,CBO,cbo_testimony,other,Testimony on The Budget and Economic Outlook: Fiscal Years 2006 to 2015,http://www.cbo.gov/doc.cfm?index=6065,http://www.cbo.gov/doc.cfm?index=6065,2005-02-01,exact,pre-2012 cbo.gov subject listing (Wayback capture),,,False,
cbo_d3e890dd1c,CBO,cbo_testimony,other,Testimony on The Budget and Economic Outlook: An Update,http://www.cbo.gov/doc.cfm?index=5786,http://www.cbo.gov/doc.cfm?index=5786,2004-09-08,exact,pre-2012 cbo.gov subject listing (Wayback capture),,,False,
cbo_47c0a003e8,CBO,cbo_testimony,other,Testimony before the Senate Budget Committee on the Budget and Economic Outlook: Fiscal Years 2005 to 2014,http://www.cbo.gov/doc.cfm?index=4987,http://www.cbo.gov/doc.cfm?index=4987,2004-01-27,exact,pre-2012 cbo.gov subject listing (Wayback capture),,,False,
cbo_91300c0e83,CBO,cbo_testimony,other,Testimony before the House Budget Committee on the Budget and Economic Outlook: Fiscal Years 2005 to 2014,http://www.cbo.gov/doc.cfm?index=4988,http://www.cbo.gov/doc.cfm?index=4988,2004-01-27,exact,pre-2012 cbo.gov subject listing (Wayback capture),,,False,
cbo_07eee4d8b4,CBO,cbo_testimony,other,Testimony on The Budget and Economic Outlook: An Update,http://www.cbo.gov/doc.cfm?index=4518,http://www.cbo.gov/doc.cfm?index=4518,2003-09-04,exact,pre-2012 cbo.gov subject listing (Wayback capture),,,False,
cbo_38fe571c2a,CBO,cbo_testimony,other,Testimony on The Budget and Economic Outlook: An Update,http://www.cbo.gov/doc.cfm?index=4516,http://www.cbo.gov/doc.cfm?index=4516,2003-09-03,exact,pre-2012 cbo.gov subject listing (Wayback capture),,,False,
cbo_cf433b5390,CBO,cbo_testimony,other,Testimony on the Budget and Economic Outlook: Fiscal Years 2004-2013,http://www.cbo.gov/doc.cfm?index=4031,http://www.cbo.gov/doc.cfm?index=4031,2003-01-30,exact,pre-2012 cbo.gov subject listing (Wayback capture),,,False,
cbo_872e107090,CBO,cbo_testimony,other,Testimony on Federal Budget Estimating (Supplement),http://www.cbo.gov/doc.cfm?index=3511,http://www.cbo.gov/doc.cfm?index=3511,2002-05-09,exact,pre-2012 cbo.gov subject listing (Wayback capture),,,False,
cbo_7983dbb8cb,CBO,cbo_testimony,other,Testimony on Federal Budget Estimating,http://www.cbo.gov/doc.cfm?index=3422,http://www.cbo.gov/doc.cfm?index=3422,2002-05-09,exact,pre-2012 cbo.gov subject listing (Wayback capture),,,False,
cbo_058c8d5b19,CBO,cbo_testimony,other,Testimony on Federal Budget Estimating,http://www.cbo.gov/doc.cfm?index=3384,http://www.cbo.gov/doc.cfm?index=3384,2002-05-02,exact,pre-2012 cbo.gov subject listing (Wayback capture),,,False,
cbo_43f57751f7,CBO,cbo_testimony,other,Testimony before the Senate Budget Committee on the Budget and Economic Outlook: Fiscal Years 2003-2012,http://www.cbo.gov/doc.cfm?index=3275,http://www.cbo.gov/doc.cfm?index=3275,2002-01-23,exact,pre-2012 cbo.gov subject listing (Wayback capture),,,False,
cbo_4a949decd1,CBO,cbo_testimony,other,Testimony before the House Budget Committee on the Budget and Economic Outlook: Fiscal Years 2003-2012,http://www.cbo.gov/doc.cfm?index=3276,http://www.cbo.gov/doc.cfm?index=3276,2002-01-23,exact,pre-2012 cbo.gov subject listing (Wayback capture),,,False,
cbo_2f7d3b3909,CBO,cbo_testimony,other,Testimony on The Budget and Economic Outlook: An Update,http://www.cbo.gov/doc.cfm?index=3022,http://www.cbo.gov/doc.cfm?index=3022,2001-09-05,exact,pre-2012 cbo.gov subject listing (Wayback capture),,,False,
cbo_6627313a24,CBO,cbo_testimony,other,Testimony on The Budget and Economic Outlook: An Update,http://www.cbo.gov/doc.cfm?index=3018,http://www.cbo.gov/doc.cfm?index=3018,2001-09-04,exact,pre-2012 cbo.gov subject listing (Wayback capture),,,False,
cbo_2a1c598c89,CBO,cbo_testimony,other,Testimony on The Budget and Economic Outlook: Fiscal Years 2002-2011,http://www.cbo.gov/doc.cfm?index=2728,http://www.cbo.gov/doc.cfm?index=2728,2001-01-31,exact,pre-2012 cbo.gov subject listing (Wayback capture),,,False,
cbo_ec57421b44,CBO,cbo_testimony,other,Testimony on The Budget and Economic Outlook: Fiscal Years 2001-2010,http://www.cbo.gov/doc.cfm?index=1839,http://www.cbo.gov/doc.cfm?index=1839,2000-02-16,exact,pre-2012 cbo.gov subject listing (Wayback capture),,,False,
cbo_42ddb50b3a,CBO,cbo_testimony,other,Testimony on The Budget and Economic Outlook: Fiscal Years 2001-2010,http://www.cbo.gov/doc.cfm?index=1822,http://www.cbo.gov/doc.cfm?index=1822,2000-01-26,exact,pre-2012 cbo.gov subject listing (Wayback capture),,,False,
cbo_00352b88c3,CBO,cbo_beo,forecast_narrative,"Letter to the Honorable John M. Spratt, Jr. regarding CBO's updated estimates of the budgetary outlook for fiscal year 2000",http://www.cbo.gov/doc.cfm?index=1785,http://www.cbo.gov/doc.cfm?index=1785,1999-12-02,exact,pre-2012 cbo.gov subject listing (Wayback capture),,,True,
cbo_c495d09990,CBO,cbo_beo,forecast_narrative,The Economic and Budget Outlook: An Update,http://www.cbo.gov/doc.cfm?index=1386,http://www.cbo.gov/doc.cfm?index=1386,1999-07-31,month_only,pre-2012 cbo.gov subject listing (Wayback capture); last day of month (D5),,,True,
cbo_7de9a2b575,CBO,cbo_beo,forecast_narrative,Extended Discussion of CBO's July 1999 Economic Outlook,http://www.cbo.gov/doc.cfm?index=1387,http://www.cbo.gov/doc.cfm?index=1387,1999-07-31,month_only,pre-2012 cbo.gov subject listing (Wayback capture); last day of month (D5),,,True,
cbo_77d219f895,CBO,cbo_testimony,other,Testimony on The Economic and Budget Outlook: Fiscal Years 2000-2009,http://www.cbo.gov/doc.cfm?index=1061,http://www.cbo.gov/doc.cfm?index=1061,1999-01-29,exact,pre-2012 cbo.gov subject listing (Wayback capture),,,False,
cbo_9d0664ede6,CBO,cbo_beo,forecast_narrative,The Economic and Budget Outlook: Fiscal Years 2000-2009,http://www.cbo.gov/doc.cfm?index=1059,http://www.cbo.gov/doc.cfm?index=1059,1999-01-31,month_only,pre-2012 cbo.gov subject listing (Wayback capture); last day of month (D5),,,True,
cbo_f9443af161,CBO,cbo_beo,forecast_narrative,The Economic and Budget Outlook: An Update (Table 1-2 corrected 9/8/98),http://www.cbo.gov/doc.cfm?index=828,http://www.cbo.gov/doc.cfm?index=828,1998-08-31,month_only,pre-2012 cbo.gov subject listing (Wayback capture); last day of month (D5),,,True,
cbo_256cf11199,CBO,cbo_testimony,other,Testimony on Budget Projections and Baselines,http://www.cbo.gov/doc.cfm?index=393,http://www.cbo.gov/doc.cfm?index=393,1998-04-01,exact,pre-2012 cbo.gov subject listing (Wayback capture),,,False,
cbo_2edf67e49e,CBO,cbo_testimony,other,Testimony on The Economic and Budget Outlook: Fiscal Years 1999-2008,http://www.cbo.gov/doc.cfm?index=323,http://www.cbo.gov/doc.cfm?index=323,1998-02-05,exact,pre-2012 cbo.gov subject listing (Wayback capture),,,False,
cbo_c8ac23bdf7,CBO,cbo_testimony,other,Testimony on The Economic and Budget Outlook: Fiscal Years 1999-2008,http://www.cbo.gov/doc.cfm?index=318,http://www.cbo.gov/doc.cfm?index=318,1998-01-28,exact,pre-2012 cbo.gov subject listing (Wayback capture),,,False,
cbo_cefa2455bb,CBO,cbo_beo,forecast_narrative,The Economic and Budget Outlook: Fiscal Years 1999-2008,http://www.cbo.gov/doc.cfm?index=316,http://www.cbo.gov/doc.cfm?index=316,1998-01-31,month_only,pre-2012 cbo.gov subject listing (Wayback capture); last day of month (D5),,,True,
cbo_ce77c71bd7,CBO,cbo_beo,forecast_narrative,The Economic and Budget Outlook: An Update,http://www.cbo.gov/doc.cfm?index=31,http://www.cbo.gov/doc.cfm?index=31,1997-09-30,month_only,pre-2012 cbo.gov subject listing (Wayback capture); last day of month (D5),,,True,
cbo_b4e6a9897e,CBO,cbo_testimony,other,Testimony on the Economic and Budget Outlook and the President's Budgetary Proposals,http://www.cbo.gov/doc.cfm?index=4021,http://www.cbo.gov/doc.cfm?index=4021,1997-02-13,exact,pre-2012 cbo.gov subject listing (Wayback capture),,,False,
cbo_51c8e2cf97,CBO,cbo_testimony,other,Testimony on The Economic and Budget Outlook: Fiscal Years 1998-2007,http://www.cbo.gov/doc.cfm?index=4020,http://www.cbo.gov/doc.cfm?index=4020,1997-01-28,exact,pre-2012 cbo.gov subject listing (Wayback capture),,,False,
cbo_f5f7f682a2,CBO,cbo_beo,forecast_narrative,"The Economic and Budget Outlook, Fiscal Years 1998-2007",http://www.cbo.gov/doc.cfm?index=2,http://www.cbo.gov/doc.cfm?index=2,1997-01-31,month_only,pre-2012 cbo.gov subject listing (Wayback capture); last day of month (D5),,,True,
cbo_ec8b963763,CBO,cbo_beo,forecast_narrative,The Economic and Budget Outlook: An Update,http://www.cbo.gov/doc.cfm?index=1,http://www.cbo.gov/doc.cfm?index=1,1996-08-31,month_only,pre-2012 cbo.gov subject listing (Wayback capture); last day of month (D5),,,True,
cbo_c6d0d21a7d,CBO,cbo_testimony,other,Testimony on the Outlook for Discretionary Spending,http://www.cbo.gov/doc.cfm?index=4678,http://www.cbo.gov/doc.cfm?index=4678,1996-07-23,exact,pre-2012 cbo.gov subject listing (Wayback capture),,,False,
cbo_87ab056090,CBO,cbo_beo,forecast_narrative,The Economic and Budget Outlook: Fiscal Years 1997-2006,http://www.cbo.gov/doc.cfm?index=4755,http://www.cbo.gov/doc.cfm?index=4755,1996-05-31,month_only,pre-2012 cbo.gov subject listing (Wayback capture); last day of month (D5),,,True,
cbo_944901dd34,CBO,cbo_testimony,other,Testimony on The Economic and Budget Outlook: Fiscal Years 1997-2006,http://www.cbo.gov/doc.cfm?index=4670,http://www.cbo.gov/doc.cfm?index=4670,1996-04-18,exact,pre-2012 cbo.gov subject listing (Wayback capture),,,False,
cbo_f110b3f477,CBO,cbo_testimony,other,Testimony on The Economic and Budget Outlook: Fiscal Years 1997-2006,http://www.cbo.gov/doc.cfm?index=4669,http://www.cbo.gov/doc.cfm?index=4669,1996-04-17,exact,pre-2012 cbo.gov subject listing (Wayback capture),,,False,
cbo_c32f0f682d,CBO,cbo_beo,forecast_narrative,"The Economic and Budget Outlook, December 1995 Update",http://www.cbo.gov/doc.cfm?index=8147,http://www.cbo.gov/doc.cfm?index=8147,1995-12-31,month_only,pre-2012 cbo.gov subject listing (Wayback capture); last day of month (D5),,,True,
cbo_c680372b47,CBO,cbo_beo,forecast_narrative,The Economic and Budget Outlook: An Update,http://www.cbo.gov/doc.cfm?index=4805,http://www.cbo.gov/doc.cfm?index=4805,1995-08-31,month_only,pre-2012 cbo.gov subject listing (Wayback capture); last day of month (D5),,,True,
cbo_345a2dc635,CBO,cbo_testimony,other,Testimony on The Economic and Budget Outlook: Fiscal Years 1996-2000,http://www.cbo.gov/doc.cfm?index=4770,http://www.cbo.gov/doc.cfm?index=4770,1995-01-31,exact,pre-2012 cbo.gov subject listing (Wayback capture),,,False,
cbo_e2e34ee4d8,CBO,cbo_testimony,other,Testimony on The Economic and Budget Outlook: Fiscals Years 1996-2000,http://www.cbo.gov/doc.cfm?index=4767,http://www.cbo.gov/doc.cfm?index=4767,1995-01-26,exact,pre-2012 cbo.gov subject listing (Wayback capture),,,False,
cbo_736d9e4394,CBO,cbo_testimony,other,Testimony on The Economic and Budget Outlook: Fiscal Years 1996-2000,http://www.cbo.gov/doc.cfm?index=4768,http://www.cbo.gov/doc.cfm?index=4768,1995-01-25,exact,pre-2012 cbo.gov subject listing (Wayback capture),,,False,
cbo_a15415fe04,CBO,cbo_beo,forecast_narrative,The Economic and Budget Outlook: Fiscal Years 1996-2000,http://www.cbo.gov/doc.cfm?index=5506,http://www.cbo.gov/doc.cfm?index=5506,1995-01-31,month_only,pre-2012 cbo.gov subject listing (Wayback capture); last day of month (D5),,,True,
cbo_82522ccba2,CBO,cbo_beo,forecast_narrative,The Economic and Budget Outlook: An Update,http://www.cbo.gov/doc.cfm?index=4847,http://www.cbo.gov/doc.cfm?index=4847,1994-08-31,month_only,pre-2012 cbo.gov subject listing (Wayback capture); last day of month (D5),,,True,
cbo_7956ddcfc2,CBO,cbo_testimony,other,Testimony on The Economic and Budget Outlook: Fiscal Years 1995-1999,http://www.cbo.gov/doc.cfm?index=4823,http://www.cbo.gov/doc.cfm?index=4823,1994-02-02,exact,pre-2012 cbo.gov subject listing (Wayback capture),,,False,
cbo_46034ff2c8,CBO,cbo_testimony,other,Testimony on The Economic and Budget Outlook: Fiscal Years 1995-1999,http://www.cbo.gov/doc.cfm?index=4821,http://www.cbo.gov/doc.cfm?index=4821,1994-01-27,exact,pre-2012 cbo.gov subject listing (Wayback capture),,,False,
cbo_c787764ad5,CBO,cbo_beo,forecast_narrative,The Economic and Budget Outlook: Fiscal Years 1995-1999,http://www.cbo.gov/doc.cfm?index=4912,http://www.cbo.gov/doc.cfm?index=4912,1994-01-31,month_only,pre-2012 cbo.gov subject listing (Wayback capture); last day of month (D5),,,True,
cbo_6600377cef,CBO,cbo_beo,forecast_narrative,The Economic and Budget Outlook: An Update,http://www.cbo.gov/doc.cfm?index=10392,http://www.cbo.gov/doc.cfm?index=10392,1993-09-14,exact,pre-2012 cbo.gov subject listing (Wayback capture),,,True,
cbo_1597c12603,CBO,cbo_beo,forecast_narrative,The Economic and Budget Outlook: An Update,http://www.cbo.gov/doc.cfm?index=7670,http://www.cbo.gov/doc.cfm?index=7670,1993-09-30,month_only,pre-2012 cbo.gov subject listing (Wayback capture); last day of month (D5),,,True,
cbo_66fdfc94d0,CBO,cbo_beo,forecast_narrative,Economic and Budget Outlook,http://www.cbo.gov/doc.cfm?index=10418,http://www.cbo.gov/doc.cfm?index=10418,1993-02-03,exact,pre-2012 cbo.gov subject listing (Wayback capture),,,True,
cbo_874d154a4d,CBO,cbo_beo,forecast_narrative,Economic and Budget Outlook,http://www.cbo.gov/doc.cfm?index=10358,http://www.cbo.gov/doc.cfm?index=10358,1993-01-26,exact,pre-2012 cbo.gov subject listing (Wayback capture),,,True,
cbo_af9f02f70c,CBO,cbo_beo,forecast_narrative,The Economic and Budget Outlook: Fiscal Years 1994-1998,http://www.cbo.gov/doc.cfm?index=7521,http://www.cbo.gov/doc.cfm?index=7521,1993-01-31,month_only,pre-2012 cbo.gov subject listing (Wayback capture); last day of month (D5),,,True,
cbo_0d5d4a286f,CBO,cbo_beo,forecast_narrative,The Economic and Budget Outlook: An Update,http://www.cbo.gov/doc.cfm?index=9505,http://www.cbo.gov/doc.cfm?index=9505,1992-08-31,month_only,pre-2012 cbo.gov subject listing (Wayback capture); last day of month (D5),,,True,
cbo_4b9149102e,CBO,cbo_testimony,other,Testimony on the Budget Outlook,http://www.cbo.gov/doc.cfm?index=4930,http://www.cbo.gov/doc.cfm?index=4930,1992-04-07,exact,pre-2012 cbo.gov subject listing (Wayback capture),,,False,
cbo_2716d4401b,CBO,cbo_testimony,other,Testimony on Defense Spending and the Economic and Budget Outlook,http://www.cbo.gov/doc.cfm?index=4927,http://www.cbo.gov/doc.cfm?index=4927,1992-02-19,exact,pre-2012 cbo.gov subject listing (Wayback capture),,,False,
cbo_0f57357488,CBO,cbo_testimony,other,Testimony on The Economic and Budget Outlook,http://www.cbo.gov/doc.cfm?index=4921,http://www.cbo.gov/doc.cfm?index=4921,1992-01-23,exact,pre-2012 cbo.gov subject listing (Wayback capture),,,False,
cbo_029756f40b,CBO,cbo_testimony,other,Testimony on The Economic and Budget Outlook,http://www.cbo.gov/doc.cfm?index=4920,http://www.cbo.gov/doc.cfm?index=4920,1992-01-22,exact,pre-2012 cbo.gov subject listing (Wayback capture),,,False,
cbo_168ff93033,CBO,cbo_beo,forecast_narrative,The Economic and Budget Outlook: Fiscal Years 1993-1997,http://www.cbo.gov/doc.cfm?index=9500,http://www.cbo.gov/doc.cfm?index=9500,1992-01-31,month_only,pre-2012 cbo.gov subject listing (Wayback capture); last day of month (D5),,,True,
cbo_d52e6b4873,CBO,cbo_testimony,other,Testimony on the Economic Outlook,http://www.cbo.gov/doc.cfm?index=7637,http://www.cbo.gov/doc.cfm?index=7637,1991-12-17,exact,pre-2012 cbo.gov subject listing (Wayback capture),,,False,
cbo_8120645feb,CBO,cbo_testimony,other,Testimony on the Economic Outlook,http://www.cbo.gov/doc.cfm?index=6457,http://www.cbo.gov/doc.cfm?index=6457,1991-12-10,exact,pre-2012 cbo.gov subject listing (Wayback capture),,,False,
cbo_0173886890,CBO,cbo_testimony,other,Testimony on the Limits on Discretionary Spending for Fiscal Year 1993,http://www.cbo.gov/doc.cfm?index=7638,http://www.cbo.gov/doc.cfm?index=7638,1991-11-06,exact,pre-2012 cbo.gov subject listing (Wayback capture),,,False,
cbo_471f006e9b,CBO,cbo_beo,forecast_narrative,The Economic and Budget Outlook: An Update,http://www.cbo.gov/doc.cfm?index=10083,http://www.cbo.gov/doc.cfm?index=10083,1991-08-31,month_only,pre-2012 cbo.gov subject listing (Wayback capture); last day of month (D5),,,True,
cbo_8269509300,CBO,cbo_testimony,other,Testimony on CBO's analyses of the Economic Effects of Iraq's Invasion of Kuwait and the Persian Gulf War,http://www.cbo.gov/doc.cfm?index=7919,http://www.cbo.gov/doc.cfm?index=7919,1991-02-27,exact,pre-2012 cbo.gov subject listing (Wayback capture),,,False,
cbo_15ecfa28c7,CBO,cbo_testimony,other,Testimony on The Economic and Budget Outlook: Fiscal Years 1992-1996,http://www.cbo.gov/doc.cfm?index=7918,http://www.cbo.gov/doc.cfm?index=7918,1991-01-30,exact,pre-2012 cbo.gov subject listing (Wayback capture),,,False,
cbo_368ee47a60,CBO,cbo_testimony,other,Testimony on the Economic Outlook,http://www.cbo.gov/doc.cfm?index=7917,http://www.cbo.gov/doc.cfm?index=7917,1991-01-23,exact,pre-2012 cbo.gov subject listing (Wayback capture),,,False,
cbo_70b1662538,CBO,cbo_beo,forecast_narrative,The Economic and Budget Outlook: Fiscal Years 1992-1996,http://www.cbo.gov/doc.cfm?index=7664,http://www.cbo.gov/doc.cfm?index=7664,1991-01-31,month_only,pre-2012 cbo.gov subject listing (Wayback capture); last day of month (D5),,,True,
cbo_64e41ac683,CBO,cbo_testimony,other,Testimony on CBO's Interim Assessment of the Economic and Budget Outlook,http://www.cbo.gov/doc.cfm?index=7949,http://www.cbo.gov/doc.cfm?index=7949,1990-12-06,exact,pre-2012 cbo.gov subject listing (Wayback capture),,,False,
cbo_5d01aabca2,CBO,cbo_testimony,other,Testimony on the Federal Debt Limit,http://www.cbo.gov/doc.cfm?index=6465,http://www.cbo.gov/doc.cfm?index=6465,1990-07-31,exact,pre-2012 cbo.gov subject listing (Wayback capture),,,False,
cbo_ae8c9bba2b,CBO,cbo_beo,forecast_narrative,The Economic and Budget Outlook: An Update,http://www.cbo.gov/doc.cfm?index=9662,http://www.cbo.gov/doc.cfm?index=9662,1990-07-31,month_only,pre-2012 cbo.gov subject listing (Wayback capture); last day of month (D5),,,True,
cbo_2fe97c50c8,CBO,cbo_testimony,other,Testimony on The Economic and Budget Outlook: Fiscal Years 1991-1995,http://www.cbo.gov/doc.cfm?index=7959,http://www.cbo.gov/doc.cfm?index=7959,1990-01-31,exact,pre-2012 cbo.gov subject listing (Wayback capture),,,False,
cbo_b90f59e249,CBO,cbo_testimony,other,Testimony on Economic and Budget Projections,http://www.cbo.gov/doc.cfm?index=7957,http://www.cbo.gov/doc.cfm?index=7957,1990-01-24,exact,pre-2012 cbo.gov subject listing (Wayback capture),,,False,
cbo_d5ff85ac47,CBO,cbo_beo,forecast_narrative,The Economic and Budget Outlook: Fiscal Years 1991-1995,http://www.cbo.gov/doc.cfm?index=7740,http://www.cbo.gov/doc.cfm?index=7740,1990-01-31,month_only,pre-2012 cbo.gov subject listing (Wayback capture); last day of month (D5),,,True,
cbo_ffa07c8eb5,CBO,cbo_testimony,other,Testimony on CBO's Updated Economic Projections and the Budget Outlook,http://www.cbo.gov/doc.cfm?index=8400,http://www.cbo.gov/doc.cfm?index=8400,1989-08-01,exact,pre-2012 cbo.gov subject listing (Wayback capture),,,False,
cbo_3459528ba2,CBO,cbo_beo,forecast_narrative,The Economic and Budget Outlook: An Update,http://www.cbo.gov/doc.cfm?index=6752,http://www.cbo.gov/doc.cfm?index=6752,1989-08-31,month_only,pre-2012 cbo.gov subject listing (Wayback capture); last day of month (D5),,,True,
cbo_989ecea160,CBO,cbo_testimony,other,Testimony on CBO's Updated Economic Projections and the Budget Outlook,http://www.cbo.gov/doc.cfm?index=8402,http://www.cbo.gov/doc.cfm?index=8402,1989-07-20,exact,pre-2012 cbo.gov subject listing (Wayback capture),,,False,
cbo_b9a11575ad,CBO,cbo_testimony,other,Testimony on the Economic Outlook and the President's Budget Recommendations,http://www.cbo.gov/doc.cfm?index=8414,http://www.cbo.gov/doc.cfm?index=8414,1989-03-09,exact,pre-2012 cbo.gov subject listing (Wayback capture),,,False,
cbo_7188a10133,CBO,cbo_testimony,other,Testimony on the President's Budget Recommendations,http://www.cbo.gov/doc.cfm?index=8415,http://www.cbo.gov/doc.cfm?index=8415,1989-03-09,exact,pre-2012 cbo.gov subject listing (Wayback capture),,,False,
cbo_dd5944d91c,CBO,cbo_testimony,other,Testimony on The Economic and Budget Outlook: Fiscal Years 1990-1994,http://www.cbo.gov/doc.cfm?index=8418,http://www.cbo.gov/doc.cfm?index=8418,1989-02-09,exact,pre-2012 cbo.gov subject listing (Wayback capture),,,False,
cbo_c1b9dcd8a5,CBO,cbo_testimony,other,Testimony on The Economic and Budget Outlook: Fiscal Years 1990-1994,http://www.cbo.gov/doc.cfm?index=8419,http://www.cbo.gov/doc.cfm?index=8419,1989-01-24,exact,pre-2012 cbo.gov subject listing (Wayback capture),,,False,
cbo_13f83ad9a2,CBO,cbo_testimony,other,Testimony on The Economic and Budget Outlook: Fiscal Years 1990-1994,http://www.cbo.gov/doc.cfm?index=8420,http://www.cbo.gov/doc.cfm?index=8420,1989-01-18,exact,pre-2012 cbo.gov subject listing (Wayback capture),,,False,
cbo_45d21f16a5,CBO,cbo_beo,forecast_narrative,The Economic and Budget Outlook: Fiscal Years 1990-1994,http://www.cbo.gov/doc.cfm?index=6757,http://www.cbo.gov/doc.cfm?index=6757,1989-01-31,month_only,pre-2012 cbo.gov subject listing (Wayback capture); last day of month (D5),,,True,
cbo_aa363cf58e,CBO,cbo_beo,forecast_narrative,The Economic and Budget Outlook: An Update,http://www.cbo.gov/doc.cfm?index=6255,http://www.cbo.gov/doc.cfm?index=6255,1988-08-31,month_only,pre-2012 cbo.gov subject listing (Wayback capture); last day of month (D5),,,True,
cbo_702a860a90,CBO,cbo_testimony,other,Testimony on CBO's Economic and Budget Projections,http://www.cbo.gov/doc.cfm?index=8437,http://www.cbo.gov/doc.cfm?index=8437,1988-03-16,exact,pre-2012 cbo.gov subject listing (Wayback capture),,,False,
cbo_f76d4e16ca,CBO,cbo_testimony,other,Testimony on CBO's Economic and Budget Projections,http://www.cbo.gov/doc.cfm?index=8442,http://www.cbo.gov/doc.cfm?index=8442,1988-02-17,exact,pre-2012 cbo.gov subject listing (Wayback capture),,,False,
cbo_b4b40b2471,CBO,cbo_testimony,other,Testimony on CBO's Economic and Budget Projections,http://www.cbo.gov/doc.cfm?index=8443,http://www.cbo.gov/doc.cfm?index=8443,1988-02-04,exact,pre-2012 cbo.gov subject listing (Wayback capture),,,False,
cbo_3ff1c907a3,CBO,cbo_beo,forecast_narrative,The Economic and Budget Outlook: Fiscal Years 1989-1993,http://www.cbo.gov/doc.cfm?index=8447,http://www.cbo.gov/doc.cfm?index=8447,1988-02-29,month_only,pre-2012 cbo.gov subject listing (Wayback capture); last day of month (D5),,,True,
cbo_a4f6b47bd4,CBO,cbo_beo,forecast_narrative,The Economic and Budget Outlook: An Update,http://www.cbo.gov/doc.cfm?index=6203,http://www.cbo.gov/doc.cfm?index=6203,1987-08-31,month_only,pre-2012 cbo.gov subject listing (Wayback capture); last day of month (D5),,,True,
cbo_58dd040377,CBO,cbo_testimony,other,Testimony on CBO's Preliminary Economic and Baseline Budget Projections,http://www.cbo.gov/doc.cfm?index=8377,http://www.cbo.gov/doc.cfm?index=8377,1987-07-14,exact,pre-2012 cbo.gov subject listing (Wayback capture),,,False,
cbo_d0bfb24451,CBO,cbo_testimony,other,"Testimony on H.R. 1307, a Bill to Require Analyses of the President's Annual Budget and the Annual Congressional Budget Resolutions",http://www.cbo.gov/doc.cfm?index=8375,http://www.cbo.gov/doc.cfm?index=8375,1987-04-09,exact,pre-2012 cbo.gov subject listing (Wayback capture),,,False,
cbo_40fb9ac046,CBO,cbo_testimony,other,"Testimony on CBO's Economic and Budget Projections, and Deficit Reduction Options",http://www.cbo.gov/doc.cfm?index=9408,http://www.cbo.gov/doc.cfm?index=9408,1987-02-04,exact,pre-2012 cbo.gov subject listing (Wayback capture),,,False,
cbo_3c229b8760,CBO,cbo_testimony,other,Testimony on The Economic and Budget Outlook: Fiscal Years 1988-1992,http://www.cbo.gov/doc.cfm?index=9410,http://www.cbo.gov/doc.cfm?index=9410,1987-01-28,exact,pre-2012 cbo.gov subject listing (Wayback capture),,,False,
cbo_da90c9311e,CBO,cbo_testimony,other,Testimony on the Economic and Budget Outlook: Fiscal Years 1988-1992,http://www.cbo.gov/doc.cfm?index=9411,http://www.cbo.gov/doc.cfm?index=9411,1987-01-27,exact,pre-2012 cbo.gov subject listing (Wayback capture),,,False,
cbo_b7ded92341,CBO,cbo_beo,forecast_narrative,The Economic and Budget Outlook: Fiscal Years 1988-1992,http://www.cbo.gov/doc.cfm?index=6196,http://www.cbo.gov/doc.cfm?index=6196,1987-01-31,month_only,pre-2012 cbo.gov subject listing (Wayback capture); last day of month (D5),,,True,
cbo_ab71083002,CBO,cbo_beo,forecast_narrative,The Economic and Budget Outlook: An Update,http://www.cbo.gov/doc.cfm?index=5972,http://www.cbo.gov/doc.cfm?index=5972,1986-08-31,month_only,pre-2012 cbo.gov subject listing (Wayback capture); last day of month (D5),,,True,
cbo_b5bf9684eb,CBO,cbo_testimony,other,Testimony on the Economic and Budget Outlook,http://www.cbo.gov/doc.cfm?index=8355,http://www.cbo.gov/doc.cfm?index=8355,1986-02-20,exact,pre-2012 cbo.gov subject listing (Wayback capture),,,False,
cbo_4120be1fc8,CBO,cbo_testimony,other,Testimony on the Economic and Budget Outlook: Fiscal Years 1987-1991,http://www.cbo.gov/doc.cfm?index=8354,http://www.cbo.gov/doc.cfm?index=8354,1986-02-18,exact,pre-2012 cbo.gov subject listing (Wayback capture),,,False,
cbo_616936e5ab,CBO,cbo_beo,forecast_narrative,The Economic and Budget Outlook: Fiscal Years 1987-1991,http://www.cbo.gov/doc.cfm?index=5960,http://www.cbo.gov/doc.cfm?index=5960,1986-02-28,month_only,pre-2012 cbo.gov subject listing (Wayback capture); last day of month (D5),,,True,
cbo_92d3e623fe,CBO,cbo_testimony,other,Testimony on the Economic and Budgetary Outlook,http://www.cbo.gov/doc.cfm?index=8469,http://www.cbo.gov/doc.cfm?index=8469,1985-10-10,exact,pre-2012 cbo.gov subject listing (Wayback capture),,,False,
cbo_0032f48fed,CBO,cbo_beo,forecast_narrative,The Economic and Budget Outlook: An Update,http://www.cbo.gov/doc.cfm?index=9453,http://www.cbo.gov/doc.cfm?index=9453,1985-08-31,month_only,pre-2012 cbo.gov subject listing (Wayback capture); last day of month (D5),,,True,
cbo_565b6a402f,CBO,cbo_testimony,other,Testimony on Federal and External Deficits and Debts,http://www.cbo.gov/doc.cfm?index=8476,http://www.cbo.gov/doc.cfm?index=8476,1985-07-18,exact,pre-2012 cbo.gov subject listing (Wayback capture),,,False,
cbo_e1c92aaca2,CBO,cbo_testimony,other,Testimony on the Outlook for the Economy and Fiscal Policy,http://www.cbo.gov/doc.cfm?index=9438,http://www.cbo.gov/doc.cfm?index=9438,1985-02-28,exact,pre-2012 cbo.gov subject listing (Wayback capture),,,False,
cbo_9638318c61,CBO,cbo_testimony,other,Testimony on the Economic and Budget Outlook: Fiscal Years 1986-1990,http://www.cbo.gov/doc.cfm?index=9436,http://www.cbo.gov/doc.cfm?index=9436,1985-02-06,exact,pre-2012 cbo.gov subject listing (Wayback capture),,,False,
cbo_5d0a0f7ac4,CBO,cbo_beo,forecast_narrative,The Economic and Budget Outlook: Fiscal Years 1986-1990,http://www.cbo.gov/doc.cfm?index=9464,http://www.cbo.gov/doc.cfm?index=9464,1985-02-28,month_only,pre-2012 cbo.gov subject listing (Wayback capture); last day of month (D5),,,True,
cbo_0eab1e6110,CBO,cbo_beo,forecast_narrative,The Economic and Budget Outlook: An Update,http://www.cbo.gov/doc.cfm?index=10984,http://www.cbo.gov/doc.cfm?index=10984,1984-09-25,exact,pre-2012 cbo.gov subject listing (Wayback capture),,,True,
cbo_b1178549b1,CBO,cbo_beo,forecast_narrative,Interest Rates and the Economic and Budget Outlook,http://www.cbo.gov/doc.cfm?index=10980,http://www.cbo.gov/doc.cfm?index=10980,1984-09-13,exact,pre-2012 cbo.gov subject listing (Wayback capture),,,True,
cbo_42f33813ee,CBO,cbo_beo,forecast_narrative,The Economic and Budget Outlook: An Update,http://www.cbo.gov/doc.cfm?index=10974,http://www.cbo.gov/doc.cfm?index=10974,1984-08-31,month_only,pre-2012 cbo.gov subject listing (Wayback capture); last day of month (D5),,,True,
cbo_33d2892dd8,CBO,cbo_beo,forecast_narrative,The Economic Outlook,http://www.cbo.gov/doc.cfm?index=10955,http://www.cbo.gov/doc.cfm?index=10955,1984-02-29,month_only,pre-2012 cbo.gov subject listing (Wayback capture); last day of month (D5),,,True,
cbo_f8a02f46af,CBO,cbo_beo,forecast_narrative,Economic and Budgetary Outlook,http://www.cbo.gov/doc.cfm?index=10765,http://www.cbo.gov/doc.cfm?index=10765,1983-12-12,exact,pre-2012 cbo.gov subject listing (Wayback capture),,,True,
cbo_1830677bc5,CBO,cbo_beo,forecast_narrative,Economic and Budget Outlook,http://www.cbo.gov/doc.cfm?index=10772,http://www.cbo.gov/doc.cfm?index=10772,1983-10-26,exact,pre-2012 cbo.gov subject listing (Wayback capture),,,True,
cbo_6991fbfff3,CBO,cbo_beo,forecast_narrative,The Economic and Budget Outlook: An Update,http://www.cbo.gov/doc.cfm?index=5042,http://www.cbo.gov/doc.cfm?index=5042,1983-08-31,month_only,pre-2012 cbo.gov subject listing (Wayback capture); last day of month (D5),,,True,
cbo_225f59061f,CBO,cbo_beo,forecast_narrative,The Economic and Budget Outlook,http://www.cbo.gov/doc.cfm?index=10794,http://www.cbo.gov/doc.cfm?index=10794,1983-04-15,exact,pre-2012 cbo.gov subject listing (Wayback capture),,,True,
cbo_b0fa02426b,CBO,cbo_beo,forecast_narrative,The Economic and Budget Outlook,http://www.cbo.gov/doc.cfm?index=10786,http://www.cbo.gov/doc.cfm?index=10786,1983-02-15,exact,pre-2012 cbo.gov subject listing (Wayback capture),,,True,
cbo_f88caabb54,CBO,cbo_beo,forecast_narrative,The Outlook for Economic Recovery,http://www.cbo.gov/doc.cfm?index=5054,http://www.cbo.gov/doc.cfm?index=5054,1983-02-28,month_only,pre-2012 cbo.gov subject listing (Wayback capture); last day of month (D5),,,True,
cbo_3fb36b41e6,CBO,cbo_beo,forecast_narrative,Updating the Budget and Economic Outlook,http://www.cbo.gov/doc.cfm?index=10947,http://www.cbo.gov/doc.cfm?index=10947,1982-09-16,exact,pre-2012 cbo.gov subject listing (Wayback capture),,,True,
cbo_2b8b858fbc,CBO,cbo_beo,forecast_narrative,The Economic and Budget Outlook: An Update,http://www.cbo.gov/doc.cfm?index=10949,http://www.cbo.gov/doc.cfm?index=10949,1982-09-30,month_only,pre-2012 cbo.gov subject listing (Wayback capture); last day of month (D5),,,True,
cbo_a00731f7d7,CBO,cbo_beo,forecast_narrative,The Overall Budget Outlook,http://www.cbo.gov/doc.cfm?index=10945,http://www.cbo.gov/doc.cfm?index=10945,1982-08-20,exact,pre-2012 cbo.gov subject listing (Wayback capture),,,True,
cbo_fafa13d545,CBO,cbo_beo,forecast_narrative,Recent Economic Developments and the Implications of this Projection for the Budget Outlook,http://www.cbo.gov/doc.cfm?index=10938,http://www.cbo.gov/doc.cfm?index=10938,1982-07-27,exact,pre-2012 cbo.gov subject listing (Wayback capture),,,True,
cbo_48c01d5aa7,CBO,cbo_beo,forecast_narrative,The Economic and Budget Outlook and Reducing the Deficit,http://www.cbo.gov/doc.cfm?index=10931,http://www.cbo.gov/doc.cfm?index=10931,1982-03-18,exact,pre-2012 cbo.gov subject listing (Wayback capture),,,True,
cbo_0b65e9463a,CBO,cbo_beo,forecast_narrative,The Economic and Budget Outlook,http://www.cbo.gov/doc.cfm?index=10923,http://www.cbo.gov/doc.cfm?index=10923,1982-03-02,exact,pre-2012 cbo.gov subject listing (Wayback capture),,,True,
cbo_b4dfbfa8a0,CBO,cbo_beo,forecast_narrative,The Economic Outlook,http://www.cbo.gov/doc.cfm?index=10922,http://www.cbo.gov/doc.cfm?index=10922,1982-02-24,exact,pre-2012 cbo.gov subject listing (Wayback capture),,,True,
cbo_5ae9f9cf95,CBO,cbo_beo,forecast_narrative,The Economic and Budget Outlook: An Update,http://www.cbo.gov/doc.cfm?index=5184,http://www.cbo.gov/doc.cfm?index=5184,1981-09-30,month_only,pre-2012 cbo.gov subject listing (Wayback capture); last day of month (D5),,,True,
cbo_71d3bb8668,CBO,cbo_beo,forecast_narrative,Economic Policy and the Outlook for the Economy,http://www.cbo.gov/doc.cfm?index=5173,http://www.cbo.gov/doc.cfm?index=5173,1981-03-31,month_only,pre-2012 cbo.gov subject listing (Wayback capture); last day of month (D5),,,True,
cbo_d5ea4f8733,CBO,cbo_testimony,other,Testimony on Reducing the Federal Budget,http://www.cbo.gov/doc.cfm?index=6526,http://www.cbo.gov/doc.cfm?index=6526,1981-02-03,exact,pre-2012 cbo.gov subject listing (Wayback capture),,,False,
cbo_e62bfae757,CBO,cbo_testimony,other,Testimony on the Budget and Economic Outlook,http://www.cbo.gov/doc.cfm?index=6514,http://www.cbo.gov/doc.cfm?index=6514,1981-01-27,exact,pre-2012 cbo.gov subject listing (Wayback capture),,,False,
cbo_006ae5329c,CBO,cbo_beo,forecast_narrative,The Economic Outlook at Midyear 1980,http://www.cbo.gov/doc.cfm?index=11201,http://www.cbo.gov/doc.cfm?index=11201,1980-07-31,month_only,pre-2012 cbo.gov subject listing (Wayback capture); last day of month (D5),,,True,
cbo_fa56993f06,CBO,cbo_testimony,other,Testimony on the Outlook for the Economy and the Dilemmas Faced by Both Fiscal and Monetary Policymakers,http://www.cbo.gov/doc.cfm?index=5243,http://www.cbo.gov/doc.cfm?index=5243,1979-11-03,exact,pre-2012 cbo.gov subject listing (Wayback capture),,,False,
cbo_0972c2cf23,CBO,cbo_testimony,other,Testimony on the Effect of the Economic Outlook on the Social Security Trust Funds,http://www.cbo.gov/doc.cfm?index=5352,http://www.cbo.gov/doc.cfm?index=5352,1979-09-28,exact,pre-2012 cbo.gov subject listing (Wayback capture),,,False,
cbo_746904a743,CBO,cbo_testimony,other,Testimony on the Treasury's Request for an Increase in the Statutory Debt Limit,http://www.cbo.gov/doc.cfm?index=5238,http://www.cbo.gov/doc.cfm?index=5238,1979-09-11,exact,pre-2012 cbo.gov subject listing (Wayback capture),,,False,
cbo_dbc9ecca12,CBO,cbo_testimony,other,Testimony on The Economic and Budget Outlook for 1979-1980: An Update,http://www.cbo.gov/doc.cfm?index=5230,http://www.cbo.gov/doc.cfm?index=5230,1979-07-12,exact,pre-2012 cbo.gov subject listing (Wayback capture),,,False,
cbo_d742c8bd3b,CBO,cbo_testimony,other,Testimony on The Economic and Budget Outlook for 1979-1980: An Update,http://www.cbo.gov/doc.cfm?index=5229,http://www.cbo.gov/doc.cfm?index=5229,1979-07-11,exact,pre-2012 cbo.gov subject listing (Wayback capture),,,False,
cbo_11935f1683,CBO,cbo_beo,forecast_narrative,The Economic Outlook for 1979-1980: An Update,http://www.cbo.gov/doc.cfm?index=11154,http://www.cbo.gov/doc.cfm?index=11154,1979-07-31,month_only,pre-2012 cbo.gov subject listing (Wayback capture); last day of month (D5),,,True,
cbo_c680c26a93,CBO,cbo_testimony,other,Testimony on Inflation,http://www.cbo.gov/doc.cfm?index=5249,http://www.cbo.gov/doc.cfm?index=5249,1979-04-25,exact,pre-2012 cbo.gov subject listing (Wayback capture),,,False,
cbo_f5412f14ca,CBO,cbo_testimony,other,Testimony on the Outlook for the Economy,http://www.cbo.gov/doc.cfm?index=5212,http://www.cbo.gov/doc.cfm?index=5212,1979-03-22,exact,pre-2012 cbo.gov subject listing (Wayback capture),,,False,
cbo_0814749019,CBO,cbo_testimony,other,Testimony on the Budget and Economic Outlook,http://www.cbo.gov/doc.cfm?index=5248,http://www.cbo.gov/doc.cfm?index=5248,1979-02-13,exact,pre-2012 cbo.gov subject listing (Wayback capture),,,False,
cbo_36d9341a62,CBO,cbo_testimony,other,Testimony on the Budget and Economic Outlook,http://www.cbo.gov/doc.cfm?index=5209,http://www.cbo.gov/doc.cfm?index=5209,1979-02-06,exact,pre-2012 cbo.gov subject listing (Wayback capture),,,False,
cbo_e6f86329f4,CBO,cbo_testimony,other,Testimony on the Budget and Economic Outlook,http://www.cbo.gov/doc.cfm?index=5208,http://www.cbo.gov/doc.cfm?index=5208,1979-01-25,exact,pre-2012 cbo.gov subject listing (Wayback capture),,,False,
cbo_5b12ae834a,CBO,cbo_testimony,other,Testimony on the Budget and Economic Outlook,http://www.cbo.gov/doc.cfm?index=5272,http://www.cbo.gov/doc.cfm?index=5272,1978-07-26,exact,pre-2012 cbo.gov subject listing (Wayback capture),,,False,
cbo_9828d9a840,CBO,cbo_testimony,other,Testimony on the Budget and Economic Outlook,http://www.cbo.gov/doc.cfm?index=5270,http://www.cbo.gov/doc.cfm?index=5270,1978-07-11,exact,pre-2012 cbo.gov subject listing (Wayback capture),,,False,
cbo_76a9a01e43,CBO,cbo_testimony,other,Testimony on the Effects of Weather on the Federal Budget and the National Economy,http://www.cbo.gov/doc.cfm?index=5264,http://www.cbo.gov/doc.cfm?index=5264,1978-03-14,exact,pre-2012 cbo.gov subject listing (Wayback capture),,,False,
cbo_a13de04979,CBO,cbo_testimony,other,Testimony on the Economic Outlook for Fiscal Year 1979,http://www.cbo.gov/doc.cfm?index=6488,http://www.cbo.gov/doc.cfm?index=6488,1978-02-06,exact,pre-2012 cbo.gov subject listing (Wayback capture),,,False,
cbo_77df0967d9,CBO,cbo_testimony,other,Testimony on the Economic Outlook for Fiscal Year 1979,http://www.cbo.gov/doc.cfm?index=6487,http://www.cbo.gov/doc.cfm?index=6487,1978-02-01,exact,pre-2012 cbo.gov subject listing (Wayback capture),,,False,
cbo_d6c5bf4b59,CBO,cbo_beo,forecast_narrative,The Economic Outlook,http://www.cbo.gov/doc.cfm?index=6721,http://www.cbo.gov/doc.cfm?index=6721,1978-02-28,month_only,pre-2012 cbo.gov subject listing (Wayback capture); last day of month (D5),,,True,
cbo_a49f0d5d57,CBO,cbo_testimony,other,Testimony on the Fiscal Year 1979 Budget,http://www.cbo.gov/doc.cfm?index=6284,http://www.cbo.gov/doc.cfm?index=6284,1978-01-18,exact,pre-2012 cbo.gov subject listing (Wayback capture),,,False,
cbo_b67cb3c54c,CBO,cbo_testimony,other,Testimony on Five-Year Budget Projections: Fiscal Years 1979-1983,http://www.cbo.gov/doc.cfm?index=5304,http://www.cbo.gov/doc.cfm?index=5304,1977-12-05,exact,pre-2012 cbo.gov subject listing (Wayback capture),,,False,
cbo_4268e59ca9,CBO,cbo_testimony,other,Testimony on Current Monetary Policies and the Coordination of Monetary and Fiscal Policies,http://www.cbo.gov/doc.cfm?index=5303,http://www.cbo.gov/doc.cfm?index=5303,1977-11-11,exact,pre-2012 cbo.gov subject listing (Wayback capture),,,False,
cbo_ad13009bff,CBO,cbo_testimony,other,Testimony on the Economic Outlook and the Possible Impact of New Initiatives in the Energy Area,http://www.cbo.gov/doc.cfm?index=5299,http://www.cbo.gov/doc.cfm?index=5299,1977-07-20,exact,pre-2012 cbo.gov subject listing (Wayback capture),,,False,
cbo_e6bacaef70,CBO,cbo_testimony,other,Testimony on the Economic and Budget Outlook and Other Issues,http://www.cbo.gov/doc.cfm?index=5362,http://www.cbo.gov/doc.cfm?index=5362,1977-07-20,exact,pre-2012 cbo.gov subject listing (Wayback capture),,,False,
cbo_33ed660c20,CBO,cbo_testimony,other,Testimony on the Economic Outlook,http://www.cbo.gov/doc.cfm?index=5287,http://www.cbo.gov/doc.cfm?index=5287,1977-04-26,exact,pre-2012 cbo.gov subject listing (Wayback capture),,,False,
cbo_9bc22ba242,CBO,cbo_testimony,other,Testimony on the Budget and Economic Outlook,http://www.cbo.gov/doc.cfm?index=5282,http://www.cbo.gov/doc.cfm?index=5282,1977-03-03,exact,pre-2012 cbo.gov subject listing (Wayback capture),,,False,
cbo_2199a13502,CBO,cbo_testimony,other,Testimony on the Budget and Economic Outlook,http://www.cbo.gov/doc.cfm?index=5281,http://www.cbo.gov/doc.cfm?index=5281,1977-03-02,exact,pre-2012 cbo.gov subject listing (Wayback capture),,,False,
cbo_8447ab7593,CBO,cbo_beo,forecast_narrative,Economic Outlook for the Second Concurrent Resolution for Fiscal Year 1977,http://www.cbo.gov/doc.cfm?index=11410,http://www.cbo.gov/doc.cfm?index=11410,1976-08-26,exact,pre-2012 cbo.gov subject listing (Wayback capture),,,True,
cbo_3feed80dba,CBO,cbo_beo,forecast_narrative,The Economic Outlook,http://www.cbo.gov/doc.cfm?index=11389,http://www.cbo.gov/doc.cfm?index=11389,1976-01-26,exact,pre-2012 cbo.gov subject listing (Wayback capture),,,True,
cbo_1127b96613,CBO,cbo_testimony,other,Testimony on Current Services Budget Estimates,http://www.cbo.gov/doc.cfm?index=6708,http://www.cbo.gov/doc.cfm?index=6708,1975-12-03,exact,pre-2012 cbo.gov subject listing (Wayback capture),,,False,
cbo_2e791d2d01,CBO,cbo_testimony,other,Testimony on the Economic Outlook,http://www.cbo.gov/doc.cfm?index=6706,http://www.cbo.gov/doc.cfm?index=6706,1975-09-23,exact,pre-2012 cbo.gov subject listing (Wayback capture),,,False,
cbo_10088d2216,CBO,cbo_testimony,other,Testimony on an Analysis of the President's Budgetary Proposals for 2003,http://www.cbo.gov/doc.cfm?index=3299,http://www.cbo.gov/doc.cfm?index=3299,2002-03-06,exact,pre-2012 cbo.gov subject listing (Wayback capture),,,False,
cbo_ecdbb80abc,CBO,cbo_apb,forecast_narrative,Analysis of the President's Mid-Session Review,http://www.cbo.gov/doc.cfm?index=10600,http://www.cbo.gov/doc.cfm?index=10600,1999-09-08,exact,pre-2012 cbo.gov subject listing (Wayback capture),,,True,
cbo_b157282fb1,CBO,cbo_testimony,other,Testimony on the Mid-Session Review of the Fiscal Year 2000 Budget,http://www.cbo.gov/doc.cfm?index=1447,http://www.cbo.gov/doc.cfm?index=1447,1999-07-21,exact,pre-2012 cbo.gov subject listing (Wayback capture),,,False,
cbo_fe875a0b44,CBO,cbo_apb,forecast_narrative,An Analysis of the President's Budgetary Proposals for Fiscal Year 2000,http://www.cbo.gov/doc.cfm?index=1209,http://www.cbo.gov/doc.cfm?index=1209,1999-04-30,month_only,pre-2012 cbo.gov subject listing (Wayback capture); last day of month (D5),,,True,
cbo_f6f34e5cdb,CBO,cbo_apb,forecast_narrative,An Addendum to the Presentation on An Analysis of the President's Budgetary Proposals for Fiscal Year 2000: A Preliminary Report,http://www.cbo.gov/doc.cfm?index=1121,http://www.cbo.gov/doc.cfm?index=1121,1999-03-31,month_only,pre-2012 cbo.gov subject listing (Wayback capture); last day of month (D5),,,True,
cbo_3396ecdb5d,CBO,cbo_apb,forecast_narrative,An Analysis of the President's Budgetary Proposals for Fiscal Year 2000: A Preliminary Report,http://www.cbo.gov/doc.cfm?index=1117,http://www.cbo.gov/doc.cfm?index=1117,1999-03-31,month_only,pre-2012 cbo.gov subject listing (Wayback capture); last day of month (D5),,,True,
cbo_a6c78a393f,CBO,cbo_apb,forecast_narrative,An Analysis of the President's Budgetary Proposals for Fiscal Year 1999,http://www.cbo.gov/doc.cfm?index=387,http://www.cbo.gov/doc.cfm?index=387,1998-03-31,month_only,pre-2012 cbo.gov subject listing (Wayback capture); last day of month (D5),,,True,
cbo_2210dedd65,CBO,cbo_apb,forecast_narrative,An Analysis of the President's Budgetary Proposals for Fiscal Year 1998,http://www.cbo.gov/doc.cfm?index=3,http://www.cbo.gov/doc.cfm?index=3,1997-03-31,month_only,pre-2012 cbo.gov subject listing (Wayback capture); last day of month (D5),,,True,
cbo_378742462e,CBO,cbo_testimony,other,Testimony on the Administration's Budgetary Proposals,http://www.cbo.gov/doc.cfm?index=4798,http://www.cbo.gov/doc.cfm?index=4798,1995-08-03,exact,pre-2012 cbo.gov subject listing (Wayback capture),,,False,
cbo_a7289fd5f7,CBO,cbo_testimony,other,Testimony on the Administration's Budgetary Proposals,http://www.cbo.gov/doc.cfm?index=4791,http://www.cbo.gov/doc.cfm?index=4791,1995-06-22,exact,pre-2012 cbo.gov subject listing (Wayback capture),,,False,
cbo_d4df227da1,CBO,cbo_apb,forecast_narrative,An Analysis of the President's Budgetary Proposals for Fiscal Year 1996,http://www.cbo.gov/doc.cfm?index=5505,http://www.cbo.gov/doc.cfm?index=5505,1995-04-30,month_only,pre-2012 cbo.gov subject listing (Wayback capture); last day of month (D5),,,True,
cbo_c42b8c4548,CBO,cbo_apb,forecast_narrative,An Analysis of the President's Budgetary Proposals for Fiscal Year 1995,http://www.cbo.gov/doc.cfm?index=4913,http://www.cbo.gov/doc.cfm?index=4913,1994-04-30,month_only,pre-2012 cbo.gov subject listing (Wayback capture); last day of month (D5),,,True,
cbo_c863b4e06f,CBO,cbo_apb,forecast_narrative,An Analysis of the President's February Budgetary Proposals,http://www.cbo.gov/doc.cfm?index=7531,http://www.cbo.gov/doc.cfm?index=7531,1993-03-31,month_only,pre-2012 cbo.gov subject listing (Wayback capture); last day of month (D5),,,True,
cbo_6de3e88eb6,CBO,cbo_apb,forecast_narrative,An Analysis of the President's Budgetary Proposals for Fiscal Year 1993,http://www.cbo.gov/doc.cfm?index=10578,http://www.cbo.gov/doc.cfm?index=10578,1992-03-31,month_only,pre-2012 cbo.gov subject listing (Wayback capture); last day of month (D5),,,True,
cbo_7ea6b347a7,CBO,cbo_testimony,other,Testimony on the Budget for Fiscal Year 1993,http://www.cbo.gov/doc.cfm?index=4926,http://www.cbo.gov/doc.cfm?index=4926,1992-02-18,exact,pre-2012 cbo.gov subject listing (Wayback capture),,,False,
cbo_f4479336ee,CBO,cbo_apb,forecast_narrative,Analysis of the President's Budgetary Proposals for Fiscal Year 1992,http://www.cbo.gov/doc.cfm?index=9667,http://www.cbo.gov/doc.cfm?index=9667,1991-03-31,month_only,pre-2012 cbo.gov subject listing (Wayback capture); last day of month (D5),,,True,
cbo_4359ce9bfc,CBO,cbo_apb,forecast_narrative,An Analysis of the Administration's Credit Budget for Fiscal Year 1991,http://www.cbo.gov/doc.cfm?index=7756,http://www.cbo.gov/doc.cfm?index=7756,1990-04-30,month_only,pre-2012 cbo.gov subject listing (Wayback capture); last day of month (D5),,,True,
cbo_a264d8c58b,CBO,cbo_testimony,other,Testimony on An Analysis of the President's Budgetary Proposals for Fiscal Year 1991,http://www.cbo.gov/doc.cfm?index=7965,http://www.cbo.gov/doc.cfm?index=7965,1990-03-08,exact,pre-2012 cbo.gov subject listing (Wayback capture),,,False,
cbo_18fad2679f,CBO,cbo_apb,forecast_narrative,An Analysis of the President's Budgetary Proposals for Fiscal Year 1991,http://www.cbo.gov/doc.cfm?index=7742,http://www.cbo.gov/doc.cfm?index=7742,1990-03-31,month_only,pre-2012 cbo.gov subject listing (Wayback capture); last day of month (D5),,,True,
cbo_48b3952879,CBO,cbo_apb,forecast_narrative,An Analysis of the Administration's Credit Budget for Fiscal Year 1990,http://www.cbo.gov/doc.cfm?index=6768,http://www.cbo.gov/doc.cfm?index=6768,1989-04-30,month_only,pre-2012 cbo.gov subject listing (Wayback capture); last day of month (D5),,,True,
cbo_4ec08361a3,CBO,cbo_apb,forecast_narrative,An Analysis of President Bush's Budgetary Proposals for Fiscal Year 1990,http://www.cbo.gov/doc.cfm?index=6769,http://www.cbo.gov/doc.cfm?index=6769,1989-04-30,month_only,pre-2012 cbo.gov subject listing (Wayback capture); last day of month (D5),,,True,
cbo_e1fab5db09,CBO,cbo_apb,forecast_narrative,An Anaylsis of President Reagan's Budgetary Proposals for Fiscal Year 1990,http://www.cbo.gov/doc.cfm?index=10577,http://www.cbo.gov/doc.cfm?index=10577,1989-02-28,month_only,pre-2012 cbo.gov subject listing (Wayback capture); last day of month (D5),,,True,
cbo_277ad74561,CBO,cbo_testimony,other,Testimony on An Analysis of the President's Budgetary Proposals for Fiscal Year 1989,http://www.cbo.gov/doc.cfm?index=8439,http://www.cbo.gov/doc.cfm?index=8439,1988-03-04,exact,pre-2012 cbo.gov subject listing (Wayback capture),,,False,
cbo_9c67f7362a,CBO,cbo_apb,forecast_narrative,An Analysis of the President's Budgetary Proposals for Fiscal Year 1989,http://www.cbo.gov/doc.cfm?index=8445,http://www.cbo.gov/doc.cfm?index=8445,1988-03-31,month_only,pre-2012 cbo.gov subject listing (Wayback capture); last day of month (D5),,,True,
cbo_e954e4fe1f,CBO,cbo_testimony,other,Testimony on the Analysis of the President's Budgetary Proposals for 1988,http://www.cbo.gov/doc.cfm?index=8371,http://www.cbo.gov/doc.cfm?index=8371,1987-02-19,exact,pre-2012 cbo.gov subject listing (Wayback capture),,,False,
cbo_97d1c708d4,CBO,cbo_apb,forecast_narrative,An Analysis of the President's Budgetary Proposals for Fiscal Year 1988,http://www.cbo.gov/doc.cfm?index=6198,http://www.cbo.gov/doc.cfm?index=6198,1987-02-28,month_only,pre-2012 cbo.gov subject listing (Wayback capture); last day of month (D5),,,True,
cbo_22e449657c,CBO,cbo_testimony,other,Testimony on the Analysis of the President's Budgetary Proposals for 1987,http://www.cbo.gov/doc.cfm?index=8356,http://www.cbo.gov/doc.cfm?index=8356,1986-02-26,exact,pre-2012 cbo.gov subject listing (Wayback capture),,,False,
cbo_f9ca33aa6d,CBO,cbo_apb,forecast_narrative,An Analysis of the President's Budgetary Proposals for Fiscal Year 1987,http://www.cbo.gov/doc.cfm?index=5961,http://www.cbo.gov/doc.cfm?index=5961,1986-02-28,month_only,pre-2012 cbo.gov subject listing (Wayback capture); last day of month (D5),,,True,
cbo_3cd73d4636,CBO,cbo_apb,forecast_narrative,An Analysis of the President's Credit Budget for Fiscal Year 1986,http://www.cbo.gov/doc.cfm?index=5984,http://www.cbo.gov/doc.cfm?index=5984,1985-03-31,month_only,pre-2012 cbo.gov subject listing (Wayback capture); last day of month (D5),,,True,
cbo_0d425157b2,CBO,cbo_testimony,other,Testimony on CBO's Analysis of the President's Budgetary Proposals for Fiscal Year 1986,http://www.cbo.gov/doc.cfm?index=9439,http://www.cbo.gov/doc.cfm?index=9439,1985-02-27,exact,pre-2012 cbo.gov subject listing (Wayback capture),,,False,
cbo_cb2c5ad524,CBO,cbo_apb,forecast_narrative,An Analysis of the President's Budgetary Proposals for Fiscal Year 1986,http://www.cbo.gov/doc.cfm?index=9463,http://www.cbo.gov/doc.cfm?index=9463,1985-02-28,month_only,pre-2012 cbo.gov subject listing (Wayback capture); last day of month (D5),,,True,
cbo_afcdd36fb6,CBO,cbo_apb,forecast_narrative,An Analysis of the President's Credit Budget for Fiscal Year 1985,http://www.cbo.gov/doc.cfm?index=10963,http://www.cbo.gov/doc.cfm?index=10963,1984-03-31,month_only,pre-2012 cbo.gov subject listing (Wayback capture); last day of month (D5),,,True,
cbo_f40b97f4fd,CBO,cbo_apb,forecast_narrative,"Analysis of the President's Budget, Fiscal Years 1985-1989",http://www.cbo.gov/doc.cfm?index=10981,http://www.cbo.gov/doc.cfm?index=10981,1984-02-22,exact,pre-2012 cbo.gov subject listing (Wayback capture),,,True,
cbo_1ec1ee2eb1,CBO,cbo_apb,forecast_narrative,An Analysis of the President's Budgetary Proposals for Fiscal Year 1985,http://www.cbo.gov/doc.cfm?index=10958,http://www.cbo.gov/doc.cfm?index=10958,1984-02-29,month_only,pre-2012 cbo.gov subject listing (Wayback capture); last day of month (D5),,,True,
cbo_fb54f2370a,CBO,cbo_apb,forecast_narrative,An Analysis of the President's Credit Budget for Fiscal Year 1984,http://www.cbo.gov/doc.cfm?index=5318,http://www.cbo.gov/doc.cfm?index=5318,1983-03-31,month_only,pre-2012 cbo.gov subject listing (Wayback capture); last day of month (D5),,,True,
cbo_f0e349873a,CBO,cbo_apb,forecast_narrative,An Analysis of the President's Budgetary Proposals for Fiscal Year 1984,http://www.cbo.gov/doc.cfm?index=5058,http://www.cbo.gov/doc.cfm?index=5058,1983-02-28,month_only,pre-2012 cbo.gov subject listing (Wayback capture); last day of month (D5),,,True,
cbo_3886e1ce4f,CBO,cbo_apb,forecast_narrative,An Overview of the President's 1983 Credit Budget,http://www.cbo.gov/doc.cfm?index=10928,http://www.cbo.gov/doc.cfm?index=10928,1982-03-12,exact,pre-2012 cbo.gov subject listing (Wayback capture),,,True,
cbo_3e7e6471b9,CBO,cbo_apb,forecast_narrative,Federal Credit Activities: An Overview of the President's Credit Budget for Fiscal Year 1983,http://www.cbo.gov/doc.cfm?index=5327,http://www.cbo.gov/doc.cfm?index=5327,1982-03-31,month_only,pre-2012 cbo.gov subject listing (Wayback capture); last day of month (D5),,,True,
cbo_6ec5088f35,CBO,cbo_apb,forecast_narrative,An Analysis of the President's Budgetary Proposals for Fiscal Year 1983,http://www.cbo.gov/doc.cfm?index=5138,http://www.cbo.gov/doc.cfm?index=5138,1982-02-28,month_only,pre-2012 cbo.gov subject listing (Wayback capture); last day of month (D5),,,True,
cbo_fa85079273,CBO,cbo_apb,forecast_narrative,Federal Credit Activities: An Analysis of President Reagan's Credit Budget for 1982,http://www.cbo.gov/doc.cfm?index=5177,http://www.cbo.gov/doc.cfm?index=5177,1981-04-30,month_only,pre-2012 cbo.gov subject listing (Wayback capture); last day of month (D5),,,True,
cbo_a440fd202b,CBO,cbo_apb,forecast_narrative,President Reagan's Budget Proposals,http://www.cbo.gov/doc.cfm?index=10221,http://www.cbo.gov/doc.cfm?index=10221,1981-03-31,exact,pre-2012 cbo.gov subject listing (Wayback capture),,,True,
cbo_9474c41a66,CBO,cbo_apb,forecast_narrative,An Analysis of President Reagan's Budget Revisions for Fiscal Year 1982,http://www.cbo.gov/doc.cfm?index=10193,http://www.cbo.gov/doc.cfm?index=10193,1981-03-25,exact,pre-2012 cbo.gov subject listing (Wayback capture),,,True,
cbo_463d65425e,CBO,cbo_apb,forecast_narrative,President Reagan's Administration Spending Proposals,http://www.cbo.gov/doc.cfm?index=10220,http://www.cbo.gov/doc.cfm?index=10220,1981-03-11,exact,pre-2012 cbo.gov subject listing (Wayback capture),,,True,
cbo_94ed82e0dc,CBO,cbo_apb,forecast_narrative,An Analysis of President Reagan's Budget Revisions for Fiscal Year 1982,http://www.cbo.gov/doc.cfm?index=10188,http://www.cbo.gov/doc.cfm?index=10188,1981-03-31,month_only,pre-2012 cbo.gov subject listing (Wayback capture); last day of month (D5),,,True,
cbo_e9c4d5b075,CBO,cbo_apb,forecast_narrative,An Analysis of President Carter's Budgetary Proposals for Fiscal Year 1982,http://www.cbo.gov/doc.cfm?index=5167,http://www.cbo.gov/doc.cfm?index=5167,1981-01-31,month_only,pre-2012 cbo.gov subject listing (Wayback capture); last day of month (D5),,,True,
cbo_f54dc2c0f0,CBO,cbo_apb,forecast_narrative,An Analysis of the President's Budgetary Proposals for Fiscal Year 1980,http://www.cbo.gov/doc.cfm?index=11233,http://www.cbo.gov/doc.cfm?index=11233,1979-01-31,month_only,pre-2012 cbo.gov subject listing (Wayback capture); last day of month (D5),,,True,
cbo_15c2d0b9ad,CBO,cbo_apb,forecast_narrative,Overview of the President's 1979 Budget,http://www.cbo.gov/doc.cfm?index=11097,http://www.cbo.gov/doc.cfm?index=11097,1978-02-03,exact,pre-2012 cbo.gov subject listing (Wayback capture),,,True,
cbo_fe6256980d,CBO,cbo_apb,forecast_narrative,An Analysis of the President's Budgetary Proposals for Fiscal Year 1979,http://www.cbo.gov/doc.cfm?index=6719,http://www.cbo.gov/doc.cfm?index=6719,1978-01-31,month_only,pre-2012 cbo.gov subject listing (Wayback capture); last day of month (D5),,,True,
cbo_0550655359,CBO,cbo_apb,forecast_narrative,Federal Budget Shortfall,http://www.cbo.gov/doc.cfm?index=11403,http://www.cbo.gov/doc.cfm?index=11403,1976-11-23,exact,pre-2012 cbo.gov subject listing (Wayback capture),,,True,
cbo_de476187a8,CBO,cbo_apb,forecast_narrative,Background Paper: Uranium Enrichment: Alternatives for Meeting the Nation's Needs and Their Implications for the Federal Budget,http://www.cbo.gov/doc.cfm?index=11393,http://www.cbo.gov/doc.cfm?index=11393,1976-05-31,month_only,pre-2012 cbo.gov subject listing (Wayback capture); last day of month (D5),,,True,
cbo_16ab3a5ada,CBO,cbo_mbr,in_period_commentary,Monthly Budget Review,http://www.cbo.gov/doc.cfm?index=1805,http://www.cbo.gov/doc.cfm?index=1805,1999-12-31,month_only,pre-2012 cbo.gov subject listing (Wayback capture); last day of month (D5),,,False,
cbo_5149259e4b,CBO,cbo_mbr,in_period_commentary,Monthly Budget Review,http://www.cbo.gov/doc.cfm?index=1731,http://www.cbo.gov/doc.cfm?index=1731,1999-11-30,month_only,pre-2012 cbo.gov subject listing (Wayback capture); last day of month (D5),,,False,
cbo_0163f19ab9,CBO,cbo_mbr,in_period_commentary,Monthly Budget Review,http://www.cbo.gov/doc.cfm?index=1601,http://www.cbo.gov/doc.cfm?index=1601,1999-10-31,month_only,pre-2012 cbo.gov subject listing (Wayback capture); last day of month (D5),,,False,
cbo_55ebf3baf7,CBO,cbo_mbr,in_period_commentary,Monthly Budget Review,http://www.cbo.gov/doc.cfm?index=1554,http://www.cbo.gov/doc.cfm?index=1554,1999-09-30,month_only,pre-2012 cbo.gov subject listing (Wayback capture); last day of month (D5),,,False,
cbo_5e2458c589,CBO,cbo_mbr,in_period_commentary,Monthly Budget Review,http://www.cbo.gov/doc.cfm?index=1522,http://www.cbo.gov/doc.cfm?index=1522,1999-08-31,month_only,pre-2012 cbo.gov subject listing (Wayback capture); last day of month (D5),,,False,
cbo_16f53d38b3,CBO,cbo_mbr,in_period_commentary,Monthly Budget Review,http://www.cbo.gov/doc.cfm?index=1405,http://www.cbo.gov/doc.cfm?index=1405,1999-07-31,month_only,pre-2012 cbo.gov subject listing (Wayback capture); last day of month (D5),,,False,
cbo_b335116d4a,CBO,cbo_mbr,in_period_commentary,Monthly Budget Review,http://www.cbo.gov/doc.cfm?index=1323,http://www.cbo.gov/doc.cfm?index=1323,1999-06-30,month_only,pre-2012 cbo.gov subject listing (Wayback capture); last day of month (D5),,,False,
cbo_cf8a6bff12,CBO,cbo_mbr,in_period_commentary,Monthly Budget Review,http://www.cbo.gov/doc.cfm?index=1248,http://www.cbo.gov/doc.cfm?index=1248,1999-05-31,month_only,pre-2012 cbo.gov subject listing (Wayback capture); last day of month (D5),,,False,
cbo_128132301f,CBO,cbo_mbr,in_period_commentary,Monthly Budget Review,http://www.cbo.gov/doc.cfm?index=1210,http://www.cbo.gov/doc.cfm?index=1210,1999-04-30,month_only,pre-2012 cbo.gov subject listing (Wayback capture); last day of month (D5),,,False,
cbo_15aae66a67,CBO,cbo_mbr,in_period_commentary,Monthly Budget Review,http://www.cbo.gov/doc.cfm?index=1131,http://www.cbo.gov/doc.cfm?index=1131,1999-03-31,month_only,pre-2012 cbo.gov subject listing (Wayback capture); last day of month (D5),,,False,
cbo_c6917e2ac4,CBO,cbo_mbr,in_period_commentary,Monthly Budget Review,http://www.cbo.gov/doc.cfm?index=1073,http://www.cbo.gov/doc.cfm?index=1073,1999-02-28,month_only,pre-2012 cbo.gov subject listing (Wayback capture); last day of month (D5),,,False,
cbo_9b1fdc0580,CBO,cbo_mbr,in_period_commentary,Monthly Budget Review,http://www.cbo.gov/doc.cfm?index=1053,http://www.cbo.gov/doc.cfm?index=1053,1999-01-31,month_only,pre-2012 cbo.gov subject listing (Wayback capture); last day of month (D5),,,False,
cbo_f5390a7aa1,CBO,cbo_mbr,in_period_commentary,Monthly Budget Review,http://www.cbo.gov/doc.cfm?index=1048,http://www.cbo.gov/doc.cfm?index=1048,1998-12-31,month_only,pre-2012 cbo.gov subject listing (Wayback capture); last day of month (D5),,,False,
cbo_4785b8fbe7,CBO,cbo_mbr,in_period_commentary,Monthly Budget Review,http://www.cbo.gov/doc.cfm?index=1042,http://www.cbo.gov/doc.cfm?index=1042,1998-11-30,month_only,pre-2012 cbo.gov subject listing (Wayback capture); last day of month (D5),,,False,
cbo_b20501506a,CBO,cbo_mbr,in_period_commentary,Monthly Budget Review,http://www.cbo.gov/doc.cfm?index=926,http://www.cbo.gov/doc.cfm?index=926,1998-10-31,month_only,pre-2012 cbo.gov subject listing (Wayback capture); last day of month (D5),,,False,
cbo_7a3986f992,CBO,cbo_mbr,in_period_commentary,Monthly Budget Review,http://www.cbo.gov/doc.cfm?index=851,http://www.cbo.gov/doc.cfm?index=851,1998-09-30,month_only,pre-2012 cbo.gov subject listing (Wayback capture); last day of month (D5),,,False,
cbo_90681428d1,CBO,cbo_mbr,in_period_commentary,Monthly Budget Review,http://www.cbo.gov/doc.cfm?index=762,http://www.cbo.gov/doc.cfm?index=762,1998-08-31,month_only,pre-2012 cbo.gov subject listing (Wayback capture); last day of month (D5),,,False,
cbo_42293e3fbc,CBO,cbo_mbr,in_period_commentary,Monthly Budget Review,http://www.cbo.gov/doc.cfm?index=648,http://www.cbo.gov/doc.cfm?index=648,1998-07-31,month_only,pre-2012 cbo.gov subject listing (Wayback capture); last day of month (D5),,,False,
cbo_a722b7c711,CBO,cbo_mbr,in_period_commentary,Monthly Budget Review,http://www.cbo.gov/doc.cfm?index=565,http://www.cbo.gov/doc.cfm?index=565,1998-06-30,month_only,pre-2012 cbo.gov subject listing (Wayback capture); last day of month (D5),,,False,
cbo_9824ee3453,CBO,cbo_mbr,in_period_commentary,Monthly Budget Review,http://www.cbo.gov/doc.cfm?index=469,http://www.cbo.gov/doc.cfm?index=469,1998-05-31,month_only,pre-2012 cbo.gov subject listing (Wayback capture); last day of month (D5),,,False,
cbo_39d9a6f538,CBO,cbo_mbr,in_period_commentary,Monthly Budget Review,http://www.cbo.gov/doc.cfm?index=409,http://www.cbo.gov/doc.cfm?index=409,1998-04-30,month_only,pre-2012 cbo.gov subject listing (Wayback capture); last day of month (D5),,,False,
cbo_59b15070a1,CBO,cbo_mbr,in_period_commentary,Monthly Budget Review,http://www.cbo.gov/doc.cfm?index=364,http://www.cbo.gov/doc.cfm?index=364,1998-03-31,month_only,pre-2012 cbo.gov subject listing (Wayback capture); last day of month (D5),,,False,
cbo_06791341cc,CBO,cbo_mbr,in_period_commentary,Monthly Budget Review,http://www.cbo.gov/doc.cfm?index=325,http://www.cbo.gov/doc.cfm?index=325,1998-02-28,month_only,pre-2012 cbo.gov subject listing (Wayback capture); last day of month (D5),,,False,
cbo_7ea2914a82,CBO,cbo_mbr,in_period_commentary,Monthly Budget Review,http://www.cbo.gov/doc.cfm?index=313,http://www.cbo.gov/doc.cfm?index=313,1998-01-31,month_only,pre-2012 cbo.gov subject listing (Wayback capture); last day of month (D5),,,False,
cbo_0b5a459beb,CBO,cbo_mbr,in_period_commentary,Monthly Budget Review,http://www.cbo.gov/doc.cfm?index=267,http://www.cbo.gov/doc.cfm?index=267,1997-12-31,month_only,pre-2012 cbo.gov subject listing (Wayback capture); last day of month (D5),,,False,
cbo_200349909e,CBO,cbo_mbr,in_period_commentary,Monthly Budget Review,http://www.cbo.gov/doc.cfm?index=200,http://www.cbo.gov/doc.cfm?index=200,1997-11-30,month_only,pre-2012 cbo.gov subject listing (Wayback capture); last day of month (D5),,,False,
cbo_08c722c90d,CBO,cbo_mbr,in_period_commentary,Monthly Budget Review,http://www.cbo.gov/doc.cfm?index=116,http://www.cbo.gov/doc.cfm?index=116,1997-10-31,month_only,pre-2012 cbo.gov subject listing (Wayback capture); last day of month (D5),,,False,
cbo_a9b034e17f,CBO,cbo_mbr,in_period_commentary,Monthly Budget Review,http://www.cbo.gov/doc.cfm?index=33,http://www.cbo.gov/doc.cfm?index=33,1997-09-30,month_only,pre-2012 cbo.gov subject listing (Wayback capture); last day of month (D5),,,False,
cbo_26fbaf7caf,CBO,cbo_mbr,in_period_commentary,Monthly Budget Review,http://www.cbo.gov/doc.cfm?index=24,http://www.cbo.gov/doc.cfm?index=24,1997-08-31,month_only,pre-2012 cbo.gov subject listing (Wayback capture); last day of month (D5),,,False,
cbo_a3b2e2fbd9,CBO,cbo_evaluation,post_hoc_evaluation,An Evaluation of CBO's Projections of Deficits and Debt From 1984 to 2023,https://www.cbo.gov/publication/60664,https://www.cbo.gov/publication/60664,,unknown,named in eval-projections README; date resolved in E7,,,False,
cbo_ad557d918e,CBO,cbo_evaluation,post_hoc_evaluation,An Evaluation of CBO's Projections of Outlays from 1984 to 2021,https://www.cbo.gov/publication/58613,https://www.cbo.gov/publication/58613,,unknown,named in eval-projections README; date resolved in E7,,,False,
cbo_32efc2e539,CBO,cbo_evaluation,post_hoc_evaluation,An Evaluation of CBO's Past Revenue Projections,https://www.cbo.gov/publication/56499,https://www.cbo.gov/publication/56499,,unknown,named in eval-projections README; date resolved in E7,,,False,
