sheet,row,raw,label,kind,memo_type,vintage_label,footnote
£PSNB,5,April 1970,April 1970,regular,,April 1970,
£PSNB,6,March 1971,March 1971,regular,,March 1971,
£PSNB,7,March 1972,March 1972,regular,,March 1972,
£PSNB,8,March 1973,March 1973,regular,,March 1973,
£PSNB,9,March 1974,March 1974,regular,,March 1974,
£PSNB,10,April 1975,April 1975,regular,,April 1975,
£PSNB,11,April 1976,April 1976,regular,,April 1976,
£PSNB,12,January 1977,January 1977,regular,,January 1977,
£PSNB,13,March 1977,March 1977,regular,,March 1977,
£PSNB,14,November 1977,November 1977,regular,,November 1977,
£PSNB,15,April 1978,April 1978,regular,,April 1978,
£PSNB,16,November 1978,November 1978,regular,,November 1978,
£PSNB,17,June 1979,June 1979,regular,,June 1979,
£PSNB,18,March 1980,March 1980,regular,,March 1980,
£PSNB,19,March 1981,March 1981,regular,,March 1981,
£PSNB,20,March 1982,March 1982,regular,,March 1982,
£PSNB,21,November 1982,November 1982,regular,,November 1982,
£PSNB,22,March 1983,March 1983,regular,,March 1983,
£PSNB,23,November 1983,November 1983,regular,,November 1983,
£PSNB,24,March 1984,March 1984,regular,,March 1984,
£PSNB,25,November 1984,November 1984,regular,,November 1984,
£PSNB,26,March 1985,March 1985,regular,,March 1985,
£PSNB,27,November 1985,November 1985,regular,,November 1985,
£PSNB,28,March 1986,March 1986,regular,,March 1986,
£PSNB,29,November 1986,November 1986,regular,,November 1986,
£PSNB,30,March 1987,March 1987,regular,,March 1987,
£PSNB,31,November 1987,November 1987,regular,,November 1987,
£PSNB,32,March 1988,March 1988,regular,,March 1988,
£PSNB,33,November 1988,November 1988,regular,,November 1988,
£PSNB,34,March 1989,March 1989,regular,,March 1989,
£PSNB,35,November 1989,November 1989,regular,,November 1989,
£PSNB,36,March 1990,March 1990,regular,,March 1990,
£PSNB,37,November 1990,November 1990,regular,,November 1990,
£PSNB,38,March 1991,March 1991,regular,,March 1991,
£PSNB,39,November 1991,November 1991,regular,,November 1991,
£PSNB,40,March 1992,March 1992,regular,,March 1992,
£PSNB,41,November 1992,November 1992,regular,,November 1992,
£PSNB,42,March 1993,March 1993,regular,,March 1993,
£PSNB,43,November 1993,November 1993,regular,,November 1993,
£PSNB,44,June 1994,June 1994,regular,,June 1994,
£PSNB,45,November 1994,November 1994,regular,,November 1994,
£PSNB,46,June 1995,June 1995,regular,,June 1995,
£PSNB,47,November 1995,November 1995,regular,,November 1995,
£PSNB,48,July 1996,July 1996,regular,,July 1996,
£PSNB,49,November 1996,November 1996,regular,,November 1996,
£PSNB,50,July 1996,July 1997,regular,,July 1997,[year corrected]
£PSNB,51,November 1997,November 1997,regular,,November 1997,
£PSNB,52,June 1998,June 1998,regular,,June 1998,
£PSNB,53,November 1998,November 1998,regular,,November 1998,
£PSNB,54,March 1999,March 1999,regular,,March 1999,
£PSNB,55,November 1999,November 1999,regular,,November 1999,
£PSNB,56,March 2000,March 2000,regular,,March 2000,
£PSNB,57,November 2000,November 2000,regular,,November 2000,
£PSNB,58,March 2001,March 2001,regular,,March 2001,
£PSNB,59,November 2001,November 2001,regular,,November 2001,
£PSNB,60,April 2002,April 2002,regular,,April 2002,
£PSNB,61,November 2002,November 2002,regular,,November 2002,
£PSNB,62,April 2003,April 2003,regular,,April 2003,
£PSNB,63,December 2003,December 2003,regular,,December 2003,
£PSNB,64,March 2004,March 2004,regular,,March 2004,
£PSNB,65,December 2004,December 2004,regular,,December 2004,
£PSNB,66,March 2005,March 2005,regular,,March 2005,
£PSNB,67,December 2005,December 2005,regular,,December 2005,
£PSNB,68,March 2006,March 2006,regular,,March 2006,
£PSNB,69,December 2006,December 2006,regular,,December 2006,
£PSNB,70,March 2007,March 2007,regular,,March 2007,
£PSNB,71,October 2007,October 2007,regular,,October 2007,
£PSNB,72,March 2008,March 2008,regular,,March 2008,
£PSNB,73,November 2008,November 2008,regular,,November 2008,
£PSNB,74,April 2009,April 2009,regular,,April 2009,
£PSNB,75,November 2009,November 2009,regular,,November 2009,
£PSNB,76,March 2010,March 2010,regular,,March 2010,
£PSNB,77,June 2010,June 2010,regular,,June 2010,
£PSNB,78,November 2010,November 2010,regular,,November 2010,
£PSNB,79,March 2011,March 2011,regular,,March 2011,
£PSNB,80,November 2011,November 2011,regular,,November 2011,
£PSNB,81,March 2012,March 2012,regular,,March 2012,
£PSNB,82,December 2012,December 2012,regular,,December 2012,
£PSNB,83,March 2013,March 2013,regular,,March 2013,
£PSNB,84,December 2013,December 2013,regular,,December 2013,
£PSNB,85,March 2014,March 2014,regular,,March 2014,
£PSNB,86,December 2014,December 2014,regular,,December 2014,
£PSNB,87,March 2015,March 2015,regular,,March 2015,
£PSNB,88,July 2015,July 2015,regular,,July 2015,
£PSNB,89,November 2015,November 2015,regular,,November 2015,
£PSNB,90,March 2016,March 2016,regular,,March 2016,
£PSNB,91,November 2016,November 2016,regular,,November 2016,
£PSNB,92,March 2017,March 2017,regular,,March 2017,
£PSNB,93,November 2017,November 2017,regular,,November 2017,
£PSNB,94,March 2018,March 2018,regular,,March 2018,
£PSNB,95,October 2018,October 2018,regular,,October 2018,
£PSNB,96,March 2019,March 2019,regular,,March 2019,
£PSNB,97,March 2020,March 2020,regular,,March 2020,
£PSNB,98,November 2020,November 2020,regular,,November 2020,
£PSNB,99,March 2021,March 2021,regular,,March 2021,
£PSNB,100,October 2021,October 2021,regular,,October 2021,
£PSNB,101,March 2022,March 2022,regular,,March 2022,
£PSNB,102,November 2022,November 2022,regular,,November 2022,
£PSNB,103,March 2023,March 2023,regular,,March 2023,
£PSNB,104,November 2023,November 2023,regular,,November 2023,
£PSNB,105,March 2024,March 2024,regular,,March 2024,
£PSNB,106,October 2024,October 2024,regular,,October 2024,
£PSNB,107,March 2025,March 2025,regular,,March 2025,
£PSNB,108,November 2025,November 2025,regular,,November 2025,
£PSNB,109,March 2026,March 2026,regular,,March 2026,
£PSNB,114,Memo: restated March 2019 forecast,March 2019,memo,restated,March 2019 (restated),
£PSNB,115,Memo: supplementary March 2020 forecast,March 2020,memo,supplementary,March 2020 (supplementary),
PSNB,5,March 1977,March 1977,regular,,March 1977,
PSNB,6,April 1978,April 1978,regular,,April 1978,
PSNB,7,June 1979,June 1979,regular,,June 1979,
PSNB,8,March 1980,March 1980,regular,,March 1980,
PSNB,9,March 1981,March 1981,regular,,March 1981,
PSNB,10,March 1982,March 1982,regular,,March 1982,
PSNB,11,March 1983,March 1983,regular,,March 1983,
PSNB,12,November 1983,November 1983,regular,,November 1983,
PSNB,13,March 1984,March 1984,regular,,March 1984,
PSNB,14,November 1984,November 1984,regular,,November 1984,
PSNB,15,March 1985,March 1985,regular,,March 1985,
PSNB,16,November 1985,November 1985,regular,,November 1985,
PSNB,17,March 1986,March 1986,regular,,March 1986,
PSNB,18,November 1986,November 1986,regular,,November 1986,
PSNB,19,March 1987,March 1987,regular,,March 1987,
PSNB,20,November 1987,November 1987,regular,,November 1987,
PSNB,21,March 1988,March 1988,regular,,March 1988,
PSNB,22,November 1988,November 1988,regular,,November 1988,
PSNB,23,March 1989,March 1989,regular,,March 1989,
PSNB,24,November 1989,November 1989,regular,,November 1989,
PSNB,25,March 1990,March 1990,regular,,March 1990,
PSNB,26,November 1990,November 1990,regular,,November 1990,
PSNB,27,March 1991,March 1991,regular,,March 1991,
PSNB,28,November 1991,November 1991,regular,,November 1991,
PSNB,29,March 1992,March 1992,regular,,March 1992,
PSNB,30,November 1992,November 1992,regular,,November 1992,
PSNB,31,March 1993,March 1993,regular,,March 1993,
PSNB,32,November 1993,November 1993,regular,,November 1993,
PSNB,33,June 1994,June 1994,regular,,June 1994,
PSNB,34,November 1994,November 1994,regular,,November 1994,
PSNB,35,June 1995,June 1995,regular,,June 1995,
PSNB,36,November 1995,November 1995,regular,,November 1995,
PSNB,37,July 1996,July 1996,regular,,July 1996,
PSNB,38,November 1996,November 1996,regular,,November 1996,
PSNB,39,July 1996,July 1997,regular,,July 1997,[year corrected]
PSNB,40,November 1997,November 1997,regular,,November 1997,
PSNB,41,June 1998,June 1998,regular,,June 1998,
PSNB,42,November 1998,November 1998,regular,,November 1998,
PSNB,43,March 1999,March 1999,regular,,March 1999,
PSNB,44,November 1999,November 1999,regular,,November 1999,
PSNB,45,March 2000,March 2000,regular,,March 2000,
PSNB,46,November 2000,November 2000,regular,,November 2000,
PSNB,47,March 2001,March 2001,regular,,March 2001,
PSNB,48,November 2001,November 2001,regular,,November 2001,
PSNB,49,April 2002,April 2002,regular,,April 2002,
PSNB,50,November 2002,November 2002,regular,,November 2002,
PSNB,51,April 2003,April 2003,regular,,April 2003,
PSNB,52,December 2003,December 2003,regular,,December 2003,
PSNB,53,March 2004,March 2004,regular,,March 2004,
PSNB,54,December 2004,December 2004,regular,,December 2004,
PSNB,55,March 2005,March 2005,regular,,March 2005,
PSNB,56,December 2005,December 2005,regular,,December 2005,
PSNB,57,March 2006,March 2006,regular,,March 2006,
PSNB,58,December 2006,December 2006,regular,,December 2006,
PSNB,59,March 2007,March 2007,regular,,March 2007,
PSNB,60,October 2007,October 2007,regular,,October 2007,
PSNB,61,March 2008,March 2008,regular,,March 2008,
PSNB,62,November 2008,November 2008,regular,,November 2008,
PSNB,63,April 2009,April 2009,regular,,April 2009,
PSNB,64,November 2009,November 2009,regular,,November 2009,
PSNB,65,March 2010,March 2010,regular,,March 2010,
PSNB,66,June 2010,June 2010,regular,,June 2010,
PSNB,67,November 2010,November 2010,regular,,November 2010,
PSNB,68,March 2011,March 2011,regular,,March 2011,
PSNB,69,November 2011,November 2011,regular,,November 2011,
PSNB,70,March 2012,March 2012,regular,,March 2012,
PSNB,71,December 2012,December 2012,regular,,December 2012,
PSNB,72,March 2013,March 2013,regular,,March 2013,
PSNB,73,December 2013,December 2013,regular,,December 2013,
PSNB,74,March 2014,March 2014,regular,,March 2014,
PSNB,75,December 2014,December 2014,regular,,December 2014,
PSNB,76,March 2015,March 2015,regular,,March 2015,
PSNB,77,July 2015,July 2015,regular,,July 2015,
PSNB,78,November 2015,November 2015,regular,,November 2015,
PSNB,79,March 2016,March 2016,regular,,March 2016,
PSNB,80,November 2016,November 2016,regular,,November 2016,
PSNB,81,March 2017,March 2017,regular,,March 2017,
PSNB,82,November 2017,November 2017,regular,,November 2017,
PSNB,83,March 2018,March 2018,regular,,March 2018,
PSNB,84,October 2018,October 2018,regular,,October 2018,
PSNB,85,March 2019,March 2019,regular,,March 2019,
PSNB,86,March 2020,March 2020,regular,,March 2020,
PSNB,87,November 2020,November 2020,regular,,November 2020,
PSNB,88,March 2021,March 2021,regular,,March 2021,
PSNB,89,October 2021,October 2021,regular,,October 2021,
PSNB,90,March 2022,March 2022,regular,,March 2022,
PSNB,91,November 2022,November 2022,regular,,November 2022,
PSNB,92,March 2023,March 2023,regular,,March 2023,
PSNB,93,November 2023,November 2023,regular,,November 2023,
PSNB,94,March 2024,March 2024,regular,,March 2024,
PSNB,95,October 2024,October 2024,regular,,October 2024,
PSNB,96,March 2025,March 2025,regular,,March 2025,
PSNB,97,November 2025,November 2025,regular,,November 2025,
PSNB,98,March 2026,March 2026,regular,,March 2026,
PSNB,103,Memo: restated March 2019 forecast,March 2019,memo,restated,March 2019 (restated),
PSNB,104,Memo: supplementary March 2020 forecast,March 2020,memo,supplementary,March 2020 (supplementary),
£PSCR,5,March 1990,March 1990,regular,,March 1990,
£PSCR,6,November 1990,November 1990,regular,,November 1990,
£PSCR,7,March 1991,March 1991,regular,,March 1991,
£PSCR,8,November 1991,November 1991,regular,,November 1991,
£PSCR,9,March 1992,March 1992,regular,,March 1992,
£PSCR,10,November 1992,November 1992,regular,,November 1992,
£PSCR,11,March 1993,March 1993,regular,,March 1993,
£PSCR,12,November 1993,November 1993,regular,,November 1993,
£PSCR,13,June 1994,June 1994,regular,,June 1994,
£PSCR,14,November 1994,November 1994,regular,,November 1994,
£PSCR,15,June 1995,June 1995,regular,,June 1995,
£PSCR,16,November 1995,November 1995,regular,,November 1995,
£PSCR,17,July 1996,July 1996,regular,,July 1996,
£PSCR,18,November 1996,November 1996,regular,,November 1996,
£PSCR,19,July 1996,July 1997,regular,,July 1997,[year corrected]
£PSCR,20,November 1997,November 1997,regular,,November 1997,
£PSCR,21,June 1998,June 1998,regular,,June 1998,
£PSCR,22,November 1998,November 1998,regular,,November 1998,
£PSCR,23,March 1999,March 1999,regular,,March 1999,
£PSCR,24,November 1999,November 1999,regular,,November 1999,
£PSCR,25,March 2000,March 2000,regular,,March 2000,
£PSCR,26,November 2000,November 2000,regular,,November 2000,
£PSCR,27,March 2001,March 2001,regular,,March 2001,
£PSCR,28,November 2001,November 2001,regular,,November 2001,
£PSCR,29,April 2002,April 2002,regular,,April 2002,
£PSCR,30,November 2002,November 2002,regular,,November 2002,
£PSCR,31,April 2003,April 2003,regular,,April 2003,
£PSCR,32,December 2003,December 2003,regular,,December 2003,
£PSCR,33,March 2004,March 2004,regular,,March 2004,
£PSCR,34,December 2004,December 2004,regular,,December 2004,
£PSCR,35,March 2005,March 2005,regular,,March 2005,
£PSCR,36,December 2005,December 2005,regular,,December 2005,
£PSCR,37,March 2006,March 2006,regular,,March 2006,
£PSCR,38,December 2006,December 2006,regular,,December 2006,
£PSCR,39,March 2007,March 2007,regular,,March 2007,
£PSCR,40,October 2007,October 2007,regular,,October 2007,
£PSCR,41,March 2008,March 2008,regular,,March 2008,
£PSCR,42,November 2008,November 2008,regular,,November 2008,
£PSCR,43,April 2009,April 2009,regular,,April 2009,
£PSCR,44,November 2009,November 2009,regular,,November 2009,
£PSCR,45,March 2010,March 2010,regular,,March 2010,
£PSCR,46,June 2010,June 2010,regular,,June 2010,
£PSCR,47,November 2010,November 2010,regular,,November 2010,
£PSCR,48,March 2011,March 2011,regular,,March 2011,
£PSCR,49,November 2011,November 2011,regular,,November 2011,
£PSCR,50,March 2012,March 2012,regular,,March 2012,
£PSCR,51,December 2012,December 2012,regular,,December 2012,
£PSCR,52,March 2013,March 2013,regular,,March 2013,
£PSCR,53,December 2013,December 2013,regular,,December 2013,
£PSCR,54,March 2014,March 2014,regular,,March 2014,
£PSCR,55,December 2014,December 2014,regular,,December 2014,
£PSCR,56,March 2015,March 2015,regular,,March 2015,
£PSCR,57,July 2015,July 2015,regular,,July 2015,
£PSCR,58,November 2015,November 2015,regular,,November 2015,
£PSCR,59,March 2016,March 2016,regular,,March 2016,
£PSCR,60,November 2016,November 2016,regular,,November 2016,
£PSCR,61,March 2017,March 2017,regular,,March 2017,
£PSCR,62,November 2017,November 2017,regular,,November 2017,
£PSCR,63,March 2018,March 2018,regular,,March 2018,
£PSCR,64,October 2018,October 2018,regular,,October 2018,
£PSCR,65,March 2019,March 2019,regular,,March 2019,
£PSCR,66,March 2020,March 2020,regular,,March 2020,
£PSCR,67,November 2020,November 2020,regular,,November 2020,
£PSCR,68,March 2021,March 2021,regular,,March 2021,
£PSCR,69,October 2021,October 2021,regular,,October 2021,
£PSCR,70,March 2022,March 2022,regular,,March 2022,
£PSCR,71,November 2022,November 2022,regular,,November 2022,
£PSCR,72,March 2023,March 2023,regular,,March 2023,
£PSCR,73,November 2023,November 2023,regular,,November 2023,
£PSCR,74,March 2024,March 2024,regular,,March 2024,
£PSCR,75,October 2024,October 2024,regular,,October 2024,
£PSCR,76,March 2025,March 2025,regular,,March 2025,
£PSCR,77,November 2025,November 2025,regular,,November 2025,
£PSCR,78,March 2026,March 2026,regular,,March 2026,
£PSCR,83,Memo: restated March 2019 forecast,March 2019,memo,restated,March 2019 (restated),
£PSCR,84,Memo: supplementary March 2020 forecast,March 2020,memo,supplementary,March 2020 (supplementary),
PSCR,5,March 1990,March 1990,regular,,March 1990,
PSCR,6,November 1990,November 1990,regular,,November 1990,
PSCR,7,March 1991,March 1991,regular,,March 1991,
PSCR,8,November 1991,November 1991,regular,,November 1991,
PSCR,9,March 1992,March 1992,regular,,March 1992,
PSCR,10,November 1992,November 1992,regular,,November 1992,
PSCR,11,March 1993,March 1993,regular,,March 1993,
PSCR,12,November 1993,November 1993,regular,,November 1993,
PSCR,13,June 1994,June 1994,regular,,June 1994,
PSCR,14,November 1994,November 1994,regular,,November 1994,
PSCR,15,June 1995,June 1995,regular,,June 1995,
PSCR,16,November 1995,November 1995,regular,,November 1995,
PSCR,17,July 1996,July 1996,regular,,July 1996,
PSCR,18,November 1996,November 1996,regular,,November 1996,
PSCR,19,July 1996,July 1997,regular,,July 1997,[year corrected]
PSCR,20,November 1997,November 1997,regular,,November 1997,
PSCR,21,June 1998,June 1998,regular,,June 1998,
PSCR,22,November 1998,November 1998,regular,,November 1998,
PSCR,23,March 1999,March 1999,regular,,March 1999,
PSCR,24,November 1999,November 1999,regular,,November 1999,
PSCR,25,March 2000,March 2000,regular,,March 2000,
PSCR,26,November 2000,November 2000,regular,,November 2000,
PSCR,27,March 2001,March 2001,regular,,March 2001,
PSCR,28,November 2001,November 2001,regular,,November 2001,
PSCR,29,April 2002,April 2002,regular,,April 2002,
PSCR,30,November 2002,November 2002,regular,,November 2002,
PSCR,31,April 2003,April 2003,regular,,April 2003,
PSCR,32,December 2003,December 2003,regular,,December 2003,
PSCR,33,March 2004,March 2004,regular,,March 2004,
PSCR,34,December 2004,December 2004,regular,,December 2004,
PSCR,35,March 2005,March 2005,regular,,March 2005,
PSCR,36,December 2005,December 2005,regular,,December 2005,
PSCR,37,March 2006,March 2006,regular,,March 2006,
PSCR,38,December 2006,December 2006,regular,,December 2006,
PSCR,39,March 2007,March 2007,regular,,March 2007,
PSCR,40,October 2007,October 2007,regular,,October 2007,
PSCR,41,March 2008,March 2008,regular,,March 2008,
PSCR,42,November 2008,November 2008,regular,,November 2008,
PSCR,43,April 2009,April 2009,regular,,April 2009,
PSCR,44,November 2009,November 2009,regular,,November 2009,
PSCR,45,March 2010,March 2010,regular,,March 2010,
PSCR,46,June 2010,June 2010,regular,,June 2010,
PSCR,47,November 2010,November 2010,regular,,November 2010,
PSCR,48,March 2011,March 2011,regular,,March 2011,
PSCR,49,November 2011,November 2011,regular,,November 2011,
PSCR,50,March 2012,March 2012,regular,,March 2012,
PSCR,51,December 2012,December 2012,regular,,December 2012,
PSCR,52,March 2013,March 2013,regular,,March 2013,
PSCR,53,December 2013,December 2013,regular,,December 2013,
PSCR,54,March 2014,March 2014,regular,,March 2014,
PSCR,55,December 2014,December 2014,regular,,December 2014,
PSCR,56,March 2015,March 2015,regular,,March 2015,
PSCR,57,July 2015,July 2015,regular,,July 2015,
PSCR,58,November 2015,November 2015,regular,,November 2015,
PSCR,59,March 2016,March 2016,regular,,March 2016,
PSCR,60,November 2016,November 2016,regular,,November 2016,
PSCR,61,March 2017,March 2017,regular,,March 2017,
PSCR,62,November 2017,November 2017,regular,,November 2017,
PSCR,63,March 2018,March 2018,regular,,March 2018,
PSCR,64,October 2018,October 2018,regular,,October 2018,
PSCR,65,March 2019,March 2019,regular,,March 2019,
PSCR,66,March 2020,March 2020,regular,,March 2020,
PSCR,67,November 2020,November 2020,regular,,November 2020,
PSCR,68,March 2021,March 2021,regular,,March 2021,
PSCR,69,October 2021,October 2021,regular,,October 2021,
PSCR,70,March 2022,March 2022,regular,,March 2022,
PSCR,71,November 2022,November 2022,regular,,November 2022,
PSCR,72,March 2023,March 2023,regular,,March 2023,
PSCR,73,November 2023,November 2023,regular,,November 2023,
PSCR,74,March 2024,March 2024,regular,,March 2024,
PSCR,75,October 2024,October 2024,regular,,October 2024,
PSCR,76,March 2025,March 2025,regular,,March 2025,
PSCR,77,November 2025,November 2025,regular,,November 2025,
PSCR,78,March 2026,March 2026,regular,,March 2026,
PSCR,83,Memo: restated March 2019 forecast,March 2019,memo,restated,March 2019 (restated),
PSCR,84,Memo: supplementary March 2020 forecast,March 2020,memo,supplementary,March 2020 (supplementary),
£TME,5,March 1990,March 1990,regular,,March 1990,
£TME,6,November 1990,November 1990,regular,,November 1990,
£TME,7,March 1991,March 1991,regular,,March 1991,
£TME,8,November 1991,November 1991,regular,,November 1991,
£TME,9,March 1992,March 1992,regular,,March 1992,
£TME,10,November 1992,November 1992,regular,,November 1992,
£TME,11,March 1993,March 1993,regular,,March 1993,
£TME,12,November 1993,November 1993,regular,,November 1993,
£TME,13,June 1994,June 1994,regular,,June 1994,
£TME,14,November 1994,November 1994,regular,,November 1994,
£TME,15,June 1995,June 1995,regular,,June 1995,
£TME,16,November 1995,November 1995,regular,,November 1995,
£TME,17,July 1996,July 1996,regular,,July 1996,
£TME,18,November 1996,November 1996,regular,,November 1996,
£TME,19,July 1996,July 1997,regular,,July 1997,[year corrected]
£TME,20,November 1997,November 1997,regular,,November 1997,
£TME,21,June 1998,June 1998,regular,,June 1998,
£TME,22,November 1998,November 1998,regular,,November 1998,
£TME,23,March 1999,March 1999,regular,,March 1999,
£TME,24,November 1999,November 1999,regular,,November 1999,
£TME,25,March 2000,March 2000,regular,,March 2000,
£TME,26,November 2000,November 2000,regular,,November 2000,
£TME,27,March 2001,March 2001,regular,,March 2001,
£TME,28,November 2001,November 2001,regular,,November 2001,
£TME,29,April 2002,April 2002,regular,,April 2002,
£TME,30,November 2002,November 2002,regular,,November 2002,
£TME,31,April 2003,April 2003,regular,,April 2003,
£TME,32,December 2003,December 2003,regular,,December 2003,
£TME,33,March 2004,March 2004,regular,,March 2004,
£TME,34,December 2004,December 2004,regular,,December 2004,
£TME,35,March 2005,March 2005,regular,,March 2005,
£TME,36,December 2005,December 2005,regular,,December 2005,
£TME,37,March 2006,March 2006,regular,,March 2006,
£TME,38,December 2006,December 2006,regular,,December 2006,
£TME,39,March 2007,March 2007,regular,,March 2007,
£TME,40,October 2007,October 2007,regular,,October 2007,
£TME,41,March 2008,March 2008,regular,,March 2008,
£TME,42,November 2008,November 2008,regular,,November 2008,
£TME,43,April 2009,April 2009,regular,,April 2009,
£TME,44,November 2009,November 2009,regular,,November 2009,
£TME,45,March 2010,March 2010,regular,,March 2010,
£TME,46,June 2010,June 2010,regular,,June 2010,
£TME,47,November 2010,November 2010,regular,,November 2010,
£TME,48,March 2011,March 2011,regular,,March 2011,
£TME,49,November 2011,November 2011,regular,,November 2011,
£TME,50,March 2012,March 2012,regular,,March 2012,
£TME,51,December 2012,December 2012,regular,,December 2012,
£TME,52,March 2013,March 2013,regular,,March 2013,
£TME,53,December 2013,December 2013,regular,,December 2013,
£TME,54,March 2014,March 2014,regular,,March 2014,
£TME,55,December 2014,December 2014,regular,,December 2014,
£TME,56,March 2015,March 2015,regular,,March 2015,
£TME,57,July 2015,July 2015,regular,,July 2015,
£TME,58,November 2015,November 2015,regular,,November 2015,
£TME,59,March 2016,March 2016,regular,,March 2016,
£TME,60,November 2016,November 2016,regular,,November 2016,
£TME,61,March 2017,March 2017,regular,,March 2017,
£TME,62,November 2017,November 2017,regular,,November 2017,
£TME,63,March 2018,March 2018,regular,,March 2018,
£TME,64,October 2018,October 2018,regular,,October 2018,
£TME,65,March 2019,March 2019,regular,,March 2019,
£TME,66,March 2020,March 2020,regular,,March 2020,
£TME,67,November 2020,November 2020,regular,,November 2020,
£TME,68,March 2021,March 2021,regular,,March 2021,
£TME,69,October 2021,October 2021,regular,,October 2021,
£TME,70,March 2022,March 2022,regular,,March 2022,
£TME,71,November 2022,November 2022,regular,,November 2022,
£TME,72,March 2023,March 2023,regular,,March 2023,
£TME,73,November 2023,November 2023,regular,,November 2023,
£TME,74,March 2024,March 2024,regular,,March 2024,
£TME,75,October 2024,October 2024,regular,,October 2024,
£TME,76,March 2025,March 2025,regular,,March 2025,
£TME,77,November 2025,November 2025,regular,,November 2025,
£TME,78,March 2026,March 2026,regular,,March 2026,
£TME,83,Memo: restated March 2019 forecast,March 2019,memo,restated,March 2019 (restated),
£TME,84,Memo: supplementary March 2020 forecast,March 2020,memo,supplementary,March 2020 (supplementary),
TME,5,March 1990,March 1990,regular,,March 1990,
TME,6,November 1990,November 1990,regular,,November 1990,
TME,7,March 1991,March 1991,regular,,March 1991,
TME,8,November 1991,November 1991,regular,,November 1991,
TME,9,March 1992,March 1992,regular,,March 1992,
TME,10,November 1992,November 1992,regular,,November 1992,
TME,11,March 1993,March 1993,regular,,March 1993,
TME,12,November 1993,November 1993,regular,,November 1993,
TME,13,June 1994,June 1994,regular,,June 1994,
TME,14,November 1994,November 1994,regular,,November 1994,
TME,15,June 1995,June 1995,regular,,June 1995,
TME,16,November 1995,November 1995,regular,,November 1995,
TME,17,July 1996,July 1996,regular,,July 1996,
TME,18,November 1996,November 1996,regular,,November 1996,
TME,19,July 1996,July 1997,regular,,July 1997,[year corrected]
TME,20,November 1997,November 1997,regular,,November 1997,
TME,21,June 1998,June 1998,regular,,June 1998,
TME,22,November 1998,November 1998,regular,,November 1998,
TME,23,March 1999,March 1999,regular,,March 1999,
TME,24,November 1999,November 1999,regular,,November 1999,
TME,25,March 2000,March 2000,regular,,March 2000,
TME,26,November 2000,November 2000,regular,,November 2000,
TME,27,March 2001,March 2001,regular,,March 2001,
TME,28,November 2001,November 2001,regular,,November 2001,
TME,29,April 2002,April 2002,regular,,April 2002,
TME,30,November 2002,November 2002,regular,,November 2002,
TME,31,April 2003,April 2003,regular,,April 2003,
TME,32,December 2003,December 2003,regular,,December 2003,
TME,33,March 2004,March 2004,regular,,March 2004,
TME,34,December 2004,December 2004,regular,,December 2004,
TME,35,March 2005,March 2005,regular,,March 2005,
TME,36,December 2005,December 2005,regular,,December 2005,
TME,37,March 2006,March 2006,regular,,March 2006,
TME,38,December 2006,December 2006,regular,,December 2006,
TME,39,March 2007,March 2007,regular,,March 2007,
TME,40,October 2007,October 2007,regular,,October 2007,
TME,41,March 2008,March 2008,regular,,March 2008,
TME,42,November 2008,November 2008,regular,,November 2008,
TME,43,April 2009,April 2009,regular,,April 2009,
TME,44,November 2009,November 2009,regular,,November 2009,
TME,45,March 2010,March 2010,regular,,March 2010,
TME,46,June 2010,June 2010,regular,,June 2010,
TME,47,November 2010,November 2010,regular,,November 2010,
TME,48,March 2011,March 2011,regular,,March 2011,
TME,49,November 2011,November 2011,regular,,November 2011,
TME,50,March 2012,March 2012,regular,,March 2012,
TME,51,December 2012,December 2012,regular,,December 2012,
TME,52,March 2013,March 2013,regular,,March 2013,
TME,53,December 2013,December 2013,regular,,December 2013,
TME,54,March 2014,March 2014,regular,,March 2014,
TME,55,December 2014,December 2014,regular,,December 2014,
TME,56,March 2015,March 2015,regular,,March 2015,
TME,57,July 2015,July 2015,regular,,July 2015,
TME,58,November 2015,November 2015,regular,,November 2015,
TME,59,March 2016,March 2016,regular,,March 2016,
TME,60,November 2016,November 2016,regular,,November 2016,
TME,61,March 2017,March 2017,regular,,March 2017,
TME,62,November 2017,November 2017,regular,,November 2017,
TME,63,March 2018,March 2018,regular,,March 2018,
TME,64,October 2018,October 2018,regular,,October 2018,
TME,65,March 2019,March 2019,regular,,March 2019,
TME,66,March 2020,March 2020,regular,,March 2020,
TME,67,November 2020,November 2020,regular,,November 2020,
TME,68,March 2021,March 2021,regular,,March 2021,
TME,69,October 2021,October 2021,regular,,October 2021,
TME,70,March 2022,March 2022,regular,,March 2022,
TME,71,November 2022,November 2022,regular,,November 2022,
TME,72,March 2023,March 2023,regular,,March 2023,
TME,73,November 2023,November 2023,regular,,November 2023,
TME,74,March 2024,March 2024,regular,,March 2024,
TME,75,October 2024,October 2024,regular,,October 2024,
TME,76,March 2025,March 2025,regular,,March 2025,
TME,77,November 2025,November 2025,regular,,November 2025,
TME,78,March 2026,March 2026,regular,,March 2026,
TME,83,Memo: restated March 2019 forecast,March 2019,memo,restated,March 2019 (restated),
TME,84,Memo: supplementary March 2020 forecast,March 2020,memo,supplementary,March 2020 (supplementary),
CACB,5,June 1998,June 1998,regular,,June 1998,
CACB,6,November 1998,November 1998,regular,,November 1998,
CACB,7,March 1999,March 1999,regular,,March 1999,
CACB,8,November 1999,November 1999,regular,,November 1999,
CACB,9,March 2000,March 2000,regular,,March 2000,
CACB,10,November 2000,November 2000,regular,,November 2000,
CACB,11,March 2001,March 2001,regular,,March 2001,
CACB,12,November 2001,November 2001,regular,,November 2001,
CACB,13,April 2002,April 2002,regular,,April 2002,
CACB,14,November 2002,November 2002,regular,,November 2002,
CACB,15,April 2003,April 2003,regular,,April 2003,
CACB,16,December 2003,December 2003,regular,,December 2003,
CACB,17,March 2004,March 2004,regular,,March 2004,
CACB,18,December 2004,December 2004,regular,,December 2004,
CACB,19,March 2005,March 2005,regular,,March 2005,
CACB,20,December 2005,December 2005,regular,,December 2005,
CACB,21,March 2006,March 2006,regular,,March 2006,
CACB,22,December 2006,December 2006,regular,,December 2006,
CACB,23,March 2007,March 2007,regular,,March 2007,
CACB,24,October 2007,October 2007,regular,,October 2007,
CACB,25,March 2008,March 2008,regular,,March 2008,
CACB,26,November 2008,November 2008,regular,,November 2008,
CACB,27,April 2009,April 2009,regular,,April 2009,
CACB,28,November 2009,November 2009,regular,,November 2009,
CACB,29,March 2010,March 2010,regular,,March 2010,
CACB,30,June 2010,June 2010,regular,,June 2010,
CACB,31,November 2010,November 2010,regular,,November 2010,
CACB,32,March 2011,March 2011,regular,,March 2011,
CACB,33,November 2011,November 2011,regular,,November 2011,
CACB,34,March 2012,March 2012,regular,,March 2012,
CACB,35,December 2012,December 2012,regular,,December 2012,
CACB,36,March 2013,March 2013,regular,,March 2013,
CACB,37,December 2013,December 2013,regular,,December 2013,
CACB,38,March 2014,March 2014,regular,,March 2014,
CACB,39,December 2014,December 2014,regular,,December 2014,
CACB,40,March 2015,March 2015,regular,,March 2015,
CACB,41,July 2015,July 2015,regular,,July 2015,
CACB,42,November 2015,November 2015,regular,,November 2015,
CACB,43,March 2016,March 2016,regular,,March 2016,
CACB,44,November 2016,November 2016,regular,,November 2016,
CACB,45,March 2017,March 2017,regular,,March 2017,
CACB,46,November 2017,November 2017,regular,,November 2017,
CACB,47,March 2018,March 2018,regular,,March 2018,
CACB,48,October 2018,October 2018,regular,,October 2018,
CACB,49,March 2019,March 2019,regular,,March 2019,
CACB,50,March 2020,March 2020,regular,,March 2020,
CACB,51,November 2020,November 2020,regular,,November 2020,
CACB,52,March 2021,March 2021,regular,,March 2021,
CACB,53,October 2021,October 2021,regular,,October 2021,
CACB,54,March 2022,March 2022,regular,,March 2022,
CACB,55,November 2022,November 2022,regular,,November 2022,
CACB,56,March 2023,March 2023,regular,,March 2023,
CACB,57,November 2023,November 2023,regular,,November 2023,
CACB,58,March 2024,March 2024,regular,,March 2024,
CACB,59,October 2024,October 2024,regular,,October 2024,
CACB,60,March 2025,March 2025,regular,,March 2025,
CACB,61,November 2025,November 2025,regular,,November 2025,
CACB,62,March 2026,March 2026,regular,,March 2026,
CACB,67,Memo: restated March 2019 forecast,March 2019,memo,restated,March 2019 (restated),
CACB,68,Memo: supplementary March 2020 forecast,March 2020,memo,supplementary,March 2020 (supplementary),
CAPSNB,5,April 2003,April 2003,regular,,April 2003,
CAPSNB,6,December 2003,December 2003,regular,,December 2003,
CAPSNB,7,March 2004,March 2004,regular,,March 2004,
CAPSNB,8,December 2004,December 2004,regular,,December 2004,
CAPSNB,9,March 2005,March 2005,regular,,March 2005,
CAPSNB,10,December 2005,December 2005,regular,,December 2005,
CAPSNB,11,March 2006,March 2006,regular,,March 2006,
CAPSNB,12,December 2006,December 2006,regular,,December 2006,
CAPSNB,13,March 2007,March 2007,regular,,March 2007,
CAPSNB,14,October 2007,October 2007,regular,,October 2007,
CAPSNB,15,March 2008,March 2008,regular,,March 2008,
CAPSNB,16,November 2008,November 2008,regular,,November 2008,
CAPSNB,17,April 2009,April 2009,regular,,April 2009,
CAPSNB,18,November 2009,November 2009,regular,,November 2009,
CAPSNB,19,March 2010,March 2010,regular,,March 2010,
CAPSNB,20,June 2010,June 2010,regular,,June 2010,
CAPSNB,21,November 2010,November 2010,regular,,November 2010,
CAPSNB,22,March 2011,March 2011,regular,,March 2011,
CAPSNB,23,November 2011,November 2011,regular,,November 2011,
CAPSNB,24,March 2012,March 2012,regular,,March 2012,
CAPSNB,25,December 2012,December 2012,regular,,December 2012,
CAPSNB,26,March 2013,March 2013,regular,,March 2013,
CAPSNB,27,December 2013,December 2013,regular,,December 2013,
CAPSNB,28,March 2014,March 2014,regular,,March 2014,
CAPSNB,29,December 2014,December 2014,regular,,December 2014,
CAPSNB,30,March 2015,March 2015,regular,,March 2015,
CAPSNB,31,July 2015,July 2015,regular,,July 2015,
CAPSNB,32,November 2015,November 2015,regular,,November 2015,
CAPSNB,33,March 2016,March 2016,regular,,March 2016,
CAPSNB,34,November 2016,November 2016,regular,,November 2016,
CAPSNB,35,March 2017,March 2017,regular,,March 2017,
CAPSNB,36,November 2017,November 2017,regular,,November 2017,
CAPSNB,37,March 2018,March 2018,regular,,March 2018,
CAPSNB,38,October 2018,October 2018,regular,,October 2018,
CAPSNB,39,March 2019,March 2019,regular,,March 2019,
CAPSNB,40,March 2020,March 2020,regular,,March 2020,
CAPSNB,41,November 2020,November 2020,regular,,November 2020,
CAPSNB,42,March 2021,March 2021,regular,,March 2021,
CAPSNB,43,October 2021,October 2021,regular,,October 2021,
CAPSNB,44,March 2022,March 2022,regular,,March 2022,
CAPSNB,45,November 2022,November 2022,regular,,November 2022,
CAPSNB,46,March 0203,March 0203,regular,,March 0203,
CAPSNB,47,November 2023,November 2023,regular,,November 2023,
CAPSNB,48,March 2024,March 2024,regular,,March 2024,
CAPSNB,49,October 2024,October 2024,regular,,October 2024,
CAPSNB,50,March 2025,March 2025,regular,,March 2025,
CAPSNB,51,November 2025,November 2025,regular,,November 2025,
CAPSNB,52,March 2026,March 2026,regular,,March 2026,
CAPSNB,57,Memo: restated March 2019 forecast,March 2019,memo,restated,March 2019 (restated),
CAPSNB,58,Memo: supplementary March 2020 forecast,March 2020,memo,supplementary,March 2020 (supplementary),
PSNFL,5,June 2010,June 2010,regular,,June 2010,
PSNFL,6,November 2010,November 2010,regular,,November 2010,
PSNFL,7,March 2011,March 2011,regular,,March 2011,
PSNFL,8,November 2011,November 2011,regular,,November 2011,
PSNFL,9,March 2012,March 2012,regular,,March 2012,
PSNFL,10,December 2012,December 2012,regular,,December 2012,
PSNFL,11,March 2013,March 2013,regular,,March 2013,
PSNFL,12,December 2013,December 2013,regular,,December 2013,
PSNFL,13,March 2014,March 2014,regular,,March 2014,
PSNFL,14,December 2014,December 2014,regular,,December 2014,
PSNFL,15,March 2015,March 2015,regular,,March 2015,
PSNFL,16,July 2015,July 2015,regular,,July 2015,
PSNFL,17,November 2015,November 2015,regular,,November 2015,
PSNFL,18,March 2016,March 2016,regular,,March 2016,
PSNFL,19,November 2016,November 2016,regular,,November 2016,
PSNFL,20,March 2017,March 2017,regular,,March 2017,
PSNFL,21,November 2017,November 2017,regular,,November 2017,
PSNFL,22,March 2018,March 2018,regular,,March 2018,
PSNFL,23,October 2018,October 2018,regular,,October 2018,
PSNFL,24,March 2019,March 2019,regular,,March 2019,
PSNFL,25,March 2020,March 2020,regular,,March 2020,
PSNFL,26,November 2020,November 2020,regular,,November 2020,
PSNFL,27,March 2021,March 2021,regular,,March 2021,
PSNFL,28,October 2021,October 2021,regular,,October 2021,
PSNFL,29,March 2022,March 2022,regular,,March 2022,
PSNFL,30,November 2022,November 2022,regular,,November 2022,
PSNFL,31,March 2023,March 2023,regular,,March 2023,
PSNFL,32,November 2023,November 2023,regular,,November 2023,
PSNFL,33,March 2024,March 2024,regular,,March 2024,
PSNFL,34,October 2024,October 2024,regular,,October 2024,
PSNFL,35,March 2025,March 2025,regular,,March 2025,
PSNFL,36,November 2025,November 2025,regular,,November 2025,
PSNFL,37,March 2026,March 2026,regular,,March 2026,
PSNFL,42,Memo: restated March 2024 forecast,March 2024,memo,restated,March 2024 (restated),
PSND,5,April 2003,April 2003,regular,,April 2003,
PSND,6,December 2003,December 2003,regular,,December 2003,
PSND,7,March 2004,March 2004,regular,,March 2004,
PSND,8,December 2004,December 2004,regular,,December 2004,
PSND,9,March 2005,March 2005,regular,,March 2005,
PSND,10,December 2005,December 2005,regular,,December 2005,
PSND,11,March 2006,March 2006,regular,,March 2006,
PSND,12,December 2006,December 2006,regular,,December 2006,
PSND,13,March 2007,March 2007,regular,,March 2007,
PSND,14,October 2007,October 2007,regular,,October 2007,
PSND,15,March 2008,March 2008,regular,,March 2008,
PSND,16,November 2008,November 2008,regular,,November 2008,
PSND,17,April 2009,April 2009,regular,,April 2009,
PSND,18,November 2009,November 2009,regular,,November 2009,
PSND,19,March 2010,March 2010,regular,,March 2010,
PSND,20,June 2010,June 2010,regular,,June 2010,
PSND,21,November 2010,November 2010,regular,,November 2010,
PSND,22,March 2011,March 2011,regular,,March 2011,
PSND,23,November 2011,November 2011,regular,,November 2011,
PSND,24,March 2012,March 2012,regular,,March 2012,
PSND,25,December 2012,December 2012,regular,,December 2012,
PSND,26,March 2013,March 2013,regular,,March 2013,
PSND,27,December 2013,December 2013,regular,,December 2013,
PSND,28,March 2014,March 2014,regular,,March 2014,
PSND,29,December 2014,December 2014,regular,,December 2014,
PSND,30,March 2015,March 2015,regular,,March 2015,
PSND,31,July 2015,July 2015,regular,,July 2015,
PSND,32,November 2015,November 2015,regular,,November 2015,
PSND,33,March 2016,March 2016,regular,,March 2016,
PSND,34,November 2016,November 2016,regular,,November 2016,
PSND,35,March 2017,March 2017,regular,,March 2017,
PSND,36,November 2017,November 2017,regular,,November 2017,
PSND,37,March 2018,March 2018,regular,,March 2018,
PSND,38,October 2018,October 2018,regular,,October 2018,
PSND,39,March 2019,March 2019,regular,,March 2019,
PSND,40,March 2020,March 2020,regular,,March 2020,
PSND,41,November 2020,November 2020,regular,,November 2020,
PSND,42,March 2021,March 2021,regular,,March 2021,
PSND,43,October 2021,October 2021,regular,,October 2021,
PSND,44,March 2022,March 2022,regular,,March 2022,
PSND,45,November 2022,November 2022,regular,,November 2022,
PSND,46,March 2023,March 2023,regular,,March 2023,
PSND,47,November 2023,November 2023,regular,,November 2023,
PSND,48,March 2024,March 2024,regular,,March 2024,
PSND,49,October 2024,October 2024,regular,,October 2024,
PSND,50,March 2025,March 2025,regular,,March 2025,
PSND,51,November 2025,November 2025,regular,,November 2025,
PSND,52,March 2026,March 2026,regular,,March 2026,
PSND,57,Memo: restated March 2019 forecast,March 2019,memo,restated,March 2019 (restated),
PSND,58,Memo: supplementary March 2020 forecast,March 2020,memo,supplementary,March 2020 (supplementary),
PSNI,5,June 2010,June 2010,regular,,June 2010,
PSNI,6,November 2010,November 2010,regular,,November 2010,
PSNI,7,March 2011,March 2011,regular,,March 2011,
PSNI,8,November 2011,November 2011,regular,,November 2011,
PSNI,9,March 2012,March 2012,regular,,March 2012,
PSNI,10,December 2012,December 2012,regular,,December 2012,
PSNI,11,March 2013,March 2013,regular,,March 2013,
PSNI,12,December 2013,December 2013,regular,,December 2013,
PSNI,13,March 2014,March 2014,regular,,March 2014,
PSNI,14,December 2014,December 2014,regular,,December 2014,
PSNI,15,March 2015,March 2015,regular,,March 2015,
PSNI,16,July 2015,July 2015,regular,,July 2015,
PSNI,17,November 2015,November 2015,regular,,November 2015,
PSNI,18,March 2016,March 2016,regular,,March 2016,
PSNI,19,November 2016,November 2016,regular,,November 2016,
PSNI,20,March 2017,March 2017,regular,,March 2017,
PSNI,21,November 2017,November 2017,regular,,November 2017,
PSNI,22,March 2018,March 2018,regular,,March 2018,
PSNI,23,October 2018,October 2018,regular,,October 2018,
PSNI,24,March 2019,March 2019,regular,,March 2019,
PSNI,25,March 2020,March 2020,regular,,March 2020,
PSNI,26,November 2020,November 2020,regular,,November 2020,
PSNI,27,March 2021,March 2021,regular,,March 2021,
PSNI,28,October 2021,October 2021,regular,,October 2021,
PSNI,29,March 2022,March 2022,regular,,March 2022,
PSNI,30,November 2022,November 2022,regular,,November 2022,
PSNI,31,March 2023,March 2023,regular,,March 2023,
PSNI,32,November 2023,November 2023,regular,,November 2023,
PSNI,33,March 2024,March 2024,regular,,March 2024,
PSNI,34,October 2024,October 2024,regular,,October 2024,
PSNI,35,March 2025,March 2025,regular,,March 2025,
PSNI,36,November 2025,November 2025,regular,,November 2025,
PSNI,37,March 2026,March 2026,regular,,March 2026,
PSNI,42,Memo: Restated March 2019,March 2019,memo,restated,March 2019 (restated),
£CB,5,June 2010,June 2010,regular,,June 2010,
£CB,6,November 2010,November 2010,regular,,November 2010,
£CB,7,March 2011,March 2011,regular,,March 2011,
£CB,8,November 2011,November 2011,regular,,November 2011,
£CB,9,March 2012,March 2012,regular,,March 2012,
£CB,10,December 2012,December 2012,regular,,December 2012,
£CB,11,March 2013,March 2013,regular,,March 2013,
£CB,12,December 2013,December 2013,regular,,December 2013,
£CB,13,March 2014,March 2014,regular,,March 2014,
£CB,14,December 2014,December 2014,regular,,December 2014,
£CB,15,March 2015,March 2015,regular,,March 2015,
£CB,16,July 2015,July 2015,regular,,July 2015,
£CB,17,November 2015,November 2015,regular,,November 2015,
£CB,18,March 2016,March 2016,regular,,March 2016,
£CB,19,November 2016,November 2016,regular,,November 2016,
£CB,20,March 2017,March 2017,regular,,March 2017,
£CB,21,November 2017,November 2017,regular,,November 2017,
£CB,22,March 2018,March 2018,regular,,March 2018,
£CB,23,October 2018,October 2018,regular,,October 2018,
£CB,24,March 2019,March 2019,regular,,March 2019,
£CB,25,March 2020,March 2020,regular,,March 2020,
£CB,26,November 2020,November 2020,regular,,November 2020,
£CB,27,March 2021,March 2021,regular,,March 2021,
£CB,28,October 2021,October 2021,regular,,October 2021,
£CB,29,March 2022,March 2022,regular,,March 2022,
£CB,30,November 2022,November 2022,regular,,November 2022,
£CB,31,March 2023,March 2023,regular,,March 2023,
£CB,32,November 2023,November 2023,regular,,November 2023,
£CB,33,March 2024,March 2024,regular,,March 2024,
£CB,34,October 2024,October 2024,regular,,October 2024,
£CB,35,March 2025,March 2025,regular,,March 2025,
£CB,36,November 2025,November 2025,regular,,November 2025,
£CB,37,March 2026,March 2026,regular,,March 2026,
£CB,42,Memo: Restated March 2019,March 2019,memo,restated,March 2019 (restated),
£CB,43,Memo: supplementary March 2020 forecast,March 2020,memo,supplementary,March 2020 (supplementary),
CB,5,June 2010,June 2010,regular,,June 2010,
CB,6,November 2010,November 2010,regular,,November 2010,
CB,7,March 2011,March 2011,regular,,March 2011,
CB,8,November 2011,November 2011,regular,,November 2011,
CB,9,March 2012,March 2012,regular,,March 2012,
CB,10,December 2012,December 2012,regular,,December 2012,
CB,11,March 2013,March 2013,regular,,March 2013,
CB,12,December 2013,December 2013,regular,,December 2013,
CB,13,March 2014,March 2014,regular,,March 2014,
CB,14,December 2014,December 2014,regular,,December 2014,
CB,15,March 2015,March 2015,regular,,March 2015,
CB,16,July 2015,July 2015,regular,,July 2015,
CB,17,November 2015,November 2015,regular,,November 2015,
CB,18,March 2016,March 2016,regular,,March 2016,
CB,19,November 2016,November 2016,regular,,November 2016,
CB,20,March 2017,March 2017,regular,,March 2017,
CB,21,November 2017,November 2017,regular,,November 2017,
CB,22,March 2018,March 2018,regular,,March 2018,
CB,23,October 2018,October 2018,regular,,October 2018,
CB,24,March 2019,March 2019,regular,,March 2019,
CB,25,March 2020,March 2020,regular,,March 2020,
CB,26,November 2020,November 2020,regular,,November 2020,
CB,27,March 2021,March 2021,regular,,March 2021,
CB,28,October 2021,October 2021,regular,,October 2021,
CB,29,March 2022,March 2022,regular,,March 2022,
CB,30,November 2022,November 2022,regular,,November 2022,
CB,31,March 2023,March 2023,regular,,March 2023,
CB,32,November 2023,November 2023,regular,,November 2023,
CB,33,March 2024,March 2024,regular,,March 2024,
CB,34,October 2024,October 2024,regular,,October 2024,
CB,35,March 2025,March 2025,regular,,March 2025,
CB,36,November 2025,November 2025,regular,,November 2025,
CB,37,March 2026,March 2026,regular,,March 2026,
CB,42,Memo: Restated March 2019,March 2019,memo,restated,March 2019 (restated),
CB,43,Memo: supplementary March 2020 forecast,March 2020,memo,supplementary,March 2020 (supplementary),
IT,5,June 2010,June 2010,regular,,June 2010,
IT,6,November 2010,November 2010,regular,,November 2010,
IT,7,March 2011,March 2011,regular,,March 2011,
IT,8,November 2011,November 2011,regular,,November 2011,
IT,9,March 2012,March 2012,regular,,March 2012,
IT,10,December 2012,December 2012,regular,,December 2012,
IT,11,March 2013,March 2013,regular,,March 2013,
IT,12,December 2013,December 2013,regular,,December 2013,
IT,13,March 2014,March 2014,regular,,March 2014,
IT,14,December 2014,December 2014,regular,,December 2014,
IT,15,March 2015,March 2015,regular,,March 2015,
IT,16,July 2015,July 2015,regular,,July 2015,
IT,17,November 2015,November 2015,regular,,November 2015,
IT,18,March 2016,March 2016,regular,,March 2016,
IT,19,November 2016,November 2016,regular,,November 2016,
IT,20,March 2017,March 2017,regular,,March 2017,
IT,21,November 2017,November 2017,regular,,November 2017,
IT,22,March 2018,March 2018,regular,,March 2018,
IT,23,October 2018,October 2018,regular,,October 2018,
IT,24,March 2019,March 2019,regular,,March 2019,
IT,25,March 2020,March 2020,regular,,March 2020,
IT,26,November 2020,November 2020,regular,,November 2020,
IT,27,March 2021,March 2021,regular,,March 2021,
IT,28,October 2021,October 2021,regular,,October 2021,
IT,29,March 2022,March 2022,regular,,March 2022,
IT,30,November 2022,November 2022,regular,,November 2022,
IT,31,March 2023,March 2023,regular,,March 2023,
IT,32,November 2023,November 2023,regular,,November 2023,
IT,33,March 2024,March 2024,regular,,March 2024,
IT,34,October 2024,October 2024,regular,,October 2024,
IT,35,March 2025,March 2025,regular,,March 2025,
IT,36,November 2025,November 2025,regular,,November 2025,
IT,37,March 2026,March 2026,regular,,March 2026,
SA IT,5,June 2010,June 2010,regular,,June 2010,
SA IT,6,November 2010,November 2010,regular,,November 2010,
SA IT,7,March 2011,March 2011,regular,,March 2011,
SA IT,8,November 2011,November 2011,regular,,November 2011,
SA IT,9,March 2012,March 2012,regular,,March 2012,
SA IT,10,December 2012,December 2012,regular,,December 2012,
SA IT,11,March 2013,March 2013,regular,,March 2013,
SA IT,12,December 2013,December 2013,regular,,December 2013,
SA IT,13,March 2014,March 2014,regular,,March 2014,
SA IT,14,December 2014,December 2014,regular,,December 2014,
SA IT,15,March 2015,March 2015,regular,,March 2015,
SA IT,16,July 2015,July 2015,regular,,July 2015,
SA IT,17,November 2015,November 2015,regular,,November 2015,
SA IT,18,March 2016,March 2016,regular,,March 2016,
SA IT,19,November 2016,November 2016,regular,,November 2016,
SA IT,20,March 2017,March 2017,regular,,March 2017,
SA IT,21,November 2017,November 2017,regular,,November 2017,
SA IT,22,March 2018,March 2018,regular,,March 2018,
SA IT,23,October 2018,October 2018,regular,,October 2018,
SA IT,24,March 2019,March 2019,regular,,March 2019,
SA IT,25,March 2020,March 2020,regular,,March 2020,
SA IT,26,November 2020,November 2020,regular,,November 2020,
SA IT,27,March 2021,March 2021,regular,,March 2021,
SA IT,28,October 2021,October 2021,regular,,October 2021,
SA IT,29,March 2022,March 2022,regular,,March 2022,
SA IT,30,November 2022,November 2022,regular,,November 2022,
SA IT,31,March 2023,March 2023,regular,,March 2023,
SA IT,32,November 2023,November 2023,regular,,November 2023,
SA IT,33,March 2024,March 2024,regular,,March 2024,
SA IT,34,October 2024,October 2024,regular,,October 2024,
SA IT,35,March 2025,March 2025,regular,,March 2025,
SA IT,36,November 2025,November 2025,regular,,November 2025,
SA IT,37,March 2026,March 2026,regular,,March 2026,
PAYE IT,5,June 2010,June 2010,regular,,June 2010,
PAYE IT,6,November 2010,November 2010,regular,,November 2010,
PAYE IT,7,March 2011,March 2011,regular,,March 2011,
PAYE IT,8,November 2011,November 2011,regular,,November 2011,
PAYE IT,9,March 2012,March 2012,regular,,March 2012,
PAYE IT,10,December 2012,December 2012,regular,,December 2012,
PAYE IT,11,March 2013,March 2013,regular,,March 2013,
PAYE IT,12,December 2013,December 2013,regular,,December 2013,
PAYE IT,13,March 2014,March 2014,regular,,March 2014,
PAYE IT,14,December 2014,December 2014,regular,,December 2014,
PAYE IT,15,March 2015,March 2015,regular,,March 2015,
PAYE IT,16,July 2015,July 2015,regular,,July 2015,
PAYE IT,17,November 2015,November 2015,regular,,November 2015,
PAYE IT,18,March 2016,March 2016,regular,,March 2016,
PAYE IT,19,November 2016,November 2016,regular,,November 2016,
PAYE IT,20,March 2017,March 2017,regular,,March 2017,
PAYE IT,21,November 2017,November 2017,regular,,November 2017,
PAYE IT,22,March 2018,March 2018,regular,,March 2018,
PAYE IT,23,October 2018,October 2018,regular,,October 2018,
PAYE IT,24,March 2019,March 2019,regular,,March 2019,
PAYE IT,25,March 2020,March 2020,regular,,March 2020,
PAYE IT,26,November 2020,November 2020,regular,,November 2020,
PAYE IT,27,March 2021,March 2021,regular,,March 2021,
PAYE IT,28,October 2021,October 2021,regular,,October 2021,
PAYE IT,29,March 2022,March 2022,regular,,March 2022,
PAYE IT,30,November 2022,November 2022,regular,,November 2022,
PAYE IT,31,March 2023,March 2023,regular,,March 2023,
PAYE IT,32,November 2023,November 2023,regular,,November 2023,
PAYE IT,33,March 2024,March 2024,regular,,March 2024,
PAYE IT,34,October 2024,October 2024,regular,,October 2024,
PAYE IT,35,March 2025,March 2025,regular,,March 2025,
PAYE IT,36,November 2025,November 2025,regular,,November 2025,
PAYE IT,37,March 2026,March 2026,regular,,March 2026,
NICS,5,June 2010,June 2010,regular,,June 2010,
NICS,6,November 2010,November 2010,regular,,November 2010,
NICS,7,March 2011,March 2011,regular,,March 2011,
NICS,8,November 2011,November 2011,regular,,November 2011,
NICS,9,March 2012,March 2012,regular,,March 2012,
NICS,10,December 2012,December 2012,regular,,December 2012,
NICS,11,March 2013,March 2013,regular,,March 2013,
NICS,12,December 2013,December 2013,regular,,December 2013,
NICS,13,March 2014,March 2014,regular,,March 2014,
NICS,14,December 2014,December 2014,regular,,December 2014,
NICS,15,March 2015,March 2015,regular,,March 2015,
NICS,16,July 2015,July 2015,regular,,July 2015,
NICS,17,November 2015,November 2015,regular,,November 2015,
NICS,18,March 2016,March 2016,regular,,March 2016,
NICS,19,November 2016,November 2016,regular,,November 2016,
NICS,20,March 2017,March 2017,regular,,March 2017,
NICS,21,November 2017,November 2017,regular,,November 2017,
NICS,22,March 2018,March 2018,regular,,March 2018,
NICS,23,October 2018,October 2018,regular,,October 2018,
NICS,24,March 2019,March 2019,regular,,March 2019,
NICS,25,March 2020,March 2020,regular,,March 2020,
NICS,26,November 2020,November 2020,regular,,November 2020,
NICS,27,March 2021,March 2021,regular,,March 2021,
NICS,28,October 2021,October 2021,regular,,October 2021,
NICS,29,March 2022,March 2022,regular,,March 2022,
NICS,30,November 2022,November 2022,regular,,November 2022,
NICS,31,March 2023,March 2023,regular,,March 2023,
NICS,32,November 2023,November 2023,regular,,November 2023,
NICS,33,March 2024,March 2024,regular,,March 2024,
NICS,34,October 2024,October 2024,regular,,October 2024,
NICS,35,March 2025,March 2025,regular,,March 2025,
NICS,36,November 2025,November 2025,regular,,November 2025,
NICS,37,March 2026,March 2026,regular,,March 2026,
VAT,5,June 2010,June 2010,regular,,June 2010,
VAT,6,November 2010,November 2010,regular,,November 2010,
VAT,7,March 2011,March 2011,regular,,March 2011,
VAT,8,November 2011,November 2011,regular,,November 2011,
VAT,9,March 2012,March 2012,regular,,March 2012,
VAT,10,December 2012,December 2012,regular,,December 2012,
VAT,11,March 2013,March 2013,regular,,March 2013,
VAT,12,December 2013,December 2013,regular,,December 2013,
VAT,13,March 2014,March 2014,regular,,March 2014,
VAT,14,December 2014,December 2014,regular,,December 2014,
VAT,15,March 2015,March 2015,regular,,March 2015,
VAT,16,July 2015,July 2015,regular,,July 2015,
VAT,17,November 2015,November 2015,regular,,November 2015,
VAT,18,March 2016,March 2016,regular,,March 2016,
VAT,19,November 2016,November 2016,regular,,November 2016,
VAT,20,March 2017,March 2017,regular,,March 2017,
VAT,21,November 2017,November 2017,regular,,November 2017,
VAT,22,March 2018,March 2018,regular,,March 2018,
VAT,23,October 2018,October 2018,regular,,October 2018,
VAT,24,March 2019,March 2019,regular,,March 2019,
VAT,25,March 2020,March 2020,regular,,March 2020,
VAT,26,November 2020,November 2020,regular,,November 2020,
VAT,27,March 2021,March 2021,regular,,March 2021,
VAT,28,October 2021,October 2021,regular,,October 2021,
VAT,29,March 2022,March 2022,regular,,March 2022,
VAT,30,November 2022,November 2022,regular,,November 2022,
VAT,31,March 2023,March 2023,regular,,March 2023,
VAT,32,November 2023,November 2023,regular,,November 2023,
VAT,33,March 2024,March 2024,regular,,March 2024,
VAT,34,October 2024,October 2024,regular,,October 2024,
VAT,35,March 2025,March 2025,regular,,March 2025,
VAT,36,November 2025,November 2025,regular,,November 2025,
VAT,37,March 2026,March 2026,regular,,March 2026,
Onshore,5,June 2010,June 2010,regular,,June 2010,
Onshore,6,November 2010,November 2010,regular,,November 2010,
Onshore,7,March 2011,March 2011,regular,,March 2011,
Onshore,8,November 2011,November 2011,regular,,November 2011,
Onshore,9,March 2012,March 2012,regular,,March 2012,
Onshore,10,December 2012,December 2012,regular,,December 2012,
Onshore,11,March 2013,March 2013,regular,,March 2013,
Onshore,12,December 2013,December 2013,regular,,December 2013,
Onshore,13,March 2014,March 2014,regular,,March 2014,
Onshore,14,December 2014,December 2014,regular,,December 2014,
Onshore,15,March 2015,March 2015,regular,,March 2015,
Onshore,16,July 2015,July 2015,regular,,July 2015,
Onshore,17,November 2015,November 2015,regular,,November 2015,
Onshore,18,March 2016,March 2016,regular,,March 2016,
Onshore,19,November 2016,November 2016,regular,,November 2016,
Onshore,20,March 2017,March 2017,regular,,March 2017,
Onshore,21,November 2017,November 2017,regular,,November 2017,
Onshore,22,March 2018,March 2018,regular,,March 2018,
Onshore,23,October 2018,October 2018,regular,,October 2018,
Onshore,24,March 2019,March 2019,regular,,March 2019,
Onshore,25,March 2020,March 2020,regular,,March 2020,
Onshore,26,November 2020,November 2020,regular,,November 2020,
Onshore,27,March 2021,March 2021,regular,,March 2021,
Onshore,28,October 2021,October 2021,regular,,October 2021,
Onshore,29,March 2022,March 2022,regular,,March 2022,
Onshore,30,November 2022,November 2022,regular,,November 2022,
Onshore,31,March 2023,March 2023,regular,,March 2023,
Onshore,32,November 2023,November 2023,regular,,November 2023,
Onshore,33,March 2024,March 2024,regular,,March 2024,
Onshore,34,October 2024,October 2024,regular,,October 2024,
Onshore,35,March 2025,March 2025,regular,,March 2025,
Onshore,36,November 2025,November 2025,regular,,November 2025,
Onshore,37,March 2026,March 2026,regular,,March 2026,
Alcohol,5,June 2010,June 2010,regular,,June 2010,
Alcohol,6,November 2010,November 2010,regular,,November 2010,
Alcohol,7,March 2011,March 2011,regular,,March 2011,
Alcohol,8,November 2011,November 2011,regular,,November 2011,
Alcohol,9,March 2012,March 2012,regular,,March 2012,
Alcohol,10,December 2012,December 2012,regular,,December 2012,
Alcohol,11,March 2013,March 2013,regular,,March 2013,
Alcohol,12,December 2013,December 2013,regular,,December 2013,
Alcohol,13,March 2014,March 2014,regular,,March 2014,
Alcohol,14,December 2014,December 2014,regular,,December 2014,
Alcohol,15,March 2015,March 2015,regular,,March 2015,
Alcohol,16,July 2015,July 2015,regular,,July 2015,
Alcohol,17,November 2015,November 2015,regular,,November 2015,
Alcohol,18,March 2016,March 2016,regular,,March 2016,
Alcohol,19,November 2016,November 2016,regular,,November 2016,
Alcohol,20,March 2017,March 2017,regular,,March 2017,
Alcohol,21,November 2017,November 2017,regular,,November 2017,
Alcohol,22,March 2018,March 2018,regular,,March 2018,
Alcohol,23,October 2018,October 2018,regular,,October 2018,
Alcohol,24,March 2019,March 2019,regular,,March 2019,
Alcohol,25,March 2020,March 2020,regular,,March 2020,
Alcohol,26,November 2020,November 2020,regular,,November 2020,
Alcohol,27,March 2021,March 2021,regular,,March 2021,
Alcohol,28,October 2021,October 2021,regular,,October 2021,
Alcohol,29,March 2022,March 2022,regular,,March 2022,
Alcohol,30,November 2022,November 2022,regular,,November 2022,
Alcohol,31,March 2023,March 2023,regular,,March 2023,
Alcohol,32,November 2023,November 2023,regular,,November 2023,
Alcohol,33,March 2024,March 2024,regular,,March 2024,
Alcohol,34,October 2024,October 2024,regular,,October 2024,
Alcohol,35,March 2025,March 2025,regular,,March 2025,
Alcohol,36,November 2025,November 2025,regular,,November 2025,
Alcohol,37,March 2026,March 2026,regular,,March 2026,
Oilandgas,5,June 2010,June 2010,regular,,June 2010,
Oilandgas,6,November 2010,November 2010,regular,,November 2010,
Oilandgas,7,March 2011,March 2011,regular,,March 2011,
Oilandgas,8,November 2011,November 2011,regular,,November 2011,
Oilandgas,9,March 2012,March 2012,regular,,March 2012,
Oilandgas,10,December 2012,December 2012,regular,,December 2012,
Oilandgas,11,March 2013,March 2013,regular,,March 2013,
Oilandgas,12,December 2013,December 2013,regular,,December 2013,
Oilandgas,13,March 2014,March 2014,regular,,March 2014,
Oilandgas,14,December 2014,December 2014,regular,,December 2014,
Oilandgas,15,March 2015,March 2015,regular,,March 2015,
Oilandgas,16,July 2015,July 2015,regular,,July 2015,
Oilandgas,17,November 2015,November 2015,regular,,November 2015,
Oilandgas,18,March 2016,March 2016,regular,,March 2016,
Oilandgas,19,November 2016,November 2016,regular,,November 2016,
Oilandgas,20,March 2017,March 2017,regular,,March 2017,
Oilandgas,21,November 2017,November 2017,regular,,November 2017,
Oilandgas,22,March 2018,March 2018,regular,,March 2018,
Oilandgas,23,October 2018,October 2018,regular,,October 2018,
Oilandgas,24,March 2019,March 2019,regular,,March 2019,
Oilandgas,25,March 2020,March 2020,regular,,March 2020,
Oilandgas,26,November 2020,November 2020,regular,,November 2020,
Oilandgas,27,March 2021,March 2021,regular,,March 2021,
Oilandgas,28,October 2021,October 2021,regular,,October 2021,
Oilandgas,29,March 2022,March 2022,regular,,March 2022,
Oilandgas,30,November 2022,November 2022,regular,,November 2022,
Oilandgas,31,March 2023,March 2023,regular,,March 2023,
Oilandgas,32,November 2023,November 2023,regular,,November 2023,
Oilandgas,33,March 2024,March 2024,regular,,March 2024,
Oilandgas,34,October 2024,October 2024,regular,,October 2024,
Oilandgas,35,March 2025,March 2025,regular,,March 2025,
Oilandgas,36,November 2025,November 2025,regular,,November 2025,
Oilandgas,37,March 2026,March 2026,regular,,March 2026,
Fuel,5,June 2010,June 2010,regular,,June 2010,
Fuel,6,November 2010,November 2010,regular,,November 2010,
Fuel,7,March 2011,March 2011,regular,,March 2011,
Fuel,8,November 2011,November 2011,regular,,November 2011,
Fuel,9,March 2012,March 2012,regular,,March 2012,
Fuel,10,December 2012,December 2012,regular,,December 2012,
Fuel,11,March 2013,March 2013,regular,,March 2013,
Fuel,12,December 2013,December 2013,regular,,December 2013,
Fuel,13,March 2014,March 2014,regular,,March 2014,
Fuel,14,December 2014,December 2014,regular,,December 2014,
Fuel,15,March 2015,March 2015,regular,,March 2015,
Fuel,16,July 2015,July 2015,regular,,July 2015,
Fuel,17,November 2015,November 2015,regular,,November 2015,
Fuel,18,March 2016,March 2016,regular,,March 2016,
Fuel,19,November 2016,November 2016,regular,,November 2016,
Fuel,20,March 2017,March 2017,regular,,March 2017,
Fuel,21,November 2017,November 2017,regular,,November 2017,
Fuel,22,March 2018,March 2018,regular,,March 2018,
Fuel,23,October 2018,October 2018,regular,,October 2018,
Fuel,24,March 2019,March 2019,regular,,March 2019,
Fuel,25,March 2020,March 2020,regular,,March 2020,
Fuel,26,November 2020,November 2020,regular,,November 2020,
Fuel,27,March 2021,March 2021,regular,,March 2021,
Fuel,28,October 2021,October 2021,regular,,October 2021,
Fuel,29,March 2022,March 2022,regular,,March 2022,
Fuel,30,November 2022,November 2022,regular,,November 2022,
Fuel,31,March 2023,March 2023,regular,,March 2023,
Fuel,32,November 2023,November 2023,regular,,November 2023,
Fuel,33,March 2024,March 2024,regular,,March 2024,
Fuel,34,October 2024,October 2024,regular,,October 2024,
Fuel,35,March 2025,March 2025,regular,,March 2025,
Fuel,36,November 2025,November 2025,regular,,November 2025,
Fuel,37,March 2026,March 2026,regular,,March 2026,
Business,5,June 2010,June 2010,regular,,June 2010,
Business,6,November 2010,November 2010,regular,,November 2010,
Business,7,March 2011,March 2011,regular,,March 2011,
Business,8,November 2011,November 2011,regular,,November 2011,
Business,9,March 2012,March 2012,regular,,March 2012,
Business,10,December 2012,December 2012,regular,,December 2012,
Business,11,March 2013,March 2013,regular,,March 2013,
Business,12,December 2013,December 2013,regular,,December 2013,
Business,13,March 2014,March 2014,regular,,March 2014,
Business,14,December 2014,December 2014,regular,,December 2014,
Business,15,March 2015,March 2015,regular,,March 2015,
Business,16,July 2015,July 2015,regular,,July 2015,
Business,17,November 2015,November 2015,regular,,November 2015,
Business,18,March 2016,March 2016,regular,,March 2016,
Business,19,November 2016,November 2016,regular,,November 2016,
Business,20,March 2017,March 2017,regular,,March 2017,
Business,21,November 2017,November 2017,regular,,November 2017,
Business,22,March 2018,March 2018,regular,,March 2018,
Business,23,October 2018,October 2018,regular,,October 2018,
Business,24,March 2019,March 2019,regular,,March 2019,
Business,25,March 2020,March 2020,regular,,March 2020,
Business,26,November 2020,November 2020,regular,,November 2020,
Business,27,March 2021,March 2021,regular,,March 2021,
Business,28,October 2021,October 2021,regular,,October 2021,
Business,29,March 2022,March 2022,regular,,March 2022,
Business,30,November 2022,November 2022,regular,,November 2022,
Business,31,March 2023,March 2023,regular,,March 2023,
Business,32,November 2023,November 2023,regular,,November 2023,
Business,33,March 2024,March 2024,regular,,March 2024,
Business,34,October 2024,October 2024,regular,,October 2024,
Business,35,March 2025,March 2025,regular,,March 2025,
Business,36,November 2025,November 2025,regular,,November 2025,
Business,37,March 2026,March 2026,regular,,March 2026,
CGT,5,June 2010,June 2010,regular,,June 2010,
CGT,6,November 2010,November 2010,regular,,November 2010,
CGT,7,March 2011,March 2011,regular,,March 2011,
CGT,8,November 2011,November 2011,regular,,November 2011,
CGT,9,March 2012,March 2012,regular,,March 2012,
CGT,10,December 2012,December 2012,regular,,December 2012,
CGT,11,March 2013,March 2013,regular,,March 2013,
CGT,12,December 2013,December 2013,regular,,December 2013,
CGT,13,March 2014,March 2014,regular,,March 2014,
CGT,14,December 2014,December 2014,regular,,December 2014,
CGT,15,March 2015,March 2015,regular,,March 2015,
CGT,16,July 2015,July 2015,regular,,July 2015,
CGT,17,November 2015,November 2015,regular,,November 2015,
CGT,18,March 2016,March 2016,regular,,March 2016,
CGT,19,November 2016,November 2016,regular,,November 2016,
CGT,20,March 2017,March 2017,regular,,March 2017,
CGT,21,November 2017,November 2017,regular,,November 2017,
CGT,22,March 2018,March 2018,regular,,March 2018,
CGT,23,October 2018,October 2018,regular,,October 2018,
CGT,24,March 2019,March 2019,regular,,March 2019,
CGT,25,March 2020,March 2020,regular,,March 2020,
CGT,26,November 2020,November 2020,regular,,November 2020,
CGT,27,March 2021,March 2021,regular,,March 2021,
CGT,28,October 2021,October 2021,regular,,October 2021,
CGT,29,March 2022,March 2022,regular,,March 2022,
CGT,30,November 2022,November 2022,regular,,November 2022,
CGT,31,March 2023,March 2023,regular,,March 2023,
CGT,32,November 2023,November 2023,regular,,November 2023,
CGT,33,March 2024,March 2024,regular,,March 2024,
CGT,34,October 2024,October 2024,regular,,October 2024,
CGT,35,March 2025,March 2025,regular,,March 2025,
CGT,36,November 2025,November 2025,regular,,November 2025,
CGT,37,March 2026,March 2026,regular,,March 2026,
IHT,5,June 2010,June 2010,regular,,June 2010,
IHT,6,November 2010,November 2010,regular,,November 2010,
IHT,7,March 2011,March 2011,regular,,March 2011,
IHT,8,November 2011,November 2011,regular,,November 2011,
IHT,9,March 2012,March 2012,regular,,March 2012,
IHT,10,December 2012,December 2012,regular,,December 2012,
IHT,11,March 2013,March 2013,regular,,March 2013,
IHT,12,December 2013,December 2013,regular,,December 2013,
IHT,13,March 2014,March 2014,regular,,March 2014,
IHT,14,December 2014,December 2014,regular,,December 2014,
IHT,15,March 2015,March 2015,regular,,March 2015,
IHT,16,July 2015,July 2015,regular,,July 2015,
IHT,17,November 2015,November 2015,regular,,November 2015,
IHT,18,March 2016,March 2016,regular,,March 2016,
IHT,19,November 2016,November 2016,regular,,November 2016,
IHT,20,March 2017,March 2017,regular,,March 2017,
IHT,21,November 2017,November 2017,regular,,November 2017,
IHT,22,March 2018,March 2018,regular,,March 2018,
IHT,23,October 2018,October 2018,regular,,October 2018,
IHT,24,March 2019,March 2019,regular,,March 2019,
IHT,25,March 2020,March 2020,regular,,March 2020,
IHT,26,November 2020,November 2020,regular,,November 2020,
IHT,27,March 2021,March 2021,regular,,March 2021,
IHT,28,October 2021,October 2021,regular,,October 2021,
IHT,29,March 2022,March 2022,regular,,March 2022,
IHT,30,November 2022,November 2022,regular,,November 2022,
IHT,31,March 2023,March 2023,regular,,March 2023,
IHT,32,November 2023,November 2023,regular,,November 2023,
IHT,33,March 2024,March 2024,regular,,March 2024,
IHT,34,October 2024,October 2024,regular,,October 2024,
IHT,35,March 2025,March 2025,regular,,March 2025,
IHT,36,November 2025,November 2025,regular,,November 2025,
IHT,37,March 2026,March 2026,regular,,March 2026,
PTT,5,June 2010,June 2010,regular,,June 2010,
PTT,6,November 2010,November 2010,regular,,November 2010,
PTT,7,March 2011,March 2011,regular,,March 2011,
PTT,8,November 2011,November 2011,regular,,November 2011,
PTT,9,March 2012,March 2012,regular,,March 2012,
PTT,10,December 2012,December 2012,regular,,December 2012,
PTT,11,March 2013,March 2013,regular,,March 2013,
PTT,12,December 2013,December 2013,regular,,December 2013,
PTT,13,March 2014,March 2014,regular,,March 2014,
PTT,14,December 2014,December 2014,regular,,December 2014,
PTT,15,March 2015,March 2015,regular,,March 2015,
PTT,16,July 2015,July 2015,regular,,July 2015,
PTT,17,November 2015,November 2015,regular,,November 2015,
PTT,18,March 2016,March 2016,regular,,March 2016,
PTT,19,November 2016,November 2016,regular,,November 2016,
PTT,20,March 2017,March 2017,regular,,March 2017,
PTT,21,November 2017,November 2017,regular,,November 2017,
PTT,22,March 2018,March 2018,regular,,March 2018,
PTT,23,October 2018,October 2018,regular,,October 2018,
PTT,24,March 2019,March 2019,regular,,March 2019,
PTT,25,March 2020,March 2020,regular,,March 2020,
PTT,26,November 2020,November 2020,regular,,November 2020,
PTT,27,March 2021,March 2021,regular,,March 2021,
PTT,28,October 2021,October 2021,regular,,October 2021,
PTT,29,March 2022,March 2022,regular,,March 2022,
PTT,30,November 2022,November 2022,regular,,November 2022,
PTT,31,March 2023,March 2023,regular,,March 2023,
PTT,32,November 2023,November 2023,regular,,November 2023,
PTT,33,March 2024,March 2024,regular,,March 2024,
PTT,34,October 2024,October 2024,regular,,October 2024,
PTT,35,March 2025,March 2025,regular,,March 2025,
PTT,36,November 2025,November 2025,regular,,November 2025,
PTT,37,March 2026,March 2026,regular,,March 2026,
Shares,5,June 2010,June 2010,regular,,June 2010,
Shares,6,November 2010,November 2010,regular,,November 2010,
Shares,7,March 2011,March 2011,regular,,March 2011,
Shares,8,November 2011,November 2011,regular,,November 2011,
Shares,9,March 2012,March 2012,regular,,March 2012,
Shares,10,December 2012,December 2012,regular,,December 2012,
Shares,11,March 2013,March 2013,regular,,March 2013,
Shares,12,December 2013,December 2013,regular,,December 2013,
Shares,13,March 2014,March 2014,regular,,March 2014,
Shares,14,December 2014,December 2014,regular,,December 2014,
Shares,15,March 2015,March 2015,regular,,March 2015,
Shares,16,July 2015,July 2015,regular,,July 2015,
Shares,17,November 2015,November 2015,regular,,November 2015,
Shares,18,March 2016,March 2016,regular,,March 2016,
Shares,19,November 2016,November 2016,regular,,November 2016,
Shares,20,March 2017,March 2017,regular,,March 2017,
Shares,21,November 2017,November 2017,regular,,November 2017,
Shares,22,March 2018,March 2018,regular,,March 2018,
Shares,23,October 2018,October 2018,regular,,October 2018,
Shares,24,March 2019,March 2019,regular,,March 2019,
Shares,25,March 2020,March 2020,regular,,March 2020,
Shares,26,November 2020,November 2020,regular,,November 2020,
Shares,27,March 2021,March 2021,regular,,March 2021,
Shares,28,October 2021,October 2021,regular,,October 2021,
Shares,29,March 2022,March 2022,regular,,March 2022,
Shares,30,November 2022,November 2022,regular,,November 2022,
Shares,31,March 2023,March 2023,regular,,March 2023,
Shares,32,November 2023,November 2023,regular,,November 2023,
Shares,33,March 2024,March 2024,regular,,March 2024,
Shares,34,October 2024,October 2024,regular,,October 2024,
Shares,35,March 2025,March 2025,regular,,March 2025,
Shares,36,November 2025,November 2025,regular,,November 2025,
Shares,37,March 2026,March 2026,regular,,March 2026,
Tobacco,5,June 2010,June 2010,regular,,June 2010,
Tobacco,6,November 2010,November 2010,regular,,November 2010,
Tobacco,7,March 2011,March 2011,regular,,March 2011,
Tobacco,8,November 2011,November 2011,regular,,November 2011,
Tobacco,9,March 2012,March 2012,regular,,March 2012,
Tobacco,10,December 2012,December 2012,regular,,December 2012,
Tobacco,11,March 2013,March 2013,regular,,March 2013,
Tobacco,12,December 2013,December 2013,regular,,December 2013,
Tobacco,13,March 2014,March 2014,regular,,March 2014,
Tobacco,14,December 2014,December 2014,regular,,December 2014,
Tobacco,15,March 2015,March 2015,regular,,March 2015,
Tobacco,16,July 2015,July 2015,regular,,July 2015,
Tobacco,17,November 2015,November 2015,regular,,November 2015,
Tobacco,18,March 2016,March 2016,regular,,March 2016,
Tobacco,19,November 2016,November 2016,regular,,November 2016,
Tobacco,20,March 2017,March 2017,regular,,March 2017,
Tobacco,21,November 2017,November 2017,regular,,November 2017,
Tobacco,22,March 2018,March 2018,regular,,March 2018,
Tobacco,23,October 2018,October 2018,regular,,October 2018,
Tobacco,24,March 2019,March 2019,regular,,March 2019,
Tobacco,25,March 2020,March 2020,regular,,March 2020,
Tobacco,26,November 2020,November 2020,regular,,November 2020,
Tobacco,27,March 2021,March 2021,regular,,March 2021,
Tobacco,28,October 2021,October 2021,regular,,October 2021,
Tobacco,29,March 2022,March 2022,regular,,March 2022,
Tobacco,30,November 2022,November 2022,regular,,November 2022,
Tobacco,31,March 2023,March 2023,regular,,March 2023,
Tobacco,32,November 2023,November 2023,regular,,November 2023,
Tobacco,33,March 2024,March 2024,regular,,March 2024,
Tobacco,34,October 2024,October 2024,regular,,October 2024,
Tobacco,35,March 2025,March 2025,regular,,March 2025,
Tobacco,36,November 2025,November 2025,regular,,November 2025,
Tobacco,37,March 2026,March 2026,regular,,March 2026,
Spirits,5,June 2010,June 2010,regular,,June 2010,
Spirits,6,November 2010,November 2010,regular,,November 2010,
Spirits,7,March 2011,March 2011,regular,,March 2011,
Spirits,8,November 2011,November 2011,regular,,November 2011,
Spirits,9,March 2012,March 2012,regular,,March 2012,
Spirits,10,December 2012,December 2012,regular,,December 2012,
Spirits,11,March 2013,March 2013,regular,,March 2013,
Spirits,12,December 2013,December 2013,regular,,December 2013,
Spirits,13,March 2014,March 2014,regular,,March 2014,
Spirits,14,December 2014,December 2014,regular,,December 2014,
Spirits,15,March 2015,March 2015,regular,,March 2015,
Spirits,16,July 2015,July 2015,regular,,July 2015,
Spirits,17,November 2015,November 2015,regular,,November 2015,
Spirits,18,March 2016,March 2016,regular,,March 2016,
Spirits,19,November 2016,November 2016,regular,,November 2016,
Spirits,20,March 2017,March 2017,regular,,March 2017,
Spirits,21,November 2017,November 2017,regular,,November 2017,
Spirits,22,March 2018,March 2018,regular,,March 2018,
Spirits,23,October 2018,October 2018,regular,,October 2018,
Spirits,24,March 2019,March 2019,regular,,March 2019,
Spirits,25,March 2020,March 2020,regular,,March 2020,
Spirits,26,November 2020,November 2020,regular,,November 2020,
Spirits,27,March 2021,March 2021,regular,,March 2021,
Spirits,28,October 2021,October 2021,regular,,October 2021,
Spirits,29,March 2022,March 2022,regular,,March 2022,
Spirits,30,November 2022,November 2022,regular,,November 2022,
Spirits,31,March 2023,March 2023,regular,,March 2023,
Spirits,32,November 2023,November 2023,regular,,November 2023,
Spirits,33,March 2024,March 2024,regular,,March 2024,
Spirits,34,October 2024,October 2024,regular,,October 2024,
Spirits,35,March 2025,March 2025,regular,,March 2025,
Spirits,36,November 2025,November 2025,regular,,November 2025,
Spirits,37,March 2026,March 2026,regular,,March 2026,
Wine,5,June 2010,June 2010,regular,,June 2010,
Wine,6,November 2010,November 2010,regular,,November 2010,
Wine,7,March 2011,March 2011,regular,,March 2011,
Wine,8,November 2011,November 2011,regular,,November 2011,
Wine,9,March 2012,March 2012,regular,,March 2012,
Wine,10,December 2012,December 2012,regular,,December 2012,
Wine,11,March 2013,March 2013,regular,,March 2013,
Wine,12,December 2013,December 2013,regular,,December 2013,
Wine,13,March 2014,March 2014,regular,,March 2014,
Wine,14,December 2014,December 2014,regular,,December 2014,
Wine,15,March 2015,March 2015,regular,,March 2015,
Wine,16,July 2015,July 2015,regular,,July 2015,
Wine,17,November 2015,November 2015,regular,,November 2015,
Wine,18,March 2016,March 2016,regular,,March 2016,
Wine,19,November 2016,November 2016,regular,,November 2016,
Wine,20,March 2017,March 2017,regular,,March 2017,
Wine,21,November 2017,November 2017,regular,,November 2017,
Wine,22,March 2018,March 2018,regular,,March 2018,
Wine,23,October 2018,October 2018,regular,,October 2018,
Wine,24,March 2019,March 2019,regular,,March 2019,
Wine,25,March 2020,March 2020,regular,,March 2020,
Wine,26,November 2020,November 2020,regular,,November 2020,
Wine,27,March 2021,March 2021,regular,,March 2021,
Wine,28,October 2021,October 2021,regular,,October 2021,
Wine,29,March 2022,March 2022,regular,,March 2022,
Wine,30,November 2022,November 2022,regular,,November 2022,
Wine,31,March 2023,March 2023,regular,,March 2023,
Wine,32,November 2023,November 2023,regular,,November 2023,
Wine,33,March 2024,March 2024,regular,,March 2024,
Wine,34,October 2024,October 2024,regular,,October 2024,
Wine,35,March 2025,March 2025,regular,,March 2025,
Wine,36,November 2025,November 2025,regular,,November 2025,
Wine,37,March 2026,March 2026,regular,,March 2026,
Beercider,5,June 2010,June 2010,regular,,June 2010,
Beercider,6,November 2010,November 2010,regular,,November 2010,
Beercider,7,March 2011,March 2011,regular,,March 2011,
Beercider,8,November 2011,November 2011,regular,,November 2011,
Beercider,9,March 2012,March 2012,regular,,March 2012,
Beercider,10,December 2012,December 2012,regular,,December 2012,
Beercider,11,March 2013,March 2013,regular,,March 2013,
Beercider,12,December 2013,December 2013,regular,,December 2013,
Beercider,13,March 2014,March 2014,regular,,March 2014,
Beercider,14,December 2014,December 2014,regular,,December 2014,
Beercider,15,March 2015,March 2015,regular,,March 2015,
Beercider,16,July 2015,July 2015,regular,,July 2015,
Beercider,17,November 2015,November 2015,regular,,November 2015,
Beercider,18,March 2016,March 2016,regular,,March 2016,
Beercider,19,November 2016,November 2016,regular,,November 2016,
Beercider,20,March 2017,March 2017,regular,,March 2017,
Beercider,21,November 2017,November 2017,regular,,November 2017,
Beercider,22,March 2018,March 2018,regular,,March 2018,
Beercider,23,October 2018,October 2018,regular,,October 2018,
Beercider,24,March 2019,March 2019,regular,,March 2019,
Beercider,25,March 2020,March 2020,regular,,March 2020,
Beercider,26,November 2020,November 2020,regular,,November 2020,
Beercider,27,March 2021,March 2021,regular,,March 2021,
Beercider,28,October 2021,October 2021,regular,,October 2021,
Beercider,29,March 2022,March 2022,regular,,March 2022,
Beercider,30,November 2022,November 2022,regular,,November 2022,
Beercider,31,March 2023,March 2023,regular,,March 2023,
Beercider,32,November 2023,November 2023,regular,,November 2023,
Beercider,33,March 2024,March 2024,regular,,March 2024,
Beercider,34,October 2024,October 2024,regular,,October 2024,
Beercider,35,March 2025,March 2025,regular,,March 2025,
Beercider,36,November 2025,November 2025,regular,,November 2025,
Beercider,37,March 2026,March 2026,regular,,March 2026,
VED,5,June 2010,June 2010,regular,,June 2010,
VED,6,November 2010,November 2010,regular,,November 2010,
VED,7,March 2011,March 2011,regular,,March 2011,
VED,8,November 2011,November 2011,regular,,November 2011,
VED,9,March 2012,March 2012,regular,,March 2012,
VED,10,December 2012,December 2012,regular,,December 2012,
VED,11,March 2013,March 2013,regular,,March 2013,
VED,12,December 2013,December 2013,regular,,December 2013,
VED,13,March 2014,March 2014,regular,,March 2014,
VED,14,December 2014,December 2014,regular,,December 2014,
VED,15,March 2015,March 2015,regular,,March 2015,
VED,16,July 2015,July 2015,regular,,July 2015,
VED,17,November 2015,November 2015,regular,,November 2015,
VED,18,March 2016,March 2016,regular,,March 2016,
VED,19,November 2016,November 2016,regular,,November 2016,
VED,20,March 2017,March 2017,regular,,March 2017,
VED,21,November 2017,November 2017,regular,,November 2017,
VED,22,March 2018,March 2018,regular,,March 2018,
VED,23,October 2018,October 2018,regular,,October 2018,
VED,24,March 2019,March 2019,regular,,March 2019,
VED,25,March 2020,March 2020,regular,,March 2020,
VED,26,November 2020,November 2020,regular,,November 2020,
VED,27,March 2021,March 2021,regular,,March 2021,
VED,28,October 2021,October 2021,regular,,October 2021,
VED,29,March 2022,March 2022,regular,,March 2022,
VED,30,November 2022,November 2022,regular,,November 2022,
VED,31,March 2023,March 2023,regular,,March 2023,
VED,32,November 2023,November 2023,regular,,November 2023,
VED,33,March 2024,March 2024,regular,,March 2024,
VED,34,October 2024,October 2024,regular,,October 2024,
VED,35,March 2025,March 2025,regular,,March 2025,
VED,36,November 2025,November 2025,regular,,November 2025,
VED,37,March 2026,March 2026,regular,,March 2026,
VATrefunds,5,June 2010,June 2010,regular,,June 2010,
VATrefunds,6,November 2010,November 2010,regular,,November 2010,
VATrefunds,7,March 2011,March 2011,regular,,March 2011,
VATrefunds,8,November 2011,November 2011,regular,,November 2011,
VATrefunds,9,March 2012,March 2012,regular,,March 2012,
VATrefunds,10,December 2012,December 2012,regular,,December 2012,
VATrefunds,11,March 2013,March 2013,regular,,March 2013,
VATrefunds,12,December 2013,December 2013,regular,,December 2013,
VATrefunds,13,March 2014,March 2014,regular,,March 2014,
VATrefunds,14,December 2014,December 2014,regular,,December 2014,
VATrefunds,15,March 2015,March 2015,regular,,March 2015,
VATrefunds,16,July 2015,July 2015,regular,,July 2015,
VATrefunds,17,November 2015,November 2015,regular,,November 2015,
VATrefunds,18,March 2016,March 2016,regular,,March 2016,
VATrefunds,19,November 2016,November 2016,regular,,November 2016,
VATrefunds,20,March 2017,March 2017,regular,,March 2017,
VATrefunds,21,November 2017,November 2017,regular,,November 2017,
VATrefunds,22,March 2018,March 2018,regular,,March 2018,
VATrefunds,23,October 2018,October 2018,regular,,October 2018,
VATrefunds,24,March 2019,March 2019,regular,,March 2019,
VATrefunds,25,March 2020,March 2020,regular,,March 2020,
VATrefunds,26,November 2020,November 2020,regular,,November 2020,
VATrefunds,27,March 2021,March 2021,regular,,March 2021,
VATrefunds,28,October 2021,October 2021,regular,,October 2021,
VATrefunds,29,March 2022,March 2022,regular,,March 2022,
VATrefunds,30,November 2022,November 2022,regular,,November 2022,
VATrefunds,31,March 2023,March 2023,regular,,March 2023,
VATrefunds,32,November 2023,November 2023,regular,,November 2023,
VATrefunds,33,March 2024,March 2024,regular,,March 2024,
VATrefunds,34,October 2024,October 2024,regular,,October 2024,
VATrefunds,35,March 2025,March 2025,regular,,March 2025,
VATrefunds,36,November 2025,November 2025,regular,,November 2025,
VATrefunds,37,March 2026,March 2026,regular,,March 2026,
Council,5,June 2010,June 2010,regular,,June 2010,
Council,6,November 2010,November 2010,regular,,November 2010,
Council,7,March 2011,March 2011,regular,,March 2011,
Council,8,November 2011,November 2011,regular,,November 2011,
Council,9,March 2012,March 2012,regular,,March 2012,
Council,10,December 2012,December 2012,regular,,December 2012,
Council,11,March 2013,March 2013,regular,,March 2013,
Council,12,December 2013,December 2013,regular,,December 2013,
Council,13,March 2014,March 2014,regular,,March 2014,
Council,14,December 2014,December 2014,regular,,December 2014,
Council,15,March 2015,March 2015,regular,,March 2015,
Council,16,July 2015,July 2015,regular,,July 2015,
Council,17,November 2015,November 2015,regular,,November 2015,
Council,18,March 2016,March 2016,regular,,March 2016,
Council,19,November 2016,November 2016,regular,,November 2016,
Council,20,March 2017,March 2017,regular,,March 2017,
Council,21,November 2017,November 2017,regular,,November 2017,
Council,22,March 2018,March 2018,regular,,March 2018,
Council,23,October 2018,October 2018,regular,,October 2018,
Council,24,March 2019,March 2019,regular,,March 2019,
Council,25,March 2020,March 2020,regular,,March 2020,
Council,26,November 2020,November 2020,regular,,November 2020,
Council,27,March 2021,March 2021,regular,,March 2021,
Council,28,October 2021,October 2021,regular,,October 2021,
Council,29,March 2022,March 2022,regular,,March 2022,
Council,30,November 2022,November 2022,regular,,November 2022,
Council,31,March 2023,March 2023,regular,,March 2023,
Council,32,November 2023,November 2023,regular,,November 2023,
Council,33,March 2024,March 2024,regular,,March 2024,
Council,34,October 2024,October 2024,regular,,October 2024,
Council,35,March 2025,March 2025,regular,,March 2025,
Council,36,November 2025,November 2025,regular,,November 2025,
Council,37,March 2026,March 2026,regular,,March 2026,
APD,5,June 2010,June 2010,regular,,June 2010,
APD,6,November 2010,November 2010,regular,,November 2010,
APD,7,March 2011,March 2011,regular,,March 2011,
APD,8,November 2011,November 2011,regular,,November 2011,
APD,9,March 2012,March 2012,regular,,March 2012,
APD,10,December 2012,December 2012,regular,,December 2012,
APD,11,March 2013,March 2013,regular,,March 2013,
APD,12,December 2013,December 2013,regular,,December 2013,
APD,13,March 2014,March 2014,regular,,March 2014,
APD,14,December 2014,December 2014,regular,,December 2014,
APD,15,March 2015,March 2015,regular,,March 2015,
APD,16,July 2015,July 2015,regular,,July 2015,
APD,17,November 2015,November 2015,regular,,November 2015,
APD,18,March 2016,March 2016,regular,,March 2016,
APD,19,November 2016,November 2016,regular,,November 2016,
APD,20,March 2017,March 2017,regular,,March 2017,
APD,21,November 2017,November 2017,regular,,November 2017,
APD,22,March 2018,March 2018,regular,,March 2018,
APD,23,October 2018,October 2018,regular,,October 2018,
APD,24,March 2019,March 2019,regular,,March 2019,
APD,25,March 2020,March 2020,regular,,March 2020,
APD,26,November 2020,November 2020,regular,,November 2020,
APD,27,March 2021,March 2021,regular,,March 2021,
APD,28,October 2021,October 2021,regular,,October 2021,
APD,29,March 2022,March 2022,regular,,March 2022,
APD,30,November 2022,November 2022,regular,,November 2022,
APD,31,March 2023,March 2023,regular,,March 2023,
APD,32,November 2023,November 2023,regular,,November 2023,
APD,33,March 2024,March 2024,regular,,March 2024,
APD,34,October 2024,October 2024,regular,,October 2024,
APD,35,March 2025,March 2025,regular,,March 2025,
APD,36,November 2025,November 2025,regular,,November 2025,
APD,37,March 2026,March 2026,regular,,March 2026,
IPT,5,June 2010,June 2010,regular,,June 2010,
IPT,6,November 2010,November 2010,regular,,November 2010,
IPT,7,March 2011,March 2011,regular,,March 2011,
IPT,8,November 2011,November 2011,regular,,November 2011,
IPT,9,March 2012,March 2012,regular,,March 2012,
IPT,10,December 2012,December 2012,regular,,December 2012,
IPT,11,March 2013,March 2013,regular,,March 2013,
IPT,12,December 2013,December 2013,regular,,December 2013,
IPT,13,March 2014,March 2014,regular,,March 2014,
IPT,14,December 2014,December 2014,regular,,December 2014,
IPT,15,March 2015,March 2015,regular,,March 2015,
IPT,16,July 2015,July 2015,regular,,July 2015,
IPT,17,November 2015,November 2015,regular,,November 2015,
IPT,18,March 2016,March 2016,regular,,March 2016,
IPT,19,November 2016,November 2016,regular,,November 2016,
IPT,20,March 2017,March 2017,regular,,March 2017,
IPT,21,November 2017,November 2017,regular,,November 2017,
IPT,22,March 2018,March 2018,regular,,March 2018,
IPT,23,October 2018,October 2018,regular,,October 2018,
IPT,24,March 2019,March 2019,regular,,March 2019,
IPT,25,March 2020,March 2020,regular,,March 2020,
IPT,26,November 2020,November 2020,regular,,November 2020,
IPT,27,March 2021,March 2021,regular,,March 2021,
IPT,28,October 2021,October 2021,regular,,October 2021,
IPT,29,March 2022,March 2022,regular,,March 2022,
IPT,30,November 2022,November 2022,regular,,November 2022,
IPT,31,March 2023,March 2023,regular,,March 2023,
IPT,32,November 2023,November 2023,regular,,November 2023,
IPT,33,March 2024,March 2024,regular,,March 2024,
IPT,34,October 2024,October 2024,regular,,October 2024,
IPT,35,March 2025,March 2025,regular,,March 2025,
IPT,36,November 2025,November 2025,regular,,November 2025,
IPT,37,March 2026,March 2026,regular,,March 2026,
CCL,5,June 2010,June 2010,regular,,June 2010,
CCL,6,November 2010,November 2010,regular,,November 2010,
CCL,7,March 2011,March 2011,regular,,March 2011,
CCL,8,November 2011,November 2011,regular,,November 2011,
CCL,9,March 2012,March 2012,regular,,March 2012,
CCL,10,December 2012,December 2012,regular,,December 2012,
CCL,11,March 2013,March 2013,regular,,March 2013,
CCL,12,December 2013,December 2013,regular,,December 2013,
CCL,13,March 2014,March 2014,regular,,March 2014,
CCL,14,December 2014,December 2014,regular,,December 2014,
CCL,15,March 2015,March 2015,regular,,March 2015,
CCL,16,July 2015,July 2015,regular,,July 2015,
CCL,17,November 2015,November 2015,regular,,November 2015,
CCL,18,March 2016,March 2016,regular,,March 2016,
CCL,19,November 2016,November 2016,regular,,November 2016,
CCL,20,March 2017,March 2017,regular,,March 2017,
CCL,21,November 2017,November 2017,regular,,November 2017,
CCL,22,March 2018,March 2018,regular,,March 2018,
CCL,23,October 2018,October 2018,regular,,October 2018,
CCL,24,March 2019,March 2019,regular,,March 2019,
CCL,25,March 2020,March 2020,regular,,March 2020,
CCL,26,November 2020,November 2020,regular,,November 2020,
CCL,27,March 2021,March 2021,regular,,March 2021,
CCL,28,October 2021,October 2021,regular,,October 2021,
CCL,29,March 2022,March 2022,regular,,March 2022,
CCL,30,November 2022,November 2022,regular,,November 2022,
CCL,31,March 2023,March 2023,regular,,March 2023,
CCL,32,November 2023,November 2023,regular,,November 2023,
CCL,33,March 2024,March 2024,regular,,March 2024,
CCL,34,October 2024,October 2024,regular,,October 2024,
CCL,35,March 2025,March 2025,regular,,March 2025,
CCL,36,November 2025,November 2025,regular,,November 2025,
CCL,37,March 2026,March 2026,regular,,March 2026,
Bank,5,June 2010,June 2010,regular,,June 2010,
Bank,6,November 2010,November 2010,regular,,November 2010,
Bank,7,March 2011,March 2011,regular,,March 2011,
Bank,8,November 2011,November 2011,regular,,November 2011,
Bank,9,March 2012,March 2012,regular,,March 2012,
Bank,10,December 2012,December 2012,regular,,December 2012,
Bank,11,March 2013,March 2013,regular,,March 2013,
Bank,12,December 2013,December 2013,regular,,December 2013,
Bank,13,March 2014,March 2014,regular,,March 2014,
Bank,14,December 2014,December 2014,regular,,December 2014,
Bank,15,March 2015,March 2015,regular,,March 2015,
Bank,16,July 2015,July 2015,regular,,July 2015,
Bank,17,November 2015,November 2015,regular,,November 2015,
Bank,18,March 2016,March 2016,regular,,March 2016,
Bank,19,November 2016,November 2016,regular,,November 2016,
Bank,20,March 2017,March 2017,regular,,March 2017,
Bank,21,November 2017,November 2017,regular,,November 2017,
Bank,22,March 2018,March 2018,regular,,March 2018,
Bank,23,October 2018,October 2018,regular,,October 2018,
Bank,24,March 2019,March 2019,regular,,March 2019,
Bank,25,March 2020,March 2020,regular,,March 2020,
Bank,26,November 2020,November 2020,regular,,November 2020,
Bank,27,March 2021,March 2021,regular,,March 2021,
Bank,28,October 2021,October 2021,regular,,October 2021,
Bank,29,March 2022,March 2022,regular,,March 2022,
Bank,30,November 2022,November 2022,regular,,November 2022,
Bank,31,March 2023,March 2023,regular,,March 2023,
Bank,32,November 2023,November 2023,regular,,November 2023,
Bank,33,March 2024,March 2024,regular,,March 2024,
Bank,34,October 2024,October 2024,regular,,October 2024,
Bank,35,March 2025,March 2025,regular,,March 2025,
Bank,36,November 2025,November 2025,regular,,November 2025,
Bank,37,March 2026,March 2026,regular,,March 2026,
Licence,5,June 2010,June 2010,regular,,June 2010,
Licence,6,November 2010,November 2010,regular,,November 2010,
Licence,7,March 2011,March 2011,regular,,March 2011,
Licence,8,November 2011,November 2011,regular,,November 2011,
Licence,9,March 2012,March 2012,regular,,March 2012,
Licence,10,December 2012,December 2012,regular,,December 2012,
Licence,11,March 2013,March 2013,regular,,March 2013,
Licence,12,December 2013,December 2013,regular,,December 2013,
Licence,13,March 2014,March 2014,regular,,March 2014,
Licence,14,December 2014,December 2014,regular,,December 2014,
Licence,15,March 2015,March 2015,regular,,March 2015,
Licence,16,July 2015,July 2015,regular,,July 2015,
Licence,17,November 2015,November 2015,regular,,November 2015,
Licence,18,March 2016,March 2016,regular,,March 2016,
Licence,19,November 2016,November 2016,regular,,November 2016,
Licence,20,March 2017,March 2017,regular,,March 2017,
Licence,21,November 2017,November 2017,regular,,November 2017,
Licence,22,March 2018,March 2018,regular,,March 2018,
Licence,23,October 2018,October 2018,regular,,October 2018,
Licence,24,March 2019,March 2019,regular,,March 2019,
Licence,25,March 2020,March 2020,regular,,March 2020,
Licence,26,November 2020,November 2020,regular,,November 2020,
Licence,27,March 2021,March 2021,regular,,March 2021,
Licence,28,October 2021,October 2021,regular,,October 2021,
Licence,29,March 2022,March 2022,regular,,March 2022,
Licence,30,November 2022,November 2022,regular,,November 2022,
Licence,31,March 2023,March 2023,regular,,March 2023,
Licence,32,November 2023,November 2023,regular,,November 2023,
Licence,33,March 2024,March 2024,regular,,March 2024,
Licence,34,October 2024,October 2024,regular,,October 2024,
Licence,35,March 2025,March 2025,regular,,March 2025,
Licence,36,November 2025,November 2025,regular,,November 2025,
Licence,37,March 2026,March 2026,regular,,March 2026,
ETS,5,June 2010,June 2010,regular,,June 2010,
ETS,6,November 2010,November 2010,regular,,November 2010,
ETS,7,March 2011,March 2011,regular,,March 2011,
ETS,8,November 2011,November 2011,regular,,November 2011,
ETS,9,March 2012,March 2012,regular,,March 2012,
ETS,10,December 2012,December 2012,regular,,December 2012,
ETS,11,March 2013,March 2013,regular,,March 2013,
ETS,12,December 2013,December 2013,regular,,December 2013,
ETS,13,March 2014,March 2014,regular,,March 2014,
ETS,14,December 2014,December 2014,regular,,December 2014,
ETS,15,March 2015,March 2015,regular,,March 2015,
ETS,16,July 2015,July 2015,regular,,July 2015,
ETS,17,November 2015,November 2015,regular,,November 2015,
ETS,18,March 2016,March 2016,regular,,March 2016,
ETS,19,November 2016,November 2016,regular,,November 2016,
ETS,20,March 2017,March 2017,regular,,March 2017,
ETS,21,November 2017,November 2017,regular,,November 2017,
ETS,22,March 2018,March 2018,regular,,March 2018,
ETS,23,October 2018,October 2018,regular,,October 2018,
ETS,24,March 2019,March 2019,regular,,March 2019,
ETS,25,March 2020,March 2020,regular,,March 2020,
ETS,26,November 2020,November 2020,regular,,November 2020,
ETS,27,March 2021,March 2021,regular,,March 2021,
ETS,28,October 2021,October 2021,regular,,October 2021,
ETS,29,March 2022,March 2022,regular,,March 2022,
ETS,30,November 2022,November 2022,regular,,November 2022,
ETS,31,March 2023,March 2023,regular,,March 2023,
ETS,32,November 2023,November 2023,regular,,November 2023,
ETS,33,March 2024,March 2024,regular,,March 2024,
ETS,34,October 2024,October 2024,regular,,October 2024,
ETS,35,March 2025,March 2025,regular,,March 2025,
ETS,36,November 2025,November 2025,regular,,November 2025,
ETS,37,March 2026,March 2026,regular,,March 2026,
EGL,5,June 2010,June 2010,regular,,June 2010,
EGL,6,November 2010,November 2010,regular,,November 2010,
EGL,7,March 2011,March 2011,regular,,March 2011,
EGL,8,November 2011,November 2011,regular,,November 2011,
EGL,9,March 2012,March 2012,regular,,March 2012,
EGL,10,December 2012,December 2012,regular,,December 2012,
EGL,11,March 2013,March 2013,regular,,March 2013,
EGL,12,December 2013,December 2013,regular,,December 2013,
EGL,13,March 2014,March 2014,regular,,March 2014,
EGL,14,December 2014,December 2014,regular,,December 2014,
EGL,15,March 2015,March 2015,regular,,March 2015,
EGL,16,July 2015,July 2015,regular,,July 2015,
EGL,17,November 2015,November 2015,regular,,November 2015,
EGL,18,March 2016,March 2016,regular,,March 2016,
EGL,19,November 2016,November 2016,regular,,November 2016,
EGL,20,March 2017,March 2017,regular,,March 2017,
EGL,21,November 2017,November 2017,regular,,November 2017,
EGL,22,March 2018,March 2018,regular,,March 2018,
EGL,23,October 2018,October 2018,regular,,October 2018,
EGL,24,March 2019,March 2019,regular,,March 2019,
EGL,25,March 2020,March 2020,regular,,March 2020,
EGL,26,November 2020,November 2020,regular,,November 2020,
EGL,27,March 2021,March 2021,regular,,March 2021,
EGL,28,October 2021,October 2021,regular,,October 2021,
EGL,29,March 2022,March 2022,regular,,March 2022,
EGL,30,November 2022,November 2022,regular,,November 2022,
EGL,31,March 2023,March 2023,regular,,March 2023,
EGL,32,November 2023,November 2023,regular,,November 2023,
EGL,33,March 2024,March 2024,regular,,March 2024,
EGL,34,October 2024,October 2024,regular,,October 2024,
EGL,35,March 2025,March 2025,regular,,March 2025,
EGL,36,November 2025,November 2025,regular,,November 2025,
EGL,37,March 2026,March 2026,regular,,March 2026,
CBAM,5,June 2010,June 2010,regular,,June 2010,
CBAM,6,November 2010,November 2010,regular,,November 2010,
CBAM,7,March 2011,March 2011,regular,,March 2011,
CBAM,8,November 2011,November 2011,regular,,November 2011,
CBAM,9,March 2012,March 2012,regular,,March 2012,
CBAM,10,December 2012,December 2012,regular,,December 2012,
CBAM,11,March 2013,March 2013,regular,,March 2013,
CBAM,12,December 2013,December 2013,regular,,December 2013,
CBAM,13,March 2014,March 2014,regular,,March 2014,
CBAM,14,December 2014,December 2014,regular,,December 2014,
CBAM,15,March 2015,March 2015,regular,,March 2015,
CBAM,16,July 2015,July 2015,regular,,July 2015,
CBAM,17,November 2015,November 2015,regular,,November 2015,
CBAM,18,March 2016,March 2016,regular,,March 2016,
CBAM,19,November 2016,November 2016,regular,,November 2016,
CBAM,20,March 2017,March 2017,regular,,March 2017,
CBAM,21,November 2017,November 2017,regular,,November 2017,
CBAM,22,March 2018,March 2018,regular,,March 2018,
CBAM,23,October 2018,October 2018,regular,,October 2018,
CBAM,24,March 2019,March 2019,regular,,March 2019,
CBAM,25,March 2020,March 2020,regular,,March 2020,
CBAM,26,November 2020,November 2020,regular,,November 2020,
CBAM,27,March 2021,March 2021,regular,,March 2021,
CBAM,28,October 2021,October 2021,regular,,October 2021,
CBAM,29,March 2022,March 2022,regular,,March 2022,
CBAM,30,November 2022,November 2022,regular,,November 2022,
CBAM,31,March 2023,March 2023,regular,,March 2023,
CBAM,32,November 2023,November 2023,regular,,November 2023,
CBAM,33,March 2024,March 2024,regular,,March 2024,
CBAM,34,October 2024,October 2024,regular,,October 2024,
CBAM,35,March 2025,March 2025,regular,,March 2025,
CBAM,36,November 2025,November 2025,regular,,November 2025,
CBAM,37,March 2026,March 2026,regular,,March 2026,
Vapes,5,June 2010,June 2010,regular,,June 2010,
Vapes,6,November 2010,November 2010,regular,,November 2010,
Vapes,7,March 2011,March 2011,regular,,March 2011,
Vapes,8,November 2011,November 2011,regular,,November 2011,
Vapes,9,March 2012,March 2012,regular,,March 2012,
Vapes,10,December 2012,December 2012,regular,,December 2012,
Vapes,11,March 2013,March 2013,regular,,March 2013,
Vapes,12,December 2013,December 2013,regular,,December 2013,
Vapes,13,March 2014,March 2014,regular,,March 2014,
Vapes,14,December 2014,December 2014,regular,,December 2014,
Vapes,15,March 2015,March 2015,regular,,March 2015,
Vapes,16,July 2015,July 2015,regular,,July 2015,
Vapes,17,November 2015,November 2015,regular,,November 2015,
Vapes,18,March 2016,March 2016,regular,,March 2016,
Vapes,19,November 2016,November 2016,regular,,November 2016,
Vapes,20,March 2017,March 2017,regular,,March 2017,
Vapes,21,November 2017,November 2017,regular,,November 2017,
Vapes,22,March 2018,March 2018,regular,,March 2018,
Vapes,23,October 2018,October 2018,regular,,October 2018,
Vapes,24,March 2019,March 2019,regular,,March 2019,
Vapes,25,March 2020,March 2020,regular,,March 2020,
Vapes,26,November 2020,November 2020,regular,,November 2020,
Vapes,27,March 2021,March 2021,regular,,March 2021,
Vapes,28,October 2021,October 2021,regular,,October 2021,
Vapes,29,March 2022,March 2022,regular,,March 2022,
Vapes,30,November 2022,November 2022,regular,,November 2022,
Vapes,31,March 2023,March 2023,regular,,March 2023,
Vapes,32,November 2023,November 2023,regular,,November 2023,
Vapes,33,March 2024,March 2024,regular,,March 2024,
Vapes,34,October 2024,October 2024,regular,,October 2024,
Vapes,35,March 2025,March 2025,regular,,March 2025,
Vapes,36,November 2025,November 2025,regular,,November 2025,
Vapes,37,March 2026,March 2026,regular,,March 2026,
Scotland,5,June 2010,June 2010,regular,,June 2010,
Scotland,6,November 2010,November 2010,regular,,November 2010,
Scotland,7,March 2011,March 2011,regular,,March 2011,
Scotland,8,November 2011,November 2011,regular,,November 2011,
Scotland,9,March 2012,March 2012,regular,,March 2012,
Scotland,10,December 2012,December 2012,regular,,December 2012,
Scotland,11,March 2013,March 2013,regular,,March 2013,
Scotland,12,December 2013,December 2013,regular,,December 2013,
Scotland,13,March 2014,March 2014,regular,,March 2014,
Scotland,14,December 2014,December 2014,regular,,December 2014,
Scotland,15,March 2015,March 2015,regular,,March 2015,
Scotland,16,July 2015,July 2015,regular,,July 2015,
Scotland,17,November 2015,November 2015,regular,,November 2015,
Scotland,18,March 2016,March 2016,regular,,March 2016,
Scotland,19,November 2016,November 2016,regular,,November 2016,
Scotland,20,March 2017,March 2017,regular,,March 2017,
Scotland,21,November 2017,November 2017,regular,,November 2017,
Scotland,22,March 2018,March 2018,regular,,March 2018,
Scotland,23,October 2018,October 2018,regular,,October 2018,
Scotland,24,March 2019,March 2019,regular,,March 2019,
Scotland,25,March 2020,March 2020,regular,,March 2020,
Scotland,26,November 2020,November 2020,regular,,November 2020,
Scotland,27,March 2021,March 2021,regular,,March 2021,
Scotland,28,October 2021,October 2021,regular,,October 2021,
Scotland,29,March 2022,March 2022,regular,,March 2022,
Scotland,30,November 2022,November 2022,regular,,November 2022,
Scotland,31,March 2023,March 2023,regular,,March 2023,
Scotland,32,November 2023,November 2023,regular,,November 2023,
Scotland,33,March 2024,March 2024,regular,,March 2024,
Scotland,34,October 2024,October 2024,regular,,October 2024,
Scotland,35,March 2025,March 2025,regular,,March 2025,
Scotland,36,November 2025,November 2025,regular,,November 2025,
Scotland,37,March 2026,March 2026,regular,,March 2026,
HSC,5,June 2010,June 2010,regular,,June 2010,
HSC,6,November 2010,November 2010,regular,,November 2010,
HSC,7,March 2011,March 2011,regular,,March 2011,
HSC,8,November 2011,November 2011,regular,,November 2011,
HSC,9,March 2012,March 2012,regular,,March 2012,
HSC,10,December 2012,December 2012,regular,,December 2012,
HSC,11,March 2013,March 2013,regular,,March 2013,
HSC,12,December 2013,December 2013,regular,,December 2013,
HSC,13,March 2014,March 2014,regular,,March 2014,
HSC,14,December 2014,December 2014,regular,,December 2014,
HSC,15,March 2015,March 2015,regular,,March 2015,
HSC,16,July 2015,July 2015,regular,,July 2015,
HSC,17,November 2015,November 2015,regular,,November 2015,
HSC,18,March 2016,March 2016,regular,,March 2016,
HSC,19,November 2016,November 2016,regular,,November 2016,
HSC,20,March 2017,March 2017,regular,,March 2017,
HSC,21,November 2017,November 2017,regular,,November 2017,
HSC,22,March 2018,March 2018,regular,,March 2018,
HSC,23,October 2018,October 2018,regular,,October 2018,
HSC,24,March 2019,March 2019,regular,,March 2019,
HSC,25,March 2020,March 2020,regular,,March 2020,
HSC,26,November 2020,November 2020,regular,,November 2020,
HSC,27,March 2021,March 2021,regular,,March 2021,
HSC,28,October 2021,October 2021,regular,,October 2021,
HSC,29,March 2022,March 2022,regular,,March 2022,
HSC,30,November 2022,November 2022,regular,,November 2022,
HSC,31,March 2023,March 2023,regular,,March 2023,
HSC,32,November 2023,November 2023,regular,,November 2023,
HSC,33,March 2024,March 2024,regular,,March 2024,
RDEL,5,June 2010,June 2010,regular,,June 2010,
RDEL,6,November 2010,November 2010,regular,,November 2010,
RDEL,7,March 2011,March 2011,regular,,March 2011,
RDEL,8,November 2011,November 2011,regular,,November 2011,
RDEL,9,March 2012,March 2012,regular,,March 2012,
RDEL,10,December 2012,December 2012,regular,,December 2012,
RDEL,11,March 2013,March 2013,regular,,March 2013,
RDEL,12,December 2013,December 2013,regular,,December 2013,
RDEL,13,March 2014,March 2014,regular,,March 2014,
RDEL,14,December 2014,December 2014,regular,,December 2014,
RDEL,15,March 2015,March 2015,regular,,March 2015,
RDEL,16,July 2015,July 2015,regular,,July 2015,
RDEL,17,November 2015,November 2015,regular,,November 2015,
RDEL,18,March 2016,March 2016,regular,,March 2016,
RDEL,19,November 2016,November 2016,regular,,November 2016,
RDEL,20,March 2017,March 2017,regular,,March 2017,
RDEL,21,November 2017,November 2017,regular,,November 2017,
RDEL,22,March 2018,March 2018,regular,,March 2018,
RDEL,23,October 2018,October 2018,regular,,October 2018,
RDEL,24,March 2019,March 2019,regular,,March 2019,
RDEL,25,March 2020,March 2020,regular,,March 2020,
RDEL,26,November 2020,November 2020,regular,,November 2020,
RDEL,27,March 2021,March 2021,regular,,March 2021,
RDEL,28,October 2021,October 2021,regular,,October 2021,
RDEL,29,March 2022,March 2022,regular,,March 2022,
RDEL,30,November 2022,November 2022,regular,,November 2022,
RDEL,31,March 2023,March 2023,regular,,March 2023,
RDEL,32,November 2023,November 2023,regular,,November 2023,
RDEL,33,March 2024,March 2024,regular,,March 2024,
RDEL,34,October 2024,October 2024,regular,,October 2024,
RDEL,35,March 2025,March 2025,regular,,March 2025,
RDEL,36,November 2025,November 2025,regular,,November 2025,
RDEL,37,March 2026,March 2026,regular,,March 2026,
CDEL,5,June 2010,June 2010,regular,,June 2010,
CDEL,6,November 2010,November 2010,regular,,November 2010,
CDEL,7,March 2011,March 2011,regular,,March 2011,
CDEL,8,November 2011,November 2011,regular,,November 2011,
CDEL,9,March 2012,March 2012,regular,,March 2012,
CDEL,10,December 2012,December 2012,regular,,December 2012,
CDEL,11,March 2013,March 2013,regular,,March 2013,
CDEL,12,December 2013,December 2013,regular,,December 2013,
CDEL,13,March 2014,March 2014,regular,,March 2014,
CDEL,14,December 2014,December 2014,regular,,December 2014,
CDEL,15,March 2015,March 2015,regular,,March 2015,
CDEL,16,July 2015,July 2015,regular,,July 2015,
CDEL,17,November 2015,November 2015,regular,,November 2015,
CDEL,18,March 2016,March 2016,regular,,March 2016,
CDEL,19,November 2016,November 2016,regular,,November 2016,
CDEL,20,March 2017,March 2017,regular,,March 2017,
CDEL,21,November 2017,November 2017,regular,,November 2017,
CDEL,22,March 2018,March 2018,regular,,March 2018,
CDEL,23,October 2018,October 2018,regular,,October 2018,
CDEL,24,March 2019,March 2019,regular,,March 2019,
CDEL,25,March 2020,March 2020,regular,,March 2020,
CDEL,26,November 2020,November 2020,regular,,November 2020,
CDEL,27,March 2021,March 2021,regular,,March 2021,
CDEL,28,October 2021,October 2021,regular,,October 2021,
CDEL,29,March 2022,March 2022,regular,,March 2022,
CDEL,30,November 2022,November 2022,regular,,November 2022,
CDEL,31,March 2023,March 2023,regular,,March 2023,
CDEL,32,November 2023,November 2023,regular,,November 2023,
CDEL,33,March 2024,March 2024,regular,,March 2024,
CDEL,34,October 2024,October 2024,regular,,October 2024,
CDEL,35,March 2025,March 2025,regular,,March 2025,
CDEL,36,November 2025,November 2025,regular,,November 2025,
CDEL,37,March 2026,March 2026,regular,,March 2026,
Total welfare,5,June 2010,June 2010,regular,,June 2010,
Total welfare,6,November 2010,November 2010,regular,,November 2010,
Total welfare,7,March 2011,March 2011,regular,,March 2011,
Total welfare,8,November 2011,November 2011,regular,,November 2011,
Total welfare,9,March 2012,March 2012,regular,,March 2012,
Total welfare,10,December 2012,December 2012,regular,,December 2012,
Total welfare,11,March 2013,March 2013,regular,,March 2013,
Total welfare,12,December 2013,December 2013,regular,,December 2013,
Total welfare,13,March 2014,March 2014,regular,,March 2014,
Total welfare,14,December 2014,December 2014,regular,,December 2014,
Total welfare,15,March 2015,March 2015,regular,,March 2015,
Total welfare,16,July 2015,July 2015,regular,,July 2015,
Total welfare,17,November 2015,November 2015,regular,,November 2015,
Total welfare,18,March 2016,March 2016,regular,,March 2016,
Total welfare,19,November 2016,November 2016,regular,,November 2016,
Total welfare,20,March 2017,March 2017,regular,,March 2017,
Total welfare,21,November 2017,November 2017,regular,,November 2017,
Total welfare,22,March 2018,March 2018,regular,,March 2018,
Total welfare,23,October 2018,October 2018,regular,,October 2018,
Total welfare,24,March 2019,March 2019,regular,,March 2019,
Total welfare,25,March 2020,March 2020,regular,,March 2020,
Total welfare,26,November 2020,November 2020,regular,,November 2020,
Total welfare,27,March 2021,March 2021,regular,,March 2021,
Total welfare,28,October 2021,October 2021,regular,,October 2021,
Total welfare,29,March 2022,March 2022,regular,,March 2022,
Total welfare,30,November 2022,November 2022,regular,,November 2022,
Total welfare,31,March 2023,March 2023,regular,,March 2023,
Total welfare,32,November 2023,November 2023,regular,,November 2023,
Total welfare,33,March 2024,March 2024,regular,,March 2024,
Total welfare,34,October 2024,October 2024,regular,,October 2024,
Total welfare,35,March 2025,March 2025,regular,,March 2025,
Total welfare,36,November 2025,November 2025,regular,,November 2025,
Total welfare,37,March 2026,March 2026,regular,,March 2026,
Welfare in,5,June 2010,June 2010,regular,,June 2010,
Welfare in,6,November 2010,November 2010,regular,,November 2010,
Welfare in,7,March 2011,March 2011,regular,,March 2011,
Welfare in,8,November 2011,November 2011,regular,,November 2011,
Welfare in,9,March 2012,March 2012,regular,,March 2012,
Welfare in,10,December 2012,December 2012,regular,,December 2012,
Welfare in,11,March 2013,March 2013,regular,,March 2013,
Welfare in,12,December 2013,December 2013,regular,,December 2013,
Welfare in,13,March 2014,March 2014,regular,,March 2014,
Welfare in,14,December 2014,December 2014,regular,,December 2014,
Welfare in,15,March 2015,March 2015,regular,,March 2015,
Welfare in,16,July 2015,July 2015,regular,,July 2015,
Welfare in,17,November 2015,November 2015,regular,,November 2015,
Welfare in,18,March 2016,March 2016,regular,,March 2016,
Welfare in,19,November 2016,November 2016,regular,,November 2016,
Welfare in,20,March 2017,March 2017,regular,,March 2017,
Welfare in,21,November 2017,November 2017,regular,,November 2017,
Welfare in,22,March 2018,March 2018,regular,,March 2018,
Welfare in,23,October 2018,October 2018,regular,,October 2018,
Welfare in,24,March 2019,March 2019,regular,,March 2019,
Welfare in,25,March 2020,March 2020,regular,,March 2020,
Welfare in,26,November 2020,November 2020,regular,,November 2020,
Welfare in,27,March 2021,March 2021,regular,,March 2021,
Welfare in,28,October 2021,October 2021,regular,,October 2021,
Welfare in,29,March 2022,March 2022,regular,,March 2022,
Welfare in,30,November 2022,November 2022,regular,,November 2022,
Welfare in,31,March 2023,March 2023,regular,,March 2023,
Welfare in,32,November 2023,November 2023,regular,,November 2023,
Welfare in,33,March 2024,March 2024,regular,,March 2024,
Welfare in,34,October 2024,October 2024,regular,,October 2024,
Welfare in,35,March 2025,March 2025,regular,,March 2025,
Welfare in,36,November 2025,November 2025,regular,,November 2025,
Welfare in,37,March 2026,March 2026,regular,,March 2026,
Welfare out,5,June 2010,June 2010,regular,,June 2010,
Welfare out,6,November 2010,November 2010,regular,,November 2010,
Welfare out,7,March 2011,March 2011,regular,,March 2011,
Welfare out,8,November 2011,November 2011,regular,,November 2011,
Welfare out,9,March 2012,March 2012,regular,,March 2012,
Welfare out,10,December 2012,December 2012,regular,,December 2012,
Welfare out,11,March 2013,March 2013,regular,,March 2013,
Welfare out,12,December 2013,December 2013,regular,,December 2013,
Welfare out,13,March 2014,March 2014,regular,,March 2014,
Welfare out,14,December 2014,December 2014,regular,,December 2014,
Welfare out,15,March 2015,March 2015,regular,,March 2015,
Welfare out,16,July 2015,July 2015,regular,,July 2015,
Welfare out,17,November 2015,November 2015,regular,,November 2015,
Welfare out,18,March 2016,March 2016,regular,,March 2016,
Welfare out,19,November 2016,November 2016,regular,,November 2016,
Welfare out,20,March 2017,March 2017,regular,,March 2017,
Welfare out,21,November 2017,November 2017,regular,,November 2017,
Welfare out,22,March 2018,March 2018,regular,,March 2018,
Welfare out,23,October 2018,October 2018,regular,,October 2018,
Welfare out,24,March 2019,March 2019,regular,,March 2019,
Welfare out,25,March 2020,March 2020,regular,,March 2020,
Welfare out,26,November 2020,November 2020,regular,,November 2020,
Welfare out,27,March 2021,March 2021,regular,,March 2021,
Welfare out,28,October 2021,October 2021,regular,,October 2021,
Welfare out,29,March 2022,March 2022,regular,,March 2022,
Welfare out,30,November 2022,November 2022,regular,,November 2022,
Welfare out,31,March 2023,March 2023,regular,,March 2023,
Welfare out,32,November 2023,November 2023,regular,,November 2023,
Welfare out,33,March 2024,March 2024,regular,,March 2024,
Welfare out,34,October 2024,October 2024,regular,,October 2024,
Welfare out,35,March 2025,March 2025,regular,,March 2025,
Welfare out,36,November 2025,November 2025,regular,,November 2025,
Welfare out,37,March 2026,March 2026,regular,,March 2026,
LASFEcurr,5,June 2010,June 2010,regular,,June 2010,
LASFEcurr,6,November 2010,November 2010,regular,,November 2010,
LASFEcurr,7,March 2011,March 2011,regular,,March 2011,
LASFEcurr,8,November 2011,November 2011,regular,,November 2011,
LASFEcurr,9,March 2012,March 2012,regular,,March 2012,
LASFEcurr,10,December 2012,December 2012,regular,,December 2012,
LASFEcurr,11,March 2013,March 2013,regular,,March 2013,
LASFEcurr,12,December 2013,December 2013,regular,,December 2013,
LASFEcurr,13,March 2014,March 2014,regular,,March 2014,
LASFEcurr,14,December 2014,December 2014,regular,,December 2014,
LASFEcurr,15,March 2015,March 2015,regular,,March 2015,
LASFEcurr,16,July 2015,July 2015,regular,,July 2015,
LASFEcurr,17,November 2015,November 2015,regular,,November 2015,
LASFEcurr,18,March 2016,March 2016,regular,,March 2016,
LASFEcurr,19,November 2016,November 2016,regular,,November 2016,
LASFEcurr,20,March 2017,March 2017,regular,,March 2017,
LASFEcurr,21,November 2017,November 2017,regular,,November 2017,
LASFEcurr,22,March 2018,March 2018,regular,,March 2018,
LASFEcurr,23,October 2018,October 2018,regular,,October 2018,
LASFEcurr,24,March 2019,March 2019,regular,,March 2019,
LASFEcurr,25,March 2020,March 2020,regular,,March 2020,
LASFEcurr,26,November 2020,November 2020,regular,,November 2020,
LASFEcurr,27,March 2021,March 2021,regular,,March 2021,
LASFEcurr,28,October 2021,October 2021,regular,,October 2021,
LASFEcurr,29,March 2022,March 2022,regular,,March 2022,
LASFEcurr,30,November 2022,November 2022,regular,,November 2022,
LASFEcurr,31,March 2023,March 2023,regular,,March 2023,
LASFEcurr,32,November 2023,November 2023,regular,,November 2023,
LASFEcurr,33,March 2024,March 2024,regular,,March 2024,
LASFEcurr,34,October 2024,October 2024,regular,,October 2024,
LASFEcurr,35,March 2025,March 2025,regular,,March 2025,
LASFEcurr,36,November 2025,November 2025,regular,,November 2025,
LASFEcurr,37,March 2026,March 2026,regular,,March 2026,
LASFEcap,5,June 2010,June 2010,regular,,June 2010,
LASFEcap,6,November 2010,November 2010,regular,,November 2010,
LASFEcap,7,March 2011,March 2011,regular,,March 2011,
LASFEcap,8,November 2011,November 2011,regular,,November 2011,
LASFEcap,9,March 2012,March 2012,regular,,March 2012,
LASFEcap,10,December 2012,December 2012,regular,,December 2012,
LASFEcap,11,March 2013,March 2013,regular,,March 2013,
LASFEcap,12,December 2013,December 2013,regular,,December 2013,
LASFEcap,13,March 2014,March 2014,regular,,March 2014,
LASFEcap,14,December 2014,December 2014,regular,,December 2014,
LASFEcap,15,March 2015,March 2015,regular,,March 2015,
LASFEcap,16,July 2015,July 2015,regular,,July 2015,
LASFEcap,17,November 2015,November 2015,regular,,November 2015,
LASFEcap,18,March 2016,March 2016,regular,,March 2016,
LASFEcap,19,November 2016,November 2016,regular,,November 2016,
LASFEcap,20,March 2017,March 2017,regular,,March 2017,
LASFEcap,21,November 2017,November 2017,regular,,November 2017,
LASFEcap,22,March 2018,March 2018,regular,,March 2018,
LASFEcap,23,October 2018,October 2018,regular,,October 2018,
LASFEcap,24,March 2019,March 2019,regular,,March 2019,
LASFEcap,25,March 2020,March 2020,regular,,March 2020,
LASFEcap,26,November 2020,November 2020,regular,,November 2020,
LASFEcap,27,March 2021,March 2021,regular,,March 2021,
LASFEcap,28,October 2021,October 2021,regular,,October 2021,
LASFEcap,29,March 2022,March 2022,regular,,March 2022,
LASFEcap,30,November 2022,November 2022,regular,,November 2022,
LASFEcap,31,March 2023,March 2023,regular,,March 2023,
LASFEcap,32,November 2023,November 2023,regular,,November 2023,
LASFEcap,33,March 2024,March 2024,regular,,March 2024,
LASFEcap,34,October 2024,October 2024,regular,,October 2024,
LASFEcap,35,March 2025,March 2025,regular,,March 2025,
LASFEcap,36,November 2025,November 2025,regular,,November 2025,
LASFEcap,37,March 2026,March 2026,regular,,March 2026,
PSDebtint,5,June 2010,June 2010,regular,,June 2010,
PSDebtint,6,November 2010,November 2010,regular,,November 2010,
PSDebtint,7,March 2011,March 2011,regular,,March 2011,
PSDebtint,8,November 2011,November 2011,regular,,November 2011,
PSDebtint,9,March 2012,March 2012,regular,,March 2012,
PSDebtint,10,December 2012,December 2012,regular,,December 2012,
PSDebtint,11,March 2013,March 2013,regular,,March 2013,
PSDebtint,12,December 2013,December 2013,regular,,December 2013,
PSDebtint,13,March 2014,March 2014,regular,,March 2014,
PSDebtint,14,December 2014,December 2014,regular,,December 2014,
PSDebtint,15,March 2015,March 2015,regular,,March 2015,
PSDebtint,16,July 2015,July 2015,regular,,July 2015,
PSDebtint,17,November 2015,November 2015,regular,,November 2015,
PSDebtint,18,March 2016,March 2016,regular,,March 2016,
PSDebtint,19,November 2016,November 2016,regular,,November 2016,
PSDebtint,20,March 2017,March 2017,regular,,March 2017,
PSDebtint,21,November 2017,November 2017,regular,,November 2017,
PSDebtint,22,March 2018,March 2018,regular,,March 2018,
PSDebtint,23,October 2018,October 2018,regular,,October 2018,
PSDebtint,24,March 2019,March 2019,regular,,March 2019,
PSDebtint,25,March 2020,March 2020,regular,,March 2020,
PSDebtint,26,November 2020,November 2020,regular,,November 2020,
PSDebtint,27,March 2021,March 2021,regular,,March 2021,
PSDebtint,28,October 2021,October 2021,regular,,October 2021,
PSDebtint,29,March 2022,March 2022,regular,,March 2022,
PSDebtint,30,November 2022,November 2022,regular,,November 2022,
PSDebtint,31,March 2023,March 2023,regular,,March 2023,
PSDebtint,32,November 2023,November 2023,regular,,November 2023,
PSDebtint,33,March 2024,March 2024,regular,,March 2024,
PSDebtint,34,October 2024,October 2024,regular,,October 2024,
PSDebtint,35,March 2025,March 2025,regular,,March 2025,
PSDebtint,36,November 2025,November 2025,regular,,November 2025,
PSDebtint,37,March 2026,March 2026,regular,,March 2026,
PSDebtint,42,Memo: restated March 2019 forecast,March 2019,memo,restated,March 2019 (restated),
PSDebtint,43,Memo: supplementary March 2020 forecast,March 2020,memo,supplementary,March 2020 (supplementary),
Debtint,5,June 2010,June 2010,regular,,June 2010,
Debtint,6,November 2010,November 2010,regular,,November 2010,
Debtint,7,March 2011,March 2011,regular,,March 2011,
Debtint,8,November 2011,November 2011,regular,,November 2011,
Debtint,9,March 2012,March 2012,regular,,March 2012,
Debtint,10,December 2012,December 2012,regular,,December 2012,
Debtint,11,March 2013,March 2013,regular,,March 2013,
Debtint,12,December 2013,December 2013,regular,,December 2013,
Debtint,13,March 2014,March 2014,regular,,March 2014,
Debtint,14,December 2014,December 2014,regular,,December 2014,
Debtint,15,March 2015,March 2015,regular,,March 2015,
Debtint,16,July 2015,July 2015,regular,,July 2015,
Debtint,17,November 2015,November 2015,regular,,November 2015,
Debtint,18,March 2016,March 2016,regular,,March 2016,
Debtint,19,November 2016,November 2016,regular,,November 2016,
Debtint,20,March 2017,March 2017,regular,,March 2017,
Debtint,21,November 2017,November 2017,regular,,November 2017,
Debtint,22,March 2018,March 2018,regular,,March 2018,
Debtint,23,October 2018,October 2018,regular,,October 2018,
Debtint,24,March 2019,March 2019,regular,,March 2019,
Debtint,25,March 2020,March 2020,regular,,March 2020,
Debtint,26,November 2020,November 2020,regular,,November 2020,
Debtint,27,March 2021,March 2021,regular,,March 2021,
Debtint,28,October 2021,October 2021,regular,,October 2021,
Debtint,29,March 2022,March 2022,regular,,March 2022,
Debtint,30,November 2022,November 2022,regular,,November 2022,
Debtint,31,March 2023,March 2023,regular,,March 2023,
Debtint,32,November 2023,November 2023,regular,,November 2023,
Debtint,33,March 2024,March 2024,regular,,March 2024,
Debtint,34,October 2024,October 2024,regular,,October 2024,
Debtint,35,March 2025,March 2025,regular,,March 2025,
Debtint,36,November 2025,November 2025,regular,,November 2025,
Debtint,37,March 2026,March 2026,regular,,March 2026,
Debtint,42,Memo: supplementary March 2020 forecast,March 2020,memo,supplementary,March 2020 (supplementary),
APF,5,June 2010,June 2010,regular,,June 2010,
APF,6,November 2010,November 2010,regular,,November 2010,
APF,7,March 2011,March 2011,regular,,March 2011,
APF,8,November 2011,November 2011,regular,,November 2011,
APF,9,March 2012,March 2012,regular,,March 2012,
APF,10,December 2012,December 2012,regular,,December 2012,
APF,11,March 2013,March 2013,regular,,March 2013,
APF,12,December 2013,December 2013,regular,,December 2013,
APF,13,March 2014,March 2014,regular,,March 2014,
APF,14,December 2014,December 2014,regular,,December 2014,
APF,15,March 2015,March 2015,regular,,March 2015,
APF,16,July 2015,July 2015,regular,,July 2015,
APF,17,November 2015,November 2015,regular,,November 2015,
APF,18,March 2016,March 2016,regular,,March 2016,
APF,19,November 2016,November 2016,regular,,November 2016,
APF,20,March 2017,March 2017,regular,,March 2017,
APF,21,November 2017,November 2017,regular,,November 2017,
APF,22,March 2018,March 2018,regular,,March 2018,
APF,23,October 2018,October 2018,regular,,October 2018,
APF,24,March 2019,March 2019,regular,,March 2019,
APF,25,March 2020,March 2020,regular,,March 2020,
APF,26,November 2020,November 2020,regular,,November 2020,
APF,27,March 2021,March 2021,regular,,March 2021,
APF,28,October 2021,October 2021,regular,,October 2021,
APF,29,March 2022,March 2022,regular,,March 2022,
APF,30,November 2022,November 2022,regular,,November 2022,
APF,31,March 2023,March 2023,regular,,March 2023,
APF,32,November 2023,November 2023,regular,,November 2023,
APF,33,March 2024,March 2024,regular,,March 2024,
APF,34,October 2024,October 2024,regular,,October 2024,
APF,35,March 2025,March 2025,regular,,March 2025,
APF,36,November 2025,November 2025,regular,,November 2025,
APF,37,March 2026,March 2026,regular,,March 2026,
Netdebtint,5,June 2010,June 2010,regular,,June 2010,
Netdebtint,6,November 2010,November 2010,regular,,November 2010,
Netdebtint,7,March 2011,March 2011,regular,,March 2011,
Netdebtint,8,November 2011,November 2011,regular,,November 2011,
Netdebtint,9,March 2012,March 2012,regular,,March 2012,
Netdebtint,10,December 2012,December 2012,regular,,December 2012,
Netdebtint,11,March 2013,March 2013,regular,,March 2013,
Netdebtint,12,December 2013,December 2013,regular,,December 2013,
Netdebtint,13,March 2014,March 2014,regular,,March 2014,
Netdebtint,14,December 2014,December 2014,regular,,December 2014,
Netdebtint,15,March 2015,March 2015,regular,,March 2015,
Netdebtint,16,July 2015,July 2015,regular,,July 2015,
Netdebtint,17,November 2015,November 2015,regular,,November 2015,
Netdebtint,18,March 2016,March 2016,regular,,March 2016,
Netdebtint,19,November 2016,November 2016,regular,,November 2016,
Netdebtint,20,March 2017,March 2017,regular,,March 2017,
Netdebtint,21,November 2017,November 2017,regular,,November 2017,
Netdebtint,22,March 2018,March 2018,regular,,March 2018,
Netdebtint,23,October 2018,October 2018,regular,,October 2018,
Netdebtint,24,March 2019,March 2019,regular,,March 2019,
Netdebtint,25,March 2020,March 2020,regular,,March 2020,
Netdebtint,26,November 2020,November 2020,regular,,November 2020,
Netdebtint,27,March 2021,March 2021,regular,,March 2021,
Netdebtint,28,October 2021,October 2021,regular,,October 2021,
Netdebtint,29,March 2022,March 2022,regular,,March 2022,
Netdebtint,30,November 2022,November 2022,regular,,November 2022,
Netdebtint,31,March 2023,March 2023,regular,,March 2023,
Netdebtint,32,November 2023,November 2023,regular,,November 2023,
Netdebtint,33,March 2024,March 2024,regular,,March 2024,
Netdebtint,34,October 2024,October 2024,regular,,October 2024,
Netdebtint,35,March 2025,March 2025,regular,,March 2025,
Netdebtint,36,November 2025,November 2025,regular,,November 2025,
Netdebtint,37,March 2026,March 2026,regular,,March 2026,
Netdebtint,42,Memo: supplementary March 2020 forecast,March 2020,memo,supplementary,March 2020 (supplementary),
PCDebtint,5,June 2010,June 2010,regular,,June 2010,
PCDebtint,6,November 2010,November 2010,regular,,November 2010,
PCDebtint,7,March 2011,March 2011,regular,,March 2011,
PCDebtint,8,November 2011,November 2011,regular,,November 2011,
PCDebtint,9,March 2012,March 2012,regular,,March 2012,
PCDebtint,10,December 2012,December 2012,regular,,December 2012,
PCDebtint,11,March 2013,March 2013,regular,,March 2013,
PCDebtint,12,December 2013,December 2013,regular,,December 2013,
PCDebtint,13,March 2014,March 2014,regular,,March 2014,
PCDebtint,14,December 2014,December 2014,regular,,December 2014,
PCDebtint,15,March 2015,March 2015,regular,,March 2015,
PCDebtint,16,July 2015,July 2015,regular,,July 2015,
PCDebtint,17,November 2015,November 2015,regular,,November 2015,
PCDebtint,18,March 2016,March 2016,regular,,March 2016,
PCDebtint,19,November 2016,November 2016,regular,,November 2016,
PCDebtint,20,March 2017,March 2017,regular,,March 2017,
PCDebtint,21,November 2017†,November 2017,regular,,November 2017,†
PCDebtint,22,March 2018,March 2018,regular,,March 2018,
PCDebtint,23,October 2018,October 2018,regular,,October 2018,
PCDebtint,24,March 2019,March 2019,regular,,March 2019,
PCDebtint,25,March 2020,March 2020,regular,,March 2020,
PCDebtint,26,November 2020,November 2020,regular,,November 2020,
PCDebtint,27,March 2021,March 2021,regular,,March 2021,
PCDebtint,28,October 2021,October 2021,regular,,October 2021,
PCDebtint,29,March 2022,March 2022,regular,,March 2022,
PCDebtint,30,November 2022,November 2022,regular,,November 2022,
PCDebtint,31,March 2023,March 2023,regular,,March 2023,
PCDebtint,32,November 2023,November 2023,regular,,November 2023,
PCDebtint,33,March 2024,March 2024,regular,,March 2024,
PCDebtint,34,October 2024,October 2024,regular,,October 2024,
PCDebtint,35,March 2025,March 2025,regular,,March 2025,
PCDebtint,36,November 2025,November 2025,regular,,November 2025,
PCDebtint,37,March 2026,March 2026,regular,,March 2026,
Pensions,5,June 2010,June 2010,regular,,June 2010,
Pensions,6,November 2010,November 2010,regular,,November 2010,
Pensions,7,March 2011,March 2011,regular,,March 2011,
Pensions,8,November 2011,November 2011,regular,,November 2011,
Pensions,9,March 2012,March 2012,regular,,March 2012,
Pensions,10,December 2012,December 2012,regular,,December 2012,
Pensions,11,March 2013,March 2013,regular,,March 2013,
Pensions,12,December 2013,December 2013,regular,,December 2013,
Pensions,13,March 2014,March 2014,regular,,March 2014,
Pensions,14,December 2014,December 2014,regular,,December 2014,
Pensions,15,March 2015,March 2015,regular,,March 2015,
Pensions,16,July 2015,July 2015,regular,,July 2015,
Pensions,17,November 2015,November 2015,regular,,November 2015,
Pensions,18,March 2016,March 2016,regular,,March 2016,
Pensions,19,November 2016,November 2016,regular,,November 2016,
Pensions,20,March 2017,March 2017,regular,,March 2017,
Pensions,21,November 2017,November 2017,regular,,November 2017,
Pensions,22,March 2018,March 2018,regular,,March 2018,
Pensions,23,October 2018,October 2018,regular,,October 2018,
Pensions,24,March 2019,March 2019,regular,,March 2019,
Pensions,25,March 2020,March 2020,regular,,March 2020,
Pensions,26,November 2020,November 2020,regular,,November 2020,
Pensions,27,March 2021,March 2021,regular,,March 2021,
Pensions,28,October 2021,October 2021,regular,,October 2021,
Pensions,29,March 2022,March 2022,regular,,March 2022,
Pensions,30,November 2022,November 2022,regular,,November 2022,
Pensions,31,March 2023,March 2023,regular,,March 2023,
Pensions,32,November 2023,November 2023,regular,,November 2023,
Pensions,33,March 2024,March 2024,regular,,March 2024,
Pensions,34,October 2024,October 2024,regular,,October 2024,
Pensions,35,March 2025,March 2025,regular,,March 2025,
Pensions,36,November 2025,November 2025,regular,,November 2025,
Pensions,37,March 2026,March 2026,regular,,March 2026,
EU,5,June 2010,June 2010,regular,,June 2010,
EU,6,November 2010,November 2010,regular,,November 2010,
EU,7,March 2011,March 2011,regular,,March 2011,
EU,8,November 2011,November 2011,regular,,November 2011,
EU,9,March 2012,March 2012,regular,,March 2012,
EU,10,December 2012,December 2012,regular,,December 2012,
EU,11,March 2013,March 2013,regular,,March 2013,
EU,12,December 2013,December 2013,regular,,December 2013,
EU,13,March 2014,March 2014,regular,,March 2014,
EU,14,December 2014,December 2014,regular,,December 2014,
EU,15,March 2015,March 2015,regular,,March 2015,
EU,16,July 2015,July 2015,regular,,July 2015,
EU,17,November 2015,November 2015,regular,,November 2015,
EU,18,March 2016,March 2016,regular,,March 2016,
EU,19,November 2016,November 2016,regular,,November 2016,
EU,20,March 2017,March 2017,regular,,March 2017,
EU,21,November 2017,November 2017,regular,,November 2017,
EU,22,March 2018,March 2018,regular,,March 2018,
EU,23,October 2018,October 2018,regular,,October 2018,
EU,24,March 2019,March 2019,regular,,March 2019,
EU,25,March 2020,March 2020,regular,,March 2020,
EU,26,November 2020,November 2020,regular,,November 2020,
EU,27,March 2021,March 2021,regular,,March 2021,
EU,28,October 2021,October 2021,regular,,October 2021,
EU,29,March 2022,March 2022,regular,,March 2022,
EU,30,November 2022,November 2022,regular,,November 2022,
EU,31,March 2023,March 2023,regular,,March 2023,
EU,32,November 2023,November 2023,regular,,November 2023,
EU,33,March 2024,March 2024,regular,,March 2024,
EU,34,October 2024,October 2024,regular,,October 2024,
EU,35,March 2025,March 2025,regular,,March 2025,
EU,36,November 2025,November 2025,regular,,November 2025,
EU,37,March 2026,March 2026,regular,,March 2026,
PCcapex,5,June 2010,June 2010,regular,,June 2010,
PCcapex,6,November 2010,November 2010,regular,,November 2010,
PCcapex,7,March 2011,March 2011,regular,,March 2011,
PCcapex,8,November 2011,November 2011,regular,,November 2011,
PCcapex,9,March 2012,March 2012,regular,,March 2012,
PCcapex,10,December 2012,December 2012,regular,,December 2012,
PCcapex,11,March 2013,March 2013,regular,,March 2013,
PCcapex,12,December 2013,December 2013,regular,,December 2013,
PCcapex,13,March 2014,March 2014,regular,,March 2014,
PCcapex,14,December 2014,December 2014,regular,,December 2014,
PCcapex,15,March 2015,March 2015,regular,,March 2015,
PCcapex,16,July 2015,July 2015,regular,,July 2015,
PCcapex,17,November 2015,November 2015,regular,,November 2015,
PCcapex,18,March 2016,March 2016,regular,,March 2016,
PCcapex,19,November 2016,November 2016,regular,,November 2016,
PCcapex,20,March 2017,March 2017,regular,,March 2017,
PCcapex,21,November 2017†,November 2017,regular,,November 2017,†
PCcapex,22,March 2018,March 2018,regular,,March 2018,
PCcapex,23,October 2018,October 2018,regular,,October 2018,
PCcapex,24,March 2019,March 2019,regular,,March 2019,
PCcapex,25,March 2020,March 2020,regular,,March 2020,
PCcapex,26,November 2020,November 2020,regular,,November 2020,
PCcapex,27,March 2021,March 2021,regular,,March 2021,
PCcapex,28,October 2021,October 2021,regular,,October 2021,
PCcapex,29,March 2022,March 2022,regular,,March 2022,
PCcapex,30,November 2022,November 2022,regular,,November 2022,
PCcapex,31,March 2023,March 2023,regular,,March 2023,
PCcapex,32,November 2023,November 2023,regular,,November 2023,
PCcapex,33,March 2024,March 2024,regular,,March 2024,
PCcapex,34,October 2024,October 2024,regular,,October 2024,
PCcapex,35,March 2025,March 2025,regular,,March 2025,
PCcapex,36,November 2025,November 2025,regular,,November 2025,
PCcapex,37,2026-03-01T00:00:00,March 2026,regular,,March 2026,[date cell]
Ctaxcreds,5,2010-06-01T00:00:00,June 2010,regular,,June 2010,[date cell]
Ctaxcreds,6,2010-11-01T00:00:00,November 2010,regular,,November 2010,[date cell]
Ctaxcreds,7,2011-03-01T00:00:00,March 2011,regular,,March 2011,[date cell]
Ctaxcreds,8,2011-11-01T00:00:00,November 2011,regular,,November 2011,[date cell]
Ctaxcreds,9,2012-03-01T00:00:00,March 2012,regular,,March 2012,[date cell]
Ctaxcreds,10,2012-12-01T00:00:00,December 2012,regular,,December 2012,[date cell]
Ctaxcreds,11,2013-03-01T00:00:00,March 2013,regular,,March 2013,[date cell]
Ctaxcreds,12,2013-12-01T00:00:00,December 2013,regular,,December 2013,[date cell]
Ctaxcreds,13,2014-03-01T00:00:00,March 2014,regular,,March 2014,[date cell]
Ctaxcreds,14,2014-12-01T00:00:00,December 2014,regular,,December 2014,[date cell]
Ctaxcreds,15,2015-03-01T00:00:00,March 2015,regular,,March 2015,[date cell]
Ctaxcreds,16,2015-07-01T00:00:00,July 2015,regular,,July 2015,[date cell]
Ctaxcreds,17,2015-11-01T00:00:00,November 2015,regular,,November 2015,[date cell]
Ctaxcreds,18,2016-03-01T00:00:00,March 2016,regular,,March 2016,[date cell]
Ctaxcreds,19,2016-11-01T00:00:00,November 2016,regular,,November 2016,[date cell]
Ctaxcreds,20,2017-03-01T00:00:00,March 2017,regular,,March 2017,[date cell]
Ctaxcreds,21,2017-11-01T00:00:00,November 2017,regular,,November 2017,[date cell]
Ctaxcreds,22,2018-03-01T00:00:00,March 2018,regular,,March 2018,[date cell]
Ctaxcreds,23,2018-10-01T00:00:00,October 2018,regular,,October 2018,[date cell]
Ctaxcreds,24,2019-03-01T00:00:00,March 2019,regular,,March 2019,[date cell]
Ctaxcreds,25,2020-03-01T00:00:00,March 2020,regular,,March 2020,[date cell]
Ctaxcreds,26,2020-11-01T00:00:00,November 2020,regular,,November 2020,[date cell]
Ctaxcreds,27,2021-03-01T00:00:00,March 2021,regular,,March 2021,[date cell]
Ctaxcreds,28,2021-10-01T00:00:00,October 2021,regular,,October 2021,[date cell]
Ctaxcreds,29,2022-03-01T00:00:00,March 2022,regular,,March 2022,[date cell]
Ctaxcreds,30,2022-11-01T00:00:00,November 2022,regular,,November 2022,[date cell]
Ctaxcreds,31,2023-03-01T00:00:00,March 2023,regular,,March 2023,[date cell]
Ctaxcreds,32,2023-11-01T00:00:00,November 2023,regular,,November 2023,[date cell]
Ctaxcreds,33,2024-03-01T00:00:00,March 2024,regular,,March 2024,[date cell]
Ctaxcreds,34,2024-10-01T00:00:00,October 2024,regular,,October 2024,[date cell]
Ctaxcreds,35,2025-03-01T00:00:00,March 2025,regular,,March 2025,[date cell]
Ctaxcreds,36,2025-11-01T00:00:00,November 2025,regular,,November 2025,[date cell]
Ctaxcreds,37,2026-03-01T00:00:00,March 2026,regular,,March 2026,[date cell]
BBCcur,5,2010-06-01T00:00:00,June 2010,regular,,June 2010,[date cell]
BBCcur,6,2010-11-01T00:00:00,November 2010,regular,,November 2010,[date cell]
BBCcur,7,2011-03-01T00:00:00,March 2011,regular,,March 2011,[date cell]
BBCcur,8,2011-11-01T00:00:00,November 2011,regular,,November 2011,[date cell]
BBCcur,9,2012-03-01T00:00:00,March 2012,regular,,March 2012,[date cell]
BBCcur,10,2012-12-01T00:00:00,December 2012,regular,,December 2012,[date cell]
BBCcur,11,2013-03-01T00:00:00,March 2013,regular,,March 2013,[date cell]
BBCcur,12,2013-12-01T00:00:00,December 2013,regular,,December 2013,[date cell]
BBCcur,13,2014-03-01T00:00:00,March 2014,regular,,March 2014,[date cell]
BBCcur,14,2014-12-01T00:00:00,December 2014,regular,,December 2014,[date cell]
BBCcur,15,2015-03-01T00:00:00,March 2015,regular,,March 2015,[date cell]
BBCcur,16,2015-07-01T00:00:00,July 2015,regular,,July 2015,[date cell]
BBCcur,17,2015-11-01T00:00:00,November 2015,regular,,November 2015,[date cell]
BBCcur,18,2016-03-01T00:00:00,March 2016,regular,,March 2016,[date cell]
BBCcur,19,2016-11-01T00:00:00,November 2016,regular,,November 2016,[date cell]
BBCcur,20,2017-03-01T00:00:00,March 2017,regular,,March 2017,[date cell]
BBCcur,21,2017-11-01T00:00:00,November 2017,regular,,November 2017,[date cell]
BBCcur,22,2018-03-01T00:00:00,March 2018,regular,,March 2018,[date cell]
BBCcur,23,2018-10-01T00:00:00,October 2018,regular,,October 2018,[date cell]
BBCcur,24,2019-03-01T00:00:00,March 2019,regular,,March 2019,[date cell]
BBCcur,25,2020-03-01T00:00:00,March 2020,regular,,March 2020,[date cell]
BBCcur,26,2020-11-01T00:00:00,November 2020,regular,,November 2020,[date cell]
BBCcur,27,2021-03-01T00:00:00,March 2021,regular,,March 2021,[date cell]
BBCcur,28,2021-10-01T00:00:00,October 2021,regular,,October 2021,[date cell]
BBCcur,29,2022-03-01T00:00:00,March 2022,regular,,March 2022,[date cell]
BBCcur,30,2022-11-01T00:00:00,November 2022,regular,,November 2022,[date cell]
BBCcur,31,2023-03-01T00:00:00,March 2023,regular,,March 2023,[date cell]
BBCcur,32,2023-11-01T00:00:00,November 2023,regular,,November 2023,[date cell]
BBCcur,33,2024-03-01T00:00:00,March 2024,regular,,March 2024,[date cell]
BBCcur,34,2024-10-01T00:00:00,October 2024,regular,,October 2024,[date cell]
BBCcur,35,2025-03-01T00:00:00,March 2025,regular,,March 2025,[date cell]
BBCcur,36,2025-11-01T00:00:00,November 2025,regular,,November 2025,[date cell]
BBCcur,37,2026-03-01T00:00:00,March 2026,regular,,March 2026,[date cell]
Lotterycur,5,2010-06-01T00:00:00,June 2010,regular,,June 2010,[date cell]
Lotterycur,6,2010-11-01T00:00:00,November 2010,regular,,November 2010,[date cell]
Lotterycur,7,2011-03-01T00:00:00,March 2011,regular,,March 2011,[date cell]
Lotterycur,8,2011-11-01T00:00:00,November 2011,regular,,November 2011,[date cell]
Lotterycur,9,2012-03-01T00:00:00,March 2012,regular,,March 2012,[date cell]
Lotterycur,10,2012-12-01T00:00:00,December 2012,regular,,December 2012,[date cell]
Lotterycur,11,2013-03-01T00:00:00,March 2013,regular,,March 2013,[date cell]
Lotterycur,12,2013-12-01T00:00:00,December 2013,regular,,December 2013,[date cell]
Lotterycur,13,2014-03-01T00:00:00,March 2014,regular,,March 2014,[date cell]
Lotterycur,14,2014-12-01T00:00:00,December 2014,regular,,December 2014,[date cell]
Lotterycur,15,2015-03-01T00:00:00,March 2015,regular,,March 2015,[date cell]
Lotterycur,16,2015-07-01T00:00:00,July 2015,regular,,July 2015,[date cell]
Lotterycur,17,2015-11-01T00:00:00,November 2015,regular,,November 2015,[date cell]
Lotterycur,18,2016-03-01T00:00:00,March 2016,regular,,March 2016,[date cell]
Lotterycur,19,2016-11-01T00:00:00,November 2016,regular,,November 2016,[date cell]
Lotterycur,20,2017-03-01T00:00:00,March 2017,regular,,March 2017,[date cell]
Lotterycur,21,2017-11-01T00:00:00,November 2017,regular,,November 2017,[date cell]
Lotterycur,22,2018-03-01T00:00:00,March 2018,regular,,March 2018,[date cell]
Lotterycur,23,2018-10-01T00:00:00,October 2018,regular,,October 2018,[date cell]
Lotterycur,24,2019-03-01T00:00:00,March 2019,regular,,March 2019,[date cell]
Lotterycur,25,2020-03-01T00:00:00,March 2020,regular,,March 2020,[date cell]
Lotterycur,26,2020-11-01T00:00:00,November 2020,regular,,November 2020,[date cell]
Lotterycur,27,2021-03-01T00:00:00,March 2021,regular,,March 2021,[date cell]
Lotterycur,28,2021-10-01T00:00:00,October 2021,regular,,October 2021,[date cell]
Lotterycur,29,2022-03-01T00:00:00,March 2022,regular,,March 2022,[date cell]
Lotterycur,30,2022-11-01T00:00:00,November 2022,regular,,November 2022,[date cell]
Lotterycur,31,2023-03-01T00:00:00,March 2023,regular,,March 2023,[date cell]
Lotterycur,32,2023-11-01T00:00:00,November 2023,regular,,November 2023,[date cell]
Lotterycur,33,2024-03-01T00:00:00,March 2024,regular,,March 2024,[date cell]
Lotterycur,34,2024-10-01T00:00:00,October 2024,regular,,October 2024,[date cell]
Lotterycur,35,2025-03-01T00:00:00,March 2025,regular,,March 2025,[date cell]
Lotterycur,36,2025-11-01T00:00:00,November 2025,regular,,November 2025,[date cell]
Lotterycur,37,2026-03-01T00:00:00,March 2026,regular,,March 2026,[date cell]
Lotterycap,5,2010-06-01T00:00:00,June 2010,regular,,June 2010,[date cell]
Lotterycap,6,2010-11-01T00:00:00,November 2010,regular,,November 2010,[date cell]
Lotterycap,7,2011-03-01T00:00:00,March 2011,regular,,March 2011,[date cell]
Lotterycap,8,2011-11-01T00:00:00,November 2011,regular,,November 2011,[date cell]
Lotterycap,9,2012-03-01T00:00:00,March 2012,regular,,March 2012,[date cell]
Lotterycap,10,2012-12-01T00:00:00,December 2012,regular,,December 2012,[date cell]
Lotterycap,11,2013-03-01T00:00:00,March 2013,regular,,March 2013,[date cell]
Lotterycap,12,2013-12-01T00:00:00,December 2013,regular,,December 2013,[date cell]
Lotterycap,13,2014-03-01T00:00:00,March 2014,regular,,March 2014,[date cell]
Lotterycap,14,2014-12-01T00:00:00,December 2014,regular,,December 2014,[date cell]
Lotterycap,15,2015-03-01T00:00:00,March 2015,regular,,March 2015,[date cell]
Lotterycap,16,2015-07-01T00:00:00,July 2015,regular,,July 2015,[date cell]
Lotterycap,17,2015-11-01T00:00:00,November 2015,regular,,November 2015,[date cell]
Lotterycap,18,2016-03-01T00:00:00,March 2016,regular,,March 2016,[date cell]
Lotterycap,19,2016-11-01T00:00:00,November 2016,regular,,November 2016,[date cell]
Lotterycap,20,2017-03-01T00:00:00,March 2017,regular,,March 2017,[date cell]
Lotterycap,21,2017-11-01T00:00:00,November 2017,regular,,November 2017,[date cell]
Lotterycap,22,2018-03-01T00:00:00,March 2018,regular,,March 2018,[date cell]
Lotterycap,23,2018-10-01T00:00:00,October 2018,regular,,October 2018,[date cell]
Lotterycap,24,2019-03-01T00:00:00,March 2019,regular,,March 2019,[date cell]
Lotterycap,25,2020-03-01T00:00:00,March 2020,regular,,March 2020,[date cell]
Lotterycap,26,2020-11-01T00:00:00,November 2020,regular,,November 2020,[date cell]
Lotterycap,27,2021-03-01T00:00:00,March 2021,regular,,March 2021,[date cell]
Lotterycap,28,2021-10-01T00:00:00,October 2021,regular,,October 2021,[date cell]
Lotterycap,29,2022-03-01T00:00:00,March 2022,regular,,March 2022,[date cell]
Lotterycap,30,2022-11-01T00:00:00,November 2022,regular,,November 2022,[date cell]
Lotterycap,31,2023-03-01T00:00:00,March 2023,regular,,March 2023,[date cell]
Lotterycap,32,2023-11-01T00:00:00,November 2023,regular,,November 2023,[date cell]
Lotterycap,33,2024-03-01T00:00:00,March 2024,regular,,March 2024,[date cell]
Lotterycap,34,2024-10-01T00:00:00,October 2024,regular,,October 2024,[date cell]
Lotterycap,35,2025-03-01T00:00:00,March 2025,regular,,March 2025,[date cell]
Lotterycap,36,2025-11-01T00:00:00,November 2025,regular,,November 2025,[date cell]
Lotterycap,37,2026-03-01T00:00:00,March 2026,regular,,March 2026,[date cell]
Studentloans,5,2010-06-01T00:00:00,June 2010,regular,,June 2010,[date cell]
Studentloans,6,2010-11-01T00:00:00,November 2010,regular,,November 2010,[date cell]
Studentloans,7,2011-03-01T00:00:00,March 2011,regular,,March 2011,[date cell]
Studentloans,8,2011-11-01T00:00:00,November 2011,regular,,November 2011,[date cell]
Studentloans,9,2012-03-01T00:00:00,March 2012,regular,,March 2012,[date cell]
Studentloans,10,2012-12-01T00:00:00,December 2012,regular,,December 2012,[date cell]
Studentloans,11,2013-03-01T00:00:00,March 2013,regular,,March 2013,[date cell]
Studentloans,12,2013-12-01T00:00:00,December 2013,regular,,December 2013,[date cell]
Studentloans,13,2014-03-01T00:00:00,March 2014,regular,,March 2014,[date cell]
Studentloans,14,2014-12-01T00:00:00,December 2014,regular,,December 2014,[date cell]
Studentloans,15,2015-03-01T00:00:00,March 2015,regular,,March 2015,[date cell]
Studentloans,16,2015-07-01T00:00:00,July 2015,regular,,July 2015,[date cell]
Studentloans,17,2015-11-01T00:00:00,November 2015,regular,,November 2015,[date cell]
Studentloans,18,2016-03-01T00:00:00,March 2016,regular,,March 2016,[date cell]
Studentloans,19,2016-11-01T00:00:00,November 2016,regular,,November 2016,[date cell]
Studentloans,20,2017-03-01T00:00:00,March 2017,regular,,March 2017,[date cell]
Studentloans,21,2017-11-01T00:00:00,November 2017,regular,,November 2017,[date cell]
Studentloans,22,2018-03-01T00:00:00,March 2018,regular,,March 2018,[date cell]
Studentloans,23,2018-10-01T00:00:00,October 2018,regular,,October 2018,[date cell]
Studentloans,24,2019-03-01T00:00:00,March 2019,regular,,March 2019,[date cell]
Studentloans,25,2020-03-01T00:00:00,March 2020,regular,,March 2020,[date cell]
Studentloans,26,2020-11-01T00:00:00,November 2020,regular,,November 2020,[date cell]
Studentloans,27,2021-03-01T00:00:00,March 2021,regular,,March 2021,[date cell]
Studentloans,28,2021-10-01T00:00:00,October 2021,regular,,October 2021,[date cell]
Studentloans,29,2022-03-01T00:00:00,March 2022,regular,,March 2022,[date cell]
Studentloans,30,2022-11-01T00:00:00,November 2022,regular,,November 2022,[date cell]
Studentloans,31,2023-03-01T00:00:00,March 2023,regular,,March 2023,[date cell]
Studentloans,32,2023-11-01T00:00:00,November 2023,regular,,November 2023,[date cell]
Studentloans,33,2024-03-01T00:00:00,March 2024,regular,,March 2024,[date cell]
Studentloans,34,2024-10-01T00:00:00,October 2024,regular,,October 2024,[date cell]
Studentloans,35,2025-03-01T00:00:00,March 2025,regular,,March 2025,[date cell]
Studentloans,36,2025-11-01T00:00:00,November 2025,regular,,November 2025,[date cell]
Studentloans,37,2026-03-01T00:00:00,March 2026,regular,,March 2026,[date cell]
Studentloans,42,Memo: restated March 2019 forecast,March 2019,memo,restated,March 2019 (restated),
Fundedpensions,5,2010-06-01T00:00:00,June 2010,regular,,June 2010,[date cell]
Fundedpensions,6,2010-11-01T00:00:00,November 2010,regular,,November 2010,[date cell]
Fundedpensions,7,2011-03-01T00:00:00,March 2011,regular,,March 2011,[date cell]
Fundedpensions,8,2011-11-01T00:00:00,November 2011,regular,,November 2011,[date cell]
Fundedpensions,9,2012-03-01T00:00:00,March 2012,regular,,March 2012,[date cell]
Fundedpensions,10,2012-12-01T00:00:00,December 2012,regular,,December 2012,[date cell]
Fundedpensions,11,2013-03-01T00:00:00,March 2013,regular,,March 2013,[date cell]
Fundedpensions,12,2013-12-01T00:00:00,December 2013,regular,,December 2013,[date cell]
Fundedpensions,13,2014-03-01T00:00:00,March 2014,regular,,March 2014,[date cell]
Fundedpensions,14,2014-12-01T00:00:00,December 2014,regular,,December 2014,[date cell]
Fundedpensions,15,2015-03-01T00:00:00,March 2015,regular,,March 2015,[date cell]
Fundedpensions,16,2015-07-01T00:00:00,July 2015,regular,,July 2015,[date cell]
Fundedpensions,17,2015-11-01T00:00:00,November 2015,regular,,November 2015,[date cell]
Fundedpensions,18,2016-03-01T00:00:00,March 2016,regular,,March 2016,[date cell]
Fundedpensions,19,2016-11-01T00:00:00,November 2016,regular,,November 2016,[date cell]
Fundedpensions,20,2017-03-01T00:00:00,March 2017,regular,,March 2017,[date cell]
Fundedpensions,21,2017-11-01T00:00:00,November 2017,regular,,November 2017,[date cell]
Fundedpensions,22,2018-03-01T00:00:00,March 2018,regular,,March 2018,[date cell]
Fundedpensions,23,2018-10-01T00:00:00,October 2018,regular,,October 2018,[date cell]
Fundedpensions,24,2019-03-01T00:00:00,March 2019,regular,,March 2019,[date cell]
Fundedpensions,25,2020-03-01T00:00:00,March 2020,regular,,March 2020,[date cell]
Fundedpensions,26,2020-11-01T00:00:00,November 2020,regular,,November 2020,[date cell]
Fundedpensions,27,2021-03-01T00:00:00,March 2021,regular,,March 2021,[date cell]
Fundedpensions,28,2021-10-01T00:00:00,October 2021,regular,,October 2021,[date cell]
Fundedpensions,29,2022-03-01T00:00:00,March 2022,regular,,March 2022,[date cell]
Fundedpensions,30,2022-11-01T00:00:00,November 2022,regular,,November 2022,[date cell]
Fundedpensions,31,2023-03-01T00:00:00,March 2023,regular,,March 2023,[date cell]
Fundedpensions,32,2023-11-01T00:00:00,November 2023,regular,,November 2023,[date cell]
Fundedpensions,33,2024-03-01T00:00:00,March 2024,regular,,March 2024,[date cell]
Fundedpensions,34,2024-10-01T00:00:00,October 2024,regular,,October 2024,[date cell]
Fundedpensions,35,2025-03-01T00:00:00,March 2025,regular,,March 2025,[date cell]
Fundedpensions,36,2025-11-01T00:00:00,November 2025,regular,,November 2025,[date cell]
Fundedpensions,37,2026-03-01T00:00:00,March 2026,regular,,March 2026,[date cell]
Fundedpensions,42,Memo: restated March 2019 forecast,March 2019,memo,restated,March 2019 (restated),
GGIpensions,5,2010-06-01T00:00:00,June 2010,regular,,June 2010,[date cell]
GGIpensions,6,2010-11-01T00:00:00,November 2010,regular,,November 2010,[date cell]
GGIpensions,7,2011-03-01T00:00:00,March 2011,regular,,March 2011,[date cell]
GGIpensions,8,2011-11-01T00:00:00,November 2011,regular,,November 2011,[date cell]
GGIpensions,9,2012-03-01T00:00:00,March 2012,regular,,March 2012,[date cell]
GGIpensions,10,2012-12-01T00:00:00,December 2012,regular,,December 2012,[date cell]
GGIpensions,11,2013-03-01T00:00:00,March 2013,regular,,March 2013,[date cell]
GGIpensions,12,2013-12-01T00:00:00,December 2013,regular,,December 2013,[date cell]
GGIpensions,13,2014-03-01T00:00:00,March 2014,regular,,March 2014,[date cell]
GGIpensions,14,2014-12-01T00:00:00,December 2014,regular,,December 2014,[date cell]
GGIpensions,15,2015-03-01T00:00:00,March 2015,regular,,March 2015,[date cell]
GGIpensions,16,2015-07-01T00:00:00,July 2015,regular,,July 2015,[date cell]
GGIpensions,17,2015-11-01T00:00:00,November 2015,regular,,November 2015,[date cell]
GGIpensions,18,2016-03-01T00:00:00,March 2016,regular,,March 2016,[date cell]
GGIpensions,19,2016-11-01T00:00:00,November 2016,regular,,November 2016,[date cell]
GGIpensions,20,2017-03-01T00:00:00,March 2017,regular,,March 2017,[date cell]
GGIpensions,21,2017-11-01T00:00:00,November 2017,regular,,November 2017,[date cell]
GGIpensions,22,2018-03-01T00:00:00,March 2018,regular,,March 2018,[date cell]
GGIpensions,23,2018-10-01T00:00:00,October 2018,regular,,October 2018,[date cell]
GGIpensions,24,2019-03-01T00:00:00,March 2019,regular,,March 2019,[date cell]
GGIpensions,25,2020-03-01T00:00:00,March 2020,regular,,March 2020,[date cell]
GGIpensions,26,2020-11-01T00:00:00,November 2020,regular,,November 2020,[date cell]
GGIpensions,27,2021-03-01T00:00:00,March 2021,regular,,March 2021,[date cell]
GGIpensions,28,2021-10-01T00:00:00,October 2021,regular,,October 2021,[date cell]
GGIpensions,29,2022-03-01T00:00:00,March 2022,regular,,March 2022,[date cell]
GGIpensions,30,2022-11-01T00:00:00,November 2022,regular,,November 2022,[date cell]
GGIpensions,31,2023-03-01T00:00:00,March 2023,regular,,March 2023,[date cell]
GGIpensions,32,2023-11-01T00:00:00,November 2023,regular,,November 2023,[date cell]
GGIpensions,33,2024-03-01T00:00:00,March 2024,regular,,March 2024,[date cell]
GGIpensions,34,2024-10-01T00:00:00,October 2024,regular,,October 2024,[date cell]
GGIpensions,35,2025-03-01T00:00:00,March 2025,regular,,March 2025,[date cell]
GGIpensions,36,2025-11-01T00:00:00,November 2025,regular,,November 2025,[date cell]
GGIpensions,37,2026-03-01T00:00:00,March 2026,regular,,March 2026,[date cell]
Taxlit,5,2010-06-01T00:00:00,June 2010,regular,,June 2010,[date cell]
Taxlit,6,2010-11-01T00:00:00,November 2010,regular,,November 2010,[date cell]
Taxlit,7,2011-03-01T00:00:00,March 2011,regular,,March 2011,[date cell]
Taxlit,8,2011-11-01T00:00:00,November 2011,regular,,November 2011,[date cell]
Taxlit,9,2012-03-01T00:00:00,March 2012,regular,,March 2012,[date cell]
Taxlit,10,2012-12-01T00:00:00,December 2012,regular,,December 2012,[date cell]
Taxlit,11,2013-03-01T00:00:00,March 2013,regular,,March 2013,[date cell]
Taxlit,12,2013-12-01T00:00:00,December 2013,regular,,December 2013,[date cell]
Taxlit,13,2014-03-01T00:00:00,March 2014,regular,,March 2014,[date cell]
Taxlit,14,2014-12-01T00:00:00,December 2014,regular,,December 2014,[date cell]
Taxlit,15,2015-03-01T00:00:00,March 2015,regular,,March 2015,[date cell]
Taxlit,16,2015-07-01T00:00:00,July 2015,regular,,July 2015,[date cell]
Taxlit,17,2015-11-01T00:00:00,November 2015,regular,,November 2015,[date cell]
Taxlit,18,2016-03-01T00:00:00,March 2016,regular,,March 2016,[date cell]
Taxlit,19,2016-11-01T00:00:00,November 2016,regular,,November 2016,[date cell]
Taxlit,20,2017-03-01T00:00:00,March 2017,regular,,March 2017,[date cell]
Taxlit,21,2017-11-01T00:00:00,November 2017,regular,,November 2017,[date cell]
Taxlit,22,2018-03-01T00:00:00,March 2018,regular,,March 2018,[date cell]
Taxlit,23,2018-10-01T00:00:00,October 2018,regular,,October 2018,[date cell]
Taxlit,24,2019-03-01T00:00:00,March 2019,regular,,March 2019,[date cell]
Taxlit,25,2020-03-01T00:00:00,March 2020,regular,,March 2020,[date cell]
Taxlit,26,2020-11-01T00:00:00,November 2020,regular,,November 2020,[date cell]
Taxlit,27,2021-03-01T00:00:00,March 2021,regular,,March 2021,[date cell]
Taxlit,28,2021-10-01T00:00:00,October 2021,regular,,October 2021,[date cell]
Taxlit,29,2022-03-01T00:00:00,March 2022,regular,,March 2022,[date cell]
Taxlit,30,2022-11-01T00:00:00,November 2022,regular,,November 2022,[date cell]
Taxlit,31,2023-03-01T00:00:00,March 2023,regular,,March 2023,[date cell]
Taxlit,32,2023-11-01T00:00:00,November 2023,regular,,November 2023,[date cell]
Taxlit,33,2024-03-01T00:00:00,March 2024,regular,,March 2024,[date cell]
Taxlit,34,2024-10-01T00:00:00,October 2024,regular,,October 2024,[date cell]
Taxlit,35,2025-03-01T00:00:00,March 2025,regular,,March 2025,[date cell]
Taxlit,36,2025-11-01T00:00:00,November 2025,regular,,November 2025,[date cell]
Taxlit,37,2026-03-01T00:00:00,March 2026,regular,,March 2026,[date cell]
GGdepreciation,5,2010-06-01T00:00:00,June 2010,regular,,June 2010,[date cell]
GGdepreciation,6,2010-11-01T00:00:00,November 2010,regular,,November 2010,[date cell]
GGdepreciation,7,2011-03-01T00:00:00,March 2011,regular,,March 2011,[date cell]
GGdepreciation,8,2011-11-01T00:00:00,November 2011,regular,,November 2011,[date cell]
GGdepreciation,9,2012-03-01T00:00:00,March 2012,regular,,March 2012,[date cell]
GGdepreciation,10,2012-12-01T00:00:00,December 2012,regular,,December 2012,[date cell]
GGdepreciation,11,2013-03-01T00:00:00,March 2013,regular,,March 2013,[date cell]
GGdepreciation,12,2013-12-01T00:00:00,December 2013,regular,,December 2013,[date cell]
GGdepreciation,13,2014-03-01T00:00:00,March 2014,regular,,March 2014,[date cell]
GGdepreciation,14,2014-12-01T00:00:00,December 2014,regular,,December 2014,[date cell]
GGdepreciation,15,2015-03-01T00:00:00,March 2015,regular,,March 2015,[date cell]
GGdepreciation,16,2015-07-01T00:00:00,July 2015,regular,,July 2015,[date cell]
GGdepreciation,17,2015-11-01T00:00:00,November 2015,regular,,November 2015,[date cell]
GGdepreciation,18,2016-03-01T00:00:00,March 2016,regular,,March 2016,[date cell]
GGdepreciation,19,2016-11-01T00:00:00,November 2016,regular,,November 2016,[date cell]
GGdepreciation,20,2017-03-01T00:00:00,March 2017,regular,,March 2017,[date cell]
GGdepreciation,21,2017-11-01T00:00:00,November 2017,regular,,November 2017,[date cell]
GGdepreciation,22,2018-03-01T00:00:00,March 2018,regular,,March 2018,[date cell]
GGdepreciation,23,2018-10-01T00:00:00,October 2018,regular,,October 2018,[date cell]
GGdepreciation,24,2019-03-01T00:00:00,March 2019,regular,,March 2019,[date cell]
GGdepreciation,25,2020-03-01T00:00:00,March 2020,regular,,March 2020,[date cell]
GGdepreciation,26,2020-11-01T00:00:00,November 2020,regular,,November 2020,[date cell]
GGdepreciation,27,2021-03-01T00:00:00,March 2021,regular,,March 2021,[date cell]
GGdepreciation,28,2021-10-01T00:00:00,October 2021,regular,,October 2021,[date cell]
GGdepreciation,29,2022-03-01T00:00:00,March 2022,regular,,March 2022,[date cell]
GGdepreciation,30,2022-11-01T00:00:00,November 2022,regular,,November 2022,[date cell]
GGdepreciation,31,2023-03-01T00:00:00,March 2023,regular,,March 2023,[date cell]
GGdepreciation,32,2023-11-01T00:00:00,November 2023,regular,,November 2023,[date cell]
GGdepreciation,33,2024-03-01T00:00:00,March 2024,regular,,March 2024,[date cell]
GGdepreciation,34,2024-10-01T00:00:00,October 2024,regular,,October 2024,[date cell]
GGdepreciation,35,2025-03-01T00:00:00,March 2025,regular,,March 2025,[date cell]
GGdepreciation,36,2025-11-01T00:00:00,November 2025,regular,,November 2025,[date cell]
GGdepreciation,37,2026-03-01T00:00:00,March 2026,regular,,March 2026,[date cell]
GGdepreciation,42,Memo: restated March 2019 forecast,March 2019,memo,restated,March 2019 (restated),
NRcap,5,2010-06-01T00:00:00,June 2010,regular,,June 2010,[date cell]
NRcap,6,2010-11-01T00:00:00,November 2010,regular,,November 2010,[date cell]
NRcap,7,2011-03-01T00:00:00,March 2011,regular,,March 2011,[date cell]
NRcap,8,2011-11-01T00:00:00,November 2011,regular,,November 2011,[date cell]
NRcap,9,2012-03-01T00:00:00,March 2012,regular,,March 2012,[date cell]
NRcap,10,2012-12-01T00:00:00,December 2012,regular,,December 2012,[date cell]
NRcap,11,2013-03-01T00:00:00,March 2013,regular,,March 2013,[date cell]
NRcap,12,2013-12-01T00:00:00,December 2013,regular,,December 2013,[date cell]
NRcap,13,2014-03-01T00:00:00,March 2014,regular,,March 2014,[date cell]
NRcap,14,2014-12-01T00:00:00,December 2014,regular,,December 2014,[date cell]
NRcap,15,2015-03-01T00:00:00,March 2015,regular,,March 2015,[date cell]
NRcap,16,2015-07-01T00:00:00,July 2015,regular,,July 2015,[date cell]
NRcap,17,2015-11-01T00:00:00,November 2015,regular,,November 2015,[date cell]
NRcap,18,2016-03-01T00:00:00,March 2016,regular,,March 2016,[date cell]
NRcap,19,2016-11-01T00:00:00,November 2016,regular,,November 2016,[date cell]
NRcap,20,2017-03-01T00:00:00,March 2017,regular,,March 2017,[date cell]
NRcap,21,2017-11-01T00:00:00,November 2017,regular,,November 2017,[date cell]
NRcap,22,2018-03-01T00:00:00,March 2018,regular,,March 2018,[date cell]
NRcap,23,October 2018**,October 2018,regular,,October 2018,**
NRcap,24,2019-03-01T00:00:00,March 2019,regular,,March 2019,[date cell]
NRcap,25,2020-03-01T00:00:00,March 2020,regular,,March 2020,[date cell]
NRcap,26,2020-11-01T00:00:00,November 2020,regular,,November 2020,[date cell]
NRcap,27,2021-03-01T00:00:00,March 2021,regular,,March 2021,[date cell]
NRcap,28,2021-10-01T00:00:00,October 2021,regular,,October 2021,[date cell]
NRcap,29,2022-03-01T00:00:00,March 2022,regular,,March 2022,[date cell]
NRcap,30,2022-11-01T00:00:00,November 2022,regular,,November 2022,[date cell]
NRcap,31,2023-03-01T00:00:00,March 2023,regular,,March 2023,[date cell]
NRcap,32,2023-11-01T00:00:00,November 2023,regular,,November 2023,[date cell]
NRcap,33,2024-03-01T00:00:00,March 2024,regular,,March 2024,[date cell]
NRcur,5,2010-06-01T00:00:00,June 2010,regular,,June 2010,[date cell]
NRcur,6,2010-11-01T00:00:00,November 2010,regular,,November 2010,[date cell]
NRcur,7,2011-03-01T00:00:00,March 2011,regular,,March 2011,[date cell]
NRcur,8,2011-11-01T00:00:00,November 2011,regular,,November 2011,[date cell]
NRcur,9,2012-03-01T00:00:00,March 2012,regular,,March 2012,[date cell]
NRcur,10,2012-12-01T00:00:00,December 2012,regular,,December 2012,[date cell]
NRcur,11,2013-03-01T00:00:00,March 2013,regular,,March 2013,[date cell]
NRcur,12,2013-12-01T00:00:00,December 2013,regular,,December 2013,[date cell]
NRcur,13,2014-03-01T00:00:00,March 2014,regular,,March 2014,[date cell]
NRcur,14,2014-12-01T00:00:00,December 2014,regular,,December 2014,[date cell]
NRcur,15,2015-03-01T00:00:00,March 2015,regular,,March 2015,[date cell]
NRcur,16,2015-07-01T00:00:00,July 2015,regular,,July 2015,[date cell]
NRcur,17,2015-11-01T00:00:00,November 2015,regular,,November 2015,[date cell]
NRcur,18,2016-03-01T00:00:00,March 2016,regular,,March 2016,[date cell]
NRcur,19,2016-11-01T00:00:00,November 2016,regular,,November 2016,[date cell]
NRcur,20,2017-03-01T00:00:00,March 2017,regular,,March 2017,[date cell]
NRcur,21,2017-11-01T00:00:00,November 2017,regular,,November 2017,[date cell]
NRcur,22,2018-03-01T00:00:00,March 2018,regular,,March 2018,[date cell]
NRcur,23,October 2018**,October 2018,regular,,October 2018,**
NRcur,24,2019-03-01T00:00:00,March 2019,regular,,March 2019,[date cell]
NRcur,25,2020-03-01T00:00:00,March 2020,regular,,March 2020,[date cell]
NRcur,26,2020-11-01T00:00:00,November 2020,regular,,November 2020,[date cell]
NRcur,27,2021-03-01T00:00:00,March 2021,regular,,March 2021,[date cell]
NRcur,28,2021-10-01T00:00:00,October 2021,regular,,October 2021,[date cell]
NRcur,29,2022-03-01T00:00:00,March 2022,regular,,March 2022,[date cell]
NRcur,30,2022-11-01T00:00:00,November 2022,regular,,November 2022,[date cell]
NRcur,31,2023-03-01T00:00:00,March 2023,regular,,March 2023,[date cell]
NRcur,32,2023-11-01T00:00:00,November 2023,regular,,November 2023,[date cell]
NRcur,33,2024-03-01T00:00:00,March 2024,regular,,March 2024,[date cell]
R&D,5,2010-06-01T00:00:00,June 2010,regular,,June 2010,[date cell]
R&D,6,2010-11-01T00:00:00,November 2010,regular,,November 2010,[date cell]
R&D,7,2011-03-01T00:00:00,March 2011,regular,,March 2011,[date cell]
R&D,8,2011-11-01T00:00:00,November 2011,regular,,November 2011,[date cell]
R&D,9,2012-03-01T00:00:00,March 2012,regular,,March 2012,[date cell]
R&D,10,2012-12-01T00:00:00,December 2012,regular,,December 2012,[date cell]
R&D,11,2013-03-01T00:00:00,March 2013,regular,,March 2013,[date cell]
R&D,12,2013-12-01T00:00:00,December 2013,regular,,December 2013,[date cell]
R&D,13,2014-03-01T00:00:00,March 2014,regular,,March 2014,[date cell]
R&D,14,2014-12-01T00:00:00,December 2014,regular,,December 2014,[date cell]
R&D,15,2015-03-01T00:00:00,March 2015,regular,,March 2015,[date cell]
R&D,16,2015-07-01T00:00:00,July 2015,regular,,July 2015,[date cell]
R&D,17,2015-11-01T00:00:00,November 2015,regular,,November 2015,[date cell]
R&D,18,2016-03-01T00:00:00,March 2016,regular,,March 2016,[date cell]
R&D,19,November 2016*,November 2016,regular,,November 2016,*
SUME,5,2010-06-01T00:00:00,June 2010,regular,,June 2010,[date cell]
SUME,6,2010-11-01T00:00:00,November 2010,regular,,November 2010,[date cell]
SUME,7,2011-03-01T00:00:00,March 2011,regular,,March 2011,[date cell]
SUME,8,2011-11-01T00:00:00,November 2011,regular,,November 2011,[date cell]
SUME,9,2012-03-01T00:00:00,March 2012,regular,,March 2012,[date cell]
SUME,10,2012-12-01T00:00:00,December 2012,regular,,December 2012,[date cell]
SUME,11,2013-03-01T00:00:00,March 2013,regular,,March 2013,[date cell]
SUME,12,2013-12-01T00:00:00,December 2013,regular,,December 2013,[date cell]
SUME,13,2014-03-01T00:00:00,March 2014,regular,,March 2014,[date cell]
SUME,14,2014-12-01T00:00:00,December 2014,regular,,December 2014,[date cell]
SUME,15,2015-03-01T00:00:00,March 2015,regular,,March 2015,[date cell]
SUME,16,2015-07-01T00:00:00,July 2015,regular,,July 2015,[date cell]
SUME,17,2015-11-01T00:00:00,November 2015,regular,,November 2015,[date cell]
SUME,18,2016-03-01T00:00:00,March 2016,regular,,March 2016,[date cell]
SUME,19,November 2016*,November 2016,regular,,November 2016,*
NGDP,5,March 1982,March 1982,regular,,March 1982,
NGDP,6,March 1983,March 1983,regular,,March 1983,
NGDP,7,November 1983,November 1983,regular,,November 1983,
NGDP,8,March 1984,March 1984,regular,,March 1984,
NGDP,9,November 1984,November 1984,regular,,November 1984,
NGDP,10,March 1985,March 1985,regular,,March 1985,
NGDP,11,November 1985,November 1985,regular,,November 1985,
NGDP,12,March 1986,March 1986,regular,,March 1986,
NGDP,13,November 1986,November 1986,regular,,November 1986,
NGDP,14,March 1987,March 1987,regular,,March 1987,
NGDP,15,November 1987,November 1987,regular,,November 1987,
NGDP,16,March 1988,March 1988,regular,,March 1988,
NGDP,17,November 1988,November 1988,regular,,November 1988,
NGDP,18,March 1989,March 1989,regular,,March 1989,
NGDP,19,November 1989,November 1989,regular,,November 1989,
NGDP,20,March 1990,March 1990,regular,,March 1990,
NGDP,21,November 1990,November 1990,regular,,November 1990,
NGDP,22,March 1991,March 1991,regular,,March 1991,
NGDP,23,November 1991,November 1991,regular,,November 1991,
NGDP,24,March 1992,March 1992,regular,,March 1992,
NGDP,25,November 1992,November 1992,regular,,November 1992,
NGDP,26,March 1993,March 1993,regular,,March 1993,
NGDP,27,November 1993,November 1993,regular,,November 1993,
NGDP,28,June 1994,June 1994,regular,,June 1994,
NGDP,29,November 1994,November 1994,regular,,November 1994,
NGDP,30,June 1995,June 1995,regular,,June 1995,
NGDP,31,November 1995,November 1995,regular,,November 1995,
NGDP,32,July 1996,July 1996,regular,,July 1996,
NGDP,33,November 1996,November 1996,regular,,November 1996,
NGDP,34,July 1997,July 1997,regular,,July 1997,
NGDP,35,November 1997,November 1997,regular,,November 1997,
NGDP,36,June 1998,June 1998,regular,,June 1998,
NGDP,37,November 1998,November 1998,regular,,November 1998,
NGDP,38,March 1999,March 1999,regular,,March 1999,
NGDP,39,November 1999,November 1999,regular,,November 1999,
NGDP,40,March 2000,March 2000,regular,,March 2000,
NGDP,41,November 2000,November 2000,regular,,November 2000,
NGDP,42,March 2001,March 2001,regular,,March 2001,
NGDP,43,November 2001,November 2001,regular,,November 2001,
NGDP,44,April 2002,April 2002,regular,,April 2002,
NGDP,45,November 2002,November 2002,regular,,November 2002,
NGDP,46,April 2003,April 2003,regular,,April 2003,
NGDP,47,December 2003,December 2003,regular,,December 2003,
NGDP,48,March 2004,March 2004,regular,,March 2004,
NGDP,49,December 2004,December 2004,regular,,December 2004,
NGDP,50,March 2005,March 2005,regular,,March 2005,
NGDP,51,December 2005,December 2005,regular,,December 2005,
NGDP,52,March 2006,March 2006,regular,,March 2006,
NGDP,53,December 2006,December 2006,regular,,December 2006,
NGDP,54,March 2007,March 2007,regular,,March 2007,
NGDP,55,October 2007,October 2007,regular,,October 2007,
NGDP,56,March 2008,March 2008,regular,,March 2008,
NGDP,57,November 2008,November 2008,regular,,November 2008,
NGDP,58,April 2009,April 2009,regular,,April 2009,
NGDP,59,November 2009,November 2009,regular,,November 2009,
NGDP,60,March 2010,March 2010,regular,,March 2010,
NGDP,61,June 2010,June 2010,regular,,June 2010,
NGDP,62,November 2010,November 2010,regular,,November 2010,
NGDP,63,March 2011,March 2011,regular,,March 2011,
NGDP,64,November 2011,November 2011,regular,,November 2011,
NGDP,65,March 2012,March 2012,regular,,March 2012,
NGDP,66,December 2012,December 2012,regular,,December 2012,
NGDP,67,March 2013,March 2013,regular,,March 2013,
NGDP,68,December 2013,December 2013,regular,,December 2013,
NGDP,69,March 2014,March 2014,regular,,March 2014,
NGDP,70,December 2014,December 2014,regular,,December 2014,
NGDP,71,March 2015,March 2015,regular,,March 2015,
NGDP,72,July 2015,July 2015,regular,,July 2015,
NGDP,73,November 2015,November 2015,regular,,November 2015,
NGDP,74,March 2016,March 2016,regular,,March 2016,
NGDP,75,November 2016,November 2016,regular,,November 2016,
NGDP,76,March 2017,March 2017,regular,,March 2017,
NGDP,77,November 2017,November 2017,regular,,November 2017,
NGDP,78,March 2018,March 2018,regular,,March 2018,
NGDP,79,October 2018,October 2018,regular,,October 2018,
NGDP,80,March 2019,March 2019,regular,,March 2019,
NGDP,81,March 2020,March 2020,regular,,March 2020,
NGDP,82,November 2020,November 2020,regular,,November 2020,
NGDP,83,March 2021,March 2021,regular,,March 2021,
NGDP,84,October 2021,October 2021,regular,,October 2021,
NGDP,85,March 2022,March 2022,regular,,March 2022,
NGDP,86,November 2022,November 2022,regular,,November 2022,
NGDP,87,March 2023,March 2023,regular,,March 2023,
NGDP,88,November 2023,November 2023,regular,,November 2023,
NGDP,89,March 2024,March 2024,regular,,March 2024,
NGDP,90,October 2024,October 2024,regular,,October 2024,
NGDP,91,March 2025,March 2025,regular,,March 2025,
NGDP,92,November 2025,November 2025,regular,,November 2025,
NGDP,93,March 2026,March 2026,regular,,March 2026,
UKGDP,5,November 1983,November 1983,regular,,November 1983,
UKGDP,6,March 1984,March 1984,regular,,March 1984,
UKGDP,7,November 1984,November 1984,regular,,November 1984,
UKGDP,8,March 1985,March 1985,regular,,March 1985,
UKGDP,9,November 1985,November 1985,regular,,November 1985,
UKGDP,10,March 1986,March 1986,regular,,March 1986,
UKGDP,11,November 1986,November 1986,regular,,November 1986,
UKGDP,12,March 1987,March 1987,regular,,March 1987,
UKGDP,13,November 1987,November 1987,regular,,November 1987,
UKGDP,14,March 1988,March 1988,regular,,March 1988,
UKGDP,15,November 1988,November 1988,regular,,November 1988,
UKGDP,16,March 1989,March 1989,regular,,March 1989,
UKGDP,17,November 1989,November 1989,regular,,November 1989,
UKGDP,18,March 1990,March 1990,regular,,March 1990,
UKGDP,19,November 1990,November 1990,regular,,November 1990,
UKGDP,20,March 1991,March 1991,regular,,March 1991,
UKGDP,21,November 1991,November 1991,regular,,November 1991,
UKGDP,22,March 1992,March 1992,regular,,March 1992,
UKGDP,23,November 1992,November 1992,regular,,November 1992,
UKGDP,24,March 1993,March 1993,regular,,March 1993,
UKGDP,25,November 1993,November 1993,regular,,November 1993,
UKGDP,26,June 1994,June 1994,regular,,June 1994,
UKGDP,27,November 1994,November 1994,regular,,November 1994,
UKGDP,28,June 1995,June 1995,regular,,June 1995,
UKGDP,29,November 1995,November 1995,regular,,November 1995,
UKGDP,30,July 1996,July 1996,regular,,July 1996,
UKGDP,31,November 1996,November 1996,regular,,November 1996,
UKGDP,32,July 1997,July 1997,regular,,July 1997,
UKGDP,33,November 1997,November 1997,regular,,November 1997,
UKGDP,34,June 1998,June 1998,regular,,June 1998,
UKGDP,35,November 1998,November 1998,regular,,November 1998,
UKGDP,36,March 1999,March 1999,regular,,March 1999,
UKGDP,37,November 1999,November 1999,regular,,November 1999,
UKGDP,38,March 2000,March 2000,regular,,March 2000,
UKGDP,39,November 2000,November 2000,regular,,November 2000,
UKGDP,40,March 2001,March 2001,regular,,March 2001,
UKGDP,41,November 2001,November 2001,regular,,November 2001,
UKGDP,42,April 2002,April 2002,regular,,April 2002,
UKGDP,43,November 2002,November 2002,regular,,November 2002,
UKGDP,44,April 2003,April 2003,regular,,April 2003,
UKGDP,45,December 2003,December 2003,regular,,December 2003,
UKGDP,46,March 2004,March 2004,regular,,March 2004,
UKGDP,47,December 2004,December 2004,regular,,December 2004,
UKGDP,48,March 2005,March 2005,regular,,March 2005,
UKGDP,49,December 2005,December 2005,regular,,December 2005,
UKGDP,50,March 2006,March 2006,regular,,March 2006,
UKGDP,51,December 2006,December 2006,regular,,December 2006,
UKGDP,52,March 2007,March 2007,regular,,March 2007,
UKGDP,53,October 2007,October 2007,regular,,October 2007,
UKGDP,54,March 2008,March 2008,regular,,March 2008,
UKGDP,55,November 2008,November 2008,regular,,November 2008,
UKGDP,56,April 2009,April 2009,regular,,April 2009,
UKGDP,57,November 2009,November 2009,regular,,November 2009,
UKGDP,58,March 2010,March 2010,regular,,March 2010,
UKGDP,59,June 2010,June 2010,regular,,June 2010,
UKGDP,60,November 2010,November 2010,regular,,November 2010,
UKGDP,61,March 2011,March 2011,regular,,March 2011,
UKGDP,62,November 2011,November 2011,regular,,November 2011,
UKGDP,63,March 2012,March 2012,regular,,March 2012,
UKGDP,64,December 2012,December 2012,regular,,December 2012,
UKGDP,65,March 2013,March 2013,regular,,March 2013,
UKGDP,66,December 2013,December 2013,regular,,December 2013,
UKGDP,67,March 2014,March 2014,regular,,March 2014,
UKGDP,68,December 2014,December 2014,regular,,December 2014,
UKGDP,69,March 2015,March 2015,regular,,March 2015,
UKGDP,70,July 2015,July 2015,regular,,July 2015,
UKGDP,71,November 2015,November 2015,regular,,November 2015,
UKGDP,72,March 2016,March 2016,regular,,March 2016,
UKGDP,73,November 2016,November 2016,regular,,November 2016,
UKGDP,74,March 2017,March 2017,regular,,March 2017,
UKGDP,75,November 2017,November 2017,regular,,November 2017,
UKGDP,76,March 2018,March 2018,regular,,March 2018,
UKGDP,77,October 2018,October 2018,regular,,October 2018,
UKGDP,78,March 2019,March 2019,regular,,March 2019,
UKGDP,79,March 2020,March 2020,regular,,March 2020,
UKGDP,80,November 2020,November 2020,regular,,November 2020,
UKGDP,81,March 2021,March 2021,regular,,March 2021,
UKGDP,82,October 2021,October 2021,regular,,October 2021,
UKGDP,83,March 2022,March 2022,regular,,March 2022,
UKGDP,84,November 2022,November 2022,regular,,November 2022,
UKGDP,85,March 2023,March 2023,regular,,March 2023,
UKGDP,86,November 2023,November 2023,regular,,November 2023,
UKGDP,87,March 2024,March 2024,regular,,March 2024,
UKGDP,88,October 2024,October 2024,regular,,October 2024,
UKGDP,89,March 2025,March 2025,regular,,March 2025,
UKGDP,90,November 2025,November 2025,regular,,November 2025,
UKGDP,91,March 2026,March 2026,regular,,March 2026,
Outputgap,5,June 2010,June 2010,regular,,June 2010,
Outputgap,6,November 2010,November 2010,regular,,November 2010,
Outputgap,7,March 2011,March 2011,regular,,March 2011,
Outputgap,8,November 2011,November 2011,regular,,November 2011,
Outputgap,9,March 2012,March 2012,regular,,March 2012,
Outputgap,10,December 2012,December 2012,regular,,December 2012,
Outputgap,11,March 2013,March 2013,regular,,March 2013,
Outputgap,12,December 2013,December 2013,regular,,December 2013,
Outputgap,13,March 2014,March 2014,regular,,March 2014,
Outputgap,14,December 2014,December 2014,regular,,December 2014,
Outputgap,15,March 2015,March 2015,regular,,March 2015,
Outputgap,16,July 2015,July 2015,regular,,July 2015,
Outputgap,17,November 2015,November 2015,regular,,November 2015,
Outputgap,18,March 2016,March 2016,regular,,March 2016,
Outputgap,19,November 2016,November 2016,regular,,November 2016,
Outputgap,20,March 2017,March 2017,regular,,March 2017,
Outputgap,21,November 2017,November 2017,regular,,November 2017,
Outputgap,22,March 2018,March 2018,regular,,March 2018,
Outputgap,23,October 2018,October 2018,regular,,October 2018,
Outputgap,24,March 2019,March 2019,regular,,March 2019,
Outputgap,25,March 2020,March 2020,regular,,March 2020,
Outputgap,26,November 2020,November 2020,regular,,November 2020,
Outputgap,27,March 2021,March 2021,regular,,March 2021,
Outputgap,28,October 2021,October 2021,regular,,October 2021,
Outputgap,29,March 2022,March 2022,regular,,March 2022,
Outputgap,30,November 2022,November 2022,regular,,November 2022,
Outputgap,31,March 2023,March 2023,regular,,March 2023,
Outputgap,32,November 2023,November 2023,regular,,November 2023,
Outputgap,33,March 2024,March 2024,regular,,March 2024,
Outputgap,34,October 2024,October 2024,regular,,October 2024,
Outputgap,35,March 2025,March 2025,regular,,March 2025,
Outputgap,36,November 2025,November 2025,regular,,November 2025,
Outputgap,37,March 2026,March 2026,regular,,March 2026,
Demand,5,June 2010,June 2010,regular,,June 2010,
Demand,6,November 2010,November 2010,regular,,November 2010,
Demand,7,March 2011,March 2011,regular,,March 2011,
Demand,8,November 2011,November 2011,regular,,November 2011,
Demand,9,March 2012,March 2012,regular,,March 2012,
Demand,10,December 2012,December 2012,regular,,December 2012,
Demand,11,March 2013,March 2013,regular,,March 2013,
Demand,12,December 2013,December 2013,regular,,December 2013,
Demand,13,March 2014,March 2014,regular,,March 2014,
Demand,14,December 2014,December 2014,regular,,December 2014,
Demand,15,March 2015,March 2015,regular,,March 2015,
Demand,16,July 2015,July 2015,regular,,July 2015,
Demand,17,November 2015,November 2015,regular,,November 2015,
Demand,18,March 2016,March 2016,regular,,March 2016,
Demand,19,November 2016,November 2016,regular,,November 2016,
Demand,20,March 2017,March 2017,regular,,March 2017,
Demand,21,November 2017,November 2017,regular,,November 2017,
Demand,22,March 2018,March 2018,regular,,March 2018,
Demand,23,October 2018,October 2018,regular,,October 2018,
Demand,24,March 2019,March 2019,regular,,March 2019,
Demand,25,March 2020,March 2020,regular,,March 2020,
Demand,26,November 2020,November 2020,regular,,November 2020,
Demand,27,March 2021,March 2021,regular,,March 2021,
Demand,28,October 2021,October 2021,regular,,October 2021,
Demand,29,March 2022,March 2022,regular,,March 2022,
Demand,30,November 2022,November 2022,regular,,November 2022,
Demand,31,March 2023,March 2023,regular,,March 2023,
Demand,32,November 2023,November 2023,regular,,November 2023,
Demand,33,March 2024,March 2024,regular,,March 2024,
Demand,34,October 2024,October 2024,regular,,October 2024,
Demand,35,March 2025,March 2025,regular,,March 2025,
Demand,36,November 2025,November 2025,regular,,November 2025,
Demand,37,March 2026,March 2026,regular,,March 2026,
HHconsumption,5,June 2010,June 2010,regular,,June 2010,
HHconsumption,6,November 2010,November 2010,regular,,November 2010,
HHconsumption,7,March 2011,March 2011,regular,,March 2011,
HHconsumption,8,November 2011,November 2011,regular,,November 2011,
HHconsumption,9,March 2012,March 2012,regular,,March 2012,
HHconsumption,10,December 2012,December 2012,regular,,December 2012,
HHconsumption,11,March 2013,March 2013,regular,,March 2013,
HHconsumption,12,December 2013,December 2013,regular,,December 2013,
HHconsumption,13,March 2014,March 2014,regular,,March 2014,
HHconsumption,14,December 2014,December 2014,regular,,December 2014,
HHconsumption,15,March 2015,March 2015,regular,,March 2015,
HHconsumption,16,July 2015,July 2015,regular,,July 2015,
HHconsumption,17,November 2015,November 2015,regular,,November 2015,
HHconsumption,18,March 2016,March 2016,regular,,March 2016,
HHconsumption,19,November 2016,November 2016,regular,,November 2016,
HHconsumption,20,March 2017,March 2017,regular,,March 2017,
HHconsumption,21,November 2017,November 2017,regular,,November 2017,
HHconsumption,22,March 2018,March 2018,regular,,March 2018,
HHconsumption,23,October 2018,October 2018,regular,,October 2018,
HHconsumption,24,March 2019,March 2019,regular,,March 2019,
HHconsumption,25,March 2020,March 2020,regular,,March 2020,
HHconsumption,26,November 2020,November 2020,regular,,November 2020,
HHconsumption,27,March 2021,March 2021,regular,,March 2021,
HHconsumption,28,October 2021,October 2021,regular,,October 2021,
HHconsumption,29,March 2022,March 2022,regular,,March 2022,
HHconsumption,30,November 2022,November 2022,regular,,November 2022,
HHconsumption,31,March 2023,March 2023,regular,,March 2023,
HHconsumption,32,November 2023,November 2023,regular,,November 2023,
HHconsumption,33,March 2024,March 2024,regular,,March 2024,
HHconsumption,34,October 2024,October 2024,regular,,October 2024,
HHconsumption,35,March 2025,March 2025,regular,,March 2025,
HHconsumption,36,November 2025,November 2025,regular,,November 2025,
HHconsumption,37,March 2026,March 2026,regular,,March 2026,
Govconsumption,5,June 2010,June 2010,regular,,June 2010,
Govconsumption,6,November 2010,November 2010,regular,,November 2010,
Govconsumption,7,March 2011,March 2011,regular,,March 2011,
Govconsumption,8,November 2011,November 2011,regular,,November 2011,
Govconsumption,9,March 2012,March 2012,regular,,March 2012,
Govconsumption,10,December 2012,December 2012,regular,,December 2012,
Govconsumption,11,March 2013,March 2013,regular,,March 2013,
Govconsumption,12,December 2013,December 2013,regular,,December 2013,
Govconsumption,13,March 2014,March 2014,regular,,March 2014,
Govconsumption,14,December 2014,December 2014,regular,,December 2014,
Govconsumption,15,March 2015,March 2015,regular,,March 2015,
Govconsumption,16,July 2015,July 2015,regular,,July 2015,
Govconsumption,17,November 2015,November 2015,regular,,November 2015,
Govconsumption,18,March 2016,March 2016,regular,,March 2016,
Govconsumption,19,November 2016,November 2016,regular,,November 2016,
Govconsumption,20,March 2017,March 2017,regular,,March 2017,
Govconsumption,21,November 2017,November 2017,regular,,November 2017,
Govconsumption,22,March 2018,March 2018,regular,,March 2018,
Govconsumption,23,October 2018,October 2018,regular,,October 2018,
Govconsumption,24,March 2019,March 2019,regular,,March 2019,
Govconsumption,25,March 2020,March 2020,regular,,March 2020,
Govconsumption,26,November 2020,November 2020,regular,,November 2020,
Govconsumption,27,March 2021,March 2021,regular,,March 2021,
Govconsumption,28,October 2021,October 2021,regular,,October 2021,
Govconsumption,29,March 2022,March 2022,regular,,March 2022,
Govconsumption,30,November 2022,November 2022,regular,,November 2022,
Govconsumption,31,March 2023,March 2023,regular,,March 2023,
Govconsumption,32,November 2023,November 2023,regular,,November 2023,
Govconsumption,33,March 2024,March 2024,regular,,March 2024,
Govconsumption,34,October 2024,October 2024,regular,,October 2024,
Govconsumption,35,March 2025,March 2025,regular,,March 2025,
Govconsumption,36,November 2025,November 2025,regular,,November 2025,
Govconsumption,37,March 2026,March 2026,regular,,March 2026,
Fixedinv,5,June 2010,June 2010,regular,,June 2010,
Fixedinv,6,November 2010,November 2010,regular,,November 2010,
Fixedinv,7,March 2011,March 2011,regular,,March 2011,
Fixedinv,8,November 2011,November 2011,regular,,November 2011,
Fixedinv,9,March 2012,March 2012,regular,,March 2012,
Fixedinv,10,December 2012,December 2012,regular,,December 2012,
Fixedinv,11,March 2013,March 2013,regular,,March 2013,
Fixedinv,12,December 2013,December 2013,regular,,December 2013,
Fixedinv,13,March 2014,March 2014,regular,,March 2014,
Fixedinv,14,December 2014,December 2014,regular,,December 2014,
Fixedinv,15,March 2015,March 2015,regular,,March 2015,
Fixedinv,16,July 2015,July 2015,regular,,July 2015,
Fixedinv,17,November 2015,November 2015,regular,,November 2015,
Fixedinv,18,March 2016,March 2016,regular,,March 2016,
Fixedinv,19,November 2016,November 2016,regular,,November 2016,
Fixedinv,20,March 2017,March 2017,regular,,March 2017,
Fixedinv,21,November 2017,November 2017,regular,,November 2017,
Fixedinv,22,March 2018,March 2018,regular,,March 2018,
Fixedinv,23,October 2018,October 2018,regular,,October 2018,
Fixedinv,24,March 2019,March 2019,regular,,March 2019,
Fixedinv,25,March 2020,March 2020,regular,,March 2020,
Fixedinv,26,November 2020,November 2020,regular,,November 2020,
Fixedinv,27,March 2021,March 2021,regular,,March 2021,
Fixedinv,28,October 2021,October 2021,regular,,October 2021,
Fixedinv,29,March 2022,March 2022,regular,,March 2022,
Fixedinv,30,November 2022,November 2022,regular,,November 2022,
Fixedinv,31,March 2023,March 2023,regular,,March 2023,
Fixedinv,32,November 2023,November 2023,regular,,November 2023,
Fixedinv,33,March 2024,March 2024,regular,,March 2024,
Fixedinv,34,October 2024,October 2024,regular,,October 2024,
Fixedinv,35,March 2025,March 2025,regular,,March 2025,
Fixedinv,36,November 2025,November 2025,regular,,November 2025,
Fixedinv,37,March 2026,March 2026,regular,,March 2026,
Businessinv,5,June 2010,June 2010,regular,,June 2010,
Businessinv,6,November 2010,November 2010,regular,,November 2010,
Businessinv,7,March 2011,March 2011,regular,,March 2011,
Businessinv,8,November 2011,November 2011,regular,,November 2011,
Businessinv,9,March 2012,March 2012,regular,,March 2012,
Businessinv,10,December 2012,December 2012,regular,,December 2012,
Businessinv,11,March 2013,March 2013,regular,,March 2013,
Businessinv,12,December 2013,December 2013,regular,,December 2013,
Businessinv,13,March 2014,March 2014,regular,,March 2014,
Businessinv,14,December 2014,December 2014,regular,,December 2014,
Businessinv,15,March 2015,March 2015,regular,,March 2015,
Businessinv,16,July 2015,July 2015,regular,,July 2015,
Businessinv,17,November 2015,November 2015,regular,,November 2015,
Businessinv,18,March 2016,March 2016,regular,,March 2016,
Businessinv,19,November 2016,November 2016,regular,,November 2016,
Businessinv,20,March 2017,March 2017,regular,,March 2017,
Businessinv,21,November 2017,November 2017,regular,,November 2017,
Businessinv,22,March 2018,March 2018,regular,,March 2018,
Businessinv,23,October 2018,October 2018,regular,,October 2018,
Businessinv,24,March 2019,March 2019,regular,,March 2019,
Businessinv,25,March 2020,March 2020,regular,,March 2020,
Businessinv,26,November 2020,November 2020,regular,,November 2020,
Businessinv,27,March 2021,March 2021,regular,,March 2021,
Businessinv,28,October 2021,October 2021,regular,,October 2021,
Businessinv,29,March 2022,March 2022,regular,,March 2022,
Businessinv,30,November 2022,November 2022,regular,,November 2022,
Businessinv,31,March 2023,March 2023,regular,,March 2023,
Businessinv,32,November 2023,November 2023,regular,,November 2023,
Businessinv,33,March 2024,March 2024,regular,,March 2024,
Businessinv,34,October 2024,October 2024,regular,,October 2024,
Businessinv,35,March 2025,March 2025,regular,,March 2025,
Businessinv,36,November 2025,November 2025,regular,,November 2025,
Businessinv,37,March 2026,March 2026,regular,,March 2026,
Empl,5,June 2010,June 2010,regular,,June 2010,
Empl,6,November 2010,November 2010,regular,,November 2010,
Empl,7,March 2011,March 2011,regular,,March 2011,
Empl,8,November 2011,November 2011,regular,,November 2011,
Empl,9,March 2012,March 2012,regular,,March 2012,
Empl,10,December 2012,December 2012,regular,,December 2012,
Empl,11,March 2013,March 2013,regular,,March 2013,
Empl,12,December 2013,December 2013,regular,,December 2013,
Empl,13,March 2014,March 2014,regular,,March 2014,
Empl,14,December 2014,December 2014,regular,,December 2014,
Empl,15,March 2015,March 2015,regular,,March 2015,
Empl,16,July 2015,July 2015,regular,,July 2015,
Empl,17,November 2015,November 2015,regular,,November 2015,
Empl,18,March 2016,March 2016,regular,,March 2016,
Empl,19,November 2016,November 2016,regular,,November 2016,
Empl,20,March 2017,March 2017,regular,,March 2017,
Empl,21,November 2017,November 2017,regular,,November 2017,
Empl,22,March 2018,March 2018,regular,,March 2018,
Empl,23,October 2018,October 2018,regular,,October 2018,
Empl,24,March 2019,March 2019,regular,,March 2019,
Empl,25,March 2020,March 2020,regular,,March 2020,
Empl,26,November 2020,November 2020,regular,,November 2020,
Empl,27,March 2021,March 2021,regular,,March 2021,
Empl,28,October 2021,October 2021,regular,,October 2021,
Empl,29,March 2022,March 2022,regular,,March 2022,
Empl,30,November 2022,November 2022,regular,,November 2022,
Empl,31,March 2023,March 2023,regular,,March 2023,
Empl,32,November 2023,November 2023,regular,,November 2023,
Empl,33,March 2024,March 2024,regular,,March 2024,
Empl,34,October 2024,October 2024,regular,,October 2024,
Empl,35,March 2025,March 2025,regular,,March 2025,
Empl,36,November 2025,November 2025,regular,,November 2025,
Empl,37,March2026,March 2026,regular,,March 2026,
Govtinv,5,June 2010,June 2010,regular,,June 2010,
Govtinv,6,November 2010,November 2010,regular,,November 2010,
Govtinv,7,March 2011,March 2011,regular,,March 2011,
Govtinv,8,November 2011,November 2011,regular,,November 2011,
Govtinv,9,March 2012,March 2012,regular,,March 2012,
Govtinv,10,December 2012,December 2012,regular,,December 2012,
Govtinv,11,March 2013,March 2013,regular,,March 2013,
Govtinv,12,December 2013,December 2013,regular,,December 2013,
Govtinv,13,March 2014,March 2014,regular,,March 2014,
Govtinv,14,December 2014,December 2014,regular,,December 2014,
Govtinv,15,March 2015,March 2015,regular,,March 2015,
Govtinv,16,July 2015,July 2015,regular,,July 2015,
Govtinv,17,November 2015,November 2015,regular,,November 2015,
Govtinv,18,March 2016,March 2016,regular,,March 2016,
Govtinv,19,November 2016,November 2016,regular,,November 2016,
Govtinv,20,March 2017,March 2017,regular,,March 2017,
Govtinv,21,November 2017,November 2017,regular,,November 2017,
Govtinv,22,March 2018,March 2018,regular,,March 2018,
Govtinv,23,October 2018,October 2018,regular,,October 2018,
Govtinv,24,March 2019,March 2019,regular,,March 2019,
Govtinv,25,March 2020,March 2020,regular,,March 2020,
Govtinv,26,November 2020,November 2020,regular,,November 2020,
Govtinv,27,March 2021,March 2021,regular,,March 2021,
Govtinv,28,October 2021,October 2021,regular,,October 2021,
Govtinv,29,March 2022,March 2022,regular,,March 2022,
Govtinv,30,November 2022,November 2022,regular,,November 2022,
Govtinv,31,March 2023,March 2023,regular,,March 2023,
Govtinv,32,November 2023,November 2023,regular,,November 2023,
Govtinv,33,March 2024,March 2024,regular,,March 2024,
Govtinv,34,October 2024,October 2024,regular,,October 2024,
Govtinv,35,March 2025,March 2025,regular,,March 2025,
Govtinv,36,November 2025,November 2025,regular,,November 2025,
Govtinv,37,March2026,March 2026,regular,,March 2026,
Privatedwellingsinv,5,June 2010,June 2010,regular,,June 2010,
Privatedwellingsinv,6,November 2010,November 2010,regular,,November 2010,
Privatedwellingsinv,7,March 2011,March 2011,regular,,March 2011,
Privatedwellingsinv,8,November 2011,November 2011,regular,,November 2011,
Privatedwellingsinv,9,March 2012,March 2012,regular,,March 2012,
Privatedwellingsinv,10,December 2012,December 2012,regular,,December 2012,
Privatedwellingsinv,11,March 2013,March 2013,regular,,March 2013,
Privatedwellingsinv,12,December 2013,December 2013,regular,,December 2013,
Privatedwellingsinv,13,March 2014,March 2014,regular,,March 2014,
Privatedwellingsinv,14,December 2014,December 2014,regular,,December 2014,
Privatedwellingsinv,15,March 2015,March 2015,regular,,March 2015,
Privatedwellingsinv,16,July 2015,July 2015,regular,,July 2015,
Privatedwellingsinv,17,November 2015,November 2015,regular,,November 2015,
Privatedwellingsinv,18,March 2016,March 2016,regular,,March 2016,
Privatedwellingsinv,19,November 2016,November 2016,regular,,November 2016,
Privatedwellingsinv,20,March 2017,March 2017,regular,,March 2017,
Privatedwellingsinv,21,November 2017,November 2017,regular,,November 2017,
Privatedwellingsinv,22,March 2018,March 2018,regular,,March 2018,
Privatedwellingsinv,23,October 2018,October 2018,regular,,October 2018,
Privatedwellingsinv,24,March 2019,March 2019,regular,,March 2019,
Privatedwellingsinv,25,March 2020,March 2020,regular,,March 2020,
Privatedwellingsinv,26,November 2020,November 2020,regular,,November 2020,
Privatedwellingsinv,27,March 2021,March 2021,regular,,March 2021,
Privatedwellingsinv,28,October 2021,October 2021,regular,,October 2021,
Privatedwellingsinv,29,March 2022,March 2022,regular,,March 2022,
Privatedwellingsinv,30,November 2022,November 2022,regular,,November 2022,
Privatedwellingsinv,31,March 2023,March 2023,regular,,March 2023,
Privatedwellingsinv,32,November 2023,November 2023,regular,,November 2023,
Privatedwellingsinv,33,March 2024,March 2024,regular,,March 2024,
Privatedwellingsinv,34,October 2024,October 2024,regular,,October 2024,
Privatedwellingsinv,35,March 2025,March 2025,regular,,March 2025,
Privatedwellingsinv,36,November 2025,November 2025,regular,,November 2025,
Privatedwellingsinv,37,March 2026,March 2026,regular,,March 2026,
Inventories,5,June 2010,June 2010,regular,,June 2010,
Inventories,6,November 2010,November 2010,regular,,November 2010,
Inventories,7,March 2011,March 2011,regular,,March 2011,
Inventories,8,November 2011,November 2011,regular,,November 2011,
Inventories,9,March 2012,March 2012,regular,,March 2012,
Inventories,10,December 2012,December 2012,regular,,December 2012,
Inventories,11,March 2013,March 2013,regular,,March 2013,
Inventories,12,December 2013,December 2013,regular,,December 2013,
Inventories,13,March 2014,March 2014,regular,,March 2014,
Inventories,14,December 2014,December 2014,regular,,December 2014,
Inventories,15,March 2015,March 2015,regular,,March 2015,
Inventories,16,July 2015,July 2015,regular,,July 2015,
Inventories,17,November 2015,November 2015,regular,,November 2015,
Inventories,18,March 2016,March 2016,regular,,March 2016,
Inventories,19,November 2016,November 2016,regular,,November 2016,
Inventories,20,March 2017,March 2017,regular,,March 2017,
Inventories,21,November 2017,November 2017,regular,,November 2017,
Inventories,22,March 2018,March 2018,regular,,March 2018,
Inventories,23,October 2018,October 2018,regular,,October 2018,
Inventories,24,March 2019,March 2019,regular,,March 2019,
Inventories,25,March 2020,March 2020,regular,,March 2020,
Inventories,26,November 2020,November 2020,regular,,November 2020,
Inventories,27,March 2021,March 2021,regular,,March 2021,
Inventories,28,October 2021,October 2021,regular,,October 2021,
Inventories,29,March 2022,March 2022,regular,,March 2022,
Inventories,30,November 2022,November 2022,regular,,November 2022,
Inventories,31,March 2023,March 2023,regular,,March 2023,
Inventories,32,November 2023,November 2023,regular,,November 2023,
Inventories,33,March 2024,March 2024,regular,,March 2024,
Inventories,34,October 2024,October 2024,regular,,October 2024,
Inventories,35,March 2025,March 2025,regular,,March 2025,
Inventories,36,November 2025,November 2025,regular,,November 2025,
Inventories,37,March 2026,March 2026,regular,,March 2026,
Exports,5,June 2010,June 2010,regular,,June 2010,
Exports,6,November 2010,November 2010,regular,,November 2010,
Exports,7,March 2011,March 2011,regular,,March 2011,
Exports,8,November 2011,November 2011,regular,,November 2011,
Exports,9,March 2012,March 2012,regular,,March 2012,
Exports,10,December 2012,December 2012,regular,,December 2012,
Exports,11,March 2013,March 2013,regular,,March 2013,
Exports,12,December 2013,December 2013,regular,,December 2013,
Exports,13,March 2014,March 2014,regular,,March 2014,
Exports,14,December 2014,December 2014,regular,,December 2014,
Exports,15,March 2015,March 2015,regular,,March 2015,
Exports,16,July 2015,July 2015,regular,,July 2015,
Exports,17,November 2015,November 2015,regular,,November 2015,
Exports,18,March 2016,March 2016,regular,,March 2016,
Exports,19,November 2016,November 2016,regular,,November 2016,
Exports,20,March 2017,March 2017,regular,,March 2017,
Exports,21,November 2017,November 2017,regular,,November 2017,
Exports,22,March 2018,March 2018,regular,,March 2018,
Exports,23,October 2018,October 2018,regular,,October 2018,
Exports,24,March 2019,March 2019,regular,,March 2019,
Exports,25,March 2020,March 2020,regular,,March 2020,
Exports,26,November 2020,November 2020,regular,,November 2020,
Exports,27,March 2021,March 2021,regular,,March 2021,
Exports,28,October 2021,October 2021,regular,,October 2021,
Exports,29,March 2022,March 2022,regular,,March 2022,
Exports,30,November 2022,November 2022,regular,,November 2022,
Exports,31,March 2023,March 2023,regular,,March 2023,
Exports,32,November 2023,November 2023,regular,,November 2023,
Exports,33,March 2024,March 2024,regular,,March 2024,
Exports,34,October 2024,October 2024,regular,,October 2024,
Exports,35,March 2025,March 2025,regular,,March 2025,
Exports,36,November 2025,November 2025,regular,,November 2025,
Exports,37,March 2026,March 2026,regular,,March 2026,
Imports,5,June 2010,June 2010,regular,,June 2010,
Imports,6,November 2010,November 2010,regular,,November 2010,
Imports,7,March 2011,March 2011,regular,,March 2011,
Imports,8,November 2011,November 2011,regular,,November 2011,
Imports,9,March 2012,March 2012,regular,,March 2012,
Imports,10,December 2012,December 2012,regular,,December 2012,
Imports,11,March 2013,March 2013,regular,,March 2013,
Imports,12,December 2013,December 2013,regular,,December 2013,
Imports,13,March 2014,March 2014,regular,,March 2014,
Imports,14,December 2014,December 2014,regular,,December 2014,
Imports,15,March 2015,March 2015,regular,,March 2015,
Imports,16,July 2015,July 2015,regular,,July 2015,
Imports,17,November 2015,November 2015,regular,,November 2015,
Imports,18,March 2016,March 2016,regular,,March 2016,
Imports,19,November 2016,November 2016,regular,,November 2016,
Imports,20,March 2017,March 2017,regular,,March 2017,
Imports,21,November 2017,November 2017,regular,,November 2017,
Imports,22,March 2018,March 2018,regular,,March 2018,
Imports,23,October 2018,October 2018,regular,,October 2018,
Imports,24,March 2019,March 2019,regular,,March 2019,
Imports,25,March 2020,March 2020,regular,,March 2020,
Imports,26,November 2020,November 2020,regular,,November 2020,
Imports,27,March 2021,March 2021,regular,,March 2021,
Imports,28,October 2021,October 2021,regular,,October 2021,
Imports,29,March 2022,March 2022,regular,,March 2022,
Imports,30,November 2022,November 2022,regular,,November 2022,
Imports,31,March 2023,March 2023,regular,,March 2023,
Imports,32,November 2023,November 2023,regular,,November 2023,
Imports,33,March 2024,March 2024,regular,,March 2024,
Imports,34,October 2024,October 2024,regular,,October 2024,
Imports,35,March 2025,March 2025,regular,,March 2025,
Imports,36,November 2025,November 2025,regular,,November 2025,
Imports,37,March 2026,March 2026,regular,,March 2026,
Currentacc£,5,June 2010,June 2010,regular,,June 2010,
Currentacc£,6,November 2010,November 2010,regular,,November 2010,
Currentacc£,7,March 2011,March 2011,regular,,March 2011,
Currentacc£,8,November 2011,November 2011,regular,,November 2011,
Currentacc£,9,March 2012,March 2012,regular,,March 2012,
Currentacc£,10,December 2012,December 2012,regular,,December 2012,
Currentacc£,11,March 2013,March 2013,regular,,March 2013,
Currentacc£,12,December 2013,December 2013,regular,,December 2013,
Currentacc£,13,March 2014,March 2014,regular,,March 2014,
Currentacc£,14,December 2014,December 2014,regular,,December 2014,
Currentacc£,15,March 2015,March 2015,regular,,March 2015,
Currentacc£,16,July 2015,July 2015,regular,,July 2015,
Currentacc£,17,November 2015,November 2015,regular,,November 2015,
Currentacc£,18,March 2016,March 2016,regular,,March 2016,
Currentacc£,19,November 2016,November 2016,regular,,November 2016,
Currentacc£,20,March 2017,March 2017,regular,,March 2017,
Currentacc£,21,November 2017,November 2017,regular,,November 2017,
Currentacc£,22,March 2018,March 2018,regular,,March 2018,
Currentacc£,23,October 2018,October 2018,regular,,October 2018,
Currentacc£,24,March 2019,March 2019,regular,,March 2019,
Currentacc£,25,March 2020,March 2020,regular,,March 2020,
Currentacc£,26,November 2020,November 2020,regular,,November 2020,
Currentacc£,27,March 2021,March 2021,regular,,March 2021,
Currentacc£,28,October 2021,October 2021,regular,,October 2021,
Currentacc£,29,March 2022,March 2022,regular,,March 2022,
Currentacc£,30,November 2022,November 2022,regular,,November 2022,
Currentacc£,31,March 2023,March 2023,regular,,March 2023,
Currentacc£,32,November 2023,November 2023,regular,,November 2023,
Currentacc£,33,March 2024,March 2024,regular,,March 2024,
Currentacc£,34,October 2024,October 2024,regular,,October 2024,
Currentacc£,35,March 2025,March 2025,regular,,March 2025,
Currentacc£,36,November 2025,November 2025,regular,,November 2025,
Currentacc£,37,March 2026,March 2026,regular,,March 2026,
Currentacc%GDP,5,June 2010,June 2010,regular,,June 2010,
Currentacc%GDP,6,November 2010,November 2010,regular,,November 2010,
Currentacc%GDP,7,March 2011,March 2011,regular,,March 2011,
Currentacc%GDP,8,November 2011,November 2011,regular,,November 2011,
Currentacc%GDP,9,March 2012,March 2012,regular,,March 2012,
Currentacc%GDP,10,December 2012,December 2012,regular,,December 2012,
Currentacc%GDP,11,March 2013,March 2013,regular,,March 2013,
Currentacc%GDP,12,December 2013,December 2013,regular,,December 2013,
Currentacc%GDP,13,March 2014,March 2014,regular,,March 2014,
Currentacc%GDP,14,December 2014,December 2014,regular,,December 2014,
Currentacc%GDP,15,March 2015,March 2015,regular,,March 2015,
Currentacc%GDP,16,July 2015,July 2015,regular,,July 2015,
Currentacc%GDP,17,November 2015,November 2015,regular,,November 2015,
Currentacc%GDP,18,March 2016,March 2016,regular,,March 2016,
Currentacc%GDP,19,November 2016,November 2016,regular,,November 2016,
Currentacc%GDP,20,March 2017,March 2017,regular,,March 2017,
Currentacc%GDP,21,November 2017,November 2017,regular,,November 2017,
Currentacc%GDP,22,March 2018,March 2018,regular,,March 2018,
Currentacc%GDP,23,October 2018,October 2018,regular,,October 2018,
Currentacc%GDP,24,March 2019,March 2019,regular,,March 2019,
Currentacc%GDP,25,March 2020,March 2020,regular,,March 2020,
Currentacc%GDP,26,November 2020,November 2020,regular,,November 2020,
Currentacc%GDP,27,March 2021,March 2021,regular,,March 2021,
Currentacc%GDP,28,October 2021,October 2021,regular,,October 2021,
Currentacc%GDP,29,March 2022,March 2022,regular,,March 2022,
Currentacc%GDP,30,November 2022,November 2022,regular,,November 2022,
Currentacc%GDP,31,March 2023,March 2023,regular,,March 2023,
Currentacc%GDP,32,November 2023,November 2023,regular,,November 2023,
Currentacc%GDP,33,March 2024,March 2024,regular,,March 2024,
Currentacc%GDP,34,October 2024,October 2024,regular,,October 2024,
Currentacc%GDP,35,March 2025,March 2025,regular,,March 2025,
Currentacc%GDP,36,November 2025,November 2025,regular,,November 2025,
Currentacc%GDP,37,March 2026,March 2026,regular,,March 2026,
CPI,5,June 2010,June 2010,regular,,June 2010,
CPI,6,November 2010,November 2010,regular,,November 2010,
CPI,7,March 2011,March 2011,regular,,March 2011,
CPI,8,November 2011,November 2011,regular,,November 2011,
CPI,9,March 2012,March 2012,regular,,March 2012,
CPI,10,December 2012,December 2012,regular,,December 2012,
CPI,11,March 2013,March 2013,regular,,March 2013,
CPI,12,December 2013,December 2013,regular,,December 2013,
CPI,13,March 2014,March 2014,regular,,March 2014,
CPI,14,December 2014,December 2014,regular,,December 2014,
CPI,15,March 2015,March 2015,regular,,March 2015,
CPI,16,July 2015,July 2015,regular,,July 2015,
CPI,17,November 2015,November 2015,regular,,November 2015,
CPI,18,March 2016,March 2016,regular,,March 2016,
CPI,19,November 2016,November 2016,regular,,November 2016,
CPI,20,March 2017,March 2017,regular,,March 2017,
CPI,21,November 2017,November 2017,regular,,November 2017,
CPI,22,March 2018,March 2018,regular,,March 2018,
CPI,23,October 2018,October 2018,regular,,October 2018,
CPI,24,March 2019,March 2019,regular,,March 2019,
CPI,25,March 2020,March 2020,regular,,March 2020,
CPI,26,November 2020,November 2020,regular,,November 2020,
CPI,27,March 2021,March 2021,regular,,March 2021,
CPI,28,October 2021,October 2021,regular,,October 2021,
CPI,29,March 2022,March 2022,regular,,March 2022,
CPI,30,November 2022,November 2022,regular,,November 2022,
CPI,31,March 2023,March 2023,regular,,March 2023,
CPI,32,November 2023,November 2023,regular,,November 2023,
CPI,33,March 2024,March 2024,regular,,March 2024,
CPI,34,October 2024,October 2024,regular,,October 2024,
CPI,35,March 2025,March 2025,regular,,March 2025,
CPI,36,November 2025,November 2025,regular,,November 2025,
CPI,37,March 2026,March 2026,regular,,March 2026,
RPI,5,June 2010,June 2010,regular,,June 2010,
RPI,6,November 2010,November 2010,regular,,November 2010,
RPI,7,March 2011,March 2011,regular,,March 2011,
RPI,8,November 2011,November 2011,regular,,November 2011,
RPI,9,March 2012,March 2012,regular,,March 2012,
RPI,10,December 2012,December 2012,regular,,December 2012,
RPI,11,March 2013,March 2013,regular,,March 2013,
RPI,12,December 2013,December 2013,regular,,December 2013,
RPI,13,March 2014,March 2014,regular,,March 2014,
RPI,14,December 2014,December 2014,regular,,December 2014,
RPI,15,March 2015,March 2015,regular,,March 2015,
RPI,16,July 2015,July 2015,regular,,July 2015,
RPI,17,November 2015,November 2015,regular,,November 2015,
RPI,18,March 2016,March 2016,regular,,March 2016,
RPI,19,November 2016,November 2016,regular,,November 2016,
RPI,20,March 2017,March 2017,regular,,March 2017,
RPI,21,November 2017,November 2017,regular,,November 2017,
RPI,22,March 2018,March 2018,regular,,March 2018,
RPI,23,October 2018,October 2018,regular,,October 2018,
RPI,24,March 2019,March 2019,regular,,March 2019,
RPI,25,March 2020,March 2020,regular,,March 2020,
RPI,26,November 2020,November 2020,regular,,November 2020,
RPI,27,March 2021,March 2021,regular,,March 2021,
RPI,28,October 2021,October 2021,regular,,October 2021,
RPI,29,March 2022,March 2022,regular,,March 2022,
RPI,30,November 2022,November 2022,regular,,November 2022,
RPI,31,March 2023,March 2023,regular,,March 2023,
RPI,32,November 2023,November 2023,regular,,November 2023,
RPI,33,March 2024,March 2024,regular,,March 2024,
RPI,34,October 2024,October 2024,regular,,October 2024,
RPI,35,March 2025,March 2025,regular,,March 2025,
RPI,36,November 2025,November 2025,regular,,November 2025,
RPI,37,March 2026,March 2026,regular,,March 2026,
Deflator,5,June 2010,June 2010,regular,,June 2010,
Deflator,6,November 2010,November 2010,regular,,November 2010,
Deflator,7,March 2011,March 2011,regular,,March 2011,
Deflator,8,November 2011,November 2011,regular,,November 2011,
Deflator,9,March 2012,March 2012,regular,,March 2012,
Deflator,10,December 2012,December 2012,regular,,December 2012,
Deflator,11,March 2013,March 2013,regular,,March 2013,
Deflator,12,December 2013,December 2013,regular,,December 2013,
Deflator,13,March 2014,March 2014,regular,,March 2014,
Deflator,14,December 2014,December 2014,regular,,December 2014,
Deflator,15,March 2015,March 2015,regular,,March 2015,
Deflator,16,July 2015,July 2015,regular,,July 2015,
Deflator,17,November 2015,November 2015,regular,,November 2015,
Deflator,18,March 2016,March 2016,regular,,March 2016,
Deflator,19,November 2016,November 2016,regular,,November 2016,
Deflator,20,March 2017,March 2017,regular,,March 2017,
Deflator,21,November 2017,November 2017,regular,,November 2017,
Deflator,22,March 2018,March 2018,regular,,March 2018,
Deflator,23,October 2018,October 2018,regular,,October 2018,
Deflator,24,March 2019,March 2019,regular,,March 2019,
Deflator,25,March 2020,March 2020,regular,,March 2020,
Deflator,26,November 2020,November 2020,regular,,November 2020,
Deflator,27,March 2021,March 2021,regular,,March 2021,
Deflator,28,October 2021,October 2021,regular,,October 2021,
Deflator,29,March 2022,March 2022,regular,,March 2022,
Deflator,30,November 2022,November 2022,regular,,November 2022,
Deflator,31,March 2023,March 2023,regular,,March 2023,
Deflator,32,November 2023,November 2023,regular,,November 2023,
Deflator,33,March 2024,March 2024,regular,,March 2024,
Deflator,34,October 2024,October 2024,regular,,October 2024,
Deflator,35,March 2025,March 2025,regular,,March 2025,
Deflator,36,November 2025,November 2025,regular,,November 2025,
Deflator,37,March 2026,March 2026,regular,,March 2026,
Prod,5,June 2010,June 2010,regular,,June 2010,
Prod,6,November 2010,November 2010,regular,,November 2010,
Prod,7,March 2011,March 2011,regular,,March 2011,
Prod,8,November 2011,November 2011,regular,,November 2011,
Prod,9,March 2012,March 2012,regular,,March 2012,
Prod,10,December 2012,December 2012,regular,,December 2012,
Prod,11,March 2013,March 2013,regular,,March 2013,
Prod,12,December 2013,December 2013,regular,,December 2013,
Prod,13,March 2014,March 2014,regular,,March 2014,
Prod,14,December 2014,December 2014,regular,,December 2014,
Prod,15,March 2015,March 2015,regular,,March 2015,
Prod,16,July 2015,July 2015,regular,,July 2015,
Prod,17,November 2015,November 2015,regular,,November 2015,
Prod,18,March 2016,March 2016,regular,,March 2016,
Prod,19,November 2016,November 2016,regular,,November 2016,
Prod,20,March 2017,March 2017,regular,,March 2017,
Prod,21,November 2017,November 2017,regular,,November 2017,
Prod,22,March 2018,March 2018,regular,,March 2018,
Prod,23,October 2018,October 2018,regular,,October 2018,
Prod,24,March 2019,March 2019,regular,,March 2019,
Prod,25,March 2020,March 2020,regular,,March 2020,
Prod,26,November 2020,November 2020,regular,,November 2020,
Prod,27,March 2021,March 2021,regular,,March 2021,
Prod,28,October 2021,October 2021,regular,,October 2021,
Prod,29,March 2022,March 2022,regular,,March 2022,
Prod,30,November 2022,November 2022,regular,,November 2022,
Prod,31,March 2023,March 2023,regular,,March 2023,
Prod,32,November 2023,November 2023,regular,,November 2023,
Prod,33,March 2024,March 2024,regular,,March 2024,
Prod,34,October 2024,October 2024,regular,,October 2024,
Prod,35,March 2025,March 2025,regular,,March 2025,
Prod,36,November 2025,November 2025,regular,,November 2025,
Prod,37,March 2026,March 2026,regular,,March 2026,
Wages&Salaries,5,June 2010,June 2010,regular,,June 2010,
Wages&Salaries,6,November 2010,November 2010,regular,,November 2010,
Wages&Salaries,7,March 2011,March 2011,regular,,March 2011,
Wages&Salaries,8,November 2011,November 2011,regular,,November 2011,
Wages&Salaries,9,March 2012,March 2012,regular,,March 2012,
Wages&Salaries,10,December 2012,December 2012,regular,,December 2012,
Wages&Salaries,11,March 2013,March 2013,regular,,March 2013,
Wages&Salaries,12,December 2013,December 2013,regular,,December 2013,
Wages&Salaries,13,March 2014,March 2014,regular,,March 2014,
Wages&Salaries,14,December 2014,December 2014,regular,,December 2014,
Wages&Salaries,15,March 2015,March 2015,regular,,March 2015,
Wages&Salaries,16,July 2015,July 2015,regular,,July 2015,
Wages&Salaries,17,November 2015,November 2015,regular,,November 2015,
Wages&Salaries,18,March 2016,March 2016,regular,,March 2016,
Wages&Salaries,19,November 2016,November 2016,regular,,November 2016,
Wages&Salaries,20,March 2017,March 2017,regular,,March 2017,
Wages&Salaries,21,November 2017,November 2017,regular,,November 2017,
Wages&Salaries,22,March 2018,March 2018,regular,,March 2018,
Wages&Salaries,23,October 2018,October 2018,regular,,October 2018,
Wages&Salaries,24,March 2019,March 2019,regular,,March 2019,
Wages&Salaries,25,March 2020,March 2020,regular,,March 2020,
Wages&Salaries,26,November 2020,November 2020,regular,,November 2020,
Wages&Salaries,27,March 2021,March 2021,regular,,March 2021,
Wages&Salaries,28,October 2021,October 2021,regular,,October 2021,
Wages&Salaries,29,March 2022,March 2022,regular,,March 2022,
Wages&Salaries,30,November 2022,November 2022,regular,,November 2022,
Wages&Salaries,31,March 2023,March 2023,regular,,March 2023,
Wages&Salaries,32,November 2023,November 2023,regular,,November 2023,
Wages&Salaries,33,March 2024,March 2024,regular,,March 2024,
Wages&Salaries,34,October 2024,October 2024,regular,,October 2024,
Wages&Salaries,35,March 2025,March 2025,regular,,March 2025,
Wages&Salaries,36,November 2025,November 2025,regular,,November 2025,
Wages&Salaries,37,March 2026,March 2026,regular,,March 2026,
Earnings,5,June 2010,June 2010,regular,,June 2010,
Earnings,6,November 2010,November 2010,regular,,November 2010,
Earnings,7,March 2011,March 2011,regular,,March 2011,
Earnings,8,November 2011,November 2011,regular,,November 2011,
Earnings,9,March 2012,March 2012,regular,,March 2012,
Earnings,10,December 2012,December 2012,regular,,December 2012,
Earnings,11,March 2013,March 2013,regular,,March 2013,
Earnings,12,December 2013,December 2013,regular,,December 2013,
Earnings,13,March 2014,March 2014,regular,,March 2014,
Earnings,14,December 2014,December 2014,regular,,December 2014,
Earnings,15,March 2015,March 2015,regular,,March 2015,
Earnings,16,July 2015,July 2015,regular,,July 2015,
Earnings,17,November 2015,November 2015,regular,,November 2015,
Earnings,18,March 2016,March 2016,regular,,March 2016,
Earnings,19,November 2016,November 2016,regular,,November 2016,
Earnings,20,March 2017,March 2017,regular,,March 2017,
Earnings,21,November 2017,November 2017,regular,,November 2017,
Earnings,22,March 2018,March 2018,regular,,March 2018,
Earnings,23,October 2018,October 2018,regular,,October 2018,
Earnings,24,March 2019,March 2019,regular,,March 2019,
Earnings,25,March 2020,March 2020,regular,,March 2020,
Earnings,26,November 2020,November 2020,regular,,November 2020,
Earnings,27,March 2021,March 2021,regular,,March 2021,
Earnings,28,October 2021,October 2021,regular,,October 2021,
Earnings,29,March 2022,March 2022,regular,,March 2022,
Earnings,30,November 2022,November 2022,regular,,November 2022,
Earnings,31,March 2023,March 2023,regular,,March 2023,
Earnings,32,November 2023,November 2023,regular,,November 2023,
Earnings,33,March 2024,March 2024,regular,,March 2024,
Earnings,34,October 2024,October 2024,regular,,October 2024,
Earnings,35,March 2025,March 2025,regular,,March 2025,
Earnings,36,November 2025,November 2025,regular,,November 2025,
Earnings,37,March 2026,March 2026,regular,,March 2026,
Unemplrate,5,June 2010,June 2010,regular,,June 2010,
Unemplrate,6,November 2010,November 2010,regular,,November 2010,
Unemplrate,7,March 2011,March 2011,regular,,March 2011,
Unemplrate,8,November 2011,November 2011,regular,,November 2011,
Unemplrate,9,March 2012,March 2012,regular,,March 2012,
Unemplrate,10,December 2012,December 2012,regular,,December 2012,
Unemplrate,11,March 2013,March 2013,regular,,March 2013,
Unemplrate,12,December 2013,December 2013,regular,,December 2013,
Unemplrate,13,March 2014,March 2014,regular,,March 2014,
Unemplrate,14,December 2014,December 2014,regular,,December 2014,
Unemplrate,15,March 2015,March 2015,regular,,March 2015,
Unemplrate,16,July 2015,July 2015,regular,,July 2015,
Unemplrate,17,November 2015,November 2015,regular,,November 2015,
Unemplrate,18,March 2016,March 2016,regular,,March 2016,
Unemplrate,19,November 2016,November 2016,regular,,November 2016,
Unemplrate,20,March 2017,March 2017,regular,,March 2017,
Unemplrate,21,November 2017,November 2017,regular,,November 2017,
Unemplrate,22,March 2018,March 2018,regular,,March 2018,
Unemplrate,23,October 2018,October 2018,regular,,October 2018,
Unemplrate,24,March 2019,March 2019,regular,,March 2019,
Unemplrate,25,March 2020,March 2020,regular,,March 2020,
Unemplrate,26,November 2020,November 2020,regular,,November 2020,
Unemplrate,27,March 2021,March 2021,regular,,March 2021,
Unemplrate,28,October 2021,October 2021,regular,,October 2021,
Unemplrate,29,March 2022,March 2022,regular,,March 2022,
Unemplrate,30,November 2022,November 2022,regular,,November 2022,
Unemplrate,31,March 2023,March 2023,regular,,March 2023,
Unemplrate,32,November 2023,November 2023,regular,,November 2023,
Unemplrate,33,March 2024,March 2024,regular,,March 2024,
Unemplrate,34,October 2024,October 2024,regular,,October 2024,
Unemplrate,35,March 2025,March 2025,regular,,March 2025,
Unemplrate,36,November 2025,November 2025,regular,,November 2025,
Unemplrate,37,March 2026,March 2026,regular,,March 2026,
RHHDI,5,June 2010,June 2010,regular,,June 2010,
RHHDI,6,November 2010,November 2010,regular,,November 2010,
RHHDI,7,March 2011,March 2011,regular,,March 2011,
RHHDI,8,November 2011,November 2011,regular,,November 2011,
RHHDI,9,March 2012,March 2012,regular,,March 2012,
RHHDI,10,December 2012,December 2012,regular,,December 2012,
RHHDI,11,March 2013,March 2013,regular,,March 2013,
RHHDI,12,December 2013,December 2013,regular,,December 2013,
RHHDI,13,March 2014,March 2014,regular,,March 2014,
RHHDI,14,December 2014,December 2014,regular,,December 2014,
RHHDI,15,March 2015,March 2015,regular,,March 2015,
RHHDI,16,July 2015,July 2015,regular,,July 2015,
RHHDI,17,November 2015,November 2015,regular,,November 2015,
RHHDI,18,March 2016,March 2016,regular,,March 2016,
RHHDI,19,November 2016,November 2016,regular,,November 2016,
RHHDI,20,March 2017,March 2017,regular,,March 2017,
RHHDI,21,November 2017,November 2017,regular,,November 2017,
RHHDI,22,March 2018,March 2018,regular,,March 2018,
RHHDI,23,October 2018,October 2018,regular,,October 2018,
RHHDI,24,March 2019,March 2019,regular,,March 2019,
RHHDI,25,March 2020,March 2020,regular,,March 2020,
RHHDI,26,November 2020,November 2020,regular,,November 2020,
RHHDI,27,March 2021,March 2021,regular,,March 2021,
RHHDI,28,October 2021,October 2021,regular,,October 2021,
RHHDI,29,March 2022,March 2022,regular,,March 2022,
RHHDI,30,November 2022,November 2022,regular,,November 2022,
RHHDI,31,March 2023,March 2023,regular,,March 2023,
RHHDI,32,November 2023,November 2023,regular,,November 2023,
RHHDI,33,March 2024,March 2024,regular,,March 2024,
RHHDI,34,October 2024,October 2024,regular,,October 2024,
RHHDI,35,March 2025,March 2025,regular,,March 2025,
RHHDI,36,November 2025,November 2025,regular,,November 2025,
RHHDI,37,March 2026,March 2026,regular,,March 2026,
Savingratio,5,June 2010,June 2010,regular,,June 2010,
Savingratio,6,November 2010,November 2010,regular,,November 2010,
Savingratio,7,March 2011,March 2011,regular,,March 2011,
Savingratio,8,November 2011,November 2011,regular,,November 2011,
Savingratio,9,March 2012,March 2012,regular,,March 2012,
Savingratio,10,December 2012,December 2012,regular,,December 2012,
Savingratio,11,March 2013,March 2013,regular,,March 2013,
Savingratio,12,December 2013,December 2013,regular,,December 2013,
Savingratio,13,March 2014,March 2014,regular,,March 2014,
Savingratio,14,December 2014,December 2014,regular,,December 2014,
Savingratio,15,March 2015,March 2015,regular,,March 2015,
Savingratio,16,July 2015,July 2015,regular,,July 2015,
Savingratio,17,November 2015,November 2015,regular,,November 2015,
Savingratio,18,March 2016,March 2016,regular,,March 2016,
Savingratio,19,November 2016,November 2016,regular,,November 2016,
Savingratio,20,March 2017,March 2017,regular,,March 2017,
Savingratio,21,November 2017,November 2017,regular,,November 2017,
Savingratio,22,March 2018,March 2018,regular,,March 2018,
Savingratio,23,October 2018,October 2018,regular,,October 2018,
Savingratio,24,March 2019,March 2019,regular,,March 2019,
Savingratio,25,March 2020,March 2020,regular,,March 2020,
Savingratio,26,November 2020,November 2020,regular,,November 2020,
Savingratio,27,March 2021,March 2021,regular,,March 2021,
Savingratio,28,October 2021,October 2021,regular,,October 2021,
Savingratio,29,March 2022,March 2022,regular,,March 2022,
Savingratio,30,November 2022,November 2022,regular,,November 2022,
Savingratio,31,March 2023,March 2023,regular,,March 2023,
Savingratio,32,November 2023,November 2023,regular,,November 2023,
Savingratio,33,March 2024,March 2024,regular,,March 2024,
Savingratio,34,October 2024,October 2024,regular,,October 2024,
Savingratio,35,March 2025,March 2025,regular,,March 2025,
Savingratio,36,November 2025,November 2025,regular,,November 2025,
Savingratio,37,March 2026,March 2026,regular,,March 2026,
Houseprices,5,June 2010,June 2010,regular,,June 2010,
Houseprices,6,November 2010,November 2010,regular,,November 2010,
Houseprices,7,March 2011,March 2011,regular,,March 2011,
Houseprices,8,November 2011,November 2011,regular,,November 2011,
Houseprices,9,March 2012,March 2012,regular,,March 2012,
Houseprices,10,December 2012,December 2012,regular,,December 2012,
Houseprices,11,March 2013,March 2013,regular,,March 2013,
Houseprices,12,December 2013,December 2013,regular,,December 2013,
Houseprices,13,March 2014,March 2014,regular,,March 2014,
Houseprices,14,December 2014,December 2014,regular,,December 2014,
Houseprices,15,March 2015,March 2015,regular,,March 2015,
Houseprices,16,July 2015,July 2015,regular,,July 2015,
Houseprices,17,November 2015,November 2015,regular,,November 2015,
Houseprices,18,March 2016,March 2016,regular,,March 2016,
Houseprices,19,November 2016,November 2016,regular,,November 2016,
Houseprices,20,March 2017,March 2017,regular,,March 2017,
Houseprices,21,November 2017,November 2017,regular,,November 2017,
Houseprices,22,March 2018,March 2018,regular,,March 2018,
Houseprices,23,October 2018,October 2018,regular,,October 2018,
Houseprices,24,March 2019,March 2019,regular,,March 2019,
Houseprices,25,March 2020,March 2020,regular,,March 2020,
Houseprices,26,November 2020,November 2020,regular,,November 2020,
Houseprices,27,March 2021,March 2021,regular,,March 2021,
Houseprices,28,October 2021,October 2021,regular,,October 2021,
Houseprices,29,March 2022,March 2022,regular,,March 2022,
Houseprices,30,November 2022,November 2022,regular,,November 2022,
Houseprices,31,March 2023,March 2023,regular,,March 2023,
Houseprices,32,November 2023,November 2023,regular,,November 2023,
Houseprices,33,March 2024,March 2024,regular,,March 2024,
Houseprices,34,October 2024,October 2024,regular,,October 2024,
Houseprices,35,March 2025,March 2025,regular,,March 2025,
Houseprices,36,November 2025,November 2025,regular,,November 2025,
Houseprices,37,March 2026,March 2026,regular,,March 2026,
HHnetworthtoincome,5,June 2010,June 2010,regular,,June 2010,
HHnetworthtoincome,6,November 2010,November 2010,regular,,November 2010,
HHnetworthtoincome,7,March 2011,March 2011,regular,,March 2011,
HHnetworthtoincome,8,November 2011,November 2011,regular,,November 2011,
HHnetworthtoincome,9,March 2012,March 2012,regular,,March 2012,
HHnetworthtoincome,10,December 2012,December 2012,regular,,December 2012,
HHnetworthtoincome,11,March 2013,March 2013,regular,,March 2013,
HHnetworthtoincome,12,December 2013,December 2013,regular,,December 2013,
HHnetworthtoincome,13,March 2014,March 2014,regular,,March 2014,
HHnetworthtoincome,14,December 2014,December 2014,regular,,December 2014,
HHnetworthtoincome,15,March 2015,March 2015,regular,,March 2015,
HHnetworthtoincome,16,July 2015,July 2015,regular,,July 2015,
HHnetworthtoincome,17,November 2015,November 2015,regular,,November 2015,
HHnetworthtoincome,18,March 2016,March 2016,regular,,March 2016,
HHnetworthtoincome,19,November 2016,November 2016,regular,,November 2016,
HHnetworthtoincome,20,March 2017,March 2017,regular,,March 2017,
HHnetworthtoincome,21,November 2017,November 2017,regular,,November 2017,
HHnetworthtoincome,22,March 2018,March 2018,regular,,March 2018,
HHnetworthtoincome,23,October 2018,October 2018,regular,,October 2018,
HHnetworthtoincome,24,March 2019,March 2019,regular,,March 2019,
HHnetworthtoincome,25,March 2020,March 2020,regular,,March 2020,
HHnetworthtoincome,26,November 2020,November 2020,regular,,November 2020,
HHnetworthtoincome,27,March 2021,March 2021,regular,,March 2021,
HHnetworthtoincome,28,October 2021,October 2021,regular,,October 2021,
HHnetworthtoincome,29,March 2022,March 2022,regular,,March 2022,
HHnetworthtoincome,30,November 2022,November 2022,regular,,November 2022,
HHnetworthtoincome,31,March 2023,March 2023,regular,,March 2023,
HHnetworthtoincome,32,November 2023,November 2023,regular,,November 2023,
HHnetworthtoincome,33,March 2024,March 2024,regular,,March 2024,
HHnetworthtoincome,34,October 2024,October 2024,regular,,October 2024,
HHnetworthtoincome,35,March 2025,March 2025,regular,,March 2025,
HHnetworthtoincome,36,November 2025,November 2025,regular,,November 2025,
HHnetworthtoincome,37,March 2026,March 2026,regular,,March 2026,
WorldGDP,5,June 2010,June 2010,regular,,June 2010,
WorldGDP,6,November 2010,November 2010,regular,,November 2010,
WorldGDP,7,March 2011,March 2011,regular,,March 2011,
WorldGDP,8,November 2011,November 2011,regular,,November 2011,
WorldGDP,9,March 2012,March 2012,regular,,March 2012,
WorldGDP,10,December 2012,December 2012,regular,,December 2012,
WorldGDP,11,March 2013,March 2013,regular,,March 2013,
WorldGDP,12,December 2013,December 2013,regular,,December 2013,
WorldGDP,13,March 2014,March 2014,regular,,March 2014,
WorldGDP,14,December 2014,December 2014,regular,,December 2014,
WorldGDP,15,March 2015,March 2015,regular,,March 2015,
WorldGDP,16,July 2015,July 2015,regular,,July 2015,
WorldGDP,17,November 2015,November 2015,regular,,November 2015,
WorldGDP,18,March 2016,March 2016,regular,,March 2016,
WorldGDP,19,November 2016,November 2016,regular,,November 2016,
WorldGDP,20,March 2017,March 2017,regular,,March 2017,
WorldGDP,21,November 2017,November 2017,regular,,November 2017,
WorldGDP,22,March 2018,March 2018,regular,,March 2018,
WorldGDP,23,October 2018,October 2018,regular,,October 2018,
WorldGDP,24,March 2019,March 2019,regular,,March 2019,
WorldGDP,25,March 2020,March 2020,regular,,March 2020,
WorldGDP,26,November 2020,November 2020,regular,,November 2020,
WorldGDP,27,March 2021,March 2021,regular,,March 2021,
WorldGDP,28,October 2021,October 2021,regular,,October 2021,
WorldGDP,29,March 2022,March 2022,regular,,March 2022,
WorldGDP,30,November 2022,November 2022,regular,,November 2022,
WorldGDP,31,March 2023,March 2023,regular,,March 2023,
WorldGDP,32,November 2023,November 2023,regular,,November 2023,
WorldGDP,33,March 2024,March 2024,regular,,March 2024,
WorldGDP,34,October 2024,October 2024,regular,,October 2024,
WorldGDP,35,March 2025,March 2025,regular,,March 2025,
WorldGDP,36,November 2025,November 2025,regular,,November 2025,
WorldGDP,37,March 2026,March 2026,regular,,March 2026,
Worldtrade,5,June 2010,June 2010,regular,,June 2010,
Worldtrade,6,November 2010,November 2010,regular,,November 2010,
Worldtrade,7,March 2011,March 2011,regular,,March 2011,
Worldtrade,8,November 2011,November 2011,regular,,November 2011,
Worldtrade,9,March 2012,March 2012,regular,,March 2012,
Worldtrade,10,December 2012,December 2012,regular,,December 2012,
Worldtrade,11,March 2013,March 2013,regular,,March 2013,
Worldtrade,12,December 2013,December 2013,regular,,December 2013,
Worldtrade,13,March 2014,March 2014,regular,,March 2014,
Worldtrade,14,December 2014,December 2014,regular,,December 2014,
Worldtrade,15,March 2015,March 2015,regular,,March 2015,
Worldtrade,16,July 2015,July 2015,regular,,July 2015,
Worldtrade,17,November 2015,November 2015,regular,,November 2015,
Worldtrade,18,March 2016,March 2016,regular,,March 2016,
Worldtrade,19,November 2016,November 2016,regular,,November 2016,
Worldtrade,20,March 2017,March 2017,regular,,March 2017,
Worldtrade,21,November 2017,November 2017,regular,,November 2017,
Worldtrade,22,March 2018,March 2018,regular,,March 2018,
Worldtrade,23,October 2018,October 2018,regular,,October 2018,
Worldtrade,24,March 2019,March 2019,regular,,March 2019,
Worldtrade,25,March 2020,March 2020,regular,,March 2020,
Worldtrade,26,November 2020,November 2020,regular,,November 2020,
Worldtrade,27,March 2021,March 2021,regular,,March 2021,
Worldtrade,28,October 2021,October 2021,regular,,October 2021,
Worldtrade,29,March 2022**,March 2022,regular,,March 2022,**
Worldtrade,30,November 2022,November 2022,regular,,November 2022,
Worldtrade,31,March 2023,March 2023,regular,,March 2023,
Worldtrade,32,November 2023,November 2023,regular,,November 2023,
Worldtrade,33,March 2024,March 2024,regular,,March 2024,
Worldtrade,34,October 2024,October 2024,regular,,October 2024,
Worldtrade,35,March 2025,March 2025,regular,,March 2025,
Worldtrade,36,November 2025,November 2025,regular,,November 2025,
Worldtrade,37,March 2026,March 2026,regular,,March 2026,
EuroGDP,5,June 2010,June 2010,regular,,June 2010,
EuroGDP,6,November 2010,November 2010,regular,,November 2010,
EuroGDP,7,March 2011,March 2011,regular,,March 2011,
EuroGDP,8,November 2011,November 2011,regular,,November 2011,
EuroGDP,9,March 2012,March 2012,regular,,March 2012,
EuroGDP,10,December 2012,December 2012,regular,,December 2012,
EuroGDP,11,March 2013,March 2013,regular,,March 2013,
EuroGDP,12,December 2013,December 2013,regular,,December 2013,
EuroGDP,13,March 2014,March 2014,regular,,March 2014,
EuroGDP,14,December 2014,December 2014,regular,,December 2014,
EuroGDP,15,March 2015,March 2015,regular,,March 2015,
EuroGDP,16,July 2015,July 2015,regular,,July 2015,
EuroGDP,17,November 2015,November 2015,regular,,November 2015,
EuroGDP,18,March 2016,March 2016,regular,,March 2016,
EuroGDP,19,November 2016,November 2016,regular,,November 2016,
EuroGDP,20,March 2017,March 2017,regular,,March 2017,
EuroGDP,21,November 2017,November 2017,regular,,November 2017,
EuroGDP,22,March 2018,March 2018,regular,,March 2018,
EuroGDP,23,October 2018,October 2018,regular,,October 2018,
EuroGDP,24,March 2019,March 2019,regular,,March 2019,
EuroGDP,25,March 2020,March 2020,regular,,March 2020,
EuroGDP,26,November 2020,November 2020,regular,,November 2020,
EuroGDP,27,March 2021,March 2021,regular,,March 2021,
EuroGDP,28,October 2021,October 2021,regular,,October 2021,
EuroGDP,29,March 2022**,March 2022,regular,,March 2022,**
EuroGDP,30,November 2022,November 2022,regular,,November 2022,
EuroGDP,31,March 2023,March 2023,regular,,March 2023,
EuroGDP,32,November 2023,November 2023,regular,,November 2023,
EuroGDP,33,March 2024,March 2024,regular,,March 2024,
EuroGDP,34,October 2024,October 2024,regular,,October 2024,
EuroGDP,35,March 2025,March 2025,regular,,March 2025,
EuroGDP,36,November 2025,November 2025,regular,,November 2025,
EuroGDP,37,March 2026,March 2026,regular,,March 2026,
UKexportmarkets,5,June 2010,June 2010,regular,,June 2010,
UKexportmarkets,6,November 2010,November 2010,regular,,November 2010,
UKexportmarkets,7,March 2011,March 2011,regular,,March 2011,
UKexportmarkets,8,November 2011,November 2011,regular,,November 2011,
UKexportmarkets,9,March 2012,March 2012,regular,,March 2012,
UKexportmarkets,10,December 2012,December 2012,regular,,December 2012,
UKexportmarkets,11,March 2013,March 2013,regular,,March 2013,
UKexportmarkets,12,December 2013,December 2013,regular,,December 2013,
UKexportmarkets,13,March 2014,March 2014,regular,,March 2014,
UKexportmarkets,14,December 2014,December 2014,regular,,December 2014,
UKexportmarkets,15,March 2015,March 2015,regular,,March 2015,
UKexportmarkets,16,July 2015,July 2015,regular,,July 2015,
UKexportmarkets,17,November 2015,November 2015,regular,,November 2015,
UKexportmarkets,18,March 2016,March 2016,regular,,March 2016,
UKexportmarkets,19,November 2016,November 2016,regular,,November 2016,
UKexportmarkets,20,March 2017,March 2017,regular,,March 2017,
UKexportmarkets,21,November 2017,November 2017,regular,,November 2017,
UKexportmarkets,22,March 2018,March 2018,regular,,March 2018,
UKexportmarkets,23,October 2018,October 2018,regular,,October 2018,
UKexportmarkets,24,March 2019,March 2019,regular,,March 2019,
UKexportmarkets,25,March 2020,March 2020,regular,,March 2020,
UKexportmarkets,26,November 2020,November 2020,regular,,November 2020,
UKexportmarkets,27,March 2021,March 2021,regular,,March 2021,
UKexportmarkets,28,October 2021,October 2021,regular,,October 2021,
UKexportmarkets,29,March 2022**,March 2022,regular,,March 2022,**
UKexportmarkets,30,November 2022,November 2022,regular,,November 2022,
UKexportmarkets,31,March 2023,March 2023,regular,,March 2023,
UKexportmarkets,32,November 2023,November 2023,regular,,November 2023,
UKexportmarkets,33,March 2024,March 2024,regular,,March 2024,
UKexportmarkets,34,October 2024,October 2024,regular,,October 2024,
UKexportmarkets,35,March 2025,March 2025,regular,,March 2025,
UKexportmarkets,36,November 2025,November 2025,regular,,November 2025,
UKexportmarkets,37,March 2026,March 2026,regular,,March 2026,
Non-oilPNFCprofits,5,June 2010,June 2010,regular,,June 2010,
Non-oilPNFCprofits,6,November 2010,November 2010,regular,,November 2010,
Non-oilPNFCprofits,7,March 2011,March 2011,regular,,March 2011,
Non-oilPNFCprofits,8,November 2011,November 2011,regular,,November 2011,
Non-oilPNFCprofits,9,March 2012,March 2012,regular,,March 2012,
Non-oilPNFCprofits,10,December 2012,December 2012,regular,,December 2012,
Non-oilPNFCprofits,11,March 2013,March 2013,regular,,March 2013,
Non-oilPNFCprofits,12,December 2013,December 2013,regular,,December 2013,
Non-oilPNFCprofits,13,March 2014,March 2014,regular,,March 2014,
Non-oilPNFCprofits,14,December 2014,December 2014,regular,,December 2014,
Non-oilPNFCprofits,15,March 2015,March 2015,regular,,March 2015,
Non-oilPNFCprofits,16,July 2015,July 2015,regular,,July 2015,
Non-oilPNFCprofits,17,November 2015,November 2015,regular,,November 2015,
Non-oilPNFCprofits,18,March 2016,March 2016,regular,,March 2016,
Non-oilPNFCprofits,19,November 2016,November 2016,regular,,November 2016,
Non-oilPNFCprofits,20,March 2017,March 2017,regular,,March 2017,
Non-oilPNFCprofits,21,November 2017,November 2017,regular,,November 2017,
Non-oilPNFCprofits,22,March 2018,March 2018,regular,,March 2018,
Non-oilPNFCprofits,23,October 2018,October 2018,regular,,October 2018,
Non-oilPNFCprofits,24,March 2019,March 2019,regular,,March 2019,
Non-oilPNFCprofits,25,March 2020,March 2020,regular,,March 2020,
Non-oilPNFCprofits,26,November 2020,November 2020,regular,,November 2020,
Non-oilPNFCprofits,27,March 2021,March 2021,regular,,March 2021,
Non-oilPNFCprofits,28,October 2021,October 2021,regular,,October 2021,
Non-oilPNFCprofits,29,March 2022,March 2022,regular,,March 2022,
Non-oilPNFCprofits,30,November 2022,November 2022,regular,,November 2022,
Non-oilPNFCprofits,31,March 2023,March 2023,regular,,March 2023,
Non-oilPNFCprofits,32,November 2023,November 2023,regular,,November 2023,
Non-oilPNFCprofits,33,March 2024,March 2024,regular,,March 2024,
Non-oilPNFCprofits,34,October 2024,October 2024,regular,,October 2024,
Non-oilPNFCprofits,35,March 2025,March 2025,regular,,March 2025,
Non-oilPNFCprofits,36,November 2025,November 2025,regular,,November 2025,
Non-oilPNFCprofits,37,March 2026,March 2026,regular,,March 2026,
Oilprices($),5,June 2010,June 2010,regular,,June 2010,
Oilprices($),6,November 2010,November 2010,regular,,November 2010,
Oilprices($),7,March 2011,March 2011,regular,,March 2011,
Oilprices($),8,November 2011,November 2011,regular,,November 2011,
Oilprices($),9,March 2012,March 2012,regular,,March 2012,
Oilprices($),10,December 2012,December 2012,regular,,December 2012,
Oilprices($),11,March 2013,March 2013,regular,,March 2013,
Oilprices($),12,December 2013,December 2013,regular,,December 2013,
Oilprices($),13,March 2014,March 2014,regular,,March 2014,
Oilprices($),14,December 2014,December 2014,regular,,December 2014,
Oilprices($),15,March 2015,March 2015,regular,,March 2015,
Oilprices($),16,July 2015,July 2015,regular,,July 2015,
Oilprices($),17,November 2015,November 2015,regular,,November 2015,
Oilprices($),18,March 2016,March 2016,regular,,March 2016,
Oilprices($),19,November 2016,November 2016,regular,,November 2016,
Oilprices($),20,March 2017,March 2017,regular,,March 2017,
Oilprices($),21,November 2017,November 2017,regular,,November 2017,
Oilprices($),22,March 2018,March 2018,regular,,March 2018,
Oilprices($),23,October 2018,October 2018,regular,,October 2018,
Oilprices($),24,March 2019,March 2019,regular,,March 2019,
Oilprices($),25,March 2020,March 2020,regular,,March 2020,
Oilprices($),26,November 2020,November 2020,regular,,November 2020,
Oilprices($),27,March 2021,March 2021,regular,,March 2021,
Oilprices($),28,October 2021,October 2021,regular,,October 2021,
Oilprices($),29,March 2022,March 2022,regular,,March 2022,
Oilprices($),30,November 2022**,November 2022,regular,,November 2022,**
Oilprices($),31,March 2023,March 2023,regular,,March 2023,
Oilprices($),32,November 2023,November 2023,regular,,November 2023,
Oilprices($),33,March 2024,March 2024,regular,,March 2024,
Oilprices($),34,October 2024,October 2024,regular,,October 2024,
Oilprices($),35,March 2025,March 2025,regular,,March 2025,
Oilprices($),36,November 2025,November 2025,regular,,November 2025,
Oilprices($),37,March 2026,March 2026,regular,,March 2026,
Oilprices(£),5,June 2010,June 2010,regular,,June 2010,
Oilprices(£),6,November 2010,November 2010,regular,,November 2010,
Oilprices(£),7,March 2011,March 2011,regular,,March 2011,
Oilprices(£),8,November 2011,November 2011,regular,,November 2011,
Oilprices(£),9,March 2012,March 2012,regular,,March 2012,
Oilprices(£),10,December 2012,December 2012,regular,,December 2012,
Oilprices(£),11,March 2013,March 2013,regular,,March 2013,
Oilprices(£),12,December 2013,December 2013,regular,,December 2013,
Oilprices(£),13,March 2014,March 2014,regular,,March 2014,
Oilprices(£),14,December 2014,December 2014,regular,,December 2014,
Oilprices(£),15,March 2015,March 2015,regular,,March 2015,
Oilprices(£),16,July 2015,July 2015,regular,,July 2015,
Oilprices(£),17,November 2015,November 2015,regular,,November 2015,
Oilprices(£),18,March 2016,March 2016,regular,,March 2016,
Oilprices(£),19,November 2016,November 2016,regular,,November 2016,
Oilprices(£),20,March 2017,March 2017,regular,,March 2017,
Oilprices(£),21,November 2017,November 2017,regular,,November 2017,
Oilprices(£),22,March 2018,March 2018,regular,,March 2018,
Oilprices(£),23,October 2018,October 2018,regular,,October 2018,
Oilprices(£),24,March 2019,March 2019,regular,,March 2019,
Oilprices(£),25,March 2020,March 2020,regular,,March 2020,
Oilprices(£),26,November 2020,November 2020,regular,,November 2020,
Oilprices(£),27,March 2021,March 2021,regular,,March 2021,
Oilprices(£),28,October 2021,October 2021,regular,,October 2021,
Oilprices(£),29,March 2022,March 2022,regular,,March 2022,
Oilprices(£),30,November 2022**,November 2022,regular,,November 2022,**
Oilprices(£),31,March 2023,March 2023,regular,,March 2023,
Oilprices(£),32,November 2023,November 2023,regular,,November 2023,
Oilprices(£),33,March 2024,March 2024,regular,,March 2024,
Oilprices(£),34,October 2024,October 2024,regular,,October 2024,
Oilprices(£),35,March 2025,March 2025,regular,,March 2025,
Oilprices(£),36,November 2025,November 2025,regular,,November 2025,
Oilprices(£),37,March 2026,March 2026,regular,,March 2026,
Gas Prices,5,June 2010,June 2010,regular,,June 2010,
Gas Prices,6,November 2010,November 2010,regular,,November 2010,
Gas Prices,7,March 2011,March 2011,regular,,March 2011,
Gas Prices,8,November 2011,November 2011,regular,,November 2011,
Gas Prices,9,March 2012,March 2012,regular,,March 2012,
Gas Prices,10,December 2012,December 2012,regular,,December 2012,
Gas Prices,11,March 2013,March 2013,regular,,March 2013,
Gas Prices,12,December 2013,December 2013,regular,,December 2013,
Gas Prices,13,March 2014,March 2014,regular,,March 2014,
Gas Prices,14,December 2014,December 2014,regular,,December 2014,
Gas Prices,15,March 2015,March 2015,regular,,March 2015,
Gas Prices,16,July 2015,July 2015,regular,,July 2015,
Gas Prices,17,November 2015,November 2015,regular,,November 2015,
Gas Prices,18,March 2016,March 2016,regular,,March 2016,
Gas Prices,19,November 2016,November 2016,regular,,November 2016,
Gas Prices,20,March 2017,March 2017,regular,,March 2017,
Gas Prices,21,November 2017,November 2017,regular,,November 2017,
Gas Prices,22,March 2018,March 2018,regular,,March 2018,
Gas Prices,23,October 2018,October 2018,regular,,October 2018,
Gas Prices,24,March 2019,March 2019,regular,,March 2019,
Gas Prices,25,March 2020,March 2020,regular,,March 2020,
Gas Prices,26,November 2020,November 2020,regular,,November 2020,
Gas Prices,27,March 2021,March 2021,regular,,March 2021,
Gas Prices,28,October 2021,October 2021,regular,,October 2021,
Gas Prices,29,March 2022,March 2022,regular,,March 2022,
Gas Prices,30,November 2022**,November 2022,regular,,November 2022,**
Gas Prices,31,March 2023,March 2023,regular,,March 2023,
Gas Prices,32,November 2023,November 2023,regular,,November 2023,
Gas Prices,33,March 2024,March 2024,regular,,March 2024,
Gas Prices,34,October 2024,October 2024,regular,,October 2024,
Gas Prices,35,March 2025,March 2025,regular,,March 2025,
Gas Prices,36,November 2025,November 2025,regular,,November 2025,
Equityprices,5,June 2010,June 2010,regular,,June 2010,
Equityprices,6,November 2010,November 2010,regular,,November 2010,
Equityprices,7,March 2011,March 2011,regular,,March 2011,
Equityprices,8,November 2011,November 2011,regular,,November 2011,
Equityprices,9,March 2012,March 2012,regular,,March 2012,
Equityprices,10,December 2012,December 2012,regular,,December 2012,
Equityprices,11,March 2013,March 2013,regular,,March 2013,
Equityprices,12,December 2013,December 2013,regular,,December 2013,
Equityprices,13,March 2014,March 2014,regular,,March 2014,
Equityprices,14,December 2014,December 2014,regular,,December 2014,
Equityprices,15,March 2015,March 2015,regular,,March 2015,
Equityprices,16,July 2015,July 2015,regular,,July 2015,
Equityprices,17,November 2015,November 2015,regular,,November 2015,
Equityprices,18,March 2016,March 2016,regular,,March 2016,
Equityprices,19,November 2016,November 2016,regular,,November 2016,
Equityprices,20,March 2017,March 2017,regular,,March 2017,
Equityprices,21,November 2017,November 2017,regular,,November 2017,
Equityprices,22,March 2018,March 2018,regular,,March 2018,
Equityprices,23,October 2018,October 2018,regular,,October 2018,
Equityprices,24,March 2019,March 2019,regular,,March 2019,
Equityprices,25,March 2020,March 2020,regular,,March 2020,
Equityprices,26,November 2020,November 2020,regular,,November 2020,
Equityprices,27,March 2021,March 2021,regular,,March 2021,
Equityprices,28,October 2021,October 2021,regular,,October 2021,
Equityprices,29,March 2022,March 2022,regular,,March 2022,
Equityprices,30,November 2022**,November 2022,regular,,November 2022,**
Equityprices,31,March 2023,March 2023,regular,,March 2023,
Equityprices,32,November 2023,November 2023,regular,,November 2023,
Equityprices,33,March 2024,March 2024,regular,,March 2024,
Equityprices,34,October 2024,October 2024,regular,,October 2024,
Equityprices,35,March 2025,March 2025,regular,,March 2025,
Equityprices,36,November 2025,November 2025,regular,,November 2025,
Equityprices,37,March 2026,March 2026,regular,,March 2026,
Shorttermrates,5,June 2010,June 2010,regular,,June 2010,
Shorttermrates,6,November 2010,November 2010,regular,,November 2010,
Shorttermrates,7,March 2011,March 2011,regular,,March 2011,
Shorttermrates,8,November 2011,November 2011,regular,,November 2011,
Shorttermrates,9,March 2012,March 2012,regular,,March 2012,
Shorttermrates,10,December 2012,December 2012,regular,,December 2012,
Shorttermrates,11,March 2013,March 2013,regular,,March 2013,
Shorttermrates,12,December 2013,December 2013,regular,,December 2013,
Shorttermrates,13,March 2014,March 2014,regular,,March 2014,
Shorttermrates,14,December 2014,December 2014,regular,,December 2014,
Shorttermrates,15,March 2015,March 2015,regular,,March 2015,
Shorttermrates,16,July 2015,July 2015,regular,,July 2015,
Shorttermrates,17,November 2015,November 2015,regular,,November 2015,
Shorttermrates,18,March 2016,March 2016,regular,,March 2016,
Shorttermrates,19,November 2016,November 2016,regular,,November 2016,
Shorttermrates,20,March 2017,March 2017,regular,,March 2017,
Shorttermrates,21,November 2017,November 2017,regular,,November 2017,
Shorttermrates,22,March 2018,March 2018,regular,,March 2018,
Shorttermrates,23,October 2018,October 2018,regular,,October 2018,
Shorttermrates,24,March 2019,March 2019,regular,,March 2019,
Shorttermrates,25,March 2020,March 2020,regular,,March 2020,
Shorttermrates,26,November 2020,November 2020,regular,,November 2020,
Shorttermrates,27,March 2021,March 2021,regular,,March 2021,
Shorttermrates,28,October 2021,October 2021,regular,,October 2021,
Shorttermrates,29,March 2022**,March 2022,regular,,March 2022,**
Shorttermrates,30,November 2022***,November 2022,regular,,November 2022,***
Shorttermrates,31,March 2023,March 2023,regular,,March 2023,
Shorttermrates,32,November 2023,November 2023,regular,,November 2023,
Shorttermrates,33,March 2024,March 2024,regular,,March 2024,
Shorttermrates,34,October 2024,October 2024,regular,,October 2024,
Shorttermrates,35,March 2025,March 2025,regular,,March 2025,
Shorttermrates,36,November 2025,November 2025,regular,,November 2025,
Shorttermrates,37,March 2026,March 2026,regular,,March 2026,
Gilts,5,June 2010,June 2010,regular,,June 2010,
Gilts,6,November 2010,November 2010,regular,,November 2010,
Gilts,7,March 2011,March 2011,regular,,March 2011,
Gilts,8,November 2011,November 2011,regular,,November 2011,
Gilts,9,March 2012,March 2012,regular,,March 2012,
Gilts,10,December 2012,December 2012,regular,,December 2012,
Gilts,11,March 2013,March 2013,regular,,March 2013,
Gilts,12,December 2013,December 2013,regular,,December 2013,
Gilts,13,March 2014,March 2014,regular,,March 2014,
Gilts,14,December 2014,December 2014,regular,,December 2014,
Gilts,15,March 2015,March 2015,regular,,March 2015,
Gilts,16,July 2015,July 2015,regular,,July 2015,
Gilts,17,November 2015,November 2015,regular,,November 2015,
Gilts,18,March 2016,March 2016,regular,,March 2016,
Gilts,19,November 2016,November 2016,regular,,November 2016,
Gilts,20,March 2017,March 2017,regular,,March 2017,
Gilts,21,November 2017,November 2017,regular,,November 2017,
Gilts,22,March 2018,March 2018,regular,,March 2018,
Gilts,23,October 2018,October 2018,regular,,October 2018,
Gilts,24,March 2019,March 2019,regular,,March 2019,
Gilts,25,March 2020,March 2020,regular,,March 2020,
Gilts,26,November 2020,November 2020,regular,,November 2020,
Gilts,27,March 2021,March 2021,regular,,March 2021,
Gilts,28,October 2021,October 2021,regular,,October 2021,
Gilts,29,March 2022,March 2022,regular,,March 2022,
Gilts,30,November 2022**,November 2022,regular,,November 2022,**
Gilts,31,March 2023,March 2023,regular,,March 2023,
Gilts,32,November 2023,November 2023,regular,,November 2023,
Gilts,33,March 2024,March 2024,regular,,March 2024,
Gilts,34,October 2024,October 2024,regular,,October 2024,
Gilts,35,March 2025,March 2025,regular,,March 2025,
Gilts,36,November 2025,November 2025,regular,,November 2025,
Gilts,37,March 2026,March 2026,regular,,March 2026,
£€rate,5,June 2010,June 2010,regular,,June 2010,
£€rate,6,November 2010,November 2010,regular,,November 2010,
£€rate,7,March 2011,March 2011,regular,,March 2011,
£€rate,8,November 2011,November 2011,regular,,November 2011,
£€rate,9,March 2012,March 2012,regular,,March 2012,
£€rate,10,December 2012,December 2012,regular,,December 2012,
£€rate,11,March 2013,March 2013,regular,,March 2013,
£€rate,12,December 2013,December 2013,regular,,December 2013,
£€rate,13,March 2014,March 2014,regular,,March 2014,
£€rate,14,December 2014,December 2014,regular,,December 2014,
£€rate,15,March 2015,March 2015,regular,,March 2015,
£€rate,16,July 2015,July 2015,regular,,July 2015,
£€rate,17,November 2015,November 2015,regular,,November 2015,
£€rate,18,March 2016,March 2016,regular,,March 2016,
£€rate,19,November 2016,November 2016,regular,,November 2016,
£€rate,20,March 2017,March 2017,regular,,March 2017,
£€rate,21,November 2017,November 2017,regular,,November 2017,
£€rate,22,March 2018,March 2018,regular,,March 2018,
£€rate,23,October 2018,October 2018,regular,,October 2018,
£€rate,24,March 2019,March 2019,regular,,March 2019,
£€rate,25,March 2020,March 2020,regular,,March 2020,
£€rate,26,November 2020,November 2020,regular,,November 2020,
£€rate,27,March 2021,March 2021,regular,,March 2021,
£€rate,28,October 2021,October 2021,regular,,October 2021,
£€rate,29,March 2022,March 2022,regular,,March 2022,
£€rate,30,November 2022**,November 2022,regular,,November 2022,**
£€rate,31,March 2023,March 2023,regular,,March 2023,
£€rate,32,November 2023,November 2023,regular,,November 2023,
£€rate,33,March 2024,March 2024,regular,,March 2024,
£€rate,34,October 2024,October 2024,regular,,October 2024,
£€rate,35,March 2025,March 2025,regular,,March 2025,
£€rate,36,November 2025,November 2025,regular,,November 2025,
£€rate,37,March 2026,March 2026,regular,,March 2026,
Nomconsumerspending,5,June 2010,June 2010,regular,,June 2010,
Nomconsumerspending,6,November 2010,November 2010,regular,,November 2010,
Nomconsumerspending,7,March 2011,March 2011,regular,,March 2011,
Nomconsumerspending,8,November 2011,November 2011,regular,,November 2011,
Nomconsumerspending,9,March 2012,March 2012,regular,,March 2012,
Nomconsumerspending,10,December 2012,December 2012,regular,,December 2012,
Nomconsumerspending,11,March 2013,March 2013,regular,,March 2013,
Nomconsumerspending,12,December 2013,December 2013,regular,,December 2013,
Nomconsumerspending,13,March 2014,March 2014,regular,,March 2014,
Nomconsumerspending,14,December 2014,December 2014,regular,,December 2014,
Nomconsumerspending,15,March 2015,March 2015,regular,,March 2015,
Nomconsumerspending,16,July 2015,July 2015,regular,,July 2015,
Nomconsumerspending,17,November 2015,November 2015,regular,,November 2015,
Nomconsumerspending,18,March 2016,March 2016,regular,,March 2016,
Nomconsumerspending,19,November 2016,November 2016,regular,,November 2016,
Nomconsumerspending,20,March 2017,March 2017,regular,,March 2017,
Nomconsumerspending,21,November 2017,November 2017,regular,,November 2017,
Nomconsumerspending,22,March 2018,March 2018,regular,,March 2018,
Nomconsumerspending,23,October 2018,October 2018,regular,,October 2018,
Nomconsumerspending,24,March 2019,March 2019,regular,,March 2019,
Nomconsumerspending,25,March 2020,March 2020,regular,,March 2020,
Nomconsumerspending,26,November 2020,November 2020,regular,,November 2020,
Nomconsumerspending,27,March 2021,March 2021,regular,,March 2021,
Nomconsumerspending,28,October 2021,October 2021,regular,,October 2021,
Nomconsumerspending,29,March 2022,March 2022,regular,,March 2022,
Nomconsumerspending,30,November 2022,November 2022,regular,,November 2022,
Nomconsumerspending,31,March 2023,March 2023,regular,,March 2023,
Nomconsumerspending,32,November 2023,November 2023,regular,,November 2023,
Nomconsumerspending,33,March 2024,March 2024,regular,,March 2024,
Nomconsumerspending,34,October 2024,October 2024,regular,,October 2024,
Nomconsumerspending,35,March 2025,March 2025,regular,,March 2025,
Nomconsumerspending,36,November 2025,November 2025,regular,,November 2025,
Nomconsumerspending,37,March 2026,March 2026,regular,,March 2026,
CC,5,June 2010,June 2010,regular,,June 2010,
CC,6,November 2010,November 2010,regular,,November 2010,
CC,7,March 2011,March 2011,regular,,March 2011,
CC,8,November 2011,November 2011,regular,,November 2011,
CC,9,March 2012,March 2012,regular,,March 2012,
CC,10,December 2012,December 2012,regular,,December 2012,
CC,11,March 2013,March 2013,regular,,March 2013,
CC,12,December 2013,December 2013,regular,,December 2013,
CC,13,March 2014,March 2014,regular,,March 2014,
CC,14,December 2014,December 2014,regular,,December 2014,
CC,15,March 2015,March 2015,regular,,March 2015,
CC,16,July 2015,July 2015,regular,,July 2015,
CC,17,November 2015,November 2015,regular,,November 2015,
CC,18,March 2016,March 2016,regular,,March 2016,
CC,19,November 2016,November 2016,regular,,November 2016,
CC,20,March 2017,March 2017,regular,,March 2017,
