path,url,via,fetched_url,capture_time,retrieved_at,sha256,bytes,last_modified,content_type,status,note
,https://obr.uk/data/,direct,,,2026-09-26T18:11:13+00:00,,,,,403,identified request refused with a bot challenge; host switched to Wayback captures
raw/web/obr_uk_data.html,https://obr.uk/data/,wayback,https://web.archive.org/web/20260923031829id_/https://obr.uk/data/,2026-09-23T03:18:29+00:00,2026-09-26T18:11:16+00:00,92c9712d73275a3b0d8149993812fd1214086ab0e8e5e3c080922ce10af8e067,96550,,text/html,200,"252 captures, first 20180126202338"
,https://obr.uk/download/historical-official-forecasts-database-march-2025/,direct,,,2026-09-26T18:13:26+00:00,,,,,403,identified request refused with a bot challenge; host switched to Wayback captures
raw/obr/Historical_official_forecasts_database_March_2025.xlsx,https://obr.uk/download/historical-official-forecasts-database-march-2025/,wayback,https://web.archive.org/web/20250404155002id_/https://obr.uk/docs/Historical_official_forecasts_database_March_2025.xlsx,2025-04-04T15:50:02+00:00,2026-09-26T18:13:45+00:00,d69fa5112266c71fff0c74bffe416b7c7c0f663b44e0b87e7a82899d09ba39d5,2350760,"Wed, 02 Apr 2025 15:23:53 GMT",application/vnd.openxmlformats-officedocument.spreadsheetml.sheet,200,4 captures of this URL
raw/obr/Fiscal_forecast_revisions_database_March_2026.xlsx,https://obr.uk/download/forecast-revisions-database-march-2025/,wayback,https://web.archive.org/web/20260423164120id_/https://obr.uk/docs/dlm_uploads/Fiscal_forecast_revisions_database_March_2026.xlsx,2026-04-23T16:41:20+00:00,2026-09-26T18:14:12+00:00,a0b03000470a2fffb9b8e05408b8fb7a45c17cac2333c2f05e2ca151fdf4b3b8,187094,"Thu, 26 Mar 2026 11:46:18 GMT",application/vnd.openxmlformats-officedocument.spreadsheetml.sheet,200,2 captures of this URL
raw/obr/Policy_measures_database_March_2025.xlsx,https://obr.uk/download/policy-measures-database-march-2025/,wayback,https://web.archive.org/web/20251208224944id_/https://obr.uk/docs/Policy_measures_database_March_2025.xlsx,2025-12-08T22:49:44+00:00,2026-09-26T18:14:41+00:00,57874784264dd98f1df222a2983fa11fba88d461ef6bbf040f189673756a40e6,1926258,"Wed, 02 Apr 2025 15:56:30 GMT",application/vnd.openxmlformats-officedocument.spreadsheetml.sheet,200,6 captures of this URL
raw/web/obr_uk_publications.html,https://obr.uk/publications/,wayback,https://web.archive.org/web/20260618052019id_/https://obr.uk/publications/,2026-06-18T05:20:19+00:00,2026-09-26T18:14:56+00:00,5350cf6277c768d1b26c3f1a01273e312f2ded69abaaaa5b5f9a58cb90fdbfb9,100452,,text/html,200,518 captures of this URL
raw/web/obr_uk_efo_economic-and-fiscal-outlook-march-2026.html,https://obr.uk/efo/economic-and-fiscal-outlook-march-2026/,wayback,https://web.archive.org/web/20260815190450id_/https://obr.uk/efo/economic-and-fiscal-outlook-march-2026/,2026-08-15T19:04:50+00:00,2026-09-26T18:15:15+00:00,cc6fa14b68b7313b351692646deb27a1aefffe508c03e4ee083e174fc55d76a4,624302,"Thu, 23 Apr 2026 09:38:24 GMT",text/html,200,54 captures of this URL
,https://obr.uk/download/historical-official-forecasts-database-march-2025/,direct,,,2026-09-26T18:16:03+00:00,,,,,403,identified request refused with a bot challenge; host switched to Wayback captures
raw/obr/Historical_official_forecasts_database_Spring_2026.xlsx,https://obr.uk/download/historical-official-forecasts-database-march-2025/,wayback,https://web.archive.org/web/20260423164200id_/https://obr.uk/docs/dlm_uploads/Historical_official_forecasts_database_Spring_2026.xlsx,2026-04-23T16:42:00+00:00,2026-09-26T18:16:17+00:00,e00b17cb7ec8dfddc4bfd4d212c1e93362147fff81d74a10480e599b26e634db,2298283,"Thu, 26 Mar 2026 11:34:39 GMT",application/vnd.openxmlformats-officedocument.spreadsheetml.sheet,200,1398 captures of this URL
raw/obr/Policy_measures_database_March_2026.xlsx,https://obr.uk/download/policy-measures-database-march-2025/,wayback,https://web.archive.org/web/20260423164140id_/https://obr.uk/docs/dlm_uploads/Policy_measures_database_March_2026.xlsx,2026-04-23T16:41:40+00:00,2026-09-26T18:16:38+00:00,1364c625a62daab8ec9b97a81ca5f93044a067fdf471e1645a62d73fdfa498f6,1650665,"Thu, 26 Mar 2026 11:43:38 GMT",application/vnd.openxmlformats-officedocument.spreadsheetml.sheet,200,13 captures of this URL
,https://obr.uk/fer/forecast-evaluation-report-june-2026/,direct,,,2026-09-26T18:17:18+00:00,,,,,403,identified request refused with a bot challenge; host switched to Wayback captures
raw/web/obr_uk_fer_forecast-evaluation-report-june-2026.html,https://obr.uk/fer/forecast-evaluation-report-june-2026/,wayback,https://web.archive.org/web/20260608142250id_/https://obr.uk/fer/forecast-evaluation-report-june-2026/,2026-06-08T14:22:50+00:00,2026-09-26T18:17:22+00:00,ab73bfd4bfc72d986c43a599ea8a2b5e4ada0c1d34059b80fa9ec33dcb646631,262294,,text/html,200,3 captures of this URL
raw/web/obr_uk_monthly-public-finances-briefing.html,https://obr.uk/monthly-public-finances-briefing/,wayback,https://web.archive.org/web/20260612114710id_/https://obr.uk/monthly-public-finances-briefing/,2026-06-12T11:47:10+00:00,2026-09-26T18:17:28+00:00,aea4a2c7b80115d91f6e4d0d3186d80545e2009c11eca874b7563b2104a17bde,86587,,text/html,200,208 captures of this URL
,https://obr.uk/efo/economic-and-fiscal-outlook-november-2025/,direct,,,2026-09-26T18:17:51+00:00,,,,,403,identified request refused with a bot challenge; host switched to Wayback captures
raw/web/obr_uk_efo_economic-and-fiscal-outlook-november-2025.html,https://obr.uk/efo/economic-and-fiscal-outlook-november-2025/,wayback,https://web.archive.org/web/20260714135030id_/https://obr.uk/efo/economic-and-fiscal-outlook-november-2025/,2026-07-14T13:50:30+00:00,2026-09-26T18:18:05+00:00,ef4c4cb2ac6e90d3dd4efe563c905fa75570203e93df96211157c6286710bb83,872966,"Mon, 09 Feb 2026 13:01:29 GMT",text/html,200,58 captures of this URL
raw/web/obr_uk_efo_economic-and-fiscal-outlook-march-2025.html,https://obr.uk/efo/economic-and-fiscal-outlook-march-2025/,wayback,https://web.archive.org/web/20260820004713id_/https://obr.uk/efo/economic-and-fiscal-outlook-march-2025/,2026-08-20T00:47:13+00:00,2026-09-26T18:18:12+00:00,a03dd1637a19a0a3748fb44cad65f25bb162a483a9c71c3c0cb4406a051415d4,804103,"Mon, 22 Sep 2025 11:55:00 GMT",text/html,200,86 captures of this URL
raw/web/obr_uk_efo_economic-and-fiscal-outlook-october-2024.html,https://obr.uk/efo/economic-and-fiscal-outlook-october-2024/,wayback,https://web.archive.org/web/20260925025306id_/https://obr.uk/efo/economic-and-fiscal-outlook-october-2024/,2026-09-25T02:53:06+00:00,2026-09-26T18:18:21+00:00,548ac901bb91a51860c5cd930c9069c9e64f1acf1e0874bc46d3e06101b10f1f,867019,"Mon, 22 Sep 2025 11:54:32 GMT",text/html,200,117 captures of this URL
raw/web/obr_uk_efo_economic-and-fiscal-outlook-march-2024.html,https://obr.uk/efo/economic-and-fiscal-outlook-march-2024/,wayback,https://web.archive.org/web/20260716064442id_/https://obr.uk/efo/economic-and-fiscal-outlook-march-2024/,2026-07-16T06:44:42+00:00,2026-09-26T18:18:27+00:00,22e3f8d854b70963edc1c76ad84cf4c52728af2287dd4813992ee60de1700b89,723680,"Mon, 22 Sep 2025 11:54:03 GMT",text/html,200,141 captures of this URL
raw/web/obr_uk_efo_economic-and-fiscal-outlook-november-2023.html,https://obr.uk/efo/economic-and-fiscal-outlook-november-2023/,wayback,https://web.archive.org/web/20260720214306id_/https://obr.uk/efo/economic-and-fiscal-outlook-november-2023/,2026-07-20T21:43:06+00:00,2026-09-26T18:18:37+00:00,8149f2ab195a5407869ea9823f36ad0f5658bec39cbb15b94d9e77b7ff861db3,721532,"Mon, 22 Sep 2025 11:53:33 GMT",text/html,200,490 captures of this URL
raw/web/obr_uk_efo_economic-and-fiscal-outlook-march-2023.html,https://obr.uk/efo/economic-and-fiscal-outlook-march-2023/,wayback,https://web.archive.org/web/20260606203101id_/https://obr.uk/efo/economic-and-fiscal-outlook-march-2023/,2026-06-06T20:31:01+00:00,2026-09-26T18:18:44+00:00,c2c2c9300bd4b499b849dfc7aedf6cd937b3c61fdc94e3ca93c3f736c45bdc97,755162,,text/html,200,161 captures of this URL
raw/web/obr_uk_efo_economic-and-fiscal-outlook-november-2022.html,https://obr.uk/efo/economic-and-fiscal-outlook-november-2022/,wayback,https://web.archive.org/web/20260618043023id_/https://obr.uk/efo/economic-and-fiscal-outlook-november-2022/?ref=thebevanbriefing.com,2026-06-18T04:30:23+00:00,2026-09-26T18:18:49+00:00,879a859465fc2269d170eb923f4d1026e13625e632ed44a02754970a9b7e38b3,121626,,text/html,200,93 captures of this URL
raw/web/obr_uk_efo_economic-and-fiscal-outlook-march-2022.html,https://obr.uk/efo/economic-and-fiscal-outlook-march-2022/,wayback,https://web.archive.org/web/20260606201636id_/https://obr.uk/efo/economic-and-fiscal-outlook-march-2022/,2026-06-06T20:16:36+00:00,2026-09-26T18:18:56+00:00,de3d42cbd935bfb4f8f2ebf8d2823b2fc3e2045c74acdc0dc539a15c8f05318e,145518,,text/html,200,157 captures of this URL
raw/web/obr_uk_efo_economic-and-fiscal-outlook-october-2021.html,https://obr.uk/efo/economic-and-fiscal-outlook-october-2021/,wayback,https://web.archive.org/web/20260606194558id_/https://obr.uk/efo/economic-and-fiscal-outlook-october-2021/,2026-06-06T19:45:58+00:00,2026-09-26T18:19:03+00:00,0bed2a7e46a31cace3b5db3745dc2f3076cca851c13b39fa734e8c1103351426,148285,,text/html,200,147 captures of this URL
raw/web/obr_uk_efo_economic-and-fiscal-outlook-march-2021.html,https://obr.uk/efo/economic-and-fiscal-outlook-march-2021/,wayback,https://web.archive.org/web/20260606201719id_/https://obr.uk/efo/economic-and-fiscal-outlook-march-2021/?ref=nakedpolitics.co.uk,2026-06-06T20:17:19+00:00,2026-09-26T18:19:09+00:00,f9f1989683d4a25cf8d7d809b6ec751ce33d335443f0b51af027afd38a5ba96c,147218,,text/html,200,150 captures of this URL
raw/web/obr_uk_efo_economic-and-fiscal-outlook-november-2020.html,https://obr.uk/efo/economic-and-fiscal-outlook-november-2020/,wayback,https://web.archive.org/web/20260311013136id_/https://obr.uk/efo/economic-and-fiscal-outlook-november-2020/,2026-03-11T01:31:36+00:00,2026-09-26T18:19:24+00:00,fe41e5777eb5631fbc7f2b8b26f5458af71035285329b8baac79c8a91592c462,126601,,text/html,200,86 captures of this URL
raw/web/obr_uk_efo_economic-and-fiscal-outlook-march-2020.html,https://obr.uk/efo/economic-and-fiscal-outlook-march-2020/,wayback,https://web.archive.org/web/20260824082903id_/https://obr.uk/efo/economic-and-fiscal-outlook-march-2020/,2026-08-24T08:29:03+00:00,2026-09-26T18:19:30+00:00,c5e7b1ca4f095d59154d3648d64ba933642eada56204e85910fc2adbfff85626,140879,"Fri, 12 Feb 2021 15:11:07 GMT",text/html,200,98 captures of this URL
raw/web/obr_uk_efo_economic-fiscal-outlook-march-2019.html,https://obr.uk/efo/economic-fiscal-outlook-march-2019/,wayback,https://web.archive.org/web/20260618044238id_/https://obr.uk/efo/economic-fiscal-outlook-march-2019/,2026-06-18T04:42:38+00:00,2026-09-26T18:19:36+00:00,5ff6ac13e0b74d3f0242c12d9dfe531eae28d4067b686449ef6c13ed7df6f1fb,115851,,text/html,200,97 captures of this URL
raw/web/obr_uk_efo_economic-fiscal-outlook-october-2018.html,https://obr.uk/efo/economic-fiscal-outlook-october-2018/,wayback,https://web.archive.org/web/20260419120241id_/https://obr.uk/efo/economic-fiscal-outlook-october-2018/,2026-04-19T12:02:41+00:00,2026-09-26T18:19:43+00:00,8983d835ed8301070b01f7de1c224f24b867c0fb0b81f78eb176985b3e483a71,113311,,text/html,200,61 captures of this URL
raw/web/obr_uk_efo_economic-fiscal-outlook-march-2018.html,https://obr.uk/efo/economic-fiscal-outlook-march-2018/,wayback,https://web.archive.org/web/20260521094847id_/https://obr.uk/efo/economic-fiscal-outlook-march-2018/,2026-05-21T09:48:47+00:00,2026-09-26T18:19:48+00:00,460a31e47f7cd5232f8c87f24e9a78b26c1e60f2549994dc90972eef82fbda1f,111642,,text/html,200,159 captures of this URL
raw/web/obr_uk_efo_economic-fiscal-outlook-november-2017.html,https://obr.uk/efo/economic-fiscal-outlook-november-2017/,wayback,https://web.archive.org/web/20260917102831id_/https://obr.uk/efo/economic-fiscal-outlook-november-2017/,2026-09-17T10:28:31+00:00,2026-09-26T18:19:54+00:00,a43faab186e9bc1c1bc2ce273c9f3dca1243ab6b0a707e777ed0e940d56022b0,122764,"Fri, 12 Feb 2021 15:13:31 GMT",text/html,200,378 captures of this URL
raw/web/obr_uk_efo_economic-fiscal-outlook-march-2017.html,https://obr.uk/efo/economic-fiscal-outlook-march-2017/,wayback,https://web.archive.org/web/20260209110352id_/https://obr.uk/efo/economic-fiscal-outlook-march-2017/,2026-02-09T11:03:52+00:00,2026-09-26T18:20:00+00:00,1a62d6ad73f27f28d653e7123cdf5ff5c8829eb27d9ca500b7218b85d02c2f3e,109855,,text/html,200,120 captures of this URL
raw/web/obr_uk_efo_economic-and-fiscal-outlook-november-2016.html,https://obr.uk/efo/economic-and-fiscal-outlook-november-2016/,wayback,https://web.archive.org/web/20260612115613id_/https://obr.uk/efo/economic-and-fiscal-outlook-november-2016/,2026-06-12T11:56:13+00:00,2026-09-26T18:20:07+00:00,06d6037a3e91aa31f509c0691d5087c31ca5d04959695f54b7cdb79344f96d62,130026,,text/html,200,126 captures of this URL
raw/web/obr_uk_efo_economic-fiscal-outlook-march-2016.html,https://obr.uk/efo/economic-fiscal-outlook-march-2016/,wayback,https://web.archive.org/web/20260606202419id_/https://obr.uk/efo/economic-fiscal-outlook-march-2016/,2026-06-06T20:24:19+00:00,2026-09-26T18:20:12+00:00,59b4e09480959a5cceb6d8ca94934285b04e60317cbc7bfed394c706e75b8484,108723,,text/html,200,109 captures of this URL
raw/web/obr_uk_efo_economic-and-fiscal-outlook-november-2015.html,https://obr.uk/efo/economic-and-fiscal-outlook-november-2015/,wayback,https://web.archive.org/web/20260122171340id_/https://obr.uk/efo/economic-and-fiscal-outlook-november-2015/,2026-01-22T17:13:40+00:00,2026-09-26T18:20:19+00:00,9e33928b1645ac5cd7e41c0ec46bd811431fcd2a7e678613cce0bdb27db3252b,124996,,text/html,200,54 captures of this URL
raw/web/obr_uk_efo_economic-fiscal-outlook-july-2015.html,https://obr.uk/efo/economic-fiscal-outlook-july-2015/,wayback,https://web.archive.org/web/20260519123411id_/https://obr.uk/efo/economic-fiscal-outlook-july-2015/,2026-05-19T12:34:11+00:00,2026-09-26T18:20:24+00:00,ef965b07226fbc43ce0924adb379e41edecfc14282d909c6462500d2f6a6ebb2,108522,,text/html,200,56 captures of this URL
raw/web/obr_uk_efo_economic-fiscal-outlook-march-2015.html,https://obr.uk/efo/economic-fiscal-outlook-march-2015/,wayback,https://web.archive.org/web/20260519122112id_/https://obr.uk/efo/economic-fiscal-outlook-march-2015/,2026-05-19T12:21:12+00:00,2026-09-26T18:20:32+00:00,cba06ee0d40644bc5e857242e35f023d49c37e2cf4636635fac3357d0a2caab4,110173,,text/html,200,51 captures of this URL
raw/web/obr_uk_efo_economic-fiscal-outlook-december-2014.html,https://obr.uk/efo/economic-fiscal-outlook-december-2014/,wayback,https://web.archive.org/web/20260311011243id_/https://obr.uk/efo/economic-fiscal-outlook-december-2014/,2026-03-11T01:12:43+00:00,2026-09-26T18:20:37+00:00,836b1bde5fce71edee0517b82ffc353e51e0d75026774560ad8757870ec57db7,111039,,text/html,200,48 captures of this URL
raw/web/obr_uk_efo_economic-fiscal-outlook-march-2014.html,https://obr.uk/efo/economic-fiscal-outlook-march-2014/,wayback,https://web.archive.org/web/20260606201440id_/https://obr.uk/efo/economic-fiscal-outlook-march-2014/,2026-06-06T20:14:40+00:00,2026-09-26T18:20:43+00:00,7ff1523d7aefb4f0e74ae8d75f60cfc143b54555cec8f42554a3ce818f54bbe5,109220,,text/html,200,49 captures of this URL
raw/web/obr_uk_efo_economic-fiscal-outlook-december-2013.html,https://obr.uk/efo/economic-fiscal-outlook-december-2013/,wayback,https://web.archive.org/web/20260209113422id_/https://obr.uk/efo/economic-fiscal-outlook-december-2013/,2026-02-09T11:34:22+00:00,2026-09-26T18:20:49+00:00,7a45e3d3e3c33339f7275ff1a84c74546636dbb76660afdad537bab6377793ac,104121,,text/html,200,71 captures of this URL
raw/web/obr_uk_efo_economic-and-fiscal-outlook-march-2013.html,https://obr.uk/efo/economic-and-fiscal-outlook-march-2013/,wayback,https://web.archive.org/web/20260206225409id_/https://obr.uk/efo/economic-and-fiscal-outlook-march-2013/,2026-02-06T22:54:09+00:00,2026-09-26T18:20:55+00:00,42b98e03d522e2ec9d6bb41cfa6c2f9dc523911843557aa7c1c104d820006dcc,121030,,text/html,200,40 captures of this URL
raw/web/obr_uk_efo_economic-and-fiscal-outlook-december-2012.html,https://obr.uk/efo/economic-and-fiscal-outlook-december-2012/,wayback,https://web.archive.org/web/20260122164637id_/https://obr.uk/efo/economic-and-fiscal-outlook-december-2012/,2026-01-22T16:46:37+00:00,2026-09-26T18:21:03+00:00,672bcb9479321c9b776a1382943881f68dd6e777b1805c46966e7185e0957c8f,129470,,text/html,200,35 captures of this URL
raw/web/obr_uk_efo_economic-and-fiscal-outlook-march-2012.html,https://obr.uk/efo/economic-and-fiscal-outlook-march-2012/,wayback,https://web.archive.org/web/20260211095148id_/https://obr.uk/efo/economic-and-fiscal-outlook-march-2012/,2026-02-11T09:51:48+00:00,2026-09-26T18:21:08+00:00,c87c17bdd87e56233c72af92f51e1fe95422293b393a81d09ee05e1220fc790c,126605,,text/html,200,33 captures of this URL
raw/web/obr_uk_efo_economic-and-fiscal-outlook-november-2011.html,https://obr.uk/efo/economic-and-fiscal-outlook-november-2011/,wayback,https://web.archive.org/web/20260606202906id_/https://obr.uk/efo/economic-and-fiscal-outlook-november-2011/,2026-06-06T20:29:06+00:00,2026-09-26T18:21:14+00:00,669dd5fe05f2048043fc0aad45b7d82ef3f13067b58d8e2a6ff70739d8f8b62c,128503,,text/html,200,37 captures of this URL
raw/web/obr_uk_efo_economic-and-fiscal-outlook-march-2011.html,https://obr.uk/efo/economic-and-fiscal-outlook-march-2011/,wayback,https://web.archive.org/web/20260813050525id_/https://obr.uk/efo/economic-and-fiscal-outlook-march-2011/,2026-08-13T05:05:25+00:00,2026-09-26T18:21:20+00:00,2885c15aae1c27a59727e34bb5f748bac9267d3221c71f3ebcf9d3878a5484bc,136359,"Mon, 08 Feb 2021 13:44:43 GMT",text/html,200,26 captures of this URL
raw/web/obr_uk_efo_economic-and-fiscal-outlook-november-2010.html,https://obr.uk/efo/economic-and-fiscal-outlook-november-2010/,wayback,https://web.archive.org/web/20260714135030id_/https://obr.uk/efo/economic-and-fiscal-outlook-november-2010/,2026-07-14T13:50:30+00:00,2026-09-26T18:21:26+00:00,b1fc39d3a0623183cfe859771b6eff4b4ede00ff9cce9d4af2ce2b9604a6b331,127952,"Mon, 08 Feb 2021 13:44:13 GMT",text/html,200,52 captures of this URL
raw/web/obr_uk_efo_budget-2010.html,https://obr.uk/efo/budget-2010/,wayback,https://web.archive.org/web/20260519125830id_/https://obr.uk/efo/budget-2010/,2026-05-19T12:58:30+00:00,2026-09-26T18:21:32+00:00,63e26e78a0666bc7b906aa9366f7d6c6af949db49e5bc4a25f57af91e8583d7b,113919,,text/html,200,38 captures of this URL
raw/web/obr_uk_efo_pre-budget-forecast-june-2010.html,https://obr.uk/efo/pre-budget-forecast-june-2010/,wayback,https://web.archive.org/web/20251126222353id_/https://obr.uk/efo/pre-budget-forecast-june-2010/,2025-11-26T22:23:53+00:00,2026-09-26T18:21:38+00:00,c00d9db1720b6ba20d6d00bf50b2676bb36b73f744b6781e8506e1dc98041af9,106521,,text/html,200,12 captures of this URL
raw/web/obr_uk_fer_forecast-evaluation-report-july-2025.html,https://obr.uk/fer/forecast-evaluation-report-july-2025/,wayback,https://web.archive.org/web/20260612103746id_/https://obr.uk/fer/forecast-evaluation-report-july-2025/,2026-06-12T10:37:46+00:00,2026-09-26T18:22:13+00:00,219b89bc6a30fe77c0f491fb02925cdbcb325362ada2ed432562daa30bd8053b,281029,,text/html,200,39 captures of this URL
raw/web/obr_uk_fer_forecast-evaluation-report-october-2024.html,https://obr.uk/fer/forecast-evaluation-report-october-2024/,wayback,https://web.archive.org/web/20260419111147id_/https://obr.uk/fer/forecast-evaluation-report-october-2024/,2026-04-19T11:11:47+00:00,2026-09-26T18:22:18+00:00,afc35edf1411f39269a5feabf4abc2c7133025d396cc971ef461efedb1921190,221186,,text/html,200,33 captures of this URL
raw/web/obr_uk_fer_forecast-evaluation-report-october-2023.html,https://obr.uk/fer/forecast-evaluation-report-october-2023/,wayback,https://web.archive.org/web/20260606203405id_/https://obr.uk/fer/forecast-evaluation-report-october-2023/,2026-06-06T20:34:05+00:00,2026-09-26T18:22:23+00:00,5a9db0ec80f00c39047fa25a21df731ad79974f2b323504150682863c5eca492,272369,,text/html,200,34 captures of this URL
raw/web/obr_uk_fer_forecast-evaluation-report-january-2023.html,https://obr.uk/fer/forecast-evaluation-report-january-2023/,wayback,https://web.archive.org/web/20260311012438id_/https://obr.uk/fer/forecast-evaluation-report-january-2023/,2026-03-11T01:24:38+00:00,2026-09-26T18:22:31+00:00,8e85b5112c8f8737015196a72041b72f744f6f8458ce326abe77cce7c6dca2f3,285076,,text/html,200,27 captures of this URL
raw/web/obr_uk_fer_forecast-evaluation-report-december-2021.html,https://obr.uk/fer/forecast-evaluation-report-december-2021/,wayback,https://web.archive.org/web/20260311005541id_/https://obr.uk/fer/forecast-evaluation-report-december-2021/,2026-03-11T00:55:41+00:00,2026-09-26T18:22:36+00:00,2f022d127cbf1c42c8dd353bf331d0a64ac28778dfa7e197dbc0bd3306c095e5,97533,,text/html,200,35 captures of this URL
raw/web/obr_uk_fer_forecast-evaluation-report-january-2021.html,https://obr.uk/fer/forecast-evaluation-report-january-2021/,wayback,https://web.archive.org/web/20260419113355id_/https://obr.uk/fer/forecast-evaluation-report-january-2021/,2026-04-19T11:33:55+00:00,2026-09-26T18:22:41+00:00,5a9fd2f0153d1b8f24d2a5a88d96b8374c9a67e285742aa09373dadac48eb451,89527,,text/html,200,28 captures of this URL
raw/web/obr_uk_fer_forecast-evaluation-report-december-2019.html,https://obr.uk/fer/forecast-evaluation-report-december-2019/,wayback,https://web.archive.org/web/20260514131404id_/https://obr.uk/fer/forecast-evaluation-report-december-2019/,2026-05-14T13:14:04+00:00,2026-09-26T18:22:47+00:00,03270c1f0fe158c333b09bef5847b4f2df280abd5c8b01beda10cddec3f5c21d,92067,,text/html,200,33 captures of this URL
raw/web/obr_uk_fer_forecast-evaluation-report-december-2018.html,https://obr.uk/fer/forecast-evaluation-report-december-2018/,wayback,https://web.archive.org/web/20260311004924id_/https://obr.uk/fer/forecast-evaluation-report-december-2018/,2026-03-11T00:49:24+00:00,2026-09-26T18:22:53+00:00,6d897a470d326828cc56602332d6059a63cbe006498396e55dd8b060f503b637,96834,,text/html,200,34 captures of this URL
raw/web/obr_uk_fer_forecast-evaluation-report-october-2017.html,https://obr.uk/fer/forecast-evaluation-report-october-2017/,wayback,https://web.archive.org/web/20260413150550id_/https://obr.uk/fer/forecast-evaluation-report-october-2017/,2026-04-13T15:05:50+00:00,2026-09-26T18:22:59+00:00,f4ecf92f89d6707c2a440ad72f18158cf6a29e11c3aaadf22d597ce7317e627a,102394,,text/html,200,54 captures of this URL
raw/web/obr_uk_fer_forecast-evaluation-report-october-2016.html,https://obr.uk/fer/forecast-evaluation-report-october-2016/,wayback,https://web.archive.org/web/20260311005459id_/https://obr.uk/fer/forecast-evaluation-report-october-2016/,2026-03-11T00:54:59+00:00,2026-09-26T18:23:05+00:00,99cc60d930387567f4c3fba0ed7ab0cd951fe72095ee34c136a3ef6615e004f6,93284,,text/html,200,24 captures of this URL
raw/web/obr_uk_fer_forecast-evaluation-report-october-2015.html,https://obr.uk/fer/forecast-evaluation-report-october-2015/,wayback,https://web.archive.org/web/20260211101008id_/https://obr.uk/fer/forecast-evaluation-report-october-2015/,2026-02-11T10:10:08+00:00,2026-09-26T18:23:12+00:00,b502d67ecc6553d088f1bae39b1c8b8c27af231cb2730655121f0847bf39ef1a,92689,,text/html,200,18 captures of this URL
raw/web/obr_uk_fer_forecast-evaluation-report-october-2014.html,https://obr.uk/fer/forecast-evaluation-report-october-2014/,wayback,https://web.archive.org/web/20250126011744id_/https://obr.uk/fer/forecast-evaluation-report-october-2014/,2025-01-26T01:17:44+00:00,2026-09-26T18:23:17+00:00,6d88989eceff1be4b2c60995984a8f2a5664401611cbd4de05c4a2e0a812d68c,94248,,text/html,200,11 captures of this URL
raw/web/obr_uk_fer_forecast-evaluation-report-october-2013.html,https://obr.uk/fer/forecast-evaluation-report-october-2013/,wayback,https://web.archive.org/web/20250617142316id_/https://obr.uk/fer/forecast-evaluation-report-october-2013/,2025-06-17T14:23:16+00:00,2026-09-26T18:23:23+00:00,14a91fbcb3e6551d7fa228f49c5d236423ddc7b98be5dc7cec8b3cd1a3022edd,98537,,text/html,200,21 captures of this URL
raw/web/obr_uk_fer_forecast-evaluation-report-october-2012.html,https://obr.uk/fer/forecast-evaluation-report-october-2012/,wayback,https://web.archive.org/web/20260519121943id_/https://obr.uk/fer/forecast-evaluation-report-october-2012/,2026-05-19T12:19:43+00:00,2026-09-26T18:23:30+00:00,d3dd95cf2da280b0f10cacab5806c7e114bcf40f13128c2b1057dc4beb669a5b,96962,,text/html,200,32 captures of this URL
raw/web/obr_uk_fer_forecast-evaluation-report-october-2011.html,https://obr.uk/fer/forecast-evaluation-report-october-2011/,wayback,https://web.archive.org/web/20250805044729id_/https://obr.uk/fer/forecast-evaluation-report-october-2011/,2025-08-05T04:47:29+00:00,2026-09-26T18:23:38+00:00,289288cce33feb3a165d6e786a90fd1d4ddefea5c3a7bff6d3e07ab1bcfd3f70,92316,,text/html,200,18 captures of this URL
,https://obr.uk/monthly-public-finances-briefing/2014-15/,direct,,,2026-09-26T18:24:01+00:00,,,,,403,identified request refused with a bot challenge; host switched to Wayback captures
raw/web/obr_uk_monthly-public-finances-briefing_2014-15.html,https://obr.uk/monthly-public-finances-briefing/2014-15/,wayback,https://web.archive.org/web/20260519134645id_/https://obr.uk/monthly-public-finances-briefing/2014-15/,2026-05-19T13:46:45+00:00,2026-09-26T18:24:10+00:00,47fd80d80dc8be56dc80d3bb75a639e41f6cae0cd0a32e164400fc1be9c8f711,88229,,text/html,200,19 captures of this URL
raw/web/obr_uk_monthly-public-finances-briefing_monthly-public-finances-releases-in-2022-23.html,https://obr.uk/monthly-public-finances-briefing/monthly-public-finances-releases-in-2022-23/,wayback,https://web.archive.org/web/20260519134132id_/https://obr.uk/monthly-public-finances-briefing/monthly-public-finances-releases-in-2022-23/,2026-05-19T13:41:32+00:00,2026-09-26T18:24:16+00:00,1597e24e3bdf1a535b8a224c83ac4b78ac3a47f2937b07f6fbe37cd13f2a0c00,90316,,text/html,200,12 captures of this URL
,https://www.cbo.gov/data/budget-economic-data,direct,,,2026-09-26T18:24:43+00:00,,,,,403,identified request refused with a bot challenge; host switched to Wayback captures
raw/web/www_cbo_gov_data_budget-economic-data.html,https://www.cbo.gov/data/budget-economic-data,wayback,https://web.archive.org/web/20260921200908id_/https://www.cbo.gov/data/budget-economic-data,2026-09-21T20:09:08+00:00,2026-09-26T18:24:47+00:00,61a4dc30d6bd230bd523d1e1d30a224ff9551fcd08e9d647c5b79ca857e47bc5,139361,"Mon, 21 Sep 2026 19:42:39 GMT",text/html,200,1636 captures of this URL
raw/web/www_cbo_gov_about_products_major-recurring-reports.html,https://www.cbo.gov/about/products/major-recurring-reports,wayback,https://web.archive.org/web/20260908123226id_/https://www.cbo.gov/about/products/major-recurring-reports,2026-09-08T12:32:26+00:00,2026-09-26T18:24:56+00:00,62b830b8728261b31e7a6d7b17f5f265203304f5418bdb2f1fabab6258636f61,208089,"Tue, 08 Sep 2026 11:36:14 GMT",text/html,200,587 captures of this URL
,https://www.cbo.gov/recurring-publication/55126,direct,,,2026-09-26T18:25:32+00:00,,,,,403,identified request refused with a bot challenge; host switched to Wayback captures
raw/web/www_cbo_gov_recurring-publication_55126.html,https://www.cbo.gov/recurring-publication/55126,wayback,https://web.archive.org/web/20260808153030id_/https://www.cbo.gov/recurring-publication/55126,2026-08-08T15:30:30+00:00,2026-09-26T18:25:36+00:00,10f2b7a0ee4477e4e60ed3e274ecad3c970b481bc7683ce6baaadc515faa8ae5,48501,"Sat, 08 Aug 2026 15:30:30 GMT",text/html,200,10 captures of this URL
raw/cbo/eval-projections-682559c.zip,https://api.github.com/repos/US-CBO/eval-projections/zipball/682559ca5800ee7be57a398085fd023a050c7cb9,direct,https://codeload.github.com/US-CBO/eval-projections/legacy.zip/682559ca5800ee7be57a398085fd023a050c7cb9,,2026-09-26T18:26:15+00:00,2a654db7601977c1b6685f1ce6070ae43223ec32e8469a48bc6ae581e8e74064,720670,,application/zip,200,US-CBO/eval-projections commit 682559ca5800ee7be57a398085fd023a050c7cb9
,http://www.cbo.gov/publications/bysubject.cfm?cat=0,direct,,,2026-09-26T18:28:02+00:00,,,,,403,identified request refused with a bot challenge; host switched to Wayback captures
raw/web/www_cbo_gov_publications_bysubject_cfm_376a4d7f.html,http://www.cbo.gov/publications/bysubject.cfm?cat=0,wayback,https://web.archive.org/web/20120112023431id_/http://www.cbo.gov/publications/bysubject.cfm?cat=0,2012-01-12T02:34:31+00:00,2026-09-26T18:28:11+00:00,7a04c90edd78277a898d84bf0ef08e2071b1ca509cfa250c68c27562dfa0305f,170848,,text/html,200,519 captures of this URL
,https://obr.uk/monthly-public-finances-briefing/monthly-public-finances-releases-in-2021-22/,direct,,,2026-09-26T18:33:01+00:00,,,,,403,identified request refused with a bot challenge; host switched to Wayback captures
raw/web/obr_uk_monthly-public-finances-briefing_monthly-public-finances-releases-in-2021-22.html,https://obr.uk/monthly-public-finances-briefing/monthly-public-finances-releases-in-2021-22/,wayback,https://web.archive.org/web/20260519132648id_/https://obr.uk/monthly-public-finances-briefing/monthly-public-finances-releases-in-2021-22/,2026-05-19T13:26:48+00:00,2026-09-26T18:33:05+00:00,37c6137a196044c3cade5a65a10cd9810ea6d8951db7331c7bfeb06737b4f69b,89352,,text/html,200,16 captures of this URL
raw/web/obr_uk_monthly-public-finances-briefing_monthly-public-finances-releases-in-2020-21.html,https://obr.uk/monthly-public-finances-briefing/monthly-public-finances-releases-in-2020-21/,wayback,https://web.archive.org/web/20260612112712id_/https://obr.uk/monthly-public-finances-briefing/monthly-public-finances-releases-in-2020-21/,2026-06-12T11:27:12+00:00,2026-09-26T18:33:11+00:00,131a273379e8ce6bef8852588e7154ab892fff0e391154f463c3d89d6d8c378e,90817,,text/html,200,19 captures of this URL
raw/web/obr_uk_monthly-public-finances-briefing_monthly-public-finances-releases-in-2019-20.html,https://obr.uk/monthly-public-finances-briefing/monthly-public-finances-releases-in-2019-20/,wayback,https://web.archive.org/web/20260514142616id_/https://obr.uk/monthly-public-finances-briefing/monthly-public-finances-releases-in-2019-20/,2026-05-14T14:26:16+00:00,2026-09-26T18:33:17+00:00,ef7e13f26ab76506bc32ca8b3d829c8a460fc649d9148d26f22525941cad9f5c,91481,,text/html,200,20 captures of this URL
raw/web/obr_uk_monthly-public-finances-briefing_2018-19.html,https://obr.uk/monthly-public-finances-briefing/2018-19/,wayback,https://web.archive.org/web/20260519124319id_/https://obr.uk/monthly-public-finances-briefing/2018-19/,2026-05-19T12:43:19+00:00,2026-09-26T18:33:22+00:00,66857c500536dfa4d781d29eef771c055bae3061fbb1de9fd6011c6beb0945d5,90381,,text/html,200,12 captures of this URL
raw/web/obr_uk_monthly-public-finances-briefing_2017-18.html,https://obr.uk/monthly-public-finances-briefing/2017-18/,wayback,https://web.archive.org/web/20260419123946id_/https://obr.uk/monthly-public-finances-briefing/2017-18/,2026-04-19T12:39:46+00:00,2026-09-26T18:33:28+00:00,f66557da61fc88cb0b8cd0d709646ca2a4cbe3b74a51b4501ddfb75ac3bbfdd4,89121,,text/html,200,19 captures of this URL
raw/web/obr_uk_monthly-public-finances-briefing_2016-17.html,https://obr.uk/monthly-public-finances-briefing/2016-17/,wayback,https://web.archive.org/web/20260311012301id_/https://obr.uk/monthly-public-finances-briefing/2016-17/,2026-03-11T01:23:01+00:00,2026-09-26T18:33:34+00:00,4c0c15585e1a7caeb0504f91db79de9d128670ea0e2d8fe798b3eed215650771,89073,,text/html,200,19 captures of this URL
raw/web/obr_uk_monthly-public-finances-briefing_2015-16.html,https://obr.uk/monthly-public-finances-briefing/2015-16/,wayback,https://web.archive.org/web/20260618044031id_/https://obr.uk/monthly-public-finances-briefing/2015-16/,2026-06-18T04:40:31+00:00,2026-09-26T18:33:41+00:00,f0abb17e221b043efb271e7b4cbfcaf03d940478e7bc50e539aaeaea2c7b91be,88516,,text/html,200,21 captures of this URL
raw/web/obr_uk_monthly-public-finances-briefing_2013-14.html,https://obr.uk/monthly-public-finances-briefing/2013-14/,wayback,https://web.archive.org/web/20260419113916id_/https://obr.uk/monthly-public-finances-briefing/2013-14/,2026-04-19T11:39:16+00:00,2026-09-26T18:33:47+00:00,bdb124ffece2d04388215d3800e3bad78bba50d58c1e23950554fac9f9f03258,88993,,text/html,200,19 captures of this URL
raw/web/obr_uk_monthly-public-finances-briefing_2012-13.html,https://obr.uk/monthly-public-finances-briefing/2012-13/,wayback,https://web.archive.org/web/20260519123610id_/https://obr.uk/monthly-public-finances-briefing/2012-13/,2026-05-19T12:36:10+00:00,2026-09-26T18:33:53+00:00,0be0ebf3e03a3f9a3507c905beda62cbf2d01d898cdf07cfeec70ed429e94942,88974,,text/html,200,20 captures of this URL
raw/web/obr_uk_monthly-public-finances-briefing_2011-12.html,https://obr.uk/monthly-public-finances-briefing/2011-12/,wayback,https://web.archive.org/web/20260519134555id_/https://obr.uk/monthly-public-finances-briefing/2011-12/,2026-05-19T13:45:55+00:00,2026-09-26T18:33:58+00:00,d0f144f33376f07069a45d678fd6764129a295e5ce673b5c57795e372eb61f40,89703,,text/html,200,20 captures of this URL
,http://www.cbo.gov/publications/bysubject.cfm?cat=1,direct,,,2026-09-26T18:36:25+00:00,,,,,403,identified request refused with a bot challenge; host switched to Wayback captures
raw/web/www_cbo_gov_publications_bysubject_cfm_96fd3470.html,http://www.cbo.gov/publications/bysubject.cfm?cat=1,wayback,https://web.archive.org/web/20120128192811id_/http://www.cbo.gov/publications/bysubject.cfm?cat=1,2012-01-28T19:28:11+00:00,2026-09-26T18:36:30+00:00,327ec681280723ed596c473bffff97d0731c643947af1adea043d2c4a7a41dc4,46479,,text/html,200,456 captures of this URL
raw/web/www_cbo_gov_publications_bysubject_cfm_211a3c41.html,http://www.cbo.gov/publications/bysubject.cfm?cat=35,wayback,https://web.archive.org/web/20120209071929id_/http://www.cbo.gov/publications/bysubject.cfm?cat=35,2012-02-09T07:19:29+00:00,2026-09-26T18:36:38+00:00,7db6af4a35063f115e0031a5baefbc2f0cf11e792a1cfccf2419135997aac3d5,80247,,text/html,200,551 captures of this URL
raw/documents/obr/July-2015-EFO-234224.pdf,https://obr.uk/download/economic-and-fiscal-outlook-july-2015/,wayback-alternate,https://web.archive.org/web/20260314061831id_/https://obr.uk/docs/dlm_uploads/July-2015-EFO-234224.pdf,2026-03-14T06:18:31+00:00,2026-09-26T18:53:19+00:00,2419b83a36137a7e53881dddbbf0a7ef496397726ec873a1e5c8b1afefaa1553,2709869,"Mon, 18 Jan 2021 11:55:18 GMT",application/pdf,200,"source link not archived; same report archived elsewhere, title page verified; capture of http://obr.uk/docs/dlm_uploads/July-2015-EFO-234224.pdf"
raw/documents/obr/March2015EFO_18-03-webv1.pdf,https://obr.uk/download/economic-and-fiscal-outlook-march-2015/,wayback-alternate,https://web.archive.org/web/20250314033509id_/https://obr.uk/docs/dlm_uploads/March2015EFO_18-03-webv1.pdf,2025-03-14T03:35:09+00:00,2026-09-26T18:53:27+00:00,83b98a4dd6fa853e73f15cbbc446b59a4f04cbeb9df9b8e3067aa524bad0b2a7,1788927,"Mon, 18 Jan 2021 11:55:32 GMT",application/pdf,200,"source link not archived; same report archived elsewhere, title page verified; capture of https://obr.uk/docs/dlm_uploads/March2015EFO_18-03-webv1.pdf"
raw/documents/obr/December_2014_EFO-web513.pdf,https://obr.uk/download/economic-and-fiscal-outlook-december-2014/,wayback-alternate,https://web.archive.org/web/20170120011848id_/http://budgetresponsibility.org.uk/docs/dlm_uploads/December_2014_EFO-web513.pdf,2017-01-20T01:18:48+00:00,2026-09-26T18:53:40+00:00,03b6a520ca87169f31e291fa78bce31bb32f283344e3417d606abb278c83d41c,2847422,"Wed, 20 Jan 2016 11:00:54 GMT",application/pdf,200,"source link not archived; same report archived elsewhere, title page verified; capture of http://budgetresponsibility.org.uk/docs/dlm_uploads/December_2014_EFO-web513.pdf"
raw/documents/obr/Economic-and-fiscal-outlook-December-2013.pdf,https://obr.uk/download/economic-and-fiscal-outlook-december-2013/,wayback-alternate,https://web.archive.org/web/20170717115828id_/http://budgetresponsibility.org.uk/docs/dlm_uploads/Economic-and-fiscal-outlook-December-2013.pdf,2017-07-17T11:58:28+00:00,2026-09-26T18:54:16+00:00,ac92d3a8fc0d6990e6305c24e6621e38fb28e2eaf7b46ec7e5eb42766bf45b91,2425392,"Wed, 20 Jan 2016 11:17:31 GMT",application/pdf,200,"source link not archived; same report archived elsewhere, title page verified; capture of http://budgetresponsibility.org.uk/docs/dlm_uploads/Economic-and-fiscal-outlook-December-2013.pdf"
raw/documents/obr/March-2013-EFO-44734674673453.pdf,https://obr.uk/download/economic-and-fiscal-outlook-march-2013/,wayback-alternate,https://web.archive.org/web/20141128224118id_/http://budgetresponsibility.org.uk/wordpress/docs/March-2013-EFO-44734674673453.pdf,2014-11-28T22:41:18+00:00,2026-09-26T18:54:26+00:00,9c89aa234b283e46db944b079b09bb82b28ed578e4759e5b864d28a03cb5c219,2522249,"Wed, 20 Mar 2013 12:06:47 GMT",application/pdf,200,"source link not archived; same report archived elsewhere, title page verified; capture of http://budgetresponsibility.org.uk/wordpress/docs/March-2013-EFO-44734674673453.pdf"
raw/documents/obr/December-2012-Economic-and-fiscal-outlook23423423.pdf,https://obr.uk/download/economic-and-fiscal-outlook-december-2012/,wayback-alternate,https://web.archive.org/web/20150317204312id_/http://budgetresponsibility.org.uk/wordpress/docs/December-2012-Economic-and-fiscal-outlook23423423.pdf,2015-03-17T20:43:12+00:00,2026-09-26T18:54:44+00:00,f322af939097d77604c3d76f4e3ab898401883ac77b94bce50690e2ad2ab1b26,1161561,"Wed, 05 Dec 2012 12:54:41 GMT",application/pdf,200,"source link not archived; same report archived elsewhere, title page verified; capture of http://budgetresponsibility.org.uk/wordpress/docs/December-2012-Economic-and-fiscal-outlook23423423.pdf"
raw/documents/obr/economic_and_fiscal_outlook_23032011.pdf,https://obr.uk/download/economic-and-fiscal-outlook-march-2011/,wayback-alternate,https://web.archive.org/web/20160211050139id_/http://budgetresponsibility.independent.gov.uk/wordpress/docs/economic_and_fiscal_outlook_23032011.pdf,2016-02-11T05:01:39+00:00,2026-09-26T18:58:11+00:00,b2e50b98b010baf7746b8e2cace7891be315a6cf93e3fc555d0418336583dd25,9255128,"Mon, 04 Apr 2011 15:06:22 GMT",application/pdf,200,"source link not archived; same report archived elsewhere, title page verified; capture of http://budgetresponsibility.independent.gov.uk/wordpress/docs/economic_and_fiscal_outlook_23032011.pdf"
raw/documents/obr/econ_fiscal_outlook_291110.pdf,https://obr.uk/download/economic-and-fiscal-outlook-november-2010-2/,wayback-alternate,https://web.archive.org/web/20110406013731id_/http://budgetresponsibility.independent.gov.uk/d/econ_fiscal_outlook_291110.pdf,2011-04-06T01:37:31+00:00,2026-09-26T19:02:35+00:00,321f9cb142ee4a9403a4b316e9c12755e24004cc65354545a73f19a884d2c8a6,4038646,"Mon, 29 Nov 2010 12:57:15 GMT",application/pdf,200,"source link not archived; same report archived elsewhere, title page verified; capture of http://budgetresponsibility.independent.gov.uk/d/econ_fiscal_outlook_291110.pdf"
,http://budgetresponsibility.org.uk:80/wordpress/docs/pre_budget_forecast_140610.pdf,wayback,,,2026-09-26T19:02:39+00:00,,,,,404,no Wayback capture
,http://budgetresponsibility.independent.gov.uk:80/d/pre_budget_forecast_140610.pdf,wayback,,,2026-09-26T19:02:49+00:00,,,,,404,no Wayback capture
,http://budgetresponsibility.independent.gov.uk:80/d/employment_forecast_300610.pdf,wayback,,,2026-09-26T19:03:12+00:00,,,,,404,no Wayback capture
,http://budgetresponsibility.org.uk:80/wordpress/docs/pre_budget_forecast_140610.pdf,wayback,,,2026-09-26T19:03:23+00:00,,,,,404,no Wayback capture
raw/documents/obr/pre_budget_forecast_140610.pdf,https://obr.uk/download/pre-budget-forecast-june-2010/,wayback-alternate,https://web.archive.org/web/20140224214510id_/http://budgetresponsibility.independent.gov.uk:80/wordpress/docs/pre_budget_forecast_140610.pdf,2014-02-24T21:45:10+00:00,2026-09-26T19:03:29+00:00,4844e97df1b99cc44db4a4e204a73d517d1330a157061d60d63d1de55095cfbb,1057066,"Mon, 04 Apr 2011 15:06:48 GMT",application/pdf,200,"source link not archived; same report archived elsewhere, title page verified; capture of http://budgetresponsibility.independent.gov.uk/wordpress/docs/pre_budget_forecast_140610.pdf"
,http://budgetresponsibility.org.uk:80/wordpress/docs/pre_budget_forecast_140610.pdf,wayback,,,2026-09-26T19:09:45+00:00,,,,,404,no Wayback capture
,http://budgetresponsibility.independent.gov.uk:80/d/pre_budget_forecast_140610.pdf,wayback,,,2026-09-26T19:09:55+00:00,,,,,404,no Wayback capture
,http://budgetresponsibility.independent.gov.uk:80/d/employment_forecast_300610.pdf,wayback,,,2026-09-26T19:10:21+00:00,,,,,404,no Wayback capture
raw/documents/obr/junebudget_annexc.pdf,https://obr.uk/download/budget-forecast-june-2010/,wayback-alternate,https://web.archive.org/web/20160322072310id_/http://budgetresponsibility.org.uk/docs/dlm_uploads/junebudget_annexc.pdf,2016-03-22T07:23:10+00:00,2026-09-26T19:10:44+00:00,f82edf648b49304baf2533bdb0fa7f4696fe704d171fabc7c37ee0b8717c536f,2626782,"Wed, 20 Jan 2016 13:04:10 GMT",application/pdf,200,"source link not archived; same report archived elsewhere, title page verified; capture of http://budgetresponsibility.org.uk/docs/dlm_uploads/junebudget_annexc.pdf"
,https://obr.uk/download/forecast-evaluation-report-october-2011/,wayback-alternate,https://web.archive.org/web/20260821125404id_/https://obr.uk/docs/dlm_uploads/Forecast-evaluation-report-October-2023.pdf,2026-08-21T12:54:04+00:00,2026-09-26T19:12:45+00:00,4591e453efb454adfcc09d4829f31b22b63f2b20705e6c706d134c216974cd32,857745,"Thu, 19 Oct 2023 08:33:13 GMT",application/pdf,invalid,"source link not archived; same report archived elsewhere, title page verified; capture of https://obr.uk/docs/dlm_uploads/Forecast-evaluation-report-October-2023.pdf; INVALID (wrong report: title page reads October 2023; the old check matched the 2011 in the Act cited on the imprint page); was stored as raw/documents/obr/Forecast-evaluation-report-October-2023.pdf"
,https://obr.uk/monthly-public-finances-briefing/monthly-public-finances-releases-in-2023-24/,direct,,,2026-09-26T19:22:59+00:00,,,,,403,identified request refused with a bot challenge; host switched to Wayback captures
raw/web/obr_uk_monthly-public-finances-briefing_monthly-public-finances-releases-in-2023-24.html,https://obr.uk/monthly-public-finances-briefing/monthly-public-finances-releases-in-2023-24/,wayback,https://web.archive.org/web/20250805043513id_/https://obr.uk/monthly-public-finances-briefing/monthly-public-finances-releases-in-2023-24/,2025-08-05T04:35:13+00:00,2026-09-26T19:23:08+00:00,8e554d71fc49311f3b5578420629d69436f7031c779807e48a09d010de906d2a,90062,,text/html,200,4 captures of this URL
raw/web/obr_uk_monthly-public-finances-briefing_monthly-public-finances-releases-in-2024-25.html,https://obr.uk/monthly-public-finances-briefing/monthly-public-finances-releases-in-2024-25/,wayback,https://web.archive.org/web/20260211090011id_/https://obr.uk/monthly-public-finances-briefing/monthly-public-finances-releases-in-2024-25/,2026-02-11T09:00:11+00:00,2026-09-26T19:23:15+00:00,38e9c4b3576027b6228c2ba10dd2ce9b2589ef65262c2456d27d904181d45869,89128,,text/html,200,3 captures of this URL
raw/web/obr_uk_monthly-public-finances-briefing_monthly-public-finances-releases-in-2025-26.html,https://obr.uk/monthly-public-finances-briefing/monthly-public-finances-releases-in-2025-26/,wayback,https://web.archive.org/web/20260608151137id_/https://obr.uk/monthly-public-finances-briefing/monthly-public-finances-releases-in-2025-26/,2026-06-08T15:11:37+00:00,2026-09-26T19:23:23+00:00,0ed100b54c9831318b360aed62a31813932cb66c255bd7e5adb77937846dfd39,88832,,text/html,200,1 captures of this URL
raw/documents/obr/Restated_March_2019.pdf,https://obr.uk/download/restated-march-2019-forecast/,wayback,https://web.archive.org/web/20240714020751id_/https://obr.uk//docs/dlm_uploads/Restated_March_2019.pdf,2024-07-14T02:07:51+00:00,2026-09-26T19:39:25+00:00,af93053ae59bf58a40384c429f18108b27487522c45f860be8fe6cc576dde9c9,386430,"Fri, 15 Oct 2021 15:00:09 GMT",application/pdf,200,memo vintage document; 10 captures of this URL
raw/documents/obr/index,https://obr.uk/download/supplementary-forecast-march-2020/,wayback,https://web.archive.org/web/20221007104607id_/https://obr.uk//docs/CCS001_CCS0320221496_CP-231-Web-Accessible-FINAL.pdf,2022-10-07T10:46:07+00:00,2026-09-26T19:39:32+00:00,e556d9474b835f30a93f356648480af4fe872407d9ce4f0582c272f78eac55d4,488455,"Mon, 18 Jan 2021 11:53:19 GMT",application/pdf,200,memo vintage document; 4 captures of this URL
raw/documents/obr/efo_tables/December_2012/Copy-of-December-2012-EFO-charts-and-tables.xls,https://obr.uk/download/economic-and-fiscal-outlook-charts-and-tables-december-2012-2/,wayback,https://web.archive.org/web/20180710190751id_/http://obr.uk/docs/dlm_uploads/Copy-of-December-2012-EFO-charts-and-tables.xls,2018-07-10T19:07:51+00:00,2026-09-26T19:52:43+00:00,caf52b2d6455931b96598f974309c56b25b0afb48354d4b1e5d3188426f70a2a,3443200,"Wed, 20 Jan 2016 11:27:47 GMT",application/vnd.ms-excel,200,EFO tables: Economic and fiscal outlook charts and tables - December 2012; 1 captures of this URL
raw/documents/obr/efo_tables/December_2013/December-2013-EFO-Charts-and-Tables2.xls,https://obr.uk/download/economic-and-fiscal-outlook-charts-and-tables-december-2013/,wayback,https://web.archive.org/web/20250202132020id_/https://obr.uk/docs/dlm_uploads/December-2013-EFO-Charts-and-Tables2.xls,2025-02-02T13:20:20+00:00,2026-09-26T19:52:49+00:00,87e2e3f18f20d499cda78c1b96b548cdd86d105f2c54c878c45128bbcc3ea552,3886592,"Mon, 18 Jan 2021 11:54:52 GMT",application/vnd.ms-excel,200,EFO tables: Economic and fiscal outlook charts and tables - December 2013; 1 captures of this URL
,https://obr.uk/download/economic-and-fiscal-outlook-charts-and-tables-december-2014/,wayback,,,2026-09-26T19:52:51+00:00,,,,,404,no Wayback capture
,https://obr.uk/download/economic-and-fiscal-outlook-charts-and-tables-july-2015/,wayback,,,2026-09-26T19:52:57+00:00,,,,,404,no Wayback capture
,https://obr.uk/download/march-2011-economic-and-fiscal-outlook-charts-and-tables/,wayback,,,2026-09-26T19:52:59+00:00,,,,,404,no Wayback capture
raw/documents/obr/efo_tables/March_2012/March-2012-EFO-charts-and-tables.xls,https://obr.uk/download/economic-and-fiscal-outlook-charts-and-tables-march-2012/,wayback,https://web.archive.org/web/20251214211613id_/https://obr.uk/docs/dlm_uploads/March-2012-EFO-charts-and-tables.xls,2025-12-14T21:16:13+00:00,2026-09-26T19:53:17+00:00,f23ad896c9c1a4adccd223990b0fdec47d65e7fb06268544a23d305be46809ec,4219904,"Mon, 18 Jan 2021 11:55:25 GMT",application/vnd.ms-excel,200,EFO tables: Economic and fiscal outlook charts and tables - March 2012; 3 captures of this URL
,https://obr.uk/download/economic-and-fiscal-outlook-charts-and-tables-march-2013-3/,wayback,,,2026-09-26T19:53:19+00:00,,,,,404,no Wayback capture
raw/documents/obr/efo_tables/March_2014/March_2014_EFO_Charts_and_Tables.xls,https://obr.uk/download/economic-and-fiscal-outlook-charts-and-tables-march-2014/,wayback,https://web.archive.org/web/20251008102644id_/https://obr.uk/docs/dlm_uploads/March_2014_EFO_Charts_and_Tables.xls,2025-10-08T10:26:44+00:00,2026-09-26T19:53:30+00:00,0ca51af76bf9c4b74e9aa4260931816225dcced171856da63447db4416f0a476,4835328,"Mon, 18 Jan 2021 11:55:25 GMT",application/vnd.ms-excel,200,EFO tables: Economic and fiscal outlook charts and tables - March 2014; 1 captures of this URL
,https://obr.uk/download/economic-and-fiscal-outlook-charts-and-tables-march-2015/,wayback,,,2026-09-26T19:53:34+00:00,,,,,404,no Wayback capture
raw/documents/obr/efo_tables/March_2016/Charts_and_tables_March_2016-2.xls,https://obr.uk/download/economic-and-fiscal-outlook-charts-and-tables-march-2016/,wayback,https://web.archive.org/web/20260322055654id_/https://obr.uk/docs/dlm_uploads/Charts_and_tables_March_2016-2.xls,2026-03-22T05:56:54+00:00,2026-09-26T19:53:44+00:00,6086da7d4d86077b5f01321f1e5d6b32f96c7e880e8652cf0ddc5c0b9df2ca4d,3484160,"Mon, 18 Jan 2021 11:54:38 GMT",application/vnd.ms-excel,200,EFO tables: Economic and fiscal outlook charts and tables - March 2016; 8 captures of this URL
raw/documents/obr/efo_tables/March_2017/march-2017-economic-and-fiscal-outlook-charts-and-tables-fiscal,https://obr.uk/download/march-2017-economic-and-fiscal-outlook-charts-and-tables-fiscal/,wayback,https://web.archive.org/web/20220305180921id_/https://obr.uk/download/march-2017-economic-and-fiscal-outlook-charts-and-tables-fiscal/,2022-03-05T18:09:21+00:00,2026-09-26T19:53:50+00:00,78e20ad86025b74be900c4fd28159a4b468e92e99358b9980e414e6054bb817a,1457688,,application/vnd.openxmlformats-officedocument.spreadsheetml.sheet,200,EFO tables: March 2017 Economic and fiscal outlook – charts and tables: fiscal; 10 captures of this URL
,https://obr.uk/download/march-2017-economic-and-fiscal-outlook-charts-and-tables-economy/,wayback,https://web.archive.org/web/20211201191624id_/https://obr.uk/download/march-2017-economic-and-fiscal-outlook-charts-and-tables-economy/,2021-12-01T19:16:24+00:00,2026-09-26T19:53:56+00:00,7b7b264d163a4440e973bacc5faf96e724722b667228112092b1f865ad199590,1048576,,application/vnd.openxmlformats-officedocument.spreadsheetml.sheet,invalid,EFO tables: March 2017 Economic and fiscal outlook – charts and tables: economy; 3 captures of this URL; INVALID (BadZipFile: File is not a zip file); was stored as raw/documents/obr/efo_tables/March_2017/march-2017-economic-and-fiscal-outlook-charts-and-tables-economy
raw/documents/obr/efo_tables/March_2018/Charts_and_tables_chapters_4-B_March_2018_EFO-v2.xlsx,https://obr.uk/download/march-2018-economic-and-fiscal-outlook-charts-and-tables-fiscal/,wayback,https://web.archive.org/web/20231116215514id_/https://obr.uk/docs/dlm_uploads/Charts_and_tables_chapters_4-B_March_2018_EFO-v2.xlsx,2023-11-16T21:55:14+00:00,2026-09-26T19:54:03+00:00,b6147658d3d0e75097998d2b32b2b49667ed675d7d2e77f545880dc025985724,1312986,"Mon, 18 Jan 2021 11:54:38 GMT",application/vnd.openxmlformats-officedocument.spreadsheetml.sheet,200,EFO tables: March 2018 Economic and fiscal outlook – charts and tables: fiscal; 3 captures of this URL
raw/documents/obr/efo_tables/March_2018/Charts_and_tables_chapters_1-3_March_2018_EFO-v2.xlsx,https://obr.uk/download/march-2018-economic-fiscal-outlook-charts-tables-economy/,wayback,https://web.archive.org/web/20240615033811id_/https://obr.uk/docs/dlm_uploads/Charts_and_tables_chapters_1-3_March_2018_EFO-v2.xlsx,2024-06-15T03:38:11+00:00,2026-09-26T19:54:19+00:00,37d28b97a84f6dad778816584cda853ef336533de18429fa0be7720b37dd9e5a,2694196,"Mon, 18 Jan 2021 11:54:38 GMT",application/vnd.openxmlformats-officedocument.spreadsheetml.sheet,200,EFO tables: March 2018 Economic and fiscal outlook – charts and tables: economy; 3 captures of this URL
raw/documents/obr/efo_tables/March_2019/march-2019-economic-and-fiscal-outlook-charts-and-tables-fiscal,https://obr.uk/download/march-2019-economic-and-fiscal-outlook-charts-and-tables-fiscal/,wayback,https://web.archive.org/web/20210730065153id_/https://obr.uk/download/march-2019-economic-and-fiscal-outlook-charts-and-tables-fiscal/,2021-07-30T06:51:53+00:00,2026-09-26T19:54:28+00:00,2a6de6c64c6f9ef459d6315aa7d9f17729386699ff53f438d269775f08073857,960448,,application/vnd.openxmlformats-officedocument.spreadsheetml.sheet,200,EFO tables: March 2019 Economic and fiscal outlook – charts and tables: fiscal; 7 captures of this URL
raw/documents/obr/efo_tables/March_2019/march-2019-economic-and-fiscal-outlook-charts-and-tables-economy,https://obr.uk/download/march-2019-economic-and-fiscal-outlook-charts-and-tables-economy/,wayback,https://web.archive.org/web/20220120043722id_/https://obr.uk/download/march-2019-economic-and-fiscal-outlook-charts-and-tables-economy/,2022-01-20T04:37:22+00:00,2026-09-26T19:54:38+00:00,414a2315ba92efbf5e3095c36c953ef59ce73368d33bc7c2d19ac433c510bf8e,2824700,,application/vnd.openxmlformats-officedocument.spreadsheetml.sheet,200,EFO tables: March 2019 Economic and fiscal outlook – charts and tables: economy; 6 captures of this URL
raw/documents/obr/efo_tables/March_2020/Chapter_2_Charts_and_tables_EFO_March_2020.xlsx,https://obr.uk/download/march-2020-economic-and-fiscal-outlook-charts-and-tables-chapter-2/,wayback,https://web.archive.org/web/20200608013726id_/https://cdn.obr.uk/Chapter_2_Charts_and_tables_EFO_March_2020.xlsx,2020-06-08T01:37:26+00:00,2026-09-26T19:54:48+00:00,bf0fd135f273b273cad88378cb4f5ac2979227dbc82fa1b5217706dfc4b8b5c9,706625,"Wed, 11 Mar 2020 12:14:22 GMT",application/vnd.openxmlformats-officedocument.spreadsheetml.sheet,200,EFO tables: March 2020 Economic and fiscal outlook – charts and tables: Chapter 2; 1 captures of this URL
,https://obr.uk/frs/fiscal-risks-and-sustainability-july-2025/,direct,,,2026-09-26T19:54:56+00:00,,,,,403,identified request refused with a bot challenge; host switched to Wayback captures
raw/documents/obr/efo_tables/March_2020/Chapter_3_Charts_and_tables_EFO_March_2020.xlsx,https://obr.uk/download/march-2020-economic-and-fiscal-outlook-charts-and-tables-chapter-3/,wayback,https://web.archive.org/web/20200519103703id_/https://obr.uk/docs/Chapter_3_Charts_and_tables_EFO_March_2020.xlsx,2020-05-19T10:37:03+00:00,2026-09-26T19:54:57+00:00,e5d6121ea71e73a90db617bd2c2652cf1a00f9bd76d3c917b07111e0249a6c91,1050527,"Thu, 19 Mar 2020 17:31:03 GMT",application/vnd.openxmlformats-officedocument.spreadsheetml.sheet,200,EFO tables: March 2020 Economic and fiscal outlook – charts and tables: Chapter 3; 1 captures of this URL
raw/web/obr_uk_frs_fiscal-risks-and-sustainability-july-2025.html,https://obr.uk/frs/fiscal-risks-and-sustainability-july-2025/,wayback,https://web.archive.org/web/20260713160723id_/https://obr.uk/frs/fiscal-risks-and-sustainability-july-2025/,2026-07-13T16:07:23+00:00,2026-09-26T19:55:01+00:00,d5c01c6beb651443e349e449ad1e509b514f5bd1b9a7fd5da153e94e6f9fe4e3,594369,"Tue, 16 Sep 2025 11:28:57 GMT",text/html,200,317 captures of this URL
raw/documents/obr/efo_tables/March_2020/Chapter_4_Charts_and_tables_EFO_March_2020.xlsx,https://obr.uk/download/march-2020-economic-and-fiscal-outlook-charts-and-tables-chapter-4/,wayback,https://web.archive.org/web/20200608024601id_/https://cdn.obr.uk/Chapter_4_Charts_and_tables_EFO_March_2020.xlsx,2020-06-08T02:46:01+00:00,2026-09-26T19:55:04+00:00,704546316d2edb3cb8c63548a1110c77cd5ad013bce76d34afe997c5d632f83e,442329,"Wed, 11 Mar 2020 12:15:57 GMT",application/vnd.openxmlformats-officedocument.spreadsheetml.sheet,200,EFO tables: March 2020 Economic and fiscal outlook – charts and tables: Chapter 4; 1 captures of this URL
raw/documents/obr/efo_tables/March_2020/Annex_A_Charts_and_tables_EFO_March_2020.xlsx,https://obr.uk/download/march-2020-economic-and-fiscal-outlook-charts-and-tables-annex-a/,wayback,https://web.archive.org/web/20200608014934id_/https://cdn.obr.uk/Annex_A_Charts_and_tables_EFO_March_2020.xlsx,2020-06-08T01:49:34+00:00,2026-09-26T19:55:09+00:00,2a7a489e1f6d1922cb48bd49ca5de74489e436502e8e01a4951b6a4ab11125f3,81335,"Wed, 11 Mar 2020 12:16:51 GMT",application/vnd.openxmlformats-officedocument.spreadsheetml.sheet,200,EFO tables: March 2020 Economic and fiscal outlook – charts and tables: Annex A; 1 captures of this URL
raw/web/obr_uk_frs_fiscal-risks-and-sustainability-september-2024.html,https://obr.uk/frs/fiscal-risks-and-sustainability-september-2024/,wayback,https://web.archive.org/web/20260622170123id_/https://obr.uk/frs/fiscal-risks-and-sustainability-september-2024/,2026-06-22T17:01:23+00:00,2026-09-26T19:55:09+00:00,7deb8d0c75921a6a565aefa2f33a41b96ed019d6f55914d279915ce5f65c0185,493379,,text/html,200,78 captures of this URL
raw/web/obr_uk_frs_fiscal-risks-and-sustainability-july-2023.html,https://obr.uk/frs/fiscal-risks-and-sustainability-july-2023/,wayback,https://web.archive.org/web/20260609182820id_/https://obr.uk/frs/fiscal-risks-and-sustainability-july-2023/?ref=ageoftransformation.org,2026-06-09T18:28:20+00:00,2026-09-26T19:55:15+00:00,6969bcd54b055afaf7280a2f1b1750c7a73ec21e0d9646e374321d0eb379b055,589920,,text/html,200,189 captures of this URL
raw/documents/obr/efo_tables/March_2020/Annex_B_Charts_and_tables_EFO_March_2020.xlsx,https://obr.uk/download/march-2020-economic-and-fiscal-outlook-charts-and-tables-annex-b/,wayback,https://web.archive.org/web/20200608025713id_/https://cdn.obr.uk/Annex_B_Charts_and_tables_EFO_March_2020.xlsx,2020-06-08T02:57:13+00:00,2026-09-26T19:55:15+00:00,e9e2f6b7b91dc21ac705950c1afd3e60bf15134af17baf61ca25171bc138e9f7,146789,"Wed, 11 Mar 2020 12:17:33 GMT",application/vnd.openxmlformats-officedocument.spreadsheetml.sheet,200,EFO tables: March 2020 Economic and fiscal outlook – charts and tables: Annex B; 1 captures of this URL
raw/web/obr_uk_frs_fiscal-risks-and-sustainability-july-2022.html,https://obr.uk/frs/fiscal-risks-and-sustainability-july-2022/,wayback,https://web.archive.org/web/20260609183559id_/https://obr.uk/frs/fiscal-risks-and-sustainability-july-2022/,2026-06-09T18:35:59+00:00,2026-09-26T19:55:22+00:00,99ef1453c0ecbe05bfe5ff81adbe03b2a72970cc27d2b0cc3cf3a3eacbc883be,118924,,text/html,200,75 captures of this URL
,https://obr.uk/download/march-2021-economic-and-fiscal-outlook-charts-and-tables-chapter-2/,wayback,https://web.archive.org/web/20220127164809id_/https://obr.uk/download/march-2021-economic-and-fiscal-outlook-charts-and-tables-chapter-2/,2022-01-27T16:48:09+00:00,2026-09-26T19:55:23+00:00,bbba0790676ea836bfa49572a969c2cc81aa8dc3480e9dc8ecc287f133108f8f,1048576,,application/vnd.openxmlformats-officedocument.spreadsheetml.sheet,invalid,EFO tables: March 2021 Economic and fiscal outlook – charts and tables: Chapter 2; 8 captures of this URL; INVALID (BadZipFile: File is not a zip file); was stored as raw/documents/obr/efo_tables/March_2021/march-2021-economic-and-fiscal-outlook-charts-and-tables-chapter-2
raw/web/obr_uk_frs_fiscal-risks-report-july-2021.html,https://obr.uk/frs/fiscal-risks-report-july-2021/,wayback,https://web.archive.org/web/20260721141659id_/https://obr.uk/frs/fiscal-risks-report-july-2021/,2026-07-21T14:16:59+00:00,2026-09-26T19:55:27+00:00,209bc8227982be0ad1ee3ffe69d38a02d91d04e2f0433ffd3fb8d6a93fad9a32,122064,"Wed, 29 Jun 2022 21:23:45 GMT",text/html,200,40 captures of this URL
,https://obr.uk/download/march-2021-economic-and-fiscal-outlook-charts-and-tables-chapter-3/,wayback,https://web.archive.org/web/20220127171356id_/https://obr.uk/download/march-2021-economic-and-fiscal-outlook-charts-and-tables-chapter-3/,2022-01-27T17:13:56+00:00,2026-09-26T19:55:28+00:00,b3804249f38b5aff04e1848128fbf4ab61d6d802c0b76b2478bcc867bd8d31a8,1048576,,application/vnd.openxmlformats-officedocument.spreadsheetml.sheet,invalid,EFO tables: March 2021 Economic and fiscal outlook – charts and tables: Chapter 3; 8 captures of this URL; INVALID (BadZipFile: File is not a zip file); was stored as raw/documents/obr/efo_tables/March_2021/march-2021-economic-and-fiscal-outlook-charts-and-tables-chapter-3
raw/documents/obr/efo_tables/March_2021/march-2021-economic-and-fiscal-outlook-charts-and-tables-chapter-4,https://obr.uk/download/march-2021-economic-and-fiscal-outlook-charts-and-tables-chapter-4/,wayback,https://web.archive.org/web/20220127173804id_/https://obr.uk/download/march-2021-economic-and-fiscal-outlook-charts-and-tables-chapter-4/,2022-01-27T17:38:04+00:00,2026-09-26T19:55:33+00:00,d0cf052f214da97a2ea55db5148e27da5613fad2bafc180ed1af33c917f99037,468787,,application/vnd.openxmlformats-officedocument.spreadsheetml.sheet,200,EFO tables: March 2021 Economic and fiscal outlook – charts and tables: Chapter 4; 4 captures of this URL
raw/web/obr_uk_frs_fiscal-sustainability-report-july-2020.html,https://obr.uk/frs/fiscal-sustainability-report-july-2020/,wayback,https://web.archive.org/web/20251107215500id_/https://obr.uk/frs/fiscal-sustainability-report-july-2020/,2025-11-07T21:55:00+00:00,2026-09-26T19:55:33+00:00,31f0d83e41ba473f02826a573b3d82a2ae07c5cb3fb24142c1ad525a5ac85a0d,107799,,text/html,200,13 captures of this URL
raw/documents/obr/efo_tables/March_2021/march-2021-economic-and-fiscal-outlook-charts-and-tables-annex-a,https://obr.uk/download/march-2021-economic-and-fiscal-outlook-charts-and-tables-annex-a/,wayback,https://web.archive.org/web/20220127173732id_/https://obr.uk/download/march-2021-economic-and-fiscal-outlook-charts-and-tables-annex-a/,2022-01-27T17:37:32+00:00,2026-09-26T19:55:39+00:00,732999ad717862ff11070b1f2902949c7a194206ea738087b34a895461fec9ac,647897,,application/vnd.openxmlformats-officedocument.spreadsheetml.sheet,200,EFO tables: March 2021 Economic and fiscal outlook – charts and tables: Annex A; 4 captures of this URL
raw/web/obr_uk_frs_fiscal-risks-report-july-2019.html,https://obr.uk/frs/fiscal-risks-report-july-2019/,wayback,https://web.archive.org/web/20260311012028id_/https://obr.uk/frs/fiscal-risks-report-july-2019/,2026-03-11T01:20:28+00:00,2026-09-26T19:55:44+00:00,f438cb3343e035c8aa4d6229586a681d350d7db5c0fd835afa0e170f6dc161f8,112308,,text/html,200,12 captures of this URL
raw/documents/obr/efo_tables/March_2021/march-2021-economic-and-fiscal-outlook-charts-and-tables-annex-b,https://obr.uk/download/march-2021-economic-and-fiscal-outlook-charts-and-tables-annex-b/,wayback,https://web.archive.org/web/20220127182139id_/https://obr.uk/download/march-2021-economic-and-fiscal-outlook-charts-and-tables-annex-b/,2022-01-27T18:21:39+00:00,2026-09-26T19:55:45+00:00,fa7abca802f53caf906c545d0c789030654313ace8e4ce97b4479757af6f1f59,33468,,application/vnd.openxmlformats-officedocument.spreadsheetml.sheet,200,EFO tables: March 2021 Economic and fiscal outlook – charts and tables: Annex B; 4 captures of this URL
raw/web/obr_uk_frs_fiscal-sustainability-report-july-2018.html,https://obr.uk/frs/fiscal-sustainability-report-july-2018/,wayback,https://web.archive.org/web/20260213073338id_/https://obr.uk/frs/fiscal-sustainability-report-july-2018/,2026-02-13T07:33:38+00:00,2026-09-26T19:55:50+00:00,93e0db4673270ca6c7e9f78a146236fe3698a0bc340d0d00c7de2751abc2f5be,107841,,text/html,200,16 captures of this URL
raw/documents/obr/efo_tables/March_2022/Chapter_2_charts_and_tables_March_2022.xlsx,https://obr.uk/download/march-2022-economic-and-fiscal-outlook-charts-and-tables-chapter-2/,wayback,https://web.archive.org/web/20220323220757id_/https://obr.uk/docs/dlm_uploads/Chapter_2_charts_and_tables_March_2022.xlsx,2022-03-23T22:07:57+00:00,2026-09-26T19:55:52+00:00,19123256c12216b7ca0a5e91ecbd81dc83086c1cf9a4c6361a2b6f41cf3f6682,1747481,"Wed, 23 Mar 2022 11:51:14 GMT",application/vnd.openxmlformats-officedocument.spreadsheetml.sheet,200,EFO tables: March 2022 Economic and fiscal outlook – charts and tables: Chapter 2; 1 captures of this URL
raw/web/obr_uk_frs_fiscal-risk-report-july-2017.html,https://obr.uk/frs/fiscal-risk-report-july-2017/,wayback,https://web.archive.org/web/20251026165614id_/https://obr.uk/frs/fiscal-risk-report-july-2017/,2025-10-26T16:56:14+00:00,2026-09-26T19:55:56+00:00,8b3e51c407708da3e65eb33765ce8e271577b5aeefd94c534eee0daa3346bf0c,97711,,text/html,200,14 captures of this URL
raw/documents/obr/efo_tables/March_2022/Chapter_3_charts_and_tables_March_2022.xlsx,https://obr.uk/download/march-2022-economic-and-fiscal-outlook-charts-and-tables-chapter-3/,wayback,https://web.archive.org/web/20220323220802id_/https://obr.uk/docs/dlm_uploads/Chapter_3_charts_and_tables_March_2022.xlsx,2022-03-23T22:08:02+00:00,2026-09-26T19:56:02+00:00,773a6be12e8322f8bf7f266c0d4dca6c0e34d17f045b8f2bc5965828cc78fe73,815987,"Wed, 23 Mar 2022 11:51:55 GMT",application/vnd.openxmlformats-officedocument.spreadsheetml.sheet,200,EFO tables: March 2022 Economic and fiscal outlook – charts and tables: Chapter 3; 2 captures of this URL
raw/web/obr_uk_frs_fiscal-sustainability-report-january-2017.html,https://obr.uk/frs/fiscal-sustainability-report-january-2017/,wayback,https://web.archive.org/web/20251102204528id_/https://obr.uk/frs/fiscal-sustainability-report-january-2017/,2025-11-02T20:45:28+00:00,2026-09-26T19:56:03+00:00,937adb79235201c71e29f706268051760c53edcdaaccf40cb57c6f5024ad0d7c,96927,,text/html,200,10 captures of this URL
raw/web/obr_uk_frs_fiscal-risks-report-october-2016.html,https://obr.uk/frs/fiscal-risks-report-october-2016/,wayback,https://web.archive.org/web/20240614033411id_/https://obr.uk/frs/fiscal-risks-report-october-2016/,2024-06-14T03:34:11+00:00,2026-09-26T19:56:09+00:00,699f5623801ac20d72e380c6f538133db4bb68122410d2831c5c2d358a54df94,83073,,text/html,200,6 captures of this URL
raw/documents/obr/efo_tables/March_2022/Chapter_4_charts_and_tables_March_2022.xlsx,https://obr.uk/download/march-2022-economic-and-fiscal-outlook-charts-and-tables-chapter-4/,wayback,https://web.archive.org/web/20251201180302id_/https://obr.uk/docs/dlm_uploads/Chapter_4_charts_and_tables_March_2022.xlsx,2025-12-01T18:03:02+00:00,2026-09-26T19:56:09+00:00,c9e87e91b2dccd38233e084233d320d3a8836aacdf9db1fe0705149259fcd1d4,656458,"Wed, 23 Mar 2022 11:52:37 GMT",application/vnd.openxmlformats-officedocument.spreadsheetml.sheet,200,EFO tables: March 2022 Economic and fiscal outlook – charts and tables: Chapter 4; 2 captures of this URL
raw/documents/obr/efo_tables/March_2022/Annex_A_charts_and_tables_March_2022.xlsx,https://obr.uk/download/march-2022-economic-and-fiscal-outlook-charts-and-tables-annex-a/,wayback,https://web.archive.org/web/20220323220812id_/https://obr.uk/docs/dlm_uploads/Annex_A_charts_and_tables_March_2022.xlsx,2022-03-23T22:08:12+00:00,2026-09-26T19:56:15+00:00,4b0701c46b4e3f19b9cb7dcd488c5752c6be6aebd8434a2de17943ed54a68fb8,693063,"Wed, 23 Mar 2022 11:53:14 GMT",application/vnd.openxmlformats-officedocument.spreadsheetml.sheet,200,EFO tables: March 2022 Economic and fiscal outlook – charts and tables: Annex A; 1 captures of this URL
raw/web/obr_uk_frs_fiscal-sustainability-analytical-papers-july-2016.html,https://obr.uk/frs/fiscal-sustainability-analytical-papers-july-2016/,wayback,https://web.archive.org/web/20251105031746id_/https://obr.uk/frs/fiscal-sustainability-analytical-papers-july-2016/,2025-11-05T03:17:46+00:00,2026-09-26T19:56:16+00:00,bff5f5a6bfa91ac1f693de51d4507a349858360f240b4993acde25bc398d5583,98033,,text/html,200,9 captures of this URL
raw/documents/obr/efo_tables/March_2022/Annex_B_charts_and_tables_March_2022.xlsx,https://obr.uk/download/march-2022-economic-and-fiscal-outlook-charts-and-tables-annex-b/,wayback,https://web.archive.org/web/20251210132349id_/https://obr.uk/docs/dlm_uploads/Annex_B_charts_and_tables_March_2022.xlsx,2025-12-10T13:23:49+00:00,2026-09-26T19:56:20+00:00,6ff21cadbc0aa110dfeb81c07e174c34baa50d678cf3ae673949654c143d8981,155524,"Wed, 23 Mar 2022 11:53:46 GMT",application/vnd.openxmlformats-officedocument.spreadsheetml.sheet,200,EFO tables: March 2022 Economic and fiscal outlook – charts and tables: Annex B; 2 captures of this URL
raw/web/obr_uk_frs_fiscal-sustainability-report-june-2015.html,https://obr.uk/frs/fiscal-sustainability-report-june-2015/,wayback,https://web.archive.org/web/20250617131606id_/https://obr.uk/frs/fiscal-sustainability-report-june-2015/,2025-06-17T13:16:06+00:00,2026-09-26T19:56:21+00:00,3a6596a4b3f1547248c7dc612f5d20adc3bb551f203ae59e14f05765fe30f3ba,104664,,text/html,200,15 captures of this URL
raw/documents/obr/efo_tables/March_2022/Annex_C_charts_and_tables_March_2022.xlsx,https://obr.uk/download/march-2022-economic-and-fiscal-outlook-charts-and-tables-annex-c/,wayback,https://web.archive.org/web/20220323220804id_/https://obr.uk/docs/dlm_uploads/Annex_C_charts_and_tables_March_2022.xlsx,2022-03-23T22:08:04+00:00,2026-09-26T19:56:27+00:00,a8326c9f91b6e33f4baf0918043a92ead3e7f7083fb0a74b035be504d50afc1e,240390,"Wed, 23 Mar 2022 11:54:21 GMT",application/vnd.openxmlformats-officedocument.spreadsheetml.sheet,200,EFO tables: March 2022 Economic and fiscal outlook – charts and tables: Annex C; 1 captures of this URL
raw/web/obr_uk_frs_fiscal-sustainability-report-july-2014.html,https://obr.uk/frs/fiscal-sustainability-report-july-2014/,wayback,https://web.archive.org/web/20251102202516id_/https://obr.uk/frs/fiscal-sustainability-report-july-2014/,2025-11-02T20:25:16+00:00,2026-09-26T19:56:27+00:00,cb4b9af996456854bfce90445a3cf8920e216ca718817503afdeb269cc4c09a6,108717,,text/html,200,12 captures of this URL
raw/web/obr_uk_frs_fiscal-sustainability-report-july-2013.html,https://obr.uk/frs/fiscal-sustainability-report-july-2013/,wayback,https://web.archive.org/web/20260513190134id_/https://obr.uk/frs/fiscal-sustainability-report-july-2013/,2026-05-13T19:01:34+00:00,2026-09-26T19:56:33+00:00,c6f0466853363ebe69d5abb1277868ac61c1f2f2b4817a5dedc61fc17f43caff,104071,,text/html,200,15 captures of this URL
,https://obr.uk/download/march-2023-economic-and-fiscal-outlook-charts-and-tables-chapter-2/,wayback,https://web.archive.org/web/20230608020536id_/https://obr.uk/docs/dlm_uploads/Chapter_2_charts_and_tables_March_2023.xlsx,2023-06-08T02:05:36+00:00,2026-09-26T19:56:36+00:00,cd0112490212d4584bfe18a1242bb1e7318b892a684e2a9760e159ffeb64a37c,1048576,"Fri, 17 Mar 2023 16:04:55 GMT",application/vnd.openxmlformats-officedocument.spreadsheetml.sheet,invalid,EFO tables: March 2023 Economic and fiscal outlook – charts and tables: Chapter 2; 4 captures of this URL; INVALID (BadZipFile: File is not a zip file); was stored as raw/documents/obr/efo_tables/March_2023/Chapter_2_charts_and_tables_March_2023.xlsx
raw/web/obr_uk_frs_fiscal-sustainability-report-july-2012.html,https://obr.uk/frs/fiscal-sustainability-report-july-2012/,wayback,https://web.archive.org/web/20250514023155id_/https://obr.uk/frs/fiscal-sustainability-report-july-2012/,2025-05-14T02:31:55+00:00,2026-09-26T19:56:40+00:00,48f770fee212864f701145564b30c76a16440936e884b09d0eed0d9268766122,105323,,text/html,200,10 captures of this URL
raw/documents/obr/efo_tables/March_2023/Chapter_3_charts_and_tables_March_2023-1.xlsx,https://obr.uk/download/march-2023-economic-and-fiscal-outlook-charts-and-tables-chapter-3/,wayback,https://web.archive.org/web/20251126194140id_/https://obr.uk/docs/dlm_uploads/Chapter_3_charts_and_tables_March_2023-1.xlsx,2025-11-26T19:41:40+00:00,2026-09-26T19:56:44+00:00,bbd93969eb77460be10dd5cee5d0442f3484002b222940a1e986a4135abc2fcd,794481,"Wed, 15 Mar 2023 12:02:57 GMT",application/vnd.openxmlformats-officedocument.spreadsheetml.sheet,200,EFO tables: March 2023 Economic and fiscal outlook – charts and tables: Chapter 3; 6 captures of this URL
raw/web/obr_uk_frs_fiscal-sustainability-report-july-2011.html,https://obr.uk/frs/fiscal-sustainability-report-july-2011/,wayback,https://web.archive.org/web/20251130014152id_/https://obr.uk/frs/fiscal-sustainability-report-july-2011/,2025-11-30T01:41:52+00:00,2026-09-26T19:56:46+00:00,c7e73e5c3735f2e91e200e4d4017f2d85a6e46822e78fa11a41325dbf9630105,112525,,text/html,200,9 captures of this URL
raw/documents/obr/efo_tables/March_2023/Chapter_4_charts_and_tables_March_2023.xlsx,https://obr.uk/download/march-2023-economic-and-fiscal-outlook-charts-and-tables-chapter-4/,wayback,https://web.archive.org/web/20251009080605id_/https://obr.uk/docs/dlm_uploads/Chapter_4_charts_and_tables_March_2023.xlsx,2025-10-09T08:06:05+00:00,2026-09-26T19:56:54+00:00,6d518efd43807fd1fb76dfabfbe613f268ff17bff2aeedfa656dd2e4131ba43c,2756298,"Fri, 14 Apr 2023 13:33:38 GMT",application/vnd.openxmlformats-officedocument.spreadsheetml.sheet,200,EFO tables: March 2023 Economic and fiscal outlook – charts and tables: Chapter 4; 6 captures of this URL
,https://obr.uk/download/march-2023-economic-and-fiscal-outlook-charts-and-tables-chapter-5/,wayback,https://web.archive.org/web/20230608012059id_/https://obr.uk/docs/dlm_uploads/Chapter_5_charts_and_tables_March_2023.xlsx,2023-06-08T01:20:59+00:00,2026-09-26T19:57:01+00:00,1cecb372b23f83947fa7b4eb179353b9e820c2f60a47ef5fcf1b6b07191dc9f9,1048576,"Wed, 15 Mar 2023 11:57:03 GMT",application/vnd.openxmlformats-officedocument.spreadsheetml.sheet,invalid,EFO tables: March 2023 Economic and fiscal outlook – charts and tables: Chapter 5; 3 captures of this URL; INVALID (BadZipFile: File is not a zip file); was stored as raw/documents/obr/efo_tables/March_2023/Chapter_5_charts_and_tables_March_2023.xlsx
raw/documents/obr/efo_tables/March_2023/Annex_A_charts_and_tables_March_2023.xlsx,https://obr.uk/download/march-2023-economic-and-fiscal-outlook-charts-and-tables-annex-a/,wayback,https://web.archive.org/web/20230808174225id_/https://obr.uk/docs/dlm_uploads/Annex_A_charts_and_tables_March_2023.xlsx,2023-08-08T17:42:25+00:00,2026-09-26T19:57:20+00:00,119eb02f930791f7a05e9beb9287855a3159324abc1b15d52f1eac0674010fdb,3215933,"Tue, 18 Apr 2023 15:32:26 GMT",application/vnd.openxmlformats-officedocument.spreadsheetml.sheet,200,EFO tables: March 2023 Economic and fiscal outlook – charts and tables: Annex A; 5 captures of this URL
raw/documents/obr/efo_tables/March_2023/Annex_B_charts_and_tables_March_2023.xlsx,https://obr.uk/download/march-2023-economic-and-fiscal-outlook-charts-and-tables-annex-b/,wayback,https://web.archive.org/web/20230315145420id_/https://obr.uk/docs/dlm_uploads/Annex_B_charts_and_tables_March_2023.xlsx,2023-03-15T14:54:20+00:00,2026-09-26T19:57:27+00:00,c77114f471b419db378f0026ff7e80bc0da9aded47a4fa07331d1425aae6c00b,645629,"Wed, 15 Mar 2023 11:57:59 GMT",application/vnd.openxmlformats-officedocument.spreadsheetml.sheet,200,EFO tables: March 2023 Economic and fiscal outlook – charts and tables: Annex B; 4 captures of this URL
raw/documents/obr/efo_tables/March_2024/Chapter_2_charts_and_tables_March_2024.xlsx,https://obr.uk/download/march-2024-economic-and-fiscal-outlook-charts-and-tables-chapter-2/,wayback,https://web.archive.org/web/20260213134422id_/https://obr.uk/docs/dlm_uploads/Chapter_2_charts_and_tables_March_2024.xlsx,2026-02-13T13:44:22+00:00,2026-09-26T19:57:37+00:00,81fa8825574255a930790dc48c34524b8dbd692287e27c3c16a348e6f31f6b2f,3555885,"Thu, 07 Mar 2024 11:59:00 GMT",application/vnd.openxmlformats-officedocument.spreadsheetml.sheet,200,EFO tables: March 2024 Economic and fiscal outlook – charts and tables: Chapter 2; 8 captures of this URL
raw/documents/obr/efo_tables/March_2024/Chapter_3_charts_and_tables_March_2024.xlsx,https://obr.uk/download/march-2024-economic-and-fiscal-outlook-charts-and-tables-chapter-3/,wayback,https://web.archive.org/web/20260214044000id_/https://obr.uk/docs/dlm_uploads/Chapter_3_charts_and_tables_March_2024.xlsx,2026-02-14T04:40:00+00:00,2026-09-26T19:57:44+00:00,1178f902b750e3acfbce54baaa3a3b2441e0d5c8bd7cfb79defebd23af03dd86,3107196,"Wed, 06 Mar 2024 11:13:12 GMT",application/vnd.openxmlformats-officedocument.spreadsheetml.sheet,200,EFO tables: March 2024 Economic and fiscal outlook – charts and tables: Chapter 3; 2 captures of this URL
raw/documents/obr/efo_tables/March_2024/Chapter_4_charts_and_tables_March_2024.xlsx,https://obr.uk/download/march-2024-economic-and-fiscal-outlook-charts-and-tables-chapter-4/,wayback,https://web.archive.org/web/20240306134030id_/https://obr.uk/docs/dlm_uploads/Chapter_4_charts_and_tables_March_2024.xlsx,2024-03-06T13:40:30+00:00,2026-09-26T19:57:51+00:00,4bcf011bbe97767a88e9ab78997701448741a7c7fed6080f2a5e613a8a209163,896183,"Wed, 06 Mar 2024 11:12:26 GMT",application/vnd.openxmlformats-officedocument.spreadsheetml.sheet,200,EFO tables: March 2024 Economic and fiscal outlook – charts and tables: Chapter 4; 4 captures of this URL
,https://obr.uk/download/economic-and-fiscal-outlook-charts-and-tables-december-2014/,wayback,,,2026-09-26T20:00:15+00:00,,,,,404,no Wayback capture
,https://obr.uk/download/economic-and-fiscal-outlook-charts-and-tables-july-2015/,wayback,,,2026-09-26T20:00:28+00:00,,,,,404,no Wayback capture
,https://obr.uk/download/march-2011-economic-and-fiscal-outlook-charts-and-tables/,wayback,,,2026-09-26T20:00:52+00:00,,,,,404,no Wayback capture
,https://obr.uk/download/economic-and-fiscal-outlook-charts-and-tables-march-2013-3/,wayback,,,2026-09-26T20:00:57+00:00,,,,,404,no Wayback capture
,https://obr.uk/download/economic-and-fiscal-outlook-charts-and-tables-march-2015/,wayback,,,2026-09-26T20:01:05+00:00,,,,,404,no Wayback capture
,https://obr.uk/download/march-2017-economic-and-fiscal-outlook-charts-and-tables-economy/,wayback,https://web.archive.org/web/20211201191624id_/https://obr.uk/download/march-2017-economic-and-fiscal-outlook-charts-and-tables-economy/,2021-12-01T19:16:24+00:00,2026-09-26T20:01:29+00:00,7b7b264d163a4440e973bacc5faf96e724722b667228112092b1f865ad199590,1048576,,,invalid,capture rejected: BadZipFile: File is not a zip file
raw/documents/obr/efo_tables/March_2017/March-2017-EFO-charts-and-tables-economy-1.xlsx,https://obr.uk/download/march-2017-economic-and-fiscal-outlook-charts-and-tables-economy/,wayback,https://web.archive.org/web/20251125145722id_/https://obr.uk/docs/dlm_uploads/March-2017-EFO-charts-and-tables-economy-1.xlsx,2025-11-25T14:57:22+00:00,2026-09-26T20:03:43+00:00,7ee349d3f8dc1d94791c764240c4bbe467194c3966bc0318d294463ebcb1e4d3,1835706,"Mon, 18 Jan 2021 11:55:25 GMT",application/vnd.openxmlformats-officedocument.spreadsheetml.sheet,200,EFO tables: March 2017 Economic and fiscal outlook – charts and tables: economy; 2 distinct captures of this URL
,https://obr.uk/download/march-2021-economic-and-fiscal-outlook-charts-and-tables-chapter-2/,wayback,https://web.archive.org/web/20220127164809id_/https://obr.uk/download/march-2021-economic-and-fiscal-outlook-charts-and-tables-chapter-2/,2022-01-27T16:48:09+00:00,2026-09-26T20:04:23+00:00,bbba0790676ea836bfa49572a969c2cc81aa8dc3480e9dc8ecc287f133108f8f,1048576,,,invalid,capture rejected: BadZipFile: File is not a zip file
raw/documents/obr/efo_tables/March_2021/march-2021-economic-and-fiscal-outlook-charts-and-tables-chapter-2.xlsx,https://obr.uk/download/march-2021-economic-and-fiscal-outlook-charts-and-tables-chapter-2/,wayback,https://web.archive.org/web/20220120165118id_/https://obr.uk/download/march-2021-economic-and-fiscal-outlook-charts-and-tables-chapter-2/,2022-01-20T16:51:18+00:00,2026-09-26T20:04:27+00:00,f1d0820aa6c6e82c9931a96f5ff93cc247ebbe704e7482913057f804b1a45317,1511942,,application/vnd.openxmlformats-officedocument.spreadsheetml.sheet,200,EFO tables: March 2021 Economic and fiscal outlook – charts and tables: Chapter 2; 4 distinct captures of this URL
,https://obr.uk/download/march-2021-economic-and-fiscal-outlook-charts-and-tables-chapter-3/,wayback,https://web.archive.org/web/20220127171356id_/https://obr.uk/download/march-2021-economic-and-fiscal-outlook-charts-and-tables-chapter-3/,2022-01-27T17:13:56+00:00,2026-09-26T20:04:32+00:00,b3804249f38b5aff04e1848128fbf4ab61d6d802c0b76b2478bcc867bd8d31a8,1048576,,,invalid,capture rejected: BadZipFile: File is not a zip file
raw/documents/obr/efo_tables/March_2021/march-2021-economic-and-fiscal-outlook-charts-and-tables-chapter-3.xlsx,https://obr.uk/download/march-2021-economic-and-fiscal-outlook-charts-and-tables-chapter-3/,wayback,https://web.archive.org/web/20210818213938id_/https://obr.uk/download/march-2021-economic-and-fiscal-outlook-charts-and-tables-chapter-3/,2021-08-18T21:39:38+00:00,2026-09-26T20:04:40+00:00,048a38f7d3b68e0b475417f2f5d213119ec49c666ef117e425b448d3932da33e,1455358,,application/vnd.openxmlformats-officedocument.spreadsheetml.sheet,200,EFO tables: March 2021 Economic and fiscal outlook – charts and tables: Chapter 3; 3 distinct captures of this URL
,https://obr.uk/download/march-2023-economic-and-fiscal-outlook-charts-and-tables-chapter-2/,wayback,https://web.archive.org/web/20230608020536id_/https://obr.uk/docs/dlm_uploads/Chapter_2_charts_and_tables_March_2023.xlsx,2023-06-08T02:05:36+00:00,2026-09-26T20:04:56+00:00,cd0112490212d4584bfe18a1242bb1e7318b892a684e2a9760e159ffeb64a37c,1048576,,,invalid,capture rejected: BadZipFile: File is not a zip file
,https://obr.uk/download/march-2023-economic-and-fiscal-outlook-charts-and-tables-chapter-5/,wayback,https://web.archive.org/web/20230608012059id_/https://obr.uk/docs/dlm_uploads/Chapter_5_charts_and_tables_March_2023.xlsx,2023-06-08T01:20:59+00:00,2026-09-26T20:05:11+00:00,1cecb372b23f83947fa7b4eb179353b9e820c2f60a47ef5fcf1b6b07191dc9f9,1048576,,,invalid,capture rejected: BadZipFile: File is not a zip file
raw/documents/obr/efo_tables/March_2024/Chapter_5_charts_and_tables_March_2024.xlsx,https://obr.uk/download/march-2024-economic-and-fiscal-outlook-charts-and-tables-chapter-5/,wayback,https://web.archive.org/web/20260218223432id_/https://obr.uk/docs/dlm_uploads/Chapter_5_charts_and_tables_March_2024.xlsx,2026-02-18T22:34:32+00:00,2026-09-26T20:05:20+00:00,b38db3496b10c29b18d7aaba328ea2fd0561f559fbdbeb8c1ce949a1733fe0b1,286111,"Wed, 06 Mar 2024 11:11:48 GMT",application/vnd.openxmlformats-officedocument.spreadsheetml.sheet,200,EFO tables: March 2024 Economic and fiscal outlook – charts and tables: Chapter 5; 2 distinct captures of this URL
raw/documents/obr/efo_tables/March_2024/Annex_A_charts_and_tables_March_2024.xlsx,https://obr.uk/download/march-2024-economic-and-fiscal-outlook-charts-and-tables-annex-a/,wayback,https://web.archive.org/web/20260213135625id_/https://obr.uk/docs/dlm_uploads/Annex_A_charts_and_tables_March_2024.xlsx,2026-02-13T13:56:25+00:00,2026-09-26T20:05:45+00:00,42c6eed4d49f1cb6ff1947bb10282d05799e8b2e2671b427cca137da4cf8d52b,3190875,"Wed, 06 Mar 2024 11:11:16 GMT",application/vnd.openxmlformats-officedocument.spreadsheetml.sheet,200,EFO tables: March 2024 Economic and fiscal outlook – charts and tables: Annex A; 1 distinct captures of this URL
raw/documents/obr/efo_tables/March_2025/Chapter_2_charts_and_tables_March_2025.xlsx,https://obr.uk/download/march-2025-economic-and-fiscal-outlook-charts-and-tables-chapter-2/,wayback,https://web.archive.org/web/20250524011548id_/https://obr.uk/docs/dlm_uploads/Chapter_2_charts_and_tables_March_2025.xlsx,2025-05-24T01:15:48+00:00,2026-09-26T20:06:02+00:00,69f2855f385e34e2789ab9dd304b1dab5211b82a77236b58e67ef678d847b934,967442,"Wed, 26 Mar 2025 10:01:02 GMT",application/vnd.openxmlformats-officedocument.spreadsheetml.sheet,200,EFO tables: March 2025 Economic and fiscal outlook – charts and tables: Chapter 2; 1 distinct captures of this URL
raw/documents/obr/efo_tables/March_2025/Chapter_3_charts_and_tables_March_2025.xlsx,https://obr.uk/download/march-2025-economic-and-fiscal-outlook-charts-and-tables-chapter-3/,wayback,https://web.archive.org/web/20260402233820id_/https://obr.uk/docs/dlm_uploads/Chapter_3_charts_and_tables_March_2025.xlsx,2026-04-02T23:38:20+00:00,2026-09-26T20:06:12+00:00,67fd53a37f118f8c927db2f96f1270f59c580e7f1fa451489e02765e81074b8f,484907,"Wed, 26 Mar 2025 10:14:08 GMT",application/vnd.openxmlformats-officedocument.spreadsheetml.sheet,200,EFO tables: March 2025 Economic and fiscal outlook – charts and tables: Chapter 3; 2 distinct captures of this URL
raw/documents/obr/efo_tables/March_2025/Chapter_4_charts_and_tables_March_2025.xlsx,https://obr.uk/download/march-2025-economic-and-fiscal-outlook-charts-and-tables-chapter-4/,wayback,https://web.archive.org/web/20250521220513id_/https://obr.uk/docs/dlm_uploads/Chapter_4_charts_and_tables_March_2025.xlsx,2025-05-21T22:05:13+00:00,2026-09-26T20:06:21+00:00,91d478086e924099a85ec1a09ffc9af2a558dd80da30d04df3e3044598a9ae3e,305125,"Wed, 26 Mar 2025 10:14:41 GMT",application/vnd.openxmlformats-officedocument.spreadsheetml.sheet,200,EFO tables: March 2025 Economic and fiscal outlook – charts and tables: Chapter 4; 1 distinct captures of this URL
raw/documents/obr/efo_tables/March_2025/Chapter_5_charts_and_tables_March_2025.xlsx,https://obr.uk/download/march-2025-economic-and-fiscal-outlook-charts-and-tables-chapter-5/,wayback,https://web.archive.org/web/20250326150227id_/https://obr.uk/docs/dlm_uploads/Chapter_5_charts_and_tables_March_2025.xlsx,2025-03-26T15:02:27+00:00,2026-09-26T20:06:40+00:00,22a1ce6e96123cf2a9a5d077bde36145dcf75c4d127056c2dcfdb6b43a7a30c9,737678,"Wed, 26 Mar 2025 10:15:16 GMT",application/vnd.openxmlformats-officedocument.spreadsheetml.sheet,200,EFO tables: March 2025 Economic and fiscal outlook – charts and tables: Chapter 5; 1 distinct captures of this URL
raw/documents/obr/efo_tables/March_2025/Chapter_6_charts_and_tables_March_2025.xlsx,https://obr.uk/download/march-2025-economic-and-fiscal-outlook-charts-and-tables-chapter-6/,wayback,https://web.archive.org/web/20250522014402id_/https://obr.uk/docs/dlm_uploads/Chapter_6_charts_and_tables_March_2025.xlsx,2025-05-22T01:44:02+00:00,2026-09-26T20:06:55+00:00,9a4e5c41b01477f608e10d253b0b12200d708068a0a068eb82d9f92cb36a3aa9,670174,"Wed, 26 Mar 2025 10:16:54 GMT",application/vnd.openxmlformats-officedocument.spreadsheetml.sheet,200,EFO tables: March 2025 Economic and fiscal outlook – charts and tables: Chapter 6; 1 distinct captures of this URL
raw/documents/obr/efo_tables/March_2025/Chapter_7_charts_and_tables_March_2025.xlsx,https://obr.uk/download/march-2025-economic-and-fiscal-outlook-charts-and-tables-chapter-7/,wayback,https://web.archive.org/web/20250326151617id_/https://obr.uk/docs/dlm_uploads/Chapter_7_charts_and_tables_March_2025.xlsx,2025-03-26T15:16:17+00:00,2026-09-26T20:07:04+00:00,496ccef05af83fcfde9a7d8587e9fc57a42d49907141e8a9b8fe49d862240833,572901,"Wed, 26 Mar 2025 10:15:51 GMT",application/vnd.openxmlformats-officedocument.spreadsheetml.sheet,200,EFO tables: March 2025 Economic and fiscal outlook – charts and tables: Chapter 7; 1 distinct captures of this URL
raw/documents/obr/efo_tables/March_2025/Annex_A_charts_and_tables_March_2025.xlsx,https://obr.uk/download/march-2025-economic-and-fiscal-outlook-charts-and-tables-annex-a/,wayback,https://web.archive.org/web/20250326153307id_/https://obr.uk/docs/dlm_uploads/Annex_A_charts_and_tables_March_2025.xlsx,2025-03-26T15:33:07+00:00,2026-09-26T20:07:09+00:00,778b960251eb8ea9afc4f6cb6de0c288f194fa9e30cc5e02f9549f812944b71c,123329,"Wed, 26 Mar 2025 10:12:12 GMT",application/vnd.openxmlformats-officedocument.spreadsheetml.sheet,200,EFO tables: March 2025 Economic and fiscal outlook – charts and tables: Annex A; 1 distinct captures of this URL
raw/documents/obr/efo_tables/March_2026/efo-march-2026-charts-and-tables-chapter-2.xlsx,https://obr.uk/download/march-2026-economic-and-fiscal-outlook-charts-and-tables-chapter-2/,wayback,https://web.archive.org/web/20260316163140id_/https://obr.uk/docs/d055fbf02d5b3g6jq8l2/efo-march-2026-charts-and-tables-chapter-2.xlsx,2026-03-16T16:31:40+00:00,2026-09-26T20:07:20+00:00,d1ba09340a85c2a4034edd3a60a18354befe3f88cb2fa588d011d5817a7b8734,1161555,"Tue, 03 Mar 2026 13:37:07 GMT",application/vnd.openxmlformats-officedocument.spreadsheetml.sheet,200,EFO tables: March 2026 Economic and fiscal outlook – charts and tables: Chapter 2; 1 distinct captures of this URL
raw/documents/obr/efo_tables/March_2026/efo-march-2026-charts-and-tables-chapter-3.xlsx,https://obr.uk/download/march-2026-economic-and-fiscal-outlook-charts-and-tables-chapter-3/,wayback,https://web.archive.org/web/20260316163315id_/https://obr.uk/docs/d055fbf02d5b3g6jq8l2/efo-march-2026-charts-and-tables-chapter-3.xlsx,2026-03-16T16:33:15+00:00,2026-09-26T20:07:39+00:00,c3f923ae8f68e523f7addc0916f5f2767f3e422cc67943799cd75588dc7fc7b6,241933,"Tue, 03 Mar 2026 13:37:07 GMT",application/vnd.openxmlformats-officedocument.spreadsheetml.sheet,200,EFO tables: March 2026 Economic and fiscal outlook – charts and tables: Chapter 3; 1 distinct captures of this URL
raw/documents/obr/efo_tables/March_2026/efo-march-2026-charts-and-tables-chapter-4.xlsx,https://obr.uk/download/march-2026-economic-and-fiscal-outlook-charts-and-tables-chapter-4/,wayback,https://web.archive.org/web/20260316163140id_/https://obr.uk/docs/d055fbf02d5b3g6jq8l2/efo-march-2026-charts-and-tables-chapter-4.xlsx,2026-03-16T16:31:40+00:00,2026-09-26T20:07:46+00:00,7335ea46c05c8361b2ccf9ae5035d29abeed561172b24fbdd1622522fec8064d,565413,"Tue, 03 Mar 2026 13:37:07 GMT",application/vnd.openxmlformats-officedocument.spreadsheetml.sheet,200,EFO tables: March 2026 Economic and fiscal outlook – charts and tables: Chapter 4; 1 distinct captures of this URL
raw/documents/obr/efo_tables/March_2026/efo-march-2026-charts-and-tables-chapter-5.xlsx,https://obr.uk/download/march-2026-economic-and-fiscal-outlook-charts-and-tables-chapter-5/,wayback,https://web.archive.org/web/20260605025545id_/https://obr.uk/docs/d055fbf02d5b3g6jq8l2/efo-march-2026-charts-and-tables-chapter-5.xlsx,2026-06-05T02:55:45+00:00,2026-09-26T20:07:58+00:00,00f9d505e6288ab3e2233644745c0226c575bd7329658d3670e1ea091fab08ca,568217,"Tue, 03 Mar 2026 13:37:07 GMT",application/vnd.openxmlformats-officedocument.spreadsheetml.sheet,200,EFO tables: March 2026 Economic and fiscal outlook – charts and tables: Chapter 5; 1 distinct captures of this URL
,https://obr.uk/download/march-2026-economic-and-fiscal-outlook-charts-and-tables-chapter-6/,wayback,,,2026-09-26T20:08:00+00:00,,,,,404,no Wayback capture
raw/documents/obr/efo_tables/March_2026/efo-march-2026-charts-and-tables-annex-tables.xlsx,https://obr.uk/download/march-2026-economic-and-fiscal-outlook-charts-and-tables-annex-tables/,wayback,https://web.archive.org/web/20260512224307id_/https://obr.uk/docs/d055fbf02d5b3g6jq8l2/efo-march-2026-charts-and-tables-annex-tables.xlsx,2026-05-12T22:43:07+00:00,2026-09-26T20:08:11+00:00,58a0c59cac93651a477f2c097b0f99b1dbcee417e9b54e0be3c6f92294ba0ad8,117066,"Tue, 03 Mar 2026 13:37:07 GMT",application/vnd.openxmlformats-officedocument.spreadsheetml.sheet,200,EFO tables: March 2026 Economic and fiscal outlook – charts and tables: Annex tables; 2 distinct captures of this URL
raw/documents/obr/efo_tables/November_2010/charts_tables250111.xls,https://obr.uk/download/charts-and-tables-economic-and-fiscal-outlook-november-2010/,wayback,https://web.archive.org/web/20180608080903id_/http://obr.uk/docs/dlm_uploads/charts_tables250111.xls,2018-06-08T08:09:03+00:00,2026-09-26T20:08:24+00:00,f2c4cee84b130a40ac90542460e891af6150ba989a4637e18b5aa573460dd6c0,3598336,"Wed, 20 Jan 2016 13:09:00 GMT",application/vnd.ms-excel,200,EFO tables: Charts and Tables - Economic and fiscal outlook November 2010; 1 distinct captures of this URL
raw/documents/obr/efo_tables/November_2011/Autumn-2011-EFO-Charts-Tables129467.xls,https://obr.uk/download/economic-and-fiscal-outlook-charts-and-tables-november-2011/,wayback,https://web.archive.org/web/20251205161613id_/https://obr.uk/docs/dlm_uploads/Autumn-2011-EFO-Charts-Tables129467.xls,2025-12-05T16:16:13+00:00,2026-09-26T20:08:50+00:00,3292c5ada0fae4aaa6fc04d46c2426995591ec464e201ab9e19106ac44dd4c76,4050432,"Mon, 18 Jan 2021 11:54:38 GMT",application/vnd.ms-excel,200,EFO tables: Economic and fiscal outlook charts and tables- November 2011; 1 distinct captures of this URL
,https://obr.uk/download/economic-and-fiscal-outlook-charts-and-tables-november-2015/,wayback,,,2026-09-26T20:08:53+00:00,,,,,404,no Wayback capture
,https://obr.uk/download/economic-and-fiscal-outlook-charts-and-tables-fiscal-november-2016/,wayback,https://web.archive.org/web/20220127172036id_/https://obr.uk/download/economic-and-fiscal-outlook-charts-and-tables-fiscal-november-2016/,2022-01-27T17:20:36+00:00,2026-09-26T20:09:04+00:00,d6ac0d8f220655fd25ed999af29650e08cccc3462bd61c274d20cc0b32ef1531,1048576,,,invalid,capture rejected: BadZipFile: File is not a zip file
raw/documents/obr/efo_tables/November_2016/Chapter4_to_annexC_Charts_and_tables.xlsx,https://obr.uk/download/economic-and-fiscal-outlook-charts-and-tables-fiscal-november-2016/,wayback,https://web.archive.org/web/20251123090740id_/https://obr.uk/docs/dlm_uploads/Chapter4_to_annexC_Charts_and_tables.xlsx,2025-11-23T09:07:40+00:00,2026-09-26T20:09:09+00:00,840e88ff47be3fe78ee944242695b5b6ab3b06cf6702c5f122e266e4e5994402,1137589,"Mon, 18 Jan 2021 11:54:38 GMT",application/vnd.openxmlformats-officedocument.spreadsheetml.sheet,200,EFO tables: Economic and fiscal outlook charts and tables: Fiscal - November 2016; 3 distinct captures of this URL
,https://obr.uk/download/economic-and-fiscal-outlook-charts-and-tables-economy-november-2016/,wayback,https://web.archive.org/web/20211130025356id_/https://obr.uk/download/economic-and-fiscal-outlook-charts-and-tables-economy-november-2016/,2021-11-30T02:53:56+00:00,2026-09-26T20:09:19+00:00,16c0a8dcfe6b0edcba78ac159e0babd8b28e566c2011e65340ab6ed1a830745a,1048576,,,invalid,capture rejected: BadZipFile: File is not a zip file
raw/documents/obr/efo_tables/November_2016/economic-and-fiscal-outlook-charts-and-tables-economy-november-2016.xlsx,https://obr.uk/download/economic-and-fiscal-outlook-charts-and-tables-economy-november-2016/,wayback,https://web.archive.org/web/20201001000753id_/https://obr.uk/download/economic-and-fiscal-outlook-charts-and-tables-economy-november-2016/,2020-10-01T00:07:53+00:00,2026-09-26T20:09:23+00:00,9155c280ba90e61d344780533c3023b62850451d2bc55c1f567ad063e5691b53,2438337,,application/vnd.openxmlformats-officedocument.spreadsheetml.sheet,200,EFO tables: Economic and fiscal outlook charts and tables: Economy - November 2016; 3 distinct captures of this URL
raw/documents/obr/efo_tables/November_2017/november-2017-economic-and-fiscal-outlook-charts-and-tables-fiscal.xlsx,https://obr.uk/download/november-2017-economic-and-fiscal-outlook-charts-and-tables-fiscal/,wayback,https://web.archive.org/web/20220119113959id_/https://obr.uk/download/november-2017-economic-and-fiscal-outlook-charts-and-tables-fiscal/,2022-01-19T11:39:59+00:00,2026-09-26T20:09:28+00:00,ed713e5042916547b200713b88ee89b1724f166c078179dc5fcc810c3105e740,1507291,,application/vnd.openxmlformats-officedocument.spreadsheetml.sheet,200,EFO tables: November 2017 Economic and fiscal outlook – charts and tables: fiscal; 3 distinct captures of this URL
,https://obr.uk/download/november-2017-economic-and-fiscal-outlook-charts-and-tables-economy/,wayback,,,2026-09-26T20:10:08+00:00,,,,,404,no Wayback capture
raw/documents/obr/efo_tables/November_2020/Chapter_2_Charts_and_tables_November_2020.xlsx,https://obr.uk/download/november-2020-economic-and-fiscal-outlook-charts-and-tables-chapter-2/,wayback,https://web.archive.org/web/20250926173426id_/https://obr.uk/docs/Chapter_2_Charts_and_tables_November_2020.xlsx,2025-09-26T17:34:26+00:00,2026-09-26T20:10:17+00:00,7e7e9458bf1dfb65421f5ad57f463dcb0c5f22e066780bf3091046f928d9272b,1585006,"Fri, 12 Mar 2021 12:52:41 GMT",application/vnd.openxmlformats-officedocument.spreadsheetml.sheet,200,EFO tables: November 2020 Economic and fiscal outlook – charts and tables: Chapter 2; 1 distinct captures of this URL
raw/documents/obr/efo_tables/November_2020/Chapter_3_Charts_and_tables_November-2020.xlsx,https://obr.uk/download/november-2020-economic-and-fiscal-outlook-charts-and-tables-chapter-3/,wayback,https://web.archive.org/web/20250926173426id_/https://obr.uk/docs/dlm_uploads/Chapter_3_Charts_and_tables_November-2020.xlsx,2025-09-26T17:34:26+00:00,2026-09-26T20:10:27+00:00,2a0163938275f4690a137043c141d6d20f345b63839309451555d4ffc27c5aea,981778,"Mon, 18 Jan 2021 11:55:54 GMT",application/vnd.openxmlformats-officedocument.spreadsheetml.sheet,200,EFO tables: November 2020 Economic and fiscal outlook – charts and tables: Chapter 3; 1 distinct captures of this URL
raw/documents/obr/efo_tables/November_2020/Chapter_4_Charts_and_tables_November_2020.xlsx,https://obr.uk/download/november-2020-economic-and-fiscal-outlook-charts-and-tables-chapter-4/,wayback,https://web.archive.org/web/20250926173427id_/https://obr.uk/docs/dlm_uploads/Chapter_4_Charts_and_tables_November_2020.xlsx,2025-09-26T17:34:27+00:00,2026-09-26T20:10:33+00:00,d8e9210acac36521d39b0e6f9fe8b8e4d599fe9bb0db8be4168c4d42354b6ed7,420323,"Mon, 18 Jan 2021 11:55:54 GMT",application/vnd.openxmlformats-officedocument.spreadsheetml.sheet,200,EFO tables: November 2020 Economic and fiscal outlook – charts and tables: Chapter 4; 1 distinct captures of this URL
raw/documents/obr/efo_tables/November_2020/Annex_A_Charts_and_tables_November_2020.xlsx,https://obr.uk/download/november-2020-economic-and-fiscal-outlook-charts-and-tables-annex-a/,wayback,https://web.archive.org/web/20250926173424id_/https://obr.uk/docs/dlm_uploads/Annex_A_Charts_and_tables_November_2020.xlsx,2025-09-26T17:34:24+00:00,2026-09-26T20:10:40+00:00,964c2c71d1ae1e37c2362552621c009072f0314c4ceb77a99ca512df79c3fcfa,200701,"Mon, 18 Jan 2021 11:55:54 GMT",application/vnd.openxmlformats-officedocument.spreadsheetml.sheet,200,EFO tables: November 2020 Economic and fiscal outlook – charts and tables: Annex A; 1 distinct captures of this URL
raw/documents/obr/efo_tables/November_2020/Annex_B_Charts_and_tables_November_2020.xlsx,https://obr.uk/download/november-2020-economic-and-fiscal-outlook-charts-and-tables-annex-b/,wayback,https://web.archive.org/web/20250926173432id_/https://obr.uk/docs/dlm_uploads/Annex_B_Charts_and_tables_November_2020.xlsx,2025-09-26T17:34:32+00:00,2026-09-26T20:11:05+00:00,4c3dbaec7f8983741e5bf81c1968788fb675c6ca4466353de3e0d3e412f916ad,387769,"Mon, 18 Jan 2021 11:55:54 GMT",application/vnd.openxmlformats-officedocument.spreadsheetml.sheet,200,EFO tables: November 2020 Economic and fiscal outlook – charts and tables: Annex B; 1 distinct captures of this URL
raw/documents/obr/efo_tables/November_2020/Annex_C_Charts_and_tables_November_2020.xlsx,https://obr.uk/download/november-2020-economic-and-fiscal-outlook-charts-and-tables-annex-c/,wayback,https://web.archive.org/web/20250926173429id_/https://obr.uk/docs/dlm_uploads/Annex_C_Charts_and_tables_November_2020.xlsx,2025-09-26T17:34:29+00:00,2026-09-26T20:11:17+00:00,ccefe33729d0fdd27f4d348eaa45009465323d32ecbaef44cde07d927e13496b,62902,"Mon, 18 Jan 2021 11:55:54 GMT",application/vnd.openxmlformats-officedocument.spreadsheetml.sheet,200,EFO tables: November 2020 Economic and fiscal outlook – charts and tables: Annex C; 1 distinct captures of this URL
,https://obr.uk/download/november-2022-economic-and-fiscal-outlook-charts-and-tables/,wayback,https://web.archive.org/web/20240723123054id_/https://obr.uk/docs/dlm_uploads/Economic_and_fiscal_outlook_charts_and_tables_November_2022.xlsx,2024-07-23T12:30:54+00:00,2026-09-26T20:11:37+00:00,0cf7225a8b49bb7babb29f7599021d94900a50e8d66dbb97300d23999b9a0593,1048576,,,invalid,capture rejected: BadZipFile: File is not a zip file
raw/documents/obr/efo_tables/November_2022/Economic_and_fiscal_outlook_charts_and_tables_November_2022.xlsx,https://obr.uk/download/november-2022-economic-and-fiscal-outlook-charts-and-tables/,wayback,https://web.archive.org/web/20230929025942id_/https://obr.uk/docs/dlm_uploads/Economic_and_fiscal_outlook_charts_and_tables_November_2022.xlsx,2023-09-29T02:59:42+00:00,2026-09-26T20:11:54+00:00,77e2bd7e8d138cb23ac9ec125b6296ae64dbfa7af759ba50e41859edc156d888,3977594,"Tue, 13 Dec 2022 13:09:44 GMT",application/vnd.openxmlformats-officedocument.spreadsheetml.sheet,200,EFO tables: November 2022 Economic and fiscal outlook – charts and tables; 2 distinct captures of this URL
raw/documents/obr/efo_tables/November_2023/Chapter_2_charts_and_tables_November_2023.xlsx,https://obr.uk/download/november-2023-economic-and-fiscal-outlook-charts-and-tables-chapter-2/,wayback,https://web.archive.org/web/20250422181938id_/https://obr.uk/docs/dlm_uploads/Chapter_2_charts_and_tables_November_2023.xlsx,2025-04-22T18:19:38+00:00,2026-09-26T20:12:07+00:00,4b4b8092c1bf3e2cb84d7e6c16efcf122eec528cc5b1a40d599d3d2c89be3bdf,3667529,"Wed, 22 Nov 2023 10:40:30 GMT",application/vnd.openxmlformats-officedocument.spreadsheetml.sheet,200,EFO tables: November 2023 Economic and fiscal outlook – charts and tables: Chapter 2; 1 distinct captures of this URL
raw/documents/obr/efo_tables/November_2023/Chapter_3_charts_and_tables_November_2023.xlsx,https://obr.uk/download/november-2023-economic-and-fiscal-outlook-charts-and-tables-chapter-3/,wayback,https://web.archive.org/web/20240104193303id_/https://obr.uk/docs/dlm_uploads/Chapter_3_charts_and_tables_November_2023.xlsx,2024-01-04T19:33:03+00:00,2026-09-26T20:12:14+00:00,82f1e80c27802bd3d5b2bd43a9b378b98d84d453ed4e30ebad1ca285cb8c9667,773586,"Wed, 22 Nov 2023 10:41:07 GMT",application/vnd.openxmlformats-officedocument.spreadsheetml.sheet,200,EFO tables: November 2023 Economic and fiscal outlook – charts and tables: Chapter 3; 2 distinct captures of this URL
raw/documents/obr/efo_tables/November_2023/Chapter_4_charts_and_tables_November_2023.xlsx,https://obr.uk/download/november-2023-economic-and-fiscal-outlook-charts-and-tables-chapter-4/,wayback,https://web.archive.org/web/20250422162216id_/https://obr.uk/docs/dlm_uploads/Chapter_4_charts_and_tables_November_2023.xlsx,2025-04-22T16:22:16+00:00,2026-09-26T20:12:31+00:00,1169b30b9b1594b66687721c3e88e8d7bb2f17b9711b4e54b4ab1d8d59b21f41,660841,"Thu, 04 Jan 2024 12:09:55 GMT",application/vnd.openxmlformats-officedocument.spreadsheetml.sheet,200,EFO tables: November 2023 Economic and fiscal outlook – charts and tables: Chapter 4; 1 distinct captures of this URL
raw/documents/obr/efo_tables/November_2023/Chapter_5_charts_and_tables_November_2023.xlsx,https://obr.uk/download/november-2023-economic-and-fiscal-outlook-charts-and-tables-chapter-5/,wayback,https://web.archive.org/web/20240104194253id_/https://obr.uk/docs/dlm_uploads/Chapter_5_charts_and_tables_November_2023.xlsx,2024-01-04T19:42:53+00:00,2026-09-26T20:13:08+00:00,3f51f244a2d197a4318c60abacce92ea2dae77bcd26ff48c143abe84825c272b,1814016,"Wed, 22 Nov 2023 10:42:53 GMT",application/vnd.openxmlformats-officedocument.spreadsheetml.sheet,200,EFO tables: November 2023 Economic and fiscal outlook – charts and tables: Chapter 5; 1 distinct captures of this URL
raw/documents/obr/efo_tables/November_2023/Annex_A_charts_and_tables_November_2023.xlsx,https://obr.uk/download/november-2023-economic-and-fiscal-outlook-charts-and-tables-annex-a/,wayback,https://web.archive.org/web/20240104193342id_/https://obr.uk/docs/dlm_uploads/Annex_A_charts_and_tables_November_2023.xlsx,2024-01-04T19:33:42+00:00,2026-09-26T20:13:34+00:00,3944e4b72a070c6a5fb0c01e4e6ebb90c7b0b4cfc6cbd30388bd3d78f8e4471a,3187435,"Wed, 22 Nov 2023 10:43:52 GMT",application/vnd.openxmlformats-officedocument.spreadsheetml.sheet,200,EFO tables: November 2023 Economic and fiscal outlook – charts and tables: Annex A; 1 distinct captures of this URL
raw/documents/obr/efo_tables/November_2025/Chapter_2_charts_and_tables_November_2025.xlsx,https://obr.uk/download/november-2025-economic-and-fiscal-outlook-charts-and-tables-chapter-2/,wayback,https://web.archive.org/web/20251204053325id_/https://obr.uk/docs/dlm_uploads/Chapter_2_charts_and_tables_November_2025.xlsx,2025-12-04T05:33:25+00:00,2026-09-26T20:13:51+00:00,81d9c009b3ec30a85523ee7ca5782585e6bf27df1b80c8332bc7265f891d8f6b,1913960,"Wed, 26 Nov 2025 11:21:29 GMT",application/vnd.openxmlformats-officedocument.spreadsheetml.sheet,200,EFO tables: November 2025 Economic and fiscal outlook – charts and tables: Chapter 2; 1 distinct captures of this URL
raw/documents/obr/efo_tables/November_2025/Chapter_3_charts_and_tables_November_2025.xlsx,https://obr.uk/download/november-2025-economic-and-fiscal-outlook-charts-and-tables-chapter-3/,wayback,https://web.archive.org/web/20260215123656id_/https://obr.uk/docs/dlm_uploads/Chapter_3_charts_and_tables_November_2025.xlsx,2026-02-15T12:36:56+00:00,2026-09-26T20:14:09+00:00,cb4c5cc024a3d04b0781b1a6609c7b303c4a5dbe3d3c8e3e6d2df14e8eff90c3,1433922,"Tue, 16 Dec 2025 10:08:37 GMT",application/vnd.openxmlformats-officedocument.spreadsheetml.sheet,200,EFO tables: November 2025 Economic and fiscal outlook – charts and tables: Chapter 3; 1 distinct captures of this URL
raw/documents/obr/efo_tables/November_2025/Chapter_4_charts_and_tables_November_2025.xlsx,https://obr.uk/download/november-2025-economic-and-fiscal-outlook-charts-and-tables-chapter-4/,wayback,https://web.archive.org/web/20251211051055id_/https://obr.uk/docs/dlm_uploads/Chapter_4_charts_and_tables_November_2025.xlsx,2025-12-11T05:10:55+00:00,2026-09-26T20:14:19+00:00,4ce8e74c5108863c7e300a6ca3d69448e8d9f798ecbde93c88b1c871d6af7cb6,3385167,"Wed, 26 Nov 2025 11:20:16 GMT",application/vnd.openxmlformats-officedocument.spreadsheetml.sheet,200,EFO tables: November 2025 Economic and fiscal outlook – charts and tables: Chapter 4; 1 distinct captures of this URL
raw/documents/obr/efo_tables/November_2025/Chapter_5_charts_and_tables_November_2025.xlsx,https://obr.uk/download/november-2025-economic-and-fiscal-outlook-charts-and-tables-chapter-5/,wayback,https://web.archive.org/web/20251202120352id_/https://obr.uk/docs/dlm_uploads/Chapter_5_charts_and_tables_November_2025.xlsx,2025-12-02T12:03:52+00:00,2026-09-26T20:14:29+00:00,e388ce4ad2563fd2400502cf279c84196d936df010e4b54d2bc1d96f5e274eb5,532063,"Wed, 26 Nov 2025 11:19:46 GMT",application/vnd.openxmlformats-officedocument.spreadsheetml.sheet,200,EFO tables: November 2025 Economic and fiscal outlook – charts and tables: Chapter 5; 1 distinct captures of this URL
raw/documents/obr/efo_tables/November_2025/Chapter_6_charts_and_tables_November_2025.xlsx,https://obr.uk/download/november-2025-economic-and-fiscal-outlook-charts-and-tables-chapter-6/,wayback,https://web.archive.org/web/20260316163307id_/https://obr.uk/docs/dlm_uploads/Chapter_6_charts_and_tables_November_2025.xlsx,2026-03-16T16:33:07+00:00,2026-09-26T20:14:36+00:00,cb92025175fceac3799f8d73cae8922df748cca01a85a2d39b06b9668e3df4e7,967668,"Wed, 26 Nov 2025 11:19:19 GMT",application/vnd.openxmlformats-officedocument.spreadsheetml.sheet,200,EFO tables: November 2025 Economic and fiscal outlook – charts and tables: Chapter 6; 1 distinct captures of this URL
raw/documents/obr/efo_tables/November_2025/Chapter_7_charts_and_tables_November_2025.xlsx,https://obr.uk/download/november-2025-economic-and-fiscal-outlook-charts-and-tables-chapter-7/,wayback,https://web.archive.org/web/20260316163307id_/https://obr.uk/docs/dlm_uploads/Chapter_7_charts_and_tables_November_2025.xlsx,2026-03-16T16:33:07+00:00,2026-09-26T20:14:53+00:00,437736251f13e6f19f120b48ef6695f8466ba43615db84ead547561f23f00340,1247666,"Wed, 26 Nov 2025 11:18:31 GMT",application/vnd.openxmlformats-officedocument.spreadsheetml.sheet,200,EFO tables: November 2025 Economic and fiscal outlook – charts and tables: Chapter 7; 1 distinct captures of this URL
raw/documents/obr/efo_tables/November_2025/Annex_A_charts_and_tables_November_2025.xlsx,https://obr.uk/download/november-2025-economic-and-fiscal-outlook-charts-and-tables-annex-a/,wayback,https://web.archive.org/web/20251201160104id_/https://obr.uk/docs/dlm_uploads/Annex_A_charts_and_tables_November_2025.xlsx,2025-12-01T16:01:04+00:00,2026-09-26T20:15:02+00:00,f6939264f8abd2f8ee2ee914e6bc5150cac7bf5425d5b60d299fa4d8ecfc355f,104175,"Thu, 27 Nov 2025 12:27:48 GMT",application/vnd.openxmlformats-officedocument.spreadsheetml.sheet,200,EFO tables: November 2025 Economic and fiscal outlook – charts and tables: Annex A; 1 distinct captures of this URL
,https://obr.uk/download/october-2018-economic-and-fiscal-outlook-charts-and-tables-fiscal/,wayback,https://web.archive.org/web/20210921235627id_/https://obr.uk/download/october-2018-economic-and-fiscal-outlook-charts-and-tables-fiscal/,2021-09-21T23:56:27+00:00,2026-09-26T20:15:10+00:00,c5a72151247231bcbe8befdec96ea3925a669bfa77ecb9d9d7aa06ba15b97ff9,1048576,,,invalid,capture rejected: BadZipFile: File is not a zip file
,https://obr.uk/download/october-2018-economic-and-fiscal-outlook-charts-and-tables-economy/,wayback,https://web.archive.org/web/20210922001135id_/https://obr.uk/download/october-2018-economic-and-fiscal-outlook-charts-and-tables-economy/,2021-09-22T00:11:35+00:00,2026-09-26T20:15:17+00:00,b868bb5a5fd0a05648b184f382b5734804cbdf999bc5b715f71aff8de37296c1,1048576,,,invalid,capture rejected: BadZipFile: File is not a zip file
raw/documents/obr/efo_tables/October_2021/october-2021-economic-and-fiscal-outlook-charts-and-tables-chapter-2.xlsx,https://obr.uk/download/october-2021-economic-and-fiscal-outlook-charts-and-tables-chapter-2/,wayback,https://web.archive.org/web/20220307164858id_/https://obr.uk/download/october-2021-economic-and-fiscal-outlook-charts-and-tables-chapter-2/,2022-03-07T16:48:58+00:00,2026-09-26T20:15:24+00:00,fb7d593be90c9c50f36888eb606ecfd5e278f3a9ed678ab07d8bd8a6cab8402d,1861451,,application/vnd.openxmlformats-officedocument.spreadsheetml.sheet,200,EFO tables: October 2021 Economic and fiscal outlook – charts and tables: Chapter 2; 3 distinct captures of this URL
raw/documents/obr/efo_tables/October_2021/october-2021-economic-and-fiscal-outlook-charts-and-tables-chapter-3.xlsx,https://obr.uk/download/october-2021-economic-and-fiscal-outlook-charts-and-tables-chapter-3/,wayback,https://web.archive.org/web/20220307165055id_/https://obr.uk/download/october-2021-economic-and-fiscal-outlook-charts-and-tables-chapter-3/,2022-03-07T16:50:55+00:00,2026-09-26T20:15:34+00:00,eb98c928e08ed4c50ba179bdeb2cbdfbc93fd5a8d10b126bf580781c81d71ac6,739923,,application/vnd.openxmlformats-officedocument.spreadsheetml.sheet,200,EFO tables: October 2021 Economic and fiscal outlook – charts and tables: Chapter 3; 1 distinct captures of this URL
raw/documents/obr/efo_tables/October_2021/october-2021-economic-and-fiscal-outlook-charts-and-tables-chapter-4.xlsx,https://obr.uk/download/october-2021-economic-and-fiscal-outlook-charts-and-tables-chapter-4/,wayback,https://web.archive.org/web/20220307164754id_/https://obr.uk/download/october-2021-economic-and-fiscal-outlook-charts-and-tables-chapter-4/,2022-03-07T16:47:54+00:00,2026-09-26T20:15:42+00:00,a56213197f97cd7f44be9d47a12e17a177ed5d5a9e28f3104428a530e43f4d97,993933,,application/vnd.openxmlformats-officedocument.spreadsheetml.sheet,200,EFO tables: October 2021 Economic and fiscal outlook – charts and tables: Chapter 4; 2 distinct captures of this URL
raw/documents/obr/efo_tables/October_2021/october-2021-economic-and-fiscal-outlook-charts-and-tables-annex-a.xlsx,https://obr.uk/download/october-2021-economic-and-fiscal-outlook-charts-and-tables-annex-a/,wayback,https://web.archive.org/web/20220307164841id_/https://obr.uk/download/october-2021-economic-and-fiscal-outlook-charts-and-tables-annex-a/,2022-03-07T16:48:41+00:00,2026-09-26T20:16:04+00:00,d091ebd9040d2a3ffa759bbd4334e0d6d1685f52605e15ba7205b1c952c78071,6045081,,application/vnd.openxmlformats-officedocument.spreadsheetml.sheet,200,EFO tables: October 2021 Economic and fiscal outlook – charts and tables: Annex A; 2 distinct captures of this URL
raw/documents/obr/efo_tables/October_2021/october-2021-economic-and-fiscal-outlook-charts-and-tables-annex-b.xlsx,https://obr.uk/download/october-2021-economic-and-fiscal-outlook-charts-and-tables-annex-b/,wayback,https://web.archive.org/web/20220307164847id_/https://obr.uk/download/october-2021-economic-and-fiscal-outlook-charts-and-tables-annex-b/,2022-03-07T16:48:47+00:00,2026-09-26T20:16:07+00:00,2863d38f5b51a79cac1b709786cc506f0337f7246febad7bfc6d1716f1fee0e3,26483,,application/vnd.openxmlformats-officedocument.spreadsheetml.sheet,200,EFO tables: October 2021 Economic and fiscal outlook – charts and tables: Annex B; 3 distinct captures of this URL
raw/documents/obr/efo_tables/October_2024/Chapter_2_charts_and_tables_October_2024.xlsx,https://obr.uk/download/october-2024-economic-and-fiscal-outlook-charts-and-tables-chapter-2/,wayback,https://web.archive.org/web/20250831035321id_/https://obr.uk/docs/dlm_uploads/Chapter_2_charts_and_tables_October_2024.xlsx,2025-08-31T03:53:21+00:00,2026-09-26T20:16:16+00:00,9d402b235e1d8d7b469c136b13035d120eb6ea089b489a7cbe5bff7cac905a3b,1373023,"Wed, 30 Oct 2024 10:35:58 GMT",application/vnd.openxmlformats-officedocument.spreadsheetml.sheet,200,EFO tables: October 2024 Economic and fiscal outlook – charts and tables: Chapter 2; 1 distinct captures of this URL
raw/documents/obr/efo_tables/October_2024/23130,https://obr.uk/download/october-2024-economic-and-fiscal-outlook-charts-and-tables-chapter-3/,wayback,https://web.archive.org/web/20260925102636id_/https://obr.uk/no-access/download-id/23130/,2026-09-25T10:26:36+00:00,2026-09-26T20:16:24+00:00,9292b11e9c663c3ddc0d4fc4f6e55c614684f45ab166014022226a499bf7e7a9,88530,"Tue, 29 Sep 2015 09:29:26 GMT",text/html,200,EFO tables: October 2024 Economic and fiscal outlook – charts and tables: Chapter 3; 1 distinct captures of this URL
raw/documents/obr/efo_tables/October_2024/Chapter_4_charts_and_tables_October_2024.xlsx,https://obr.uk/download/october-2024-economic-and-fiscal-outlook-charts-and-tables-chapter-4/,wayback,https://web.archive.org/web/20250422222355id_/https://obr.uk/docs/dlm_uploads/Chapter_4_charts_and_tables_October_2024.xlsx,2025-04-22T22:23:55+00:00,2026-09-26T20:16:34+00:00,895707cc40011167c4222cc482bb88bf25f2584f11c8a2377da1a9ccab0147d3,2635229,"Thu, 07 Nov 2024 10:53:54 GMT",application/vnd.openxmlformats-officedocument.spreadsheetml.sheet,200,EFO tables: October 2024 Economic and fiscal outlook – charts and tables: Chapter 4; 1 distinct captures of this URL
raw/documents/obr/efo_tables/October_2024/Chapter_5_charts_and_tables_October_2024.xlsx,https://obr.uk/download/october-2024-economic-and-fiscal-outlook-charts-and-tables-chapter-5/,wayback,https://web.archive.org/web/20250319094424id_/https://obr.uk/docs/dlm_uploads/Chapter_5_charts_and_tables_October_2024.xlsx,2025-03-19T09:44:24+00:00,2026-09-26T20:16:44+00:00,e4202fcbb88aaafb2c525752fc0bfbc34515854ec7c6a08cf6e2c24ddcef20fd,2592433,"Thu, 14 Nov 2024 16:16:30 GMT",application/vnd.openxmlformats-officedocument.spreadsheetml.sheet,200,EFO tables: October 2024 Economic and fiscal outlook – charts and tables: Chapter 5; 1 distinct captures of this URL
raw/documents/obr/efo_tables/October_2024/Chapter_6_charts_and_tables_October_2024.xlsx,https://obr.uk/download/october-2024-economic-and-fiscal-outlook-charts-and-tables-chapter-6/,wayback,https://web.archive.org/web/20260608022059id_/https://obr.uk/docs/dlm_uploads/Chapter_6_charts_and_tables_October_2024.xlsx,2026-06-08T02:20:59+00:00,2026-09-26T20:16:52+00:00,4436092396d01c487fe932e3e3eed212760c57d8e09dcfee03169d2192053c0d,3593257,"Wed, 30 Oct 2024 10:38:29 GMT",application/vnd.openxmlformats-officedocument.spreadsheetml.sheet,200,EFO tables: October 2024 Economic and fiscal outlook – charts and tables: Chapter 6; 1 distinct captures of this URL
raw/documents/obr/efo_tables/October_2024/Chapter_7_charts_and_tables_October_2024.xlsx,https://obr.uk/download/october-2024-economic-and-fiscal-outlook-charts-and-tables-chapter-7/,wayback,https://web.archive.org/web/20250505043924id_/https://obr.uk/docs/dlm_uploads/Chapter_7_charts_and_tables_October_2024.xlsx,2025-05-05T04:39:24+00:00,2026-09-26T20:17:07+00:00,3b89ef7b889afd5969dc2b13bad8a0d103a794153db0f24d2da4f4f0efe09559,387992,"Wed, 30 Oct 2024 10:39:03 GMT",application/vnd.openxmlformats-officedocument.spreadsheetml.sheet,200,EFO tables: October 2024 Economic and fiscal outlook – charts and tables: Chapter 7; 1 distinct captures of this URL
raw/documents/obr/efo_tables/October_2024/Annex_A_charts_and_tables_October_2024.xlsx,https://obr.uk/download/october-2024-economic-and-fiscal-outlook-charts-and-tables-annex-a/,wayback,https://web.archive.org/web/20250422173717id_/https://obr.uk/docs/dlm_uploads/Annex_A_charts_and_tables_October_2024.xlsx,2025-04-22T17:37:17+00:00,2026-09-26T20:17:16+00:00,95eee12af5b2ae3829bcc07cb6344d3bfbe8af2206c3184b3b35b889463b23da,761833,"Wed, 30 Oct 2024 10:31:13 GMT",application/vnd.openxmlformats-officedocument.spreadsheetml.sheet,200,EFO tables: October 2024 Economic and fiscal outlook – charts and tables: Annex A; 1 distinct captures of this URL
raw/documents/obr/efo_tables/October_2024/Annex_B_charts_and_tables_October_2024.xlsx,https://obr.uk/download/october-2024-economic-and-fiscal-outlook-charts-and-tables-annex-b/,wayback,https://web.archive.org/web/20250422010252id_/https://obr.uk/docs/dlm_uploads/Annex_B_charts_and_tables_October_2024.xlsx,2025-04-22T01:02:52+00:00,2026-09-26T20:17:22+00:00,8d607a94b9b329ec7c867d7e49095ce06c65f86edf644c826da1be4b1b9edaac,299745,"Wed, 30 Oct 2024 10:33:19 GMT",application/vnd.openxmlformats-officedocument.spreadsheetml.sheet,200,EFO tables: October 2024 Economic and fiscal outlook – charts and tables: Annex B; 1 distinct captures of this URL
,https://obr.uk/download/economic-and-fiscal-outlook-charts-and-tables-december-2014/,wayback,,,2026-09-26T20:57:23+00:00,,,,,404,no Wayback capture
,https://obr.uk/download/economic-and-fiscal-outlook-charts-and-tables-december-2014/,wayback,,,2026-09-26T21:15:58+00:00,,,,,404,no Wayback capture
,https://obr.uk//docs/dlm_uploads/December_2014_Charts_and_tables-web516.xls,wayback,https://web.archive.org/web/20220516074152id_/https://obr.uk//docs/dlm_uploads/December_2014_Charts_and_tables-web516.xls,2022-05-16T07:41:52+00:00,2026-09-26T21:17:16+00:00,9f394f92b4b32800932748b68aa34e7e97daf41cf7db29f0fd6bf253b4719732,1048576,,,invalid,capture rejected: IndexError: array index out of range
,https://obr.uk/download/economic-and-fiscal-outlook-charts-and-tables-july-2015/,wayback,,,2026-09-26T21:17:18+00:00,,,,,404,no Wayback capture
,https://obr.uk/docs/dlm_uploads/July-2015-Charts-and-tables.xls,wayback,https://web.archive.org/web/20250617134458id_/https://obr.uk/docs/dlm_uploads/July-2015-Charts-and-tables.xls,2025-06-17T13:44:58+00:00,2026-09-26T21:17:32+00:00,f670acbb04b58f98130e502c6bf848f54740d12957f85a1a5432b4c3a04adf77,3920896,,,invalid,capture rejected: content check failed
,https://obr.uk/docs/dlm_uploads/July-2015-Charts-and-tables.xls,wayback,https://web.archive.org/web/20241007044413id_/https://obr.uk/docs/dlm_uploads/July-2015-Charts-and-tables.xls,2024-10-07T04:44:13+00:00,2026-09-26T21:17:36+00:00,5774620245c194ecf6f8dbb1d87ce5743444a848b7061f403448a17b7b59a1e2,1048576,,,invalid,capture rejected: IndexError: array index out of range
,https://obr.uk/download/march-2011-economic-and-fiscal-outlook-charts-and-tables/,wayback,,,2026-09-26T21:17:38+00:00,,,,,404,no Wayback capture
,http://budgetresponsibility.independent.gov.uk/wordpress/docs/efo_charts_tables_march2011.xls,wayback,https://web.archive.org/web/20121030101516id_/http://budgetresponsibility.independent.gov.uk/wordpress/docs/efo_charts_tables_march2011.xls,2012-10-30T10:15:16+00:00,2026-09-26T21:17:50+00:00,9fb92303fa065ed1180669b82d0291a06bf413c659870df500603edf4e994ed8,3369984,,,invalid,capture rejected: content check failed
,https://obr.uk//docs/dlm_uploads/efo_charts_tables_march2011.xls,wayback,https://web.archive.org/web/20220627054002id_/https://obr.uk//docs/dlm_uploads/efo_charts_tables_march2011.xls,2022-06-27T05:40:02+00:00,2026-09-26T21:17:55+00:00,8bd7069348d3711f6a8a059fce126e486e497df5a091e5a0c5ba26a5eed6d55c,1048576,,,invalid,capture rejected: IndexError: array index out of range
,https://obr.uk/download/economic-and-fiscal-outlook-charts-and-tables-march-2013-3/,wayback,,,2026-09-26T21:18:08+00:00,,,,,404,no Wayback capture
,http://budgetresponsibility.independent.gov.uk:80/wordpress/docs/Copy-of-March-2013-EFO-charts-and-tables.xls,wayback,,,2026-09-26T21:18:09+00:00,,,,,404,no Wayback capture
,http://budgetresponsibility.independent.gov.uk:80/wordpress/docs/March-2013-EFO-charts-and-tables.xls,wayback,,,2026-09-26T21:18:15+00:00,,,,,404,no Wayback capture
raw/documents/obr/efo_tables/March_2013/Copy-of-March-2013-EFO-charts-and-tables.xls,https://obr.uk/download/economic-and-fiscal-outlook-charts-and-tables-march-2013-3/,wayback-alternate,https://web.archive.org/web/20251011044502id_/https://obr.uk/docs/dlm_uploads/Copy-of-March-2013-EFO-charts-and-tables.xls,2025-10-11T04:45:02+00:00,2026-09-26T21:18:29+00:00,9fff1fe9a9edec5bf5db9ca8151eead9fe106ddc0fc267c29d06d00e41513f3b,3528192,"Mon, 18 Jan 2021 11:54:45 GMT",application/vnd.ms-excel,200,EFO tables: Economic and fiscal outlook charts and tables - March 2013; source link not archived; capture of https://obr.uk/docs/dlm_uploads/Copy-of-March-2013-EFO-charts-and-tables.xls; 2 distinct captures of this URL
,https://obr.uk/download/economic-and-fiscal-outlook-charts-and-tables-march-2015/,wayback,,,2026-09-26T21:18:30+00:00,,,,,404,no Wayback capture
,http://budgetresponsibility.org.uk/docs/dlm_uploads/Charts-and-Tables-March-2015-Economic-and-fiscal-outlook_03-18.xls,wayback,https://web.archive.org/web/20160529050818id_/http://budgetresponsibility.org.uk/docs/dlm_uploads/Charts-and-Tables-March-2015-Economic-and-fiscal-outlook_03-18.xls,2016-05-29T05:08:18+00:00,2026-09-26T21:18:57+00:00,a67fb885441ab911b94af2e31cc505261a90a7c84d3f0504d09d3d0b67f9151d,3342848,,,invalid,capture rejected: content check failed
,http://budgetresponsibility.org.uk/docs/dlm_uploads/Charts-and-Tables-March-2015-Economic-and-fiscal-outlook.xls,wayback,https://web.archive.org/web/20170711155753id_/http://budgetresponsibility.org.uk/docs/dlm_uploads/Charts-and-Tables-March-2015-Economic-and-fiscal-outlook.xls,2017-07-11T15:57:53+00:00,2026-09-26T21:19:11+00:00,b2d75dd2a5175ebee5ff505bfec6c9c2c812fe83c1c18eaee9f031759613f3e8,3350016,,,invalid,capture rejected: content check failed
,https://obr.uk/docs/dlm_uploads/Charts-and-Tables-March-2015-Economic-and-fiscal-outlook.xls,wayback,https://web.archive.org/web/20260606194650id_/https://obr.uk/docs/dlm_uploads/Charts-and-Tables-March-2015-Economic-and-fiscal-outlook.xls,2026-06-06T19:46:50+00:00,2026-09-26T21:19:24+00:00,b2d75dd2a5175ebee5ff505bfec6c9c2c812fe83c1c18eaee9f031759613f3e8,3350016,,,invalid,capture rejected: content check failed
,https://obr.uk/docs/dlm_uploads/Charts-and-Tables-March-2015-Economic-and-fiscal-outlook.xls,wayback,https://web.archive.org/web/20250208092122id_/https://obr.uk/docs/dlm_uploads/Charts-and-Tables-March-2015-Economic-and-fiscal-outlook.xls,2025-02-08T09:21:22+00:00,2026-09-26T21:27:55+00:00,3580f41fc48bd77868d7d4fcaa34993909481a4472c3dd02a3747ffdb9bd466b,1048576,,,invalid,capture rejected: IndexError: array index out of range
,https://obr.uk/download/march-2023-economic-and-fiscal-outlook-charts-and-tables-chapter-2/,wayback,https://web.archive.org/web/20230608020536id_/https://obr.uk/docs/dlm_uploads/Chapter_2_charts_and_tables_March_2023.xlsx,2023-06-08T02:05:36+00:00,2026-09-26T21:28:02+00:00,cd0112490212d4584bfe18a1242bb1e7318b892a684e2a9760e159ffeb64a37c,1048576,,,invalid,capture rejected: BadZipFile: File is not a zip file
,https://obr.uk/docs/dlm_uploads/Chapter_2_charts_and_tables_March_2023.xlsx,wayback,https://web.archive.org/web/20260314054824id_/https://obr.uk/docs/dlm_uploads/Chapter_2_charts_and_tables_March_2023.xlsx,2026-03-14T05:48:24+00:00,2026-09-26T21:28:13+00:00,654fb3b5c84758e943d191a78f17dcd8d7696d0e830b4c35044faea54bdb91ab,3513010,,,invalid,capture rejected: content check failed
,https://obr.uk/docs/dlm_uploads/Chapter_2_charts_and_tables_March_2023.xlsx,wayback,https://web.archive.org/web/20241209042006id_/https://obr.uk/docs/dlm_uploads/Chapter_2_charts_and_tables_March_2023.xlsx,2024-12-09T04:20:06+00:00,2026-09-26T21:28:15+00:00,cd0112490212d4584bfe18a1242bb1e7318b892a684e2a9760e159ffeb64a37c,1048576,,,invalid,capture rejected: BadZipFile: File is not a zip file
,https://obr.uk/docs/dlm_uploads/Chapter_2_charts_and_tables_March_2023.xlsx,wayback,https://web.archive.org/web/20230315134046id_/https://obr.uk/docs/dlm_uploads/Chapter_2_charts_and_tables_March_2023.xlsx,2023-03-15T13:40:46+00:00,2026-09-26T21:28:23+00:00,c96382686fdd3c494ae887bfb95467e8d1b4b222e6afc3b204c95ab1678c7c51,3510926,,,invalid,capture rejected: content check failed
,https://obr.uk/docs/Chapter_2_charts_and_tables_March_2023.xlsx,wayback,https://web.archive.org/web/20230316032707id_/https://obr.uk/docs/Chapter_2_charts_and_tables_March_2023.xlsx,2023-03-16T03:27:07+00:00,2026-09-26T21:28:33+00:00,8560df6b8c8c18a262b13166fb4d09a1ddbfcb6afefd5c029639a1607bba1866,3510752,,,invalid,capture rejected: content check failed
,https://obr.uk/docs/dlm_uploads/Annex_A_charts_and_tables_March_2023.xlsx,wayback,https://web.archive.org/web/20230808174225id_/https://obr.uk/docs/dlm_uploads/Annex_A_charts_and_tables_March_2023.xlsx,2023-08-08T17:42:25+00:00,2026-09-26T21:28:58+00:00,119eb02f930791f7a05e9beb9287855a3159324abc1b15d52f1eac0674010fdb,3215933,,,invalid,capture rejected: content check failed
,https://obr.uk/docs/dlm_uploads/Annex_A_charts_and_tables_March_2023.xlsx,wayback,https://web.archive.org/web/20230315133900id_/https://obr.uk/docs/dlm_uploads/Annex_A_charts_and_tables_March_2023.xlsx,2023-03-15T13:39:00+00:00,2026-09-26T21:29:07+00:00,a78c061e5e85ca932807acfd901146e9be531409ef183f49bffdf6b3a80591df,3212813,,,invalid,capture rejected: content check failed
,https://obr.uk/docs/dlm_uploads/Executive_summary_charts_and_tables_March_2023.xlsx,wayback,https://web.archive.org/web/20230315175154id_/https://obr.uk/docs/dlm_uploads/Executive_summary_charts_and_tables_March_2023.xlsx,2023-03-15T17:51:54+00:00,2026-09-26T21:29:18+00:00,1260b37368ff2429b36e93b43ce490893cc8b2128c47d288e00f7220f3d01cfb,2919894,,,invalid,capture rejected: content check failed
,https://obr.uk/download/economic-and-fiscal-outlook-charts-and-tables-december-2014/,wayback,,,2026-09-26T21:29:51+00:00,,,,,404,no Wayback capture
,https://obr.uk//docs/dlm_uploads/December_2014_Charts_and_tables-web516.xls,wayback,https://web.archive.org/web/20220516074152id_/https://obr.uk//docs/dlm_uploads/December_2014_Charts_and_tables-web516.xls,2022-05-16T07:41:52+00:00,2026-09-26T21:29:56+00:00,9f394f92b4b32800932748b68aa34e7e97daf41cf7db29f0fd6bf253b4719732,1048576,,,invalid,capture rejected: IndexError: array index out of range
,https://obr.uk/download/economic-and-fiscal-outlook-charts-and-tables-july-2015/,wayback,,,2026-09-26T21:30:02+00:00,,,,,404,no Wayback capture
raw/documents/obr/efo_tables/July_2015/July-2015-Charts-and-tables.xls,https://obr.uk/download/economic-and-fiscal-outlook-charts-and-tables-july-2015/,wayback-alternate,https://web.archive.org/web/20250617134458id_/https://obr.uk/docs/dlm_uploads/July-2015-Charts-and-tables.xls,2025-06-17T13:44:58+00:00,2026-09-26T21:30:11+00:00,f670acbb04b58f98130e502c6bf848f54740d12957f85a1a5432b4c3a04adf77,3920896,"Mon, 18 Jan 2021 11:55:18 GMT",application/vnd.ms-excel,200,EFO tables: Economic and fiscal outlook charts and tables - July 2015; source link not archived; capture of https://obr.uk/docs/dlm_uploads/July-2015-Charts-and-tables.xls; 2 distinct captures of this URL
,https://obr.uk/download/march-2011-economic-and-fiscal-outlook-charts-and-tables/,wayback,,,2026-09-26T21:30:13+00:00,,,,,404,no Wayback capture
,http://budgetresponsibility.independent.gov.uk/wordpress/docs/efo_charts_tables_march2011.xls,wayback,https://web.archive.org/web/20121030101516id_/http://budgetresponsibility.independent.gov.uk/wordpress/docs/efo_charts_tables_march2011.xls,2012-10-30T10:15:16+00:00,2026-09-26T21:30:24+00:00,9fb92303fa065ed1180669b82d0291a06bf413c659870df500603edf4e994ed8,3369984,,,invalid,capture rejected: content check failed
,https://obr.uk//docs/dlm_uploads/efo_charts_tables_march2011.xls,wayback,https://web.archive.org/web/20220627054002id_/https://obr.uk//docs/dlm_uploads/efo_charts_tables_march2011.xls,2022-06-27T05:40:02+00:00,2026-09-26T21:30:31+00:00,8bd7069348d3711f6a8a059fce126e486e497df5a091e5a0c5ba26a5eed6d55c,1048576,,,invalid,capture rejected: IndexError: array index out of range
,https://obr.uk/download/economic-and-fiscal-outlook-charts-and-tables-march-2015/,wayback,,,2026-09-26T21:30:33+00:00,,,,,404,no Wayback capture
raw/documents/obr/efo_tables/March_2015/Charts-and-Tables-March-2015-Economic-and-fiscal-outlook_03-18.xls,https://obr.uk/download/economic-and-fiscal-outlook-charts-and-tables-march-2015/,wayback-alternate,https://web.archive.org/web/20160529050818id_/http://budgetresponsibility.org.uk/docs/dlm_uploads/Charts-and-Tables-March-2015-Economic-and-fiscal-outlook_03-18.xls,2016-05-29T05:08:18+00:00,2026-09-26T21:30:45+00:00,a67fb885441ab911b94af2e31cc505261a90a7c84d3f0504d09d3d0b67f9151d,3342848,"Wed, 20 Jan 2016 10:56:31 GMT",application/vnd.ms-excel,200,EFO tables: Economic and fiscal outlook charts and tables - March 2015; source link not archived; capture of http://budgetresponsibility.org.uk/docs/dlm_uploads/Charts-and-Tables-March-2015-Economic-and-fiscal-outlook_03-18.xls; 1 distinct captures of this URL
,https://obr.uk/download/march-2023-economic-and-fiscal-outlook-charts-and-tables-chapter-2/,wayback,https://web.archive.org/web/20230608020536id_/https://obr.uk/docs/dlm_uploads/Chapter_2_charts_and_tables_March_2023.xlsx,2023-06-08T02:05:36+00:00,2026-09-26T21:31:06+00:00,cd0112490212d4584bfe18a1242bb1e7318b892a684e2a9760e159ffeb64a37c,1048576,,,invalid,capture rejected: BadZipFile: File is not a zip file
raw/documents/obr/efo_tables/March_2023/Chapter_2_charts_and_tables_March_2023.xlsx,https://obr.uk/download/march-2023-economic-and-fiscal-outlook-charts-and-tables-chapter-2/,wayback-alternate,https://web.archive.org/web/20260314054824id_/https://obr.uk/docs/dlm_uploads/Chapter_2_charts_and_tables_March_2023.xlsx,2026-03-14T05:48:24+00:00,2026-09-26T21:31:14+00:00,654fb3b5c84758e943d191a78f17dcd8d7696d0e830b4c35044faea54bdb91ab,3513010,"Fri, 17 Mar 2023 16:04:55 GMT",application/vnd.openxmlformats-officedocument.spreadsheetml.sheet,200,EFO tables: March 2023 Economic and fiscal outlook – charts and tables: Chapter 2; source link not archived; capture of https://obr.uk/docs/dlm_uploads/Chapter_2_charts_and_tables_March_2023.xlsx; 3 distinct captures of this URL
,https://obr.uk/download/march-2023-economic-and-fiscal-outlook-charts-and-tables-chapter-5/,wayback,https://web.archive.org/web/20230608012059id_/https://obr.uk/docs/dlm_uploads/Chapter_5_charts_and_tables_March_2023.xlsx,2023-06-08T01:20:59+00:00,2026-09-26T21:31:22+00:00,1cecb372b23f83947fa7b4eb179353b9e820c2f60a47ef5fcf1b6b07191dc9f9,1048576,,,invalid,capture rejected: BadZipFile: File is not a zip file
,https://obr.uk/docs/dlm_uploads/Chapter_5_charts_and_tables_March_2023.xlsx,wayback,https://web.archive.org/web/20240416195356id_/https://obr.uk/docs/dlm_uploads/Chapter_5_charts_and_tables_March_2023.xlsx,2024-04-16T19:53:56+00:00,2026-09-26T21:31:31+00:00,1cecb372b23f83947fa7b4eb179353b9e820c2f60a47ef5fcf1b6b07191dc9f9,1048576,,,invalid,capture rejected: BadZipFile: File is not a zip file
raw/documents/obr/efo_tables/March_2023/Chapter_5_charts_and_tables_March_2023.xlsx,https://obr.uk/download/march-2023-economic-and-fiscal-outlook-charts-and-tables-chapter-5/,wayback-alternate,https://web.archive.org/web/20230315180106id_/https://obr.uk/docs/dlm_uploads/Chapter_5_charts_and_tables_March_2023.xlsx,2023-03-15T18:01:06+00:00,2026-09-26T21:31:41+00:00,9ad431633f78a0f9250df45b84d938553462a7149b41544a5cf863a53f6aea89,1690743,"Wed, 15 Mar 2023 11:57:03 GMT",application/vnd.openxmlformats-officedocument.spreadsheetml.sheet,200,EFO tables: March 2023 Economic and fiscal outlook – charts and tables: Chapter 5; source link not archived; capture of https://obr.uk/docs/dlm_uploads/Chapter_5_charts_and_tables_March_2023.xlsx; 2 distinct captures of this URL
,https://obr.uk/download/march-2026-economic-and-fiscal-outlook-charts-and-tables-chapter-6/,wayback,,,2026-09-26T21:31:45+00:00,,,,,404,no Wayback capture
,https://obr.uk/download/economic-and-fiscal-outlook-charts-and-tables-november-2015/,wayback,,,2026-09-26T21:31:46+00:00,,,,,404,no Wayback capture
raw/documents/obr/efo_tables/November_2015/Charts_and_tables__November___2015.xls,https://obr.uk/download/economic-and-fiscal-outlook-charts-and-tables-november-2015/,wayback-alternate,https://web.archive.org/web/20160425064655id_/http://budgetresponsibility.org.uk/docs/dlm_uploads/Charts_and_tables__November___2015.xls,2016-04-25T06:46:55+00:00,2026-09-26T21:32:02+00:00,c1ad8cf787a67c4dff468de380b01d8a272de276be396ba6ac83df05f4a1bde6,6679040,"Wed, 20 Jan 2016 10:41:25 GMT",application/vnd.ms-excel,200,EFO tables: Economic and fiscal outlook charts and tables - November 2015; source link not archived; capture of http://budgetresponsibility.org.uk/docs/dlm_uploads/Charts_and_tables__November___2015.xls; 1 distinct captures of this URL
,https://obr.uk/download/november-2017-economic-and-fiscal-outlook-charts-and-tables-economy/,wayback,,,2026-09-26T21:32:03+00:00,,,,,404,no Wayback capture
,https://obr.uk//docs/dlm_uploads/November_2017_EFO_Economy_charts_and_tables.xlsx,wayback,https://web.archive.org/web/20220627061254id_/https://obr.uk//docs/dlm_uploads/November_2017_EFO_Economy_charts_and_tables.xlsx,2022-06-27T06:12:54+00:00,2026-09-26T21:32:19+00:00,b672707bc106e06d9d917cae1b6319808ca26db3375c8f5d24fb21e6af135537,1048576,,,invalid,capture rejected: BadZipFile: File is not a zip file
,https://obr.uk/download/october-2018-economic-and-fiscal-outlook-charts-and-tables-fiscal/,wayback,https://web.archive.org/web/20210921235627id_/https://obr.uk/download/october-2018-economic-and-fiscal-outlook-charts-and-tables-fiscal/,2021-09-21T23:56:27+00:00,2026-09-26T21:32:35+00:00,c5a72151247231bcbe8befdec96ea3925a669bfa77ecb9d9d7aa06ba15b97ff9,1048576,,,invalid,capture rejected: BadZipFile: File is not a zip file
,https://obr.uk//docs/dlm_uploads/Fiscal_charts_and_tables_October_2018.xlsx,wayback,https://web.archive.org/web/20220706195127id_/https://obr.uk//docs/dlm_uploads/Fiscal_charts_and_tables_October_2018.xlsx,2022-07-06T19:51:27+00:00,2026-09-26T21:32:41+00:00,c5a72151247231bcbe8befdec96ea3925a669bfa77ecb9d9d7aa06ba15b97ff9,1048576,,,invalid,capture rejected: BadZipFile: File is not a zip file
,https://obr.uk/download/october-2018-economic-and-fiscal-outlook-charts-and-tables-economy/,wayback,https://web.archive.org/web/20210922001135id_/https://obr.uk/download/october-2018-economic-and-fiscal-outlook-charts-and-tables-economy/,2021-09-22T00:11:35+00:00,2026-09-26T21:32:53+00:00,b868bb5a5fd0a05648b184f382b5734804cbdf999bc5b715f71aff8de37296c1,1048576,,,invalid,capture rejected: BadZipFile: File is not a zip file
raw/documents/obr/efo_tables/October_2018/Economy_charts_and_tables_October_2018.xlsx,https://obr.uk/download/october-2018-economic-and-fiscal-outlook-charts-and-tables-economy/,wayback-alternate,https://web.archive.org/web/20251006113656id_/https://obr.uk/docs/dlm_uploads/Economy_charts_and_tables_October_2018.xlsx,2025-10-06T11:36:56+00:00,2026-09-26T21:33:01+00:00,d86f9c1431637581d1512cf13cb94a9f00513b682e14d5181ffabfaf20963274,1652884,"Mon, 18 Jan 2021 11:54:52 GMT",application/vnd.openxmlformats-officedocument.spreadsheetml.sheet,200,EFO tables: October 2018 Economic and fiscal outlook – charts and tables: economy; source link not archived; capture of https://obr.uk/docs/dlm_uploads/Economy_charts_and_tables_October_2018.xlsx; 2 distinct captures of this URL
,https://obr.uk/download/economic-and-fiscal-outlook-charts-and-tables-december-2014/,wayback,,,2026-09-26T21:33:31+00:00,,,,,404,no Wayback capture
,https://obr.uk//docs/dlm_uploads/December_2014_Charts_and_tables-web516.xls,wayback,https://web.archive.org/web/20220516074152id_/https://obr.uk//docs/dlm_uploads/December_2014_Charts_and_tables-web516.xls,2022-05-16T07:41:52+00:00,2026-09-26T21:33:37+00:00,9f394f92b4b32800932748b68aa34e7e97daf41cf7db29f0fd6bf253b4719732,1048576,,,invalid,capture rejected: IndexError: array index out of range
,https://obr.uk/download/march-2011-economic-and-fiscal-outlook-charts-and-tables/,wayback,,,2026-09-26T21:33:40+00:00,,,,,404,no Wayback capture
,http://budgetresponsibility.independent.gov.uk/wordpress/docs/efo_charts_tables_march2011.xls,wayback,https://web.archive.org/web/20121030101516id_/http://budgetresponsibility.independent.gov.uk/wordpress/docs/efo_charts_tables_march2011.xls,2012-10-30T10:15:16+00:00,2026-09-26T21:33:48+00:00,9fb92303fa065ed1180669b82d0291a06bf413c659870df500603edf4e994ed8,3369984,,,invalid,capture rejected: content check failed
,https://obr.uk//docs/dlm_uploads/efo_charts_tables_march2011.xls,wayback,https://web.archive.org/web/20220627054002id_/https://obr.uk//docs/dlm_uploads/efo_charts_tables_march2011.xls,2022-06-27T05:40:02+00:00,2026-09-26T21:33:52+00:00,8bd7069348d3711f6a8a059fce126e486e497df5a091e5a0c5ba26a5eed6d55c,1048576,,,invalid,capture rejected: IndexError: array index out of range
,https://obr.uk/download/march-2026-economic-and-fiscal-outlook-charts-and-tables-chapter-6/,wayback,,,2026-09-26T21:33:56+00:00,,,,,404,no Wayback capture
,https://obr.uk/download/november-2017-economic-and-fiscal-outlook-charts-and-tables-economy/,wayback,,,2026-09-26T21:34:01+00:00,,,,,404,no Wayback capture
,https://obr.uk//docs/dlm_uploads/November_2017_EFO_Economy_charts_and_tables.xlsx,wayback,https://web.archive.org/web/20220627061254id_/https://obr.uk//docs/dlm_uploads/November_2017_EFO_Economy_charts_and_tables.xlsx,2022-06-27T06:12:54+00:00,2026-09-26T21:34:13+00:00,b672707bc106e06d9d917cae1b6319808ca26db3375c8f5d24fb21e6af135537,1048576,,,invalid,capture rejected: BadZipFile: File is not a zip file
,https://obr.uk/download/october-2018-economic-and-fiscal-outlook-charts-and-tables-fiscal/,wayback,https://web.archive.org/web/20210921235627id_/https://obr.uk/download/october-2018-economic-and-fiscal-outlook-charts-and-tables-fiscal/,2021-09-21T23:56:27+00:00,2026-09-26T21:34:19+00:00,c5a72151247231bcbe8befdec96ea3925a669bfa77ecb9d9d7aa06ba15b97ff9,1048576,,,invalid,capture rejected: BadZipFile: File is not a zip file
,https://obr.uk//docs/dlm_uploads/Fiscal_charts_and_tables_October_2018.xlsx,wayback,https://web.archive.org/web/20220706195127id_/https://obr.uk//docs/dlm_uploads/Fiscal_charts_and_tables_October_2018.xlsx,2022-07-06T19:51:27+00:00,2026-09-26T21:34:24+00:00,c5a72151247231bcbe8befdec96ea3925a669bfa77ecb9d9d7aa06ba15b97ff9,1048576,,,invalid,capture rejected: BadZipFile: File is not a zip file
,https://obr.uk/download/economic-and-fiscal-outlook-charts-and-tables-december-2014/,wayback,,,2026-09-26T21:43:22+00:00,,,,,404,no Wayback capture
,https://obr.uk//docs/dlm_uploads/December_2014_Charts_and_tables-web516.xls,wayback,https://web.archive.org/web/20220516074152id_/https://obr.uk//docs/dlm_uploads/December_2014_Charts_and_tables-web516.xls,2022-05-16T07:41:52+00:00,2026-09-26T21:43:39+00:00,9f394f92b4b32800932748b68aa34e7e97daf41cf7db29f0fd6bf253b4719732,1048576,,,invalid,capture rejected: IndexError: array index out of range
,https://obr.uk/download/march-2011-economic-and-fiscal-outlook-charts-and-tables/,wayback,,,2026-09-26T21:43:53+00:00,,,,,404,no Wayback capture
,http://budgetresponsibility.independent.gov.uk/wordpress/docs/efo_charts_tables_march2011.xls,wayback,https://web.archive.org/web/20121030101516id_/http://budgetresponsibility.independent.gov.uk/wordpress/docs/efo_charts_tables_march2011.xls,2012-10-30T10:15:16+00:00,2026-09-26T21:44:00+00:00,9fb92303fa065ed1180669b82d0291a06bf413c659870df500603edf4e994ed8,3369984,,,invalid,capture rejected: content check failed
,https://obr.uk//docs/dlm_uploads/efo_charts_tables_march2011.xls,wayback,https://web.archive.org/web/20220627054002id_/https://obr.uk//docs/dlm_uploads/efo_charts_tables_march2011.xls,2022-06-27T05:40:02+00:00,2026-09-26T21:44:04+00:00,8bd7069348d3711f6a8a059fce126e486e497df5a091e5a0c5ba26a5eed6d55c,1048576,,,invalid,capture rejected: IndexError: array index out of range
,https://obr.uk/download/march-2026-economic-and-fiscal-outlook-charts-and-tables-chapter-6/,wayback,,,2026-09-26T21:44:06+00:00,,,,,404,no Wayback capture
,https://obr.uk/download/november-2017-economic-and-fiscal-outlook-charts-and-tables-economy/,wayback,,,2026-09-26T21:44:09+00:00,,,,,404,no Wayback capture
,https://obr.uk//docs/dlm_uploads/November_2017_EFO_Economy_charts_and_tables.xlsx,wayback,https://web.archive.org/web/20220627061254id_/https://obr.uk//docs/dlm_uploads/November_2017_EFO_Economy_charts_and_tables.xlsx,2022-06-27T06:12:54+00:00,2026-09-26T21:44:17+00:00,b672707bc106e06d9d917cae1b6319808ca26db3375c8f5d24fb21e6af135537,1048576,,,invalid,capture rejected: BadZipFile: File is not a zip file
,https://obr.uk/download/october-2018-economic-and-fiscal-outlook-charts-and-tables-fiscal/,wayback,https://web.archive.org/web/20210921235627id_/https://obr.uk/download/october-2018-economic-and-fiscal-outlook-charts-and-tables-fiscal/,2021-09-21T23:56:27+00:00,2026-09-26T21:44:24+00:00,c5a72151247231bcbe8befdec96ea3925a669bfa77ecb9d9d7aa06ba15b97ff9,1048576,,,invalid,capture rejected: BadZipFile: File is not a zip file
,https://obr.uk//docs/dlm_uploads/Fiscal_charts_and_tables_October_2018.xlsx,wayback,https://web.archive.org/web/20220706195127id_/https://obr.uk//docs/dlm_uploads/Fiscal_charts_and_tables_October_2018.xlsx,2022-07-06T19:51:27+00:00,2026-09-26T21:44:33+00:00,c5a72151247231bcbe8befdec96ea3925a669bfa77ecb9d9d7aa06ba15b97ff9,1048576,,,invalid,capture rejected: BadZipFile: File is not a zip file
,http://budgetresponsibility.independent.gov.uk/wordpress/docs/Forecast-evaluation-report-2011.pdf,wayback,https://web.archive.org/web/20121203133003id_/http://budgetresponsibility.independent.gov.uk/wordpress/docs/Forecast-evaluation-report-2011.pdf,2012-12-03T13:30:03+00:00,2026-09-27T08:58:36+00:00,1aa724a1bf1327276d00756b9c122065f8bd8a65af49d088349469c892436915,1287690,,,invalid,capture rejected: content check failed
,http://budgetresponsibility.independent.gov.uk/wordpress/docs/Forecast-evaluation-report-2011.pdf,wayback,https://web.archive.org/web/20221017214010id_/http://budgetresponsibility.independent.gov.uk/wordpress/docs/Forecast-evaluation-report-2011.pdf,,2026-09-27T08:58:37+00:00,,,,,404,capture not served
,https://obr.uk/docs/dlm_uploads/Forecast-evaluation-report-October-2023.pdf,wayback,https://web.archive.org/web/20260821125404id_/https://obr.uk/docs/dlm_uploads/Forecast-evaluation-report-October-2023.pdf,2026-08-21T12:54:04+00:00,2026-09-27T08:58:44+00:00,4591e453efb454adfcc09d4829f31b22b63f2b20705e6c706d134c216974cd32,857745,,,invalid,capture rejected: content check failed
,https://obr.uk/docs/dlm_uploads/Forecast-evaluation-report-October-2016.pdf,wayback,https://web.archive.org/web/20240625064800id_/https://obr.uk/docs/dlm_uploads/Forecast-evaluation-report-October-2016.pdf,2024-06-25T06:48:00+00:00,2026-09-27T08:58:56+00:00,b000e2467a7c046d10117029cfeed1910220990bc7012535b4d0aa4b214ec409,730620,,,invalid,capture rejected: content check failed
,http://budgetresponsibility.org.uk/docs/dlm_uploads/Forecast-evaluation-report-October-2016-1.pdf,wayback,https://web.archive.org/web/20170623090324id_/http://budgetresponsibility.org.uk:80/docs/dlm_uploads/Forecast-evaluation-report-October-2016-1.pdf,2017-06-23T09:03:24+00:00,2026-09-27T08:59:07+00:00,b000e2467a7c046d10117029cfeed1910220990bc7012535b4d0aa4b214ec409,730620,,,invalid,capture rejected: content check failed
,http://budgetresponsibility.org.uk/docs/dlm_uploads/Forecast-evaluation-report-October-2016-1.pdf,wayback,https://web.archive.org/web/20210525003828id_/http://obr.uk/docs/dlm_uploads/Forecast-evaluation-report-October-2016-1.pdf,2021-05-25T00:38:28+00:00,2026-09-27T08:59:12+00:00,b000e2467a7c046d10117029cfeed1910220990bc7012535b4d0aa4b214ec409,730620,,,invalid,capture rejected: content check failed
,http://obr.uk:80/docs/dlm_uploads/Forecast-evaluation-report-October-2016-1.pdf,wayback,,,2026-09-27T08:59:18+00:00,,,,,404,no Wayback capture
,https://obr.uk/docs/dlm_uploads/Forecast-evaluation-report-October-2024.pdf,wayback,https://web.archive.org/web/20260123094929id_/https://obr.uk/docs/dlm_uploads/Forecast-evaluation-report-October-2024.pdf,2026-01-23T09:49:29+00:00,2026-09-27T08:59:26+00:00,a2111457378d999950c03862b996a52174f9ed9a2e08e8f39feb6a4f8801c9cc,592640,,,invalid,capture rejected: content check failed
,https://obr.uk/download/residential-stamp-duty-land-tax-elasticities-forecast-evaluation-report-october-2017,wayback,https://web.archive.org/web/20220305001429id_/https://obr.uk/download/residential-stamp-duty-land-tax-elasticities-forecast-evaluation-report-october-2017/,2022-03-05T00:14:29+00:00,2026-09-27T08:59:44+00:00,f959f321e8d2db91d1e3d0dee70d7769b80fd9ffe90b635692d69329a537edef,62336,,,invalid,capture rejected: content check failed
,https://obr.uk/download/residential-stamp-duty-land-tax-elasticities-forecast-evaluation-report-october-2017,wayback,https://web.archive.org/web/20260426105833id_/https://obr.uk/docs/dlm_uploads/SDLTelasticities.pdf,2026-04-26T10:58:33+00:00,2026-09-27T08:59:47+00:00,f959f321e8d2db91d1e3d0dee70d7769b80fd9ffe90b635692d69329a537edef,62336,,,invalid,capture rejected: content check failed
,https://obr.uk/download/residential-stamp-duty-land-tax-elasticities-forecast-evaluation-report-october-2017,wayback,https://web.archive.org/web/20250808081829id_/https://obr.uk/docs/dlm_uploads/SDLTelasticities.pdf,2025-08-08T08:18:29+00:00,2026-09-27T08:59:51+00:00,f959f321e8d2db91d1e3d0dee70d7769b80fd9ffe90b635692d69329a537edef,62336,,,invalid,capture rejected: content check failed
raw/documents/obr/Forecast-evaluation-report-2011.pdf,https://obr.uk/download/forecast-evaluation-report-october-2011/,wayback-alternate,https://web.archive.org/web/20121203133003id_/http://budgetresponsibility.independent.gov.uk/wordpress/docs/Forecast-evaluation-report-2011.pdf,2012-12-03T13:30:03+00:00,2026-09-27T09:05:39+00:00,1aa724a1bf1327276d00756b9c122065f8bd8a65af49d088349469c892436915,1287690,"Wed, 12 Oct 2011 11:30:30 GMT",application/pdf,200,"source link not archived; same report archived elsewhere, title page verified; capture of http://budgetresponsibility.independent.gov.uk/wordpress/docs/Forecast-evaluation-report-2011.pdf; 2 distinct captures of this URL"
raw/manual/efo_charts_tables_march2011.xls,https://obr.uk/download/march-2011-economic-and-fiscal-outlook-charts-and-tables/,manual,https://obr.uk/download/march-2011-economic-and-fiscal-outlook-charts-and-tables/,,2026-09-27T16:18:12+00:00,9fb92303fa065ed1180669b82d0291a06bf413c659870df500603edf4e994ed8,3369984,,xls,200,downloaded in a browser; the server's Last-Modified header is not kept; EFO tables; no Wayback capture of this link
raw/manual/December_2014_Charts_and_tables-web516.xls,https://obr.uk/download/economic-and-fiscal-outlook-charts-and-tables-december-2014/,manual,https://obr.uk/download/economic-and-fiscal-outlook-charts-and-tables-december-2014/,,2026-09-27T16:18:18+00:00,4ee98431e322880d8a3bf4e4874390e2ef26de655391586fd53acc7788923ca8,3827200,,xls,200,downloaded in a browser; the server's Last-Modified header is not kept; EFO tables; no Wayback capture of this link
raw/manual/Fiscal_charts_and_tables_October_2018.xlsx,https://obr.uk/download/october-2018-economic-and-fiscal-outlook-charts-and-tables-fiscal/,manual,https://obr.uk/download/october-2018-economic-and-fiscal-outlook-charts-and-tables-fiscal/,,2026-09-27T16:18:25+00:00,28201e72d98066e08db25832bb4f5be26698b3ea595f0a0db089788be3954cc3,1327123,,xlsx,200,downloaded in a browser; the server's Last-Modified header is not kept; EFO tables; no Wayback capture of this link
,https://obr.uk/download/march-2026-economic-and-fiscal-outlook-charts-and-tables-chapter-6/,wayback,,,2026-09-27T16:22:13+00:00,,,,,404,no Wayback capture
,https://obr.uk/download/november-2017-economic-and-fiscal-outlook-charts-and-tables-economy/,wayback,,,2026-09-27T16:22:16+00:00,,,,,404,no Wayback capture
,https://obr.uk//docs/dlm_uploads/November_2017_EFO_Economy_charts_and_tables.xlsx,wayback,https://web.archive.org/web/20220627061254id_/https://obr.uk//docs/dlm_uploads/November_2017_EFO_Economy_charts_and_tables.xlsx,2022-06-27T06:12:54+00:00,2026-09-27T16:22:35+00:00,b672707bc106e06d9d917cae1b6319808ca26db3375c8f5d24fb21e6af135537,1048576,,,invalid,capture rejected: BadZipFile: File is not a zip file
,https://obr.uk/download/commentary-on-the-public-sector-finances-28/,wayback,,,2026-09-29T10:03:31+00:00,,,,,404,no Wayback capture
,https://obr.uk/download/efo-speaking-notes-july-2015/,wayback,,,2026-09-29T10:03:33+00:00,,,,,404,no Wayback capture
raw/documents/cbo/pilot/cbo_mbr/44144,https://www.cbo.gov/publication/44144,wayback,https://web.archive.org/web/20260607015159id_/https://www.cbo.gov/publication/44144,2026-06-07T01:51:59+00:00,2026-09-29T10:03:38+00:00,a1b54fa15e6052d3e0f80ec5b364b7de958d1e05c28420f2478aa5c6e2b4e9fe,45058,"Sun, 07 Jun 2026 01:51:58 GMT",text/html,200,R1 pilot corpus; 121 distinct captures of this URL
raw/documents/cbo/pilot/cbo_beo/45229,https://www.cbo.gov/publication/45229,wayback,https://web.archive.org/web/20260607020125id_/https://www.cbo.gov/publication/45229,2026-06-07T02:01:25+00:00,2026-09-29T10:03:45+00:00,43a4445338a7b6b0f2c91073f203c4a2ae0aa3c5d8fb844d3392b61146809a07,46890,"Sun, 07 Jun 2026 02:01:23 GMT",text/html,200,R1 pilot corpus; 243 distinct captures of this URL
raw/documents/obr/pilot/efo/July-2015-speaking-note.pdf,https://obr.uk/download/efo-speaking-notes-july-2015/,wayback-alternate,https://web.archive.org/web/20170609131055id_/http://budgetresponsibility.org.uk/docs/dlm_uploads/July-2015-speaking-note.pdf,2017-06-09T13:10:55+00:00,2026-09-29T10:05:15+00:00,fd8b208a08f6f171520148ba0ab5749dce3155b95477b4e0796670da977a85eb,161117,"Wed, 20 Jan 2016 10:33:24 GMT",application/pdf,200,"R1 pilot corpus; own link not archived; same document archived under another URL, first pages verified; capture of http://budgetresponsibility.org.uk/docs/dlm_uploads/July-2015-speaking-note.pdf; 1 distinct captures of this URL"
raw/documents/obr/pilot/efo/EU-calendar-year-July-2015.pdf,https://obr.uk/download/eu-transactions-forecast-e-calendar-years-july-2015-economic-and-fiscal-outlook/,wayback,https://web.archive.org/web/20220302134655id_/https://obr.uk/docs/dlm_uploads/EU-calendar-year-July-2015.pdf,2022-03-02T13:46:55+00:00,2026-09-29T10:05:23+00:00,a53be1df895ffd4fc836b6e2fc98d0801ae43bf6176b529580d90ce25534d624,85625,"Mon, 18 Jan 2021 11:54:58 GMT",application/pdf,200,R1 pilot corpus; 1 distinct captures of this URL
raw/documents/cbo/pilot/cbo_mbr/44144-MBR.pdf,https://www.cbo.gov/sites/default/files/113th-congress-2013-2014/reports/44144-MBR.pdf,wayback,https://web.archive.org/web/20250223023417id_/https://www.cbo.gov/sites/default/files/113th-congress-2013-2014/reports/44144-MBR.pdf,2025-02-23T02:34:17+00:00,2026-09-29T10:05:28+00:00,22fbcf3dd52509f07b890289de154b44265e692157fa0fad9f3198b7cc8d4d94,118154,"Mon, 04 Jul 2022 13:21:04 GMT",application/pdf,200,R1 pilot corpus: PDF linked from https://www.cbo.gov/publication/44144; 1 distinct captures of this URL
raw/documents/cbo/pilot/cbo_beo/45229-UpdatedBudgetProjections_OneColumn.pdf,https://www.cbo.gov/sites/default/files/113th-congress-2013-2014/reports/45229-UpdatedBudgetProjections_OneColumn.pdf,wayback,https://web.archive.org/web/20250912202219id_/https://www.cbo.gov/sites/default/files/113th-congress-2013-2014/reports/45229-UpdatedBudgetProjections_OneColumn.pdf,2025-09-12T20:22:19+00:00,2026-09-29T10:05:33+00:00,ec560b106a5d6e7a8e01417f4e3eca4379bcec148a3f095b10d73fd1aaef356c,179746,"Tue, 29 Apr 2025 20:20:27 GMT",application/pdf,200,R1 pilot corpus: PDF linked from https://www.cbo.gov/publication/45229; 2 distinct captures of this URL
raw/documents/cbo/pilot/cbo_beo/43907,https://www.cbo.gov/publication/43907,wayback,https://web.archive.org/web/20260514230717id_/https://www.cbo.gov/publication/43907,2026-05-14T23:07:17+00:00,2026-09-29T10:06:08+00:00,3a70556eb639641e3d5c86189ccab48e17c4e88205b6f572efa0777eb2dca6b1,58501,"Thu, 14 May 2026 23:07:16 GMT",text/html,200,R1 pilot corpus: publication page; 309 distinct captures of this URL
raw/documents/cbo/pilot/cbo_beo/43907-BudgetOutlook.pdf,https://www.cbo.gov/sites/default/files/113th-congress-2013-2014/reports/43907-BudgetOutlook.pdf,wayback,https://web.archive.org/web/20260315054543id_/https://www.cbo.gov/sites/default/files/113th-congress-2013-2014/reports/43907-BudgetOutlook.pdf,2026-03-15T05:45:43+00:00,2026-09-29T10:06:14+00:00,e64be9f66c8e584955077a10bd0fe60ca7ec8a5387899d1e47d8e8d498fda066,846621,"Tue, 29 Apr 2025 20:20:27 GMT",application/pdf,200,R1 pilot corpus: PDF linked from https://www.cbo.gov/publication/43907; 3 distinct captures of this URL
raw/documents/cbo/pilot/cbo_mbr/43915,https://www.cbo.gov/publication/43915,wayback,https://web.archive.org/web/20260618040947id_/https://www.cbo.gov/publication/43915,2026-06-18T04:09:47+00:00,2026-09-29T10:06:22+00:00,fc5ebd63659e8dbf0afb4811af918bbf75726d274bb9a70b3302063ab135955c,39419,"Thu, 18 Jun 2026 04:09:46 GMT",text/html,200,R1 pilot corpus: publication page; 105 distinct captures of this URL
raw/documents/cbo/pilot/cbo_mbr/43915-mbr201301.pdf,https://www.cbo.gov/sites/default/files/113th-congress-2013-2014/reports/43915-mbr201301.pdf,wayback,https://web.archive.org/web/20250904062113id_/https://www.cbo.gov/sites/default/files/113th-congress-2013-2014/reports/43915-mbr201301.pdf,2025-09-04T06:21:13+00:00,2026-09-29T10:06:36+00:00,1b7527dd954cef1057ae795e3271ed2b84265d77699ab69f2fa3f8d74a4b2d09,30619,"Tue, 29 Apr 2025 20:20:27 GMT",application/pdf,200,R1 pilot corpus: PDF linked from https://www.cbo.gov/publication/43915; 1 distinct captures of this URL
raw/documents/cbo/pilot/cbo_mbr/43975,https://www.cbo.gov/publication/43975,wayback,https://web.archive.org/web/20260609184753id_/https://www.cbo.gov/publication/43975,2026-06-09T18:47:53+00:00,2026-09-29T10:06:40+00:00,5043158fc1f3dfbd1f8ffeef6c963ae47cf3075f730d9b6954959b6da4e182c8,40103,"Tue, 09 Jun 2026 18:47:52 GMT",text/html,200,R1 pilot corpus: publication page; 106 distinct captures of this URL
raw/documents/cbo/pilot/cbo_mbr/43975_MBR.pdf,https://www.cbo.gov/sites/default/files/113th-congress-2013-2014/reports/43975_MBR.pdf,wayback,https://web.archive.org/web/20250223110739id_/https://www.cbo.gov/sites/default/files/113th-congress-2013-2014/reports/43975_MBR.pdf,2025-02-23T11:07:39+00:00,2026-09-29T10:06:46+00:00,a3b39adde4886d4555c654d41c7a471f56d2538a6caae294140b569e6cfbfd15,30278,"Mon, 04 Jul 2022 13:21:04 GMT",application/pdf,200,R1 pilot corpus: PDF linked from https://www.cbo.gov/publication/43975; 2 distinct captures of this URL
raw/documents/cbo/pilot/cbo_mbr/44061,https://www.cbo.gov/publication/44061,wayback,https://web.archive.org/web/20260211052322id_/https://www.cbo.gov/publication/44061,2026-02-11T05:23:22+00:00,2026-09-29T10:06:52+00:00,0bd01d18ae81d2113efd52acc853ff6fbec3ea4f69c0b08fd59b10f11a80d9e3,39501,"Wed, 11 Feb 2026 05:23:23 GMT",text/html,200,R1 pilot corpus: publication page; 108 distinct captures of this URL
raw/documents/cbo/pilot/cbo_mbr/44061-MBR.pdf,https://www.cbo.gov/sites/default/files/113th-congress-2013-2014/reports/44061-MBR.pdf,wayback,https://web.archive.org/web/20250222231808id_/https://www.cbo.gov/sites/default/files/113th-congress-2013-2014/reports/44061-MBR.pdf,2025-02-22T23:18:08+00:00,2026-09-29T10:06:58+00:00,64f2a5c7db56ed46c05cc6fb9ac2ec3fc8bc05ae1f91c3acf89740f30dda2e51,44836,"Mon, 04 Jul 2022 13:21:04 GMT",application/pdf,200,R1 pilot corpus: PDF linked from https://www.cbo.gov/publication/44061; 1 distinct captures of this URL
raw/documents/cbo/pilot/cbo_beo/44172,https://www.cbo.gov/publication/44172,wayback,https://web.archive.org/web/20260519005904id_/https://www.cbo.gov/publication/44172,2026-05-19T00:59:04+00:00,2026-09-29T10:07:04+00:00,47a8a424ed7e065ac7997d969eff9ccd4d330122848e716e3e0f49980f472488,48419,"Tue, 19 May 2026 00:59:02 GMT",text/html,200,R1 pilot corpus: publication page; 247 distinct captures of this URL
raw/documents/cbo/pilot/cbo_beo/44172-Baseline-OneColumn.pdf,https://www.cbo.gov/sites/default/files/113th-congress-2013-2014/reports/44172-Baseline-OneColumn.pdf,wayback,https://web.archive.org/web/20250409135032id_/https://www.cbo.gov/sites/default/files/113th-congress-2013-2014/reports/44172-Baseline-OneColumn.pdf,2025-04-09T13:50:32+00:00,2026-09-29T10:07:15+00:00,07be3d49443cbd0e55ad368b063759bc2f604597d84b862b92e6e42cf2800c90,238906,"Mon, 04 Jul 2022 13:21:04 GMT",application/pdf,200,R1 pilot corpus: PDF linked from https://www.cbo.gov/publication/44172; 2 distinct captures of this URL
raw/documents/cbo/pilot/cbo_apb/44173,https://www.cbo.gov/publication/44173,wayback,https://web.archive.org/web/20260618051150id_/https://www.cbo.gov/publication/44173,2026-06-18T05:11:50+00:00,2026-09-29T10:07:19+00:00,5c3fdf0da310aaf03b9e0123500c73dd34c121361fdc2c1cdb0366ac3a392969,47486,"Thu, 18 Jun 2026 05:11:49 GMT",text/html,200,R1 pilot corpus: publication page; 140 distinct captures of this URL
raw/documents/cbo/pilot/cbo_apb/44173-apb0.pdf,https://www.cbo.gov/sites/default/files/113th-congress-2013-2014/reports/44173-apb0.pdf,wayback,https://web.archive.org/web/20251116071403id_/https://www.cbo.gov/sites/default/files/113th-congress-2013-2014/reports/44173-apb0.pdf,2025-11-16T07:14:03+00:00,2026-09-29T10:07:36+00:00,a83d0abdebfaabeece67cbb25c064057b934c7d7f8368a7e495723192de62a32,4835559,"Tue, 29 Apr 2025 20:20:27 GMT",application/pdf,200,R1 pilot corpus: PDF linked from https://www.cbo.gov/publication/44173; 3 distinct captures of this URL
raw/documents/cbo/pilot/cbo_mbr/44320_1b923d00,https://www.cbo.gov/publication/44320,wayback,https://web.archive.org/web/20260218033832id_/https://www.cbo.gov/publication/44320?utm_source=feedblitz&utm_medium=FeedBlitzEmail&utm_content=812526&utm_campaign=0,2026-02-18T03:38:32+00:00,2026-09-29T10:07:42+00:00,ab54e62a453ae5e2217effb701852b5f58dfbed9de53a45bdbf127f86c83c30d,43511,"Wed, 18 Feb 2026 03:38:30 GMT",text/html,200,R1 pilot corpus: publication page; 111 distinct captures of this URL
raw/documents/cbo/pilot/cbo_mbr/44320-MBR3.pdf,https://www.cbo.gov/sites/default/files/113th-congress-2013-2014/reports/44320-MBR3.pdf,wayback,https://web.archive.org/web/20250223042528id_/https://www.cbo.gov/sites/default/files/113th-congress-2013-2014/reports/44320-MBR3.pdf,2025-02-23T04:25:28+00:00,2026-09-29T10:08:00+00:00,8062d3116adc7bd5ac873c7833bec8b9bb36405fc236a07b790e2923ce560fc0,116193,"Mon, 04 Jul 2022 13:21:04 GMT",application/pdf,200,R1 pilot corpus: PDF linked from https://www.cbo.gov/publication/44320; 1 distinct captures of this URL
raw/documents/cbo/pilot/cbo_mbr/44400,https://www.cbo.gov/publication/44400,wayback,https://web.archive.org/web/20260514223535id_/https://www.cbo.gov/publication/44400,2026-05-14T22:35:35+00:00,2026-09-29T10:08:05+00:00,40622f61446308e9c6fcd27f439c4a0977fa734779f0fe3b1e03e7aef4957f5e,44222,"Thu, 14 May 2026 22:35:34 GMT",text/html,200,R1 pilot corpus: publication page; 117 distinct captures of this URL
raw/documents/cbo/pilot/cbo_mbr/44400-June2013MBR.pdf,https://www.cbo.gov/sites/default/files/113th-congress-2013-2014/reports/44400-June2013MBR.pdf,wayback,https://web.archive.org/web/20251213170529id_/https://www.cbo.gov/sites/default/files/113th-congress-2013-2014/reports/44400-June2013MBR.pdf,2025-12-13T17:05:29+00:00,2026-09-29T10:08:35+00:00,885c8f4523c37eb7b29df19ca24b9c0ca790bc9733bdc1235d94be396771ce09,126407,"Tue, 29 Apr 2025 20:20:27 GMT",application/pdf,200,R1 pilot corpus: PDF linked from https://www.cbo.gov/publication/44400; 1 distinct captures of this URL
raw/documents/cbo/pilot/cbo_mbr/44495,https://www.cbo.gov/publication/44495,wayback,https://web.archive.org/web/20260607024051id_/https://www.cbo.gov/publication/44495,2026-06-07T02:40:51+00:00,2026-09-29T10:08:41+00:00,d2af253e486f43e3605a59622bb494f32560afa770ee65f9a9fd6a8a55b1630f,44042,"Sun, 07 Jun 2026 02:40:49 GMT",text/html,200,R1 pilot corpus: publication page; 119 distinct captures of this URL
raw/documents/cbo/pilot/cbo_mbr/44495-MBR.pdf,https://www.cbo.gov/sites/default/files/113th-congress-2013-2014/reports/44495-MBR.pdf,wayback,https://web.archive.org/web/20250909161251id_/https://www.cbo.gov/sites/default/files/113th-congress-2013-2014/reports/44495-MBR.pdf,2025-09-09T16:12:51+00:00,2026-09-29T10:08:55+00:00,c33e99fe3ab6d4dc3bb1c555fff00872bf0db9dafb87e178e72e82b725c9c6e8,118001,"Tue, 29 Apr 2025 20:20:27 GMT",application/pdf,200,R1 pilot corpus: PDF linked from https://www.cbo.gov/publication/44495; 1 distinct captures of this URL
raw/documents/cbo/pilot/cbo_mbr/44552,https://www.cbo.gov/publication/44552,wayback,https://web.archive.org/web/20260311095724id_/https://www.cbo.gov/publication/44552,2026-03-11T09:57:24+00:00,2026-09-29T10:09:04+00:00,8cb779c85e530f961133264e56679cf08fbcc5c90c4e33ffd7adc748aad7ee93,43898,"Wed, 11 Mar 2026 09:57:23 GMT",text/html,200,R1 pilot corpus: publication page; 108 distinct captures of this URL
raw/documents/cbo/pilot/cbo_mbr/44552-MBR_2013_08.pdf,https://www.cbo.gov/system/files/2018-10/44552-MBR_2013_08.pdf,wayback,https://web.archive.org/web/20260413090026id_/https://www.cbo.gov/system/files/2018-10/44552-MBR_2013_08.pdf,2026-04-13T09:00:26+00:00,2026-09-29T10:09:11+00:00,dee9b86a969ccfa2a494c5fe53b7427c710961f100030111b7ea6409863b854b,118493,"Fri, 09 May 2025 20:14:22 GMT",application/pdf,200,R1 pilot corpus: PDF linked from https://www.cbo.gov/publication/44552; 1 distinct captures of this URL
raw/documents/cbo/pilot/cbo_mbr/44716,https://www.cbo.gov/publication/44716,wayback,https://web.archive.org/web/20260710171926id_/https://www.cbo.gov/publication/44716,2026-07-10T17:19:26+00:00,2026-09-29T10:09:16+00:00,c64552d2accc93ff9ce27cd2ee0b82ac6a102873331723dc404084509021b40a,42146,"Fri, 10 Jul 2026 16:33:35 GMT",text/html,200,R1 pilot corpus: publication page; 135 distinct captures of this URL
raw/documents/cbo/pilot/cbo_mbr/44716-MBR_FY2013.pdf,https://www.cbo.gov/system/files/2018-09/44716-MBR_FY2013.pdf,wayback,https://web.archive.org/web/20250222182435id_/https://www.cbo.gov/system/files/2018-09/44716-MBR_FY2013.pdf,2025-02-22T18:24:35+00:00,2026-09-29T10:09:31+00:00,5b054cc604e9ff300b5b65c163a16f144b276fa224ae0449aada893b4c7c415a,142889,"Mon, 04 Jul 2022 13:21:05 GMT",application/pdf,200,R1 pilot corpus: PDF linked from https://www.cbo.gov/publication/44716; 2 distinct captures of this URL
raw/documents/cbo/pilot/cbo_mbr/44938,https://www.cbo.gov/publication/44938,wayback,https://web.archive.org/web/20260618044700id_/https://www.cbo.gov/publication/44938,2026-06-18T04:47:00+00:00,2026-09-29T10:47:57+00:00,7168bc19515eb8c094170d18c362cc0a7cd2e266285d33bc2f327d9f49072f49,41310,"Thu, 18 Jun 2026 04:46:59 GMT",text/html,200,R1 pilot corpus: publication page; 103 distinct captures of this URL
raw/documents/cbo/pilot/cbo_mbr/44938-MBR.pdf,https://www.cbo.gov/sites/default/files/113th-congress-2013-2014/reports/44938-MBR.pdf,wayback,https://web.archive.org/web/20250222225535id_/https://www.cbo.gov/sites/default/files/113th-congress-2013-2014/reports/44938-MBR.pdf,2025-02-22T22:55:35+00:00,2026-09-29T10:48:12+00:00,123b90246b393b4e847d33f0085adc062c42e848015b710371635b31a2d6c3c9,111044,"Mon, 04 Jul 2022 13:21:04 GMT",application/pdf,200,R1 pilot corpus: PDF linked from https://www.cbo.gov/publication/44938; 1 distinct captures of this URL
raw/documents/cbo/pilot/cbo_mbr/44999,https://www.cbo.gov/publication/44999,wayback,https://web.archive.org/web/20260420024751id_/https://www.cbo.gov/publication/44999,2026-04-20T02:47:51+00:00,2026-09-29T10:48:18+00:00,55585c12b341eaf11a8ca623cecd5129f5fb03fafec75dafe9cedc63cdd9cd6b,42354,"Mon, 20 Apr 2026 02:47:50 GMT",text/html,200,R1 pilot corpus: publication page; 101 distinct captures of this URL
raw/documents/cbo/pilot/cbo_mbr/44999-MBR.pdf,https://www.cbo.gov/sites/default/files/113th-congress-2013-2014/reports/44999-MBR.pdf,wayback,https://web.archive.org/web/20250222224305id_/https://www.cbo.gov/sites/default/files/113th-congress-2013-2014/reports/44999-MBR.pdf,2025-02-22T22:43:05+00:00,2026-09-29T10:48:27+00:00,24d4c33fe640e3e3f4f19b5f188811591867239de7a8d58eece48e701a0ec9c1,109789,"Mon, 04 Jul 2022 13:21:04 GMT",application/pdf,200,R1 pilot corpus: PDF linked from https://www.cbo.gov/publication/44999; 1 distinct captures of this URL
raw/documents/cbo/pilot/cbo_beo/45010,https://www.cbo.gov/publication/45010,wayback,https://web.archive.org/web/20260618045847id_/https://www.cbo.gov/publication/45010,2026-06-18T04:58:47+00:00,2026-09-29T10:48:32+00:00,e1ab174650a8d2d8affff04fd702c24b41c55fde12be2c77316fa809f06be5e7,60947,"Thu, 18 Jun 2026 04:58:45 GMT",text/html,200,R1 pilot corpus: publication page; 426 distinct captures of this URL
raw/documents/cbo/pilot/cbo_beo/45010-outlook2014feb0.pdf,https://www.cbo.gov/sites/default/files/113th-congress-2013-2014/reports/45010-outlook2014feb0.pdf,wayback,https://web.archive.org/web/20250711010552id_/https://www.cbo.gov/sites/default/files/113th-congress-2013-2014/reports/45010-outlook2014feb0.pdf,2025-07-11T01:05:52+00:00,2026-09-29T10:48:39+00:00,787a902f978f3a51b1eab37db06edea3861b9e2624c9f78c449c4515a3fb6d82,1754222,"Tue, 29 Apr 2025 20:20:27 GMT",application/pdf,200,R1 pilot corpus: PDF linked from https://www.cbo.gov/publication/45010; 4 distinct captures of this URL
raw/documents/cbo/pilot/cbo_mbr/45091,https://www.cbo.gov/publication/45091,wayback,https://web.archive.org/web/20260612105804id_/https://www.cbo.gov/publication/45091,2026-06-12T10:58:04+00:00,2026-09-29T10:48:46+00:00,c09fb3f0b01f118e124cf067d011a3d5b0b9946deec091c8a12da78c0224310c,44580,"Fri, 12 Jun 2026 10:58:03 GMT",text/html,200,R1 pilot corpus: publication page; 130 distinct captures of this URL
raw/documents/cbo/pilot/cbo_mbr/45091-MBR.pdf,https://www.cbo.gov/sites/default/files/113th-congress-2013-2014/reports/45091-MBR.pdf,wayback,https://web.archive.org/web/20250223104230id_/https://www.cbo.gov/sites/default/files/113th-congress-2013-2014/reports/45091-MBR.pdf,2025-02-23T10:42:30+00:00,2026-09-29T10:48:56+00:00,2e4bd2483c1daacd3a05aeab3987ae013980dff01beecfdb946e7d1d4e053eea,111002,"Mon, 04 Jul 2022 13:21:04 GMT",application/pdf,200,R1 pilot corpus: PDF linked from https://www.cbo.gov/publication/45091; 1 distinct captures of this URL
raw/documents/cbo/pilot/cbo_mbr/45174,https://www.cbo.gov/publication/45174,wayback,https://web.archive.org/web/20260607144940id_/https://www.cbo.gov/publication/45174,2026-06-07T14:49:40+00:00,2026-09-29T10:49:22+00:00,4bda03108989dcfc39ad77c81837ab358b89636e231f7b86436abbd5115e609d,43747,"Sun, 07 Jun 2026 14:49:39 GMT",text/html,200,R1 pilot corpus: publication page; 130 distinct captures of this URL
raw/documents/cbo/pilot/cbo_mbr/45174-MBR.pdf,https://www.cbo.gov/sites/default/files/113th-congress-2013-2014/reports/45174-MBR.pdf,wayback,https://web.archive.org/web/20250324184636id_/https://www.cbo.gov/sites/default/files/113th-congress-2013-2014/reports/45174-MBR.pdf,2025-03-24T18:46:36+00:00,2026-09-29T10:49:27+00:00,f2af1b28c630d7f55097e047bfb77f38dfb2fb985d1df46ddd1cd41c489324ff,116161,"Mon, 04 Jul 2022 13:21:04 GMT",application/pdf,200,R1 pilot corpus: PDF linked from https://www.cbo.gov/publication/45174; 1 distinct captures of this URL
raw/documents/cbo/pilot/cbo_mbr/45237,https://www.cbo.gov/publication/45237,wayback,https://web.archive.org/web/20260618052127id_/https://www.cbo.gov/publication/45237,2026-06-18T05:21:27+00:00,2026-09-29T10:49:33+00:00,afaea4f3d5941515d065a8740af9f01d130c879d3e789b84826ab21861ffb434,43735,"Thu, 18 Jun 2026 05:21:26 GMT",text/html,200,R1 pilot corpus: publication page; 124 distinct captures of this URL
raw/documents/cbo/pilot/cbo_mbr/45237-mbr.pdf,https://www.cbo.gov/sites/default/files/113th-congress-2013-2014/reports/45237-mbr.pdf,wayback,https://web.archive.org/web/20250331130058id_/https://www.cbo.gov/sites/default/files/113th-congress-2013-2014/reports/45237-mbr.pdf,2025-03-31T13:00:58+00:00,2026-09-29T10:49:40+00:00,c38466237f7b1776f602ef50a7393243d745f07178b7c0e7a1cf9df55bd2f05b,118889,"Mon, 04 Jul 2022 13:21:04 GMT",application/pdf,200,R1 pilot corpus: PDF linked from https://www.cbo.gov/publication/45237; 1 distinct captures of this URL
raw/documents/cbo/pilot/cbo_apb/45230,https://www.cbo.gov/publication/45230,wayback,https://web.archive.org/web/20260521043237id_/https://www.cbo.gov/publication/45230,2026-05-21T04:32:37+00:00,2026-09-29T10:49:45+00:00,884ac0dd6d2dcabe31bcea081c05dbdf13c06bcf15cae60f9b18b28c2ca3b42a,48879,"Thu, 21 May 2026 04:32:36 GMT",text/html,200,R1 pilot corpus: publication page; 162 distinct captures of this URL
raw/documents/cbo/pilot/cbo_apb/45230-APB_OneColumn.pdf,https://www.cbo.gov/sites/default/files/113th-congress-2013-2014/reports/45230-APB_OneColumn.pdf,wayback,https://web.archive.org/web/20250223100032id_/https://www.cbo.gov/sites/default/files/113th-congress-2013-2014/reports/45230-APB_OneColumn.pdf,2025-02-23T10:00:32+00:00,2026-09-29T10:49:53+00:00,0d80978fdeee218025f0f7da27fe73d40239cd1b19de8f367dddac13ecede339,224087,"Mon, 04 Jul 2022 13:21:04 GMT",application/pdf,200,R1 pilot corpus: PDF linked from https://www.cbo.gov/publication/45230; 2 distinct captures of this URL
raw/documents/cbo/pilot/cbo_mbr/45334,https://www.cbo.gov/publication/45334,wayback,https://web.archive.org/web/20260607144726id_/https://www.cbo.gov/publication/45334,2026-06-07T14:47:26+00:00,2026-09-29T10:50:00+00:00,a857a369b6f84d2de68e8ee186376d414340f5bad9731f2aa2a6e5d7773a7955,44348,"Sun, 07 Jun 2026 14:47:25 GMT",text/html,200,R1 pilot corpus: publication page; 127 distinct captures of this URL
raw/documents/cbo/pilot/cbo_mbr/45334-201404-mbr.pdf,https://www.cbo.gov/sites/default/files/113th-congress-2013-2014/reports/45334-201404-mbr.pdf,wayback,https://web.archive.org/web/20250222222104id_/https://www.cbo.gov/sites/default/files/113th-congress-2013-2014/reports/45334-201404-mbr.pdf,2025-02-22T22:21:04+00:00,2026-09-29T10:50:05+00:00,40d96706911579a93fdf2b0b33a2eabd1426321f50d376df782b7a954b7b7fab,114869,"Mon, 04 Jul 2022 13:21:04 GMT",application/pdf,200,R1 pilot corpus: PDF linked from https://www.cbo.gov/publication/45334; 1 distinct captures of this URL
raw/documents/cbo/pilot/cbo_mbr/45426,https://www.cbo.gov/publication/45426,wayback,https://web.archive.org/web/20260412160626id_/https://www.cbo.gov/publication/45426,2026-04-12T16:06:26+00:00,2026-09-29T10:50:10+00:00,c7da8846b152ace8c9f59f3108a4ecffbb20ad05e10e45126e6b89a2b48a6d57,43095,"Sun, 12 Apr 2026 16:06:24 GMT",text/html,200,R1 pilot corpus: publication page; 133 distinct captures of this URL
raw/documents/cbo/pilot/cbo_mbr/45426-MBR.pdf,https://www.cbo.gov/sites/default/files/113th-congress-2013-2014/reports/45426-MBR.pdf,wayback,https://web.archive.org/web/20250909165328id_/https://www.cbo.gov/sites/default/files/113th-congress-2013-2014/reports/45426-MBR.pdf,2025-09-09T16:53:28+00:00,2026-09-29T10:50:18+00:00,da5b7550bdbfdeaa29c58afe01b35af91477091453f11d1c7ce35b9f43965c71,114942,"Tue, 29 Apr 2025 20:20:27 GMT",application/pdf,200,R1 pilot corpus: PDF linked from https://www.cbo.gov/publication/45426; 1 distinct captures of this URL
raw/documents/cbo/pilot/cbo_mbr/45504,https://www.cbo.gov/publication/45504,wayback,https://web.archive.org/web/20260414090713id_/https://www.cbo.gov/publication/45504,2026-04-14T09:07:13+00:00,2026-09-29T10:50:27+00:00,fca37f275e3b2f51e3dc51bbe26ca77654d21ad26fd259f5fbddb3d652a0f3b0,61469,"Tue, 14 Apr 2026 09:07:12 GMT",text/html,200,R1 pilot corpus: publication page; 117 distinct captures of this URL
raw/documents/cbo/pilot/cbo_mbr/45504-MBR.pdf,https://www.cbo.gov/sites/default/files/113th-congress-2013-2014/reports/45504-MBR.pdf,wayback,https://web.archive.org/web/20250223035535id_/https://www.cbo.gov/sites/default/files/113th-congress-2013-2014/reports/45504-MBR.pdf,2025-02-23T03:55:35+00:00,2026-09-29T10:50:34+00:00,5bc6f379d4a35d1c8d2416c7315041d9f0403d8ba97357cf9fa0e8e401215279,106323,"Mon, 04 Jul 2022 13:21:04 GMT",application/pdf,200,R1 pilot corpus: PDF linked from https://www.cbo.gov/publication/45504; 1 distinct captures of this URL
raw/documents/cbo/pilot/cbo_apb/45540,https://www.cbo.gov/publication/45540,wayback,https://web.archive.org/web/20260618053330id_/https://www.cbo.gov/publication/45540,2026-06-18T05:33:30+00:00,2026-09-29T10:50:39+00:00,7bdb0a28798c2a45951f1d2e2e1a9401b4b64234bcce9e3cdc56f756ff106991,46821,"Thu, 18 Jun 2026 05:33:29 GMT",text/html,200,R1 pilot corpus: publication page; 135 distinct captures of this URL
raw/documents/cbo/pilot/cbo_apb/45540-Economic_APB.pdf,https://www.cbo.gov/sites/default/files/113th-congress-2013-2014/reports/45540-Economic_APB.pdf,wayback,https://web.archive.org/web/20260115083516id_/https://www.cbo.gov/sites/default/files/113th-congress-2013-2014/reports/45540-Economic_APB.pdf,2026-01-15T08:35:16+00:00,2026-09-29T10:50:47+00:00,5f22e12ad197c0fc704c49d74373edb11036d8c3b19b4b1d0db8f064ba7ad5ef,1212793,"Tue, 29 Apr 2025 20:20:27 GMT",application/pdf,200,R1 pilot corpus: PDF linked from https://www.cbo.gov/publication/45540; 3 distinct captures of this URL
raw/documents/cbo/pilot/cbo_mbr/45629,https://www.cbo.gov/publication/45629,wayback,https://web.archive.org/web/20260607012357id_/https://www.cbo.gov/publication/45629,2026-06-07T01:23:57+00:00,2026-09-29T10:50:52+00:00,06347b7939ee0d216ba5032a434b3da975b2d52a56d7831f44cb32016b41a48a,59305,"Sun, 07 Jun 2026 01:23:56 GMT",text/html,200,R1 pilot corpus: publication page; 124 distinct captures of this URL
raw/documents/cbo/pilot/cbo_mbr/45629-MBR.pdf,https://www.cbo.gov/sites/default/files/113th-congress-2013-2014/reports/45629-MBR.pdf,wayback,https://web.archive.org/web/20251213161914id_/https://www.cbo.gov/sites/default/files/113th-congress-2013-2014/reports/45629-MBR.pdf,2025-12-13T16:19:14+00:00,2026-09-29T10:51:02+00:00,b8c7a04575bea02ec288b47e5c3236b8c3b96fe1380ac7db0cd2515dd4d7618b,302608,"Tue, 29 Apr 2025 20:20:27 GMT",application/pdf,200,R1 pilot corpus: PDF linked from https://www.cbo.gov/publication/45629; 1 distinct captures of this URL
raw/documents/cbo/pilot/cbo_beo/45653,https://www.cbo.gov/publication/45653,wayback,https://web.archive.org/web/20260414102048id_/https://www.cbo.gov/publication/45653,2026-04-14T10:20:48+00:00,2026-09-29T10:51:08+00:00,a761ec42bba4bfa2e7b2387a2807827cc0d3fd59ace82a1fc55acd378925817b,57490,"Tue, 14 Apr 2026 10:20:47 GMT",text/html,200,R1 pilot corpus: publication page; 364 distinct captures of this URL
raw/documents/cbo/pilot/cbo_beo/45653-outlookupdate2014aug.pdf,https://www.cbo.gov/sites/default/files/113th-congress-2013-2014/reports/45653-outlookupdate2014aug.pdf,wayback,https://web.archive.org/web/20250222184355id_/https://www.cbo.gov/sites/default/files/113th-congress-2013-2014/reports/45653-outlookupdate2014aug.pdf,2025-02-22T18:43:55+00:00,2026-09-29T10:51:24+00:00,a4f369315bf81d658e29575175a247c03e542f6362f07f63ff085bef0af02cd8,1013497,"Mon, 04 Jul 2022 13:21:04 GMT",application/pdf,200,R1 pilot corpus: PDF linked from https://www.cbo.gov/publication/45653; 2 distinct captures of this URL
raw/documents/cbo/pilot/cbo_mbr/45694,https://www.cbo.gov/publication/45694,wayback,https://web.archive.org/web/20260710174410id_/https://www.cbo.gov/publication/45694,2026-07-10T17:44:10+00:00,2026-09-29T14:19:11+00:00,f969456c87763bf6b0059844a971c16342c5cb96ca4708bd9ada2a62f1419c26,60578,"Fri, 10 Jul 2026 17:44:09 GMT",text/html,200,R1 pilot corpus: publication page; 143 distinct captures of this URL
raw/documents/cbo/pilot/cbo_mbr/45694-mbr0.pdf,https://www.cbo.gov/sites/default/files/113th-congress-2013-2014/reports/45694-mbr0.pdf,wayback,https://web.archive.org/web/20260519065256id_/https://www.cbo.gov/sites/default/files/113th-congress-2013-2014/reports/45694-mbr0.pdf,2026-05-19T06:52:56+00:00,2026-09-29T14:19:17+00:00,de7d573b0bd9806b3789fca82245ee6721ba7ea51897c1d55fdb8e7fb8fe96ec,299140,"Tue, 29 Apr 2025 20:20:27 GMT",application/pdf,200,R1 pilot corpus: PDF linked from https://www.cbo.gov/publication/45694; 1 distinct captures of this URL
raw/documents/cbo/pilot/cbo_mbr/49450,https://www.cbo.gov/publication/49450,wayback,https://web.archive.org/web/20260521054035id_/https://www.cbo.gov/publication/49450,2026-05-21T05:40:35+00:00,2026-09-29T14:19:23+00:00,fa4c5d20f5f93bce05160403238b0e8306b6548ee05c87e2d1208d6a9b81e0d9,46443,"Thu, 21 May 2026 05:40:34 GMT",text/html,200,R1 pilot corpus: publication page; 190 distinct captures of this URL
raw/documents/cbo/pilot/cbo_mbr/49450-MBR.pdf,https://www.cbo.gov/sites/default/files/113th-congress-2013-2014/reports/49450-MBR.pdf,wayback,https://web.archive.org/web/20250228145029id_/https://www.cbo.gov/sites/default/files/113th-congress-2013-2014/reports/49450-MBR.pdf,2025-02-28T14:50:29+00:00,2026-09-29T14:19:29+00:00,f8d9e91d3af785e84351656e5dc594ed71eea6335116c1233c455ade773c55fb,104006,"Mon, 04 Jul 2022 13:21:04 GMT",application/pdf,200,R1 pilot corpus: PDF linked from https://www.cbo.gov/publication/49450; 1 distinct captures of this URL
raw/documents/cbo/pilot/cbo_mbr/49759,https://www.cbo.gov/publication/49759,wayback,https://web.archive.org/web/20260511183722id_/https://www.cbo.gov/publication/49759,2026-05-11T18:37:22+00:00,2026-09-29T14:19:35+00:00,8ea480045ba1b25720e5f185543dda5d26c9525160976f7fb02b35034bd1e9fd,43987,"Mon, 11 May 2026 18:37:21 GMT",text/html,200,R1 pilot corpus: publication page; 157 distinct captures of this URL
raw/documents/cbo/pilot/cbo_mbr/49759-MBR.pdf,https://www.cbo.gov/sites/default/files/113th-congress-2013-2014/reports/49759-MBR.pdf,wayback,https://web.archive.org/web/20250524131015id_/https://www.cbo.gov/sites/default/files/113th-congress-2013-2014/reports/49759-MBR.pdf,2025-05-24T13:10:15+00:00,2026-09-29T14:19:41+00:00,504d907b02dc55f704db623427efd693285a90acd3a2bf532bb7efaafc7c8f4c,114880,"Tue, 29 Apr 2025 20:20:27 GMT",application/pdf,200,R1 pilot corpus: PDF linked from https://www.cbo.gov/publication/49759; 2 distinct captures of this URL
raw/documents/cbo/pilot/cbo_mbr/49806,https://www.cbo.gov/publication/49806,wayback,https://web.archive.org/web/20260510145154id_/https://www.cbo.gov/publication/49806,2026-05-10T14:51:54+00:00,2026-09-29T14:19:47+00:00,c530cad2ec7f5d365e0addaf36da3640625128a3bad1cbed447ebd1d61001db3,41274,"Sun, 10 May 2026 14:51:52 GMT",text/html,200,R1 pilot corpus: publication page; 98 distinct captures of this URL
raw/documents/cbo/pilot/cbo_mbr/49806-MBR-November.pdf,https://www.cbo.gov/sites/default/files/113th-congress-2013-2014/reports/49806-MBR-November.pdf,wayback,https://web.archive.org/web/20251213162331id_/https://www.cbo.gov/sites/default/files/113th-congress-2013-2014/reports/49806-MBR-November.pdf,2025-12-13T16:23:31+00:00,2026-09-29T14:19:53+00:00,e1b3eca9e90ad0821b35201fafaa45ad5b4f107b7c946c4fd7f0d4a734cbb3d0,95543,"Tue, 29 Apr 2025 20:20:27 GMT",application/pdf,200,R1 pilot corpus: PDF linked from https://www.cbo.gov/publication/49806; 1 distinct captures of this URL
raw/documents/cbo/pilot/cbo_mbr/49867,https://www.cbo.gov/publication/49867,wayback,https://web.archive.org/web/20260211051536id_/https://www.cbo.gov/publication/49867,2026-02-11T05:15:36+00:00,2026-09-29T14:19:59+00:00,76c550e7a370e11084edefc9665aceac80148ac9594a89f010c7601a34b6a689,40775,"Wed, 11 Feb 2026 05:07:23 GMT",text/html,200,R1 pilot corpus: publication page; 97 distinct captures of this URL
raw/documents/cbo/pilot/cbo_mbr/49867-mbr.pdf,https://www.cbo.gov/sites/default/files/114th-congress-2015-2016/reports/49867-mbr.pdf,wayback,https://web.archive.org/web/20250222142156id_/https://www.cbo.gov/sites/default/files/114th-congress-2015-2016/reports/49867-mbr.pdf,2025-02-22T14:21:56+00:00,2026-09-29T14:20:05+00:00,7adcbb5b15bbf58774f84da16e5fbc1f209018953f926425bcd633dd3aa607c0,303752,"Mon, 04 Jul 2022 13:21:05 GMT",application/pdf,200,R1 pilot corpus: PDF linked from https://www.cbo.gov/publication/49867; 1 distinct captures of this URL
raw/documents/cbo/pilot/cbo_beo/49892,https://www.cbo.gov/publication/49892,wayback,https://web.archive.org/web/20260520102255id_/https://www.cbo.gov/publication/49892,2026-05-20T10:22:55+00:00,2026-09-29T14:20:11+00:00,dac02e92ad9d26f4fb499552b24ffbca486b2fc4f66cf90d3ffaff3a58b06d82,56323,"Wed, 20 May 2026 09:45:10 GMT",text/html,200,R1 pilot corpus: publication page; 374 distinct captures of this URL
raw/documents/cbo/pilot/cbo_beo/49892-Outlook2015.pdf,https://www.cbo.gov/sites/default/files/114th-congress-2015-2016/reports/49892-Outlook2015.pdf,wayback,https://web.archive.org/web/20250807104320id_/https://www.cbo.gov/sites/default/files/114th-congress-2015-2016/reports/49892-Outlook2015.pdf,2025-08-07T10:43:20+00:00,2026-09-29T14:20:18+00:00,a6ca72d702cc3122003477f5d536dacca29b2ea4358ff328a095a10764d34db0,1889513,"Tue, 29 Apr 2025 20:20:28 GMT",application/pdf,200,R1 pilot corpus: PDF linked from https://www.cbo.gov/publication/49892; 5 distinct captures of this URL
raw/documents/cbo/pilot/cbo_mbr/49924,https://www.cbo.gov/publication/49924,wayback,https://web.archive.org/web/20260607023751id_/https://www.cbo.gov/publication/49924,2026-06-07T02:37:51+00:00,2026-09-29T14:20:23+00:00,cccfc2c978694773fe839462e65af7c1549d475b5582681acd9a36af6323edc3,43166,"Sun, 07 Jun 2026 02:37:50 GMT",text/html,200,R1 pilot corpus: publication page; 111 distinct captures of this URL
raw/documents/cbo/pilot/cbo_mbr/49924-MBR-1.pdf,https://www.cbo.gov/sites/default/files/114th-congress-2015-2016/reports/49924-MBR-1.pdf,wayback,https://web.archive.org/web/20250223025326id_/https://www.cbo.gov/sites/default/files/114th-congress-2015-2016/reports/49924-MBR-1.pdf,2025-02-23T02:53:26+00:00,2026-09-29T14:20:29+00:00,976eabca8bb543efcb04d0640a59a5a715cbc375331ca4220528e3d677314d3b,110202,"Mon, 04 Jul 2022 13:21:05 GMT",application/pdf,200,R1 pilot corpus: PDF linked from https://www.cbo.gov/publication/49924; 1 distinct captures of this URL
raw/documents/cbo/pilot/cbo_beo/49973,https://www.cbo.gov/publication/49973,wayback,https://web.archive.org/web/20260824104119id_/https://www.cbo.gov/publication/49973,2026-08-24T10:41:19+00:00,2026-09-29T14:20:35+00:00,d19fb98024db184fcad38e43ae27f1f5c738171e5ef7aebda5d51a541785bf6d,45446,"Mon, 24 Aug 2026 10:41:19 GMT",text/html,200,R1 pilot corpus: publication page; 216 distinct captures of this URL
raw/documents/cbo/pilot/cbo_beo/49973-UpdatedBudgetProjections.pdf,https://www.cbo.gov/system/files/2018-10/49973-UpdatedBudgetProjections.pdf,wayback,https://web.archive.org/web/20250223131442id_/https://www.cbo.gov/system/files/2018-10/49973-UpdatedBudgetProjections.pdf,2025-02-23T13:14:42+00:00,2026-09-29T14:20:42+00:00,1612c3972e1064a0cc0b7b41d7f808e247d781841c8afddebf9b8af49f046fd8,460997,"Mon, 04 Jul 2022 13:21:05 GMT",application/pdf,200,R1 pilot corpus: PDF linked from https://www.cbo.gov/publication/49973; 2 distinct captures of this URL
raw/documents/cbo/pilot/cbo_mbr/50000,https://www.cbo.gov/publication/50000,wayback,https://web.archive.org/web/20260520223350id_/https://www.cbo.gov/publication/50000,2026-05-20T22:33:50+00:00,2026-09-29T14:20:47+00:00,5fd1508b6aab9bbfb6c90c74031acd9e072be5b384b339abc78e5982a8efada8,43564,"Wed, 20 May 2026 22:33:49 GMT",text/html,200,R1 pilot corpus: publication page; 100 distinct captures of this URL
raw/documents/cbo/pilot/cbo_mbr/50000-MBR.pdf,https://www.cbo.gov/sites/default/files/114th-congress-2015-2016/reports/50000-MBR.pdf,wayback,https://web.archive.org/web/20260311215902id_/https://www.cbo.gov/sites/default/files/114th-congress-2015-2016/reports/50000-MBR.pdf,2026-03-11T21:59:02+00:00,2026-09-29T14:20:54+00:00,d1d68850d1b94cf7af3dace414c8a9cbb4e68f8a165c0312c5b274b5881e7d3f,116227,"Tue, 29 Apr 2025 20:20:28 GMT",application/pdf,200,R1 pilot corpus: PDF linked from https://www.cbo.gov/publication/50000; 1 distinct captures of this URL
raw/documents/cbo/pilot/cbo_apb/49979,https://www.cbo.gov/publication/49979,wayback,https://web.archive.org/web/20260609181721id_/https://www.cbo.gov/publication/49979,2026-06-09T18:17:21+00:00,2026-09-29T14:20:59+00:00,ef5c64878aa1d5a82563a4ca1678c1403984125fa0033988ff6966af91b7356f,49000,"Tue, 09 Jun 2026 18:17:19 GMT",text/html,200,R1 pilot corpus: publication page; 169 distinct captures of this URL
raw/documents/cbo/pilot/cbo_apb/49979-analysisofpresidentsbudget-2.pdf,https://www.cbo.gov/sites/default/files/114th-congress-2015-2016/reports/49979-analysisofpresidentsbudget-2.pdf,wayback,https://web.archive.org/web/20251008043415id_/https://www.cbo.gov/sites/default/files/114th-congress-2015-2016/reports/49979-analysisofpresidentsbudget-2.pdf,2025-10-08T04:34:15+00:00,2026-09-29T14:21:06+00:00,385ffd4333d1db3bb5b8d51badc9d136ef0712ea92d2caa63a115571222e8873,831598,"Tue, 29 Apr 2025 20:20:28 GMT",application/pdf,200,R1 pilot corpus: PDF linked from https://www.cbo.gov/publication/49979; 2 distinct captures of this URL
raw/documents/cbo/pilot/cbo_mbr/50095,https://www.cbo.gov/publication/50095,wayback,https://web.archive.org/web/20260311104947id_/https://www.cbo.gov/publication/50095,2026-03-11T10:49:47+00:00,2026-09-29T14:21:11+00:00,cbd737fb95d1b9e5df377d06c10aab25e08346dfb925fbead9369c2082adef52,34554,"Wed, 11 Mar 2026 10:49:45 GMT",text/html,200,R1 pilot corpus: publication page; 107 distinct captures of this URL
raw/documents/cbo/pilot/cbo_mbr/50095-MBR.pdf,https://www.cbo.gov/sites/default/files/114th-congress-2015-2016/reports/50095-MBR.pdf,wayback,https://web.archive.org/web/20260413083521id_/https://www.cbo.gov/sites/default/files/114th-congress-2015-2016/reports/50095-MBR.pdf,2026-04-13T08:35:21+00:00,2026-09-29T14:21:17+00:00,1a4e2308213c974604302f2b97c9422387a88c0b30149e13c45c08dddb334175,107565,"Tue, 29 Apr 2025 20:20:28 GMT",application/pdf,200,R1 pilot corpus: PDF linked from https://www.cbo.gov/publication/50095; 1 distinct captures of this URL
raw/documents/cbo/pilot/cbo_mbr/50151,https://www.cbo.gov/publication/50151,wayback,https://web.archive.org/web/20260607133047id_/https://www.cbo.gov/publication/50151,2026-06-07T13:30:47+00:00,2026-09-29T14:21:23+00:00,bf28145b15871ec88993651e5d66c0a842989ea194677d212fe41c4fe3c1dada,42858,"Sun, 07 Jun 2026 13:30:46 GMT",text/html,200,R1 pilot corpus: publication page; 89 distinct captures of this URL
raw/documents/cbo/pilot/cbo_mbr/50151-MBR.pdf,https://www.cbo.gov/sites/default/files/114th-congress-2015-2016/reports/50151-MBR.pdf,wayback,https://web.archive.org/web/20250315070257id_/https://www.cbo.gov/sites/default/files/114th-congress-2015-2016/reports/50151-MBR.pdf,2025-03-15T07:02:57+00:00,2026-09-29T14:21:29+00:00,37b04bac5331b8eae6f98c14cc98623592e62ce1ec4e1c0a96ba48e99138930a,105539,"Mon, 04 Jul 2022 13:21:05 GMT",application/pdf,200,R1 pilot corpus: PDF linked from https://www.cbo.gov/publication/50151; 2 distinct captures of this URL
raw/documents/cbo/pilot/cbo_mbr/50272,https://www.cbo.gov/publication/50272,wayback,https://web.archive.org/web/20260606195536id_/https://www.cbo.gov/publication/50272,2026-06-06T19:55:36+00:00,2026-09-29T14:21:35+00:00,6f35c406975116189313166d258172387a00a6715e272dd0e9e227fe1dfc4e36,42405,"Sat, 06 Jun 2026 19:55:35 GMT",text/html,200,R1 pilot corpus: publication page; 97 distinct captures of this URL
raw/documents/cbo/pilot/cbo_mbr/50272-MBR_1.pdf,https://www.cbo.gov/sites/default/files/114th-congress-2015-2016/reports/50272-MBR_1.pdf,wayback,https://web.archive.org/web/20260308112719id_/https://www.cbo.gov/sites/default/files/114th-congress-2015-2016/reports/50272-MBR_1.pdf,2026-03-08T11:27:19+00:00,2026-09-29T14:21:42+00:00,a4b25c5c2168c1f697d5b01ddcd8534b1ae8a0514aff2cef47e18e2e207ec160,102076,"Tue, 29 Apr 2025 20:20:28 GMT",application/pdf,200,R1 pilot corpus: PDF linked from https://www.cbo.gov/publication/50272; 1 distinct captures of this URL
raw/documents/cbo/pilot/cbo_mbr/50362,https://www.cbo.gov/publication/50362,wayback,https://web.archive.org/web/20260607015833id_/https://www.cbo.gov/publication/50362,2026-06-07T01:58:33+00:00,2026-09-29T14:21:47+00:00,9278730887a3be5dd1e703b0311fe28151d772252d916cd0f3272e7e3550a486,43153,"Sun, 07 Jun 2026 01:58:32 GMT",text/html,200,R1 pilot corpus: publication page; 93 distinct captures of this URL
raw/documents/cbo/pilot/cbo_mbr/50362-MBR_1.pdf,https://www.cbo.gov/sites/default/files/114th-congress-2015-2016/reports/50362-MBR_1.pdf,wayback,https://web.archive.org/web/20250223013130id_/https://www.cbo.gov/sites/default/files/114th-congress-2015-2016/reports/50362-MBR_1.pdf,2025-02-23T01:31:30+00:00,2026-09-29T14:21:53+00:00,70a0f8b7a28197ec6c1f0a9407a1486a72fba4012fddbc9600d479cc1818bb12,107511,"Mon, 04 Jul 2022 13:21:05 GMT",application/pdf,200,R1 pilot corpus: PDF linked from https://www.cbo.gov/publication/50362; 1 distinct captures of this URL
raw/documents/cbo/pilot/cbo_mbr/50720,https://www.cbo.gov/publication/50720,wayback,https://web.archive.org/web/20260520094932id_/https://www.cbo.gov/publication/50720,2026-05-20T09:49:32+00:00,2026-09-29T14:21:59+00:00,27cb71f3778ebbec6163c7ead03a42779e2dfb6b807b8b52dbd53c38530ddd8f,43270,"Wed, 20 May 2026 09:49:31 GMT",text/html,200,R1 pilot corpus: publication page; 87 distinct captures of this URL
raw/documents/cbo/pilot/cbo_mbr/50720-mbr-2.pdf,https://www.cbo.gov/sites/default/files/114th-congress-2015-2016/reports/50720-mbr-2.pdf,wayback,https://web.archive.org/web/20260510144812id_/https://www.cbo.gov/sites/default/files/114th-congress-2015-2016/reports/50720-mbr-2.pdf,2026-05-10T14:48:12+00:00,2026-09-29T14:22:06+00:00,de40f3db712c5a7eeddd07a5bab3ebee0935b01bedfdf7621114a86189c3d691,103802,"Tue, 29 Apr 2025 20:20:28 GMT",application/pdf,200,R1 pilot corpus: PDF linked from https://www.cbo.gov/publication/50720; 2 distinct captures of this URL
raw/documents/cbo/pilot/cbo_apb/50734,https://www.cbo.gov/publication/50734,wayback,https://web.archive.org/web/20260612115350id_/https://www.cbo.gov/publication/50734,2026-06-12T11:53:50+00:00,2026-09-29T14:22:11+00:00,9cc9ea073dd0ee281a40c2eabbadc307b7404d487f53ef856ed51c88e6c8e3b5,47294,"Fri, 12 Jun 2026 11:53:48 GMT",text/html,200,R1 pilot corpus: publication page; 97 distinct captures of this URL
raw/documents/cbo/pilot/cbo_apb/50734-APB.pdf,https://www.cbo.gov/sites/default/files/114th-congress-2015-2016/reports/50734-APB.pdf,wayback,https://web.archive.org/web/20250321101831id_/https://www.cbo.gov/sites/default/files/114th-congress-2015-2016/reports/50734-APB.pdf,2025-03-21T10:18:31+00:00,2026-09-29T14:22:18+00:00,9eac4a5e46550fd73aaefc7b169c42627d047b4f4092ee6d16b61e8706ce7229,862232,"Mon, 04 Jul 2022 13:21:05 GMT",application/pdf,200,R1 pilot corpus: PDF linked from https://www.cbo.gov/publication/50734; 2 distinct captures of this URL
raw/documents/cbo/pilot/cbo_beo/50724,https://www.cbo.gov/publication/50724,wayback,https://web.archive.org/web/20260510142803id_/https://www.cbo.gov/publication/50724,2026-05-10T14:28:03+00:00,2026-09-29T14:22:23+00:00,6df35121d26652619da5cee803024a5ed5bae74b01a3beb620d470cf566ab497,58535,"Sun, 10 May 2026 14:19:33 GMT",text/html,200,R1 pilot corpus: publication page; 207 distinct captures of this URL
raw/documents/cbo/pilot/cbo_beo/50724-Update-OneColumn_0.pdf,https://www.cbo.gov/sites/default/files/114th-congress-2015-2016/reports/50724-Update-OneColumn_0.pdf,wayback,https://web.archive.org/web/20251107181834id_/https://www.cbo.gov/sites/default/files/114th-congress-2015-2016/reports/50724-Update-OneColumn_0.pdf,2025-11-07T18:18:34+00:00,2026-09-29T14:22:31+00:00,dd6257faca41dc7edffe36e2f3dedea7d7754d3ae62c86d5653071ebc71782f8,1180192,"Tue, 29 Apr 2025 20:20:28 GMT",application/pdf,200,R1 pilot corpus: PDF linked from https://www.cbo.gov/publication/50724; 3 distinct captures of this URL
raw/documents/cbo/pilot/cbo_mbr/50808,https://www.cbo.gov/publication/50808,wayback,https://web.archive.org/web/20260511174245id_/https://www.cbo.gov/publication/50808,2026-05-11T17:42:45+00:00,2026-09-29T14:22:35+00:00,9711c4ce2a2c5a4fcf817983a2f3f506e555618f69cc9321a863fa5cc37003a7,35236,"Mon, 11 May 2026 17:42:44 GMT",text/html,200,R1 pilot corpus: publication page; 90 distinct captures of this URL
raw/documents/cbo/pilot/cbo_mbr/50808-mbr.pdf,https://www.cbo.gov/sites/default/files/114th-congress-2015-2016/reports/50808-mbr.pdf,wayback,https://web.archive.org/web/20250222213813id_/https://www.cbo.gov/sites/default/files/114th-congress-2015-2016/reports/50808-mbr.pdf,2025-02-22T21:38:13+00:00,2026-09-29T14:22:41+00:00,700127d212517f771fb328a50de39dfb890c394abe810a0b50715a645b609169,105373,"Mon, 04 Jul 2022 13:21:05 GMT",application/pdf,200,R1 pilot corpus: PDF linked from https://www.cbo.gov/publication/50808; 2 distinct captures of this URL
raw/documents/cbo/pilot/cbo_mbr/50878,https://www.cbo.gov/publication/50878,wayback,https://web.archive.org/web/20260211051224id_/https://www.cbo.gov/publication/50878,2026-02-11T05:12:24+00:00,2026-09-29T14:22:48+00:00,5c3f5d49f69121660ee3c4a9e92e7ac9338940e356dd05eb3bb88aeda3f94302,35269,"Wed, 11 Feb 2026 05:12:25 GMT",text/html,200,R1 pilot corpus: publication page; 95 distinct captures of this URL
raw/documents/cbo/pilot/cbo_mbr/50878-MBR.pdf_18c2471b,https://www.cbo.gov/sites/default/files/114th-congress-2015-2016/reports/50878-MBR.pdf,wayback,https://web.archive.org/web/20251008043708id_/https://www.cbo.gov/sites/default/files/114th-congress-2015-2016/reports/50878-MBR.pdf?wpmm=1&wpisrc=nl_daily202,2025-10-08T04:37:08+00:00,2026-09-29T14:22:53+00:00,d5d231546510e5186b6f8ffad365ef3b3034403b159162fc680e56494951a5e5,123813,"Tue, 29 Apr 2025 20:20:28 GMT",application/pdf,200,R1 pilot corpus: PDF linked from https://www.cbo.gov/publication/50878; 2 distinct captures of this URL
raw/documents/cbo/pilot/cbo_mbr/50974,https://www.cbo.gov/publication/50974,wayback,https://web.archive.org/web/20260520224749id_/https://www.cbo.gov/publication/50974,2026-05-20T22:47:49+00:00,2026-09-29T14:23:00+00:00,f8439b10d79fafa113aecaa6fc43208786846da535a71e7f4c874a3b2101de54,35730,"Wed, 20 May 2026 22:47:48 GMT",text/html,200,R1 pilot corpus: publication page; 96 distinct captures of this URL
raw/documents/cbo/pilot/cbo_mbr/50974-MBR1.pdf,https://www.cbo.gov/sites/default/files/114th-congress-2015-2016/reports/50974-MBR1.pdf,wayback,https://web.archive.org/web/20250812150222id_/https://www.cbo.gov/sites/default/files/114th-congress-2015-2016/reports/50974-MBR1.pdf,2025-08-12T15:02:22+00:00,2026-09-29T14:23:06+00:00,307b0751cfed42f91f3b00bdcf94f67de3d7f00605cbd6192f5f89a7cef8f5b7,281537,"Tue, 29 Apr 2025 20:20:28 GMT",application/pdf,200,R1 pilot corpus: PDF linked from https://www.cbo.gov/publication/50974; 2 distinct captures of this URL
raw/documents/cbo/pilot/cbo_mbr/51048,https://www.cbo.gov/publication/51048,wayback,https://web.archive.org/web/20260514214753id_/https://www.cbo.gov/publication/51048,2026-05-14T21:47:53+00:00,2026-09-29T14:23:11+00:00,5a969e59990776a2e933229ec4c47909b0f05c9300dd718f86f64581a96e9688,40577,"Thu, 14 May 2026 21:47:51 GMT",text/html,200,R1 pilot corpus: publication page; 85 distinct captures of this URL
raw/documents/cbo/pilot/cbo_mbr/51048-MBR.pdf,https://www.cbo.gov/sites/default/files/114th-congress-2015-2016/reports/51048-MBR.pdf,wayback,https://web.archive.org/web/20250324143959id_/https://www.cbo.gov/sites/default/files/114th-congress-2015-2016/reports/51048-MBR.pdf,2025-03-24T14:39:59+00:00,2026-09-29T14:23:17+00:00,18ba2e10f973d5b361ecdf6f540f94a5e2ae50fbb6b28e9f3418af723a9727cb,93994,"Mon, 04 Jul 2022 13:21:05 GMT",application/pdf,200,R1 pilot corpus: PDF linked from https://www.cbo.gov/publication/51048; 1 distinct captures of this URL
raw/documents/cbo/pilot/cbo_mbr/51108,https://www.cbo.gov/publication/51108,wayback,https://web.archive.org/web/20260412061848id_/https://www.cbo.gov/publication/51108,2026-04-12T06:18:48+00:00,2026-09-29T14:23:24+00:00,e300556c5f620ca753437d68181a4469af98a8ecd451b78af2e90b9b10470bb8,42715,"Sun, 12 Apr 2026 06:18:47 GMT",text/html,200,R1 pilot corpus: publication page; 93 distinct captures of this URL
raw/documents/cbo/pilot/cbo_mbr/51108-MBR.pdf,https://www.cbo.gov/sites/default/files/114th-congress-2015-2016/reports/51108-MBR.pdf,wayback,https://web.archive.org/web/20251213160447id_/https://www.cbo.gov/sites/default/files/114th-congress-2015-2016/reports/51108-MBR.pdf,2025-12-13T16:04:47+00:00,2026-09-29T14:23:32+00:00,97bf8a6ece56069b91897ab9a58561a70585e4b5404609cc6355c5d6a0b7ae19,102191,"Tue, 29 Apr 2025 20:20:28 GMT",application/pdf,200,R1 pilot corpus: PDF linked from https://www.cbo.gov/publication/51108; 1 distinct captures of this URL
raw/documents/cbo/pilot/cbo_beo/51129_1bf4994f,https://www.cbo.gov/publication/51129,wayback,https://web.archive.org/web/20260618051508id_/https://www.cbo.gov/publication/51129?ref=readtangle.com,2026-06-18T05:15:08+00:00,2026-09-29T14:23:36+00:00,494f696b37a8420fe91e59937e629d5aec6ad27db9e6dcfd70b8d5d2ca0c557e,71166,"Thu, 18 Jun 2026 05:15:06 GMT",text/html,200,R1 pilot corpus: publication page; 507 distinct captures of this URL
raw/documents/cbo/pilot/cbo_beo/51129-2016outlookonecol-2.pdf,https://www.cbo.gov/sites/default/files/114th-congress-2015-2016/reports/51129-2016outlookonecol-2.pdf,wayback,https://web.archive.org/web/20250807104323id_/https://www.cbo.gov/sites/default/files/114th-congress-2015-2016/reports/51129-2016outlookonecol-2.pdf,2025-08-07T10:43:23+00:00,2026-09-29T14:23:43+00:00,fdf3a73736350632889ebf9a6f43c069f48b37f4a9d92f112146f03b477bdddb,1957251,"Tue, 29 Apr 2025 20:20:29 GMT",application/pdf,200,R1 pilot corpus: PDF linked from https://www.cbo.gov/publication/51129; 4 distinct captures of this URL
raw/documents/cbo/pilot/cbo_mbr/51222,https://www.cbo.gov/publication/51222,wayback,https://web.archive.org/web/20260521045830id_/https://www.cbo.gov/publication/51222,2026-05-21T04:58:30+00:00,2026-09-29T14:23:48+00:00,47c1db740c733afcdd2d8dac6ba97b38f4bbcec0338ab6f7cbcd07c752263810,43547,"Thu, 21 May 2026 04:58:29 GMT",text/html,200,R1 pilot corpus: publication page; 88 distinct captures of this URL
raw/documents/cbo/pilot/cbo_mbr/51222-MBR.pdf,https://www.cbo.gov/sites/default/files/114th-congress-2015-2016/reports/51222-MBR.pdf,wayback,https://web.archive.org/web/20250222182006id_/https://www.cbo.gov/sites/default/files/114th-congress-2015-2016/reports/51222-MBR.pdf,2025-02-22T18:20:06+00:00,2026-09-29T14:23:55+00:00,9b45e5ee8037f05c73d9127f8259ea0eece8750f107a0a5af0cb499dd6804bb1,323454,"Mon, 04 Jul 2022 13:21:05 GMT",application/pdf,200,R1 pilot corpus: PDF linked from https://www.cbo.gov/publication/51222; 1 distinct captures of this URL
raw/documents/cbo/pilot/cbo_mbr/51352,https://www.cbo.gov/publication/51352,wayback,https://web.archive.org/web/20260510141458id_/https://www.cbo.gov/publication/51352,2026-05-10T14:14:58+00:00,2026-09-29T14:24:00+00:00,e75afa119537258027cf190651aaae40808248f900a06d3f058b98e60420bf83,42188,"Sun, 10 May 2026 14:14:57 GMT",text/html,200,R1 pilot corpus: publication page; 90 distinct captures of this URL
raw/documents/cbo/pilot/cbo_mbr/51352-mbr.pdf,https://www.cbo.gov/sites/default/files/114th-congress-2015-2016/reports/51352-mbr.pdf,wayback,https://web.archive.org/web/20260609215143id_/https://www.cbo.gov/sites/default/files/114th-congress-2015-2016/reports/51352-mbr.pdf,2026-06-09T21:51:43+00:00,2026-09-29T14:24:06+00:00,de0e3f52bc5c2d3e92853fc1bfe62747c1e976d3b8ebf0805b53c888bc8833e2,124556,"Tue, 29 Apr 2025 20:20:29 GMT",application/pdf,200,R1 pilot corpus: PDF linked from https://www.cbo.gov/publication/51352; 1 distinct captures of this URL
raw/documents/cbo/pilot/cbo_beo/51384,https://www.cbo.gov/publication/51384,wayback,https://web.archive.org/web/20260417125136id_/https://www.cbo.gov/publication/51384,2026-04-17T12:51:36+00:00,2026-09-29T14:24:12+00:00,fe8012f91fef8e13aafef29ed69b2a78d44ea665b8531f93d9af98a2ccfdd1e5,48247,"Fri, 17 Apr 2026 12:51:35 GMT",text/html,200,R1 pilot corpus: publication page; 177 distinct captures of this URL
raw/documents/cbo/pilot/cbo_beo/51384-marchbaselineonecol.pdf,https://www.cbo.gov/sites/default/files/114th-congress-2015-2016/reports/51384-marchbaselineonecol.pdf,wayback,https://web.archive.org/web/20260310161649id_/https://www.cbo.gov/sites/default/files/114th-congress-2015-2016/reports/51384-marchbaselineonecol.pdf,2026-03-10T16:16:49+00:00,2026-09-29T14:24:19+00:00,0b57e97c4a38471d21526292da997b43423b9d431ebc0995820278551a87e9ca,478390,"Tue, 29 Apr 2025 20:20:28 GMT",application/pdf,200,R1 pilot corpus: PDF linked from https://www.cbo.gov/publication/51384; 3 distinct captures of this URL
raw/documents/cbo/pilot/cbo_apb/51383,https://www.cbo.gov/publication/51383,wayback,https://web.archive.org/web/20260412062132id_/https://www.cbo.gov/publication/51383,2026-04-12T06:21:32+00:00,2026-09-29T14:24:24+00:00,e12ac390f1a550599837145a1a98fc35faf5d6a252f8cc01344028fb9583dfd3,47733,"Sun, 12 Apr 2026 06:21:31 GMT",text/html,200,R1 pilot corpus: publication page; 115 distinct captures of this URL
raw/documents/cbo/pilot/cbo_apb/51383-apbonecol.pdf,https://www.cbo.gov/sites/default/files/114th-congress-2015-2016/reports/51383-apbonecol.pdf,wayback,https://web.archive.org/web/20250805225305id_/https://www.cbo.gov/sites/default/files/114th-congress-2015-2016/reports/51383-apbonecol.pdf,2025-08-05T22:53:05+00:00,2026-09-29T14:24:31+00:00,d16c40ff5401d3fade7a9f8f2334613a053a153cd1f81915b4a1e4fc4a5db240,438007,"Tue, 29 Apr 2025 20:20:29 GMT",application/pdf,200,R1 pilot corpus: PDF linked from https://www.cbo.gov/publication/51383; 2 distinct captures of this URL
raw/documents/cbo/pilot/cbo_mbr/51442,https://www.cbo.gov/publication/51442,wayback,https://web.archive.org/web/20260519001555id_/https://www.cbo.gov/publication/51442,2026-05-19T00:15:55+00:00,2026-09-29T14:24:37+00:00,d73e51396063e0d38296d1676d6a648ace424b4abde23a29a9195332b1245616,40510,"Tue, 19 May 2026 00:15:54 GMT",text/html,200,R1 pilot corpus: publication page; 90 distinct captures of this URL
raw/documents/cbo/pilot/cbo_mbr/51442-MBR.pdf,https://www.cbo.gov/sites/default/files/114th-congress-2015-2016/reports/51442-MBR.pdf,wayback,https://web.archive.org/web/20260308104954id_/https://www.cbo.gov/sites/default/files/114th-congress-2015-2016/reports/51442-MBR.pdf,2026-03-08T10:49:54+00:00,2026-09-29T14:24:43+00:00,cf7a394a96d9c8009f4d53b9bd4da48105e99b4d65a20d825279c06bacecdaca,102838,"Tue, 29 Apr 2025 20:20:28 GMT",application/pdf,200,R1 pilot corpus: PDF linked from https://www.cbo.gov/publication/51442; 1 distinct captures of this URL
raw/documents/cbo/pilot/cbo_mbr/51534,https://www.cbo.gov/publication/51534,wayback,https://web.archive.org/web/20260316022356id_/https://www.cbo.gov/publication/51534,2026-03-16T02:23:56+00:00,2026-09-29T14:24:48+00:00,ecca421c1938d97f16478f74ee0edb25ee80756613948a7990e63506cc148cc4,43734,"Mon, 16 Mar 2026 02:23:55 GMT",text/html,200,R1 pilot corpus: publication page; 84 distinct captures of this URL
raw/documents/cbo/pilot/cbo_mbr/51534-MBR.pdf,https://www.cbo.gov/sites/default/files/114th-congress-2015-2016/reports/51534-MBR.pdf,wayback,https://web.archive.org/web/20260413072751id_/https://www.cbo.gov/sites/default/files/114th-congress-2015-2016/reports/51534-MBR.pdf,2026-04-13T07:27:51+00:00,2026-09-29T14:24:55+00:00,2b6298c945c84922a57a7ff9f34ad973e7190c5e616cac38f0eba42e69abe564,104834,"Tue, 29 Apr 2025 20:20:28 GMT",application/pdf,200,R1 pilot corpus: PDF linked from https://www.cbo.gov/publication/51534; 1 distinct captures of this URL
raw/documents/cbo/pilot/cbo_apb/51625,https://www.cbo.gov/publication/51625,wayback,https://web.archive.org/web/20260618043613id_/https://www.cbo.gov/publication/51625,2026-06-18T04:36:13+00:00,2026-09-29T14:25:00+00:00,110b352b3a1bf280a7e1f352e618df58388cb3bcf13075c3333003f7ed726769,43550,"Thu, 18 Jun 2026 04:36:12 GMT",text/html,200,R1 pilot corpus: publication page; 99 distinct captures of this URL
raw/documents/cbo/pilot/cbo_apb/51625-economicapbonecol.pdf,https://www.cbo.gov/sites/default/files/114th-congress-2015-2016/reports/51625-economicapbonecol.pdf,wayback,https://web.archive.org/web/20260311224309id_/https://www.cbo.gov/sites/default/files/114th-congress-2015-2016/reports/51625-economicapbonecol.pdf,2026-03-11T22:43:09+00:00,2026-09-29T14:25:07+00:00,a220df1f83fb30cb5f8212a4bfb7a60729ed9a8ccc146368e7650dc0bfa5aa78,391939,"Tue, 29 Apr 2025 20:20:29 GMT",application/pdf,200,R1 pilot corpus: PDF linked from https://www.cbo.gov/publication/51625; 1 distinct captures of this URL
raw/documents/cbo/pilot/cbo_mbr/51665,https://www.cbo.gov/publication/51665,wayback,https://web.archive.org/web/20260311094104id_/https://www.cbo.gov/publication/51665,2026-03-11T09:41:04+00:00,2026-09-29T14:25:12+00:00,03b57dc8f5864fae1ce8062b7b87be679ea4e9d9c9d11c1b132224c15b278c7a,41916,"Wed, 11 Mar 2026 09:41:02 GMT",text/html,200,R1 pilot corpus: publication page; 94 distinct captures of this URL
raw/documents/cbo/pilot/cbo_mbr/51665-mbr.pdf,https://www.cbo.gov/sites/default/files/114th-congress-2015-2016/reports/51665-mbr.pdf,wayback,https://web.archive.org/web/20260413072924id_/https://www.cbo.gov/sites/default/files/114th-congress-2015-2016/reports/51665-mbr.pdf,2026-04-13T07:29:24+00:00,2026-09-29T14:25:18+00:00,ee48d5e24cdd90636ee53f1c7cc1315826de145bbd502f470acca2e5c5e49f47,97068,"Tue, 29 Apr 2025 20:20:28 GMT",application/pdf,200,R1 pilot corpus: PDF linked from https://www.cbo.gov/publication/51665; 1 distinct captures of this URL
raw/documents/cbo/pilot/cbo_mbr/51766,https://www.cbo.gov/publication/51766,wayback,https://web.archive.org/web/20260612113411id_/https://www.cbo.gov/publication/51766,2026-06-12T11:34:11+00:00,2026-09-29T14:25:24+00:00,35603320fc3f7d34ead4ce65cf011a7caf204146d51f6f799caab7223d3505de,43128,"Fri, 12 Jun 2026 11:34:10 GMT",text/html,200,R1 pilot corpus: publication page; 87 distinct captures of this URL
raw/documents/cbo/pilot/cbo_mbr/51766-MBR.pdf,https://www.cbo.gov/sites/default/files/114th-congress-2015-2016/reports/51766-MBR.pdf,wayback,https://web.archive.org/web/20251213165304id_/https://www.cbo.gov/sites/default/files/114th-congress-2015-2016/reports/51766-MBR.pdf,2025-12-13T16:53:04+00:00,2026-09-29T14:25:30+00:00,d8fdfe75212177b935bbeb09e26a83b0f8efdbe4db3105c4def74bd5772b6b60,93524,"Tue, 29 Apr 2025 20:20:28 GMT",application/pdf,200,R1 pilot corpus: PDF linked from https://www.cbo.gov/publication/51766; 1 distinct captures of this URL
raw/documents/cbo/pilot/cbo_mbr/51861,https://www.cbo.gov/publication/51861,wayback,https://web.archive.org/web/20260520104247id_/https://www.cbo.gov/publication/51861,2026-05-20T10:42:47+00:00,2026-09-29T14:25:36+00:00,e1755aecaddb54fdc57a56b197a7603860ff6c2324cc881e588fbc0b695fd2a7,45188,"Wed, 20 May 2026 10:42:45 GMT",text/html,200,R1 pilot corpus: publication page; 86 distinct captures of this URL
raw/documents/cbo/pilot/cbo_mbr/51861-MBR.pdf,https://www.cbo.gov/sites/default/files/114th-congress-2015-2016/reports/51861-MBR.pdf,wayback,https://web.archive.org/web/20250808235234id_/https://www.cbo.gov/sites/default/files/114th-congress-2015-2016/reports/51861-MBR.pdf,2025-08-08T23:52:34+00:00,2026-09-29T14:25:43+00:00,210ca057147c5a7cbb54fc0b41210f906792eee6e900eab6bdca9ff7536a9bc1,106547,"Tue, 29 Apr 2025 20:20:28 GMT",application/pdf,200,R1 pilot corpus: PDF linked from https://www.cbo.gov/publication/51861; 3 distinct captures of this URL
raw/documents/cbo/pilot/cbo_beo/51908,https://www.cbo.gov/publication/51908,wayback,https://web.archive.org/web/20260420224047id_/https://www.cbo.gov/publication/51908,2026-04-20T22:40:47+00:00,2026-09-29T14:25:48+00:00,7b9d3d83403558430515befb489576458aa098190fef90b937fae0f5ed949016,62647,"Mon, 20 Apr 2026 22:39:08 GMT",text/html,200,R1 pilot corpus: publication page; 222 distinct captures of this URL
raw/documents/cbo/pilot/cbo_beo/51908-breakout-notes.pdf,https://www.cbo.gov/sites/default/files/114th-congress-2015-2016/reports/51908-breakout-notes.pdf,wayback,https://web.archive.org/web/20250906230917id_/https://www.cbo.gov/sites/default/files/114th-congress-2015-2016/reports/51908-breakout-notes.pdf,2025-09-06T23:09:17+00:00,2026-09-29T14:25:54+00:00,e6013881bbc18f60de4fabd972fa2fc77e6c3f8054b075ba02cddd08dd08b70f,28758,"Tue, 29 Apr 2025 20:20:28 GMT",application/pdf,200,R1 pilot corpus: PDF linked from https://www.cbo.gov/publication/51908; 1 distinct captures of this URL
raw/documents/cbo/pilot/cbo_mbr/51978,https://www.cbo.gov/publication/51978,wayback,https://web.archive.org/web/20260514232721id_/https://www.cbo.gov/publication/51978,2026-05-14T23:27:21+00:00,2026-09-29T14:26:00+00:00,a62599b370d5a5d1a2da9092960b0c1211a981630e4f95780e03fb5960b10033,44162,"Thu, 14 May 2026 23:27:20 GMT",text/html,200,R1 pilot corpus: publication page; 87 distinct captures of this URL
raw/documents/cbo/pilot/cbo_mbr/51978-mbr.pdf,https://www.cbo.gov/sites/default/files/114th-congress-2015-2016/reports/51978-mbr.pdf,wayback,https://web.archive.org/web/20250313041501id_/https://www.cbo.gov/sites/default/files/114th-congress-2015-2016/reports/51978-mbr.pdf,2025-03-13T04:15:01+00:00,2026-09-29T14:26:07+00:00,ea25a4848564aae3da6d6a1e55c2b8c562e992aff01f85c5b5002bfd4fa26ad4,101076,"Mon, 04 Jul 2022 13:21:05 GMT",application/pdf,200,R1 pilot corpus: PDF linked from https://www.cbo.gov/publication/51978; 1 distinct captures of this URL
raw/documents/cbo/pilot/cbo_mbr/52086,https://www.cbo.gov/publication/52086,wayback,https://web.archive.org/web/20260420040136id_/https://www.cbo.gov/publication/52086,2026-04-20T04:01:36+00:00,2026-09-29T14:26:13+00:00,936faa39cad5bdcbbe7dc9373fcf38445bb7ca0f88a6564de6180d5a030d1d62,45030,"Mon, 20 Apr 2026 04:01:35 GMT",text/html,200,R1 pilot corpus: publication page; 95 distinct captures of this URL
raw/documents/cbo/pilot/cbo_mbr/52086-mbr.pdf,https://www.cbo.gov/sites/default/files/114th-congress-2015-2016/reports/52086-mbr.pdf,wayback,https://web.archive.org/web/20260311230110id_/https://www.cbo.gov/sites/default/files/114th-congress-2015-2016/reports/52086-mbr.pdf,2026-03-11T23:01:10+00:00,2026-09-29T14:26:19+00:00,c4b0d93b073fbee6bb137e9673edc25e38c1cb7619bdcb7672099adb97088213,107507,"Tue, 29 Apr 2025 20:20:28 GMT",application/pdf,200,R1 pilot corpus: PDF linked from https://www.cbo.gov/publication/52086; 1 distinct captures of this URL
raw/documents/cbo/pilot/cbo_mbr/52152,https://www.cbo.gov/publication/52152,wayback,https://web.archive.org/web/20260420222638id_/https://www.cbo.gov/publication/52152,2026-04-20T22:26:38+00:00,2026-09-29T14:26:24+00:00,72dd761f09051c3258e9006b2f3618814906a84ad4199eec04c537ce0ccc692c,35842,"Mon, 20 Apr 2026 22:26:37 GMT",text/html,200,R1 pilot corpus: publication page; 108 distinct captures of this URL
raw/documents/cbo/pilot/cbo_mbr/52152-mbr.pdf,https://www.cbo.gov/sites/default/files/114th-congress-2015-2016/reports/52152-mbr.pdf,wayback,https://web.archive.org/web/20251102092822id_/https://www.cbo.gov/sites/default/files/114th-congress-2015-2016/reports/52152-mbr.pdf,2025-11-02T09:28:22+00:00,2026-09-29T14:26:32+00:00,1de917ed89d8d6ebea04249a95aee1d3e8542c41768f712b984bcbde4150fd3a,107810,"Tue, 29 Apr 2025 20:20:28 GMT",application/pdf,200,R1 pilot corpus: PDF linked from https://www.cbo.gov/publication/52152; 4 distinct captures of this URL
raw/documents/cbo/pilot/cbo_mbr/52319,https://www.cbo.gov/publication/52319,wayback,https://web.archive.org/web/20260618042611id_/https://www.cbo.gov/publication/52319,2026-06-18T04:26:11+00:00,2026-09-29T14:26:36+00:00,204e798bf0d2b902fa150d2400b0aaa056a929a578d9252714f843be643d26fb,34835,"Thu, 18 Jun 2026 03:53:42 GMT",text/html,200,R1 pilot corpus: publication page; 89 distinct captures of this URL
raw/documents/cbo/pilot/cbo_mbr/52319-mbr.pdf,https://www.cbo.gov/sites/default/files/114th-congress-2015-2016/reports/52319-mbr.pdf,wayback,https://web.archive.org/web/20260308110753id_/https://www.cbo.gov/sites/default/files/114th-congress-2015-2016/reports/52319-mbr.pdf,2026-03-08T11:07:53+00:00,2026-09-29T14:26:48+00:00,694f250f95d3f6281eac9625dd06600f4377c5d9cc1db307e51601391ad9a2a4,103610,"Tue, 29 Apr 2025 20:20:28 GMT",application/pdf,200,R1 pilot corpus: PDF linked from https://www.cbo.gov/publication/52319; 1 distinct captures of this URL
raw/documents/cbo/pilot/cbo_mbr/52362,https://www.cbo.gov/publication/52362,wayback,https://web.archive.org/web/20260607024318id_/https://www.cbo.gov/publication/52362,2026-06-07T02:43:18+00:00,2026-09-29T14:26:52+00:00,e0fd3eb65e1bc5a8dc915b8bdddcaa1ca9b5a4aaa1dbd7499768678e32c345a4,42028,"Sun, 07 Jun 2026 02:43:17 GMT",text/html,200,R1 pilot corpus: publication page; 84 distinct captures of this URL
raw/documents/cbo/pilot/cbo_mbr/52362-mbr.pdf,https://www.cbo.gov/sites/default/files/115th-congress-2017-2018/reports/52362-mbr.pdf,wayback,https://web.archive.org/web/20250303015715id_/https://www.cbo.gov/sites/default/files/115th-congress-2017-2018/reports/52362-mbr.pdf,2025-03-03T01:57:15+00:00,2026-09-29T14:26:58+00:00,2eb376f76dbed44548e7bf4ee0158fcda8c0e333f134a96a04f4b7ef7e2ac84c,103568,"Mon, 04 Jul 2022 13:21:05 GMT",application/pdf,200,R1 pilot corpus: PDF linked from https://www.cbo.gov/publication/52362; 2 distinct captures of this URL
raw/documents/cbo/pilot/cbo_beo/52370,https://www.cbo.gov/publication/52370,wayback,https://web.archive.org/web/20260412155039id_/https://www.cbo.gov/publication/52370,2026-04-12T15:50:39+00:00,2026-09-29T14:27:04+00:00,1e2e1f61813f67e8cbdf5b50a1e2515e1e08f03fe08d543d462df4e577a8e63a,69179,"Sun, 12 Apr 2026 15:50:37 GMT",text/html,200,R1 pilot corpus: publication page; 456 distinct captures of this URL
raw/documents/cbo/pilot/cbo_beo/52370-breakout-notes.pdf,https://www.cbo.gov/sites/default/files/115th-congress-2017-2018/reports/52370-breakout-notes.pdf,wayback,https://web.archive.org/web/20250524225359id_/https://www.cbo.gov/sites/default/files/115th-congress-2017-2018/reports/52370-breakout-notes.pdf,2025-05-24T22:53:59+00:00,2026-09-29T14:27:10+00:00,bc2912b2413c817f5ee91b7d9b36765ad638589c28c3612ce18cbaab07bafa57,27571,"Tue, 29 Apr 2025 20:20:29 GMT",application/pdf,200,R1 pilot corpus: PDF linked from https://www.cbo.gov/publication/52370; 1 distinct captures of this URL
raw/documents/cbo/pilot/cbo_mbr/52403,https://www.cbo.gov/publication/52403,wayback,https://web.archive.org/web/20260520230841id_/https://www.cbo.gov/publication/52403,2026-05-20T23:08:41+00:00,2026-09-29T14:27:16+00:00,1bef8d1dc5c136820289fcdc1ea9405cfcb4011d6572c58fcd60d3a8fd56e30e,42863,"Wed, 20 May 2026 23:08:40 GMT",text/html,200,R1 pilot corpus: publication page; 81 distinct captures of this URL
raw/documents/cbo/pilot/cbo_mbr/52403-mbr.pdf,https://www.cbo.gov/sites/default/files/115th-congress-2017-2018/reports/52403-mbr.pdf,wayback,https://web.archive.org/web/20250806010551id_/https://www.cbo.gov/sites/default/files/115th-congress-2017-2018/reports/52403-mbr.pdf,2025-08-06T01:05:51+00:00,2026-09-29T14:27:22+00:00,910ffa525fa5beaa7a5aae51c79ec6d2fb67e599a61116b282e93fac71ea3f8e,106354,"Tue, 29 Apr 2025 20:20:29 GMT",application/pdf,200,R1 pilot corpus: PDF linked from https://www.cbo.gov/publication/52403; 1 distinct captures of this URL
raw/documents/cbo/pilot/cbo_mbr/52479,https://www.cbo.gov/publication/52479,wayback,https://web.archive.org/web/20260521044137id_/https://www.cbo.gov/publication/52479,2026-05-21T04:41:37+00:00,2026-09-29T14:27:27+00:00,0a0bc1c592af50f2a2ca663742fc81dbe5135a6c81f54a3e16e6f9173590d27c,43243,"Thu, 21 May 2026 04:41:36 GMT",text/html,200,R1 pilot corpus: publication page; 81 distinct captures of this URL
raw/documents/cbo/pilot/cbo_mbr/52479-mbr.pdf,https://www.cbo.gov/sites/default/files/115th-congress-2017-2018/reports/52479-mbr.pdf,wayback,https://web.archive.org/web/20250422153216id_/https://www.cbo.gov/sites/default/files/115th-congress-2017-2018/reports/52479-mbr.pdf,2025-04-22T15:32:16+00:00,2026-09-29T14:27:34+00:00,7f0c54b3bfaee6e1543c8cd44af4cdcdb69888280273a9e1c6811130c8bf758e,99464,"Mon, 04 Jul 2022 13:21:05 GMT",application/pdf,200,R1 pilot corpus: PDF linked from https://www.cbo.gov/publication/52479; 2 distinct captures of this URL
raw/documents/cbo/pilot/cbo_mbr/52543,https://www.cbo.gov/publication/52543,wayback,https://web.archive.org/web/20260618053350id_/https://www.cbo.gov/publication/52543,2026-06-18T05:33:50+00:00,2026-09-29T14:27:40+00:00,9ec96e7f07f8ac98ddc0f912d966aa196b8a4dcf63a7ec259d3cc4174711559a,44870,"Thu, 18 Jun 2026 05:33:49 GMT",text/html,200,R1 pilot corpus: publication page; 84 distinct captures of this URL
raw/documents/cbo/pilot/cbo_mbr/52543-mbr.pdf,https://www.cbo.gov/system/files/115th-congress-2017-2018/reports/52543-mbr.pdf,wayback,https://web.archive.org/web/20260308102848id_/https://www.cbo.gov/system/files/115th-congress-2017-2018/reports/52543-mbr.pdf,2026-03-08T10:28:48+00:00,2026-09-29T14:27:46+00:00,cece07226fc6062a13740b41c45c50fc7ac554e5da28279b08190f950b11c8c9,99080,"Fri, 09 May 2025 20:13:31 GMT",application/pdf,200,R1 pilot corpus: PDF linked from https://www.cbo.gov/publication/52543; 1 distinct captures of this URL
raw/documents/cbo/pilot/cbo_mbr/52692,https://www.cbo.gov/publication/52692,wayback,https://web.archive.org/web/20260607020447id_/https://www.cbo.gov/publication/52692,2026-06-07T02:04:47+00:00,2026-09-29T14:27:52+00:00,0c7a249b1d4d709cb220a445762a47902be7d29dc77db7a5c03547414090be87,43942,"Sun, 07 Jun 2026 02:04:46 GMT",text/html,200,R1 pilot corpus: publication page; 86 distinct captures of this URL
raw/documents/cbo/pilot/cbo_mbr/52692-mbr.pdf,https://www.cbo.gov/system/files/115th-congress-2017-2018/reports/52692-mbr.pdf,wayback,https://web.archive.org/web/20250323050507id_/https://www.cbo.gov/system/files/115th-congress-2017-2018/reports/52692-mbr.pdf,2025-03-23T05:05:07+00:00,2026-09-29T14:27:59+00:00,abf981bb48f643a4f7e0d882bebea79f8cad04dbf153e8c77de38d9d5818aa70,103589,"Mon, 04 Jul 2022 13:21:07 GMT",application/pdf,200,R1 pilot corpus: PDF linked from https://www.cbo.gov/publication/52692; 1 distinct captures of this URL
raw/documents/cbo/pilot/cbo_mbr/52791,https://www.cbo.gov/publication/52791,wayback,https://web.archive.org/web/20260417125859id_/https://www.cbo.gov/publication/52791,2026-04-17T12:58:59+00:00,2026-09-29T14:28:04+00:00,a8c8adad4c2333017260bb1427b113091e776b97e72d5c32d071a4f1723f34b2,42960,"Fri, 17 Apr 2026 12:58:58 GMT",text/html,200,R1 pilot corpus: publication page; 83 distinct captures of this URL
raw/documents/cbo/pilot/cbo_mbr/52791-mbr.pdf,https://www.cbo.gov/system/files/115th-congress-2017-2018/reports/52791-mbr.pdf,wayback,https://web.archive.org/web/20250223142120id_/https://www.cbo.gov/system/files/115th-congress-2017-2018/reports/52791-mbr.pdf,2025-02-23T14:21:20+00:00,2026-09-29T14:28:10+00:00,bf984f2365799e9c472262d9cf6a32c8c1a4850e5361a882ad6346667b623f1b,106304,"Mon, 04 Jul 2022 13:21:07 GMT",application/pdf,200,R1 pilot corpus: PDF linked from https://www.cbo.gov/publication/52791; 1 distinct captures of this URL
raw/documents/cbo/pilot/cbo_beo/52801,https://www.cbo.gov/publication/52801,wayback,https://web.archive.org/web/20260723125932id_/https://www.cbo.gov/publication/52801,2026-07-23T12:59:32+00:00,2026-09-29T14:28:17+00:00,e631d6ab2f46898680d8c775520958173f23343ef516375f2d25204bf11044bd,49976,"Thu, 23 Jul 2026 12:59:32 GMT",text/html,200,R1 pilot corpus: publication page; 201 distinct captures of this URL
raw/documents/cbo/pilot/cbo_beo/52801-june2017outlook.pdf,https://www.cbo.gov/system/files/115th-congress-2017-2018/reports/52801-june2017outlook.pdf,wayback,https://web.archive.org/web/20260802174210id_/https://www.cbo.gov/system/files/115th-congress-2017-2018/reports/52801-june2017outlook.pdf,2026-08-02T17:42:10+00:00,2026-09-29T14:28:24+00:00,f8622912b9c7622596ad7712ae72e51da9d01d355eb9db6e12a7d1d211decb6e,479678,"Fri, 09 May 2025 20:13:32 GMT",application/pdf,200,R1 pilot corpus: PDF linked from https://www.cbo.gov/publication/52801; 4 distinct captures of this URL
raw/documents/cbo/pilot/cbo_mbr/52882,https://www.cbo.gov/publication/52882,wayback,https://web.archive.org/web/20260607023609id_/https://www.cbo.gov/publication/52882,2026-06-07T02:36:09+00:00,2026-09-29T14:28:29+00:00,98562fab8fed4e0857bcf3770ff48ef947056b5f90e707b16455235a6f56fb80,42979,"Sun, 07 Jun 2026 02:36:08 GMT",text/html,200,R1 pilot corpus: publication page; 81 distinct captures of this URL
raw/documents/cbo/pilot/cbo_mbr/52882-mbr_1.pdf,https://www.cbo.gov/system/files/115th-congress-2017-2018/reports/52882-mbr_1.pdf,wayback,https://web.archive.org/web/20251213154216id_/https://www.cbo.gov/system/files/115th-congress-2017-2018/reports/52882-mbr_1.pdf,2025-12-13T15:42:16+00:00,2026-09-29T14:28:38+00:00,a413bba5c5458fc2294baa3833664eb97ea8d62c37249c2f12aa6b2db8c7411e,100040,"Fri, 09 May 2025 20:13:32 GMT",application/pdf,200,R1 pilot corpus: PDF linked from https://www.cbo.gov/publication/52882; 1 distinct captures of this URL
raw/documents/cbo/pilot/cbo_apb/52846,https://www.cbo.gov/publication/52846,wayback,https://web.archive.org/web/20260612110921id_/https://www.cbo.gov/publication/52846,2026-06-12T11:09:21+00:00,2026-09-29T14:28:43+00:00,84628b11ec52f4a454583e7b50f39fa9a260d63e04ef9dd83e551fd56f505932,46966,"Fri, 12 Jun 2026 11:09:20 GMT",text/html,200,R1 pilot corpus: publication page; 145 distinct captures of this URL
raw/documents/cbo/pilot/cbo_apb/52846-apb.pdf,https://www.cbo.gov/system/files/115th-congress-2017-2018/reports/52846-apb.pdf,wayback,https://web.archive.org/web/20260201140728id_/https://www.cbo.gov/system/files/115th-congress-2017-2018/reports/52846-apb.pdf,2026-02-01T14:07:28+00:00,2026-09-29T14:29:02+00:00,38f1aee9325ce75458ecabe1fac5686bf5e47e08d0266faa53ab4baff9785560,1368955,"Fri, 09 May 2025 20:13:32 GMT",application/pdf,200,R1 pilot corpus: PDF linked from https://www.cbo.gov/publication/52846; 4 distinct captures of this URL
raw/documents/cbo/pilot/cbo_mbr/52993,https://www.cbo.gov/publication/52993,wayback,https://web.archive.org/web/20260417125505id_/https://www.cbo.gov/publication/52993,2026-04-17T12:55:05+00:00,2026-09-29T14:29:07+00:00,a040f55b4ea1ee922b89491bae3ceca69f62ef54f1209799710bd74522794ca1,43289,"Fri, 17 Apr 2026 12:55:03 GMT",text/html,200,R1 pilot corpus: publication page; 81 distinct captures of this URL
raw/documents/cbo/pilot/cbo_mbr/52993-mbr.pdf,https://www.cbo.gov/system/files/115th-congress-2017-2018/reports/52993-mbr.pdf,wayback,https://web.archive.org/web/20250223130437id_/https://www.cbo.gov/system/files/115th-congress-2017-2018/reports/52993-mbr.pdf,2025-02-23T13:04:37+00:00,2026-09-29T14:29:15+00:00,2f4077f16322f5f5b60aca3de228ded6f16d207060bcb58fd2586717806252ac,100223,"Mon, 04 Jul 2022 13:21:07 GMT",application/pdf,200,R1 pilot corpus: PDF linked from https://www.cbo.gov/publication/52993; 1 distinct captures of this URL
raw/documents/cbo/pilot/cbo_mbr/53078,https://www.cbo.gov/publication/53078,wayback,https://web.archive.org/web/20260412064213id_/https://www.cbo.gov/publication/53078,2026-04-12T06:42:13+00:00,2026-09-29T14:29:20+00:00,a4201106c3a795e21860d19ea5610cf6e5d5ed4037cda4e7be22f0b2f88896e2,35166,"Sun, 12 Apr 2026 06:42:12 GMT",text/html,200,R1 pilot corpus: publication page; 79 distinct captures of this URL
raw/documents/cbo/pilot/cbo_mbr/53078-mbr.pdf,https://www.cbo.gov/system/files/115th-congress-2017-2018/reports/53078-mbr.pdf,wayback,https://web.archive.org/web/20251012233719id_/https://www.cbo.gov/system/files/115th-congress-2017-2018/reports/53078-mbr.pdf,2025-10-12T23:37:19+00:00,2026-09-29T14:29:27+00:00,f3c455cf36977e4cf69bb520dd1013f0cb7b9ea3e7c22840e887693e40288000,106901,"Fri, 09 May 2025 20:13:33 GMT",application/pdf,200,R1 pilot corpus: PDF linked from https://www.cbo.gov/publication/53078; 1 distinct captures of this URL
raw/documents/cbo/pilot/cbo_mbr/53181,https://www.cbo.gov/publication/53181,wayback,https://web.archive.org/web/20260520095744id_/https://www.cbo.gov/publication/53181,2026-05-20T09:57:44+00:00,2026-09-29T14:29:33+00:00,9be9e7141e847ee9a0c74dd231419f71d8e131573f15c207b22e1f2df62c4610,45104,"Wed, 20 May 2026 09:57:43 GMT",text/html,200,R1 pilot corpus: publication page; 100 distinct captures of this URL
raw/documents/cbo/pilot/cbo_mbr/53181-mbr.pdf,https://www.cbo.gov/system/files/115th-congress-2017-2018/reports/53181-mbr.pdf,wayback,https://web.archive.org/web/20250222174621id_/https://www.cbo.gov/system/files/115th-congress-2017-2018/reports/53181-mbr.pdf,2025-02-22T17:46:21+00:00,2026-09-29T14:29:43+00:00,a51f785dfb510725d4eb7d692074391e7bf3558d9d13ff5d7d4a36a242acf3de,112817,"Mon, 04 Jul 2022 13:21:07 GMT",application/pdf,200,R1 pilot corpus: PDF linked from https://www.cbo.gov/publication/53181; 2 distinct captures of this URL
raw/documents/cbo/pilot/cbo_mbr/53286,https://www.cbo.gov/publication/53286,wayback,https://web.archive.org/web/20260312082209id_/https://www.cbo.gov/publication/53286,2026-03-12T08:22:09+00:00,2026-09-29T14:29:49+00:00,014e7bc7254bff13dfa48b646c58899bbab1d56b892e05c4dd952e9702c5532b,45281,"Thu, 12 Mar 2026 08:22:08 GMT",text/html,200,R1 pilot corpus: publication page; 93 distinct captures of this URL
raw/documents/cbo/pilot/cbo_mbr/53286-mbr.pdf,https://www.cbo.gov/system/files/115th-congress-2017-2018/reports/53286-mbr.pdf,wayback,https://web.archive.org/web/20250407163904id_/https://www.cbo.gov/system/files/115th-congress-2017-2018/reports/53286-mbr.pdf,2025-04-07T16:39:04+00:00,2026-09-29T14:29:55+00:00,ae37ead5372456f8e61e382c3b8381f9387681eff421211d70722dd542e8e650,99619,"Mon, 04 Jul 2022 13:21:07 GMT",application/pdf,200,R1 pilot corpus: PDF linked from https://www.cbo.gov/publication/53286; 1 distinct captures of this URL
raw/documents/cbo/pilot/cbo_mbr/53363,https://www.cbo.gov/publication/53363,wayback,https://web.archive.org/web/20260612105959id_/https://www.cbo.gov/publication/53363,2026-06-12T10:59:59+00:00,2026-09-29T14:30:05+00:00,898f99c20d6bde7e9d0cbfb8584217d55f0871ebc797c38dac67cc5f48f6b62e,41122,"Fri, 12 Jun 2026 10:59:58 GMT",text/html,200,R1 pilot corpus: publication page; 77 distinct captures of this URL
raw/documents/cbo/pilot/cbo_mbr/53363-mbr.pdf,https://www.cbo.gov/system/files/115th-congress-2017-2018/reports/53363-mbr.pdf,wayback,https://web.archive.org/web/20250323050652id_/https://www.cbo.gov/system/files/115th-congress-2017-2018/reports/53363-mbr.pdf,2025-03-23T05:06:52+00:00,2026-09-29T14:30:10+00:00,3bdff18791a6c6777f32801ea256850c21881191f8961dea9995ed2f6764d85a,103292,"Mon, 04 Jul 2022 13:21:07 GMT",application/pdf,200,R1 pilot corpus: PDF linked from https://www.cbo.gov/publication/53363; 1 distinct captures of this URL
raw/documents/cbo/pilot/cbo_mbr/53443,https://www.cbo.gov/publication/53443,wayback,https://web.archive.org/web/20260412062916id_/https://www.cbo.gov/publication/53443,2026-04-12T06:29:16+00:00,2026-09-29T14:30:16+00:00,102d42ee074e080a2dd402c8399b0298d0dada72f11bf5f11455b47ebb1ee3e1,40764,"Sun, 12 Apr 2026 06:29:15 GMT",text/html,200,R1 pilot corpus: publication page; 78 distinct captures of this URL
raw/documents/cbo/pilot/cbo_mbr/53443-mbr.pdf,https://www.cbo.gov/system/files/115th-congress-2017-2018/reports/53443-mbr.pdf,wayback,https://web.archive.org/web/20260617001154id_/https://www.cbo.gov/system/files/115th-congress-2017-2018/reports/53443-mbr.pdf,2026-06-17T00:11:54+00:00,2026-09-29T14:30:22+00:00,9d3175c7731e0ff6d5290d824747762156d338ee15cc47312e444afd31420088,103854,"Fri, 09 May 2025 20:13:34 GMT",application/pdf,200,R1 pilot corpus: PDF linked from https://www.cbo.gov/publication/53443; 2 distinct captures of this URL
raw/documents/cbo/pilot/cbo_mbr/53549,https://www.cbo.gov/publication/53549,wayback,https://web.archive.org/web/20260414092217id_/https://www.cbo.gov/publication/53549,2026-04-14T09:22:17+00:00,2026-09-29T14:30:28+00:00,740beb1946b0738a98d019e35dc587d36b67ecd0241395a5cdffb45be679547e,41076,"Tue, 14 Apr 2026 09:22:16 GMT",text/html,200,R1 pilot corpus: publication page; 85 distinct captures of this URL
raw/documents/cbo/pilot/cbo_mbr/53549-mbr.pdf,https://www.cbo.gov/system/files/115th-congress-2017-2018/reports/53549-mbr.pdf,wayback,https://web.archive.org/web/20250323043526id_/https://www.cbo.gov/system/files/115th-congress-2017-2018/reports/53549-mbr.pdf,2025-03-23T04:35:26+00:00,2026-09-29T14:30:35+00:00,d6387fb67ac5d54de15cb80a44457bfc6f4369e95a398a7d6810b250f2118a17,106331,"Mon, 04 Jul 2022 13:21:07 GMT",application/pdf,200,R1 pilot corpus: PDF linked from https://www.cbo.gov/publication/53549; 1 distinct captures of this URL
raw/documents/cbo/pilot/cbo_mbr/53638,https://www.cbo.gov/publication/53638,wayback,https://web.archive.org/web/20260312073621id_/https://www.cbo.gov/publication/53638,2026-03-12T07:36:21+00:00,2026-09-29T14:30:41+00:00,9385b02ea91ca5c81acdc0aa7ec41ad749ce3c7eb10b3c62b3ef56538089be25,40671,"Thu, 12 Mar 2026 07:36:20 GMT",text/html,200,R1 pilot corpus: publication page; 78 distinct captures of this URL
raw/documents/cbo/pilot/cbo_mbr/53638-mbr.pdf,https://www.cbo.gov/system/files/115th-congress-2017-2018/reports/53638-mbr.pdf,wayback,https://web.archive.org/web/20250222213121id_/https://www.cbo.gov/system/files/115th-congress-2017-2018/reports/53638-mbr.pdf,2025-02-22T21:31:21+00:00,2026-09-29T14:30:49+00:00,7909c99a1b7c102d10141713bfa778fa0c048bdfef699d3e5a26c977ef6f426e,104600,"Mon, 04 Jul 2022 13:21:07 GMT",application/pdf,200,R1 pilot corpus: PDF linked from https://www.cbo.gov/publication/53638; 1 distinct captures of this URL
raw/documents/cbo/pilot/cbo_mbr/53718,https://www.cbo.gov/publication/53718,wayback,https://web.archive.org/web/20260710175044id_/https://www.cbo.gov/publication/53718,2026-07-10T17:50:44+00:00,2026-09-29T14:30:55+00:00,4de03b9492b09aa61bf57c903237e499d0f98dd21c12bbcd5cf19ac1eba1ba19,40969,"Fri, 10 Jul 2026 17:50:42 GMT",text/html,200,R1 pilot corpus: publication page; 76 distinct captures of this URL
raw/documents/cbo/pilot/cbo_mbr/53718-mbr.pdf,https://www.cbo.gov/system/files/115th-congress-2017-2018/reports/53718-mbr.pdf,wayback,https://web.archive.org/web/20250223002640id_/https://www.cbo.gov/system/files/115th-congress-2017-2018/reports/53718-mbr.pdf,2025-02-23T00:26:40+00:00,2026-09-29T14:31:01+00:00,0e35a456770e5c944f9967b0108f1c65724ea2c2ccc10a2224ca793f71508ff9,102848,"Mon, 04 Jul 2022 13:21:07 GMT",application/pdf,200,R1 pilot corpus: PDF linked from https://www.cbo.gov/publication/53718; 1 distinct captures of this URL
raw/documents/cbo/pilot/cbo_beo/53651,https://www.cbo.gov/publication/53651,wayback,https://web.archive.org/web/20260814033855id_/https://www.cbo.gov/publication/53651,2026-08-14T03:38:55+00:00,2026-09-29T14:31:11+00:00,edda79481382f4d64d3bba85f60a391bcf99bb6c916846e9f2c009ae4a3e410d,68434,"Fri, 14 Aug 2026 03:38:55 GMT",text/html,200,R1 pilot corpus: publication page; 584 distinct captures of this URL
raw/documents/cbo/pilot/cbo_beo/53651-outlook-2.pdf,https://www.cbo.gov/system/files/2019-04/53651-outlook-2.pdf,wayback,https://web.archive.org/web/20260918055610id_/https://www.cbo.gov/system/files/2019-04/53651-outlook-2.pdf,2026-09-18T05:56:10+00:00,2026-09-29T14:31:21+00:00,7d8fdfedf4727f15c04d40c2a2bf9bb829cb4439a2a3f24ff36d8c8d18fe8b0e,1971192,"Fri, 09 May 2025 20:14:53 GMT",application/pdf,200,R1 pilot corpus: PDF linked from https://www.cbo.gov/publication/53651; 3 distinct captures of this URL
raw/documents/cbo/pilot/cbo_mbr/53821,https://www.cbo.gov/publication/53821,wayback,https://web.archive.org/web/20260412054727id_/https://www.cbo.gov/publication/53821,2026-04-12T05:47:27+00:00,2026-09-29T14:31:26+00:00,c8523d15c2e611e15c2ad9b2d0f4a854904fd7d1a6e1809fe705e1f815005362,41813,"Sun, 12 Apr 2026 05:47:26 GMT",text/html,200,R1 pilot corpus: publication page; 80 distinct captures of this URL
raw/documents/cbo/pilot/cbo_mbr/53821-mbr.pdf,https://www.cbo.gov/system/files/2018-07/53821-mbr.pdf,wayback,https://web.archive.org/web/20250812144705id_/https://www.cbo.gov/system/files/2018-07/53821-mbr.pdf,2025-08-12T14:47:05+00:00,2026-09-29T14:31:33+00:00,3dc231f7cf4c476857c7b5b1df3c3fa9a3c7ab4616f4604299b96eb823771a4d,106952,"Fri, 09 May 2025 20:13:48 GMT",application/pdf,200,R1 pilot corpus: PDF linked from https://www.cbo.gov/publication/53821; 1 distinct captures of this URL
raw/documents/cbo/pilot/cbo_apb/53884,https://www.cbo.gov/publication/53884,wayback,https://web.archive.org/web/20260710164335id_/https://www.cbo.gov/publication/53884,2026-07-10T16:43:35+00:00,2026-09-29T14:31:39+00:00,0b42d549b65f0f1927a4085c7a9d2b754dee14d26e58759941eecd80ed5603fb,45270,"Fri, 10 Jul 2026 16:43:33 GMT",text/html,200,R1 pilot corpus: publication page; 121 distinct captures of this URL
raw/documents/cbo/pilot/cbo_apb/53884-apb2019.pdf,https://www.cbo.gov/system/files/2018-08/53884-apb2019.pdf,wayback,https://web.archive.org/web/20260118095958id_/https://www.cbo.gov/system/files/2018-08/53884-apb2019.pdf,2026-01-18T09:59:58+00:00,2026-09-29T14:31:46+00:00,28573897df6a7c9c937617b5cfc9da778cbfde83f2146a2c73a2d475c4a887ac,311110,"Fri, 09 May 2025 20:13:59 GMT",application/pdf,200,R1 pilot corpus: PDF linked from https://www.cbo.gov/publication/53884; 2 distinct captures of this URL
,https://www.cbo.gov/publication/53950,wayback,https://web.archive.org/web/20260514202145id_/https://www.cbo.gov/publication/53950,,2026-09-29T14:31:59+00:00,,,,,403,capture not served
raw/documents/cbo/pilot/cbo_mbr/53950,https://www.cbo.gov/publication/53950,wayback,https://web.archive.org/web/20260211050355id_/https://www.cbo.gov/publication/53950,2026-02-11T05:03:55+00:00,2026-09-29T14:32:01+00:00,66337ed568771cfb9608efeff995637b33052c4ea39f9c603566bb3fcff74ede,40648,"Wed, 11 Feb 2026 05:03:55 GMT",text/html,200,R1 pilot corpus: publication page; 74 distinct captures of this URL
raw/documents/cbo/pilot/cbo_mbr/53950-mbr.pdf,https://www.cbo.gov/system/files/115th-congress-2017-2018/reports/53950-mbr.pdf,wayback,https://web.archive.org/web/20250805224629id_/https://www.cbo.gov/system/files/115th-congress-2017-2018/reports/53950-mbr.pdf,2025-08-05T22:46:29+00:00,2026-09-29T14:32:07+00:00,bce8a8c2f5d31b7acfb61ae7f7e1b4018a155e2cfdd67224a17c3a938c24c3d5,96946,"Fri, 09 May 2025 20:13:36 GMT",application/pdf,200,R1 pilot corpus: PDF linked from https://www.cbo.gov/publication/53950; 2 distinct captures of this URL
raw/documents/cbo/pilot/cbo_mbr/54156,https://www.cbo.gov/publication/54156,wayback,https://web.archive.org/web/20260514224218id_/https://www.cbo.gov/publication/54156,2026-05-14T22:42:18+00:00,2026-09-29T14:32:12+00:00,e70a82837868b2c858f9e89cba8dbd37e5844b9fdcc5257ab1db5ebe49cb4237,43680,"Thu, 14 May 2026 22:42:17 GMT",text/html,200,R1 pilot corpus: publication page; 77 distinct captures of this URL
raw/documents/cbo/pilot/cbo_mbr/54126-MBR.pdf,https://www.cbo.gov/system/files/2018-07/54126-MBR.pdf,wayback,https://web.archive.org/web/20250223003443id_/https://www.cbo.gov/system/files/2018-07/54126-MBR.pdf,2025-02-23T00:34:43+00:00,2026-09-29T14:32:22+00:00,f2869c1003b97a22abcebe9260c86da071995aa07295df393baeb04bf819e437,108036,"Mon, 04 Jul 2022 13:21:05 GMT",application/pdf,200,R1 pilot corpus: PDF linked from https://www.cbo.gov/publication/54156; 1 distinct captures of this URL
raw/documents/cbo/pilot/cbo_mbr/54339,https://www.cbo.gov/publication/54339,wayback,https://web.archive.org/web/20260215144418id_/https://www.cbo.gov/publication/54339,2026-02-15T14:44:18+00:00,2026-09-29T14:32:44+00:00,d1deb1e9c795b3059162df91a3a57d0427997633efe2648984ac2c50c117c3cf,43077,"Sun, 15 Feb 2026 14:44:16 GMT",text/html,200,R1 pilot corpus: publication page; 96 distinct captures of this URL
raw/documents/cbo/pilot/cbo_mbr/54339-MBR.pdf,https://www.cbo.gov/system/files/2018-08/54339-MBR.pdf,wayback,https://web.archive.org/web/20250208203611id_/https://www.cbo.gov/system/files/2018-08/54339-MBR.pdf,2025-02-08T20:36:11+00:00,2026-09-29T14:32:50+00:00,b72e7fee4b5a274a553a86caa55976cf26b9826a8615bda9b97cfc1bca568c5b,111109,"Mon, 04 Jul 2022 13:21:05 GMT",application/pdf,200,R1 pilot corpus: PDF linked from https://www.cbo.gov/publication/54339; 1 distinct captures of this URL
raw/documents/cbo/pilot/cbo_beo/54318,https://www.cbo.gov/publication/54318,wayback,https://web.archive.org/web/20260601161046id_/https://www.cbo.gov/publication/54318,2026-06-01T16:10:46+00:00,2026-09-29T14:32:56+00:00,4486595bf178e376ba96f1ee016d14078b93cf3ded6a48d1dcac515d968291cc,45199,"Mon, 01 Jun 2026 16:10:46 GMT",text/html,200,R1 pilot corpus: publication page; 141 distinct captures of this URL
raw/documents/cbo/pilot/cbo_beo/54318-EconomicOutlook-Aug2018-update-2.pdf,https://www.cbo.gov/system/files/2019-04/54318-EconomicOutlook-Aug2018-update-2.pdf,wayback,https://web.archive.org/web/20250325001347id_/https://www.cbo.gov/system/files/2019-04/54318-EconomicOutlook-Aug2018-update-2.pdf,2025-03-25T00:13:47+00:00,2026-09-29T14:33:03+00:00,37ea435560af2ed1d2d3274b22e72977b89154156a2eaa635f719e37d85421e8,571065,"Mon, 04 Jul 2022 13:21:05 GMT",application/pdf,200,R1 pilot corpus: PDF linked from https://www.cbo.gov/publication/54318; 2 distinct captures of this URL
raw/documents/cbo/pilot/cbo_mbr/54442,https://www.cbo.gov/publication/54442,wayback,https://web.archive.org/web/20260616001721id_/https://www.cbo.gov/publication/54442,2026-06-16T00:17:21+00:00,2026-09-29T14:33:08+00:00,1d244ab08711f03d836c1c88684ced7a7f890d067228600f34eb97e96115d50c,43612,"Tue, 16 Jun 2026 00:17:20 GMT",text/html,200,R1 pilot corpus: publication page; 140 distinct captures of this URL
raw/documents/cbo/pilot/cbo_mbr/54442-MBR.pdf,https://www.cbo.gov/system/files/2018-09/54442-MBR.pdf,wayback,https://web.archive.org/web/20250215001808id_/https://www.cbo.gov/system/files/2018-09/54442-MBR.pdf,2025-02-15T00:18:08+00:00,2026-09-29T14:33:14+00:00,61d9898c6c1ebbfc101d76ecfc1bb7ddac2f938e50d24df4bbc94b6ef6c87e5f,131703,"Mon, 04 Jul 2022 13:21:05 GMT",application/pdf,200,R1 pilot corpus: PDF linked from https://www.cbo.gov/publication/54442; 1 distinct captures of this URL
raw/documents/cbo/pilot/cbo_mbr/54551,https://www.cbo.gov/publication/54551,wayback,https://web.archive.org/web/20260412200632id_/https://www.cbo.gov/publication/54551,2026-04-12T20:06:32+00:00,2026-09-29T14:33:21+00:00,0e7d68c11175ffa6f6db48d80bac03ccd496b9a4779b04ad5e45665d732ab010,44889,"Sun, 12 Apr 2026 20:06:30 GMT",text/html,200,R1 pilot corpus: publication page; 101 distinct captures of this URL
raw/documents/cbo/pilot/cbo_mbr/54551-MBR.pdf,https://www.cbo.gov/system/files/2018-10/54551-MBR.pdf,wayback,https://web.archive.org/web/20250223041025id_/https://www.cbo.gov/system/files/2018-10/54551-MBR.pdf,2025-02-23T04:10:25+00:00,2026-09-29T14:33:26+00:00,65b618b6cef29e94cadbe85b545ebae79afb6c412ce8fc0548f0d69220547e66,142492,"Mon, 04 Jul 2022 13:21:05 GMT",application/pdf,200,R1 pilot corpus: PDF linked from https://www.cbo.gov/publication/54551; 1 distinct captures of this URL
raw/documents/cbo/pilot/cbo_mbr/54647,https://www.cbo.gov/publication/54647,wayback,https://web.archive.org/web/20260306015348id_/https://www.cbo.gov/publication/54647,2026-03-06T01:53:48+00:00,2026-09-29T14:33:31+00:00,649c8a661df3be3b21ae71d6d26319d73b6f74d8a04f06e1ffe9980e9684241e,46277,"Fri, 06 Mar 2026 01:53:46 GMT",text/html,200,R1 pilot corpus: publication page; 165 distinct captures of this URL
raw/documents/cbo/pilot/cbo_mbr/54647-MBR.pdf,https://www.cbo.gov/system/files/2018-11/54647-MBR.pdf,wayback,https://web.archive.org/web/20251002213937id_/https://www.cbo.gov/system/files/2018-11/54647-MBR.pdf,2025-10-02T21:39:37+00:00,2026-09-29T14:33:40+00:00,b267519f7cbcd0ba4f87b020c1d98714c211ac76d69c33cfcfe06699aad44368,560250,"Fri, 09 May 2025 20:14:28 GMT",application/pdf,200,R1 pilot corpus: PDF linked from https://www.cbo.gov/publication/54647; 2 distinct captures of this URL
raw/documents/cbo/pilot/cbo_mbr/54861,https://www.cbo.gov/publication/54861,wayback,https://web.archive.org/web/20260417121037id_/https://www.cbo.gov/publication/54861,2026-04-17T12:10:37+00:00,2026-09-29T14:33:45+00:00,5ac1df0c9a19ead3d1f27ec5e2ba5337e2501d9f186e47efa45202c80aa18302,42613,"Fri, 17 Apr 2026 12:10:36 GMT",text/html,200,R1 pilot corpus: publication page; 85 distinct captures of this URL
raw/documents/cbo/pilot/cbo_mbr/54861-MBR.pdf,https://www.cbo.gov/system/files/2018-12/54861-MBR.pdf,wayback,https://web.archive.org/web/20250222224546id_/https://www.cbo.gov/system/files/2018-12/54861-MBR.pdf,2025-02-22T22:45:46+00:00,2026-09-29T14:33:52+00:00,77ac4e14c9873601df79f9c2258b9c6931f93a9b0aabda6cba136148f6a7db61,113897,"Mon, 04 Jul 2022 13:21:05 GMT",application/pdf,200,R1 pilot corpus: PDF linked from https://www.cbo.gov/publication/54861; 1 distinct captures of this URL
raw/documents/cbo/pilot/cbo_mbr/54905,https://www.cbo.gov/publication/54905,wayback,https://web.archive.org/web/20260414085934id_/https://www.cbo.gov/publication/54905,2026-04-14T08:59:34+00:00,2026-09-29T14:33:57+00:00,18797c6ce6c2a8b70a4d111463eca69afa89bdfd58082ba32fd0a96da884fe32,42700,"Tue, 14 Apr 2026 08:59:33 GMT",text/html,200,R1 pilot corpus: publication page; 78 distinct captures of this URL
raw/documents/cbo/pilot/cbo_mbr/54905-MBR.pdf,https://www.cbo.gov/system/files/2019-01/54905-MBR.pdf,wayback,https://web.archive.org/web/20260519062207id_/https://www.cbo.gov/system/files/2019-01/54905-MBR.pdf,2026-05-19T06:22:07+00:00,2026-09-29T14:34:03+00:00,36a1c7666f73dca1bffc77d362fe3999316e2e6c2973b32f1e49ae5f491a278b,114566,"Fri, 09 May 2025 20:14:41 GMT",application/pdf,200,R1 pilot corpus: PDF linked from https://www.cbo.gov/publication/54905; 1 distinct captures of this URL
raw/documents/cbo/pilot/cbo_beo/54918,https://www.cbo.gov/publication/54918,wayback,https://web.archive.org/web/20260412204730id_/https://www.cbo.gov/publication/54918,2026-04-12T20:47:30+00:00,2026-09-29T14:34:09+00:00,b0630d22d574ae4a5d145c53a7130904d03e2271d9362d163a014853f31e06aa,60339,"Sun, 12 Apr 2026 20:47:27 GMT",text/html,200,R1 pilot corpus: publication page; 365 distinct captures of this URL
raw/documents/cbo/pilot/cbo_beo/54918-Outlook-3.pdf,https://www.cbo.gov/system/files/2019-03/54918-Outlook-3.pdf,wayback,https://web.archive.org/web/20250930224602id_/https://www.cbo.gov/system/files/2019-03/54918-Outlook-3.pdf,2025-09-30T22:46:02+00:00,2026-09-29T14:34:24+00:00,64995cd628d25c189d84eebb4ea2e221c9d9d7d29dfdeec1eceda288ea800d32,3987657,"Fri, 09 May 2025 20:14:49 GMT",application/pdf,200,R1 pilot corpus: PDF linked from https://www.cbo.gov/publication/54918; 4 distinct captures of this URL
raw/documents/cbo/pilot/cbo_mbr/54961,https://www.cbo.gov/publication/54961,wayback,https://web.archive.org/web/20260412063010id_/https://www.cbo.gov/publication/54961,2026-04-12T06:30:10+00:00,2026-09-29T14:34:40+00:00,c034fea8c0deadb90d48a7e25742fb040effc0a2f5816246bb963e7fd1def680,37498,"Sun, 12 Apr 2026 06:30:08 GMT",text/html,200,R1 pilot corpus: publication page; 69 distinct captures of this URL
raw/documents/cbo/pilot/cbo_mbr/54961-MBR.pdf,https://www.cbo.gov/system/files/2019-02/54961-MBR.pdf,wayback,https://web.archive.org/web/20250309011036id_/https://www.cbo.gov/system/files/2019-02/54961-MBR.pdf,2025-03-09T01:10:36+00:00,2026-09-29T14:34:45+00:00,d48b6e51d0ce5bd1f0741d91e4a993a882d4379dfdbd1fe47320fb37819b47ba,45356,"Mon, 04 Jul 2022 13:21:05 GMT",application/pdf,200,R1 pilot corpus: PDF linked from https://www.cbo.gov/publication/54961; 1 distinct captures of this URL
raw/documents/cbo/pilot/cbo_mbr/55017,https://www.cbo.gov/publication/55017,wayback,https://web.archive.org/web/20260313172656id_/https://www.cbo.gov/publication/55017,2026-03-13T17:26:56+00:00,2026-09-29T14:34:50+00:00,11ca673d1cacb7cb322f5f754f56e3c6f15e852d9a7481762dd78b1f083b4e56,42878,"Fri, 13 Mar 2026 17:26:55 GMT",text/html,200,R1 pilot corpus: publication page; 72 distinct captures of this URL
raw/documents/cbo/pilot/cbo_mbr/55017-MBR.pdf,https://www.cbo.gov/system/files/2019-03/55017-MBR.pdf,wayback,https://web.archive.org/web/20250223042408id_/https://www.cbo.gov/system/files/2019-03/55017-MBR.pdf,2025-02-23T04:24:08+00:00,2026-09-29T14:34:56+00:00,3f59bea32e85f8626efd470cd83909ff3899fc1a10d46b85e0f51e86dc6fe33a,156630,"Mon, 04 Jul 2022 13:21:05 GMT",application/pdf,200,R1 pilot corpus: PDF linked from https://www.cbo.gov/publication/55017; 1 distinct captures of this URL
raw/documents/cbo/pilot/cbo_mbr/55095,https://www.cbo.gov/publication/55095,wayback,https://web.archive.org/web/20260520093412id_/https://www.cbo.gov/publication/55095,2026-05-20T09:34:12+00:00,2026-09-29T14:35:02+00:00,b4fa32e62995144b33bff158cbab106fdae1783e82e8d5a5c32cd6915e8e59db,43518,"Wed, 20 May 2026 09:34:11 GMT",text/html,200,R1 pilot corpus: publication page; 86 distinct captures of this URL
raw/documents/cbo/pilot/cbo_mbr/55095-MBR.pdf,https://www.cbo.gov/system/files/2019-04/55095-MBR.pdf,wayback,https://web.archive.org/web/20250223074232id_/https://www.cbo.gov/system/files/2019-04/55095-MBR.pdf,2025-02-23T07:42:32+00:00,2026-09-29T14:35:10+00:00,a33fac439de8614b0148766f3e2fd5dc2af8bbcd78999ad196f0d4deee65829a,114113,"Mon, 04 Jul 2022 13:21:05 GMT",application/pdf,200,R1 pilot corpus: PDF linked from https://www.cbo.gov/publication/55095; 2 distinct captures of this URL
raw/documents/cbo/pilot/cbo_beo/55151,https://www.cbo.gov/publication/55151,wayback,https://web.archive.org/web/20260904225437id_/https://www.cbo.gov/publication/55151,2026-09-04T22:54:37+00:00,2026-09-29T14:35:16+00:00,5904d3b2bb990c68721ce4410d61a87bd709bdf60a590c34a67dfefcb9c2454d,50845,"Fri, 04 Sep 2026 22:54:37 GMT",text/html,200,R1 pilot corpus: publication page; 154 distinct captures of this URL
raw/documents/cbo/pilot/cbo_beo/55151-budget_update_0.pdf,https://www.cbo.gov/system/files/2019-05/55151-budget_update_0.pdf,wayback,https://web.archive.org/web/20260816041029id_/https://www.cbo.gov/system/files/2019-05/55151-budget_update_0.pdf,2026-08-16T04:10:29+00:00,2026-09-29T14:35:22+00:00,39308ac530804df1fc7a7ff82f2c18cdae40e88ebaf9e6ebbb4f05c9c7b347eb,588905,"Fri, 09 May 2025 20:15:02 GMT",application/pdf,200,R1 pilot corpus: PDF linked from https://www.cbo.gov/publication/55151; 2 distinct captures of this URL
raw/documents/cbo/pilot/cbo_mbr/55219,https://www.cbo.gov/publication/55219,wayback,https://web.archive.org/web/20260607020658id_/https://www.cbo.gov/publication/55219,2026-06-07T02:06:58+00:00,2026-09-29T14:35:28+00:00,6e94a63c5846237736d16a602c1279828e2694c10e8a30c6968f7cec081da795,44011,"Sun, 07 Jun 2026 02:06:57 GMT",text/html,200,R1 pilot corpus: publication page; 72 distinct captures of this URL
raw/documents/cbo/pilot/cbo_mbr/55219-MBR.pdf,https://www.cbo.gov/system/files/2019-05/55219-MBR.pdf,wayback,https://web.archive.org/web/20260308105152id_/https://www.cbo.gov/system/files/2019-05/55219-MBR.pdf,2026-03-08T10:51:52+00:00,2026-09-29T14:35:34+00:00,159e1fd78f28aced3a9dcb2bb1c3cb673c2e5962153cb407eb9eb42613031b14,120871,"Fri, 09 May 2025 20:15:03 GMT",application/pdf,200,R1 pilot corpus: PDF linked from https://www.cbo.gov/publication/55219; 1 distinct captures of this URL
raw/documents/cbo/pilot/cbo_apb/55195,https://www.cbo.gov/publication/55195,wayback,https://web.archive.org/web/20260420215945id_/https://www.cbo.gov/publication/55195,2026-04-20T21:59:45+00:00,2026-09-29T14:35:41+00:00,624d364097643888b27e591b14eac37da7631409fd4510e5c86e40a09a849296,47037,"Mon, 20 Apr 2026 21:59:43 GMT",text/html,200,R1 pilot corpus: publication page; 97 distinct captures of this URL
raw/documents/cbo/pilot/cbo_apb/55195-APB2020_0.pdf,https://www.cbo.gov/system/files/2019-05/55195-APB2020_0.pdf,wayback,https://web.archive.org/web/20250222174303id_/https://www.cbo.gov/system/files/2019-05/55195-APB2020_0.pdf,2025-02-22T17:43:03+00:00,2026-09-29T14:35:47+00:00,f2b1ecd5e8d3a255097358d89e92b0ae515937119c88f4c17babb4ea38c28ca0,1510861,"Mon, 04 Jul 2022 13:21:05 GMT",application/pdf,200,R1 pilot corpus: PDF linked from https://www.cbo.gov/publication/55195; 3 distinct captures of this URL
raw/documents/cbo/pilot/cbo_mbr/55329,https://www.cbo.gov/publication/55329,wayback,https://web.archive.org/web/20260511175813id_/https://www.cbo.gov/publication/55329,2026-05-11T17:58:13+00:00,2026-09-29T14:35:52+00:00,8fbc0af741a2f7c4e48da67f9d6863bdb8fd88a7cbc3c3d1522c30304cf999c2,44763,"Mon, 11 May 2026 17:58:12 GMT",text/html,200,R1 pilot corpus: publication page; 83 distinct captures of this URL
raw/documents/cbo/pilot/cbo_mbr/55329-MBR.pdf,https://www.cbo.gov/system/files/2019-06/55329-MBR.pdf,wayback,https://web.archive.org/web/20250222194456id_/https://www.cbo.gov/system/files/2019-06/55329-MBR.pdf,2025-02-22T19:44:56+00:00,2026-09-29T14:35:59+00:00,c37e8988ac05797882dcb19499b2f95c8986d4551896c6f02b59e91e7770b9ca,109588,"Mon, 04 Jul 2022 13:21:05 GMT",application/pdf,200,R1 pilot corpus: PDF linked from https://www.cbo.gov/publication/55329; 2 distinct captures of this URL
raw/documents/cbo/pilot/cbo_mbr/55415,https://www.cbo.gov/publication/55415,wayback,https://web.archive.org/web/20260214173501id_/https://www.cbo.gov/publication/55415,2026-02-14T17:35:01+00:00,2026-09-29T14:36:04+00:00,785f8502e42799eee282f49d78a48f3b6dffc7e6ae36b67b37786b04143d1a53,44771,"Sat, 14 Feb 2026 17:34:59 GMT",text/html,200,R1 pilot corpus: publication page; 96 distinct captures of this URL
raw/documents/cbo/pilot/cbo_mbr/CBO-55415-MBR.pdf,https://www.cbo.gov/system/files/2019-07/CBO-55415-MBR.pdf,wayback,https://web.archive.org/web/20251213154137id_/https://www.cbo.gov/system/files/2019-07/CBO-55415-MBR.pdf,2025-12-13T15:41:37+00:00,2026-09-29T14:36:10+00:00,d6ed8deaedf84e44f61beb2f2f14d8851450562df8dfa8515aee2e6f1ea9d5ba,115708,"Fri, 09 May 2025 20:15:18 GMT",application/pdf,200,R1 pilot corpus: PDF linked from https://www.cbo.gov/publication/55415; 2 distinct captures of this URL
raw/documents/cbo/pilot/cbo_mbr/55527,https://www.cbo.gov/publication/55527,wayback,https://web.archive.org/web/20260612120733id_/https://www.cbo.gov/publication/55527,2026-06-12T12:07:33+00:00,2026-09-29T14:36:16+00:00,a1ba0b0b2c0d634714c7dd3ecb9f7f4c47bec003ee07d44cf208d7224163ad3e,44687,"Fri, 12 Jun 2026 12:07:31 GMT",text/html,200,R1 pilot corpus: publication page; 81 distinct captures of this URL
raw/documents/cbo/pilot/cbo_mbr/55527-CBO-MBR-July2019.pdf,https://www.cbo.gov/system/files/2019-08/55527-CBO-MBR-July2019.pdf,wayback,https://web.archive.org/web/20251210220723id_/https://www.cbo.gov/system/files/2019-08/55527-CBO-MBR-July2019.pdf,2025-12-10T22:07:23+00:00,2026-09-29T14:36:22+00:00,d20cf9d84e8469b39e06afdcbc0628110210c52b66aa8ca8889c1255685bc0d2,113495,"Fri, 09 May 2025 20:15:26 GMT",application/pdf,200,R1 pilot corpus: PDF linked from https://www.cbo.gov/publication/55527; 2 distinct captures of this URL
raw/documents/cbo/pilot/cbo_beo/55551,https://www.cbo.gov/publication/55551,wayback,https://web.archive.org/web/20260606203908id_/https://www.cbo.gov/publication/55551,2026-06-06T20:39:08+00:00,2026-09-29T14:36:28+00:00,1618fbd1c86cf00775fde227c654e2e234b8ecb9cd3756fb939a5dae60da1e20,52694,"Sat, 06 Jun 2026 20:39:06 GMT",text/html,200,R1 pilot corpus: publication page; 199 distinct captures of this URL
raw/documents/cbo/pilot/cbo_beo/55551-CBO-outlook-update_0.pdf,https://www.cbo.gov/system/files/2019-08/55551-CBO-outlook-update_0.pdf,wayback,https://web.archive.org/web/20260811035239id_/https://www.cbo.gov/system/files/2019-08/55551-CBO-outlook-update_0.pdf,2026-08-11T03:52:39+00:00,2026-09-29T14:36:35+00:00,a605c06be280059e0125b0ddef80dc8ed8ba8ead10e37efc66669cfccda6fc36,2372145,"Fri, 09 May 2025 20:15:27 GMT",application/pdf,200,R1 pilot corpus: PDF linked from https://www.cbo.gov/publication/55551; 6 distinct captures of this URL
raw/documents/cbo/pilot/cbo_mbr/55598_34f9deee,https://www.cbo.gov/publication/55598,wayback,https://web.archive.org/web/20250910054812id_/https://www.cbo.gov/publication/55598?utm_source=feedblitz&utm_medium=FeedBlitzEmail&utm_content=812526&utm_campaign=Express_%272019-09-09+17%3A30%3A00%27,2025-09-10T05:48:12+00:00,2026-09-29T14:36:47+00:00,cfdff5e89c7d99daf6ea9918db48e274136e4f144ac4ef223abc6cb35a63d5e0,46305,"Wed, 10 Sep 2025 05:48:10 GMT",text/html,200,R1 pilot corpus: publication page; 86 distinct captures of this URL
raw/documents/cbo/pilot/cbo_mbr/55598-CBO-MBR-Aug2019.pdf,https://www.cbo.gov/system/files/2019-09/55598-CBO-MBR-Aug2019.pdf,wayback,https://web.archive.org/web/20250414160446id_/https://www.cbo.gov/system/files/2019-09/55598-CBO-MBR-Aug2019.pdf,2025-04-14T16:04:46+00:00,2026-09-29T14:36:52+00:00,35894708ab8fa8345f8b3e25769ef47264a1cdc31500844b0ac954a8d48190a8,601399,"Mon, 04 Jul 2022 13:21:05 GMT",application/pdf,200,R1 pilot corpus: PDF linked from https://www.cbo.gov/publication/55598; 1 distinct captures of this URL
raw/documents/cbo/pilot/cbo_mbr/55699,https://www.cbo.gov/publication/55699,wayback,https://web.archive.org/web/20260606202414id_/https://www.cbo.gov/publication/55699,2026-06-06T20:24:14+00:00,2026-09-29T14:36:57+00:00,eaf3d39e0791b00302125b21f4bfdc9d494a9b8253b6330e8074948e79016593,47379,"Sat, 06 Jun 2026 20:24:13 GMT",text/html,200,R1 pilot corpus: publication page; 117 distinct captures of this URL
raw/documents/cbo/pilot/cbo_mbr/55699-CBO-MBR.pdf,https://www.cbo.gov/system/files/2019-10/55699-CBO-MBR.pdf,wayback,https://web.archive.org/web/20250226172157id_/https://www.cbo.gov/system/files/2019-10/55699-CBO-MBR.pdf,2025-02-26T17:21:57+00:00,2026-09-29T14:37:05+00:00,0112bc183843c3c0746d9bfc0cfb43bc39e307b1ad6665f767341e2d5de5ece9,123036,"Mon, 04 Jul 2022 13:21:05 GMT",application/pdf,200,R1 pilot corpus: PDF linked from https://www.cbo.gov/publication/55699; 2 distinct captures of this URL
raw/documents/cbo/pilot/cbo_mbr/55824,https://www.cbo.gov/publication/55824,wayback,https://web.archive.org/web/20260710175237id_/https://www.cbo.gov/publication/55824,2026-07-10T17:52:37+00:00,2026-09-29T14:37:09+00:00,2ccf821388a35cad2b418e922661c2b027424d805e8da8269c6694700cb8762d,45477,"Fri, 10 Jul 2026 17:52:36 GMT",text/html,200,R1 pilot corpus: publication page; 116 distinct captures of this URL
raw/documents/cbo/pilot/cbo_mbr/55824-CBO-MBR-FY19.pdf,https://www.cbo.gov/system/files/2019-11/55824-CBO-MBR-FY19.pdf,wayback,https://web.archive.org/web/20250907173635id_/https://www.cbo.gov/system/files/2019-11/55824-CBO-MBR-FY19.pdf,2025-09-07T17:36:35+00:00,2026-09-29T14:37:15+00:00,051ddb27d807d325e854661b214b899a0911cacdc771cfeae965c16c6e9aa64d,117259,"Fri, 09 May 2025 20:15:42 GMT",application/pdf,200,R1 pilot corpus: PDF linked from https://www.cbo.gov/publication/55824; 2 distinct captures of this URL
raw/documents/cbo/pilot/cbo_mbr/55926,https://www.cbo.gov/publication/55926,wayback,https://web.archive.org/web/20260520225615id_/https://www.cbo.gov/publication/55926,2026-05-20T22:56:15+00:00,2026-09-29T14:37:21+00:00,395aef838e413adac17566008235d79674a1d7e7d4bebe4fa2d3749c2793e2aa,40684,"Wed, 20 May 2026 22:56:14 GMT",text/html,200,R1 pilot corpus: publication page; 75 distinct captures of this URL
raw/documents/cbo/pilot/cbo_mbr/55926-CBO-MBR.pdf,https://www.cbo.gov/system/files/2019-12/55926-CBO-MBR.pdf,wayback,https://web.archive.org/web/20250223025549id_/https://www.cbo.gov/system/files/2019-12/55926-CBO-MBR.pdf,2025-02-23T02:55:49+00:00,2026-09-29T14:37:28+00:00,e67927efe7962a54554371af78997be40f57eca7b5a5dfa899790b67b275c1ba,110686,"Mon, 04 Jul 2022 13:21:05 GMT",application/pdf,200,R1 pilot corpus: PDF linked from https://www.cbo.gov/publication/55926; 2 distinct captures of this URL
raw/documents/cbo/pilot/cbo_mbr/55997,https://www.cbo.gov/publication/55997,wayback,https://web.archive.org/web/20260607023345id_/https://www.cbo.gov/publication/55997,2026-06-07T02:33:45+00:00,2026-09-29T14:37:33+00:00,58e75947be061875c938d3eb5aa6e51d1b6db8c59de0cbbc2290f590e38bad8e,41227,"Sun, 07 Jun 2026 02:33:33 GMT",text/html,200,R1 pilot corpus: publication page; 69 distinct captures of this URL
raw/documents/cbo/pilot/cbo_mbr/55997-CBO-MBR.pdf,https://www.cbo.gov/system/files/2020-01/55997-CBO-MBR.pdf,wayback,https://web.archive.org/web/20250222220620id_/https://www.cbo.gov/system/files/2020-01/55997-CBO-MBR.pdf,2025-02-22T22:06:20+00:00,2026-09-29T14:37:40+00:00,a772067483ea7b376fea0cc4e1ac373d9fc99333f66f29bbc252004cfb704ccb,112540,"Mon, 04 Jul 2022 13:21:05 GMT",application/pdf,200,R1 pilot corpus: PDF linked from https://www.cbo.gov/publication/55997; 2 distinct captures of this URL
raw/documents/cbo/pilot/cbo_beo/56020,https://www.cbo.gov/publication/56020,wayback,https://web.archive.org/web/20260829020605id_/https://www.cbo.gov/publication/56020,2026-08-29T02:06:05+00:00,2026-09-29T14:37:45+00:00,ec24d287445e40e85d08bd962cc3be8d9ddaa6f19c57dd4d272908cb8fc71231,73257,"Sat, 29 Aug 2026 01:37:28 GMT",text/html,200,R1 pilot corpus: publication page; 322 distinct captures of this URL
raw/documents/cbo/pilot/cbo_beo/56020-CBO-Outlook.pdf,https://www.cbo.gov/system/files/2020-01/56020-CBO-Outlook.pdf,wayback,https://web.archive.org/web/20260719232242id_/https://www.cbo.gov/system/files/2020-01/56020-CBO-Outlook.pdf,2026-07-19T23:22:42+00:00,2026-09-29T14:37:52+00:00,b5d4b3844e30aed034e3cab0d4d223162aae73bf7b12c844730d33b4cc74f824,1843315,"Fri, 09 May 2025 20:15:57 GMT",application/pdf,200,R1 pilot corpus: PDF linked from https://www.cbo.gov/publication/56020; 5 distinct captures of this URL
raw/documents/cbo/pilot/cbo_mbr/56118,https://www.cbo.gov/publication/56118,wayback,https://web.archive.org/web/20260313014300id_/https://www.cbo.gov/publication/56118,2026-03-13T01:43:00+00:00,2026-09-29T14:37:58+00:00,136a2ea49b4374e4c11ec1ff2f8f5f00e664e7653d0945f35d290993536375a7,41750,"Fri, 13 Mar 2026 01:42:59 GMT",text/html,200,R1 pilot corpus: publication page; 64 distinct captures of this URL
raw/documents/cbo/pilot/cbo_mbr/56118-CBO-MBR.pdf,https://www.cbo.gov/system/files/2020-02/56118-CBO-MBR.pdf,wayback,https://web.archive.org/web/20250222221107id_/https://www.cbo.gov/system/files/2020-02/56118-CBO-MBR.pdf,2025-02-22T22:11:07+00:00,2026-09-29T14:38:04+00:00,18dcd1f9f8cd9713bb41003a0c5ce83d9e47ce0422e9c1582dce526af7943390,112849,"Mon, 04 Jul 2022 13:21:05 GMT",application/pdf,200,R1 pilot corpus: PDF linked from https://www.cbo.gov/publication/56118; 1 distinct captures of this URL
raw/documents/cbo/pilot/cbo_mbr/56223,https://www.cbo.gov/publication/56223,wayback,https://web.archive.org/web/20260412063035id_/https://www.cbo.gov/publication/56223,2026-04-12T06:30:35+00:00,2026-09-29T14:38:09+00:00,160c99b34e6622dc87604dcc337c608d23b35d7dbd142fe030d6f1957ff4fd70,43697,"Sun, 12 Apr 2026 06:30:34 GMT",text/html,200,R1 pilot corpus: publication page; 66 distinct captures of this URL
raw/documents/cbo/pilot/cbo_mbr/56223-CBO-MBR.pdf,https://www.cbo.gov/system/files/2020-03/56223-CBO-MBR.pdf,wayback,https://web.archive.org/web/20250223093524id_/https://www.cbo.gov/system/files/2020-03/56223-CBO-MBR.pdf,2025-02-23T09:35:24+00:00,2026-09-29T14:38:16+00:00,984b8ba1fe9c338c7174e5398b05a4de18332e8393ff225d8bdca51ac37ac158,122511,"Mon, 04 Jul 2022 13:21:05 GMT",application/pdf,200,R1 pilot corpus: PDF linked from https://www.cbo.gov/publication/56223; 1 distinct captures of this URL
raw/documents/cbo/pilot/cbo_beo/56268,https://www.cbo.gov/publication/56268,wayback,https://web.archive.org/web/20260519013530id_/https://www.cbo.gov/publication/56268,2026-05-19T01:35:30+00:00,2026-09-29T14:38:22+00:00,48bc2453f33d2784cc7a6464ce0b4a698a43d9772354769ac3039010846a12ee,44898,"Tue, 19 May 2026 01:35:28 GMT",text/html,200,R1 pilot corpus: publication page; 114 distinct captures of this URL
raw/documents/cbo/pilot/cbo_beo/56268-CBO-baseline-budget-projections.pdf,https://www.cbo.gov/system/files/2020-03/56268-CBO-baseline-budget-projections.pdf,wayback,https://web.archive.org/web/20250227202846id_/https://www.cbo.gov/system/files/2020-03/56268-CBO-baseline-budget-projections.pdf,2025-02-27T20:28:46+00:00,2026-09-29T14:38:29+00:00,253ce10b949e0c350127209b8b68acb7d584edb49e07a36aaa1d6174da9f13aa,708968,"Mon, 04 Jul 2022 13:21:05 GMT",application/pdf,200,R1 pilot corpus: PDF linked from https://www.cbo.gov/publication/56268; 2 distinct captures of this URL
raw/documents/cbo/pilot/cbo_apb/56278,https://www.cbo.gov/publication/56278,wayback,https://web.archive.org/web/20260520101556id_/https://www.cbo.gov/publication/56278,2026-05-20T10:15:56+00:00,2026-09-29T14:38:34+00:00,8f60e58db1d1ad2c92c02177c2fa037fcf18f18be12abe14009923ca812bc626,44856,"Wed, 20 May 2026 10:15:54 GMT",text/html,200,R1 pilot corpus: publication page; 85 distinct captures of this URL
raw/documents/cbo/pilot/cbo_apb/56278-CBO-APB-2021.pdf,https://www.cbo.gov/system/files/2020-03/56278-CBO-APB-2021.pdf,wayback,https://web.archive.org/web/20250222162844id_/https://www.cbo.gov/system/files/2020-03/56278-CBO-APB-2021.pdf,2025-02-22T16:28:44+00:00,2026-09-29T14:38:41+00:00,f9f8fb8ead3e8ecfbc713465f630b03231513726e834c08c2f98d97d3533ea68,731722,"Mon, 04 Jul 2022 13:21:05 GMT",application/pdf,200,R1 pilot corpus: PDF linked from https://www.cbo.gov/publication/56278; 2 distinct captures of this URL
raw/documents/cbo/pilot/cbo_mbr/56317,https://www.cbo.gov/publication/56317,wayback,https://web.archive.org/web/20260412065449id_/https://www.cbo.gov/publication/56317,2026-04-12T06:54:49+00:00,2026-09-29T14:38:46+00:00,47e945a13344a50aa758d4fc214fb88d718dced55595594000768aaea57c5cdf,42869,"Sun, 12 Apr 2026 06:54:48 GMT",text/html,200,R1 pilot corpus: publication page; 74 distinct captures of this URL
raw/documents/cbo/pilot/cbo_mbr/56317-CBO-MBR.pdf,https://www.cbo.gov/system/files/2020-04/56317-CBO-MBR.pdf,wayback,https://web.archive.org/web/20250223020041id_/https://www.cbo.gov/system/files/2020-04/56317-CBO-MBR.pdf,2025-02-23T02:00:41+00:00,2026-09-29T14:38:52+00:00,699003d9af53fa1c723b359cd1d225e4462b183ce05977ae77fceea4fc05ac16,112789,"Mon, 04 Jul 2022 13:21:05 GMT",application/pdf,200,R1 pilot corpus: PDF linked from https://www.cbo.gov/publication/56317; 1 distinct captures of this URL
raw/documents/cbo/pilot/cbo_mbr/56350,https://www.cbo.gov/publication/56350,wayback,https://web.archive.org/web/20260312071753id_/https://www.cbo.gov/publication/56350,2026-03-12T07:17:53+00:00,2026-09-29T14:38:58+00:00,b3ec4c9c5217c31a1620ad6b0fdc5bdf46f5451b68dfc1897903881015a52687,56212,"Thu, 12 Mar 2026 07:05:09 GMT",text/html,200,R1 pilot corpus: publication page; 90 distinct captures of this URL
raw/documents/cbo/pilot/cbo_mbr/56350-CBO-MBR.pdf,https://www.cbo.gov/system/files/2020-05/56350-CBO-MBR.pdf,wayback,https://web.archive.org/web/20250311074154id_/https://www.cbo.gov/system/files/2020-05/56350-CBO-MBR.pdf,2025-03-11T07:41:54+00:00,2026-09-29T14:39:05+00:00,6e04ab6880df119c16435c7b4faefe82bae74f503b5f04db5e395711ff834045,118820,"Mon, 04 Jul 2022 13:21:05 GMT",application/pdf,200,R1 pilot corpus: PDF linked from https://www.cbo.gov/publication/56350; 2 distinct captures of this URL
raw/documents/cbo/pilot/cbo_beo/56351,https://www.cbo.gov/publication/56351,wayback,https://web.archive.org/web/20260607135349id_/https://www.cbo.gov/publication/56351,2026-06-07T13:53:49+00:00,2026-09-29T14:39:10+00:00,1fe53436649a9b8ef0ba2ca6c0334042ae584c247c06e295dfbbf70ab23891c7,66512,"Sun, 07 Jun 2026 13:53:48 GMT",text/html,200,R1 pilot corpus: publication page; 174 distinct captures of this URL
raw/documents/cbo/pilot/cbo_beo/56351-CBO-interim-projections.pdf,https://www.cbo.gov/system/files/2020-05/56351-CBO-interim-projections.pdf,wayback,https://web.archive.org/web/20251001024132id_/https://www.cbo.gov/system/files/2020-05/56351-CBO-interim-projections.pdf,2025-10-01T02:41:32+00:00,2026-09-29T14:39:19+00:00,d7e12942256c8e0e55fd2a5defdd5624ea8f2123bd5eb24082257905b8a4326c,1046030,"Fri, 09 May 2025 20:16:19 GMT",application/pdf,200,R1 pilot corpus: PDF linked from https://www.cbo.gov/publication/56351; 3 distinct captures of this URL
raw/documents/cbo/pilot/cbo_mbr/56390,https://www.cbo.gov/publication/56390,wayback,https://web.archive.org/web/20260313012457id_/https://www.cbo.gov/publication/56390,2026-03-13T01:24:57+00:00,2026-09-29T14:39:23+00:00,b5f93400165bfdbf8aca5cd8a76e39c269db13c80c397d57c3a6cfef67f30c2c,54743,"Fri, 13 Mar 2026 01:24:56 GMT",text/html,200,R1 pilot corpus: publication page; 74 distinct captures of this URL
raw/documents/cbo/pilot/cbo_mbr/56390-CBO-MBR.pdf,https://www.cbo.gov/system/files/2020-06/56390-CBO-MBR.pdf,wayback,https://web.archive.org/web/20250311072608id_/https://www.cbo.gov/system/files/2020-06/56390-CBO-MBR.pdf,2025-03-11T07:26:08+00:00,2026-09-29T14:39:30+00:00,96c84615f616cdf0644a581c519f8d0c148280b3dd5a93b5cb12489442a39efe,214683,"Mon, 04 Jul 2022 13:21:05 GMT",application/pdf,200,R1 pilot corpus: PDF linked from https://www.cbo.gov/publication/56390; 2 distinct captures of this URL
raw/documents/cbo/pilot/cbo_beo/56442,https://www.cbo.gov/publication/56442,wayback,https://web.archive.org/web/20260308072101id_/https://www.cbo.gov/publication/56442,2026-03-08T07:21:01+00:00,2026-09-29T14:39:36+00:00,c4e1118fa858e46ae105afa2be8d5579a10d6ec9617916e45bd228ad18554e7d,57350,"Sun, 08 Mar 2026 07:21:00 GMT",text/html,200,R1 pilot corpus: publication page; 168 distinct captures of this URL
raw/documents/cbo/pilot/cbo_beo/56442-CBO-update-economic-outlook.pdf,https://www.cbo.gov/system/files/2020-07/56442-CBO-update-economic-outlook.pdf,wayback,https://web.archive.org/web/20250909120744id_/https://www.cbo.gov/system/files/2020-07/56442-CBO-update-economic-outlook.pdf,2025-09-09T12:07:44+00:00,2026-09-29T14:39:42+00:00,9bc06b4c7d7e23c7e5907bc1f4121bdd0ed7845c7f266735ef2620399ebdd82b,600810,"Fri, 09 May 2025 20:16:26 GMT",application/pdf,200,R1 pilot corpus: PDF linked from https://www.cbo.gov/publication/56442; 3 distinct captures of this URL
raw/documents/cbo/pilot/cbo_mbr/56458,https://www.cbo.gov/publication/56458,wayback,https://web.archive.org/web/20260511175359id_/https://www.cbo.gov/publication/56458,2026-05-11T17:53:59+00:00,2026-09-29T14:39:47+00:00,cd509ad3b4d7c554fca71badf8bd32206b80a2e19bf7657415cf231b7a792c1a,54611,"Mon, 11 May 2026 17:53:58 GMT",text/html,200,R1 pilot corpus: publication page; 114 distinct captures of this URL
raw/documents/cbo/pilot/cbo_mbr/56458-CBO-MBR.pdf,https://www.cbo.gov/system/files/2020-07/56458-CBO-MBR.pdf,wayback,https://web.archive.org/web/20250929104359id_/https://www.cbo.gov/system/files/2020-07/56458-CBO-MBR.pdf,2025-09-29T10:43:59+00:00,2026-09-29T14:39:54+00:00,baa04a68b1adc8f6d0008d8728ca9431a41d84f8acd17c7c5b9f7431f6fb7914,215088,"Fri, 09 May 2025 20:16:26 GMT",application/pdf,200,R1 pilot corpus: PDF linked from https://www.cbo.gov/publication/56458; 2 distinct captures of this URL
raw/documents/cbo/pilot/cbo_mbr/56497,https://www.cbo.gov/publication/56497,wayback,https://web.archive.org/web/20260211045442id_/https://www.cbo.gov/publication/56497,2026-02-11T04:54:42+00:00,2026-09-29T14:40:00+00:00,c4dfea97d2c87e873710e8e4285d872e79948572272b39e6dc6508132d0c33e2,55270,"Wed, 11 Feb 2026 04:54:42 GMT",text/html,200,R1 pilot corpus: publication page; 76 distinct captures of this URL
raw/documents/cbo/pilot/cbo_mbr/56497-CBO-MBR.pdf,https://www.cbo.gov/system/files/2020-08/56497-CBO-MBR.pdf,wayback,https://web.archive.org/web/20250206142012id_/https://www.cbo.gov/system/files/2020-08/56497-CBO-MBR.pdf,2025-02-06T14:20:12+00:00,2026-09-29T14:40:06+00:00,2113d22c2be4b96da2ca4712288cc1919c8a3e2bfb84d4b8524bf8cea949363c,244066,"Mon, 04 Jul 2022 13:21:05 GMT",application/pdf,200,R1 pilot corpus: PDF linked from https://www.cbo.gov/publication/56497; 2 distinct captures of this URL
raw/documents/cbo/pilot/cbo_beo/56517,https://www.cbo.gov/publication/56517,wayback,https://web.archive.org/web/20260806020433id_/https://www.cbo.gov/publication/56517,2026-08-06T02:04:33+00:00,2026-09-29T14:40:12+00:00,c4c558d536e6fabcd870a2e01b5abf5836fde788cb86b265d9cc28e78c85e403,70118,"Thu, 06 Aug 2026 02:04:33 GMT",text/html,200,R1 pilot corpus: publication page; 480 distinct captures of this URL
raw/documents/cbo/pilot/cbo_beo/56517-Budget-Outlook.pdf,https://www.cbo.gov/system/files/2020-09/56517-Budget-Outlook.pdf,wayback,https://web.archive.org/web/20260928045119id_/https://www.cbo.gov/system/files/2020-09/56517-Budget-Outlook.pdf,2026-09-28T04:51:19+00:00,2026-09-29T14:40:19+00:00,25747d956b9f3ec7dcb6bf9e85a125d331002ffd16f0ff40c926543e010041c2,1016842,"Fri, 09 May 2025 20:16:32 GMT",application/pdf,200,R1 pilot corpus: PDF linked from https://www.cbo.gov/publication/56517; 5 distinct captures of this URL
raw/documents/cbo/pilot/cbo_mbr/56552,https://www.cbo.gov/publication/56552,wayback,https://web.archive.org/web/20260420213934id_/https://www.cbo.gov/publication/56552,2026-04-20T21:39:34+00:00,2026-09-29T14:40:24+00:00,a3fc63bdda76bd1d2db88f3dc696d7448605e7664666dbcd339ac3ee88997e01,40747,"Mon, 20 Apr 2026 21:39:32 GMT",text/html,200,R1 pilot corpus: publication page; 83 distinct captures of this URL
raw/documents/cbo/pilot/cbo_mbr/56552-MBR.pdf,https://www.cbo.gov/system/files/2020-09/56552-MBR.pdf,wayback,https://web.archive.org/web/20250323041729id_/https://www.cbo.gov/system/files/2020-09/56552-MBR.pdf,2025-03-23T04:17:29+00:00,2026-09-29T14:40:32+00:00,703b39fd5e4f63744633bcd8b5c67eff7e635f83376b9422f809e460c02c7d63,233051,"Mon, 04 Jul 2022 13:21:05 GMT",application/pdf,200,R1 pilot corpus: PDF linked from https://www.cbo.gov/publication/56552; 1 distinct captures of this URL
raw/documents/cbo/pilot/cbo_mbr/56661,https://www.cbo.gov/publication/56661,wayback,https://web.archive.org/web/20260412204930id_/https://www.cbo.gov/publication/56661,2026-04-12T20:49:30+00:00,2026-09-29T14:40:41+00:00,255870a24ae7d518c4c698e6fb1c931c919593b6dd34351aa8232836b91781a8,55637,"Sun, 12 Apr 2026 20:47:29 GMT",text/html,200,R1 pilot corpus: publication page; 86 distinct captures of this URL
raw/documents/cbo/pilot/cbo_mbr/56661-MBR.pdf,https://www.cbo.gov/system/files/2020-10/56661-MBR.pdf,wayback,https://web.archive.org/web/20250309012422id_/https://www.cbo.gov/system/files/2020-10/56661-MBR.pdf,2025-03-09T01:24:22+00:00,2026-09-29T14:40:48+00:00,8e4409067c60c5f58a9f5e460b3834abe0f0c594c2f655eec2164500e5840939,222641,"Mon, 04 Jul 2022 13:21:05 GMT",application/pdf,200,R1 pilot corpus: PDF linked from https://www.cbo.gov/publication/56661; 3 distinct captures of this URL
raw/documents/cbo/pilot/cbo_mbr/56746,https://www.cbo.gov/publication/56746,wayback,https://web.archive.org/web/20260710174447id_/https://www.cbo.gov/publication/56746,2026-07-10T17:44:47+00:00,2026-09-29T14:40:54+00:00,666d9547cf9e8a1bfcf91035fbf6cc9c67b0d4d63d23cd66841d8dd04d9bc578,62839,"Fri, 10 Jul 2026 17:40:04 GMT",text/html,200,R1 pilot corpus: publication page; 83 distinct captures of this URL
raw/documents/cbo/pilot/cbo_mbr/56746-MBR.pdf,https://www.cbo.gov/system/files/2020-11/56746-MBR.pdf,wayback,https://web.archive.org/web/20260211204535id_/https://www.cbo.gov/system/files/2020-11/56746-MBR.pdf,2026-02-11T20:45:35+00:00,2026-09-29T14:41:00+00:00,1c614ab529d0f85f2ee39904edfd07d04888766ca6d2bb9aefda5063621e8036,228744,"Fri, 09 May 2025 20:16:43 GMT",application/pdf,200,R1 pilot corpus: PDF linked from https://www.cbo.gov/publication/56746; 3 distinct captures of this URL
raw/documents/cbo/pilot/cbo_mbr/56886,https://www.cbo.gov/publication/56886,wayback,https://web.archive.org/web/20260618041827id_/https://www.cbo.gov/publication/56886,2026-06-18T04:18:27+00:00,2026-09-29T14:41:06+00:00,ce6c0d7e09a84ac21277fe6216ccf4ed76a28e5534c1ce13a769bca059afc2ec,43701,"Thu, 18 Jun 2026 04:18:25 GMT",text/html,200,R1 pilot corpus: publication page; 65 distinct captures of this URL
raw/documents/cbo/pilot/cbo_mbr/56886-MBR.pdf,https://www.cbo.gov/system/files/2020-12/56886-MBR.pdf,wayback,https://web.archive.org/web/20260311225408id_/https://www.cbo.gov/system/files/2020-12/56886-MBR.pdf,2026-03-11T22:54:08+00:00,2026-09-29T14:41:12+00:00,243753f77832a81b5cf9d53dd47faae164c450627788d688253c34a069a92b88,162992,"Fri, 09 May 2025 20:16:49 GMT",application/pdf,200,R1 pilot corpus: PDF linked from https://www.cbo.gov/publication/56886; 3 distinct captures of this URL
raw/documents/cbo/pilot/cbo_mbr/56953,https://www.cbo.gov/publication/56953,wayback,https://web.archive.org/web/20260417130835id_/https://www.cbo.gov/publication/56953,2026-04-17T13:08:35+00:00,2026-09-29T14:41:18+00:00,bc6f8c577c3cf8fa11e1d0502f700410f6ebb13aa663dd6003f6976d753fcaf6,44291,"Fri, 17 Apr 2026 13:08:33 GMT",text/html,200,R1 pilot corpus: publication page; 52 distinct captures of this URL
raw/documents/cbo/pilot/cbo_mbr/56953-MBR.pdf,https://www.cbo.gov/system/files/2021-01/56953-MBR.pdf,wayback,https://web.archive.org/web/20250312142652id_/https://www.cbo.gov/system/files/2021-01/56953-MBR.pdf,2025-03-12T14:26:52+00:00,2026-09-29T14:41:24+00:00,1603b07f7e6d3c77b81efea1adb5d46ef4529328fddc05e0d29ac2c90ea17727,209982,"Mon, 04 Jul 2022 13:21:05 GMT",application/pdf,200,R1 pilot corpus: PDF linked from https://www.cbo.gov/publication/56953; 2 distinct captures of this URL
raw/documents/cbo/pilot/cbo_mbr/56976,https://www.cbo.gov/publication/56976,wayback,https://web.archive.org/web/20260607012003id_/https://www.cbo.gov/publication/56976,2026-06-07T01:20:03+00:00,2026-09-29T14:41:29+00:00,cdb7d10ca65765d2c04402532e18a26440648679007e7ab47daf9359635975cc,35695,"Sun, 07 Jun 2026 01:20:02 GMT",text/html,200,R1 pilot corpus: publication page; 57 distinct captures of this URL
raw/documents/cbo/pilot/cbo_mbr/56976-MBR.pdf,https://www.cbo.gov/system/files/2021-02/56976-MBR.pdf,wayback,https://web.archive.org/web/20250313014856id_/https://www.cbo.gov/system/files/2021-02/56976-MBR.pdf,2025-03-13T01:48:56+00:00,2026-09-29T14:41:37+00:00,38d50d83b65fc65a366e23a00a9b594e140f1de4e4f148ac6dd45da6cfd7017b,243486,"Mon, 04 Jul 2022 13:21:05 GMT",application/pdf,200,R1 pilot corpus: PDF linked from https://www.cbo.gov/publication/56976; 1 distinct captures of this URL
raw/documents/cbo/pilot/cbo_beo/56970,https://www.cbo.gov/publication/56970,wayback,https://web.archive.org/web/20260904223656id_/https://www.cbo.gov/publication/56970,2026-09-04T22:36:56+00:00,2026-09-29T14:41:43+00:00,f69c7cc5811e7b704d250a06cbbd12774925ccc58ea2e7cef15590ee2e449dce,54531,"Fri, 04 Sep 2026 22:36:57 GMT",text/html,200,R1 pilot corpus: publication page; 331 distinct captures of this URL
raw/documents/cbo/pilot/cbo_beo/56970-Outlook.pdf,https://www.cbo.gov/system/files/2021-02/56970-Outlook.pdf,wayback,https://web.archive.org/web/20260726200758id_/https://www.cbo.gov/system/files/2021-02/56970-Outlook.pdf,2026-07-26T20:07:58+00:00,2026-09-29T14:41:50+00:00,d6b14f09669aa3d7d3fd37103d066db2c10e1ea94ef56aa2ca35c8db3212a573,1604716,"Fri, 09 May 2025 20:16:57 GMT",application/pdf,200,R1 pilot corpus: PDF linked from https://www.cbo.gov/publication/56970; 4 distinct captures of this URL
raw/documents/cbo/pilot/cbo_beo/56989,https://www.cbo.gov/publication/56989,wayback,https://web.archive.org/web/20260904223656id_/https://www.cbo.gov/publication/56989,2026-09-04T22:36:56+00:00,2026-09-29T14:41:56+00:00,dd428ce9e9e032f12b6c9c95368ce54f7031e6b76b714f02537bc042c0aa7283,41865,"Fri, 04 Sep 2026 22:36:56 GMT",text/html,200,R1 pilot corpus: publication page; 70 distinct captures of this URL
raw/documents/cbo/pilot/cbo_beo/56989-economic-outlook.pdf,https://www.cbo.gov/system/files/2021-02/56989-economic-outlook.pdf,wayback,https://web.archive.org/web/20250727203440id_/https://www.cbo.gov/system/files/2021-02/56989-economic-outlook.pdf,2025-07-27T20:34:40+00:00,2026-09-29T14:42:04+00:00,58a88d55b5d61965fdc939e2b44c19d5d01b7f19bd8da4fda5369dd5ab29dcb5,1308966,"Fri, 09 May 2025 20:16:57 GMT",application/pdf,200,R1 pilot corpus: PDF linked from https://www.cbo.gov/publication/56989; 3 distinct captures of this URL
raw/documents/cbo/pilot/cbo_beo/56996,https://www.cbo.gov/publication/56996,wayback,https://web.archive.org/web/20260904223657id_/https://www.cbo.gov/publication/56996,2026-09-04T22:36:57+00:00,2026-09-29T14:42:11+00:00,6cbbce6c45a708fd98e2ab7fc66645522afebbb52a58cd12d2bdf65fee0d7b43,74497,"Fri, 04 Sep 2026 22:36:57 GMT",text/html,200,R1 pilot corpus: publication page; 182 distinct captures of this URL
raw/documents/cbo/pilot/cbo_beo/56996-budget-outlook.pdf,https://www.cbo.gov/system/files/2021-03/56996-budget-outlook.pdf,wayback,https://web.archive.org/web/20260113134024id_/https://www.cbo.gov/system/files/2021-03/56996-budget-outlook.pdf,2026-01-13T13:40:24+00:00,2026-09-29T14:42:18+00:00,c0569b5e7da11a2cca7826e51d86f47b2a06391825e91daf9f08b366ec0be8ae,903497,"Fri, 09 May 2025 20:17:02 GMT",application/pdf,200,R1 pilot corpus: PDF linked from https://www.cbo.gov/publication/56996; 1 distinct captures of this URL
raw/documents/cbo/pilot/cbo_mbr/57031,https://www.cbo.gov/publication/57031,wayback,https://web.archive.org/web/20260514224713id_/https://www.cbo.gov/publication/57031,2026-05-14T22:47:13+00:00,2026-09-29T14:42:23+00:00,c0adecdd62d09ea8d65c54b80c576b1ae16426c4f2cd2e143eebf7b8c9619c80,35847,"Thu, 14 May 2026 22:47:12 GMT",text/html,200,R1 pilot corpus: publication page; 59 distinct captures of this URL
raw/documents/cbo/pilot/cbo_mbr/57031-MBR.pdf,https://www.cbo.gov/system/files/2021-03/57031-MBR.pdf,wayback,https://web.archive.org/web/20250805235820id_/https://www.cbo.gov/system/files/2021-03/57031-MBR.pdf,2025-08-05T23:58:20+00:00,2026-09-29T14:42:30+00:00,72edaf806a368ae0ed55280586f6dd6936c8305de3016af798b0e32ac5049e60,470080,"Fri, 09 May 2025 20:17:02 GMT",application/pdf,200,R1 pilot corpus: PDF linked from https://www.cbo.gov/publication/57031; 1 distinct captures of this URL
raw/documents/cbo/pilot/cbo_mbr/57018,https://www.cbo.gov/publication/57018,wayback,https://web.archive.org/web/20260414083425id_/https://www.cbo.gov/publication/57018,2026-04-14T08:34:25+00:00,2026-09-29T14:42:35+00:00,5da19df491e0e844f13daf3e3ad958e7225ce2f48bbb020acf125201f8302534,35319,"Tue, 14 Apr 2026 08:34:24 GMT",text/html,200,R1 pilot corpus: publication page; 55 distinct captures of this URL
raw/documents/cbo/pilot/cbo_mbr/57018-MBR.pdf,https://www.cbo.gov/system/files/2021-04/57018-MBR.pdf,wayback,https://web.archive.org/web/20250223001311id_/https://www.cbo.gov/system/files/2021-04/57018-MBR.pdf,2025-02-23T00:13:11+00:00,2026-09-29T14:42:41+00:00,75e9406f436797d4277a3fcbf19d18e168b74bf043429f1e55a991e68fe54a6e,440567,"Mon, 04 Jul 2022 13:21:05 GMT",application/pdf,200,R1 pilot corpus: PDF linked from https://www.cbo.gov/publication/57018; 2 distinct captures of this URL
raw/documents/cbo/pilot/cbo_mbr/57127,https://www.cbo.gov/publication/57127,wayback,https://web.archive.org/web/20260412202642id_/https://www.cbo.gov/publication/57127,2026-04-12T20:26:42+00:00,2026-09-29T14:42:50+00:00,4a192d84d66584607da2326556ed617686382a7e6ab74617744a14218385332a,35784,"Sun, 12 Apr 2026 20:26:41 GMT",text/html,200,R1 pilot corpus: publication page; 46 distinct captures of this URL
raw/documents/cbo/pilot/cbo_mbr/57127-MBR.pdf,https://www.cbo.gov/system/files/2021-05/57127-MBR.pdf,wayback,https://web.archive.org/web/20260115090016id_/https://www.cbo.gov/system/files/2021-05/57127-MBR.pdf,2026-01-15T09:00:16+00:00,2026-09-29T14:42:57+00:00,89d9e78f08383183dc01ebf9bc6344b52613ec45213bfe52a873bf8c7f93c42d,562756,"Fri, 09 May 2025 20:17:13 GMT",application/pdf,200,R1 pilot corpus: PDF linked from https://www.cbo.gov/publication/57127; 2 distinct captures of this URL
raw/documents/cbo/pilot/cbo_mbr/57193,https://www.cbo.gov/publication/57193,wayback,https://web.archive.org/web/20260606202617id_/https://www.cbo.gov/publication/57193,2026-06-06T20:26:17+00:00,2026-09-29T14:43:02+00:00,2e69808b4f949686916335148cfc060b044100ab49d20c51e993580261470d56,36376,"Sat, 06 Jun 2026 20:26:16 GMT",text/html,200,R1 pilot corpus: publication page; 54 distinct captures of this URL
raw/documents/cbo/pilot/cbo_mbr/57193-MBR.pdf,https://www.cbo.gov/system/files/2021-06/57193-MBR.pdf,wayback,https://web.archive.org/web/20260308101626id_/https://www.cbo.gov/system/files/2021-06/57193-MBR.pdf,2026-03-08T10:16:26+00:00,2026-09-29T14:43:09+00:00,c9f4e6b92be99f0d797feb843fde00c7c9eb838ee926f11e7a7c589804eca1cb,541762,"Fri, 09 May 2025 20:17:19 GMT",application/pdf,200,R1 pilot corpus: PDF linked from https://www.cbo.gov/publication/57193; 2 distinct captures of this URL
raw/documents/cbo/pilot/cbo_beo/57218,https://www.cbo.gov/publication/57218,wayback,https://web.archive.org/web/20260609185757id_/https://www.cbo.gov/publication/57218,2026-06-09T18:57:57+00:00,2026-09-29T14:43:14+00:00,370969ad2675cd4600a9fe6f17ae8936cf67402f1a150e038a035b590be45d57,43238,"Tue, 09 Jun 2026 18:57:55 GMT",text/html,200,R1 pilot corpus: publication page; 114 distinct captures of this URL
raw/documents/cbo/pilot/cbo_beo/57218-Outlook.pdf,https://www.cbo.gov/system/files/2021-07/57218-Outlook.pdf,wayback,https://web.archive.org/web/20250909165313id_/https://www.cbo.gov/system/files/2021-07/57218-Outlook.pdf,2025-09-09T16:53:13+00:00,2026-09-29T14:43:21+00:00,f4ea01e236106ffd2c389e2993dbf938a4b44d44515c4ddf04a34a6cc9011e7d,195561,"Fri, 09 May 2025 20:17:22 GMT",application/pdf,200,R1 pilot corpus: PDF linked from https://www.cbo.gov/publication/57218; 2 distinct captures of this URL
raw/documents/cbo/pilot/cbo_mbr/57288,https://www.cbo.gov/publication/57288,wayback,https://web.archive.org/web/20260609173304id_/https://www.cbo.gov/publication/57288,2026-06-09T17:33:04+00:00,2026-09-29T14:43:26+00:00,d83f5210e8aed7901ac51f3840746cdd0d6c82dcf41931037265f637a26ff389,36500,"Tue, 09 Jun 2026 17:33:03 GMT",text/html,200,R1 pilot corpus: publication page; 52 distinct captures of this URL
raw/documents/cbo/pilot/cbo_mbr/57288-MBR.pdf,https://www.cbo.gov/system/files/2021-07/57288-MBR.pdf,wayback,https://web.archive.org/web/20250805235948id_/https://www.cbo.gov/system/files/2021-07/57288-MBR.pdf,2025-08-05T23:59:48+00:00,2026-09-29T14:43:33+00:00,510fe1c9f90f73ba9dd2dec71a0b33f47f34fe60e1f750612f137a51a8e20267,533644,"Fri, 09 May 2025 20:17:23 GMT",application/pdf,200,R1 pilot corpus: PDF linked from https://www.cbo.gov/publication/57288; 2 distinct captures of this URL
raw/documents/cbo/pilot/cbo_beo/57263,https://www.cbo.gov/publication/57263,wayback,https://web.archive.org/web/20260520105745id_/https://www.cbo.gov/publication/57263,2026-05-20T10:57:45+00:00,2026-09-29T14:43:38+00:00,2a05b01075ab066e15b6df1f209ef9ba703fed5ac8fe5925905549f540084140,70409,"Wed, 20 May 2026 10:57:43 GMT",text/html,200,R1 pilot corpus: publication page; 100 distinct captures of this URL
raw/documents/cbo/pilot/cbo_beo/57263-outlook.pdf,https://www.cbo.gov/system/files/2021-07/57263-outlook.pdf,wayback,https://web.archive.org/web/20260605135603id_/https://www.cbo.gov/system/files/2021-07/57263-outlook.pdf,2026-06-05T13:56:03+00:00,2026-09-29T14:43:46+00:00,a785793fdc47ac1714d7d113355a4edd650bbc10e5751e26558ef5c78d8a3b4b,2621243,"Fri, 09 May 2025 20:17:23 GMT",application/pdf,200,R1 pilot corpus: PDF linked from https://www.cbo.gov/publication/57263; 3 distinct captures of this URL
raw/documents/cbo/pilot/cbo_apb/57358,https://www.cbo.gov/publication/57358,wayback,https://web.archive.org/web/20260311094206id_/https://www.cbo.gov/publication/57358,2026-03-11T09:42:06+00:00,2026-09-29T14:43:51+00:00,8d8076657e3ee2294d122908364f59a4e22bc7f5ea83c615209d0792992aff05,43169,"Wed, 11 Mar 2026 09:42:05 GMT",text/html,200,R1 pilot corpus: publication page; 77 distinct captures of this URL
raw/documents/cbo/pilot/cbo_mbr/57349,https://www.cbo.gov/publication/57349,wayback,https://web.archive.org/web/20260520105252id_/https://www.cbo.gov/publication/57349,2026-05-20T10:52:52+00:00,2026-09-29T14:43:57+00:00,5f142011929c3deba0c74130655b190e3be7a9307bbc5de7e177b126a2b58dd6,36212,"Wed, 20 May 2026 10:52:50 GMT",text/html,200,R1 pilot corpus: publication page; 54 distinct captures of this URL
raw/documents/cbo/pilot/cbo_mbr/57349-MBR.pdf,https://www.cbo.gov/system/files/2021-08/57349-MBR.pdf,wayback,https://web.archive.org/web/20260311135532id_/https://www.cbo.gov/system/files/2021-08/57349-MBR.pdf,2026-03-11T13:55:32+00:00,2026-09-29T14:44:03+00:00,435f964b8d0b840821279f7d531c4b38a24b973dac3c6fd0946da99d9a457756,580127,"Fri, 09 May 2025 20:17:25 GMT",application/pdf,200,R1 pilot corpus: PDF linked from https://www.cbo.gov/publication/57349; 1 distinct captures of this URL
raw/documents/cbo/pilot/cbo_mbr/57419,https://www.cbo.gov/publication/57419,wayback,https://web.archive.org/web/20260618052302id_/https://www.cbo.gov/publication/57419,2026-06-18T05:23:02+00:00,2026-09-29T14:44:08+00:00,a34b40b6de550e6009babad05f5e4d06a1a6438f2cf9b366c96191802cf03f13,37105,"Thu, 18 Jun 2026 05:23:01 GMT",text/html,200,R1 pilot corpus: publication page; 52 distinct captures of this URL
raw/documents/cbo/pilot/cbo_mbr/57419-MBR.pdf,https://www.cbo.gov/system/files/2021-09/57419-MBR.pdf,wayback,https://web.archive.org/web/20250323040034id_/https://www.cbo.gov/system/files/2021-09/57419-MBR.pdf,2025-03-23T04:00:34+00:00,2026-09-29T14:44:27+00:00,73e2c7759c42493b43da4e067f9f9ff831eaa9529a65bb2893d4d4e1e10efc78,552046,"Mon, 04 Jul 2022 13:21:05 GMT",application/pdf,200,R1 pilot corpus: PDF linked from https://www.cbo.gov/publication/57419; 2 distinct captures of this URL
raw/documents/cbo/pilot/cbo_mbr/57476,https://www.cbo.gov/publication/57476,wayback,https://web.archive.org/web/20260607134902id_/https://www.cbo.gov/publication/57476,2026-06-07T13:49:02+00:00,2026-09-29T14:44:32+00:00,d402985ee3b67c93bc09445dd7815db2113f10b276b97d942189fc69213b17c4,35795,"Sun, 07 Jun 2026 13:49:00 GMT",text/html,200,R1 pilot corpus: publication page; 57 distinct captures of this URL
raw/documents/cbo/pilot/cbo_mbr/57476-MBR.pdf,https://www.cbo.gov/system/files/2021-10/57476-MBR.pdf,wayback,https://web.archive.org/web/20250712083327id_/https://www.cbo.gov/system/files/2021-10/57476-MBR.pdf,2025-07-12T08:33:27+00:00,2026-09-29T14:44:39+00:00,31da2c0acbe000556c4b3cbe0e7af48d99d574fc25a55696a9c53ed5de80d6dc,564710,"Fri, 09 May 2025 20:17:35 GMT",application/pdf,200,R1 pilot corpus: PDF linked from https://www.cbo.gov/publication/57476; 2 distinct captures of this URL
raw/documents/cbo/pilot/cbo_mbr/57539,https://www.cbo.gov/publication/57539,wayback,https://web.archive.org/web/20260710163132id_/https://www.cbo.gov/publication/57539,2026-07-10T16:31:32+00:00,2026-09-29T14:44:50+00:00,b16b0f02a417009dbdd7a1f41ff3d580b24508104cfce0f6fcb5c99dff4d8896,45885,"Fri, 10 Jul 2026 16:31:30 GMT",text/html,200,R1 pilot corpus: publication page; 165 distinct captures of this URL
raw/documents/cbo/pilot/cbo_mbr/57539-MBR.pdf,https://www.cbo.gov/system/files/2021-11/57539-MBR.pdf,wayback,https://web.archive.org/web/20250628190056id_/https://www.cbo.gov/system/files/2021-11/57539-MBR.pdf,2025-06-28T19:00:56+00:00,2026-09-29T14:44:57+00:00,2c40902020a67b54c5ac440a726a3831f3ec9249789226082b4d2fdb90045cba,717464,"Fri, 09 May 2025 20:17:39 GMT",application/pdf,200,R1 pilot corpus: PDF linked from https://www.cbo.gov/publication/57539; 3 distinct captures of this URL
raw/documents/cbo/pilot/cbo_mbr/57613,https://www.cbo.gov/publication/57613,wayback,https://web.archive.org/web/20260514220506id_/https://www.cbo.gov/publication/57613,2026-05-14T22:05:06+00:00,2026-09-29T14:45:02+00:00,8fb91619490574332bae910b0b6d56703b7530ab143d139ba06978b9d63601db,35034,"Thu, 14 May 2026 22:05:05 GMT",text/html,200,R1 pilot corpus: publication page; 45 distinct captures of this URL
raw/documents/cbo/pilot/cbo_mbr/57613_MBR.pdf,https://www.cbo.gov/system/files/2021-12/57613_MBR.pdf,wayback,https://web.archive.org/web/20250221234953id_/https://www.cbo.gov/system/files/2021-12/57613_MBR.pdf,2025-02-21T23:49:53+00:00,2026-09-29T14:45:12+00:00,4090c9bd157f27044a604c2364fcc1420021f3d9d6a64a5d93710588a328a0fe,426927,"Mon, 04 Jul 2022 13:21:05 GMT",application/pdf,200,R1 pilot corpus: PDF linked from https://www.cbo.gov/publication/57613; 1 distinct captures of this URL
raw/documents/cbo/pilot/cbo_mbr/57667,https://www.cbo.gov/publication/57667,wayback,https://web.archive.org/web/20260420222754id_/https://www.cbo.gov/publication/57667,2026-04-20T22:27:54+00:00,2026-09-29T14:45:15+00:00,fb3ef6de064ccc453c8f6cb59822018a14d3105b1b8235c19d5455da75a3144b,36257,"Mon, 20 Apr 2026 22:27:53 GMT",text/html,200,R1 pilot corpus: publication page; 50 distinct captures of this URL
raw/documents/cbo/pilot/cbo_mbr/57667-MBR.pdf,https://www.cbo.gov/system/files/2022-01/57667-MBR.pdf,wayback,https://web.archive.org/web/20250805221704id_/https://www.cbo.gov/system/files/2022-01/57667-MBR.pdf,2025-08-05T22:17:04+00:00,2026-09-29T14:45:22+00:00,5e0ca0d950d8ba7c5bf73b6c1fbe5abc7aee3cbb5d0c7b78aab2890dff33f79c,487738,"Fri, 09 May 2025 20:17:48 GMT",application/pdf,200,R1 pilot corpus: PDF linked from https://www.cbo.gov/publication/57667; 1 distinct captures of this URL
raw/documents/cbo/pilot/cbo_mbr/57759,https://www.cbo.gov/publication/57759,wayback,https://web.archive.org/web/20260612114953id_/https://www.cbo.gov/publication/57759,2026-06-12T11:49:53+00:00,2026-09-29T14:45:31+00:00,f60754beac244534b6c1f4b5da0f8a4ee0845d6fb503d5d1326aec7b222667f4,35391,"Fri, 12 Jun 2026 11:49:52 GMT",text/html,200,R1 pilot corpus: publication page; 53 distinct captures of this URL
raw/documents/cbo/pilot/cbo_mbr/57759-MBR.pdf,https://www.cbo.gov/system/files/2022-02/57759-MBR.pdf,wayback,https://web.archive.org/web/20250405040112id_/https://www.cbo.gov/system/files/2022-02/57759-MBR.pdf,2025-04-05T04:01:12+00:00,2026-09-29T14:45:37+00:00,b4f24c09d1020104f4bb11535167e55b7c186e6cd644ccc6065929765be211ae,437691,"Mon, 04 Jul 2022 13:21:05 GMT",application/pdf,200,R1 pilot corpus: PDF linked from https://www.cbo.gov/publication/57759; 1 distinct captures of this URL
raw/documents/cbo/pilot/cbo_mbr/57841,https://www.cbo.gov/publication/57841,wayback,https://web.archive.org/web/20260420024107id_/https://www.cbo.gov/publication/57841,2026-04-20T02:41:07+00:00,2026-09-29T14:45:43+00:00,33e0d1862b90e57826ff00284046abbb535c407d66f8b349e323a04dcd789062,35414,"Mon, 20 Apr 2026 02:41:06 GMT",text/html,200,R1 pilot corpus: publication page; 72 distinct captures of this URL
raw/documents/cbo/pilot/cbo_mbr/57841-MBR.pdf,https://www.cbo.gov/system/files/2022-03/57841-MBR.pdf,wayback,https://web.archive.org/web/20250615054956id_/https://www.cbo.gov/system/files/2022-03/57841-MBR.pdf,2025-06-15T05:49:56+00:00,2026-09-29T14:45:49+00:00,f787175a808a63459d906f00616cc7aed166607a74e9bb536e12ff742ceb1509,435702,"Fri, 09 May 2025 20:17:59 GMT",application/pdf,200,R1 pilot corpus: PDF linked from https://www.cbo.gov/publication/57841; 2 distinct captures of this URL
raw/documents/cbo/pilot/cbo_mbr/57909,https://www.cbo.gov/publication/57909,wayback,https://web.archive.org/web/20260417121243id_/https://www.cbo.gov/publication/57909,2026-04-17T12:12:43+00:00,2026-09-29T14:45:55+00:00,0a0a3f917ce3ac4fc2826038546b1aeb7ea40d4cc412c578e27a0283e0c8e8c7,35218,"Fri, 17 Apr 2026 12:12:41 GMT",text/html,200,R1 pilot corpus: publication page; 55 distinct captures of this URL
raw/documents/cbo/pilot/cbo_mbr/57909-MBR.pdf,https://www.cbo.gov/system/files/2022-04/57909-MBR.pdf,wayback,https://web.archive.org/web/20250605014045id_/https://www.cbo.gov/system/files/2022-04/57909-MBR.pdf,2025-06-05T01:40:45+00:00,2026-09-29T14:46:02+00:00,7b12e515fc93cae4d464d91d864a32e8ffcc91c26fd62926ceb6c99aa3623cea,493443,"Fri, 09 May 2025 20:18:02 GMT",application/pdf,200,R1 pilot corpus: PDF linked from https://www.cbo.gov/publication/57909; 1 distinct captures of this URL
raw/documents/cbo/pilot/cbo_mbr/57974,https://www.cbo.gov/publication/57974,wayback,https://web.archive.org/web/20260514220752id_/https://www.cbo.gov/publication/57974,2026-05-14T22:07:52+00:00,2026-09-29T14:46:07+00:00,71eb7c2e220956db128944f2e6f6a8663a416b6799639ceb4c471a23e67347e1,41577,"Thu, 14 May 2026 22:07:51 GMT",text/html,200,R1 pilot corpus: publication page; 61 distinct captures of this URL
raw/documents/cbo/pilot/cbo_mbr/57974-MBR.pdf,https://www.cbo.gov/system/files/2022-05/57974-MBR.pdf,wayback,https://web.archive.org/web/20250205130737id_/https://www.cbo.gov/system/files/2022-05/57974-MBR.pdf,2025-02-05T13:07:37+00:00,2026-09-29T14:46:14+00:00,153b0318cc1f4c121799deb66236a99b457aaba144fc08096376e09ec33afb88,574449,"Mon, 04 Jul 2022 13:21:05 GMT",application/pdf,200,R1 pilot corpus: PDF linked from https://www.cbo.gov/publication/57974; 2 distinct captures of this URL
raw/documents/cbo/pilot/cbo_beo/57950,https://www.cbo.gov/publication/57950,wayback,https://web.archive.org/web/20260711220127id_/https://www.cbo.gov/publication/57950,2026-07-11T22:01:27+00:00,2026-09-29T14:46:21+00:00,033a82e3e2650db66fc5c452dff3ff13a79db99980abc91301195ecbbd7002c4,76044,"Sat, 11 Jul 2026 21:42:19 GMT",text/html,200,R1 pilot corpus: publication page; 249 distinct captures of this URL
raw/documents/cbo/pilot/cbo_beo/57950-Outlook.pdf,https://www.cbo.gov/system/files/2022-05/57950-Outlook.pdf,wayback,https://web.archive.org/web/20260309093907id_/https://www.cbo.gov/system/files/2022-05/57950-Outlook.pdf,2026-03-09T09:39:07+00:00,2026-09-29T14:46:28+00:00,6e1bfe8c866c8db00a91c9ba901246c252e638eb18952ac6b48ab06d1c7b9cb0,4382505,"Fri, 09 May 2025 20:18:12 GMT",application/pdf,200,R1 pilot corpus: PDF linked from https://www.cbo.gov/publication/57950; 4 distinct captures of this URL
raw/documents/cbo/pilot/cbo_mbr/58111,https://www.cbo.gov/publication/58111,wayback,https://web.archive.org/web/20260514190139id_/https://www.cbo.gov/publication/58111,2026-05-14T19:01:39+00:00,2026-09-29T14:46:33+00:00,86cd2fa53958fd879176b5f7e76d6984288f932db79dbcfe17f3c1fe0da1d18c,40455,"Thu, 14 May 2026 19:01:37 GMT",text/html,200,R1 pilot corpus: publication page; 62 distinct captures of this URL
raw/documents/cbo/pilot/cbo_mbr/58111-MBR.pdf,https://www.cbo.gov/system/files/2022-06/58111-MBR.pdf,wayback,https://web.archive.org/web/20250223024847id_/https://www.cbo.gov/system/files/2022-06/58111-MBR.pdf,2025-02-23T02:48:47+00:00,2026-09-29T14:46:40+00:00,63c2dbfc1f30861ec2c742a19aefe6bf08cc34066110df8a30543d70dafb049f,526898,"Mon, 04 Jul 2022 13:21:05 GMT",application/pdf,200,R1 pilot corpus: PDF linked from https://www.cbo.gov/publication/58111; 1 distinct captures of this URL
raw/documents/cbo/pilot/cbo_apb/57972,https://www.cbo.gov/publication/57972,wayback,https://web.archive.org/web/20260511185901id_/https://www.cbo.gov/publication/57972,2026-05-11T18:59:01+00:00,2026-09-29T14:46:47+00:00,e97f2c4516ab0b5550d298c68d90a26737865ae31214b123d2d5c950e16de074,39196,"Mon, 11 May 2026 18:59:00 GMT",text/html,200,R1 pilot corpus: publication page; 59 distinct captures of this URL
raw/documents/cbo/pilot/cbo_apb/57972-APB-discretionary.pdf,https://www.cbo.gov/system/files/2022-07/57972-APB-discretionary.pdf,wayback,https://web.archive.org/web/20250222204553id_/https://www.cbo.gov/system/files/2022-07/57972-APB-discretionary.pdf,2025-02-22T20:45:53+00:00,2026-09-29T14:46:52+00:00,fc21a0c17db2999476104c7b9b994f1043dd3711d2578313d1dcd912cb5a6492,135791,"Mon, 04 Jul 2022 13:21:05 GMT",application/pdf,200,R1 pilot corpus: PDF linked from https://www.cbo.gov/publication/57972; 1 distinct captures of this URL
raw/documents/cbo/pilot/cbo_mbr/58219,https://www.cbo.gov/publication/58219,wayback,https://web.archive.org/web/20260710164218id_/https://www.cbo.gov/publication/58219,2026-07-10T16:42:18+00:00,2026-09-29T14:46:59+00:00,74541e2c2217ca6b9e7f3e9bd897561c280fba4fb6e8c2e408c10cc207819434,48268,"Fri, 10 Jul 2026 16:42:17 GMT",text/html,200,R1 pilot corpus: publication page; 57 distinct captures of this URL
raw/documents/cbo/pilot/cbo_mbr/58219-MBR.pdf,https://www.cbo.gov/system/files/2022-07/58219-MBR.pdf,wayback,https://web.archive.org/web/20250328013350id_/https://www.cbo.gov/system/files/2022-07/58219-MBR.pdf,2025-03-28T01:33:50+00:00,2026-09-29T14:47:05+00:00,68df7aa477f3685d8a1864c66fe470fff79473231dc3e119fc47d13918cb2db7,525585,"Mon, 11 Jul 2022 17:16:14 GMT",application/pdf,200,R1 pilot corpus: PDF linked from https://www.cbo.gov/publication/58219; 1 distinct captures of this URL
raw/documents/cbo/pilot/cbo_mbr/58266,https://www.cbo.gov/publication/58266,wayback,https://web.archive.org/web/20260520100410id_/https://www.cbo.gov/publication/58266,2026-05-20T10:04:10+00:00,2026-09-29T14:47:10+00:00,41634d66c14f4bd9b2b8f0a8df9fc5ab1fbd44f61b5d19e3a74876d53976f747,41321,"Wed, 20 May 2026 10:04:09 GMT",text/html,200,R1 pilot corpus: publication page; 46 distinct captures of this URL
raw/documents/cbo/pilot/cbo_mbr/58266-MBR.pdf,https://www.cbo.gov/system/files/2022-08/58266-MBR.pdf,wayback,https://web.archive.org/web/20250223001826id_/https://www.cbo.gov/system/files/2022-08/58266-MBR.pdf,2025-02-23T00:18:26+00:00,2026-09-29T14:47:17+00:00,858ffad7a94a90ab8ec10a216759400f53dbae2b74e4d96193aa3fa02c00cad4,554540,"Thu, 25 Aug 2022 15:56:09 GMT",application/pdf,200,R1 pilot corpus: PDF linked from https://www.cbo.gov/publication/58266; 3 distinct captures of this URL
raw/documents/cbo/pilot/cbo_mbr/58416,https://www.cbo.gov/publication/58416,wayback,https://web.archive.org/web/20260417125637id_/https://www.cbo.gov/publication/58416,2026-04-17T12:56:37+00:00,2026-09-29T14:47:22+00:00,3bc71c3d55efbc0c9f8202b0147b51ac8fe508c5fd01317102c5997202dfa1a0,41536,"Fri, 17 Apr 2026 12:56:35 GMT",text/html,200,R1 pilot corpus: publication page; 44 distinct captures of this URL
raw/documents/cbo/pilot/cbo_mbr/58416-08-MBR.pdf,https://www.cbo.gov/system/files/2022-09/58416-08-MBR.pdf,wayback,https://web.archive.org/web/20250806004844id_/https://www.cbo.gov/system/files/2022-09/58416-08-MBR.pdf,2025-08-06T00:48:44+00:00,2026-09-29T14:47:32+00:00,2d7f42766277541e7ed6c87a03d56fd6c3144461cef952c261a02b68e8358311,553229,"Fri, 09 May 2025 20:18:37 GMT",application/pdf,200,R1 pilot corpus: PDF linked from https://www.cbo.gov/publication/58416; 1 distinct captures of this URL
raw/documents/cbo/pilot/cbo_apb/58417,https://www.cbo.gov/publication/58417,wayback,https://web.archive.org/web/20260607144236id_/https://www.cbo.gov/publication/58417,2026-06-07T14:42:36+00:00,2026-09-29T14:47:37+00:00,ec537435384ddbad630beb2e793a9ca5d397337caadbf1aa0070d1f616fa8544,44557,"Sun, 07 Jun 2026 14:42:34 GMT",text/html,200,R1 pilot corpus: publication page; 63 distinct captures of this URL
raw/documents/cbo/pilot/cbo_apb/58417-APB.pdf,https://www.cbo.gov/system/files/2022-09/58417-APB.pdf,wayback,https://web.archive.org/web/20260417161937id_/https://www.cbo.gov/system/files/2022-09/58417-APB.pdf,2026-04-17T16:19:37+00:00,2026-09-29T14:47:42+00:00,cbaf980316286d7b7dc98632ee9f8821405cb431f627feba1a7067ac03ddf5e7,426324,"Fri, 09 May 2025 20:18:37 GMT",application/pdf,200,R1 pilot corpus: PDF linked from https://www.cbo.gov/publication/58417; 2 distinct captures of this URL
raw/documents/cbo/pilot/cbo_mbr/58493,https://www.cbo.gov/publication/58493,wayback,https://web.archive.org/web/20260606192930id_/https://www.cbo.gov/publication/58493,2026-06-06T19:29:30+00:00,2026-09-29T14:47:47+00:00,f9e0ffdf48ac6cdfdfde9ea7c573806ec311e329d3292f097f0a7d0da362e6c9,42488,"Sat, 06 Jun 2026 19:29:29 GMT",text/html,200,R1 pilot corpus: publication page; 82 distinct captures of this URL
raw/documents/cbo/pilot/cbo_mbr/58493-09_MBR.pdf,https://www.cbo.gov/system/files/2022-10/58493-09_MBR.pdf,wayback,https://web.archive.org/web/20250206095853id_/https://www.cbo.gov/system/files/2022-10/58493-09_MBR.pdf,2025-02-06T09:58:53+00:00,2026-09-29T14:47:54+00:00,67a9d5a9038b0c60ddbb36bca3fbed55b3940808efd7e85621ecd5d80fcafa7e,580497,"Tue, 11 Oct 2022 18:02:23 GMT",application/pdf,200,R1 pilot corpus: PDF linked from https://www.cbo.gov/publication/58493; 2 distinct captures of this URL
raw/documents/cbo/pilot/cbo_mbr/58592,https://www.cbo.gov/publication/58592,wayback,https://web.archive.org/web/20260607021102id_/https://www.cbo.gov/publication/58592,2026-06-07T02:11:02+00:00,2026-09-29T14:48:24+00:00,35874ce63d93154286643bf9a8cd8c5dcb5dcd47431f6440dc74a58be2760082,41736,"Sun, 07 Jun 2026 02:11:01 GMT",text/html,200,R1 pilot corpus: publication page; 70 distinct captures of this URL
raw/documents/cbo/pilot/cbo_mbr/58592-MBR.pdf,https://www.cbo.gov/system/files/2022-11/58592-MBR.pdf,wayback,https://web.archive.org/web/20260726200758id_/https://www.cbo.gov/system/files/2022-11/58592-MBR.pdf,2026-07-26T20:07:58+00:00,2026-09-29T14:48:30+00:00,413caa99e275db458254fde32b888bdab5dd490fccd2a75eaba95055c2b65505,715145,"Fri, 09 May 2025 20:18:48 GMT",application/pdf,200,R1 pilot corpus: PDF linked from https://www.cbo.gov/publication/58592; 2 distinct captures of this URL
raw/documents/cbo/pilot/cbo_beo/58757,https://www.cbo.gov/publication/58757,wayback,https://web.archive.org/web/20260510151118id_/https://www.cbo.gov/publication/58757,2026-05-10T15:11:18+00:00,2026-09-29T14:48:35+00:00,7eff87f1b7daef62a66441b217f31e57f29ed03b2256923406083492aaf5ed6a,42456,"Sun, 10 May 2026 15:11:16 GMT",text/html,200,R1 pilot corpus: publication page; 50 distinct captures of this URL
raw/documents/cbo/pilot/cbo_beo/58757-Economy.pdf_7ae9d35a,https://www.cbo.gov/system/files/2022-11/58757-Economy.pdf,wayback,https://web.archive.org/web/20250423045123id_/https://www.cbo.gov/system/files/2022-11/58757-Economy.pdf?ref=hackernoon.com,2025-04-23T04:51:23+00:00,2026-09-29T14:48:42+00:00,459077e231d84434eb19ecce40834ae8289ea721876b79a8e6f555454bda8d56,142728,"Wed, 14 Dec 2022 21:41:55 GMT",application/pdf,200,R1 pilot corpus: PDF linked from https://www.cbo.gov/publication/58757; 2 distinct captures of this URL
raw/documents/cbo/pilot/cbo_mbr/58756,https://www.cbo.gov/publication/58756,wayback,https://web.archive.org/web/20260417125917id_/https://www.cbo.gov/publication/58756,2026-04-17T12:59:17+00:00,2026-09-29T14:48:47+00:00,5a7425f10f5e87c300d458792c7134d9b6fcd0a33e71fdcb301821a5e9820b31,39665,"Fri, 17 Apr 2026 12:59:15 GMT",text/html,200,R1 pilot corpus: publication page; 44 distinct captures of this URL
raw/documents/cbo/pilot/cbo_mbr/58756-MBR.pdf,https://www.cbo.gov/system/files/2022-12/58756-MBR.pdf,wayback,https://web.archive.org/web/20250206063629id_/https://www.cbo.gov/system/files/2022-12/58756-MBR.pdf,2025-02-06T06:36:29+00:00,2026-09-29T14:48:55+00:00,6997799a82d0ddc3bc6c0f409a1e34cf975e30b3f5a8174e2c35af71e9886905,486588,"Thu, 08 Dec 2022 16:40:12 GMT",application/pdf,200,R1 pilot corpus: PDF linked from https://www.cbo.gov/publication/58756; 1 distinct captures of this URL
raw/documents/cbo/pilot/cbo_mbr/58862,https://www.cbo.gov/publication/58862,wayback,https://web.archive.org/web/20260612111205id_/https://www.cbo.gov/publication/58862,2026-06-12T11:12:05+00:00,2026-09-29T14:49:00+00:00,ff40c0d637a9ec1f7be8e54ea03f3920a26c51c8dfe25a93d0cd38389b88438e,35818,"Fri, 12 Jun 2026 11:12:04 GMT",text/html,200,R1 pilot corpus: publication page; 51 distinct captures of this URL
raw/documents/cbo/pilot/cbo_mbr/58862-MBR.pdf,https://www.cbo.gov/system/files/2023-01/58862-MBR.pdf,wayback,https://web.archive.org/web/20251213161749id_/https://www.cbo.gov/system/files/2023-01/58862-MBR.pdf,2025-12-13T16:17:49+00:00,2026-09-29T14:49:07+00:00,4b913365f75392df95abe4cfa91948b921fef40f4386df5a76e953597ecbc080,490939,"Fri, 09 May 2025 20:18:55 GMT",application/pdf,200,R1 pilot corpus: PDF linked from https://www.cbo.gov/publication/58862; 1 distinct captures of this URL
raw/documents/cbo/pilot/cbo_mbr/58882,https://www.cbo.gov/publication/58882,wayback,https://web.archive.org/web/20260412192952id_/https://www.cbo.gov/publication/58882,2026-04-12T19:29:52+00:00,2026-09-29T14:49:15+00:00,474d5da568be9bff5b56c69d30bed12af3c6775992af72c4bc5c1f007da4e057,39607,"Sun, 12 Apr 2026 19:29:51 GMT",text/html,200,R1 pilot corpus: publication page; 42 distinct captures of this URL
raw/documents/cbo/pilot/cbo_mbr/58882-MBR.pdf,https://www.cbo.gov/system/files/2023-02/58882-MBR.pdf,wayback,https://web.archive.org/web/20250206093749id_/https://www.cbo.gov/system/files/2023-02/58882-MBR.pdf,2025-02-06T09:37:49+00:00,2026-09-29T14:49:22+00:00,d8248c4e374ea27f70e94077840aa2468cca19f7bb4e6b57c261780a1e783ed1,495899,"Wed, 08 Feb 2023 18:37:40 GMT",application/pdf,200,R1 pilot corpus: PDF linked from https://www.cbo.gov/publication/58882; 2 distinct captures of this URL
raw/documents/cbo/pilot/cbo_beo/58848,https://www.cbo.gov/publication/58848,wayback,https://web.archive.org/web/20260710174700id_/https://www.cbo.gov/publication/58848,2026-07-10T17:47:00+00:00,2026-09-29T14:49:27+00:00,1fa5266dec9a3f1e9e4ca2400063e8b549bfe6ca42c13d72af4b9541e7d378b4,86696,"Fri, 10 Jul 2026 17:46:58 GMT",text/html,200,R1 pilot corpus: publication page; 287 distinct captures of this URL
raw/documents/cbo/pilot/cbo_beo/58848-Outlook.pdf,https://www.cbo.gov/system/files/2023-02/58848-Outlook.pdf,wayback,https://web.archive.org/web/20260913034444id_/https://www.cbo.gov/system/files/2023-02/58848-Outlook.pdf,2026-09-13T03:44:44+00:00,2026-09-29T14:49:34+00:00,388a8f7b64c494d753832d5a632ac3b745929c2354d3589442128ff4c51490b8,3442668,"Fri, 09 May 2025 20:18:58 GMT",application/pdf,200,R1 pilot corpus: PDF linked from https://www.cbo.gov/publication/58848; 4 distinct captures of this URL
raw/documents/cbo/pilot/cbo_mbr/58938,https://www.cbo.gov/publication/58938,wayback,https://web.archive.org/web/20260607144126id_/https://www.cbo.gov/publication/58938,2026-06-07T14:41:26+00:00,2026-09-29T14:49:39+00:00,f6ec9cdf22088158af7180117b77c6411fc81593544a2285bec7fbef1417d68f,39073,"Sun, 07 Jun 2026 14:41:25 GMT",text/html,200,R1 pilot corpus: publication page; 41 distinct captures of this URL
raw/documents/cbo/pilot/cbo_mbr/58938-MBR.pdf,https://www.cbo.gov/system/files/2023-03/58938-MBR.pdf,wayback,https://web.archive.org/web/20250323204304id_/https://www.cbo.gov/system/files/2023-03/58938-MBR.pdf,2025-03-23T20:43:04+00:00,2026-09-29T14:49:46+00:00,e2d4f726ea2eae80148249eac145bb4103a1fb97bda02ca32fdffc6adbe2a1e4,498404,"Wed, 08 Mar 2023 18:49:46 GMT",application/pdf,200,R1 pilot corpus: PDF linked from https://www.cbo.gov/publication/58938; 1 distinct captures of this URL
raw/documents/cbo/pilot/cbo_mbr/58995,https://www.cbo.gov/publication/58995,wayback,https://web.archive.org/web/20260514223237id_/https://www.cbo.gov/publication/58995,2026-05-14T22:32:37+00:00,2026-09-29T14:49:51+00:00,8585d3c6f2859ce1f0d5d8f7a0f1a6e38d250902303ad27b80edf77ba8be19f2,39467,"Thu, 14 May 2026 22:32:36 GMT",text/html,200,R1 pilot corpus: publication page; 55 distinct captures of this URL
raw/documents/cbo/pilot/cbo_mbr/58995-MBR.pdf,https://www.cbo.gov/system/files/2023-04/58995-MBR.pdf,wayback,https://web.archive.org/web/20250402063246id_/https://www.cbo.gov/system/files/2023-04/58995-MBR.pdf,2025-04-02T06:32:46+00:00,2026-09-29T14:50:10+00:00,91c6353e1ec2ea8f5c082ac53577db290a04b51462850a6ff0111b8cf284cf88,492636,"Mon, 10 Apr 2023 17:39:03 GMT",application/pdf,200,R1 pilot corpus: PDF linked from https://www.cbo.gov/publication/58995; 3 distinct captures of this URL
raw/documents/cbo/pilot/cbo_mbr/59053,https://www.cbo.gov/publication/59053,wayback,https://web.archive.org/web/20260519013938id_/https://www.cbo.gov/publication/59053,2026-05-19T01:39:38+00:00,2026-09-29T14:50:16+00:00,9008ad2a39322c0e293c6505e43fd51a50c27cb92632377b4d6de7fa8f7e838d,39652,"Tue, 19 May 2026 01:39:37 GMT",text/html,200,R1 pilot corpus: publication page; 66 distinct captures of this URL
raw/documents/cbo/pilot/cbo_mbr/59053-MBR.pdf,https://www.cbo.gov/system/files/2023-05/59053-MBR.pdf,wayback,https://web.archive.org/web/20250806001440id_/https://www.cbo.gov/system/files/2023-05/59053-MBR.pdf,2025-08-06T00:14:40+00:00,2026-09-29T14:50:22+00:00,317fc9e6a42b17c3e674af38d847182a1997248a05503803c9e5f3272966439b,503732,"Fri, 09 May 2025 20:19:18 GMT",application/pdf,200,R1 pilot corpus: PDF linked from https://www.cbo.gov/publication/59053; 2 distinct captures of this URL
raw/documents/cbo/pilot/cbo_beo/59096,https://www.cbo.gov/publication/59096,wayback,https://web.archive.org/web/20260810100317id_/https://www.cbo.gov/publication/59096,2026-08-10T10:03:17+00:00,2026-09-29T14:50:28+00:00,4615f3e67a6f86fcf86e6205f3c220cf7561cf6df818b7e23e7c6c2aabbcad25,68762,"Mon, 10 Aug 2026 09:47:58 GMT",text/html,200,R1 pilot corpus: publication page; 90 distinct captures of this URL
raw/documents/cbo/pilot/cbo_beo/59096-Budget-Outlook.pdf,https://www.cbo.gov/system/files/2023-05/59096-Budget-Outlook.pdf,wayback,https://web.archive.org/web/20260502133903id_/https://www.cbo.gov/system/files/2023-05/59096-Budget-Outlook.pdf,2026-05-02T13:39:03+00:00,2026-09-29T14:50:34+00:00,0ca03aa8990691ac7976478e362211594653291ee4ddafeaf67121a0d7e7a5e2,1427676,"Fri, 09 May 2025 20:19:18 GMT",application/pdf,200,R1 pilot corpus: PDF linked from https://www.cbo.gov/publication/59096; 3 distinct captures of this URL
raw/documents/cbo/pilot/cbo_apb/59097,https://www.cbo.gov/publication/59097,wayback,https://web.archive.org/web/20260607013430id_/https://www.cbo.gov/publication/59097,2026-06-07T01:34:30+00:00,2026-09-29T14:50:45+00:00,b653730454bb0fbe8d3ff90f4632ec65c4c1a3937763c7c982c8aa2d6c6b0c5b,42198,"Sun, 07 Jun 2026 01:34:29 GMT",text/html,200,R1 pilot corpus: publication page; 55 distinct captures of this URL
raw/documents/cbo/pilot/cbo_apb/59097-APB.pdf,https://www.cbo.gov/system/files/2023-05/59097-APB.pdf,wayback,https://web.archive.org/web/20250323220934id_/https://www.cbo.gov/system/files/2023-05/59097-APB.pdf,2025-03-23T22:09:34+00:00,2026-09-29T14:50:51+00:00,f385e543bd9467d8f5f92bf179d5b64b1adeaad1868a117b6b3aa2c920ddb0c0,272462,"Thu, 18 May 2023 15:12:54 GMT",application/pdf,200,R1 pilot corpus: PDF linked from https://www.cbo.gov/publication/59097; 2 distinct captures of this URL
raw/documents/cbo/pilot/cbo_mbr/59134,https://www.cbo.gov/publication/59134,wayback,https://web.archive.org/web/20260519010043id_/https://www.cbo.gov/publication/59134,2026-05-19T01:00:43+00:00,2026-09-29T14:50:56+00:00,a4201dd9c875b5db912d2f26e413a0f1e16697c95e6983dd04d34485a05dfdf9,42165,"Tue, 19 May 2026 01:00:42 GMT",text/html,200,R1 pilot corpus: publication page; 42 distinct captures of this URL
raw/documents/cbo/pilot/cbo_mbr/59134-MBR.pdf_162eeaab,https://www.cbo.gov/system/files/2023-06/59134-MBR.pdf,wayback,https://web.archive.org/web/20250911203116id_/https://www.cbo.gov/system/files/2023-06/59134-MBR.pdf?modtag=djemBestOfTheWeb,2025-09-11T20:31:16+00:00,2026-09-29T14:51:03+00:00,5b06e49d7f49b22e726b8ae75801c2382e3aec4b2de1311f1dc5440ade41061a,495484,"Fri, 09 May 2025 20:19:26 GMT",application/pdf,200,R1 pilot corpus: PDF linked from https://www.cbo.gov/publication/59134; 1 distinct captures of this URL
raw/documents/cbo/pilot/cbo_mbr/59255,https://www.cbo.gov/publication/59255,wayback,https://web.archive.org/web/20260412203601id_/https://www.cbo.gov/publication/59255,2026-04-12T20:36:01+00:00,2026-09-29T14:51:09+00:00,9aec7fcf27a868ab0086c6dbbaaf79f4fd13d69e8448fe6f95ec7446b01eaadc,41884,"Sun, 12 Apr 2026 20:35:59 GMT",text/html,200,R1 pilot corpus: publication page; 34 distinct captures of this URL
raw/documents/cbo/pilot/cbo_mbr/59255-MBR.pdf,https://www.cbo.gov/system/files/2023-07/59255-MBR.pdf,wayback,https://web.archive.org/web/20250708212018id_/https://www.cbo.gov/system/files/2023-07/59255-MBR.pdf,2025-07-08T21:20:18+00:00,2026-09-29T14:51:16+00:00,b4124007a5ad4fe91121ae59f7382d0cc0db8a256eb9eea515eb6a03d367b610,518881,"Fri, 09 May 2025 20:19:32 GMT",application/pdf,200,R1 pilot corpus: PDF linked from https://www.cbo.gov/publication/59255; 1 distinct captures of this URL
raw/documents/cbo/pilot/cbo_beo/59258,https://www.cbo.gov/publication/59258,wayback,https://web.archive.org/web/20260519001803id_/https://www.cbo.gov/publication/59258,2026-05-19T00:18:03+00:00,2026-09-29T14:51:21+00:00,b0c1d77dab5fe3faf890d37c71193dc5fc50827fc522978df7cd2d78b9adcbd9,40483,"Tue, 19 May 2026 00:18:02 GMT",text/html,200,R1 pilot corpus: publication page; 70 distinct captures of this URL
raw/documents/cbo/pilot/cbo_beo/59258-econ-outlook.pdf,https://www.cbo.gov/system/files/2023-07/59258-econ-outlook.pdf,wayback,https://web.archive.org/web/20250222182757id_/https://www.cbo.gov/system/files/2023-07/59258-econ-outlook.pdf,2025-02-22T18:27:57+00:00,2026-09-29T14:51:28+00:00,13db6b76be93e499b779bdb2a03dda6991287cc0bf2f1ca8f368b6593ba23bba,454116,"Tue, 25 Jul 2023 15:51:12 GMT",application/pdf,200,R1 pilot corpus: PDF linked from https://www.cbo.gov/publication/59258; 2 distinct captures of this URL
raw/documents/cbo/pilot/cbo_mbr/59377,https://www.cbo.gov/publication/59377,wayback,https://web.archive.org/web/20260618044919id_/https://www.cbo.gov/publication/59377,2026-06-18T04:49:19+00:00,2026-09-29T14:51:33+00:00,643b63425d2138513a44c8bd939031cd63d59ae61e2c51558800cf429ad3976e,43902,"Thu, 18 Jun 2026 04:49:18 GMT",text/html,200,R1 pilot corpus: publication page; 55 distinct captures of this URL
raw/documents/cbo/pilot/cbo_mbr/59377-MBR.pdf,https://www.cbo.gov/system/files/2023-08/59377-MBR.pdf,wayback,https://web.archive.org/web/20250806005217id_/https://www.cbo.gov/system/files/2023-08/59377-MBR.pdf,2025-08-06T00:52:17+00:00,2026-09-29T14:51:40+00:00,27d5af05828148b19821acd13adcab4457436c29d6e8274fb0abea7c12124020,541754,"Fri, 09 May 2025 20:19:38 GMT",application/pdf,200,R1 pilot corpus: PDF linked from https://www.cbo.gov/publication/59377; 2 distinct captures of this URL
raw/documents/cbo/pilot/cbo_mbr/59474,https://www.cbo.gov/publication/59474,wayback,https://web.archive.org/web/20260514225732id_/https://www.cbo.gov/publication/59474,2026-05-14T22:57:32+00:00,2026-09-29T14:51:46+00:00,46370f1f268e1014ecf731256c6e2213e93ae9c19a69cc78fd8cf65938c8b75c,44451,"Thu, 14 May 2026 22:57:31 GMT",text/html,200,R1 pilot corpus: publication page; 64 distinct captures of this URL
raw/documents/cbo/pilot/cbo_mbr/59474-MBR.pdf,https://www.cbo.gov/system/files/2023-09/59474-MBR.pdf,wayback,https://web.archive.org/web/20250806004846id_/https://www.cbo.gov/system/files/2023-09/59474-MBR.pdf,2025-08-06T00:48:46+00:00,2026-09-29T14:51:52+00:00,e95352a50bc6ac963859135390ea718dd58b641cfbcc3a93598200f9cbe125f9,544012,"Fri, 09 May 2025 20:19:46 GMT",application/pdf,200,R1 pilot corpus: PDF linked from https://www.cbo.gov/publication/59474; 3 distinct captures of this URL
raw/documents/cbo/pilot/cbo_mbr/59544,https://www.cbo.gov/publication/59544,wayback,https://web.archive.org/web/20260710233509id_/https://www.cbo.gov/publication/59544,2026-07-10T23:35:09+00:00,2026-09-29T14:51:58+00:00,75046349df0d7aac6d593dd7cfe9bcdf7e6cccdd7107bd107019e3ca87c051ff,46900,"Fri, 10 Jul 2026 23:35:10 GMT",text/html,200,R1 pilot corpus: publication page; 93 distinct captures of this URL
raw/documents/cbo/pilot/cbo_mbr/59544.pdf,https://www.cbo.gov/system/files/2023-10/59544.pdf,wayback,https://web.archive.org/web/20250813152501id_/https://www.cbo.gov/system/files/2023-10/59544.pdf,2025-08-13T15:25:01+00:00,2026-09-29T14:52:10+00:00,b9f9cf62db6da7dd955f17cb74928fe335a02a8cb6451e2b5a87de7a7ae75a35,769379,"Fri, 09 May 2025 20:19:49 GMT",application/pdf,200,R1 pilot corpus: PDF linked from https://www.cbo.gov/publication/59544; 2 distinct captures of this URL
raw/documents/cbo/pilot/cbo_mbr/59640,https://www.cbo.gov/publication/59640,wayback,https://web.archive.org/web/20260519011921id_/https://www.cbo.gov/publication/59640,2026-05-19T01:19:21+00:00,2026-09-29T14:52:15+00:00,e000b76947fe771dfdb2bf27b8bdd8c094cb54461ea87508f89266aa902119da,45314,"Tue, 19 May 2026 01:19:20 GMT",text/html,200,R1 pilot corpus: publication page; 51 distinct captures of this URL
raw/documents/cbo/pilot/cbo_mbr/59640-MBR.pdf,https://www.cbo.gov/system/files/2023-11/59640-MBR.pdf,wayback,https://web.archive.org/web/20250629010009id_/https://www.cbo.gov/system/files/2023-11/59640-MBR.pdf,2025-06-29T01:00:09+00:00,2026-09-29T14:52:22+00:00,08411941398e59a22394a33eaab2bd4bb1d96f06fa6f6416e610a2a303ae08ef,789749,"Fri, 09 May 2025 20:19:55 GMT",application/pdf,200,R1 pilot corpus: PDF linked from https://www.cbo.gov/publication/59640; 2 distinct captures of this URL
raw/documents/cbo/pilot/cbo_mbr/59726,https://www.cbo.gov/publication/59726,wayback,https://web.archive.org/web/20260416175400id_/https://www.cbo.gov/publication/59726,2026-04-16T17:54:00+00:00,2026-09-29T14:52:27+00:00,ae07d9e779e05426a664fc02e8663f1144ab5731271aa10c742be4afa3a390bf,42012,"Thu, 16 Apr 2026 17:53:59 GMT",text/html,200,R1 pilot corpus: publication page; 34 distinct captures of this URL
raw/documents/cbo/pilot/cbo_mbr/59726-MBR.pdf,https://www.cbo.gov/system/files/2023-12/59726-MBR.pdf,wayback,https://web.archive.org/web/20250223083204id_/https://www.cbo.gov/system/files/2023-12/59726-MBR.pdf,2025-02-23T08:32:04+00:00,2026-09-29T14:52:36+00:00,d4bcad6c2d0cae687b461548c3fdc3c030a45dc83f71bb23ca634db0ef85b4ff,473309,"Fri, 08 Dec 2023 18:48:30 GMT",application/pdf,200,R1 pilot corpus: PDF linked from https://www.cbo.gov/publication/59726; 1 distinct captures of this URL
raw/documents/cbo/pilot/cbo_beo/59837,https://www.cbo.gov/publication/59837,wayback,https://web.archive.org/web/20260211022434id_/https://www.cbo.gov/publication/59837,2026-02-11T02:24:34+00:00,2026-09-29T14:52:40+00:00,9ecdcc689024a88125e98f7cd085f4c320a47c41e5b600cc85f902b628662221,37352,"Wed, 11 Feb 2026 02:24:34 GMT",text/html,200,R1 pilot corpus: publication page; 66 distinct captures of this URL
raw/documents/cbo/pilot/cbo_beo/59837-Economy.pdf_5a45fac0,https://www.cbo.gov/system/files/2023-12/59837-Economy.pdf,wayback,https://web.archive.org/web/20251116062839id_/https://www.cbo.gov/system/files/2023-12/59837-Economy.pdf?ref=tippinsights.com,2025-11-16T06:28:39+00:00,2026-09-29T14:52:47+00:00,c9134f90f91f335e2184b628c7bc02d7ed68dc145ba85bdbb396b244e1b9ecc1,120629,"Fri, 09 May 2025 20:20:03 GMT",application/pdf,200,R1 pilot corpus: PDF linked from https://www.cbo.gov/publication/59837; 1 distinct captures of this URL
raw/documents/cbo/pilot/cbo_mbr/59821,https://www.cbo.gov/publication/59821,wayback,https://web.archive.org/web/20260519011631id_/https://www.cbo.gov/publication/59821,2026-05-19T01:16:31+00:00,2026-09-29T14:52:53+00:00,3669f540894d35e1217e9fcc4b0c2bdacad040d7a311765e555bb5d2b31429e7,42216,"Tue, 19 May 2026 01:16:29 GMT",text/html,200,R1 pilot corpus: publication page; 38 distinct captures of this URL
raw/documents/cbo/pilot/cbo_mbr/59821-MBR_0.pdf_162eeaab,https://www.cbo.gov/system/files/2024-01/59821-MBR_0.pdf,wayback,https://web.archive.org/web/20251022141625id_/https://www.cbo.gov/system/files/2024-01/59821-MBR_0.pdf?modtag=djemBestOfTheWeb,2025-10-22T14:16:25+00:00,2026-09-29T14:52:59+00:00,874a7edb700e422702f75a678ecd6d6f741649aad26c8eadf85e3e74e8171c3b,510427,"Fri, 09 May 2025 20:20:05 GMT",application/pdf,200,R1 pilot corpus: PDF linked from https://www.cbo.gov/publication/59821; 1 distinct captures of this URL
raw/documents/cbo/pilot/cbo_beo/59710,https://www.cbo.gov/publication/59710,wayback,https://web.archive.org/web/20260714182025id_/https://www.cbo.gov/publication/59710,2026-07-14T18:20:25+00:00,2026-09-29T14:53:05+00:00,e51676213a07d9e30c124c1d956ef2a946a683365de9b1c26d3936ed5f6cb22d,78097,"Tue, 14 Jul 2026 18:20:25 GMT",text/html,200,R1 pilot corpus: publication page; 257 distinct captures of this URL
raw/documents/cbo/pilot/cbo_beo/59710-Outlook-2024.pdf,https://www.cbo.gov/system/files/2024-02/59710-Outlook-2024.pdf,wayback,https://web.archive.org/web/20260916063900id_/https://www.cbo.gov/system/files/2024-02/59710-Outlook-2024.pdf,2026-09-16T06:39:00+00:00,2026-09-29T14:53:12+00:00,975f00bc7018fc518a9a9bd77e050afdbd37ebd86eb7b4a924f668bb1f70d99a,3204053,"Fri, 09 May 2025 20:20:13 GMT",application/pdf,200,R1 pilot corpus: PDF linked from https://www.cbo.gov/publication/59710; 4 distinct captures of this URL
raw/documents/cbo/pilot/cbo_mbr/59822,https://www.cbo.gov/publication/59822,wayback,https://web.archive.org/web/20260519012341id_/https://www.cbo.gov/publication/59822,2026-05-19T01:23:41+00:00,2026-09-29T14:53:17+00:00,a93bef06333d96d635269ebded951c7520ad6bfcc8cf68360d490447d5e94bef,42632,"Tue, 19 May 2026 01:23:39 GMT",text/html,200,R1 pilot corpus: publication page; 29 distinct captures of this URL
raw/documents/cbo/pilot/cbo_mbr/59822_MBR.pdf,https://www.cbo.gov/system/files/2024-02/59822%C2%ADMBR.pdf,wayback,https://web.archive.org/web/20260311220833id_/https://www.cbo.gov/system/files/2024-02/59822%C2%ADMBR.pdf,2026-03-11T22:08:33+00:00,2026-09-29T14:53:24+00:00,70f37f57df3bc243f86398c1dd07c468a221703abb103e1222f726f921ad8a65,506104,"Fri, 09 May 2025 20:20:13 GMT",application/pdf,200,R1 pilot corpus: PDF linked from https://www.cbo.gov/publication/59822; 1 distinct captures of this URL
raw/documents/cbo/pilot/cbo_mbr/59973,https://www.cbo.gov/publication/59973,wayback,https://web.archive.org/web/20260412061310id_/https://www.cbo.gov/publication/59973,2026-04-12T06:13:10+00:00,2026-09-29T14:53:29+00:00,df44c72689549776c142ed9d96d855ab03780a43818d4e16b95ce835e23721c3,42080,"Sun, 12 Apr 2026 06:13:09 GMT",text/html,200,R1 pilot corpus: publication page; 34 distinct captures of this URL
raw/documents/cbo/pilot/cbo_mbr/59973-MBR.pdf,https://www.cbo.gov/system/files/2024-03/59973-MBR.pdf,wayback,https://web.archive.org/web/20250223124345id_/https://www.cbo.gov/system/files/2024-03/59973-MBR.pdf,2025-02-23T12:43:45+00:00,2026-09-29T14:53:37+00:00,17b3dd71f83ecdc1d653da18eff280931cf7ca64b30437d0346b34bdf98c0c7a,506554,"Fri, 08 Mar 2024 18:47:19 GMT",application/pdf,200,R1 pilot corpus: PDF linked from https://www.cbo.gov/publication/59973; 1 distinct captures of this URL
raw/documents/cbo/pilot/cbo_mbr/60115,https://www.cbo.gov/publication/60115,wayback,https://web.archive.org/web/20260511173122id_/https://www.cbo.gov/publication/60115,2026-05-11T17:31:22+00:00,2026-09-29T14:53:41+00:00,0320b8551cfd2284a691bbf18275ff3587ca7c8424318352f05a0b7edfc9c672,42429,"Mon, 11 May 2026 17:31:21 GMT",text/html,200,R1 pilot corpus: publication page; 57 distinct captures of this URL
raw/documents/cbo/pilot/cbo_mbr/60115-MBR.pdf,https://www.cbo.gov/system/files/2024-04/60115-MBR.pdf,wayback,https://web.archive.org/web/20250805223656id_/https://www.cbo.gov/system/files/2024-04/60115-MBR.pdf,2025-08-05T22:36:56+00:00,2026-09-29T14:53:51+00:00,e37cf2242995993a37fd404fb96f7059617b4823163e085daead070892f88296,508490,"Fri, 09 May 2025 20:20:27 GMT",application/pdf,200,R1 pilot corpus: PDF linked from https://www.cbo.gov/publication/60115; 2 distinct captures of this URL
raw/documents/cbo/pilot/cbo_mbr/60193,https://www.cbo.gov/publication/60193,wayback,https://web.archive.org/web/20260313021152id_/https://www.cbo.gov/publication/60193,2026-03-13T02:11:52+00:00,2026-09-29T14:53:56+00:00,9479f414eee16a22dfc2fc3de6fd0475ec338eab330256bd72522f2b09a351d3,42452,"Fri, 13 Mar 2026 02:11:50 GMT",text/html,200,R1 pilot corpus: publication page; 33 distinct captures of this URL
raw/documents/cbo/pilot/cbo_mbr/60193-MBR.pdf,https://www.cbo.gov/system/files/2024-05/60193-MBR.pdf,wayback,https://web.archive.org/web/20250223064515id_/https://www.cbo.gov/system/files/2024-05/60193-MBR.pdf,2025-02-23T06:45:15+00:00,2026-09-29T14:54:05+00:00,c623ced575294ba0e4dc1bb63e0f55ba5da668a9746abc1e676d0f6414577024,511251,"Wed, 08 May 2024 16:26:47 GMT",application/pdf,200,R1 pilot corpus: PDF linked from https://www.cbo.gov/publication/60193; 1 distinct captures of this URL
raw/documents/cbo/pilot/cbo_mbr/60280,https://www.cbo.gov/publication/60280,wayback,https://web.archive.org/web/20260514222828id_/https://www.cbo.gov/publication/60280,2026-05-14T22:28:28+00:00,2026-09-29T14:54:10+00:00,c15d43e7f22ed0f10f5a39ed46e89c2f4ec27c45ca5abfa1be7dcf4be611e229,42638,"Thu, 14 May 2026 22:28:26 GMT",text/html,200,R1 pilot corpus: publication page; 36 distinct captures of this URL
raw/documents/cbo/pilot/cbo_mbr/60280-MBR.pdf,https://www.cbo.gov/system/files/2024-06/60280-MBR.pdf,wayback,https://web.archive.org/web/20250805232914id_/https://www.cbo.gov/system/files/2024-06/60280-MBR.pdf,2025-08-05T23:29:14+00:00,2026-09-29T14:54:16+00:00,b30ee53bca7d2c8fb441d066ae3adff292e17f553daf62d34b168044e96a74fc,544507,"Fri, 09 May 2025 20:20:43 GMT",application/pdf,200,R1 pilot corpus: PDF linked from https://www.cbo.gov/publication/60280; 1 distinct captures of this URL
raw/documents/cbo/pilot/cbo_beo/60039,https://www.cbo.gov/publication/60039,wayback,https://web.archive.org/web/20260520110935id_/https://www.cbo.gov/publication/60039,2026-05-20T11:09:35+00:00,2026-09-29T14:54:21+00:00,385970c77c1f85ff5f46c33f758d73651b051ce2ec9672d23b3164070394c1d8,125288,"Wed, 20 May 2026 11:09:32 GMT",text/html,200,R1 pilot corpus: publication page; 367 distinct captures of this URL
raw/documents/cbo/pilot/cbo_beo/60039-Outlook-2024.pdf,https://www.cbo.gov/system/files/2024-06/60039-Outlook-2024.pdf,wayback,https://web.archive.org/web/20260826161042id_/https://www.cbo.gov/system/files/2024-06/60039-Outlook-2024.pdf,2026-08-26T16:10:42+00:00,2026-09-29T14:54:28+00:00,8fc195bd31a332a0f4ca3682d5b5f7f9e17f49d2f8795f1b311964275233a1ee,2214637,"Fri, 09 May 2025 20:20:43 GMT",application/pdf,200,R1 pilot corpus: PDF linked from https://www.cbo.gov/publication/60039; 4 distinct captures of this URL
raw/documents/cbo/pilot/cbo_apb/60041,https://www.cbo.gov/publication/60041,wayback,https://web.archive.org/web/20260710173542id_/https://www.cbo.gov/publication/60041,2026-07-10T17:35:42+00:00,2026-09-29T14:54:33+00:00,73ce745a693f9d8068fdc641c8a8e0be008c358c6e994294ab3d1465aaf1f97f,42902,"Fri, 10 Jul 2026 17:35:41 GMT",text/html,200,R1 pilot corpus: publication page; 38 distinct captures of this URL
,https://www.cbo.gov/system/files/2024-06/60041-APB.pdf,wayback,https://web.archive.org/web/20250828231750id_/https://www.cbo.gov/system/files/2024-06/60041-APB.pdf,,2026-09-29T14:57:32+00:00,,,,,500,capture not served
raw/documents/cbo/pilot/cbo_mbr/60361,https://www.cbo.gov/publication/60361,wayback,https://web.archive.org/web/20260618052902id_/https://www.cbo.gov/publication/60361,2026-06-18T05:29:02+00:00,2026-09-29T14:57:36+00:00,77e588bf5bae15c75f08c5499f3e754ddc7b660cb22cdb9be4474dbf291ecbf9,43890,"Thu, 18 Jun 2026 05:29:01 GMT",text/html,200,R1 pilot corpus: publication page; 38 distinct captures of this URL
raw/documents/cbo/pilot/cbo_mbr/60361-MBR.pdf,https://www.cbo.gov/system/files/2024-07/60361-MBR.pdf,wayback,https://web.archive.org/web/20250316070537id_/https://www.cbo.gov/system/files/2024-07/60361-MBR.pdf,2025-03-16T07:05:37+00:00,2026-09-29T14:57:44+00:00,f30e51ead11b560c91244d9c29853b70663af05550d756e3911b2fc4ce241e2c,593912,"Tue, 09 Jul 2024 16:50:35 GMT",application/pdf,200,R1 pilot corpus: PDF linked from https://www.cbo.gov/publication/60361; 2 distinct captures of this URL
raw/documents/cbo/pilot/cbo_mbr/60479,https://www.cbo.gov/publication/60479,wayback,https://web.archive.org/web/20260520101109id_/https://www.cbo.gov/publication/60479,2026-05-20T10:11:09+00:00,2026-09-29T14:57:48+00:00,6fc98af90f35ea4978fd1ea6043f9cabde5183969913ee32dfc0eea4a2502446,43564,"Wed, 20 May 2026 10:11:08 GMT",text/html,200,R1 pilot corpus: publication page; 38 distinct captures of this URL
raw/documents/cbo/pilot/cbo_mbr/60479-MBR.pdf,https://www.cbo.gov/system/files/2024-08/60479-MBR.pdf,wayback,https://web.archive.org/web/20250805225007id_/https://www.cbo.gov/system/files/2024-08/60479-MBR.pdf,2025-08-05T22:50:07+00:00,2026-09-29T14:57:55+00:00,fbe00a4efe26f961df89528daa5308ec47d4428347b794889ffd3cda2c3bd685,574086,"Fri, 09 May 2025 20:20:57 GMT",application/pdf,200,R1 pilot corpus: PDF linked from https://www.cbo.gov/publication/60479; 1 distinct captures of this URL
raw/documents/cbo/pilot/cbo_mbr/60592,https://www.cbo.gov/publication/60592,wayback,https://web.archive.org/web/20260414083506id_/https://www.cbo.gov/publication/60592,2026-04-14T08:35:06+00:00,2026-09-29T14:58:00+00:00,39ae9407a71ca7738fc9810bd70fdfb9db67ac7bc80686f36c6a94130c060a91,45281,"Tue, 14 Apr 2026 08:35:04 GMT",text/html,200,R1 pilot corpus: publication page; 39 distinct captures of this URL
raw/documents/cbo/pilot/cbo_mbr/60592-MBR.pdf,https://www.cbo.gov/system/files/2024-09/60592-MBR.pdf,wayback,https://web.archive.org/web/20250805225525id_/https://www.cbo.gov/system/files/2024-09/60592-MBR.pdf,2025-08-05T22:55:25+00:00,2026-09-29T14:58:07+00:00,1975443a349d39829029507b081527e1151e346de900dbb3f4dc1823b17c96e9,589114,"Fri, 09 May 2025 20:21:15 GMT",application/pdf,200,R1 pilot corpus: PDF linked from https://www.cbo.gov/publication/60592; 2 distinct captures of this URL
raw/documents/cbo/pilot/cbo_apb/60438,https://www.cbo.gov/publication/60438,wayback,https://web.archive.org/web/20260511180112id_/https://www.cbo.gov/publication/60438,2026-05-11T18:01:12+00:00,2026-09-29T14:58:20+00:00,ae49d877359048ad0bfc94dd716a9eda2899747aca0fe7853c457673e15ea726,45027,"Mon, 11 May 2026 18:01:11 GMT",text/html,200,R1 pilot corpus: publication page; 46 distinct captures of this URL
raw/documents/cbo/pilot/cbo_apb/60438-APB.pdf,https://www.cbo.gov/system/files/2024-10/60438-APB.pdf,wayback,https://web.archive.org/web/20250222152704id_/https://www.cbo.gov/system/files/2024-10/60438-APB.pdf,2025-02-22T15:27:04+00:00,2026-09-29T14:58:24+00:00,c108ae3d5d3c8fa2dab89cf1d0a462361beadffd41b503d51cf6f73fe32c04ea,411681,"Fri, 04 Oct 2024 16:54:08 GMT",application/pdf,200,R1 pilot corpus: PDF linked from https://www.cbo.gov/publication/60438; 2 distinct captures of this URL
raw/documents/cbo/pilot/cbo_mbr/60730,https://www.cbo.gov/publication/60730,wayback,https://web.archive.org/web/20260607010844id_/https://www.cbo.gov/publication/60730,2026-06-07T01:08:44+00:00,2026-09-29T14:58:30+00:00,b39dd15234dad6125486166736c934426e3ec45baea7ccd263bb91c8a482a8dc,46372,"Sun, 07 Jun 2026 01:08:43 GMT",text/html,200,R1 pilot corpus: publication page; 54 distinct captures of this URL
raw/documents/cbo/pilot/cbo_mbr/60730-MBR.pdf,https://www.cbo.gov/system/files/2024-10/60730-MBR.pdf,wayback,https://web.archive.org/web/20260727132734id_/https://www.cbo.gov/system/files/2024-10/60730-MBR.pdf,2026-07-27T13:27:34+00:00,2026-09-29T14:58:36+00:00,118169380614d8e71b44ef04ee1f17376a0859d2c0c46b506f37e16cfebef626,586890,"Fri, 09 May 2025 20:21:20 GMT",application/pdf,200,R1 pilot corpus: PDF linked from https://www.cbo.gov/publication/60730; 2 distinct captures of this URL
raw/documents/cbo/pilot/cbo_mbr/60843_0314b75d,https://www.cbo.gov/publication/60843,wayback,https://web.archive.org/web/20260612113021id_/https://www.cbo.gov/publication/60843?utm_source=feedblitz&utm_medium=FeedBlitzEmail&utm_content=812526&utm_campaign=Express_2024-11-08_14:30:00&utm_medium=FeedBlitzEmail&utm_content=812526&utm_campaign=Express_2024-11-08_14:30:00,2026-06-12T11:30:21+00:00,2026-09-29T14:58:42+00:00,16fce446bf5e837a4fd9c2dd31be994ebb1719446675c81fd500f1f615170f23,46665,"Fri, 12 Jun 2026 10:36:28 GMT",text/html,200,R1 pilot corpus: publication page; 62 distinct captures of this URL
raw/documents/cbo/pilot/cbo_mbr/60843-MBR.pdf_5a45fac0,https://www.cbo.gov/system/files/2024-11/60843-MBR.pdf,wayback,https://web.archive.org/web/20251209175403id_/https://www.cbo.gov/system/files/2024-11/60843-MBR.pdf?ref=tippinsights.com,2025-12-09T17:54:03+00:00,2026-09-29T14:58:48+00:00,e2c210e67ec16c1736c62caf0f7f61c7da078f68f7d8eef6f8fef17901ccd6d3,737176,"Fri, 09 May 2025 20:21:23 GMT",application/pdf,200,R1 pilot corpus: PDF linked from https://www.cbo.gov/publication/60843; 3 distinct captures of this URL
raw/documents/cbo/pilot/cbo_mbr/60844,https://www.cbo.gov/publication/60844,wayback,https://web.archive.org/web/20260412192107id_/https://www.cbo.gov/publication/60844,2026-04-12T19:21:07+00:00,2026-09-29T14:58:54+00:00,88b05ccf8a8d97ffe4a30d13dae839d6202a8605f1ed55935274b67542c8fe48,42968,"Sun, 12 Apr 2026 19:21:06 GMT",text/html,200,R1 pilot corpus: publication page; 27 distinct captures of this URL
raw/documents/cbo/pilot/cbo_mbr/60844-MBR.pdf,https://www.cbo.gov/system/files/2024-12/60844-MBR.pdf,wayback,https://web.archive.org/web/20250806011015id_/https://www.cbo.gov/system/files/2024-12/60844-MBR.pdf,2025-08-06T01:10:15+00:00,2026-09-29T14:59:00+00:00,e6dd2d038089b602da3029a2bd3a6fc3a1f2f102897eee5166eff80a62dbd13a,521310,"Fri, 09 May 2025 20:21:27 GMT",application/pdf,200,R1 pilot corpus: PDF linked from https://www.cbo.gov/publication/60844; 1 distinct captures of this URL
raw/documents/cbo/pilot/cbo_beo/60890,https://www.cbo.gov/publication/60890,wayback,https://web.archive.org/web/20260607013507id_/https://www.cbo.gov/publication/60890,2026-06-07T01:35:07+00:00,2026-09-29T14:59:05+00:00,b58b0dd55c6ad2a0a66f3d38cddc3c1b75071c9474932404d9e807f500bbcbed,36877,"Sun, 07 Jun 2026 01:35:05 GMT",text/html,200,R1 pilot corpus: publication page; 24 distinct captures of this URL
raw/documents/cbo/pilot/cbo_beo/60890-Economy.pdf,https://www.cbo.gov/system/files/2024-12/60890-Economy.pdf,wayback,https://web.archive.org/web/20250512064758id_/https://www.cbo.gov/system/files/2024-12/60890-Economy.pdf,2025-05-12T06:47:58+00:00,2026-09-29T14:59:20+00:00,c1d9c51d9ca3206b272e41075cbd176ceab5066abde9c776976d5aee3f935e26,95438,"Wed, 18 Dec 2024 18:20:18 GMT",application/pdf,200,R1 pilot corpus: PDF linked from https://www.cbo.gov/publication/60890; 1 distinct captures of this URL
raw/documents/cbo/pilot/cbo_mbr/61151,https://www.cbo.gov/publication/61151,wayback,https://web.archive.org/web/20260312080700id_/https://www.cbo.gov/publication/61151,2026-03-12T08:07:00+00:00,2026-09-29T14:59:24+00:00,4187eb8908e038300ebdaa07b2231ab5d3db4a20499704c67d73d73b0aebb48a,43614,"Thu, 12 Mar 2026 08:06:59 GMT",text/html,200,R1 pilot corpus: publication page; 23 distinct captures of this URL
raw/documents/cbo/pilot/cbo_mbr/61151-MBR.pdf,https://www.cbo.gov/system/files/2025-01/61151-MBR.pdf,wayback,https://web.archive.org/web/20250806005917id_/https://www.cbo.gov/system/files/2025-01/61151-MBR.pdf,2025-08-06T00:59:17+00:00,2026-09-29T14:59:30+00:00,ad49e5155428513710cd6bed87d78e1c76b6521824c4317cb096f6a020eaebf7,510166,"Fri, 09 May 2025 20:21:35 GMT",application/pdf,200,R1 pilot corpus: PDF linked from https://www.cbo.gov/publication/61151; 1 distinct captures of this URL
raw/documents/cbo/pilot/cbo_beo/60870,https://www.cbo.gov/publication/60870,wayback,https://web.archive.org/web/20260711212411id_/https://www.cbo.gov/publication/60870,2026-07-11T21:24:11+00:00,2026-09-29T14:59:36+00:00,f9b945c8ea468a6cf95a7f0cfb494f00b59b4ec6382b4633198431b5892a9736,120694,"Sat, 11 Jul 2026 20:56:33 GMT",text/html,200,R1 pilot corpus: publication page; 125 distinct captures of this URL
raw/documents/cbo/pilot/cbo_beo/60870-Outlook-2025.pdf,https://www.cbo.gov/system/files/2025-01/60870-Outlook-2025.pdf,wayback,https://web.archive.org/web/20260823033305id_/https://www.cbo.gov/system/files/2025-01/60870-Outlook-2025.pdf,2026-08-23T03:33:05+00:00,2026-09-29T14:59:44+00:00,a6b81de4bb932843e25867be0059599ef044007b9c5d8afc298de56ffd892a53,1921819,"Fri, 09 May 2025 20:21:34 GMT",application/pdf,200,R1 pilot corpus: PDF linked from https://www.cbo.gov/publication/60870; 3 distinct captures of this URL
raw/documents/cbo/pilot/cbo_accuracy/59682,https://www.cbo.gov/publication/59682,wayback,https://web.archive.org/web/20260416175632id_/https://www.cbo.gov/publication/59682,2026-04-16T17:56:32+00:00,2026-09-29T14:59:52+00:00,5a4b781464029b6627aa33cf562fa76484a7d4b03fe158421ee2434517334b44,43954,"Thu, 16 Apr 2026 17:56:30 GMT",text/html,200,R1 pilot corpus: publication page; 55 distinct captures of this URL
raw/documents/cbo/pilot/cbo_accuracy/59682-Accuracy.pdf,https://www.cbo.gov/system/files/2023-12/59682-Accuracy.pdf,wayback,https://web.archive.org/web/20250421090952id_/https://www.cbo.gov/system/files/2023-12/59682-Accuracy.pdf,2025-04-21T09:09:52+00:00,2026-09-29T14:59:58+00:00,e31c1932ff38e046ad37bc5e3d65af16d45452ed26752bf879c6b3493d6d8f6b,412656,"Tue, 16 Jan 2024 22:30:31 GMT",application/pdf,200,R1 pilot corpus: PDF linked from https://www.cbo.gov/publication/59682; 3 distinct captures of this URL
raw/documents/cbo/pilot/cbo_accuracy/61916,https://www.cbo.gov/publication/61916,wayback,https://web.archive.org/web/20260711212602id_/https://www.cbo.gov/publication/61916,2026-07-11T21:26:02+00:00,2026-09-29T15:00:04+00:00,c78a7fd631e8cd0324046e284b94f503287873c5d408c666048616a7b8d8b366,59777,"Sat, 11 Jul 2026 20:44:37 GMT",text/html,200,R1 pilot corpus: publication page; 7 distinct captures of this URL
raw/documents/cbo/pilot/cbo_accuracy/61916-budget-accuracy.pdf,https://www.cbo.gov/system/files/2026-01/61916-budget-accuracy.pdf,wayback,https://web.archive.org/web/20260213034538id_/https://www.cbo.gov/system/files/2026-01/61916-budget-accuracy.pdf,2026-02-13T03:45:38+00:00,2026-09-29T15:00:10+00:00,e801baaef05817e8b1a53d577d022df03c0938fd4ada6824f0607aeadc01da61,550264,"Fri, 16 Jan 2026 00:11:05 GMT",application/pdf,200,R1 pilot corpus: PDF linked from https://www.cbo.gov/publication/61916; 1 distinct captures of this URL
,https://www.cbo.gov/publication/62552,wayback,,,2026-09-29T15:00:14+00:00,,,,,404,no Wayback capture
,https://obr.uk/download/executive-summary-july-2015/,wayback,,,2026-09-29T15:00:16+00:00,,,,,404,no Wayback capture
,https://obr.uk/docs/dlm_uploads/July-2015-EFO-Executive-summary-234432.pdf,wayback,https://web.archive.org/web/20240722051937id_/https://obr.uk/docs/dlm_uploads/July-2015-EFO-Executive-summary-234432.pdf,2024-07-22T05:19:37+00:00,2026-09-29T15:00:23+00:00,d77da2da005851118ce1cb06682980fe69b24e0d0a5ad7076170fc549ddd30dc,404129,,,invalid,capture rejected: content check failed
,https://obr.uk/download/devolved-taxes-forecast-july-2015/,wayback,,,2026-09-29T15:00:27+00:00,,,,,404,no Wayback capture
raw/documents/obr/pilot/efo/Devolved-taxes-forecast-July-2015.pdf,https://obr.uk/download/devolved-taxes-forecast-july-2015/,wayback-alternate,https://web.archive.org/web/20240712050842id_/https://obr.uk/docs/dlm_uploads/Devolved-taxes-forecast-July-2015.pdf,2024-07-12T05:08:42+00:00,2026-09-29T15:00:33+00:00,3690596c65489dda6193a8200125e04bbd60118a24064a4ad4b9ac9cdc9e3801,265560,"Mon, 18 Jan 2021 11:54:52 GMT",application/pdf,200,"R1 pilot corpus; own link not archived; same document archived under another URL, first pages verified; capture of https://obr.uk/docs/dlm_uploads/Devolved-taxes-forecast-July-2015.pdf; 1 distinct captures of this URL"
raw/documents/obr/pilot/efo/Student-numbers-July-2015-Economic-and-fiscal-outlook.pdf,https://obr.uk/download/student-numbers-july-2015-economic-and-fiscal-outlook/,wayback,https://web.archive.org/web/20220307164954id_/https://obr.uk/docs/dlm_uploads/Student-numbers-July-2015-Economic-and-fiscal-outlook.pdf,2022-03-07T16:49:54+00:00,2026-09-29T15:00:40+00:00,856488f86f6a88ac4b9b95fa1abf36908188ece79414a650ff7b0e9036c52e1c,61090,"Mon, 18 Jan 2021 11:55:47 GMT",application/pdf,200,R1 pilot corpus; 1 distinct captures of this URL
,https://obr.uk/download/economic-and-fiscal-outlook-press-notice-july-2015/,wayback,,,2026-09-29T15:00:48+00:00,,,,,404,no Wayback capture
raw/documents/obr/pilot/efo/Climate-Change-Levy-July-2015.pdf,https://obr.uk/download/climate-change-levy-july-2015-economic-and-fiscal-outlook/,wayback,https://web.archive.org/web/20230726214557id_/https://obr.uk/docs/dlm_uploads/Climate-Change-Levy-July-2015.pdf,2023-07-26T21:45:57+00:00,2026-09-29T15:00:53+00:00,3c2c5e03f540fe9bb5b892d4908f40995e7b42986cd12c3c3eb02038af8105f8,484713,"Mon, 18 Jan 2021 11:54:45 GMT",application/pdf,200,R1 pilot corpus; 1 distinct captures of this URL
raw/documents/obr/pilot/efo/Log-of-contact-EFO-Jul-15-3223.pdf,https://obr.uk/download/log-of-substantive-contact-between-the-obr-and-treasury-ministers-special-advisers-and-their-private-office-staff-between-18-march-2015-and-7-july-2015/,wayback,https://web.archive.org/web/20220307165031id_/https://obr.uk/docs/dlm_uploads/Log-of-contact-EFO-Jul-15-3223.pdf,2022-03-07T16:50:31+00:00,2026-09-29T15:00:58+00:00,9f48cf4e70430700481fb7ccb0488515dcb800391a8e5b363ef02ecec16aacbf,43523,"Mon, 18 Jan 2021 11:55:25 GMT",application/pdf,200,R1 pilot corpus; 1 distinct captures of this URL
,https://obr.uk/download/overview-july-2015/,wayback,,,2026-09-29T15:01:00+00:00,,,,,404,no Wayback capture
,https://obr.uk/docs/dlm_uploads/July-2015-EFO-Overview-23412.pdf,wayback,https://web.archive.org/web/20240719030851id_/https://obr.uk/docs/dlm_uploads/July-2015-EFO-Overview-23412.pdf,2024-07-19T03:08:51+00:00,2026-09-29T15:01:07+00:00,d644bd104ebb6145c1a1aa5fcf48c42367cd17bd2a818a748df0e243db2b167c,288155,,,invalid,capture rejected: content check failed
raw/documents/obr/pilot/efo/Correction-to-Table-1.2-July-2015-Economic-and-fiscal-outlook.pdf,https://obr.uk/download/correction-to-table-1-2-july-2015-economic-and-fiscal-outlook/,wayback,https://web.archive.org/web/20250522012640id_/https://obr.uk/docs/dlm_uploads/Correction-to-Table-1.2-July-2015-Economic-and-fiscal-outlook.pdf,2025-05-22T01:26:40+00:00,2026-09-29T15:01:13+00:00,3fda725f11c2f0dab2052263d4f18976da033fd15103f780d176f3999301e032,43943,"Mon, 18 Jan 2021 11:54:45 GMT",application/pdf,200,R1 pilot corpus; 1 distinct captures of this URL
raw/documents/obr/pilot/efo/Student-loans-forecast-detail-July-2015.pdf,https://obr.uk/download/student-loans-forecast-july-2015-economic-and-fiscal-outlook/,wayback,https://web.archive.org/web/20220928005357id_/https://obr.uk//docs/dlm_uploads/Student-loans-forecast-detail-July-2015.pdf,2022-09-28T00:53:57+00:00,2026-09-29T15:01:20+00:00,6b619576880cb35db3ad63ee556dcbeb9fbdf16e7c3fdb57a80594998a1f2628,55326,"Mon, 18 Jan 2021 11:55:47 GMT",application/pdf,200,R1 pilot corpus; 1 distinct captures of this URL
raw/documents/obr/pilot/efo/Correction-to-Table-4.19-_July-2015-Economic-and-fiscal-outlook.pdf,https://obr.uk/download/correction-to-table-4-19-july-2015-economic-and-fiscal-outlook/,wayback,https://web.archive.org/web/20230726214731id_/https://obr.uk/docs/dlm_uploads/Correction-to-Table-4.19-_July-2015-Economic-and-fiscal-outlook.pdf,2023-07-26T21:47:31+00:00,2026-09-29T15:01:26+00:00,f035d44e6249a1c0e8ccb7af3e886e20064297a7eafaef9299abdeb31176e09c,56108,"Mon, 18 Jan 2021 11:54:45 GMT",application/pdf,200,R1 pilot corpus; 1 distinct captures of this URL
,https://obr.uk/download/efo-presentation-slides-july-2015/,wayback,,,2026-09-29T15:01:29+00:00,,,,,404,no Wayback capture
,https://obr.uk/docs/dlm_uploads/EFO-briefing-slides-July-2015.pdf,wayback,https://web.archive.org/web/20210723155408id_/https://obr.uk/docs/dlm_uploads/EFO-briefing-slides-July-2015.pdf,2021-07-23T15:54:08+00:00,2026-09-29T15:01:42+00:00,b942c46dae3518c89436e5f3cf69b97d62c29cf7a1e4ccc25770485b22f38b6e,281940,,,invalid,capture rejected: content check failed
,https://obr.uk/download/data-sources-july-2015/,wayback,,,2026-09-29T15:01:44+00:00,,,,,404,no Wayback capture
,https://obr.uk/download/commentary-on-the-public-sector-finances-25/,wayback,,,2026-09-29T15:01:49+00:00,,,,,404,no Wayback capture
raw/documents/obr/pilot/psf_commentary/June-2015-commentary.pdf,https://obr.uk/download/commentary-on-the-public-sector-finances-25/,wayback-alternate,https://web.archive.org/web/20210921232802id_/https://obr.uk/docs/dlm_uploads/June-2015-commentary.pdf,2021-09-21T23:28:02+00:00,2026-09-29T15:01:57+00:00,b636748505326b787b4dc4242b4e16d8fd0759e67ff9f5681cbb7c2826a6ea98,86508,"Mon, 18 Jan 2021 11:55:25 GMT",application/pdf,200,"R1 pilot corpus; own link not archived; same document archived under another URL, first pages verified; capture of https://obr.uk/docs/dlm_uploads/June-2015-commentary.pdf; 1 distinct captures of this URL"
,https://obr.uk/download/commentary-on-the-public-sector-finances-26/,wayback,,,2026-09-29T15:01:58+00:00,,,,,404,no Wayback capture
raw/documents/obr/pilot/psf_commentary/July-2015-PSF-commentary.pdf,https://obr.uk/download/commentary-on-the-public-sector-finances-26/,wayback-alternate,https://web.archive.org/web/20240727012931id_/https://obr.uk/docs/dlm_uploads/July-2015-PSF-commentary.pdf,2024-07-27T01:29:31+00:00,2026-09-29T15:02:18+00:00,c376539c5858ceaf82139a593360d79849200af35f04fa9a058f97b7167bb6f5,190853,"Mon, 18 Jan 2021 11:55:18 GMT",application/pdf,200,"R1 pilot corpus; own link not archived; same document archived under another URL, first pages verified; capture of https://obr.uk/docs/dlm_uploads/July-2015-PSF-commentary.pdf; 1 distinct captures of this URL"
,https://obr.uk/download/commentary-on-the-public-sector-finances-27/,wayback,,,2026-09-29T15:02:20+00:00,,,,,404,no Wayback capture
raw/documents/obr/pilot/psf_commentary/August-2015-commentary.pdf,https://obr.uk/download/commentary-on-the-public-sector-finances-27/,wayback-alternate,https://web.archive.org/web/20240723122755id_/https://obr.uk/docs/dlm_uploads/August-2015-commentary.pdf,2024-07-23T12:27:55+00:00,2026-09-29T15:02:26+00:00,694b17e6a24e0f8696a1cf19dcec29197123312488f006a91f9e029a620cdfbd,106513,"Mon, 18 Jan 2021 11:54:38 GMT",application/pdf,200,"R1 pilot corpus; own link not archived; same document archived under another URL, first pages verified; capture of https://obr.uk/docs/dlm_uploads/August-2015-commentary.pdf; 2 distinct captures of this URL"
raw/documents/obr/pilot/psf_commentary/Sep2015-draft-commentaryC.pdf,https://obr.uk/download/commentary-on-the-public-sector-finances-28/,wayback-alternate,https://web.archive.org/web/20151118014252id_/http://budgetresponsibility.org.uk/wordpress/docs/Sep2015-draft-commentaryC.pdf,2015-11-18T01:42:52+00:00,2026-09-29T15:02:58+00:00,8055dcb2f559a6c4d031a6a1e88747a18afe293c913fa26d4f80001e46806e2e,90034,"Tue, 22 Sep 2015 16:25:41 GMT",application/pdf,200,"R1 pilot corpus; own link not archived; same document archived under another URL, first pages verified; capture of http://budgetresponsibility.org.uk/wordpress/docs/Sep2015-draft-commentaryC.pdf; 1 distinct captures of this URL"
,https://obr.uk/download/economic-and-fiscal-outlook-press-notice-november-2015/,wayback,,,2026-09-29T15:03:00+00:00,,,,,404,no Wayback capture
raw/documents/obr/pilot/efo/PressNotice_EFO_November2015.pdf,https://obr.uk/download/economic-and-fiscal-outlook-press-notice-november-2015/,wayback-alternate,https://web.archive.org/web/20240629083157id_/https://obr.uk/docs/dlm_uploads/PressNotice_EFO_November2015.pdf,2024-06-29T08:31:57+00:00,2026-09-29T15:03:08+00:00,bdd15e2f4a46c268cfe72bcdb9633ed5996825bc14e81c66f220d31b672a8c55,106891,"Mon, 18 Jan 2021 11:55:46 GMT",application/pdf,200,"R1 pilot corpus; own link not archived; same document archived under another URL, first pages verified; capture of https://obr.uk/docs/dlm_uploads/PressNotice_EFO_November2015.pdf; 1 distinct captures of this URL"
raw/documents/obr/pilot/efo/Log-of-substantive-contact__EFO___Nov-15.pdf,https://obr.uk/download/log-of-substantive-contact-between-the-obr-and-treasury-ministers-special-advisers-and-their-private-office-staff-between-8-july-2015-and-24-november-2015/,wayback,https://web.archive.org/web/20220302134332id_/https://obr.uk/docs/dlm_uploads/Log-of-substantive-contact__EFO___Nov-15.pdf,2022-03-02T13:43:32+00:00,2026-09-29T15:03:15+00:00,b6712f4c3325cab9d453f31a07e57ba655ed3916f38929a176a85038878a273b,96438,"Mon, 18 Jan 2021 11:55:25 GMT",application/pdf,200,R1 pilot corpus; 1 distinct captures of this URL
raw/documents/obr/pilot/efo/Renewable-heat-incentive_November2015.pdf,https://obr.uk/download/renewable-heat-incentive-november-2015-economic-and-fiscal-outlook/,wayback,https://web.archive.org/web/20250523153508id_/https://obr.uk/docs/dlm_uploads/Renewable-heat-incentive_November2015.pdf,2025-05-23T15:35:08+00:00,2026-09-29T15:03:21+00:00,f11353ab04b0b9cebf06d23160933d69a1e6609d134280fe764c5131ff1a8315,44383,"Mon, 18 Jan 2021 11:55:47 GMT",application/pdf,200,R1 pilot corpus; 1 distinct captures of this URL
raw/documents/obr/pilot/efo/year-by-year-changes-in-the-cyclically-adjusted-current-budget-data-november-2015-economic-and-fiscal-outlook.xls,https://obr.uk/download/year-by-year-changes-in-the-cyclically-adjusted-current-budget-data-november-2015-economic-and-fiscal-outlook/,wayback,https://web.archive.org/web/20220302024549id_/https://obr.uk/download/year-by-year-changes-in-the-cyclically-adjusted-current-budget-data-november-2015-economic-and-fiscal-outlook/,2022-03-02T02:45:49+00:00,2026-09-29T15:03:25+00:00,d2ace50d291606d73838c4f37e3a68cc55716a22f022fe561df83ec5d143095c,204288,,application/vnd.ms-excel,200,R1 pilot corpus; 2 distinct captures of this URL
raw/documents/obr/pilot/efo/Tax-credits-costings_November2015.pdf,https://obr.uk/download/tax-credits-costings-november-2015-economic-and-fiscal-outlook/,wayback,https://web.archive.org/web/20250228110653id_/https://obr.uk/docs/dlm_uploads/Tax-credits-costings_November2015.pdf,2025-02-28T11:06:53+00:00,2026-09-29T15:03:32+00:00,2bfe6efedb2c1039b92af503428b8481ba8bd3128a0c7207b77ebe4fefd5ef43,84209,"Mon, 18 Jan 2021 11:55:47 GMT",application/pdf,200,R1 pilot corpus; 1 distinct captures of this URL
raw/documents/obr/pilot/efo/data-sources-november-2015.xls,https://obr.uk/download/data-sources-november-2015/,wayback,https://web.archive.org/web/20211130035249id_/https://obr.uk/download/data-sources-november-2015/,2021-11-30T03:52:49+00:00,2026-09-29T15:03:37+00:00,47ffc30088aa302d57364126c0d3e282ecb8c90ead60163fd3319ef0dae15dfa,108032,,application/vnd.ms-excel,200,R1 pilot corpus; 1 distinct captures of this URL
,https://obr.uk/download/overview-november-2015/,wayback,,,2026-09-29T15:03:40+00:00,,,,,404,no Wayback capture
,http://budgetresponsibility.org.uk:80/docs/dlm_uploads/Overview___EFO___November__2015.pdf,wayback,,,2026-09-29T15:03:44+00:00,,,,,404,no Wayback capture
,https://obr.uk/docs/dlm_uploads/Overview___EFO___November__2015.pdf,wayback,https://web.archive.org/web/20221119105000id_/https://obr.uk/docs/dlm_uploads/Overview___EFO___November__2015.pdf,2022-11-19T10:50:00+00:00,2026-09-29T15:03:50+00:00,9a9d9519bcd3dc5558418ea1b67aa7b3c2fdb64aebefa8ef540e42a583810427,1542235,,,invalid,capture rejected: content check failed
,https://obr.uk/docs/dlm_uploads/Overview___EFO___November__2015.pdf,wayback,https://web.archive.org/web/20220120142704id_/http://obr.uk/docs/dlm_uploads/Overview___EFO___November__2015.pdf,2022-01-20T14:27:04+00:00,2026-09-29T15:03:53+00:00,ad344f8a9150854c1231a766ca5dd9ac45eda4654f63e299b328248ba9885066,1048576,,,invalid,capture rejected: PDF has no end-of-file marker (truncated)
,https://obr.uk/docs/dlm_uploads/Overview___EFO___November__2015.pdf,wayback,https://web.archive.org/web/20191226031403id_/https://obr.uk/docs/dlm_uploads/Overview___EFO___November__2015.pdf,2019-12-26T03:14:03+00:00,2026-09-29T15:03:56+00:00,9a9d9519bcd3dc5558418ea1b67aa7b3c2fdb64aebefa8ef540e42a583810427,1542235,,,invalid,capture rejected: content check failed
raw/documents/obr/pilot/efo/Correction-Table-4.32-Nov2015.pdf,https://obr.uk/download/correction-to-table-4-32-november-2015-economic-and-fiscal-outlook/,wayback,https://web.archive.org/web/20220302134247id_/https://obr.uk/docs/dlm_uploads/Correction-Table-4.32-Nov2015.pdf,2022-03-02T13:42:47+00:00,2026-09-29T15:04:05+00:00,112807b25c7c6f363bbdea2a1e588cbf2c6d031d8dea0f07d696f43956cab23b,52099,"Mon, 18 Jan 2021 11:54:45 GMT",application/pdf,200,R1 pilot corpus; 1 distinct captures of this URL
raw/documents/obr/pilot/efo/EFO_November__2015.pdf,https://obr.uk/download/economic-and-fiscal-outlook-november-2015/,wayback,https://web.archive.org/web/20210516082616id_/https://obr.uk/docs/dlm_uploads/EFO_November__2015.pdf,2021-05-16T08:26:16+00:00,2026-09-29T15:04:11+00:00,ed0942bb67dcd0f04979b0f004d53574a5ba87f9f3475c334e6d2d62a455b90a,4418852,"Mon, 18 Jan 2021 11:54:58 GMT",application/pdf,200,R1 pilot corpus; 2 distinct captures of this URL
raw/documents/obr/pilot/efo/CACB_November2015.pdf,https://obr.uk/download/year-by-year-changes-in-the-cyclically-adjusted-current-budget-november-2015-economic-and-fiscal-outlook/,wayback,https://web.archive.org/web/20250323004019id_/https://obr.uk/docs/dlm_uploads/CACB_November2015.pdf,2025-03-23T00:40:19+00:00,2026-09-29T15:04:20+00:00,bc8f275a1dcaae85e2e3061b0041833a006384f684b5c27ccae83eab025c63d9,69024,"Mon, 18 Jan 2021 11:54:38 GMT",application/pdf,200,R1 pilot corpus; 1 distinct captures of this URL
,https://obr.uk/download/executive-summary-november-2015/,wayback,,,2026-09-29T15:04:22+00:00,,,,,404,no Wayback capture
,https://obr.uk/docs/dlm_uploads/ExecutiveSummary___EFO_November-2015.pdf,wayback,https://web.archive.org/web/20211130022619id_/https://obr.uk/docs/dlm_uploads/ExecutiveSummary___EFO_November-2015.pdf,2021-11-30T02:26:19+00:00,2026-09-29T15:04:31+00:00,a638b83d36b815ab887d509f362bb607c4f3e12179c5f2b646ad9a51fe4add49,1048576,,,invalid,capture rejected: PDF has no end-of-file marker (truncated)
,https://obr.uk/download/efo-speaking-notes-november-2015/,wayback,,,2026-09-29T15:04:32+00:00,,,,,404,no Wayback capture
raw/documents/obr/pilot/efo/Speaking-note-November-2015-EFO.pdf,https://obr.uk/download/efo-speaking-notes-november-2015/,wayback-alternate,https://web.archive.org/web/20211130025604id_/https://obr.uk/docs/dlm_uploads/Speaking-note-November-2015-EFO.pdf,2021-11-30T02:56:04+00:00,2026-09-29T15:04:38+00:00,c0c98bf02c8dbe65d05f14c57fe8161c365efbcef5b594b1effba9671af1094a,203719,"Mon, 18 Jan 2021 11:55:47 GMT",application/pdf,200,"R1 pilot corpus; own link not archived; same document archived under another URL, first pages verified; capture of https://obr.uk/docs/dlm_uploads/Speaking-note-November-2015-EFO.pdf; 1 distinct captures of this URL"
raw/documents/obr/pilot/efo/Employees-National-Living-Wage.pdf,https://obr.uk/download/number-of-employees-paid-the-national-living-wage/,wayback,https://web.archive.org/web/20220308022251id_/https://obr.uk/docs/dlm_uploads/Employees-National-Living-Wage.pdf,2022-03-08T02:22:51+00:00,2026-09-29T15:04:47+00:00,51cb508c9ae03516eee12ebd2967abef6f0ae49bb982563177b621e1eff412f9,65220,"Mon, 18 Jan 2021 11:54:58 GMT",application/pdf,200,R1 pilot corpus; 1 distinct captures of this URL
,https://obr.uk/download/efo-presentation-slides-november-2015/,wayback,,,2026-09-29T15:04:47+00:00,,,,,404,no Wayback capture
,https://obr.uk/docs/dlm_uploads/EFO-briefing-slides_November-2015.pdf,wayback,https://web.archive.org/web/20211130025318id_/https://obr.uk/docs/dlm_uploads/EFO-briefing-slides_November-2015.pdf,2021-11-30T02:53:18+00:00,2026-09-29T15:04:54+00:00,901f718db6057c81849fee371ae202470b4f17c97ee8f9898adbc6e4ff421dfb,321828,,,invalid,capture rejected: content check failed
,https://obr.uk/download/devolved-taxes-forecast-november-2015/,wayback,,,2026-09-29T15:04:57+00:00,,,,,404,no Wayback capture
,https://obr.uk/download/commentary-on-the-public-sector-finances-29/,wayback,,,2026-09-29T15:04:59+00:00,,,,,404,no Wayback capture
,https://obr.uk/download/commentary-on-the-public-sector-finances-december-2015/,wayback,,,2026-09-29T15:05:05+00:00,,,,,404,no Wayback capture
raw/documents/obr/pilot/psf_commentary/Dec-2015-Commentary-on-the-Public-Sector-Finances-release.pdf,https://obr.uk/download/commentary-on-the-public-sector-finances-december-2015/,wayback-alternate,https://web.archive.org/web/20151227052335id_/http://budgetresponsibility.org.uk/wordpress/docs/Dec-2015-Commentary-on-the-Public-Sector-Finances-release.pdf,2015-12-27T05:23:35+00:00,2026-09-29T15:05:10+00:00,36c4fee9a989e38767a3bc0a929ceb0fb6a64e8efedc71bd5def30368a7fc2ab,160015,"Tue, 22 Dec 2015 12:21:20 GMT",application/pdf,200,"R1 pilot corpus; own link not archived; same document archived under another URL, first pages verified; capture of http://budgetresponsibility.org.uk/wordpress/docs/Dec-2015-Commentary-on-the-Public-Sector-Finances-release.pdf; 2 distinct captures of this URL"
,https://obr.uk/download/commentary-public-sector-finances-january-2016/,wayback,,,2026-09-29T15:05:11+00:00,,,,,404,no Wayback capture
raw/documents/obr/pilot/psf_commentary/Public-finances-commentary-January-2016.pdf,https://obr.uk/download/commentary-public-sector-finances-january-2016/,wayback-alternate,https://web.archive.org/web/20240623145947id_/https://obr.uk/docs/dlm_uploads/Public-finances-commentary-January-2016.pdf,2024-06-23T14:59:47+00:00,2026-09-29T15:05:18+00:00,b7a05959f5cecaac6a24e9ff59e45600c4b7c9ab6e3e313dd7c2a3deddcb4b34,120625,"Mon, 18 Jan 2021 11:55:46 GMT",application/pdf,200,"R1 pilot corpus; own link not archived; same document archived under another URL, first pages verified; capture of https://obr.uk/docs/dlm_uploads/Public-finances-commentary-January-2016.pdf; 1 distinct captures of this URL"
raw/documents/obr/pilot/efo/Overview.pdf,https://obr.uk/download/overview-march-2016/,wayback,https://web.archive.org/web/20251008103117id_/https://obr.uk/docs/dlm_uploads/Overview.pdf,2025-10-08T10:31:17+00:00,2026-09-29T15:05:25+00:00,17cb1eefcfced4ac91d7db1f61d518456281272e165345eb90c632636ce859ec,2044777,"Mon, 18 Jan 2021 11:55:39 GMT",application/pdf,200,R1 pilot corpus; 2 distinct captures of this URL
,https://obr.uk/download/economic-and-fiscal-outlook-speaking-notes-march-2016/,wayback,,,2026-09-29T15:05:26+00:00,,,,,404,no Wayback capture
raw/documents/obr/pilot/efo/Speaking_note_March_2016.pdf,https://obr.uk/download/economic-and-fiscal-outlook-speaking-notes-march-2016/,wayback-alternate,https://web.archive.org/web/20161210175106id_/http://budgetresponsibility.org.uk/docs/dlm_uploads/Speaking_note_March_2016.pdf,2016-12-10T17:51:06+00:00,2026-09-29T15:05:33+00:00,1e4575dea46403d8123266661668f212d2381b5b9cd5dbbef17a47041fcb852e,206043,"Wed, 16 Mar 2016 14:30:52 GMT",application/pdf,200,"R1 pilot corpus; own link not archived; same document archived under another URL, first pages verified; capture of http://budgetresponsibility.org.uk/docs/dlm_uploads/Speaking_note_March_2016.pdf; 2 distinct captures of this URL"
,https://obr.uk/download/economic-fiscal-outlook-presentation-slides-march-2016/,wayback,,,2026-09-29T15:05:35+00:00,,,,,404,no Wayback capture
,http://budgetresponsibility.org.uk/docs/dlm_uploads/Press_conference_slides_March_2016.pdf,wayback,https://web.archive.org/web/20161205075359id_/http://budgetresponsibility.org.uk/docs/dlm_uploads/Press_conference_slides_March_2016.pdf,2016-12-05T07:53:59+00:00,2026-09-29T15:05:42+00:00,e5bcc878ab169fba729a4964ad3f29bc5692cabf1c251bb9edd74ed46ff64aed,413065,,,invalid,capture rejected: content check failed
,https://obr.uk/docs/dlm_uploads/Press_conference_slides_March_2016.pdf,wayback,https://web.archive.org/web/20240914131139id_/https://obr.uk/docs/dlm_uploads/Press_conference_slides_March_2016.pdf,2024-09-14T13:11:39+00:00,2026-09-29T15:05:49+00:00,e5bcc878ab169fba729a4964ad3f29bc5692cabf1c251bb9edd74ed46ff64aed,413065,,,invalid,capture rejected: content check failed
raw/documents/obr/pilot/efo/non-residential-sdlt-elasticities-march-2017-economic-fiscal-outlook.pdf,https://obr.uk/download/non-residential-sdlt-elasticities-march-2017-economic-fiscal-outlook/,wayback,https://web.archive.org/web/20220307165354id_/https://obr.uk/download/non-residential-sdlt-elasticities-march-2017-economic-fiscal-outlook/,2022-03-07T16:53:54+00:00,2026-09-29T15:05:59+00:00,51b91c1cced351b492e76c778f421d5c6dfb82312de4369467501d82bc1378f3,80528,,application/pdf,200,R1 pilot corpus; 2 distinct captures of this URL
raw/documents/obr/pilot/efo/Executive-summary-1.pdf,https://obr.uk/download/executive-summary-march-2016/,wayback,https://web.archive.org/web/20210614223411id_/http://cdn.obr.uk/Executive-summary-1.pdf,2021-06-14T22:34:11+00:00,2026-09-29T15:06:07+00:00,5f0bc51ccf8877463e2218256bb8a3c6e165584b0d3e928f46812534671c8b80,2315343,"Mon, 18 Jan 2021 11:54:58 GMT",application/pdf,200,R1 pilot corpus; 2 distinct captures of this URL
raw/documents/obr/pilot/efo/Data_Sources_March_16_EFO.xlsx,https://obr.uk/download/data-sources-march-2016/,wayback,https://web.archive.org/web/20220516091128id_/https://obr.uk//docs/dlm_uploads/Data_Sources_March_16_EFO.xlsx,2022-05-16T09:11:28+00:00,2026-09-29T15:06:12+00:00,4de98f88720e7ec04330ce744032b6e520a0d38185f4bd29d7c20ecff9e78b89,56898,"Mon, 18 Jan 2021 11:54:45 GMT",application/vnd.openxmlformats-officedocument.spreadsheetml.sheet,200,R1 pilot corpus; 1 distinct captures of this URL
raw/documents/obr/pilot/efo/MAR16_EFO_PN.pdf,https://obr.uk/download/economic-and-fiscal-outlook-press-notice-march-2016/,wayback,https://web.archive.org/web/20251008102957id_/https://obr.uk/docs/dlm_uploads/MAR16_EFO_PN.pdf,2025-10-08T10:29:57+00:00,2026-09-29T15:06:19+00:00,fe4940e23f8b1fbfe93b3c8e0a3e44f4f10b39471d6088b79f88af9a09644a0f,110899,"Mon, 18 Jan 2021 11:55:25 GMT",application/pdf,200,R1 pilot corpus; 1 distinct captures of this URL
raw/documents/obr/pilot/efo/Log-of-contact-EFO-March-16.pdf,https://obr.uk/download/log-of-substantive-contact-between-the-obr-and-treasury-ministers-special-advisers-and-their-private-office-staff-between-25-november-2015-and-15-march-2016/,wayback,https://web.archive.org/web/20220302134349id_/https://obr.uk/docs/dlm_uploads/Log-of-contact-EFO-March-16.pdf,2022-03-02T13:43:49+00:00,2026-09-29T15:06:24+00:00,12c688c37b68f5d3ba578984b512378d5e4c3dbda3fa7a48a73196005f6771a5,48373,"Mon, 18 Jan 2021 11:55:25 GMT",application/pdf,200,R1 pilot corpus; 1 distinct captures of this URL
raw/documents/obr/pilot/efo/March2016EFO.pdf,https://obr.uk/download/economic-and-fiscal-outlook-march-2016/,wayback,https://web.archive.org/web/20251127000151id_/https://obr.uk//docs/dlm_uploads/March2016EFO.pdf,2025-11-27T00:01:51+00:00,2026-09-29T15:06:31+00:00,02ff37355168556980a1a5dac6fecccbd58c56242a822d619d8115b56c2a6d64,5180176,"Mon, 18 Jan 2021 11:55:32 GMT",application/pdf,200,R1 pilot corpus; 2 distinct captures of this URL
raw/documents/obr/pilot/efo/universal-credit-uc-caseload-forecasts-march-2016-economic-fiscal-outlook.pdf,https://obr.uk/download/universal-credit-uc-caseload-forecasts-march-2016-economic-fiscal-outlook/,wayback,https://web.archive.org/web/20220307170642id_/https://obr.uk/download/universal-credit-uc-caseload-forecasts-march-2016-economic-fiscal-outlook/,2022-03-07T17:06:42+00:00,2026-09-29T15:06:35+00:00,7f57961477934ee6c7c64761e18d7dcf30608bde257cf155bb37ef955f372e00,83997,,application/pdf,200,R1 pilot corpus; 1 distinct captures of this URL
raw/documents/obr/pilot/efo/Devolved-taxes-forecast-1.pdf,https://obr.uk/download/devolved-taxes-forecast-march-2016/,wayback,https://web.archive.org/web/20240405184044id_/https://obr.uk/docs/dlm_uploads/Devolved-taxes-forecast-1.pdf,2024-04-05T18:40:44+00:00,2026-09-29T15:06:42+00:00,cda7f4627e978cbc7e1b7d123b44a71bcc15a87b430cc42ff371fbe524fd8832,340767,"Mon, 18 Jan 2021 11:54:52 GMT",application/pdf,200,R1 pilot corpus; 2 distinct captures of this URL
,https://obr.uk/download/commentary-public-sector-finances-march-2016/,wayback,,,2026-09-29T15:06:44+00:00,,,,,404,no Wayback capture
raw/documents/obr/pilot/psf_commentary/Brief_guide_to_the_public_finances_March_2016.pdf,https://obr.uk/download/commentary-public-sector-finances-march-2016/,wayback-alternate,https://web.archive.org/web/20240623095639id_/https://obr.uk/docs/dlm_uploads/Brief_guide_to_the_public_finances_March_2016.pdf,2024-06-23T09:56:39+00:00,2026-09-29T15:06:51+00:00,a582637f2472da11f8fa30016d5f8442c4ce0f98a04f56c3a7aa610fbfe3e413,852473,"Mon, 18 Jan 2021 11:54:38 GMT",application/pdf,200,"R1 pilot corpus; own link not archived; same document archived under another URL, first pages verified; capture of https://obr.uk/docs/dlm_uploads/Brief_guide_to_the_public_finances_March_2016.pdf; 1 distinct captures of this URL"
,https://obr.uk/download/commentary-public-sector-finances-april-2016/,wayback,,,2026-09-29T15:06:52+00:00,,,,,404,no Wayback capture
raw/documents/obr/pilot/psf_commentary/April-2016-Commentary-on-the-Public-Sector-Finances-release.pdf,https://obr.uk/download/commentary-public-sector-finances-april-2016/,wayback-alternate,https://web.archive.org/web/20170928133730id_/http://budgetresponsibility.org.uk/docs/dlm_uploads/April-2016-Commentary-on-the-Public-Sector-Finances-release.pdf,2017-09-28T13:37:30+00:00,2026-09-29T15:06:59+00:00,7522e5354d5e8436ffa07424d4e725d8273446279aa5e47edf0da8089988e740,116250,"Thu, 21 Apr 2016 11:37:04 GMT",application/pdf,200,"R1 pilot corpus; own link not archived; same document archived under another URL, first pages verified; capture of http://budgetresponsibility.org.uk/docs/dlm_uploads/April-2016-Commentary-on-the-Public-Sector-Finances-release.pdf; 1 distinct captures of this URL"
,https://obr.uk/download/commentary-public-sector-finances-may-2016/,wayback,,,2026-09-29T15:07:01+00:00,,,,,404,no Wayback capture
raw/documents/obr/pilot/psf_commentary/May-2016-Commentary-on-the-Public-Sector-Finances-release.pdf,https://obr.uk/download/commentary-public-sector-finances-may-2016/,wayback-alternate,https://web.archive.org/web/20240624161405id_/https://obr.uk/docs/dlm_uploads/May-2016-Commentary-on-the-Public-Sector-Finances-release.pdf,2024-06-24T16:14:05+00:00,2026-09-29T15:07:08+00:00,83111af29929e48e8d7542de1e60f5ca8ca96acc2eff1066bfa24a892ec01517,120378,"Mon, 18 Jan 2021 11:55:32 GMT",application/pdf,200,"R1 pilot corpus; own link not archived; same document archived under another URL, first pages verified; capture of https://obr.uk/docs/dlm_uploads/May-2016-Commentary-on-the-Public-Sector-Finances-release.pdf; 1 distinct captures of this URL"
,https://obr.uk/download/commentary-public-sector-finances-june-2016/,wayback,,,2026-09-29T15:07:10+00:00,,,,,404,no Wayback capture
raw/documents/obr/pilot/psf_commentary/June-2016-Commentary-on-the-Public-Sector-Finances-release.pdf,https://obr.uk/download/commentary-public-sector-finances-june-2016/,wayback-alternate,https://web.archive.org/web/20240809015237id_/https://obr.uk/docs/dlm_uploads/June-2016-Commentary-on-the-Public-Sector-Finances-release.pdf,2024-08-09T01:52:37+00:00,2026-09-29T15:07:17+00:00,8088cddad1797f682869765b9b580ba2bcbe311a1647e22342318a17e0526a2c,117391,"Mon, 18 Jan 2021 11:55:25 GMT",application/pdf,200,"R1 pilot corpus; own link not archived; same document archived under another URL, first pages verified; capture of https://obr.uk/docs/dlm_uploads/June-2016-Commentary-on-the-Public-Sector-Finances-release.pdf; 1 distinct captures of this URL"
,https://obr.uk/download/commentary-public-sector-finances-july-2016/,wayback,,,2026-09-29T15:07:23+00:00,,,,,404,no Wayback capture
raw/documents/obr/pilot/psf_commentary/July-2016-Commentary-on-the-Public-Sector-Finances-release.pdf,https://obr.uk/download/commentary-public-sector-finances-july-2016/,wayback-alternate,https://web.archive.org/web/20250515224741id_/https://obr.uk/docs/dlm_uploads/July-2016-Commentary-on-the-Public-Sector-Finances-release.pdf,2025-05-15T22:47:41+00:00,2026-09-29T15:07:29+00:00,a0470487bec9e26dbeacf7c86b3c95e915700b0ebbee155c71d816b3f826af55,125155,"Mon, 18 Jan 2021 11:55:18 GMT",application/pdf,200,"R1 pilot corpus; own link not archived; same document archived under another URL, first pages verified; capture of https://obr.uk/docs/dlm_uploads/July-2016-Commentary-on-the-Public-Sector-Finances-release.pdf; 1 distinct captures of this URL"
,https://obr.uk/download/commentary-public-sector-finances-august-2016/,wayback,,,2026-09-29T15:07:30+00:00,,,,,404,no Wayback capture
raw/documents/obr/pilot/psf_commentary/August-2016-Commentary-on-the-Public-Sector-Finances-release.pdf,https://obr.uk/download/commentary-public-sector-finances-august-2016/,wayback-alternate,https://web.archive.org/web/20250521112041id_/https://obr.uk/docs/dlm_uploads/August-2016-Commentary-on-the-Public-Sector-Finances-release.pdf,2025-05-21T11:20:41+00:00,2026-09-29T15:07:36+00:00,876268bca4d69b78a96838d7c86be42074ce6113ee2096a30a5d02317f311e04,123625,"Mon, 18 Jan 2021 11:54:38 GMT",application/pdf,200,"R1 pilot corpus; own link not archived; same document archived under another URL, first pages verified; capture of https://obr.uk/docs/dlm_uploads/August-2016-Commentary-on-the-Public-Sector-Finances-release.pdf; 1 distinct captures of this URL"
,https://obr.uk/download/commentary-public-sector-finances-september-2016/,wayback,,,2026-09-29T15:07:40+00:00,,,,,404,no Wayback capture
raw/documents/obr/pilot/psf_commentary/September-2016-Commentary-on-the-Public-Sector-Finances-release.pdf,https://obr.uk/download/commentary-public-sector-finances-september-2016/,wayback-alternate,https://web.archive.org/web/20240623190830id_/https://obr.uk/docs/dlm_uploads/September-2016-Commentary-on-the-Public-Sector-Finances-release.pdf,2024-06-23T19:08:30+00:00,2026-09-29T15:07:47+00:00,2af54dfcec1d932a675dd20d06c3e842b12e6d8f405e8cbd7c48025522692233,119755,"Mon, 18 Jan 2021 11:55:47 GMT",application/pdf,200,"R1 pilot corpus; own link not archived; same document archived under another URL, first pages verified; capture of https://obr.uk/docs/dlm_uploads/September-2016-Commentary-on-the-Public-Sector-Finances-release.pdf; 1 distinct captures of this URL"
raw/documents/obr/pilot/efo/economic-and-fiscal-outlook-press-notice-november-2016.pdf,https://obr.uk/download/economic-and-fiscal-outlook-press-notice-november-2016/,wayback,https://web.archive.org/web/20220127163925id_/https://obr.uk/download/economic-and-fiscal-outlook-press-notice-november-2016/,2022-01-27T16:39:25+00:00,2026-09-29T15:07:51+00:00,b347021f029ced95256076a502bd375efd3fce2188ec2119c7bb879e54103d63,108813,,application/pdf,200,R1 pilot corpus; 1 distinct captures of this URL
raw/documents/obr/pilot/efo/data-sources-november-2016.xlsx,https://obr.uk/download/data-sources-november-2016/,wayback,https://web.archive.org/web/20220127180919id_/https://obr.uk/download/data-sources-november-2016/,2022-01-27T18:09:19+00:00,2026-09-29T15:07:57+00:00,247487a50a0ac47be10ef46ef5473d48340500bbeec0e8bc14c29f7a03da1e03,76469,,application/vnd.openxmlformats-officedocument.spreadsheetml.sheet,200,R1 pilot corpus; 1 distinct captures of this URL
raw/documents/obr/pilot/efo/log-of-substantive-contact-between-the-obr-and-treasury-ministers-special-advisers-and-their-private-office-staff-november-2016.pdf,https://obr.uk/download/log-of-substantive-contact-between-the-obr-and-treasury-ministers-special-advisers-and-their-private-office-staff-november-2016/,wayback,https://web.archive.org/web/20220307165325id_/https://obr.uk/download/log-of-substantive-contact-between-the-obr-and-treasury-ministers-special-advisers-and-their-private-office-staff-november-2016/,2022-03-07T16:53:25+00:00,2026-09-29T15:08:03+00:00,2b979e9a96cd1b963c21ff5b5d9e4e527012b57b54745bc4d3dbeccbb0accdc6,54744,,application/pdf,200,R1 pilot corpus; 2 distinct captures of this URL
raw/documents/obr/pilot/efo/letter-robert-chote-sir-dave-ramsden-pre-release-access-november-2016-economic-fiscal-outlook.pdf,https://obr.uk/download/letter-robert-chote-sir-dave-ramsden-pre-release-access-november-2016-economic-fiscal-outlook/,wayback,https://web.archive.org/web/20210921234013id_/https://obr.uk/download/letter-robert-chote-sir-dave-ramsden-pre-release-access-november-2016-economic-fiscal-outlook/,2021-09-21T23:40:13+00:00,2026-09-29T15:08:16+00:00,7151d09a412b966be8964cec62fea4d54ae0bfbe4fc642dfbc67a03fd461b4a2,38306,,application/pdf,200,R1 pilot corpus; 1 distinct captures of this URL
raw/documents/obr/pilot/efo/letter-sir-dave-ramsden-robert-chote-pre-release-access-november-2016-economic-fiscal-outlook.pdf,https://obr.uk/download/letter-sir-dave-ramsden-robert-chote-pre-release-access-november-2016-economic-fiscal-outlook/,wayback,https://web.archive.org/web/20210921234519id_/https://obr.uk/download/letter-sir-dave-ramsden-robert-chote-pre-release-access-november-2016-economic-fiscal-outlook/,2021-09-21T23:45:19+00:00,2026-09-29T15:08:23+00:00,f2e7bf747dee9d6977bc78577a84948fb0b08688cc9a34921d0d7a5c811e8775,539932,,application/pdf,200,R1 pilot corpus; 1 distinct captures of this URL
raw/documents/obr/pilot/efo/decomposition-th-referendum-counterfactual.pdf,https://obr.uk/download/decomposition-th-referendum-counterfactual/,wayback,https://web.archive.org/web/20220302134329id_/https://obr.uk/download/decomposition-th-referendum-counterfactual/,2022-03-02T13:43:29+00:00,2026-09-29T15:08:28+00:00,d92fb9cab4eb8feaeffc0cb12d97f2ae99a16f8360a3f601c33e6f3fb7b0ee95,105005,,application/pdf,200,R1 pilot corpus; 2 distinct captures of this URL
raw/documents/obr/pilot/efo/oil-gas-receipts-forecast-changes-diagnostic.pdf,https://obr.uk/download/oil-gas-receipts-forecast-changes-diagnostic/,wayback,https://web.archive.org/web/20220302024615id_/https://obr.uk/download/oil-gas-receipts-forecast-changes-diagnostic/,2022-03-02T02:46:15+00:00,2026-09-29T15:08:34+00:00,36b34ae7b52fc7f72f72eb9e824be03144c7ab315e895790ef60c83946220ff6,58326,,application/pdf,200,R1 pilot corpus; 2 distinct captures of this URL
raw/documents/obr/pilot/efo/alternative-productivity-scenarios-november-2016-economic-fiscal-outlook.xlsx,https://obr.uk/download/alternative-productivity-scenarios-november-2016-economic-fiscal-outlook/,wayback,https://web.archive.org/web/20220302024446id_/https://obr.uk/download/alternative-productivity-scenarios-november-2016-economic-fiscal-outlook/,2022-03-02T02:44:46+00:00,2026-09-29T15:08:44+00:00,318fec28bc3124b52de3c84c6cf8b7494b189bbee141e4b6bddb3a40fd2c5931,123667,,application/vnd.openxmlformats-officedocument.spreadsheetml.sheet,200,R1 pilot corpus; 2 distinct captures of this URL
raw/documents/obr/pilot/efo/economic-and-fiscal-outlook-presentation-slides-november-2016.pdf,https://obr.uk/download/economic-and-fiscal-outlook-presentation-slides-november-2016/,wayback,https://web.archive.org/web/20210922002553id_/https://obr.uk/download/economic-and-fiscal-outlook-presentation-slides-november-2016/,2021-09-22T00:25:53+00:00,2026-09-29T15:08:48+00:00,8ba11a6ab622c244e9d588b85f08d1de66a5943015e037ea7b56abda8c3943f3,429995,,application/pdf,200,R1 pilot corpus; 1 distinct captures of this URL
raw/documents/obr/pilot/efo/economic-and-fiscal-outlook-november-2016.pdf,https://obr.uk/download/economic-and-fiscal-outlook-november-2016/,wayback,https://web.archive.org/web/20220308112948id_/https://obr.uk/download/economic-and-fiscal-outlook-november-2016/,2022-03-08T11:29:48+00:00,2026-09-29T15:08:55+00:00,c81ebdcb6edbed1bc073b27ca083b95da256c984fd6598f5fa500136bbb416b5,2480570,,application/pdf,200,R1 pilot corpus; 4 distinct captures of this URL
raw/documents/obr/pilot/efo/executive-summary-november-2016.pdf,https://obr.uk/download/executive-summary-november-2016/,wayback,https://web.archive.org/web/20210921231152id_/https://obr.uk/download/executive-summary-november-2016/,2021-09-21T23:11:52+00:00,2026-09-29T15:09:00+00:00,50cc5dcbd898edbd5174adcf396be5f729d1603a35040c775dd74a54baf7e806,247252,,application/pdf,200,R1 pilot corpus; 1 distinct captures of this URL
raw/documents/obr/pilot/efo/devolved-taxes-forecast-november-2016.pdf,https://obr.uk/download/devolved-taxes-forecast-november-2016/,wayback,https://web.archive.org/web/20220120020349id_/https://obr.uk/download/devolved-taxes-forecast-november-2016/,2022-01-20T02:03:49+00:00,2026-09-29T15:09:06+00:00,bae88a8b4e572e4d3e24a2aef4f8fee36df7df7d0b9549d066f9b216bc76f929,532811,,application/pdf,200,R1 pilot corpus; 2 distinct captures of this URL
raw/documents/obr/pilot/efo/economic-and-fiscal-outlook-speaking-notes-november-2016.pdf,https://obr.uk/download/economic-and-fiscal-outlook-speaking-notes-november-2016/,wayback,https://web.archive.org/web/20210921222825id_/https://obr.uk/download/economic-and-fiscal-outlook-speaking-notes-november-2016/,2021-09-21T22:28:25+00:00,2026-09-29T15:09:12+00:00,150f331276104c8b0359c57c852e1b69a3ac9da7a5cfe63f714f05944b1089ea,205365,,application/pdf,200,R1 pilot corpus; 1 distinct captures of this URL
,https://obr.uk/download/commentary-public-sector-finances-november-2016/,wayback,,,2026-09-29T15:09:15+00:00,,,,,404,no Wayback capture
,https://obr.uk/download/commentary-public-sector-finances-december-2016/,wayback,,,2026-09-29T15:09:18+00:00,,,,,404,no Wayback capture
raw/documents/obr/pilot/psf_commentary/December-2016-Commentary-on-the-Public-Sector-Finances.pdf,https://obr.uk/download/commentary-public-sector-finances-december-2016/,wayback-alternate,https://web.archive.org/web/20170316083008id_/http://budgetresponsibility.org.uk/docs/December-2016-Commentary-on-the-Public-Sector-Finances.pdf,2017-03-16T08:30:08+00:00,2026-09-29T15:09:24+00:00,d7106d535e95f315553f1730eb4daf052789de90d71e3acb7a02fd1297ad7e34,111523,"Wed, 21 Dec 2016 12:39:29 GMT",application/pdf,200,"R1 pilot corpus; own link not archived; same document archived under another URL, first pages verified; capture of http://budgetresponsibility.org.uk/docs/December-2016-Commentary-on-the-Public-Sector-Finances.pdf; 1 distinct captures of this URL"
raw/documents/obr/pilot/psf_commentary/commentary-public-sector-finances-january-2017.pdf,https://obr.uk/download/commentary-public-sector-finances-january-2017/,wayback,https://web.archive.org/web/20210922002617id_/https://obr.uk/download/commentary-public-sector-finances-january-2017/,2021-09-22T00:26:17+00:00,2026-09-29T15:09:30+00:00,a2bc85d0682d8300dc952eb252105f4d30e24a2e569e021d25ddd0fe218d6f39,126939,,application/pdf,200,R1 pilot corpus; 2 distinct captures of this URL
raw/documents/obr/pilot/efo/log-substantive-contact-obr-treasury-ministers-special-advisers-private-office-staff-23-november-2016-7-march-2017.pdf,https://obr.uk/download/log-substantive-contact-obr-treasury-ministers-special-advisers-private-office-staff-23-november-2016-7-march-2017/,wayback,https://web.archive.org/web/20220307165003id_/https://obr.uk/download/log-substantive-contact-obr-treasury-ministers-special-advisers-private-office-staff-23-november-2016-7-march-2017/,2022-03-07T16:50:03+00:00,2026-09-29T15:09:36+00:00,c9cd28a567989caa4aa1194c508dd4e391c71620f0a666a924b2e27ee80fe75f,51586,,application/pdf,200,R1 pilot corpus; 2 distinct captures of this URL
raw/documents/obr/pilot/efo/business-rates-appeals-march-2017-economic-fiscal-outlook.pdf,https://obr.uk/download/business-rates-appeals-march-2017-economic-fiscal-outlook/,wayback,https://web.archive.org/web/20220302024534id_/https://obr.uk/download/business-rates-appeals-march-2017-economic-fiscal-outlook/,2022-03-02T02:45:34+00:00,2026-09-29T15:09:42+00:00,b3a2f63540e9595e64426a967b2c3b9cd48414a8acd1efe5136af5f669e21669,45232,,application/pdf,200,R1 pilot corpus; 2 distinct captures of this URL
raw/documents/obr/pilot/efo/ExecutiveSummaryMarch2017EFO.pdf,https://obr.uk/download/march-2017-economic-and-fiscal-outlook-executive-summary/,wayback,https://web.archive.org/web/20251211012844id_/https://obr.uk/docs/dlm_uploads/ExecutiveSummaryMarch2017EFO.pdf,2025-12-11T01:28:44+00:00,2026-09-29T15:09:51+00:00,f2035b77fc5cd883e527e302fcf63b27b2c808091542bf3eb4718f1a94e6697a,188265,"Mon, 18 Jan 2021 11:54:58 GMT",application/pdf,200,R1 pilot corpus; 1 distinct captures of this URL
,https://obr.uk/download/economic-and-fiscal-outlook-march-2017/,wayback,https://web.archive.org/web/20220127165655id_/https://obr.uk/download/economic-and-fiscal-outlook-march-2017/,2022-01-27T16:56:55+00:00,2026-09-29T15:09:55+00:00,b136d5523cc62e6d13e70341e7d85cfafceeec14061816281eaf4df88a3f7f8b,1048576,,,invalid,capture rejected: PDF has no end-of-file marker (truncated)
raw/documents/obr/pilot/efo/economic-and-fiscal-outlook-march-2017.pdf,https://obr.uk/download/economic-and-fiscal-outlook-march-2017/,wayback,https://web.archive.org/web/20211126025619id_/https://obr.uk/download/economic-and-fiscal-outlook-march-2017/,2021-11-26T02:56:19+00:00,2026-09-29T15:09:59+00:00,ca4e957b9028d41e918477a4aa5ed131ec84293c92130b73061bceb634905233,2138484,,application/pdf,200,R1 pilot corpus; 3 distinct captures of this URL
raw/documents/obr/pilot/efo/Speaking-note-March-2017.pdf,https://obr.uk/download/march-2017-economic-and-fiscal-outlook-speaking-notes/,wayback,https://web.archive.org/web/20251127151246id_/https://obr.uk/docs/dlm_uploads/Speaking-note-March-2017.pdf,2025-11-27T15:12:46+00:00,2026-09-29T15:10:05+00:00,693ec71aca8c2e8ec71221455084180e1f229f472a1e2aaa4341bdd8f4191156,194469,"Mon, 18 Jan 2021 11:55:47 GMT",application/pdf,200,R1 pilot corpus; 1 distinct captures of this URL
raw/documents/obr/pilot/efo/PN_EFO_Mar2017.pdf,https://obr.uk/download/march-2017-economic-fiscal-outlook-press-notice/,wayback,https://web.archive.org/web/20251130174625id_/https://obr.uk/docs/dlm_uploads/PN_EFO_Mar2017.pdf,2025-11-30T17:46:25+00:00,2026-09-29T15:10:10+00:00,e9b8eac219149af28e20bf3a0cb4068b95cf87c8fa986d71c22f6ef6d6ffa7e8,89586,"Mon, 18 Jan 2021 11:55:39 GMT",application/pdf,200,R1 pilot corpus; 1 distinct captures of this URL
raw/documents/obr/pilot/efo/Data_sources_March_17_EFO.xlsx,https://obr.uk/download/march-2017-economic-fiscal-outlook-data-sources/,wayback,https://web.archive.org/web/20251123121418id_/https://obr.uk/docs/dlm_uploads/Data_sources_March_17_EFO.xlsx,2025-11-23T12:14:18+00:00,2026-09-29T15:10:17+00:00,da84fcbe6920a4bb420e5af4b22ff00941bdd63393de6f7aebe1d6ed7b252222,261846,"Mon, 18 Jan 2021 11:54:45 GMT",application/vnd.openxmlformats-officedocument.spreadsheetml.sheet,200,R1 pilot corpus; 1 distinct captures of this URL
raw/documents/obr/pilot/efo/EFO-briefing-slides-March-2017.pdf,https://obr.uk/download/march-2017-economic-and-fiscal-outlook-presentation-slides/,wayback,https://web.archive.org/web/20251205213208id_/https://obr.uk/docs/dlm_uploads/EFO-briefing-slides-March-2017.pdf,2025-12-05T21:32:08+00:00,2026-09-29T15:10:28+00:00,fa7789b2993743449c6ee2eedc8bfa4d5030339ae9cb7bc58fb88065915cc652,406480,"Mon, 18 Jan 2021 11:54:58 GMT",application/pdf,200,R1 pilot corpus; 1 distinct captures of this URL
raw/documents/obr/pilot/efo/march-2017-devolved-taxes-forecast.pdf,https://obr.uk/download/march-2017-devolved-taxes-forecast/,wayback,https://web.archive.org/web/20220119085749id_/https://obr.uk/download/march-2017-devolved-taxes-forecast/,2022-01-19T08:57:49+00:00,2026-09-29T15:10:32+00:00,b7060b83971c399cd4efd37cfc7fef3549999bc381be3dc441f8651e93a53cb2,610125,,application/pdf,200,R1 pilot corpus; 3 distinct captures of this URL
,https://obr.uk/download/pdf-commentary-public-sector-finances-february-2017/,wayback,,,2026-09-29T15:10:34+00:00,,,,,404,no Wayback capture
,https://obr.uk/download/commentary-public-sector-finances-march-2017/,wayback,,,2026-09-29T15:10:44+00:00,,,,,404,no Wayback capture
raw/documents/obr/pilot/psf_commentary/March-2017-Commentary-on-the-Public-Sector-Finances.pdf,https://obr.uk/download/commentary-public-sector-finances-march-2017/,wayback-alternate,https://web.archive.org/web/20240713131839id_/http://obr.uk/docs/dlm_uploads/March-2017-Commentary-on-the-Public-Sector-Finances.pdf,2024-07-13T13:18:39+00:00,2026-09-29T15:10:53+00:00,bcf5c354d7bfdf97d16012a3ab129d099be7fc7604108fe2d53ea0356b8cfe31,119016,"Mon, 18 Jan 2021 11:55:25 GMT",application/pdf,200,"R1 pilot corpus; own link not archived; same document archived under another URL, first pages verified; capture of https://obr.uk/docs/dlm_uploads/March-2017-Commentary-on-the-Public-Sector-Finances.pdf; 2 distinct captures of this URL"
raw/documents/obr/pilot/psf_commentary/commentary-public-sector-finances-april-2017.pdf,https://obr.uk/download/commentary-public-sector-finances-april-2017/,wayback,https://web.archive.org/web/20210921223112id_/https://obr.uk/download/commentary-public-sector-finances-april-2017/,2021-09-21T22:31:12+00:00,2026-09-29T15:10:58+00:00,b83b1f8cc9e6589f7f224b6c2fd2c35277edf2e43d80a282133e684fc41a18f0,119702,,application/pdf,200,R1 pilot corpus; 1 distinct captures of this URL
raw/documents/obr/pilot/psf_commentary/commentary-public-sector-finances-may-2017.pdf,https://obr.uk/download/commentary-public-sector-finances-may-2017/,wayback,https://web.archive.org/web/20210921233623id_/https://obr.uk/download/commentary-public-sector-finances-may-2017/,2021-09-21T23:36:23+00:00,2026-09-29T15:11:04+00:00,502b3b0a41c3408398be46d78090580a4307ddaa12a0d89fdfcd3e3c295e096e,111144,,application/pdf,200,R1 pilot corpus; 1 distinct captures of this URL
,https://obr.uk/download/commentary-public-sector-finances-june-2017/,wayback,,,2026-09-29T15:11:05+00:00,,,,,404,no Wayback capture
,https://obr.uk/download/commentary-public-sector-finances-july-2017/,wayback,,,2026-09-29T15:11:15+00:00,,,,,404,no Wayback capture
raw/documents/obr/pilot/psf_commentary/July-2017-Commentary-on-the-Public-Sector-Finances.pdf,https://obr.uk/download/commentary-public-sector-finances-july-2017/,wayback-alternate,https://web.archive.org/web/20240616081219id_/https://obr.uk/docs/dlm_uploads/July-2017-Commentary-on-the-Public-Sector-Finances.pdf,2024-06-16T08:12:19+00:00,2026-09-29T15:11:22+00:00,fb14dbf610ec65bc4eb7ebbffdea03c99eacc8c20db4de1518213e8327a944a0,109874,"Mon, 18 Jan 2021 11:55:18 GMT",application/pdf,200,"R1 pilot corpus; own link not archived; same document archived under another URL, first pages verified; capture of https://obr.uk/docs/dlm_uploads/July-2017-Commentary-on-the-Public-Sector-Finances.pdf; 1 distinct captures of this URL"
raw/documents/obr/pilot/psf_commentary/commentary-public-sector-finances-august-2017.pdf,https://obr.uk/download/commentary-public-sector-finances-august-2017/,wayback,https://web.archive.org/web/20210921230631id_/https://obr.uk/download/commentary-public-sector-finances-august-2017/,2021-09-21T23:06:31+00:00,2026-09-29T15:11:28+00:00,85af607289c3f5f8e37547feb75730352edcebb31d40bb85ee272cfa2174aefd,139352,,application/pdf,200,R1 pilot corpus; 1 distinct captures of this URL
raw/documents/obr/pilot/psf_commentary/commentary-public-sector-finances-september-2017.pdf,https://obr.uk/download/commentary-public-sector-finances-september-2017/,wayback,https://web.archive.org/web/20210921233314id_/https://obr.uk/download/commentary-public-sector-finances-september-2017/,2021-09-21T23:33:14+00:00,2026-09-29T15:11:34+00:00,dc0d0f022ed5f9128e0d6e0f6ce3b8b5b99676c12cb1e1fd89c268f1715d282f,128908,,application/pdf,200,R1 pilot corpus; 1 distinct captures of this URL
,https://obr.uk/download/november-2017-economic-fiscal-outlook-data-sources/,wayback,,,2026-09-29T15:11:36+00:00,,,,,404,no Wayback capture
,https://obr.uk/download/economic-fiscal-outlook-presentation-slides-november-2017/,wayback,,,2026-09-29T15:11:39+00:00,,,,,404,no Wayback capture
,http://budgetresponsibility.org.uk:80/docs/dlm_uploads/EFONov2017slides.pdf,wayback,,,2026-09-29T15:11:42+00:00,,,,,404,no Wayback capture
,https://obr.uk//docs/dlm_uploads/EFONov2017slides.pdf,wayback,https://web.archive.org/web/20220627063432id_/https://obr.uk//docs/dlm_uploads/EFONov2017slides.pdf,2022-06-27T06:34:32+00:00,2026-09-29T15:11:49+00:00,215f437fcfb7dae735de0cb38874d729e5fe3970e10fa08e611edf0f4a883261,465483,,,invalid,capture rejected: content check failed
raw/documents/obr/pilot/efo/housing-supply-forecast-november-2017-economic-fiscal-outlook.xlsx,https://obr.uk/download/housing-supply-forecast-november-2017-economic-fiscal-outlook/,wayback,https://web.archive.org/web/20220302134654id_/https://obr.uk/download/housing-supply-forecast-november-2017-economic-fiscal-outlook/,2022-03-02T13:46:54+00:00,2026-09-29T15:11:55+00:00,32d985ed50a5bc8a7b7f633ada4f38dce561ed8c1e5008000b5fdd154a188f18,126264,,application/vnd.openxmlformats-officedocument.spreadsheetml.sheet,200,R1 pilot corpus; 2 distinct captures of this URL
raw/documents/obr/pilot/efo/log-substantive-contact-obr-treasury-ministers-special-advisers-private-office-staff-8-march-2017-21-november-2017.pdf,https://obr.uk/download/log-substantive-contact-obr-treasury-ministers-special-advisers-private-office-staff-8-march-2017-21-november-2017/,wayback,https://web.archive.org/web/20220307165212id_/https://obr.uk/download/log-substantive-contact-obr-treasury-ministers-special-advisers-private-office-staff-8-march-2017-21-november-2017/,2022-03-07T16:52:12+00:00,2026-09-29T15:12:01+00:00,200b7a0b6e547088b56bab7a98e2d117ebd86057eba7e0fee26605e74bc50fc1,63638,,application/pdf,200,R1 pilot corpus; 1 distinct captures of this URL
raw/documents/obr/pilot/efo/november-2017-economic-fiscal-outlook-speaking-notes.pdf,https://obr.uk/download/november-2017-economic-fiscal-outlook-speaking-notes/,wayback,https://web.archive.org/web/20210922002528id_/https://obr.uk/download/november-2017-economic-fiscal-outlook-speaking-notes/,2021-09-22T00:25:28+00:00,2026-09-29T15:12:07+00:00,a872c58b3013c24df6e72c8c8e62a93841e33241fd37ecba0c733d3b7c740a2a,239656,,application/pdf,200,R1 pilot corpus; 1 distinct captures of this URL
raw/documents/obr/pilot/efo/november-2017-devolved-taxes-forecast.pdf,https://obr.uk/download/november-2017-devolved-taxes-forecast/,wayback,https://web.archive.org/web/20220119123001id_/https://obr.uk/download/november-2017-devolved-taxes-forecast/,2022-01-19T12:30:01+00:00,2026-09-29T15:12:13+00:00,8ab0dc88599ed05ca5d20fdac4e0d7fcd97b839fec122522a8191587b0288d72,676449,,application/pdf,200,R1 pilot corpus; 3 distinct captures of this URL
raw/documents/obr/pilot/efo/household-debt-servicing-costs-november-2017-economic-fiscal-outlook.xlsx,https://obr.uk/download/household-debt-servicing-costs-november-2017-economic-fiscal-outlook/,wayback,https://web.archive.org/web/20220302134240id_/https://obr.uk/download/household-debt-servicing-costs-november-2017-economic-fiscal-outlook/,2022-03-02T13:42:40+00:00,2026-09-29T15:12:19+00:00,4bd47660fad650961e90ce58b4abe36fb232848e38f58dbd0cf79678e80aaf53,81474,,application/vnd.openxmlformats-officedocument.spreadsheetml.sheet,200,R1 pilot corpus; 2 distinct captures of this URL
raw/documents/obr/pilot/efo/economic-and-fiscal-outlook-november-2017.pdf,https://obr.uk/download/economic-and-fiscal-outlook-november-2017/,wayback,https://web.archive.org/web/20220307094205id_/https://obr.uk/download/economic-and-fiscal-outlook-november-2017/,2022-03-07T09:42:05+00:00,2026-09-29T15:12:27+00:00,47e590ef5cc24e75c2a045ef70a23a1842e8224fbbd6365627f7056b72bab898,2181666,,application/pdf,200,R1 pilot corpus; 4 distinct captures of this URL
,https://obr.uk/download/november-2017-economic-and-fiscal-outlook-executive-summary/,wayback,,,2026-09-29T15:12:28+00:00,,,,,404,no Wayback capture
raw/documents/obr/pilot/efo/EFO_Nov17PN7429.pdf,https://obr.uk/download/november-2017-economic-fiscal-outlook-press-notice/,wayback,https://web.archive.org/web/20220517230529id_/https://obr.uk//docs/dlm_uploads/EFO_Nov17PN7429.pdf,2022-05-17T23:05:29+00:00,2026-09-29T15:12:35+00:00,0ec30bc6c9631dc5ad9e860479543efd9df3e499ab45167be63ad8018c1a0c3a,96301,"Mon, 18 Jan 2021 11:54:58 GMT",application/pdf,200,R1 pilot corpus; 2 distinct captures of this URL
raw/documents/obr/pilot/psf_commentary/commentary-public-sector-finances-november-2017.pdf,https://obr.uk/download/commentary-public-sector-finances-november-2017/,wayback,https://web.archive.org/web/20210921223538id_/https://obr.uk/download/commentary-public-sector-finances-november-2017/,2021-09-21T22:35:38+00:00,2026-09-29T15:12:40+00:00,26b558b8697f534569181900dd9d149b5d71ea4e5fdb99644c93ac0ad9c2fc38,248561,,application/pdf,200,R1 pilot corpus; 1 distinct captures of this URL
,https://obr.uk/download/commentary-public-sector-finances-december-2017/,wayback,,,2026-09-29T15:12:43+00:00,,,,,404,no Wayback capture
,https://obr.uk/download/commentary-public-sector-finances-january-2018/,wayback,,,2026-09-29T15:12:52+00:00,,,,,404,no Wayback capture
raw/documents/obr/pilot/psf_commentary/Jan-2018-Commentary-on-the-Public-Sector-Finances.pdf,https://obr.uk/download/commentary-public-sector-finances-january-2018/,wayback-alternate,https://web.archive.org/web/20240330112933id_/https://obr.uk/docs/dlm_uploads/Jan-2018-Commentary-on-the-Public-Sector-Finances.pdf,2024-03-30T11:29:33+00:00,2026-09-29T15:12:58+00:00,d87f449f14e7efa08d56d25181e581c1229fc2cb6b2b99af3fdaf11ecf5fd891,129609,"Mon, 18 Jan 2021 11:55:18 GMT",application/pdf,200,"R1 pilot corpus; own link not archived; same document archived under another URL, first pages verified; capture of https://obr.uk/docs/dlm_uploads/Jan-2018-Commentary-on-the-Public-Sector-Finances.pdf; 1 distinct captures of this URL"
raw/documents/obr/pilot/efo/march-2018-economic-and-fiscal-outlook-presentation-slides.pdf,https://obr.uk/download/march-2018-economic-and-fiscal-outlook-presentation-slides/,wayback,https://web.archive.org/web/20210921233235id_/https://obr.uk/download/march-2018-economic-and-fiscal-outlook-presentation-slides/,2021-09-21T23:32:35+00:00,2026-09-29T15:13:05+00:00,9b292303e51a386f250ec76e43f4a61c5e1d51426b24ff8f33065fc9b9c7dd50,644871,,application/pdf,200,R1 pilot corpus; 2 distinct captures of this URL
raw/documents/obr/pilot/efo/DataSources_March_18_EFO.xlsx,https://obr.uk/download/march-2018-economic-fiscal-outlook-data-sources/,wayback,https://web.archive.org/web/20190324005341id_/https://obr.uk/docs/dlm_uploads/DataSources_March_18_EFO.xlsx,2019-03-24T00:53:41+00:00,2026-09-29T15:13:11+00:00,0880a83f5160b6a9604ba471e569d90ba5753a6482d88164db395d7b9124c3b7,56653,"Fri, 23 Mar 2018 12:23:48 GMT",application/vnd.openxmlformats-officedocument.spreadsheetml.sheet,200,R1 pilot corpus; 1 distinct captures of this URL
raw/documents/obr/pilot/efo/march-2018-devolved-tax-and-spending-forecasts.pdf,https://obr.uk/download/march-2018-devolved-tax-and-spending-forecasts/,wayback,https://web.archive.org/web/20211016171627id_/https://obr.uk/download/march-2018-devolved-tax-and-spending-forecasts/,2021-10-16T17:16:27+00:00,2026-09-29T15:13:17+00:00,14dc93ab3b170261e840eec8fd29bd03adec0dcb5d813075d78040816a29e078,812455,,application/pdf,200,R1 pilot corpus; 2 distinct captures of this URL
raw/documents/obr/pilot/efo/log-of-substantive-contact-between-the-obr-and-treasury-ministers-special-advisers-and-their-private-office-staff-between-22-november-2017-and-12-marc.pdf,https://obr.uk/download/log-of-substantive-contact-between-the-obr-and-treasury-ministers-special-advisers-and-their-private-office-staff-between-22-november-2017-and-12-march-2018/,wayback,https://web.archive.org/web/20220307165659id_/https://obr.uk/download/log-of-substantive-contact-between-the-obr-and-treasury-ministers-special-advisers-and-their-private-office-staff-between-22-november-2017-and-12-march-2018/,2022-03-07T16:56:59+00:00,2026-09-29T15:13:22+00:00,f6db6faafb55e74730507f7b4ec60f248b84278f8e222c2f126645be2160a1a8,63419,,application/pdf,200,R1 pilot corpus; 2 distinct captures of this URL
raw/documents/obr/pilot/efo/march-2018-economic-and-fiscal-outlook-press-notice.pdf,https://obr.uk/download/march-2018-economic-and-fiscal-outlook-press-notice/,wayback,https://web.archive.org/web/20220307171805id_/https://obr.uk/download/march-2018-economic-and-fiscal-outlook-press-notice/,2022-03-07T17:18:05+00:00,2026-09-29T15:13:29+00:00,fcd2d727d9a234837f67c29af174c4803dfb3083518334c6b9a5bef584042769,352875,,application/pdf,200,R1 pilot corpus; 2 distinct captures of this URL
,https://obr.uk/download/economic-and-fiscal-outlook-march-2018/,wayback,https://web.archive.org/web/20220127180523id_/https://obr.uk/download/economic-and-fiscal-outlook-march-2018/,2022-01-27T18:05:23+00:00,2026-09-29T15:13:35+00:00,1716a2258712ba0ecd1e298896d0bb241ad22aacd6dfb46b0b76bd00414621ec,1048576,,,invalid,capture rejected: PDF has no end-of-file marker (truncated)
,https://obr.uk/download/economic-and-fiscal-outlook-march-2018/,wayback,https://web.archive.org/web/20231209024639id_/https://obr.uk/docs/dlm_uploads/EFO-MaRch_2018.pdf,2023-12-09T02:46:39+00:00,2026-09-29T15:13:38+00:00,1716a2258712ba0ecd1e298896d0bb241ad22aacd6dfb46b0b76bd00414621ec,1048576,,,invalid,capture rejected: PDF has no end-of-file marker (truncated)
raw/documents/obr/pilot/efo/EFO-MaRch_2018.pdf,https://obr.uk/download/economic-and-fiscal-outlook-march-2018/,wayback,https://web.archive.org/web/20220423081714id_/http://obr.uk/docs/dlm_uploads/EFO-MaRch_2018.pdf,2022-04-23T08:17:14+00:00,2026-09-29T15:13:42+00:00,7e67a5991b92aee8c501d5dd6fbc4091595a03e547d4b0d333e44af7e46c7377,2608529,"Mon, 18 Jan 2021 11:54:58 GMT",application/pdf,200,R1 pilot corpus; 3 distinct captures of this URL
raw/documents/obr/pilot/efo/march-2018-economic-and-fiscal-outlook-executive-summary.pdf,https://obr.uk/download/march-2018-economic-and-fiscal-outlook-executive-summary/,wayback,https://web.archive.org/web/20201111214433id_/https://obr.uk/download/march-2018-economic-and-fiscal-outlook-executive-summary/,2020-11-11T21:44:33+00:00,2026-09-29T15:13:46+00:00,c2356ab036445b108b7fe1768a30ddb2f22b5bc5281587e4715be87ea4375469,167664,,application/pdf,200,R1 pilot corpus; 2 distinct captures of this URL
raw/documents/obr/pilot/efo/march-2018-economic-and-fiscal-outlook-speaking-notes.pdf,https://obr.uk/download/march-2018-economic-and-fiscal-outlook-speaking-notes/,wayback,https://web.archive.org/web/20220127165007id_/https://obr.uk/download/march-2018-economic-and-fiscal-outlook-speaking-notes/,2022-01-27T16:50:07+00:00,2026-09-29T15:13:53+00:00,efbff952eaa9b7ccf6df52df411f936636be4cdfbe153c4450f6340026a24543,887226,,application/pdf,200,R1 pilot corpus; 2 distinct captures of this URL
,https://obr.uk/download/commentary-public-sector-finances-february-2018/,wayback,,,2026-09-29T15:13:59+00:00,,,,,404,no Wayback capture
raw/documents/obr/pilot/psf_commentary/Feb-2018-Commentary-on-the-Public-Sector-Finances.pdf,https://obr.uk/download/commentary-public-sector-finances-february-2018/,wayback-alternate,https://web.archive.org/web/20240623132014id_/https://obr.uk/docs/dlm_uploads/Feb-2018-Commentary-on-the-Public-Sector-Finances.pdf,2024-06-23T13:20:14+00:00,2026-09-29T15:14:03+00:00,f3796651c6011f97e227985f33ad9acd9d8bf1861275062489ee7b242122975d,272131,"Mon, 18 Jan 2021 11:54:58 GMT",application/pdf,200,"R1 pilot corpus; own link not archived; same document archived under another URL, first pages verified; capture of https://obr.uk/docs/dlm_uploads/Feb-2018-Commentary-on-the-Public-Sector-Finances.pdf; 1 distinct captures of this URL"
,https://obr.uk/download/commentary-public-sector-finances-march-2018/,wayback,,,2026-09-29T15:14:05+00:00,,,,,404,no Wayback capture
raw/documents/obr/pilot/psf_commentary/Mar-2018-Commentary-on-the-Public-Sector-Finances.Final_.pdf,https://obr.uk/download/commentary-public-sector-finances-march-2018/,wayback-alternate,https://web.archive.org/web/20240623194958id_/https://obr.uk/docs/dlm_uploads/Mar-2018-Commentary-on-the-Public-Sector-Finances.Final_.pdf,2024-06-23T19:49:58+00:00,2026-09-29T15:14:13+00:00,8fa7e677a008f541c928e09e920696f504c91969597d607d6989d6b3ee2b401d,272616,"Mon, 18 Jan 2021 11:55:25 GMT",application/pdf,200,"R1 pilot corpus; own link not archived; same document archived under another URL, first pages verified; capture of https://obr.uk/docs/dlm_uploads/Mar-2018-Commentary-on-the-Public-Sector-Finances.Final_.pdf; 1 distinct captures of this URL"
,https://obr.uk/download/commentary-public-sector-finances-april-2018/,wayback,,,2026-09-29T15:14:20+00:00,,,,,404,no Wayback capture
raw/documents/obr/pilot/psf_commentary/April-2018-Commentary-on-the-Public-Sector-Finances.pdf,https://obr.uk/download/commentary-public-sector-finances-april-2018/,wayback-alternate,https://web.archive.org/web/20240623222130id_/https://obr.uk/docs/dlm_uploads/April-2018-Commentary-on-the-Public-Sector-Finances.pdf,2024-06-23T22:21:30+00:00,2026-09-29T15:14:24+00:00,9f7eeb4b65ed026edeea464c235070ed41d690acb9c0b1888c190289a698076e,119809,"Mon, 18 Jan 2021 11:54:38 GMT",application/pdf,200,"R1 pilot corpus; own link not archived; same document archived under another URL, first pages verified; capture of https://obr.uk/docs/dlm_uploads/April-2018-Commentary-on-the-Public-Sector-Finances.pdf; 1 distinct captures of this URL"
,https://obr.uk/download/commentary-public-sector-finances-may-2018/,wayback,,,2026-09-29T15:14:28+00:00,,,,,404,no Wayback capture
raw/documents/obr/pilot/psf_commentary/July-2018-Commentary-on-the-Public-Sector-Finances.Final_.pdf,https://obr.uk/download/commentary-public-sector-finances-june-2018/,wayback,https://web.archive.org/web/20190117202256id_/https://obr.uk/docs/dlm_uploads/July-2018-Commentary-on-the-Public-Sector-Finances.Final_.pdf,2019-01-17T20:22:56+00:00,2026-09-29T15:14:34+00:00,047a3c8984068dec73365fb1d7bc237a079e28e479dcb1c4cef03a2f42d7a99a,116973,"Fri, 20 Jul 2018 10:36:23 GMT",application/pdf,200,R1 pilot corpus; 1 distinct captures of this URL
,https://obr.uk/download/commentary-public-sector-finances-july-2018/,wayback,,,2026-09-29T15:14:37+00:00,,,,,404,no Wayback capture
,https://obr.uk/download/commentary-public-sector-finances-august-2018/,wayback,,,2026-09-29T15:14:50+00:00,,,,,404,no Wayback capture
raw/documents/obr/pilot/psf_commentary/August-2018-Commentary-on-the-Public-Sector-Finances.Final_.pdf,https://obr.uk/download/commentary-public-sector-finances-august-2018/,wayback-alternate,https://web.archive.org/web/20250507082530id_/http://obr.uk/docs/dlm_uploads/August-2018-Commentary-on-the-Public-Sector-Finances.Final_.pdf,2025-05-07T08:25:30+00:00,2026-09-29T15:14:54+00:00,f3a85d62b9a08f8d80720aa32047ce05632aaeb69912f5afbdeb42b58bb76d8f,116911,"Mon, 18 Jan 2021 11:54:38 GMT",application/pdf,200,"R1 pilot corpus; own link not archived; same document archived under another URL, first pages verified; capture of http://obr.uk/docs/dlm_uploads/August-2018-Commentary-on-the-Public-Sector-Finances.Final_.pdf; 1 distinct captures of this URL"
raw/documents/obr/pilot/efo/log-of-substantive-contact-between-the-obr-and-treasury-ministers-special-advisers-and-their-private-office-staff-between-13-march-2018-and-28-october.pdf,https://obr.uk/download/log-of-substantive-contact-between-the-obr-and-treasury-ministers-special-advisers-and-their-private-office-staff-between-13-march-2018-and-28-october-2018/,wayback,https://web.archive.org/web/20220302134736id_/https://obr.uk/download/log-of-substantive-contact-between-the-obr-and-treasury-ministers-special-advisers-and-their-private-office-staff-between-13-march-2018-and-28-october-2018/,2022-03-02T13:47:36+00:00,2026-09-29T15:14:59+00:00,61a5ffbe93dcc704a03a6a5dd0b98e8b014fd6dfc8584e14991ed11248a79a3f,63699,,application/pdf,200,R1 pilot corpus; 2 distinct captures of this URL
,https://obr.uk/download/economic-and-fiscal-outlook-october-2018/,wayback,https://web.archive.org/web/20220127171508id_/https://obr.uk/download/economic-and-fiscal-outlook-october-2018/,2022-01-27T17:15:08+00:00,2026-09-29T15:15:22+00:00,96f6caf73b9e0541b42a9652e4a4e67707acf8df6b470ffe1b32911a6f7f31e9,1048576,,,invalid,capture rejected: PDF has no end-of-file marker (truncated)
raw/documents/obr/pilot/efo/economic-and-fiscal-outlook-october-2018.pdf,https://obr.uk/download/economic-and-fiscal-outlook-october-2018/,wayback,https://web.archive.org/web/20220119035355id_/https://obr.uk/download/economic-and-fiscal-outlook-october-2018/,2022-01-19T03:53:55+00:00,2026-09-29T15:15:25+00:00,d52b4ea6ce1995552a698cdb5b81d3b972a7a0c12ac6ff95090ab5c0864c2726,2564920,,application/pdf,200,R1 pilot corpus; 4 distinct captures of this URL
raw/documents/obr/pilot/efo/october-2018-devolved-tax-and-spending-forecasts.pdf,https://obr.uk/download/october-2018-devolved-tax-and-spending-forecasts/,wayback,https://web.archive.org/web/20211016191851id_/https://obr.uk/download/october-2018-devolved-tax-and-spending-forecasts/,2021-10-16T19:18:51+00:00,2026-09-29T15:15:32+00:00,d4c175f4b66efdca9c1c819792b4ea8cfbccdfccae3776d50fe7f14a0b06d832,842285,,application/pdf,200,R1 pilot corpus; 1 distinct captures of this URL
,https://obr.uk/download/economic-and-fiscal-outlook-speaking-notes-october-2018/,wayback,,,2026-09-29T15:15:35+00:00,,,,,404,no Wayback capture
,https://obr.uk//docs/dlm_uploads/Speaking_note_October_2018.pdf,wayback,https://web.archive.org/web/20220627063402id_/https://obr.uk//docs/dlm_uploads/Speaking_note_October_2018.pdf,2022-06-27T06:34:02+00:00,2026-09-29T15:15:40+00:00,09dcd898c93b3d2ab6dd9fc196d5209a8cf5ee4be4e9cb2459b524effdf7323d,800993,,,invalid,capture rejected: content check failed
,https://obr.uk/download/october-2018-economic-fiscal-outlook-student-entrants-forecast-methodology-change/,wayback,,,2026-09-29T15:15:43+00:00,,,,,404,no Wayback capture
raw/documents/obr/pilot/efo/october-2018-economic-and-fiscal-outlook-executive-summary.pdf,https://obr.uk/download/october-2018-economic-and-fiscal-outlook-executive-summary/,wayback,https://web.archive.org/web/20201109011352id_/https://obr.uk/download/october-2018-economic-and-fiscal-outlook-executive-summary/,2020-11-09T01:13:52+00:00,2026-09-29T15:15:49+00:00,1218a4ccfcf7676a26b00885702b34addbcb656a019dcce34513a5d62823b4db,164863,,application/pdf,200,R1 pilot corpus; 2 distinct captures of this URL
raw/documents/obr/pilot/efo/october-2018-economic-and-fiscal-outlook-press-notice.pdf,https://obr.uk/download/october-2018-economic-and-fiscal-outlook-press-notice/,wayback,https://web.archive.org/web/20220302135036id_/https://obr.uk/download/october-2018-economic-and-fiscal-outlook-press-notice/,2022-03-02T13:50:36+00:00,2026-09-29T15:15:56+00:00,771168f180b08ba640910f7cd5dae45d2bb05ddd0b199777fdc4771605ec9283,375032,,application/pdf,200,R1 pilot corpus; 1 distinct captures of this URL
raw/documents/obr/pilot/efo/economic-and-fiscal-outlook-presentation-slides-october-2018.pdf,https://obr.uk/download/economic-and-fiscal-outlook-presentation-slides-october-2018/,wayback,https://web.archive.org/web/20210921224139id_/https://obr.uk/download/economic-and-fiscal-outlook-presentation-slides-october-2018/,2021-09-21T22:41:39+00:00,2026-09-29T15:16:01+00:00,d91d554c0e3c7606543dd9a41e6d82c902c3891a70c3fe32b2afd67fac197409,458822,,application/pdf,200,R1 pilot corpus; 1 distinct captures of this URL
raw/documents/obr/pilot/efo/october-2018-economic-fiscal-outlook-hmrc-tax-reliefs.pdf,https://obr.uk/download/october-2018-economic-fiscal-outlook-hmrc-tax-reliefs/,wayback,https://web.archive.org/web/20220302024720id_/https://obr.uk/download/october-2018-economic-fiscal-outlook-hmrc-tax-reliefs/,2022-03-02T02:47:20+00:00,2026-09-29T15:16:08+00:00,5255c967fb1a0992b44b999ae42299bbd0bcb02e5bd8e2c1fa2f2dce8d33f411,68964,,application/pdf,200,R1 pilot corpus; 1 distinct captures of this URL
raw/documents/obr/pilot/efo/october-2018-economic-fiscal-outlook-marriage-allowance.pdf,https://obr.uk/download/october-2018-economic-fiscal-outlook-marriage-allowance/,wayback,https://web.archive.org/web/20220302024438id_/https://obr.uk/download/october-2018-economic-fiscal-outlook-marriage-allowance/,2022-03-02T02:44:38+00:00,2026-09-29T15:16:13+00:00,b71ae1e308158df7cb83d82c340da34dc65b9e2effe0cfd8f4180a51938d59e1,48628,,application/pdf,200,R1 pilot corpus; 2 distinct captures of this URL
,https://obr.uk/download/commentary-public-sector-finances-september-2018/,wayback,,,2026-09-29T15:16:15+00:00,,,,,404,no Wayback capture
raw/documents/obr/pilot/psf_commentary/Sep-2018-Commentary-on-the-Public-Sector-Finances.Final_.pdf,https://obr.uk/download/commentary-public-sector-finances-september-2018/,wayback-alternate,https://web.archive.org/web/20240624012912id_/https://obr.uk/docs/Sep-2018-Commentary-on-the-Public-Sector-Finances.Final_.pdf,2024-06-24T01:29:12+00:00,2026-09-29T15:16:22+00:00,af8cf96a64eeb8ffbfc124c032b9bebcede2a114b3051b572be0f4ca057dc35d,219093,"Mon, 18 Jan 2021 11:54:20 GMT",application/pdf,200,"R1 pilot corpus; own link not archived; same document archived under another URL, first pages verified; capture of https://obr.uk/docs/Sep-2018-Commentary-on-the-Public-Sector-Finances.Final_.pdf; 1 distinct captures of this URL"
,https://obr.uk/download/commentary-public-sector-finances-october-2018/,wayback,,,2026-09-29T15:16:25+00:00,,,,,404,no Wayback capture
raw/documents/obr/pilot/psf_commentary/Oct-2018-Commentary-on-the-Public-Sector-Finances.pdf,https://obr.uk/download/commentary-public-sector-finances-october-2018/,wayback-alternate,https://web.archive.org/web/20231205214521id_/https://obr.uk/docs/dlm_uploads/Oct-2018-Commentary-on-the-Public-Sector-Finances.pdf,2023-12-05T21:45:21+00:00,2026-09-29T15:16:31+00:00,f67c31218ff2bd0daf9159970542c35704c6df6860f2f51bdc4a3a48536d3082,261719,"Mon, 18 Jan 2021 11:55:39 GMT",application/pdf,200,"R1 pilot corpus; own link not archived; same document archived under another URL, first pages verified; capture of https://obr.uk/docs/dlm_uploads/Oct-2018-Commentary-on-the-Public-Sector-Finances.pdf; 1 distinct captures of this URL"
,https://obr.uk/download/commentary-public-sector-finances-november-2018/,wayback,,,2026-09-29T15:16:34+00:00,,,,,404,no Wayback capture
raw/documents/obr/pilot/psf_commentary/November-2018-Commentary-on-the-Public-Finances.pdf,https://obr.uk/download/commentary-public-sector-finances-november-2018/,wayback-alternate,https://web.archive.org/web/20240623231309id_/https://obr.uk/docs/dlm_uploads/November-2018-Commentary-on-the-Public-Finances.pdf,2024-06-23T23:13:09+00:00,2026-09-29T15:16:41+00:00,717d906a1a3db3e4d32b5633f810cce3411455f00b80198d3fc71e97c9914400,258993,"Mon, 18 Jan 2021 11:55:32 GMT",application/pdf,200,"R1 pilot corpus; own link not archived; same document archived under another URL, first pages verified; capture of https://obr.uk/docs/dlm_uploads/November-2018-Commentary-on-the-Public-Finances.pdf; 1 distinct captures of this URL"
,https://obr.uk/download/commentary-public-sector-finances-december-2018/,wayback,,,2026-09-29T15:16:43+00:00,,,,,404,no Wayback capture
raw/documents/obr/pilot/psf_commentary/December-2018-Commentary-on-the-Public-Finances.pdf,https://obr.uk/download/commentary-public-sector-finances-december-2018/,wayback-alternate,https://web.archive.org/web/20240623133325id_/https://obr.uk/docs/dlm_uploads/December-2018-Commentary-on-the-Public-Finances.pdf,2024-06-23T13:33:25+00:00,2026-09-29T15:16:49+00:00,a938330d0b2ffa41a86d2bff04e151e44a96dd3cb6ee4e8618c957395e560520,153381,"Mon, 18 Jan 2021 11:54:52 GMT",application/pdf,200,"R1 pilot corpus; own link not archived; same document archived under another URL, first pages verified; capture of https://obr.uk/docs/dlm_uploads/December-2018-Commentary-on-the-Public-Finances.pdf; 1 distinct captures of this URL"
raw/documents/obr/pilot/psf_commentary/commentary-public-sector-finances-january-2019.pdf,https://obr.uk/download/commentary-public-sector-finances-january-2019/,wayback,https://web.archive.org/web/20210723154814id_/https://obr.uk/download/commentary-public-sector-finances-january-2019/,2021-07-23T15:48:14+00:00,2026-09-29T15:16:56+00:00,8c1856752047ba0b26111ab4a6343a56313f058963ec7aa9d82f84be039691c7,159359,,application/pdf,200,R1 pilot corpus; 1 distinct captures of this URL
raw/documents/obr/pilot/efo/vat-standard-rated-share-march-2019-economic-fiscal-outlook.pdf,https://obr.uk/download/vat-standard-rated-share-march-2019-economic-fiscal-outlook/,wayback,https://web.archive.org/web/20220302024635id_/https://obr.uk/download/vat-standard-rated-share-march-2019-economic-fiscal-outlook/,2022-03-02T02:46:35+00:00,2026-09-29T15:17:11+00:00,c7798f58e1b46f62642bc65c2ece364d116c7cb94feaa3155a51731497174037,54695,,application/pdf,200,R1 pilot corpus; 2 distinct captures of this URL
raw/documents/obr/pilot/efo/economic-fiscal-outlook-presentation-slides-march-2019.pdf,https://obr.uk/download/economic-fiscal-outlook-presentation-slides-march-2019/,wayback,https://web.archive.org/web/20210723153214id_/https://obr.uk/download/economic-fiscal-outlook-presentation-slides-march-2019/,2021-07-23T15:32:14+00:00,2026-09-29T15:17:15+00:00,e38bc323f8428db3f57aa4726cffeeb5ba083bffa86cf6a9d655cc8aa745f367,401771,,application/pdf,200,R1 pilot corpus; 2 distinct captures of this URL
raw/documents/obr/pilot/efo/march-2019-devolved-tax-and-spending-forecasts.pdf,https://obr.uk/download/march-2019-devolved-tax-and-spending-forecasts/,wayback,https://web.archive.org/web/20210723153637id_/https://obr.uk/download/march-2019-devolved-tax-and-spending-forecasts/,2021-07-23T15:36:37+00:00,2026-09-29T15:17:23+00:00,c52f0121545e3869e082a43beae36cf2b647982921e95ab706157de691e43197,907949,,application/pdf,200,R1 pilot corpus; 3 distinct captures of this URL
raw/documents/obr/pilot/efo/log-of-substantive-contact-between-the-office-for-budget-responsibility-and-treasury-ministers-and-their-special-advisers-and-private-office-staff-bet.pdf,https://obr.uk/download/log-of-substantive-contact-between-the-office-for-budget-responsibility-and-treasury-ministers-and-their-special-advisers-and-private-office-staff-between-29-october-2018-and-12-march-2019/,wayback,https://web.archive.org/web/20220307165230id_/https://obr.uk/download/log-of-substantive-contact-between-the-office-for-budget-responsibility-and-treasury-ministers-and-their-special-advisers-and-private-office-staff-between-29-october-2018-and-12-march-2019/,2022-03-07T16:52:30+00:00,2026-09-29T15:17:27+00:00,d44099446e57b0a0a69c9239eed357c4efd5ecca1a2b1d6c57b3034f4a4b4672,63237,,application/pdf,200,R1 pilot corpus; 2 distinct captures of this URL
raw/documents/obr/pilot/efo/direct-fiscal-consequences-unconventional-monetary-policies.pdf,https://obr.uk/download/direct-fiscal-consequences-unconventional-monetary-policies/,wayback,https://web.archive.org/web/20220302024504id_/https://obr.uk/download/direct-fiscal-consequences-unconventional-monetary-policies/,2022-03-02T02:45:04+00:00,2026-09-29T15:17:33+00:00,a1bb415fb691b99d3afd46e15dbf2057064390655fbe4a8a8a21582a05e09c5f,350745,,application/pdf,200,R1 pilot corpus; 2 distinct captures of this URL
,https://obr.uk/download/economic-and-fiscal-outlook-march-2019/,wayback,https://web.archive.org/web/20240914143102id_/https://obr.uk/docs/dlm_uploads/March-2019_EFO_Web-Accessible.pdf,2024-09-14T14:31:02+00:00,2026-09-29T15:17:41+00:00,d40f6d8e62dbaa712718c1174dca0d4524ee0c802a70f79d88a1dd26482063e5,1048576,,,invalid,capture rejected: PDF has no end-of-file marker (truncated)
raw/documents/obr/pilot/efo/March-2019_EFO_Web-Accessible.pdf,https://obr.uk/download/economic-and-fiscal-outlook-march-2019/,wayback,https://web.archive.org/web/20220901220505id_/https://obr.uk//docs/dlm_uploads/March-2019_EFO_Web-Accessible.pdf,2022-09-01T22:05:05+00:00,2026-09-29T15:17:43+00:00,ead40b79539eca420713c54557864b54d10426f82c3624f9df3fe9c145559385,3865816,"Mon, 18 Jan 2021 11:55:32 GMT",application/pdf,200,R1 pilot corpus; 2 distinct captures of this URL
raw/documents/obr/pilot/efo/march-2019-economic-and-fiscal-outlook-press-notice.pdf,https://obr.uk/download/march-2019-economic-and-fiscal-outlook-press-notice/,wayback,https://web.archive.org/web/20220302134902id_/https://obr.uk/download/march-2019-economic-and-fiscal-outlook-press-notice/,2022-03-02T13:49:02+00:00,2026-09-29T15:17:48+00:00,332c0e26e0040ec1f58f13e2a087fe6567f93acaad5cc44b732b2b43c5d5509f,379474,,application/pdf,200,R1 pilot corpus; 2 distinct captures of this URL
raw/documents/obr/pilot/efo/march-2019-economic-and-fiscal-outlook-executive-summary.pdf,https://obr.uk/download/march-2019-economic-and-fiscal-outlook-executive-summary/,wayback,https://web.archive.org/web/20211016174748id_/https://obr.uk/download/march-2019-economic-and-fiscal-outlook-executive-summary/,2021-10-16T17:47:48+00:00,2026-09-29T15:17:54+00:00,2b8c3a678bcbc6c1d11994db7b066e47fd62d8d007c0b77e85a00ee044d507a9,161728,,application/pdf,200,R1 pilot corpus; 2 distinct captures of this URL
raw/documents/obr/pilot/efo/economic-fiscal-outlook-speaking-notes-march-2019.pdf,https://obr.uk/download/economic-fiscal-outlook-speaking-notes-march-2019/,wayback,https://web.archive.org/web/20211016185546id_/https://obr.uk/download/economic-fiscal-outlook-speaking-notes-march-2019/,2021-10-16T18:55:46+00:00,2026-09-29T15:18:00+00:00,5837edc0d806b09a35d0d25274994c30e9085bee1b66274db340b3c7eaaf506b,766225,,application/pdf,200,R1 pilot corpus; 2 distinct captures of this URL
,https://obr.uk/download/commentary-public-sector-finances-february-2019/,wayback,,,2026-09-29T15:18:06+00:00,,,,,404,no Wayback capture
raw/documents/obr/pilot/psf_commentary/February-2019-Commentary-on-the-Public-Finances.pdf,https://obr.uk/download/commentary-public-sector-finances-february-2019/,wayback-alternate,https://web.archive.org/web/20240625022446id_/https://obr.uk/docs/dlm_uploads/February-2019-Commentary-on-the-Public-Finances.pdf,2024-06-25T02:24:46+00:00,2026-09-29T15:18:10+00:00,afc8e4b9478dde4569f08e8eaa1135464362396c6a9d543c61d37c07aff80471,153795,"Mon, 18 Jan 2021 11:54:58 GMT",application/pdf,200,"R1 pilot corpus; own link not archived; same document archived under another URL, first pages verified; capture of https://obr.uk/docs/dlm_uploads/February-2019-Commentary-on-the-Public-Finances.pdf; 1 distinct captures of this URL"
,https://obr.uk/download/commentary-public-sector-finances-march-2019/,wayback,,,2026-09-29T15:18:15+00:00,,,,,404,no Wayback capture
raw/documents/obr/pilot/psf_commentary/Brief_guide_to_the_public_finances_March_2019.pdf,https://obr.uk/download/commentary-public-sector-finances-march-2019/,wayback-alternate,https://web.archive.org/web/20240914141643id_/https://obr.uk/docs/dlm_uploads/Brief_guide_to_the_public_finances_March_2019.pdf,2024-09-14T14:16:43+00:00,2026-09-29T15:18:20+00:00,0fbc446dc49538bc8001642a2779db514043fce0ac7676704261daaff87d539b,369498,"Mon, 18 Jan 2021 11:54:38 GMT",application/pdf,200,"R1 pilot corpus; own link not archived; same document archived under another URL, first pages verified; capture of https://obr.uk/docs/dlm_uploads/Brief_guide_to_the_public_finances_March_2019.pdf; 1 distinct captures of this URL"
raw/documents/obr/pilot/psf_commentary/commentary-public-sector-finances-april-2019.pdf,https://obr.uk/download/commentary-public-sector-finances-april-2019/,wayback,https://web.archive.org/web/20210921230935id_/https://obr.uk/download/commentary-public-sector-finances-april-2019/,2021-09-21T23:09:35+00:00,2026-09-29T15:18:25+00:00,a44eb020f795c35fe922412f901aaac937df49f3af470a0f145c99ede1221ce5,154714,,application/pdf,200,R1 pilot corpus; 2 distinct captures of this URL
raw/documents/obr/pilot/psf_commentary/commentary-public-sector-finances-may-2019.pdf,https://obr.uk/download/commentary-public-sector-finances-may-2019/,wayback,https://web.archive.org/web/20210308201349id_/https://obr.uk/download/commentary-public-sector-finances-may-2019/,2021-03-08T20:13:49+00:00,2026-09-29T15:18:32+00:00,27136c2f963251397bad8b7b966a8b343001a6b17c7280641f8c0cdf14b17d59,154687,,application/pdf,200,R1 pilot corpus; 2 distinct captures of this URL
raw/documents/obr/pilot/psf_commentary/commentary-public-sector-finances-june-2019.pdf,https://obr.uk/download/commentary-public-sector-finances-june-2019/,wayback,https://web.archive.org/web/20210921230847id_/https://obr.uk/download/commentary-public-sector-finances-june-2019/,2021-09-21T23:08:47+00:00,2026-09-29T15:18:37+00:00,01e53fa0f33942a7fe716b0b90be709539a90b3760150cf889ea35e0187211eb,153189,,application/pdf,200,R1 pilot corpus; 2 distinct captures of this URL
raw/documents/obr/pilot/psf_commentary/commentary-public-sector-finances-july-2019.pdf,https://obr.uk/download/commentary-public-sector-finances-july-2019/,wayback,https://web.archive.org/web/20210921232205id_/https://obr.uk/download/commentary-public-sector-finances-july-2019/,2021-09-21T23:22:05+00:00,2026-09-29T15:18:43+00:00,c7ff3fdc6525deb90c48c09b8dbb3f7090a5778eb9f869d451e41b06f257784c,159645,,application/pdf,200,R1 pilot corpus; 2 distinct captures of this URL
raw/documents/obr/pilot/psf_commentary/commentary-public-sector-finances-august-2019.pdf,https://obr.uk/download/commentary-public-sector-finances-august-2019/,wayback,https://web.archive.org/web/20210921224506id_/https://obr.uk/download/commentary-public-sector-finances-august-2019/,2021-09-21T22:45:06+00:00,2026-09-29T15:18:49+00:00,365226e4d0b5a5ca98d172fe4ed9e70be102e64e8a5420b2812de4916803971e,145552,,application/pdf,200,R1 pilot corpus; 2 distinct captures of this URL
raw/documents/obr/pilot/psf_commentary/October-2019-Commentary-on-the-Public-Finances.pdf,https://obr.uk/download/commentary-public-sector-finances-september-2019/,wayback,https://web.archive.org/web/20200512165746id_/https://obr.uk/docs/dlm_uploads/October-2019-Commentary-on-the-Public-Finances.pdf,2020-05-12T16:57:46+00:00,2026-09-29T15:18:56+00:00,d6b544f054e7877096ff85f60663e81d13a531e865d5e3361c2266446b3d77e6,140166,"Tue, 22 Oct 2019 14:04:43 GMT",application/pdf,200,R1 pilot corpus; 1 distinct captures of this URL
raw/documents/obr/pilot/psf_commentary/commentary-public-sector-finances-october-2019.pdf,https://obr.uk/download/commentary-public-sector-finances-october-2019/,wayback,https://web.archive.org/web/20210921222919id_/https://obr.uk/download/commentary-public-sector-finances-october-2019/,2021-09-21T22:29:19+00:00,2026-09-29T15:19:01+00:00,996c082a12b7e57d34c39e530845330778f3bee36d9a70cf737075dd4ee4899c,304374,,application/pdf,200,R1 pilot corpus; 2 distinct captures of this URL
raw/documents/obr/pilot/psf_commentary/commentary-public-sector-finances-november-2019.pdf,https://obr.uk/download/commentary-public-sector-finances-november-2019/,wayback,https://web.archive.org/web/20210922001646id_/https://obr.uk/download/commentary-public-sector-finances-november-2019/,2021-09-22T00:16:46+00:00,2026-09-29T15:19:09+00:00,5459fef63c396e801397a1e64e1de123eefae0cf7c89c5046c28438409ed9ce6,158819,,application/pdf,200,R1 pilot corpus; 2 distinct captures of this URL
raw/documents/obr/pilot/psf_commentary/Jan-2020-PSF-Commentary.pdf,https://obr.uk/download/commentary-public-sector-finances-december-2019/,wayback,https://web.archive.org/web/20200513042729id_/https://obr.uk/docs/Jan-2020-PSF-Commentary.pdf,2020-05-13T04:27:29+00:00,2026-09-29T15:19:16+00:00,e64dc5de2a50b329ae0102571c93068d1198d66b0079a127aa61b7a564ab09af,162349,"Wed, 22 Jan 2020 12:18:53 GMT",application/pdf,200,R1 pilot corpus; 1 distinct captures of this URL
raw/documents/obr/pilot/psf_commentary/February-2020-Commentary-on-the-Public-Finances-1.pdf,https://obr.uk/download/commentary-public-sector-finances-january-2020/,wayback,https://web.archive.org/web/20200512221410id_/https://obr.uk/docs/dlm_uploads/February-2020-Commentary-on-the-Public-Finances-1.pdf,2020-05-12T22:14:10+00:00,2026-09-29T15:19:21+00:00,1cb4f246f3459579192da1558b7bb4332a34fed28714b6a9bcecd38b7789a88b,156983,"Fri, 21 Feb 2020 15:42:22 GMT",application/pdf,200,R1 pilot corpus; 1 distinct captures of this URL
raw/documents/obr/pilot/efo/economic-and-fiscal-outlook-presentation-slides-march-2020.pdf,https://obr.uk/download/economic-and-fiscal-outlook-presentation-slides-march-2020/,wayback,https://web.archive.org/web/20220307172522id_/https://obr.uk/download/economic-and-fiscal-outlook-presentation-slides-march-2020/,2022-03-07T17:25:22+00:00,2026-09-29T15:19:27+00:00,ded063d4fe93afbb2d0cafe2ccc8cf8c4e8efd398a6a5d84c67276418bba297c,613670,,application/pdf,200,R1 pilot corpus; 2 distinct captures of this URL
raw/documents/obr/pilot/efo/log-of-substantive-contact-between-the-obr-and-treasury-ministers-special-advisers-and-their-private-office-staff-between-13-march-2019-and-10-march-2.pdf,https://obr.uk/download/log-of-substantive-contact-between-the-obr-and-treasury-ministers-special-advisers-and-their-private-office-staff-between-13-march-2019-and-10-march-2020/,wayback,https://web.archive.org/web/20220307165315id_/https://obr.uk/download/log-of-substantive-contact-between-the-obr-and-treasury-ministers-special-advisers-and-their-private-office-staff-between-13-march-2019-and-10-march-2020/,2022-03-07T16:53:15+00:00,2026-09-29T15:19:32+00:00,0fd02eacf8c4a7cc099563dcff8a89714de1d3741a8791ecb9b3e71ba951217b,78364,,application/pdf,200,R1 pilot corpus; 2 distinct captures of this URL
raw/documents/obr/pilot/efo/march-2020-devolved-tax-and-spending-forecasts.pdf,https://obr.uk/download/march-2020-devolved-tax-and-spending-forecasts/,wayback,https://web.archive.org/web/20220204144227id_/https://obr.uk/download/march-2020-devolved-tax-and-spending-forecasts/,2022-02-04T14:42:27+00:00,2026-09-29T15:19:39+00:00,07d80bd87e1eb87b30df9fd91154b20e197dbe3c8fed8e7f7212ea026479699b,539138,,application/pdf,200,R1 pilot corpus; 3 distinct captures of this URL
raw/documents/obr/pilot/efo/march-2020-economic-and-fiscal-outlook-press-notice.pdf,https://obr.uk/download/march-2020-economic-and-fiscal-outlook-press-notice/,wayback,https://web.archive.org/web/20220302135047id_/https://obr.uk/download/march-2020-economic-and-fiscal-outlook-press-notice/,2022-03-02T13:50:47+00:00,2026-09-29T15:19:44+00:00,7f398e167aa11d3eeecf29fb7e218f0c73c72ed84091d7bca843ca63c599d77a,384619,,application/pdf,200,R1 pilot corpus; 2 distinct captures of this URL
raw/documents/obr/pilot/efo/economic-and-fiscal-outlook-speaking-notes-march-2020.pdf,https://obr.uk/download/economic-and-fiscal-outlook-speaking-notes-march-2020/,wayback,https://web.archive.org/web/20220302135104id_/https://obr.uk/download/economic-and-fiscal-outlook-speaking-notes-march-2020/,2022-03-02T13:51:04+00:00,2026-09-29T15:19:58+00:00,6182564ca38760f6f65e49e8ed0c8169287bd0339138cf401b9df8c27db6c650,656307,,application/pdf,200,R1 pilot corpus; 2 distinct captures of this URL
raw/documents/obr/pilot/efo/economic-and-fiscal-outlook-march-2020.pdf,https://obr.uk/download/economic-and-fiscal-outlook-march-2020/,wayback,https://web.archive.org/web/20220202052922id_/https://obr.uk/download/economic-and-fiscal-outlook-march-2020/,2022-02-02T05:29:22+00:00,2026-09-29T15:20:03+00:00,b5c8aab430e346bbadaee19dd3332416be8e6780e98725d02313f37304078ef7,2564204,,application/pdf,200,R1 pilot corpus; 4 distinct captures of this URL
raw/documents/obr/pilot/efo/march-2020-economic-and-fiscal-outlook-executive-summary.pdf,https://obr.uk/download/march-2020-economic-and-fiscal-outlook-executive-summary/,wayback,https://web.archive.org/web/20220127174428id_/https://obr.uk/download/march-2020-economic-and-fiscal-outlook-executive-summary/,2022-01-27T17:44:28+00:00,2026-09-29T15:20:09+00:00,db781345f7fab99bbc6df6e55c19700a6f8f8777ada8c27aa5f7698f4db8dbcf,189706,,application/pdf,200,R1 pilot corpus; 2 distinct captures of this URL
raw/documents/obr/pilot/psf_commentary/Mar-2020-PSF-Commentary.pdf,https://obr.uk/download/commentary-public-sector-finances-february-2020/,wayback,https://web.archive.org/web/20200512165233id_/https://obr.uk/docs/Mar-2020-PSF-Commentary.pdf,2020-05-12T16:52:33+00:00,2026-09-29T15:20:15+00:00,57abadc2547e38f9f33242f933fc28a5c6ca79a3b9230e854e2e0513a5f5d1b5,117499,"Fri, 20 Mar 2020 12:58:46 GMT",application/pdf,200,R1 pilot corpus; 1 distinct captures of this URL
,https://obr.uk/download/commentary-public-sector-finances-march-2020/,wayback,https://web.archive.org/web/20210713064645id_/https://obr.uk/download/commentary-public-sector-finances-march-2020/,2021-07-13T06:46:45+00:00,2026-09-29T15:20:20+00:00,458dcf363cc9787247b4e68468c03d156de558d0710988636af3b5a33dec81ec,183439,,,invalid,capture rejected: PDF has no end-of-file marker (truncated)
raw/documents/obr/pilot/psf_commentary/Apr-2020-PSF-Commentary.pdf,https://obr.uk/download/commentary-public-sector-finances-march-2020/,wayback,https://web.archive.org/web/20230126142151id_/https://obr.uk/docs/Apr-2020-PSF-Commentary.pdf,2023-01-26T14:21:51+00:00,2026-09-29T15:20:30+00:00,67d7be3a079a7abdb4ae2406e4a2b43cbe6401dfe4db97b5a84ebfddffc87f03,258405,"Mon, 18 Jan 2021 11:53:12 GMT",application/pdf,200,R1 pilot corpus; 3 distinct captures of this URL
,https://obr.uk/download/commentary-public-sector-finances-april-2020/,wayback,https://web.archive.org/web/20220301221213id_/https://obr.uk/download/commentary-public-sector-finances-april-2020/,2022-03-01T22:12:13+00:00,2026-09-29T15:20:35+00:00,4dac14fb089624f720ef209c7095b9404a5c8b002fec742a7e9f08702496e11b,149219,,,invalid,capture rejected: PDF has no end-of-file marker (truncated)
,https://obr.uk/download/commentary-public-sector-finances-may-2020/,wayback,https://web.archive.org/web/20220302134647id_/https://obr.uk/download/commentary-public-sector-finances-may-2020/,2022-03-02T13:46:47+00:00,2026-09-29T15:20:49+00:00,2e199a1ebe38a47643fbc2c18ce1229af95aa758675276211580307e94f5db22,179339,,,invalid,capture rejected: PDF has no end-of-file marker (truncated)
raw/documents/obr/pilot/psf_commentary/June-2020-Commentary-on-the-public-sector-finances.pdf,https://obr.uk/download/commentary-public-sector-finances-may-2020/,wayback,https://web.archive.org/web/20200715202050id_/https://obr.uk/docs/June-2020-Commentary-on-the-public-sector-finances.pdf,2020-07-15T20:20:50+00:00,2026-09-29T15:20:57+00:00,f35936c1fc499ad0d4e152ae2a9646553f99461c5837e9d26c1276c28d7ca2a5,179339,"Fri, 19 Jun 2020 11:55:59 GMT",application/pdf,200,R1 pilot corpus; 3 distinct captures of this URL
raw/documents/obr/pilot/psf_commentary/July-2020-PSF-Commentary.pdf,https://obr.uk/download/commentary-public-sector-finances-june-2020/,wayback,https://web.archive.org/web/20220307173933id_/https://obr.uk/docs/July-2020-PSF-Commentary.pdf,2022-03-07T17:39:33+00:00,2026-09-29T15:21:02+00:00,77b24c3a61668bb611851ca63ee98d0a66abbf2babe032a385fc063b7a05f641,446226,"Mon, 18 Jan 2021 11:53:54 GMT",application/pdf,200,R1 pilot corpus; 1 distinct captures of this URL
raw/documents/obr/pilot/psf_commentary/August-2020-PSF-Commentary.pdf,https://obr.uk/download/commentary-on-the-public-sector-finances-july-2020/,wayback,https://web.archive.org/web/20220301221246id_/https://obr.uk/docs/August-2020-PSF-Commentary.pdf,2022-03-01T22:12:46+00:00,2026-09-29T15:21:09+00:00,51a4409abc70a5fe1838266c4196694eef0c30f4548c3bdc5c20245f4bc9baff,371329,"Mon, 18 Jan 2021 11:53:12 GMT",application/pdf,200,R1 pilot corpus; 1 distinct captures of this URL
raw/documents/obr/pilot/psf_commentary/September-2020-PSF-Commentary.pdf,https://obr.uk/download/commentary-on-the-public-sector-finances-august-2020/,wayback,https://web.archive.org/web/20220301221423id_/https://obr.uk/docs/September-2020-PSF-Commentary.pdf,2022-03-01T22:14:23+00:00,2026-09-29T15:21:14+00:00,4b5a649d84a3eb66d350df8683b0e789d0a46ed333073e5fd029b0b73e9ff5fe,359936,"Mon, 18 Jan 2021 11:54:32 GMT",application/pdf,200,R1 pilot corpus; 1 distinct captures of this URL
raw/documents/obr/pilot/psf_commentary/October-2020-PSF-Commentary.pdf,https://obr.uk/download/commentary-on-the-public-sector-finances-september-2020/,wayback,https://web.archive.org/web/20220307170207id_/https://obr.uk/docs/October-2020-PSF-Commentary.pdf,2022-03-07T17:02:07+00:00,2026-09-29T15:21:21+00:00,0a5f3aeffa0a7c585f7408b07c1c9ddd3f5ebe2af8379f49066cb2f34b252fa6,357034,"Mon, 18 Jan 2021 11:54:32 GMT",application/pdf,200,R1 pilot corpus; 2 distinct captures of this URL
raw/documents/obr/pilot/efo/november-2020-economic-and-fiscal-outlook-executive-summary.pdf,https://obr.uk/download/november-2020-economic-and-fiscal-outlook-executive-summary/,wayback,https://web.archive.org/web/20210304052831id_/https://obr.uk/download/november-2020-economic-and-fiscal-outlook-executive-summary/,2021-03-04T05:28:31+00:00,2026-09-29T15:21:26+00:00,51b929cdeb9132ee8c08fcd6fc3cb45957359564b6a1522028a8bd25cb054a1d,271757,,application/pdf,200,R1 pilot corpus; 2 distinct captures of this URL
raw/documents/obr/pilot/efo/log-of-substantive-contact-between-the-obr-and-treasury-ministers-special-advisers-and-their-private-office-staff-between-14-july-and-24-november-2020.pdf,https://obr.uk/download/log-of-substantive-contact-between-the-obr-and-treasury-ministers-special-advisers-and-their-private-office-staff-between-14-july-and-24-november-2020/,wayback,https://web.archive.org/web/20220307171537id_/https://obr.uk/download/log-of-substantive-contact-between-the-obr-and-treasury-ministers-special-advisers-and-their-private-office-staff-between-14-july-and-24-november-2020/,2022-03-07T17:15:37+00:00,2026-09-29T15:21:32+00:00,7dab40c7754dd7ca6f9ca137df85b3914e05e03206a1309a06b010eeffb83d84,87612,,application/pdf,200,R1 pilot corpus; 2 distinct captures of this URL
raw/documents/obr/pilot/efo/november-2020-economic-and-fiscal-outlook-press-notice.pdf,https://obr.uk/download/november-2020-economic-and-fiscal-outlook-press-notice/,wayback,https://web.archive.org/web/20210723152525id_/https://obr.uk/download/november-2020-economic-and-fiscal-outlook-press-notice/,2021-07-23T15:25:25+00:00,2026-09-29T15:21:38+00:00,96ce59cf2786bdb5ba2e51a1ab3160c93de7682e844933524d0a8fab556d7c7d,177855,,application/pdf,200,R1 pilot corpus; 2 distinct captures of this URL
raw/documents/obr/pilot/efo/november-2020-devolved-tax-and-spending-forecasts.pdf,https://obr.uk/download/november-2020-devolved-tax-and-spending-forecasts/,wayback,https://web.archive.org/web/20220121033254id_/https://obr.uk/download/november-2020-devolved-tax-and-spending-forecasts/,2022-01-21T03:32:54+00:00,2026-09-29T15:21:44+00:00,ed23bcec28f2b9336985c285e0407f9986c0bbb78633ef54e810039287aef2bb,543564,,application/pdf,200,R1 pilot corpus; 3 distinct captures of this URL
raw/documents/obr/pilot/efo/november-2020-economic-and-fiscal-outlook-presentation-slides.pdf,https://obr.uk/download/november-2020-economic-and-fiscal-outlook-presentation-slides/,wayback,https://web.archive.org/web/20220307172011id_/https://obr.uk/download/november-2020-economic-and-fiscal-outlook-presentation-slides/,2022-03-07T17:20:11+00:00,2026-09-29T15:21:50+00:00,9d42749aa2b84c734604ee286d260ee24351607409c315c5fc296f2ab9451387,532088,,application/pdf,200,R1 pilot corpus; 2 distinct captures of this URL
raw/documents/obr/pilot/efo/economic-and-fiscal-outlook-november-2020.pdf,https://obr.uk/download/economic-and-fiscal-outlook-november-2020/,wayback,https://web.archive.org/web/20220305183620id_/https://obr.uk/download/economic-and-fiscal-outlook-november-2020/,2022-03-05T18:36:20+00:00,2026-09-29T15:21:59+00:00,b14e1d99a35163d385d5028990638423b61baf06bde104a7f29764e98e9a7ca5,2136442,,application/pdf,200,R1 pilot corpus; 4 distinct captures of this URL
raw/documents/obr/pilot/efo/november-2020-economic-and-fiscal-outlook-speaking-notes.pdf,https://obr.uk/download/november-2020-economic-and-fiscal-outlook-speaking-notes/,wayback,https://web.archive.org/web/20220302134928id_/https://obr.uk/download/november-2020-economic-and-fiscal-outlook-speaking-notes/,2022-03-02T13:49:28+00:00,2026-09-29T15:22:05+00:00,dabb7b55233e3da8196013a0199abb2a2a55784e615d20ce7416a2bc57881ecc,333649,,application/pdf,200,R1 pilot corpus; 2 distinct captures of this URL
raw/documents/obr/pilot/psf_commentary/commentary-on-the-public-sector-finances-november-2020.pdf,https://obr.uk/download/commentary-on-the-public-sector-finances-november-2020/,wayback,https://web.archive.org/web/20220127164012id_/https://obr.uk/download/commentary-on-the-public-sector-finances-november-2020/,2022-01-27T16:40:12+00:00,2026-09-29T15:22:22+00:00,eff402e670cc52b7d5b3b889c7f7593ccec5c3aa442873ae06aca05c53cd9c61,218650,,application/pdf,200,R1 pilot corpus; 2 distinct captures of this URL
raw/documents/obr/pilot/psf_commentary/commentary-on-the-public-sector-finances-december-2020.pdf,https://obr.uk/download/commentary-on-the-public-sector-finances-december-2020/,wayback,https://web.archive.org/web/20220301221118id_/https://obr.uk/download/commentary-on-the-public-sector-finances-december-2020/,2022-03-01T22:11:18+00:00,2026-09-29T15:22:28+00:00,0846660883db784abc2f2832d419a823c890381666ec87f3cfade9babba86084,343648,,application/pdf,200,R1 pilot corpus; 2 distinct captures of this URL
raw/documents/obr/pilot/psf_commentary/commentary-on-the-public-sector-finances-january-2021.pdf,https://obr.uk/download/commentary-on-the-public-sector-finances-january-2021/,wayback,https://web.archive.org/web/20220127182836id_/https://obr.uk/download/commentary-on-the-public-sector-finances-january-2021/,2022-01-27T18:28:36+00:00,2026-09-29T15:22:33+00:00,737e6fb040932b9b9fc134c989336e1f4baa3587c381a05a0955d54c33835c89,120544,,application/pdf,200,R1 pilot corpus; 1 distinct captures of this URL
raw/documents/obr/pilot/efo/log-of-substantive-contact-between-the-obr-and-treasury-ministers-special-advisers-and-their-private-office-staff-between-25-november-2020-and-2-march.pdf,https://obr.uk/download/log-of-substantive-contact-between-the-obr-and-treasury-ministers-special-advisers-and-their-private-office-staff-between-25-november-2020-and-2-march-2021/,wayback,https://web.archive.org/web/20220307165207id_/https://obr.uk/download/log-of-substantive-contact-between-the-obr-and-treasury-ministers-special-advisers-and-their-private-office-staff-between-25-november-2020-and-2-march-2021/,2022-03-07T16:52:07+00:00,2026-09-29T15:22:40+00:00,f58d4b6bdf6630a79ad08a7fc83a92962c1b9dcf0eae36617bae5549c345a856,169232,,application/pdf,200,R1 pilot corpus; 1 distinct captures of this URL
raw/documents/obr/pilot/efo/march-2021-economic-and-fiscal-outlook-fuel-duty.pdf,https://obr.uk/download/march-2021-economic-and-fiscal-outlook-fuel-duty/,wayback,https://web.archive.org/web/20220307165408id_/https://obr.uk/download/march-2021-economic-and-fiscal-outlook-fuel-duty/,2022-03-07T16:54:08+00:00,2026-09-29T15:22:46+00:00,9f7ec49440f66b34f1646128e09245e42232ad480070fae32f098fb3b7d1c83f,89715,,application/pdf,200,R1 pilot corpus; 2 distinct captures of this URL
raw/documents/obr/pilot/efo/economic-and-fiscal-outlook-presentation-slides-march-2021.pdf,https://obr.uk/download/economic-and-fiscal-outlook-presentation-slides-march-2021/,wayback,https://web.archive.org/web/20220302135034id_/https://obr.uk/download/economic-and-fiscal-outlook-presentation-slides-march-2021/,2022-03-02T13:50:34+00:00,2026-09-29T15:22:53+00:00,1c938585eda2259a5db00927dde806a236858c8e5f71fca8e65c38632b39a2b6,841154,,application/pdf,200,R1 pilot corpus; 2 distinct captures of this URL
raw/documents/obr/pilot/efo/economic-and-fiscal-outlook-speaking-notes-march-2021.pdf,https://obr.uk/download/economic-and-fiscal-outlook-speaking-notes-march-2021/,wayback,https://web.archive.org/web/20211016190752id_/https://obr.uk/download/economic-and-fiscal-outlook-speaking-notes-march-2021/,2021-10-16T19:07:52+00:00,2026-09-29T15:22:58+00:00,6c81a89a2bed9bf835ffb84302919800728aae5721d8c04630b3c3694248657e,684503,,application/pdf,200,R1 pilot corpus; 2 distinct captures of this URL
raw/documents/obr/pilot/efo/march-2021-devolved-tax-and-spending-forecasts.pdf,https://obr.uk/download/march-2021-devolved-tax-and-spending-forecasts/,wayback,https://web.archive.org/web/20210723164718id_/https://obr.uk/download/march-2021-devolved-tax-and-spending-forecasts/,2021-07-23T16:47:18+00:00,2026-09-29T15:23:04+00:00,1797b3338f54b5d798acea74a39dd34bf5db86595073ec7ec09264eec1529906,726836,,application/pdf,200,R1 pilot corpus; 2 distinct captures of this URL
,https://obr.uk/download/economic-and-fiscal-outlook-march-2021/,wayback,https://web.archive.org/web/20210421045251id_/https://obr.uk/download/economic-and-fiscal-outlook-march-2021/,2021-04-21T04:52:51+00:00,2026-09-29T15:23:15+00:00,e6ec52fd1cbb45bfc38c2ff8e8d3ac78190ddc3d622a472095df61037422bf58,1048576,,,invalid,capture rejected: PDF has no end-of-file marker (truncated)
raw/documents/obr/pilot/efo/economic-and-fiscal-outlook-march-2021.pdf,https://obr.uk/download/economic-and-fiscal-outlook-march-2021/,wayback,https://web.archive.org/web/20210312180533id_/https://obr.uk/download/economic-and-fiscal-outlook-march-2021/,2021-03-12T18:05:33+00:00,2026-09-29T15:23:18+00:00,6a77e7b92ee5058749a1f0256104f37c10e8c0dbf161505b5f93e56de16855c3,2095617,,application/pdf,200,R1 pilot corpus; 5 distinct captures of this URL
raw/documents/obr/pilot/efo/march-2021-economic-and-fiscal-outlook-cjrs.pdf,https://obr.uk/download/march-2021-economic-and-fiscal-outlook-cjrs/,wayback,https://web.archive.org/web/20220302024534id_/https://obr.uk/download/march-2021-economic-and-fiscal-outlook-cjrs/,2022-03-02T02:45:34+00:00,2026-09-29T15:23:23+00:00,cf674e198330ebb19c0517eca3efb1c3863380a87dcf99d55c6727695dd096cf,77737,,application/pdf,200,R1 pilot corpus; 2 distinct captures of this URL
raw/documents/obr/pilot/efo/march-2021-economic-and-fiscal-outlook-eu-financial-settlement.pdf,https://obr.uk/download/march-2021-economic-and-fiscal-outlook-eu-financial-settlement/,wayback,https://web.archive.org/web/20220307165825id_/https://obr.uk/download/march-2021-economic-and-fiscal-outlook-eu-financial-settlement/,2022-03-07T16:58:25+00:00,2026-09-29T15:23:29+00:00,fb560d9e2e23cb2690f89ce7eb592fbcd247f0f402c7716c4ddcdb8b87eb0193,93515,,application/pdf,200,R1 pilot corpus; 2 distinct captures of this URL
raw/documents/obr/pilot/efo/march-2021-economic-and-fiscal-outlook-state-pension-underpayment-correction.pdf,https://obr.uk/download/march-2021-economic-and-fiscal-outlook-state-pension-underpayment-correction/,wayback,https://web.archive.org/web/20210401104448id_/https://obr.uk/download/march-2021-economic-and-fiscal-outlook-state-pension-underpayment-correction/,2021-04-01T10:44:48+00:00,2026-09-29T15:23:37+00:00,56d52a4094ca7673d66d600256ac403ebcd7643411715df1312a1b4ad18cf710,102838,,application/pdf,200,R1 pilot corpus; 2 distinct captures of this URL
raw/documents/obr/pilot/efo/march-2021-economic-and-fiscal-outlook-executive-summary.pdf,https://obr.uk/download/march-2021-economic-and-fiscal-outlook-executive-summary/,wayback,https://web.archive.org/web/20210420045325id_/https://obr.uk/download/march-2021-economic-and-fiscal-outlook-executive-summary/,2021-04-20T04:53:25+00:00,2026-09-29T15:23:42+00:00,2fd45e9c866a8be12c906172782b410264e046d7954902cabfadb8bdcdbf7935,184293,,application/pdf,200,R1 pilot corpus; 2 distinct captures of this URL
raw/documents/obr/pilot/efo/Betting-and-gaming-duties.pdf,https://obr.uk/download/march-2021-economic-and-fiscal-outlook-betting-and-gaming-duties/,wayback,https://web.archive.org/web/20250321045535id_/https://obr.uk/docs/dlm_uploads/Betting-and-gaming-duties.pdf,2025-03-21T04:55:35+00:00,2026-09-29T15:23:51+00:00,d2835ecc63a99d70d8f60388e629795dea9884b778eb1517c9ed7b06019e08e3,185979,"Wed, 05 May 2021 15:59:17 GMT",application/pdf,200,R1 pilot corpus; 1 distinct captures of this URL
raw/documents/obr/pilot/efo/march-2021-economic-and-fiscal-outlook-corporation-tax-rate-increase.pdf,https://obr.uk/download/march-2021-economic-and-fiscal-outlook-corporation-tax-rate-increase/,wayback,https://web.archive.org/web/20220307165619id_/https://obr.uk/download/march-2021-economic-and-fiscal-outlook-corporation-tax-rate-increase/,2022-03-07T16:56:19+00:00,2026-09-29T15:23:55+00:00,94593d630361b9c5b6314cd69065c3efd1ce7003abeb2a73a1a07b94efe63439,118833,,application/pdf,200,R1 pilot corpus; 2 distinct captures of this URL
raw/documents/obr/pilot/psf_commentary/commentary-on-the-public-sector-finances-february-2021.pdf,https://obr.uk/download/commentary-on-the-public-sector-finances-february-2021/,wayback,https://web.archive.org/web/20220127165934id_/https://obr.uk/download/commentary-on-the-public-sector-finances-february-2021/,2022-01-27T16:59:34+00:00,2026-09-29T15:24:17+00:00,52e6637a9c18eb5400e95bce46483a3de279c66f2495d62f2019e16679ae929f,142894,,application/pdf,200,R1 pilot corpus; 1 distinct captures of this URL
raw/documents/obr/pilot/psf_commentary/commentary-on-the-public-sector-finances-march-2021.pdf,https://obr.uk/download/commentary-on-the-public-sector-finances-march-2021/,wayback,https://web.archive.org/web/20210523094937id_/https://obr.uk/download/commentary-on-the-public-sector-finances-march-2021/,2021-05-23T09:49:37+00:00,2026-09-29T15:24:23+00:00,341565ca08d8c9024707b36d87f15b14b81e1103a7b7ab9e935e7ac30b4bbc68,135904,,application/pdf,200,R1 pilot corpus; 2 distinct captures of this URL
raw/documents/obr/pilot/psf_commentary/April-2021-PSF-commentary.pdf,https://obr.uk/download/commentary-on-the-public-sector-finances-april-2021/,wayback,https://web.archive.org/web/20210819050135id_/https://obr.uk/docs/dlm_uploads/April-2021-PSF-commentary.pdf,2021-08-19T05:01:35+00:00,2026-09-29T15:24:33+00:00,dc7be5b7f11baaec96d10575830a92f75c64c5a62454a533682a484c3c48cf1b,214351,"Tue, 25 May 2021 09:27:08 GMT",application/pdf,200,R1 pilot corpus; 2 distinct captures of this URL
raw/documents/obr/pilot/psf_commentary/Monthly-PSF-commentary-June.pdf,https://obr.uk/download/commentary-on-the-public-sector-finances-may-2021/,wayback,https://web.archive.org/web/20220301221458id_/https://obr.uk/docs/dlm_uploads/Monthly-PSF-commentary-June.pdf,2022-03-01T22:14:58+00:00,2026-09-29T15:24:37+00:00,8980372079dbceb999a9e86afbb047a639f857f61c6fda95f4c9e8d54dca8982,107544,"Tue, 22 Jun 2021 09:55:20 GMT",application/pdf,200,R1 pilot corpus; 1 distinct captures of this URL
raw/documents/obr/pilot/psf_commentary/July-2021-PSF-commentary.pdf,https://obr.uk/download/commentary-on-the-public-sector-finances-june-2021/,wayback,https://web.archive.org/web/20220302024737id_/https://obr.uk/docs/dlm_uploads/July-2021-PSF-commentary.pdf,2022-03-02T02:47:37+00:00,2026-09-29T15:24:44+00:00,a43849770413613e6509d813d1fe3630d76433b04a3c96745aa2872b60a9ee08,226547,"Wed, 21 Jul 2021 10:57:18 GMT",application/pdf,200,R1 pilot corpus; 1 distinct captures of this URL
raw/documents/obr/pilot/psf_commentary/August-2021-PSF-commentary.pdf,https://obr.uk/download/commentary-on-the-public-sector-finances-july-2021/,wayback,https://web.archive.org/web/20220301221308id_/https://obr.uk/docs/dlm_uploads/August-2021-PSF-commentary.pdf,2022-03-01T22:13:08+00:00,2026-09-29T15:24:50+00:00,0881fe726b973d9e58eb197db01fb1f8a84bcce3379c7419da6a51dd962bd438,246631,"Fri, 20 Aug 2021 11:13:09 GMT",application/pdf,200,R1 pilot corpus; 1 distinct captures of this URL
raw/documents/obr/pilot/psf_commentary/September-2021-PSF-commentary.pdf,https://obr.uk/download/commentary-on-the-public-sector-finances-august-2021/,wayback,https://web.archive.org/web/20220302025124id_/https://obr.uk/docs/September-2021-PSF-commentary.pdf,2022-03-02T02:51:24+00:00,2026-09-29T15:24:56+00:00,cf8faa317e6bc600553c1a0cf16f3054267eef79d2b242dd9b3ddb79731b3508,248746,"Tue, 21 Sep 2021 10:03:57 GMT",application/pdf,200,R1 pilot corpus; 1 distinct captures of this URL
raw/documents/obr/pilot/efo/letter-from-richard-hughes-to-bridget-phillipson-mp-on-the-october-2021-economic-and-fiscal-outlook-forecast-timetable.pdf,https://obr.uk/download/letter-from-richard-hughes-to-bridget-phillipson-mp-on-the-october-2021-economic-and-fiscal-outlook-forecast-timetable/,wayback,https://web.archive.org/web/20220307170454id_/https://obr.uk/download/letter-from-richard-hughes-to-bridget-phillipson-mp-on-the-october-2021-economic-and-fiscal-outlook-forecast-timetable/,2022-03-07T17:04:54+00:00,2026-09-29T15:25:01+00:00,63187ad9624f376d5ad9bbde8320ed861ccd6125a9777e582f535a81337a207e,319970,,application/pdf,200,R1 pilot corpus; 2 distinct captures of this URL
raw/documents/obr/pilot/efo/log-of-substantive-contact.pdf,https://obr.uk/download/log-of-substantive-contact/,wayback,https://web.archive.org/web/20220309050225id_/https://obr.uk/download/log-of-substantive-contact/,2022-03-09T05:02:25+00:00,2026-09-29T15:25:07+00:00,6307ab557c74ec4f4406772d81ac08c008c0fb8f270062e5533ca6d239822a6e,140054,,application/pdf,200,R1 pilot corpus; 2 distinct captures of this URL
raw/documents/obr/pilot/efo/economic-and-fiscal-outlook-presentation-slides-october-2021.pdf,https://obr.uk/download/economic-and-fiscal-outlook-presentation-slides-october-2021/,wayback,https://web.archive.org/web/20211115203455id_/https://obr.uk/download/economic-and-fiscal-outlook-presentation-slides-october-2021/,2021-11-15T20:34:55+00:00,2026-09-29T15:25:13+00:00,7f21612be615b18186abc0bef4435a4d92a1068884031343f9c97d24cc330f6c,383132,,application/pdf,200,R1 pilot corpus; 2 distinct captures of this URL
raw/documents/obr/pilot/efo/Executive_summary_Economic_and_fiscal_outlook_October_2021.pdf,https://obr.uk/docs/dlm_uploads/Executive_summary_Economic_and_fiscal_outlook_October_2021.pdf,wayback,https://web.archive.org/web/20250705033409id_/https://obr.uk/docs/dlm_uploads/Executive_summary_Economic_and_fiscal_outlook_October_2021.pdf,2025-07-05T03:34:09+00:00,2026-09-29T15:25:19+00:00,39fc7e899b8964f99db132407a29fb4be3a7e4f0e53c2dedaa79945da4e31b19,272818,"Mon, 13 Dec 2021 15:26:27 GMT",application/pdf,200,R1 pilot corpus; 2 distinct captures of this URL
raw/documents/obr/pilot/efo/health_and_social_care_levy_supplementary_release.pdf,https://obr.uk/download/october-2021-economic-and-fiscal-outlook-health-and-social-care-levy-costing-breakdown/,wayback,https://web.archive.org/web/20220302134538id_/https://obr.uk/docs/dlm_uploads/health_and_social_care_levy_supplementary_release.pdf,2022-03-02T13:45:38+00:00,2026-09-29T15:25:25+00:00,4aafe2c7b50b98f2bcd808a39bc8f7a2aa4ce03e08a86a41d2381a618302e74a,147460,"Wed, 09 Feb 2022 14:28:49 GMT",application/pdf,200,R1 pilot corpus; 1 distinct captures of this URL
raw/documents/obr/pilot/efo/working-paper-no-16-forecasting-the-balance-sheet-public-sector-net-worth.pdf,https://obr.uk/download/working-paper-no-16-forecasting-the-balance-sheet-public-sector-net-worth/,wayback,https://web.archive.org/web/20220301221201id_/https://obr.uk/download/working-paper-no-16-forecasting-the-balance-sheet-public-sector-net-worth/,2022-03-01T22:12:01+00:00,2026-09-29T15:25:31+00:00,5832a00f0f2d781e3bda5d76d186de9ca09627006c504ffc3850d582366d6e70,519283,,application/pdf,200,R1 pilot corpus; 4 distinct captures of this URL
raw/documents/obr/pilot/efo/Personal-allowance-and-higher-rate-threshold-freeze-supplementary-release.pdf,https://obr.uk/download/october-2021-economic-and-fiscal-outlook-personal-allowance-and-higher-rate-threshold-freeze/,wayback,https://web.archive.org/web/20250312190742id_/https://obr.uk/docs/dlm_uploads/Personal-allowance-and-higher-rate-threshold-freeze-supplementary-release.pdf,2025-03-12T19:07:42+00:00,2026-09-29T15:25:38+00:00,e9e964cf0f545f162cee51f084b23146ee2463281016c10b71a35d462de4bab5,109806,"Wed, 12 Jan 2022 16:01:44 GMT",application/pdf,200,R1 pilot corpus; 1 distinct captures of this URL
raw/documents/obr/pilot/efo/annex-a-policy-measures-announced-since-march-2021.pdf,https://obr.uk/download/annex-a-policy-measures-announced-since-march-2021/,wayback,https://web.archive.org/web/20220301222059id_/https://obr.uk/download/annex-a-policy-measures-announced-since-march-2021/,2022-03-01T22:20:59+00:00,2026-09-29T15:25:43+00:00,caee3b1cdbdd5c8980cc1efdc8c4abe4e8bbe3d5ddcaa8c3828e011c4daf8a87,479883,,application/pdf,200,R1 pilot corpus; 1 distinct captures of this URL
raw/documents/obr/pilot/efo/october-2021-economic-and-fiscal-outlook-executive-summary.pdf,https://obr.uk/download/october-2021-economic-and-fiscal-outlook-executive-summary/,wayback,https://web.archive.org/web/20211105171144id_/https://obr.uk/download/october-2021-economic-and-fiscal-outlook-executive-summary/,2021-11-05T17:11:44+00:00,2026-09-29T15:25:49+00:00,4b91c1d5dc471129761a4d0cae15a37afe38fba58e9d9c57a98e90173bdb1581,193086,,application/pdf,200,R1 pilot corpus; 3 distinct captures of this URL
raw/documents/obr/pilot/efo/superdeduction_supplementary_release.pdf,https://obr.uk/download/october-2021-economic-and-fiscal-outlook-capital-allowances-super-deduction-costing/,wayback,https://web.archive.org/web/20250522071246id_/https://obr.uk/docs/dlm_uploads/superdeduction_supplementary_release.pdf,2025-05-22T07:12:46+00:00,2026-09-29T15:25:55+00:00,583171e5f5e4c0782cb71d784cada0e13554cc2c00cc7ca0b8251058a753457f,158950,"Thu, 17 Feb 2022 09:31:06 GMT",application/pdf,200,R1 pilot corpus; 1 distinct captures of this URL
raw/documents/obr/pilot/efo/correction-slip-economic-and-fiscal-outlook-october-2021.pdf,https://obr.uk/download/correction-slip-economic-and-fiscal-outlook-october-2021/,wayback,https://web.archive.org/web/20211130031621id_/https://obr.uk/download/correction-slip-economic-and-fiscal-outlook-october-2021/,2021-11-30T03:16:21+00:00,2026-09-29T15:26:00+00:00,9059697711c31c1f6255dd8b5edb79d8cc6897188e487c682c192a70f24e4e55,93598,,application/pdf,200,R1 pilot corpus; 1 distinct captures of this URL
raw/documents/obr/pilot/efo/economic-and-fiscal-outlook-october-2021.pdf,https://obr.uk/download/economic-and-fiscal-outlook-october-2021/,wayback,https://web.archive.org/web/20220202042954id_/https://obr.uk/download/economic-and-fiscal-outlook-october-2021/,2022-02-02T04:29:54+00:00,2026-09-29T15:26:07+00:00,c173ffae2412478cc8304632f6031731ddd38ef6db94a2e5704dc78d5431e575,2723515,,application/pdf,200,R1 pilot corpus; 6 distinct captures of this URL
raw/documents/obr/pilot/efo/october-2021-devolved-tax-and-spending-forecasts.pdf,https://obr.uk/download/october-2021-devolved-tax-and-spending-forecasts/,wayback,https://web.archive.org/web/20211027152703id_/https://obr.uk/download/october-2021-devolved-tax-and-spending-forecasts/,2021-10-27T15:27:03+00:00,2026-09-29T15:26:14+00:00,b3b1e2628582c11c16bbee758e6ae46ca27c7bb8e02aad4f17226bba5048508a,697271,,application/pdf,200,R1 pilot corpus; 2 distinct captures of this URL
raw/documents/obr/pilot/efo/october-2021-economic-and-fiscal-outlook-press-notice.pdf,https://obr.uk/download/october-2021-economic-and-fiscal-outlook-press-notice/,wayback,https://web.archive.org/web/20220307171757id_/https://obr.uk/download/october-2021-economic-and-fiscal-outlook-press-notice/,2022-03-07T17:17:57+00:00,2026-09-29T15:26:21+00:00,ef1ac09f23b982ba71e73050a640d0fa1df5b94c472bcb0ea0b8a3a423b2829b,168841,,application/pdf,200,R1 pilot corpus; 2 distinct captures of this URL
raw/documents/obr/pilot/efo/economic-and-fiscal-outlook-speaking-notes-october-2021.pdf,https://obr.uk/download/economic-and-fiscal-outlook-speaking-notes-october-2021/,wayback,https://web.archive.org/web/20220307165113id_/https://obr.uk/download/economic-and-fiscal-outlook-speaking-notes-october-2021/,2022-03-07T16:51:13+00:00,2026-09-29T15:26:26+00:00,d5f664ff35c7b9c05b5739fbec3160d6397e4e00603844c752656a7d177933a5,399484,,application/pdf,200,R1 pilot corpus; 3 distinct captures of this URL
raw/documents/obr/pilot/psf_commentary/November-2021-PSF-commentary.pdf,https://obr.uk/download/commentary-on-the-public-sector-finances-october-2021/,wayback,https://web.archive.org/web/20220302134837id_/https://obr.uk/docs/November-2021-PSF-commentary.pdf,2022-03-02T13:48:37+00:00,2026-09-29T15:26:33+00:00,6bfe762c67afa15ef4851b08d137364b8d71b71a7eedf9b5c69e6fc1297ceb49,235940,"Fri, 19 Nov 2021 11:17:38 GMT",application/pdf,200,R1 pilot corpus; 1 distinct captures of this URL
raw/documents/obr/pilot/psf_commentary/December-2021-PSF-commentary.pdf,https://obr.uk/download/commentary-on-the-public-sector-finances-november-2021/,wayback,https://web.archive.org/web/20211228222136id_/https://obr.uk/docs/dlm_uploads/December-2021-PSF-commentary.pdf,2021-12-28T22:21:36+00:00,2026-09-29T15:26:39+00:00,b740ded407505234965b90dfabd83c67816b0cf82043fc0b1c9cb5798db8d0ba,261606,"Tue, 21 Dec 2021 10:48:02 GMT",application/pdf,200,R1 pilot corpus; 1 distinct captures of this URL
raw/documents/obr/pilot/psf_commentary/Monthly-PSF-commentary-January-2022.pdf,https://obr.uk/download/commentary-on-the-public-sector-finances-december-2021/,wayback,https://web.archive.org/web/20220125101507id_/https://obr.uk/docs/dlm_uploads/Monthly-PSF-commentary-January-2022.pdf,2022-01-25T10:15:07+00:00,2026-09-29T15:26:45+00:00,b01e5f9c9b0df1c71e10d548ae26aa2d1d340536861ef6cdf129d35e39036ef6,136092,"Tue, 25 Jan 2022 09:43:57 GMT",application/pdf,200,R1 pilot corpus; 1 distinct captures of this URL
raw/documents/obr/pilot/psf_commentary/commentary-on-the-public-sector-finances-january-2022.pdf,https://obr.uk/download/commentary-on-the-public-sector-finances-january-2022/,wayback,https://web.archive.org/web/20220223221108id_/https://obr.uk/download/commentary-on-the-public-sector-finances-january-2022/,2022-02-23T22:11:08+00:00,2026-09-29T15:26:50+00:00,097cf4c7a7f506f350fae09897560874a3fe394d151933d7817474681e25af11,151552,,application/pdf,200,R1 pilot corpus; 2 distinct captures of this URL
raw/documents/obr/pilot/efo/Economic_and_fiscal_outlook_presentation_speaking-notes-March-2022-CFD0001.pdf,https://obr.uk/download/economic-and-fiscal-outlook-speaking-notes-march-2022/,wayback,https://web.archive.org/web/20231101002051id_/https://obr.uk/docs/dlm_uploads/Economic_and_fiscal_outlook_presentation_speaking-notes-March-2022-CFD0001.pdf,2023-11-01T00:20:51+00:00,2026-09-29T15:26:57+00:00,ef76971dbb4c904299abea7d724e3635fab849b426a499caaa024e99378af49b,124371,"Wed, 23 Mar 2022 14:11:33 GMT",application/pdf,200,R1 pilot corpus; 1 distinct captures of this URL
raw/documents/obr/pilot/efo/Ecomonic_and_fiscal_outlook_presentation-March-2022-CFD0001.pdf,https://obr.uk/download/economic-and-fiscal-outlook-presentation-slides-march-2022/,wayback,https://web.archive.org/web/20231101023034id_/https://obr.uk/docs/dlm_uploads/Ecomonic_and_fiscal_outlook_presentation-March-2022-CFD0001.pdf,2023-11-01T02:30:34+00:00,2026-09-29T15:27:03+00:00,3d904d7c7fe05345cbd2f211cfb1acadb3f9d059eb5ec8f3000ebd8aa0693ecd,308823,"Wed, 23 Mar 2022 14:13:27 GMT",application/pdf,200,R1 pilot corpus; 1 distinct captures of this URL
raw/documents/obr/pilot/efo/Log-of-contact-EFO-Mar22.pdf,https://obr.uk/download/log-of-substantive-contact-between-the-obr-and-treasury-ministers-special-advisers-and-their-private-office-staff-between-27-october-2021-and-22-march-2022/,wayback,https://web.archive.org/web/20220323220803id_/https://obr.uk/docs/dlm_uploads/Log-of-contact-EFO-Mar22.pdf,2022-03-23T22:08:03+00:00,2026-09-29T15:27:09+00:00,5a8f83ba5c344b6db21be0c41288308bb952344445c4b773a1642b5156d85e1e,136339,"Wed, 23 Mar 2022 12:07:47 GMT",application/pdf,200,R1 pilot corpus; 1 distinct captures of this URL
raw/documents/obr/pilot/efo/Exec-sum.pdf,https://obr.uk/download/march-2022-economic-and-fiscal-outlook-executive-summary/,wayback,https://web.archive.org/web/20251203153805id_/https://obr.uk/docs/dlm_uploads/Exec-sum.pdf,2025-12-03T15:38:05+00:00,2026-09-29T15:27:15+00:00,5cb77bdef4ed2f9f136281c9a490a1da28a6bc693632e28fb012f2a9f12c93b3,177532,"Wed, 23 Mar 2022 11:48:21 GMT",application/pdf,200,R1 pilot corpus; 1 distinct captures of this URL
raw/documents/obr/pilot/efo/Non-residential-SDLT-elasticities-supplementary-release.pdf,https://obr.uk/download/march-2022-economic-and-fiscal-outlook-non-residential-sdlt-elasticities/,wayback,https://web.archive.org/web/20250522072648id_/https://obr.uk/docs/dlm_uploads/Non-residential-SDLT-elasticities-supplementary-release.pdf,2025-05-22T07:26:48+00:00,2026-09-29T15:27:21+00:00,e6dbb37daf54133d74b2831abf8fa7af15bda394445af4bed1a2e78758d97d4e,73672,"Wed, 23 Mar 2022 13:51:01 GMT",application/pdf,200,R1 pilot corpus; 1 distinct captures of this URL
raw/documents/obr/pilot/efo/DevolvedMarch22.pdf,https://obr.uk/download/march-2022-devolved-tax-and-spending-forecasts/,wayback,https://web.archive.org/web/20251208231854id_/https://obr.uk/docs/DevolvedMarch22.pdf,2025-12-08T23:18:54+00:00,2026-09-29T15:27:27+00:00,c33ee77e634c1c3a903826ad16daa304ca82c77e8ccd7c3808184536c3ef4e37,651856,"Tue, 24 May 2022 15:11:42 GMT",application/pdf,200,R1 pilot corpus; 1 distinct captures of this URL
raw/documents/obr/pilot/efo/CCS0222366764-001_OBR-EFO-March-2022_Web-Accessible-2.pdf,https://obr.uk/download/economic-and-fiscal-outlook-march-2022/,wayback,https://web.archive.org/web/20251126233513id_/https://obr.uk/docs/dlm_uploads/CCS0222366764-001_OBR-EFO-March-2022_Web-Accessible-2.pdf,2025-11-26T23:35:13+00:00,2026-09-29T15:27:40+00:00,9217b00ad7265ff5755f5d06aa22aa759474e7ae8f5c571dd1d232e8d28b8880,2662234,"Wed, 23 Mar 2022 11:47:20 GMT",application/pdf,200,R1 pilot corpus; 1 distinct captures of this URL
raw/documents/obr/pilot/efo/March_2022_SA_income_streams.pdf,https://obr.uk/download/march-2022-economic-and-fiscal-outlook-income-streams-subject-to-self-assessment-income-tax/,wayback,https://web.archive.org/web/20221027101041id_/https://obr.uk/docs/dlm_uploads/March_2022_SA_income_streams.pdf,2022-10-27T10:10:41+00:00,2026-09-29T15:27:46+00:00,49d4687f3d1476dd7439ef4bd18922bcddfa24b1cf4f6ab0b651c2aff58b46d4,86298,"Thu, 08 Sep 2022 09:51:40 GMT",application/pdf,200,R1 pilot corpus; 1 distinct captures of this URL
raw/documents/obr/pilot/psf_commentary/Monthly-PSF-commentary-April-1.pdf,https://obr.uk/download/commentary-on-the-public-sector-finances-march-2022/,wayback,https://web.archive.org/web/20220426100717id_/https://obr.uk/docs/dlm_uploads/Monthly-PSF-commentary-April-1.pdf,2022-04-26T10:07:17+00:00,2026-09-29T15:27:51+00:00,c8c766c745e1c48fc594a02d6a0aedd2addef3e302b7026c66fb018d4a727078,132608,"Tue, 26 Apr 2022 09:34:11 GMT",application/pdf,200,R1 pilot corpus; 1 distinct captures of this URL
raw/documents/obr/pilot/psf_commentary/May_2022_monthly_PSF_commentary.pdf,https://obr.uk/download/commentary-on-the-public-sector-finances-april-2022/,wayback,https://web.archive.org/web/20220619220925id_/https://obr.uk//docs/dlm_uploads/May_2022_monthly_PSF_commentary.pdf,2022-06-19T22:09:25+00:00,2026-09-29T15:27:57+00:00,e8a7e6fc7b96d95be4fe43410daebb82e402b0c824237c3d0ca460d65d54a23c,232567,"Tue, 24 May 2022 11:56:29 GMT",application/pdf,200,R1 pilot corpus; 1 distinct captures of this URL
raw/documents/obr/pilot/psf_commentary/Monthly-PSF-commentary-June-1.pdf,https://obr.uk/download/commentary-on-the-public-sector-finances-may-2022/,wayback,https://web.archive.org/web/20220623220644id_/https://obr.uk//docs/dlm_uploads/Monthly-PSF-commentary-June-1.pdf,2022-06-23T22:06:44+00:00,2026-09-29T15:28:11+00:00,340876620e320e98cf908cc16320f423ec1464f7054b49e51609ed0331b19a1e,127844,"Thu, 23 Jun 2022 09:41:25 GMT",application/pdf,200,R1 pilot corpus; 1 distinct captures of this URL
raw/documents/obr/pilot/psf_commentary/July-2022-PSF-commentary.pdf,https://obr.uk/download/commentary-on-the-public-sector-finances-june-2022/,wayback,https://web.archive.org/web/20220814220221id_/https://obr.uk//docs/dlm_uploads/July-2022-PSF-commentary.pdf,2022-08-14T22:02:21+00:00,2026-09-29T15:28:17+00:00,844ad6e3a35edd405b657cbceb44ae7be6cb2d163f2328420619c0a757abe217,259764,"Thu, 21 Jul 2022 09:25:57 GMT",application/pdf,200,R1 pilot corpus; 1 distinct captures of this URL
raw/documents/obr/pilot/psf_commentary/August-2022-PSF-commentary.pdf,https://obr.uk/download/commentary-on-the-public-sector-finances-july-2022/,wayback,https://web.archive.org/web/20230801004023id_/https://obr.uk/docs/dlm_uploads/August-2022-PSF-commentary.pdf,2023-08-01T00:40:23+00:00,2026-09-29T15:28:22+00:00,02e898602e24a4910ee5fc3cb7b70ee3233f4343afc9db8b2eec567bfb4c4488,277342,"Fri, 19 Aug 2022 10:04:29 GMT",application/pdf,200,R1 pilot corpus; 1 distinct captures of this URL
raw/documents/obr/pilot/psf_commentary/September-2022-PSF-commentary.pdf,https://obr.uk/download/commentary-on-the-public-sector-finances-august-2022/,wayback,https://web.archive.org/web/20230801004208id_/https://obr.uk/docs/dlm_uploads/September-2022-PSF-commentary.pdf,2023-08-01T00:42:08+00:00,2026-09-29T15:28:31+00:00,e8052e01835a8487f10c4f28658d52ffbf7cd79da14ed6ffd75b684de3ce3037,258487,"Wed, 21 Sep 2022 10:33:11 GMT",application/pdf,200,R1 pilot corpus; 1 distinct captures of this URL
raw/documents/obr/pilot/efo/Log-of-contact-EFO-Nov22.pdf,https://obr.uk/download/log-of-substantive-contact-between-the-obr-and-treasury-ministers-special-advisers-and-their-private-office-staff-between-7-july-2022-and-16-november-2022/,wayback,https://web.archive.org/web/20230221111449id_/https://obr.uk/docs/dlm_uploads/Log-of-contact-EFO-Nov22.pdf,2023-02-21T11:14:49+00:00,2026-09-29T15:28:36+00:00,7c9499e2909e0cfb1393c4a757cd5efb853589cf74521ea973a6d0778d06675a,54447,"Thu, 17 Nov 2022 10:30:35 GMT",application/pdf,200,R1 pilot corpus; 1 distinct captures of this URL
raw/documents/obr/pilot/efo/CCS0822661240-002_SECURE_OBR_EFO_November_2022_WEB_ACCESSIBLE.pdf,https://obr.uk/download/economic-and-fiscal-outlook-november-2022/,wayback,https://web.archive.org/web/20241224074647id_/https://obr.uk/docs/dlm_uploads/CCS0822661240-002_SECURE_OBR_EFO_November_2022_WEB_ACCESSIBLE.pdf,2024-12-24T07:46:47+00:00,2026-09-29T15:28:44+00:00,4cb3e144877b3cd73cc299f034c647156df50e786203993034b2fe2dc66dadaf,802473,"Mon, 06 Feb 2023 17:16:17 GMT",application/pdf,200,R1 pilot corpus; 2 distinct captures of this URL
raw/documents/obr/pilot/efo/OBR_supp_forecast_info_release_welfare_spending_web_corrected.pdf,https://obr.uk/download/november-2022-economic-and-fiscal-outlook-welfare-spending/,wayback,https://web.archive.org/web/20240221230242id_/https://obr.uk/docs/dlm_uploads/OBR_supp_forecast_info_release_welfare_spending_web_corrected.pdf,2024-02-21T23:02:42+00:00,2026-09-29T15:28:50+00:00,e6ae75b3b594d0ee393f3fa5a898f76449e82123643fc26767d5b2ed7b0c8aa5,156276,"Mon, 06 Feb 2023 17:13:17 GMT",application/pdf,200,R1 pilot corpus; 2 distinct captures of this URL
raw/documents/obr/pilot/efo/supplementary_info_release_carbon_price_forecast_assumption.pdf,https://obr.uk/download/november-2022-economic-and-fiscal-outlook-emissions-trading-scheme-receipts/,wayback,https://web.archive.org/web/20250522091910id_/https://obr.uk/docs/dlm_uploads/supplementary_info_release_carbon_price_forecast_assumption.pdf,2025-05-22T09:19:10+00:00,2026-09-29T15:28:55+00:00,3016dd82d8b550eda1a8392810813c45bc10fd27dedb64b14cce260766ba33bb,132899,"Wed, 30 Nov 2022 18:15:07 GMT",application/pdf,200,R1 pilot corpus; 1 distinct captures of this URL
raw/documents/obr/pilot/efo/income_streams_supplementary_forecast_info_release.pdf,https://obr.uk/download/november-2022-economic-and-fiscal-outlook-income-streams-subject-to-self-assessment-income-tax/,wayback,https://web.archive.org/web/20230221111449id_/https://obr.uk/docs/dlm_uploads/income_streams_supplementary_forecast_info_release.pdf,2023-02-21T11:14:49+00:00,2026-09-29T15:29:02+00:00,c65fd55d571fc8e40bad6480211960cdde3ed6dd4451a1b9ebdbd539adb6ad6c,116227,"Thu, 15 Dec 2022 10:47:15 GMT",application/pdf,200,R1 pilot corpus; 1 distinct captures of this URL
raw/documents/obr/pilot/efo/Supplementary_info_release_Ofgem_price_cap.pdf,https://obr.uk/download/november-2022-economic-and-fiscal-outlook-ofgem-price-cap/,wayback,https://web.archive.org/web/20230726214531id_/https://obr.uk/docs/dlm_uploads/Supplementary_info_release_Ofgem_price_cap.pdf,2023-07-26T21:45:31+00:00,2026-09-29T15:29:08+00:00,23d8fdcca48bcf8ed3faaf8ec11606265fa2d457d6dce974d3255d8fa6106ce7,119540,"Thu, 01 Dec 2022 11:26:59 GMT",application/pdf,200,R1 pilot corpus; 1 distinct captures of this URL
raw/documents/obr/pilot/efo/November_2022_EFO_Speaking_notes.pdf,https://obr.uk/download/november-2022-economic-and-fiscal-outlook-speaking-notes/,wayback,https://web.archive.org/web/20231101031311id_/https://obr.uk/docs/dlm_uploads/November_2022_EFO_Speaking_notes.pdf,2023-11-01T03:13:11+00:00,2026-09-29T15:29:17+00:00,d63abdee09c413c6a8320a272d4753e38ff13ba66b2bed661f6613a351eec363,158440,"Thu, 17 Nov 2022 13:30:28 GMT",application/pdf,200,R1 pilot corpus; 1 distinct captures of this URL
raw/documents/obr/pilot/efo/EFO_Nov22_PN.pdf,https://obr.uk/download/november-2022-economic-and-fiscal-outlook-press-notice/,wayback,https://web.archive.org/web/20230221111449id_/https://obr.uk/docs/dlm_uploads/EFO_Nov22_PN.pdf,2023-02-21T11:14:49+00:00,2026-09-29T15:29:22+00:00,2c8ba66fb38ff67727f87e019b5adba65ea95cc594e5953b29f89e6ac0258322,97417,"Thu, 17 Nov 2022 10:32:38 GMT",application/pdf,200,R1 pilot corpus; 1 distinct captures of this URL
raw/documents/obr/pilot/efo/November_2022_EFO_Presentation_slides.pdf,https://obr.uk/download/november-2022-economic-and-fiscal-outlook-presentation-slides/,wayback,https://web.archive.org/web/20231101005049id_/https://obr.uk/docs/dlm_uploads/November_2022_EFO_Presentation_slides.pdf,2023-11-01T00:50:49+00:00,2026-09-29T15:29:29+00:00,f9edd8cbb71a050664ce104935ff438248adef9802bfcdda75571ed536f49fd7,473102,"Thu, 17 Nov 2022 13:31:30 GMT",application/pdf,200,R1 pilot corpus; 1 distinct captures of this URL
raw/documents/obr/pilot/efo/DevolvedNov2022_web_v2.pdf,https://obr.uk/download/november-2022-devolved-tax-and-spending-forecasts/,wayback,https://web.archive.org/web/20240629165410id_/https://obr.uk/docs/dlm_uploads/DevolvedNov2022_web_v2.pdf,2024-06-29T16:54:10+00:00,2026-09-29T15:29:35+00:00,d46aae966624e6728d490529cc8aff6f42ee1d8b6fe2468b2256ddacf17a47fe,937778,"Thu, 05 Jan 2023 15:10:40 GMT",application/pdf,200,R1 pilot corpus; 1 distinct captures of this URL
raw/documents/obr/pilot/efo/supplementary_forecast_info_release_income_tax_and_NICs.pdf,https://obr.uk/download/november-2022-economic-and-fiscal-outlook-income-tax-and-national-insurance-contributions/,wayback,https://web.archive.org/web/20250522125359id_/https://obr.uk/docs/dlm_uploads/supplementary_forecast_info_release_income_tax_and_NICs.pdf,2025-05-22T12:53:59+00:00,2026-09-29T15:29:41+00:00,1327fc06984e9e0671de15d80630ad961502f3e82a3dfcc58320247fce8b4957,125273,"Thu, 08 Dec 2022 09:48:35 GMT",application/pdf,200,R1 pilot corpus; 1 distinct captures of this URL
raw/documents/obr/pilot/psf_commentary/November_2022_PSF_commentary.pdf,https://obr.uk/download/commentary-on-the-public-sector-finances-october-2022/,wayback,https://web.archive.org/web/20221122125550id_/https://obr.uk/docs/dlm_uploads/November_2022_PSF_commentary.pdf,2022-11-22T12:55:50+00:00,2026-09-29T15:29:48+00:00,7bc525f2b8d994b1c3f39a716d5cb92031f407883c7fb9d2fc270196d1ced1aa,241886,"Tue, 22 Nov 2022 12:45:10 GMT",application/pdf,200,R1 pilot corpus; 1 distinct captures of this URL
raw/documents/obr/pilot/psf_commentary/December_2022_PSF_commentary.pdf,https://obr.uk/download/commentary-on-the-public-sector-finances-november-2022/,wayback,https://web.archive.org/web/20240118020633id_/https://obr.uk/docs/dlm_uploads/December_2022_PSF_commentary.pdf,2024-01-18T02:06:33+00:00,2026-09-29T15:29:53+00:00,59e50ffc70df99894cdba566fc590e6c8173ae5795925e9c318f1106cd251b77,253485,"Wed, 21 Dec 2022 15:45:21 GMT",application/pdf,200,R1 pilot corpus; 1 distinct captures of this URL
raw/documents/obr/pilot/psf_commentary/January_2023_PSF_commentary_v2.pdf,https://obr.uk/download/commentary-on-the-public-sector-finances-december-2022/,wayback,https://web.archive.org/web/20230327085754id_/https://obr.uk/docs/dlm_uploads/January_2023_PSF_commentary_v2.pdf,2023-03-27T08:57:54+00:00,2026-09-29T15:29:59+00:00,145fa0bd413a36e95805efd01e38e8ae0fdc8de6d69275980b432d2fe31cd19c,107687,"Tue, 24 Jan 2023 12:19:53 GMT",application/pdf,200,R1 pilot corpus; 1 distinct captures of this URL
raw/documents/obr/pilot/psf_commentary/February_2023_PSF_commentary.pdf,https://obr.uk/download/commentary-on-the-public-sector-finances-january-2023/,wayback,https://web.archive.org/web/20230521222150id_/https://obr.uk/docs/dlm_uploads/February_2023_PSF_commentary.pdf,2023-05-21T22:21:50+00:00,2026-09-29T15:30:05+00:00,05de7168d9aab705bd931bfabf846ed0e177f5aaea4f01e500b29b835b145c59,285174,"Tue, 21 Feb 2023 12:48:45 GMT",application/pdf,200,R1 pilot corpus; 1 distinct captures of this URL
raw/documents/obr/pilot/efo/DevolvedMarch2023.pdf,https://obr.uk/download/march-2023-devolved-tax-and-spending-forecasts/,wayback,https://web.archive.org/web/20240225050357id_/https://obr.uk/docs/dlm_uploads/DevolvedMarch2023.pdf,2024-02-25T05:03:57+00:00,2026-09-29T15:30:11+00:00,3527454de62f210e84e2f65a99fa1cf76338023750c89637785e0860aad29f1b,620178,"Wed, 15 Mar 2023 12:01:34 GMT",application/pdf,200,R1 pilot corpus; 1 distinct captures of this URL
raw/documents/obr/pilot/efo/March-2023-Economic-and-fiscal-outlook-speaking-notes.pdf,https://obr.uk/download/march-2023-economic-and-fiscal-outlook-speaking-notes/,wayback,https://web.archive.org/web/20231101030858id_/https://obr.uk/docs/dlm_uploads/March-2023-Economic-and-fiscal-outlook-speaking-notes.pdf,2023-11-01T03:08:58+00:00,2026-09-29T15:30:18+00:00,64156276f9ae27bd081072f0eb5aee8eb83649e4fa5dd45287cec44eeba480b2,139711,"Wed, 15 Mar 2023 14:09:50 GMT",application/pdf,200,R1 pilot corpus; 1 distinct captures of this URL
raw/documents/obr/pilot/efo/OBR-EFO-March-2023_Web_Accessible.pdf,https://obr.uk/download/economic-and-fiscal-outlook-march-2023/,wayback,https://web.archive.org/web/20240822092001id_/https://obr.uk/docs/dlm_uploads/OBR-EFO-March-2023_Web_Accessible.pdf,2024-08-22T09:20:01+00:00,2026-09-29T15:30:24+00:00,de40aee26dc5d2b0974e22484897950d3dada1690fdbe06604986898f1bd7fbd,1889076,"Wed, 15 Mar 2023 11:53:38 GMT",application/pdf,200,R1 pilot corpus; 2 distinct captures of this URL
raw/documents/obr/pilot/efo/March-2023-Major-balance-sheet-interventions.pdf,https://obr.uk/download/annex-c-major-balance-sheet-interventions/,wayback,https://web.archive.org/web/20231003145112id_/https://obr.uk/docs/dlm_uploads/March-2023-Major-balance-sheet-interventions.pdf,2023-10-03T14:51:12+00:00,2026-09-29T15:30:30+00:00,9cc19c57aad9ba0da27cef52e04bcb4168ae9cc89c5c7e5cfef106fb68175de8,92084,"Thu, 23 Mar 2023 18:20:33 GMT",application/pdf,200,R1 pilot corpus; 1 distinct captures of this URL
raw/documents/obr/pilot/efo/supplementary-forecast-info-release-wholesale-electricity-prices.pdf,https://obr.uk/download/march-2023-economic-and-fiscal-outlook-wholesale-electricity-prices/,wayback,https://web.archive.org/web/20250306143652id_/https://obr.uk/docs/dlm_uploads/supplementary-forecast-info-release-wholesale-electricity-prices.pdf,2025-03-06T14:36:52+00:00,2026-09-29T15:30:36+00:00,3510e91098c6a53403f77e68c1472e21d8c42ae5b7ebac4fd4b4a22e1d974c63,98032,"Wed, 12 Apr 2023 14:07:23 GMT",application/pdf,200,R1 pilot corpus; 1 distinct captures of this URL
raw/documents/obr/pilot/efo/March-2023-Economic-and-fiscal-outlook-presentation-slides.pdf,https://obr.uk/download/march-2023-economic-and-fiscal-outlook-presentation-slides/,wayback,https://web.archive.org/web/20231101035114id_/https://obr.uk/docs/dlm_uploads/March-2023-Economic-and-fiscal-outlook-presentation-slides.pdf,2023-11-01T03:51:14+00:00,2026-09-29T15:30:42+00:00,28c4af5f198561fd429188db03b2633c87e70d447663df0bdfc62417e710c679,212534,"Wed, 15 Mar 2023 14:10:20 GMT",application/pdf,200,R1 pilot corpus; 1 distinct captures of this URL
raw/documents/obr/pilot/efo/Log-of-contact-EFO-Mar23.pdf,https://obr.uk/download/log-of-substantive-contact-between-the-obr-and-treasury-ministers-special-advisers-and-their-private-office-staff-between-17-november-2022-and-14-march-2023/,wayback,https://web.archive.org/web/20230315133921id_/https://obr.uk/docs/dlm_uploads/Log-of-contact-EFO-Mar23.pdf,2023-03-15T13:39:21+00:00,2026-09-29T15:30:48+00:00,801eab270d3ac4fa305faf41b40da8213a8f20feae1c524dd056b99384c5eeb9,72999,"Wed, 15 Mar 2023 12:00:38 GMT",application/pdf,200,R1 pilot corpus; 1 distinct captures of this URL
,https://obr.uk/download/march-2023-economic-and-fiscal-outlook-cpi-inflation-categories/,wayback,https://web.archive.org/web/20231020213339id_/https://obr.uk/download/march-2023-economic-and-fiscal-outlook-cpi-inflation-categories/?tmstv=1694555096,,2026-09-29T15:30:52+00:00,,,,,404,capture not served
raw/documents/obr/pilot/psf_commentary/February-2023-PSF-commentary.pdf,https://obr.uk/download/commentary-on-the-public-sector-finances-february-2023/,wayback,https://web.archive.org/web/20230801025629id_/https://obr.uk/docs/dlm_uploads/February-2023-PSF-commentary.pdf,2023-08-01T02:56:29+00:00,2026-09-29T15:31:01+00:00,42583249afb580c89e28752c16e7ab60a810e092df5260b94a15c1ecb1c541d3,245837,"Tue, 21 Mar 2023 11:56:56 GMT",application/pdf,200,R1 pilot corpus; 1 distinct captures of this URL
raw/documents/obr/pilot/psf_commentary/March-2023-PSF-commentary-1.pdf,https://obr.uk/download/commentary-on-the-public-sector-finances-march-2023/,wayback,https://web.archive.org/web/20230525061548id_/https://obr.uk/docs/dlm_uploads/March-2023-PSF-commentary-1.pdf,2023-05-25T06:15:48+00:00,2026-09-29T15:31:09+00:00,eeeb1089209f916245bf9ea244365050aea4c7980f326a9cc7fa209f9df328eb,160839,"Tue, 25 Apr 2023 13:06:00 GMT",application/pdf,200,R1 pilot corpus; 1 distinct captures of this URL
raw/documents/obr/pilot/psf_commentary/commentary-on-the-public-sector-finances-april-2023_94ecb72c,https://obr.uk/download/commentary-on-the-public-sector-finances-april-2023/,wayback,https://web.archive.org/web/20230615064901id_/https://obr.uk/download/commentary-on-the-public-sector-finances-april-2023/?tmstv=1686807358,2023-06-15T06:49:01+00:00,2026-09-29T15:31:12+00:00,e3b0c44298fc1c149afbf4c8996fb92427ae41e4649b934ca495991b7852b855,0,,text/html,200,R1 pilot corpus; 2 distinct captures of this URL
raw/documents/obr/pilot/psf_commentary/June-PSF-commentary-Accessible-PDF.pdf,https://obr.uk/download/commentary-on-the-public-sector-finances-june-2023/,wayback,https://web.archive.org/web/20240120155559id_/https://obr.uk/docs/dlm_uploads/June-PSF-commentary-Accessible-PDF.pdf,2024-01-20T15:55:59+00:00,2026-09-29T15:31:32+00:00,27fd5a63aed159de563a463a3c19d90afc608b62258eddf57faa28ffe77f329d,156507,"Fri, 21 Jul 2023 08:24:38 GMT",application/pdf,200,R1 pilot corpus; 1 distinct captures of this URL
raw/documents/obr/pilot/psf_commentary/July-PSF-commentary.pdf,https://obr.uk/download/commentary-on-the-public-sector-finances-july-2023/,wayback,https://web.archive.org/web/20231012204010id_/https://obr.uk/docs/dlm_uploads/July-PSF-commentary.pdf,2023-10-12T20:40:10+00:00,2026-09-29T15:31:36+00:00,7ce645e11319bda1f1e9dea9c7ba5018efb9fd071bdf9deda6730def16a296fb,161305,"Tue, 22 Aug 2023 07:38:52 GMT",application/pdf,200,R1 pilot corpus; 1 distinct captures of this URL
raw/documents/obr/pilot/psf_commentary/August-2023-PSF-commentary.pdf,https://obr.uk/download/commentary-on-the-public-sector-finances-august-2023/,wayback,https://web.archive.org/web/20231020084208id_/https://obr.uk/docs/dlm_uploads/August-2023-PSF-commentary.pdf,2023-10-20T08:42:08+00:00,2026-09-29T15:31:49+00:00,cd35317ebee349856218b5167111dd07e0c205d4cec0846f20d91e537ef7c854,243467,"Thu, 21 Sep 2023 10:02:59 GMT",application/pdf,200,R1 pilot corpus; 1 distinct captures of this URL
raw/documents/obr/pilot/psf_commentary/September-PSF-commentary.pdf,https://obr.uk/download/commentary-on-the-public-sector-finances-september-2023/,wayback,https://web.archive.org/web/20231230115334id_/https://obr.uk/docs/dlm_uploads/September-PSF-commentary.pdf,2023-12-30T11:53:34+00:00,2026-09-29T15:31:53+00:00,94f97421c9c8beda093004a17e75e7bab144b8f096321f231abae86aae923648,159959,"Fri, 20 Oct 2023 08:30:39 GMT",application/pdf,200,R1 pilot corpus; 1 distinct captures of this URL
raw/documents/obr/pilot/efo/Nov-2023-EFO-National-Living-Wage-forecast.pdf,https://obr.uk/download/november-2023-economic-and-fiscal-outlook-national-living-wage/,wayback,https://web.archive.org/web/20250422053610id_/https://obr.uk/docs/dlm_uploads/Nov-2023-EFO-National-Living-Wage-forecast.pdf,2025-04-22T05:36:10+00:00,2026-09-29T15:32:00+00:00,e112bd32984efb38d89c882e6d8484edd05c2877783249bb8367333ead8a5e84,180470,"Wed, 06 Dec 2023 19:19:46 GMT",application/pdf,200,R1 pilot corpus; 1 distinct captures of this URL
raw/documents/obr/pilot/efo/Nov-2023-EFO-additional-taxpayers-by-tax-rate-band.pdf,https://obr.uk/download/november-2023-economic-and-fiscal-outlook-additional-taxpayers-by-tax-rate-band/,wayback,https://web.archive.org/web/20250422114329id_/https://obr.uk/docs/dlm_uploads/Nov-2023-EFO-additional-taxpayers-by-tax-rate-band.pdf,2025-04-22T11:43:29+00:00,2026-09-29T15:32:08+00:00,8923c115c985187b9d08c186203baaba2839f912bc412157368efeb89e17cc84,179868,"Wed, 06 Dec 2023 20:02:04 GMT",application/pdf,200,R1 pilot corpus; 1 distinct captures of this URL
raw/documents/obr/pilot/efo/November-2023-Economic-and-fiscal-outlook-presentation-slides.pdf,https://obr.uk/download/november-2023-economic-and-fiscal-outlook-presentation-slides/,wayback,https://web.archive.org/web/20240104194927id_/https://obr.uk/docs/dlm_uploads/November-2023-Economic-and-fiscal-outlook-presentation-slides.pdf,2024-01-04T19:49:27+00:00,2026-09-29T15:32:14+00:00,98f9e91c8373c8db9e1213611bee1d06f17ca9e5b06edf6016bd5054801c6d34,391254,"Wed, 22 Nov 2023 14:15:08 GMT",application/pdf,200,R1 pilot corpus; 1 distinct captures of this URL
raw/documents/obr/pilot/efo/November-2023-Economic-and-fiscal-outlook-WCA-reform.pdf,https://obr.uk/download/november-2023-economic-and-fiscal-outlook-wca-reform/,wayback,https://web.archive.org/web/20250303203445id_/https://obr.uk/docs/dlm_uploads/November-2023-Economic-and-fiscal-outlook-WCA-reform.pdf,2025-03-03T20:34:45+00:00,2026-09-29T15:32:19+00:00,0dae84a6e696aa7d02e8201bf77caf8bcadf76d39f83c04941c773152219d3e2,178396,"Thu, 11 Jan 2024 10:23:54 GMT",application/pdf,200,R1 pilot corpus; 1 distinct captures of this URL
raw/documents/obr/pilot/efo/November-2023-Economic-and-fiscal-outlook-presentation-script.pdf,https://obr.uk/download/march-2023-economic-and-fiscal-outlook-speaking-notes-2/,wayback,https://web.archive.org/web/20250426091921id_/https://obr.uk/docs/dlm_uploads/November-2023-Economic-and-fiscal-outlook-presentation-script.pdf,2025-04-26T09:19:21+00:00,2026-09-29T15:32:26+00:00,d0bb8df3d1dda0871d8100f976e7873530424416143787184f5f5e2d05436410,119644,"Wed, 22 Nov 2023 14:15:08 GMT",application/pdf,200,R1 pilot corpus; 1 distinct captures of this URL
raw/documents/obr/pilot/efo/Devolved_Nov2023.pdf,https://obr.uk/download/november-2023-devolved-tax-and-spending-forecasts/,wayback,https://web.archive.org/web/20240613182836id_/https://obr.uk/docs/dlm_uploads/Devolved_Nov2023.pdf,2024-06-13T18:28:36+00:00,2026-09-29T15:32:32+00:00,bb7af2ed81e18841c2b876b29484c4290ab49154e993c8807e24687ac3ed5c99,506742,"Thu, 23 Nov 2023 16:34:48 GMT",application/pdf,200,R1 pilot corpus; 1 distinct captures of this URL
raw/documents/obr/pilot/efo/Nov-2023-EFO-electricity-price-forecast.pdf,https://obr.uk/download/november-2023-economic-and-fiscal-outlook-electricity-price-forecast/,wayback,https://web.archive.org/web/20250422153606id_/https://obr.uk/docs/dlm_uploads/Nov-2023-EFO-electricity-price-forecast.pdf,2025-04-22T15:36:06+00:00,2026-09-29T15:32:38+00:00,d6c0b41d6c1e959b71da4f47f14481c6d9e4f72e14587e39e6536bbcfa67fcee,185708,"Wed, 06 Dec 2023 19:35:30 GMT",application/pdf,200,R1 pilot corpus; 1 distinct captures of this URL
raw/documents/obr/pilot/efo/The-economic-effects-of-full-expensing.pdf,https://obr.uk/download/the-economic-effects-of-full-expensing/,wayback,https://web.archive.org/web/20250504083533id_/https://obr.uk/docs/dlm_uploads/The-economic-effects-of-full-expensing.pdf,2025-05-04T08:35:33+00:00,2026-09-29T15:32:45+00:00,34ea9c15363990b39ce1043917d308d77323bbdb2a9f030bc49b5025c1d9f327,224156,"Wed, 07 Feb 2024 17:37:00 GMT",application/pdf,200,R1 pilot corpus; 1 distinct captures of this URL
raw/documents/obr/pilot/efo/Log_of_contact_EFO_Nov23.pdf,https://obr.uk/download/log-of-substantive-contact-between-the-office-for-budget-responsibility-and-treasury-ministers-and-their-special-advisers-and-private-office-staff-between-13-july-2023-and-21-november-2023/,wayback,https://web.archive.org/web/20240104193610id_/https://obr.uk/docs/dlm_uploads/Log_of_contact_EFO_Nov23.pdf,2024-01-04T19:36:10+00:00,2026-09-29T15:32:52+00:00,32f226ddbbdfb896b1d5e92ccae64aabdb29fd51c8b1129a5aa8edbd67b2ea3b,196231,"Fri, 01 Dec 2023 18:32:51 GMT",application/pdf,200,R1 pilot corpus; 1 distinct captures of this URL
raw/documents/obr/pilot/efo/Twitter_video_transcript_November_2023.pdf,https://obr.uk/download/november-2023-economic-and-fiscal-outlook-5-things-video-transcription/,wayback,https://web.archive.org/web/20250421224637id_/https://obr.uk/docs/dlm_uploads/Twitter_video_transcript_November_2023.pdf,2025-04-21T22:46:37+00:00,2026-09-29T15:32:57+00:00,eb125bf307578159f3c1b6024ee16581f61c8258d2168d702cdf6b86c91042f1,58969,"Wed, 22 Nov 2023 14:15:08 GMT",application/pdf,200,R1 pilot corpus; 1 distinct captures of this URL
raw/documents/obr/pilot/efo/NICS-Cut-Impact-on-Labour-Supply-Note.pdf,https://obr.uk/download/the-labour-supply-effects-of-the-autumn-2023-national-insurance-contributions-cut/,wayback,https://web.archive.org/web/20250426003511id_/https://obr.uk/docs/dlm_uploads/NICS-Cut-Impact-on-Labour-Supply-Note.pdf,2025-04-26T00:35:11+00:00,2026-09-29T15:33:04+00:00,088d1a962c01d803d0ac6ba800896bb47dd4e2c8da0dc6a3254ae1c99e693fd7,293662,"Thu, 08 Feb 2024 10:19:24 GMT",application/pdf,200,R1 pilot corpus; 1 distinct captures of this URL
raw/documents/obr/pilot/efo/November_2023_Deposit_rate_forecast.pdf,https://obr.uk/download/november-2023-economic-and-fiscal-outlook-deposit-rate-forecast/,wayback,https://web.archive.org/web/20240104194853id_/https://obr.uk/docs/dlm_uploads/November_2023_Deposit_rate_forecast.pdf,2024-01-04T19:48:53+00:00,2026-09-29T15:33:10+00:00,966ca584243ab562161bddc7ff550896375d22854458294a6221e766f63209b6,106820,"Thu, 21 Dec 2023 07:22:59 GMT",application/pdf,200,R1 pilot corpus; 1 distinct captures of this URL
raw/documents/obr/pilot/efo/E03004355_November-Economic-and-Fiscal-Outlook_Web-Accessible.pdf,https://obr.uk/download/economic-and-fiscal-outlook-november-2023/,wayback,https://web.archive.org/web/20250425112113id_/https://obr.uk/docs/dlm_uploads/E03004355_November-Economic-and-Fiscal-Outlook_Web-Accessible.pdf,2025-04-25T11:21:13+00:00,2026-09-29T15:33:19+00:00,07c53ee1cfd50c32867a7d251b64a5161873e92488c0134ef9aabdcf507b7e66,3133050,"Wed, 22 Nov 2023 10:37:10 GMT",application/pdf,200,R1 pilot corpus; 2 distinct captures of this URL
raw/documents/obr/pilot/fer/Forecast_evaluation_report_December_2021_accessible.pdf,https://obr.uk/download/forecast-evaluation-report-december-2021/,wayback,https://web.archive.org/web/20250623140459id_/https://obr.uk/docs/dlm_uploads/Forecast_evaluation_report_December_2021_accessible.pdf,2025-06-23T14:04:59+00:00,2026-09-29T15:33:26+00:00,15bf77182678c06430016012fc8753ac4afd037953289cc6791a98b8a345ea55,968166,"Thu, 09 Dec 2021 10:01:37 GMT",application/pdf,200,R1 pilot corpus; 1 distinct captures of this URL
raw/documents/obr/pilot/fer/Forecast-evaluation-report-October-2023.pdf,https://obr.uk/download/forecast-evaluation-report-october-2023/,wayback,https://web.archive.org/web/20250524211150id_/https://obr.uk/docs/dlm_uploads/Forecast-evaluation-report-October-2023.pdf,2025-05-24T21:11:50+00:00,2026-09-29T15:33:31+00:00,4591e453efb454adfcc09d4829f31b22b63f2b20705e6c706d134c216974cd32,857745,"Thu, 19 Oct 2023 08:33:13 GMT",application/pdf,200,R1 pilot corpus; 1 distinct captures of this URL
raw/manual/pilot/cbo_a955150a23.pdf,https://www.cbo.gov/publication/62552,manual,https://www.cbo.gov/publication/62552,,2026-09-29T15:36:31+00:00,9d35b84a48ede1effe0d179f07ce4f5393c700dd50bdbb71e49d8506ca3c3b03,611555,,pdf,200,downloaded in a browser; the server's Last-Modified header is not kept; R1 pilot corpus; no usable archived copy
raw/manual/pilot/obr_03aa93526e.pdf,https://obr.uk/download/executive-summary-july-2015/,manual,https://obr.uk/download/executive-summary-july-2015/,,2026-09-29T15:37:19+00:00,d77da2da005851118ce1cb06682980fe69b24e0d0a5ad7076170fc549ddd30dc,404129,,pdf,200,downloaded in a browser; the server's Last-Modified header is not kept; R1 pilot corpus; no usable archived copy
raw/manual/pilot/obr_2ca0564ec4.pdf,https://obr.uk/download/economic-and-fiscal-outlook-press-notice-july-2015/,manual,https://obr.uk/download/economic-and-fiscal-outlook-press-notice-july-2015/,,2026-09-29T15:37:55+00:00,5c10ec41f02bc0a1a2b75ed2ae19be30d186cf43eed348b9c7c0f54a4185451f,106200,,pdf,200,downloaded in a browser; the server's Last-Modified header is not kept; R1 pilot corpus; no usable archived copy
raw/manual/pilot/obr_42eb821484.pdf,https://obr.uk/download/overview-july-2015/,manual,https://obr.uk/download/overview-july-2015/,,2026-09-29T15:39:01+00:00,d644bd104ebb6145c1a1aa5fcf48c42367cd17bd2a818a748df0e243db2b167c,288155,,pdf,200,downloaded in a browser; the server's Last-Modified header is not kept; R1 pilot corpus; no usable archived copy
raw/manual/pilot/obr_f0cd4a637e.xlsx,https://obr.uk/download/data-sources-july-2015/,manual,https://obr.uk/download/data-sources-july-2015/,,2026-09-29T15:39:48+00:00,11600954940d84acebd0109d2efe09b9716c624911768d120400b6ab8467fda4,40188,,xlsx,200,downloaded in a browser; the server's Last-Modified header is not kept; R1 pilot corpus; no usable archived copy
raw/manual/pilot/obr_8ee2b5010a.pdf,https://obr.uk/download/overview-november-2015/,manual,https://obr.uk/download/overview-november-2015/,,2026-09-29T15:39:59+00:00,9a9d9519bcd3dc5558418ea1b67aa7b3c2fdb64aebefa8ef540e42a583810427,1542235,,pdf,200,downloaded in a browser; the server's Last-Modified header is not kept; R1 pilot corpus; no usable archived copy
raw/manual/pilot/obr_cb9fe3bbe8.pdf,https://obr.uk/download/executive-summary-november-2015/,manual,https://obr.uk/download/executive-summary-november-2015/,,2026-09-29T15:40:11+00:00,85954ecb072cbb98aecce8fcca4793cf6537ebf55cc9a796a2879ea8d0c25713,1693772,,pdf,200,downloaded in a browser; the server's Last-Modified header is not kept; R1 pilot corpus; no usable archived copy
raw/manual/pilot/obr_f34002a5ae.pdf,https://obr.uk/download/devolved-taxes-forecast-november-2015/,manual,https://obr.uk/download/devolved-taxes-forecast-november-2015/,,2026-09-29T15:40:32+00:00,5d4c4556d9262db866020c45b44160c7d8177797b19ed3b4a28808160718d3b1,268024,,pdf,200,downloaded in a browser; the server's Last-Modified header is not kept; R1 pilot corpus; no usable archived copy
raw/manual/pilot/obr_0191ec00a0.xlsx,https://obr.uk/download/november-2017-economic-fiscal-outlook-data-sources/,manual,https://obr.uk/download/november-2017-economic-fiscal-outlook-data-sources/,,2026-09-29T15:40:56+00:00,423e4d7e99710946f5af2250f27f0af789ac1146d9fec8e1703d197acb9cfde0,49467,,xlsx,200,downloaded in a browser; the server's Last-Modified header is not kept; R1 pilot corpus; no usable archived copy
raw/manual/pilot/obr_c100f8ccf7.pdf,https://obr.uk/download/november-2017-economic-and-fiscal-outlook-executive-summary/,manual,https://obr.uk/download/november-2017-economic-and-fiscal-outlook-executive-summary/,,2026-09-29T15:41:28+00:00,609fc4f18ce4437742a30da3b915ee73bf899f3daf2660d564e16216dbc1061f,175777,,pdf,200,downloaded in a browser; the server's Last-Modified header is not kept; R1 pilot corpus; no usable archived copy
raw/manual/pilot/obr_501a78fbf3.pdf,https://obr.uk/download/october-2018-economic-fiscal-outlook-student-entrants-forecast-methodology-change/,manual,https://obr.uk/download/october-2018-economic-fiscal-outlook-student-entrants-forecast-methodology-change/,,2026-09-29T15:41:50+00:00,e4909c945e429c4d7096eb6c0780ced299a3cfab56af52ee47de091ae4650bed,63629,,pdf,200,downloaded in a browser; the server's Last-Modified header is not kept; R1 pilot corpus; no usable archived copy
raw/manual/pilot/obr_9d79fd5288.pdf,https://obr.uk/download/march-2023-economic-and-fiscal-outlook-cpi-inflation-categories/,manual,https://obr.uk/download/march-2023-economic-and-fiscal-outlook-cpi-inflation-categories/,,2026-09-29T15:41:59+00:00,f0f02ea81bba3b9e925be74896e0ee9e4f0d92906427ca15cfd3941a39c1c3e8,65072,,pdf,200,downloaded in a browser; the server's Last-Modified header is not kept; R1 pilot corpus; no usable archived copy
raw/manual/pilot/obr_872a1ace89.pdf,https://obr.uk/download/commentary-on-the-public-sector-finances-29/,manual,https://obr.uk/download/commentary-on-the-public-sector-finances-29/,,2026-09-29T15:42:10+00:00,36c4fee9a989e38767a3bc0a929ceb0fb6a64e8efedc71bd5def30368a7fc2ab,160015,,pdf,200,downloaded in a browser; the server's Last-Modified header is not kept; R1 pilot corpus; no usable archived copy
raw/manual/pilot/obr_1a661c6fa1.pdf,https://obr.uk/download/commentary-public-sector-finances-november-2016/,manual,https://obr.uk/download/commentary-public-sector-finances-november-2016/,,2026-09-29T15:42:21+00:00,d7106d535e95f315553f1730eb4daf052789de90d71e3acb7a02fd1297ad7e34,111523,,pdf,200,downloaded in a browser; the server's Last-Modified header is not kept; R1 pilot corpus; no usable archived copy
raw/manual/pilot/obr_3e693c49b7.pdf,https://obr.uk/download/commentary-public-sector-finances-may-2018/,manual,https://obr.uk/download/commentary-public-sector-finances-may-2018/,,2026-09-29T15:42:33+00:00,55cda3be23b850ec5e385347f6c15a37a3f8b9bf2ba1808e24d7e97c52b70dc6,95287,,pdf,200,downloaded in a browser; the server's Last-Modified header is not kept; R1 pilot corpus; no usable archived copy
raw/manual/pilot/obr_b4569a3a6d.pdf,https://obr.uk/download/efo-presentation-slides-july-2015/,manual,https://obr.uk/download/efo-presentation-slides-july-2015/,,2026-09-29T15:39:11+00:00,b942c46dae3518c89436e5f3cf69b97d62c29cf7a1e4ccc25770485b22f38b6e,281940,,pdf,200,downloaded in a browser; the server's Last-Modified header is not kept; R1 pilot corpus; no usable archived copy
raw/manual/pilot/obr_f0b744dfca.pdf,https://obr.uk/download/efo-presentation-slides-november-2015/,manual,https://obr.uk/download/efo-presentation-slides-november-2015/,,2026-09-29T15:40:20+00:00,901f718db6057c81849fee371ae202470b4f17c97ee8f9898adbc6e4ff421dfb,321828,,pdf,200,downloaded in a browser; the server's Last-Modified header is not kept; R1 pilot corpus; no usable archived copy
raw/manual/pilot/obr_235572f72b.pdf,https://obr.uk/download/economic-fiscal-outlook-presentation-slides-march-2016/,manual,https://obr.uk/download/economic-fiscal-outlook-presentation-slides-march-2016/,,2026-09-29T15:40:42+00:00,e5bcc878ab169fba729a4964ad3f29bc5692cabf1c251bb9edd74ed46ff64aed,413065,,pdf,200,downloaded in a browser; the server's Last-Modified header is not kept; R1 pilot corpus; no usable archived copy
raw/manual/pilot/obr_063321e19f.pdf,https://obr.uk/download/economic-fiscal-outlook-presentation-slides-november-2017/,manual,https://obr.uk/download/economic-fiscal-outlook-presentation-slides-november-2017/,,2026-09-29T15:41:14+00:00,215f437fcfb7dae735de0cb38874d729e5fe3970e10fa08e611edf0f4a883261,465483,,pdf,200,downloaded in a browser; the server's Last-Modified header is not kept; R1 pilot corpus; no usable archived copy
raw/manual/pilot/obr_46f2634727.pdf,https://obr.uk/download/economic-and-fiscal-outlook-speaking-notes-october-2018/,manual,https://obr.uk/download/economic-and-fiscal-outlook-speaking-notes-october-2018/,,2026-09-29T15:41:38+00:00,09dcd898c93b3d2ab6dd9fc196d5209a8cf5ee4be4e9cb2459b524effdf7323d,800993,,pdf,200,downloaded in a browser; the server's Last-Modified header is not kept; R1 pilot corpus; no usable archived copy
