identity,baseline_date,projected_fiscal_year,parent_value,children_sum,residual
revenue: Total,1982-02-01,1982,631.0,630.5999999999999,0.40000000000009095
revenue: Total,1982-02-01,1983,652.0,652.5,-0.5
revenue: Total,1982-02-01,1984,701.0,701.3,-0.2999999999999545
revenue: Total,1982-02-01,1985,763.0,763.1,-0.10000000000002274
revenue: Total,1982-02-01,1986,818.0,817.9,0.10000000000002274
revenue: Total,1982-02-01,1987,882.0,880.6999999999999,1.3000000000000682
revenue: Total,1982-09-01,1982,621.0,620.0,1.0
revenue: Total,1982-09-01,1983,633.0,633.0,0.0
revenue: Total,1982-09-01,1984,692.0,692.0,0.0
revenue: Total,1982-09-01,1985,757.0,756.0,1.0
revenue: Total,1983-02-01,1982,617.766,617.7660000000001,-1.1368683772161603e-13
revenue: Total,1983-02-01,1983,606.0,605.8,0.20000000000004547
revenue: Total,1983-02-01,1984,653.0,652.7,0.2999999999999545
revenue: Total,1983-02-01,1985,715.0,715.6,-0.6000000000000227
revenue: Total,1983-02-01,1986,768.0,767.5,0.5
revenue: Total,1983-02-01,1987,822.0,821.4,0.6000000000000227
revenue: Total,1983-02-01,1988,878.0,878.3,-0.2999999999999545
revenue: Total,1983-08-01,1983,600.0,600.0,0.0
revenue: Total,1983-08-01,1984,665.0,665.0,0.0
revenue: Total,1983-08-01,1985,733.0,734.0,-1.0
revenue: Total,1983-08-01,1986,796.0,795.0,1.0
revenue: Total,1984-02-01,1983,600.562,600.562,0.0
revenue: Total,1984-02-01,1984,663.0,663.0000000000001,-1.1368683772161603e-13
revenue: Total,1984-02-01,1985,732.9,732.8999999999999,1.1368683772161603e-13
revenue: Total,1984-02-01,1986,794.8,794.8000000000002,-2.2737367544323206e-13
revenue: Total,1984-02-01,1987,863.4,863.1999999999999,0.20000000000004547
revenue: Total,1984-02-01,1988,945.0,944.9999999999999,1.1368683772161603e-13
revenue: Total,1984-02-01,1989,1015.6,1015.8000000000001,-0.20000000000004547
revenue: Total,1984-08-01,1984,672.9,672.4,0.5
revenue: Total,1984-08-01,1985,751.19,751.19,0.0
revenue: Total,1984-08-01,1986,810.867,810.8669999999998,1.1368683772161603e-13
revenue: Total,1984-08-01,1987,881.117,881.117,0.0
revenue: Total,1984-08-01,1988,964.582,964.5819999999999,1.1368683772161603e-13
revenue: Total,1984-08-01,1989,1041.559,1041.559,0.0
revenue: Total,1985-02-01,1984,666.438,666.485,-0.047000000000025466
revenue: Total,1985-02-01,1985,734.94,734.94,0.0
revenue: Total,1985-02-01,1986,788.44,788.44,0.0
revenue: Total,1985-02-01,1987,855.244,855.244,0.0
revenue: Total,1985-02-01,1988,934.198,934.198,0.0
revenue: Total,1985-02-01,1989,1004.514,1004.5139999999999,1.1368683772161603e-13
revenue: Total,1985-02-01,1990,1087.634,1087.634,0.0
revenue: Total,1985-08-01,1985,736.501,736.501,0.0
revenue: Total,1985-08-01,1986,787.301,787.3009999999999,1.1368683772161603e-13
revenue: Total,1985-08-01,1987,852.869,852.869,0.0
revenue: Total,1985-08-01,1988,931.114,931.1140000000001,-1.1368683772161603e-13
revenue: Total,1985-08-01,1989,1002.321,1002.321,0.0
revenue: Total,1985-08-01,1990,1083.498,1083.498,0.0
revenue: Total,1986-02-01,1985,734.037,734.0889999999999,-0.05199999999990723
revenue: Total,1986-02-01,1986,777.832,777.832,0.0
revenue: Total,1986-02-01,1987,844.003,844.003,0.0
revenue: Total,1986-02-01,1988,920.994,920.994,0.0
revenue: Total,1986-02-01,1989,991.325,991.325,0.0
revenue: Total,1986-02-01,1990,1067.506,1067.5059999999999,2.2737367544323206e-13
revenue: Total,1986-02-01,1991,1143.649,1143.6490000000001,-2.2737367544323206e-13
revenue: Total,1986-08-01,1986,766.858,766.858,0.0
revenue: Total,1986-08-01,1987,827.85,827.8499999999999,1.1368683772161603e-13
revenue: Total,1986-08-01,1988,914.839,914.8389999999998,2.2737367544323206e-13
revenue: Total,1986-08-01,1989,986.678,986.6780000000001,-1.1368683772161603e-13
revenue: Total,1986-08-01,1990,1066.652,1066.6519999999998,2.2737367544323206e-13
revenue: Total,1986-08-01,1991,1148.474,1148.4740000000002,-2.2737367544323206e-13
revenue: Total,1987-01-01,1986,769.155,769.215,-0.06000000000005912
revenue: Total,1987-01-01,1987,833.855,833.8550000000001,-1.1368683772161603e-13
revenue: Total,1987-01-01,1988,900.197,900.1969999999999,1.1368683772161603e-13
revenue: Total,1987-01-01,1989,961.836,961.836,0.0
revenue: Total,1987-01-01,1990,1050.416,1050.416,0.0
revenue: Total,1987-01-01,1991,1137.533,1137.533,0.0
revenue: Total,1987-01-01,1992,1220.186,1220.186,0.0
revenue: Total,1987-08-01,1987,852.937,852.9370000000001,-1.1368683772161603e-13
revenue: Total,1987-08-01,1988,897.014,897.0140000000001,-1.1368683772161603e-13
revenue: Total,1987-08-01,1989,953.978,953.9779999999998,1.1368683772161603e-13
revenue: Total,1987-08-01,1990,1035.881,1035.8809999999999,2.2737367544323206e-13
revenue: Total,1987-08-01,1991,1115.094,1115.0939999999998,2.2737367544323206e-13
revenue: Total,1987-08-01,1992,1194.502,1194.502,0.0
revenue: Total,1988-02-01,1987,854.288,854.3540000000002,-0.06600000000014461
revenue: Total,1988-02-01,1988,897.336,897.3360000000001,-1.1368683772161603e-13
revenue: Total,1988-02-01,1989,952.992,952.9919999999998,1.1368683772161603e-13
revenue: Total,1988-02-01,1990,1035.987,1035.987,0.0
revenue: Total,1988-02-01,1991,1111.91,1111.9100000000003,-2.2737367544323206e-13
revenue: Total,1988-02-01,1992,1181.324,1181.324,0.0
revenue: Total,1988-02-01,1993,1262.201,1262.2009999999998,2.2737367544323206e-13
revenue: Total,1988-08-01,1988,908.44,908.44,0.0
revenue: Total,1988-08-01,1989,979.774,979.7739999999999,1.1368683772161603e-13
revenue: Total,1988-08-01,1990,1064.196,1064.1960000000001,-2.2737367544323206e-13
revenue: Total,1988-08-01,1991,1133.716,1133.7160000000001,-2.2737367544323206e-13
revenue: Total,1988-08-01,1992,1202.158,1202.1580000000001,-2.2737367544323206e-13
revenue: Total,1988-08-01,1993,1275.701,1275.701,0.0
revenue: Total,1988-08-01,1994,1353.821,1353.8210000000004,-4.547473508864641e-13
revenue: Total,1989-01-01,1988,909.238,909.302,-0.06399999999996453
revenue: Total,1989-01-01,1989,982.9,982.9000000000001,-1.1368683772161603e-13
revenue: Total,1989-01-01,1990,1068.634,1068.6339999999998,2.2737367544323206e-13
revenue: Total,1989-01-01,1991,1140.154,1140.1539999999998,2.2737367544323206e-13
revenue: Total,1989-01-01,1992,1208.659,1208.6589999999999,2.2737367544323206e-13
revenue: Total,1989-01-01,1993,1280.479,1280.479,0.0
revenue: Total,1989-01-01,1994,1358.724,1358.7239999999997,2.2737367544323206e-13
revenue: Total,1989-08-01,1989,991.026,991.026,0.0
revenue: Total,1989-08-01,1990,1071.438,1071.4379999999999,2.2737367544323206e-13
revenue: Total,1989-08-01,1991,1137.7,1137.7,0.0
revenue: Total,1989-08-01,1992,1207.089,1207.0890000000002,-2.2737367544323206e-13
revenue: Total,1989-08-01,1993,1287.03,1287.0300000000002,-2.2737367544323206e-13
revenue: Total,1989-08-01,1994,1372.154,1372.154,0.0
revenue: Total,1990-01-01,1989,991.105,991.1899999999998,-0.084999999999809
revenue: Total,1990-01-01,1990,1067.168,1067.1680000000001,-2.2737367544323206e-13
revenue: Total,1990-01-01,1991,1137.259,1137.2589999999998,2.2737367544323206e-13
revenue: Total,1990-01-01,1992,1203.753,1203.7530000000002,-2.2737367544323206e-13
revenue: Total,1990-01-01,1993,1276.653,1276.653,0.0
revenue: Total,1990-01-01,1994,1354.546,1354.5459999999998,2.2737367544323206e-13
revenue: Total,1990-01-01,1995,1437.663,1437.6630000000002,-2.2737367544323206e-13
revenue: Total,1990-07-01,1990,1043.81,1043.81,0.0
revenue: Total,1990-07-01,1991,1123.21,1123.21,0.0
revenue: Total,1990-07-01,1992,1187.741,1187.7409999999998,2.2737367544323206e-13
revenue: Total,1990-07-01,1993,1260.441,1260.4409999999998,2.2737367544323206e-13
revenue: Total,1990-07-01,1994,1336.658,1336.6580000000004,-4.547473508864641e-13
revenue: Total,1990-07-01,1995,1416.857,1416.857,0.0
revenue: Total,1991-01-01,1990,1031.958,1031.968,-0.009999999999990905
revenue: Total,1991-01-01,1991,1093.781,1093.7810000000002,-2.2737367544323206e-13
revenue: Total,1991-01-01,1992,1169.707,1169.7069999999999,2.2737367544323206e-13
revenue: Total,1991-01-01,1993,1251.001,1251.0009999999997,2.2737367544323206e-13
revenue: Total,1991-01-01,1994,1331.854,1331.8539999999998,2.2737367544323206e-13
revenue: Total,1991-01-01,1995,1415.913,1415.913,0.0
revenue: Total,1991-01-01,1996,1496.364,1496.3640000000003,-2.2737367544323206e-13
revenue: Total,1991-08-01,1991,1058.048,1058.0480000000002,-2.2737367544323206e-13
revenue: Total,1991-08-01,1992,1141.293,1141.2930000000001,-2.2737367544323206e-13
revenue: Total,1991-08-01,1993,1223.466,1223.4660000000001,-2.2737367544323206e-13
revenue: Total,1991-08-01,1994,1299.498,1299.4979999999998,2.2737367544323206e-13
revenue: Total,1991-08-01,1995,1376.625,1376.6249999999998,2.2737367544323206e-13
revenue: Total,1991-08-01,1996,1449.145,1449.1449999999998,2.2737367544323206e-13
revenue: Total,1991-08-01,1997,1532.44,1532.44,0.0
revenue: Total,1991-08-01,1998,1617.575,1617.5749999999996,4.547473508864641e-13
revenue: Total,1991-08-01,1999,1706.962,1706.9620000000002,-2.2737367544323206e-13
revenue: Total,1991-08-01,2000,1801.629,1801.629,0.0
revenue: Total,1991-08-01,2001,1902.445,1902.445,0.0
revenue: Total,1992-01-01,1991,1054.988,1055.0410000000002,-0.05300000000011096
revenue: Total,1992-01-01,1992,1102.444,1102.4439999999997,2.2737367544323206e-13
revenue: Total,1992-01-01,1993,1178.68,1178.68,0.0
revenue: Total,1992-01-01,1994,1262.685,1262.6850000000002,-2.2737367544323206e-13
revenue: Total,1992-01-01,1995,1341.525,1341.5249999999999,2.2737367544323206e-13
revenue: Total,1992-01-01,1996,1415.101,1415.101,0.0
revenue: Total,1992-01-01,1997,1491.612,1491.6120000000003,-2.2737367544323206e-13
revenue: Total,1992-01-01,1998,1579.9,1579.863,0.03700000000003456
revenue: Total,1992-01-01,1999,1667.3,1667.287,0.012999999999919964
revenue: Total,1992-01-01,2000,1757.5,1757.5420000000001,-0.0420000000001437
revenue: Total,1992-01-01,2001,1853.6,1853.63,-0.03000000000020009
revenue: Total,1992-01-01,2002,1955.0,1954.966,0.0340000000001055
revenue: Total,1992-03-01,1992,1087.818,1087.8179999999998,2.2737367544323206e-13
revenue: Total,1992-03-01,1993,1173.438,1173.4379999999999,2.2737367544323206e-13
revenue: Total,1992-03-01,1994,1261.578,1261.578,0.0
revenue: Total,1992-03-01,1995,1339.908,1339.908,0.0
revenue: Total,1992-03-01,1996,1413.145,1413.145,0.0
revenue: Total,1992-03-01,1997,1489.916,1489.9160000000002,-2.2737367544323206e-13
revenue: Total,1992-08-01,1992,1088.112,1088.112,0.0
revenue: Total,1992-08-01,1993,1162.092,1162.0919999999999,2.2737367544323206e-13
revenue: Total,1992-08-01,1994,1242.236,1242.2359999999996,4.547473508864641e-13
revenue: Total,1992-08-01,1995,1322.547,1322.5469999999996,4.547473508864641e-13
revenue: Total,1992-08-01,1996,1389.931,1389.9309999999998,2.2737367544323206e-13
revenue: Total,1992-08-01,1997,1455.069,1455.0689999999997,2.2737367544323206e-13
revenue: Total,1992-08-01,1998,1534.488,1534.4880000000003,-2.2737367544323206e-13
revenue: Total,1992-08-01,1999,1612.464,1612.4640000000004,-4.547473508864641e-13
revenue: Total,1992-08-01,2000,1693.241,1693.2409999999995,4.547473508864641e-13
revenue: Total,1992-08-01,2001,1779.004,1779.0040000000001,-2.2737367544323206e-13
revenue: Total,1992-08-01,2002,1869.685,1869.6850000000002,-2.2737367544323206e-13
revenue: Total,1993-01-01,1992,1091.208,1091.278,-0.06999999999993634
revenue: Total,1993-01-01,1993,1142.653,1142.6530000000002,-2.2737367544323206e-13
revenue: Total,1993-01-01,1994,1215.303,1215.3029999999999,2.2737367544323206e-13
revenue: Total,1993-01-01,1995,1290.647,1290.647,0.0
revenue: Total,1993-01-01,1996,1356.242,1356.2420000000004,-4.547473508864641e-13
revenue: Total,1993-01-01,1997,1413.74,1413.7400000000002,-2.2737367544323206e-13
revenue: Total,1993-01-01,1998,1481.641,1481.641,0.0
revenue: Total,1993-01-01,1999,1539.582,1539.582,0.0
revenue: Total,1993-01-01,2000,1599.886,1599.886,0.0
revenue: Total,1993-01-01,2001,1664.469,1664.4689999999998,2.2737367544323206e-13
revenue: Total,1993-01-01,2002,1732.813,1732.813,0.0
revenue: Total,1993-01-01,2003,1804.319,1804.3190000000002,-2.2737367544323206e-13
revenue: Total,1993-03-01,1993,1141.898,1141.8980000000001,-2.2737367544323206e-13
revenue: Total,1993-03-01,1994,1214.415,1214.415,0.0
revenue: Total,1993-03-01,1995,1289.752,1289.752,0.0
revenue: Total,1993-03-01,1996,1355.343,1355.3430000000003,-2.2737367544323206e-13
revenue: Total,1993-03-01,1997,1412.667,1412.6670000000001,-2.2737367544323206e-13
revenue: Total,1993-03-01,1998,1480.469,1480.4690000000003,-2.2737367544323206e-13
revenue: Total,1993-03-01,1999,1538.302,1538.3020000000001,-2.2737367544323206e-13
revenue: Total,1993-03-01,2000,1598.488,1598.4879999999998,2.2737367544323206e-13
revenue: Total,1993-03-01,2001,1662.942,1662.942,0.0
revenue: Total,1993-03-01,2002,1731.145,1731.1450000000002,-2.2737367544323206e-13
revenue: Total,1993-03-01,2003,1802.497,1802.497,0.0
revenue: Total,1993-09-01,1993,1150.475,1150.4750000000001,-2.2737367544323206e-13
revenue: Total,1993-09-01,1994,1243.81,1243.81,0.0
revenue: Total,1993-09-01,1995,1332.498,1332.498,0.0
revenue: Total,1993-09-01,1996,1402.582,1402.5819999999997,4.547473508864641e-13
revenue: Total,1993-09-01,1997,1471.697,1471.6970000000001,-2.2737367544323206e-13
revenue: Total,1993-09-01,1998,1546.522,1546.5220000000002,-2.2737367544323206e-13
revenue: Total,1993-09-01,1999,1616.684,1616.6839999999997,2.2737367544323206e-13
revenue: Total,1993-09-01,2000,1690.232,1690.2319999999997,2.2737367544323206e-13
revenue: Total,1993-09-01,2001,1767.671,1767.671,0.0
revenue: Total,1993-09-01,2002,1848.452,1848.4520000000002,-2.2737367544323206e-13
revenue: Total,1993-09-01,2003,1933.787,1933.7869999999998,2.2737367544323206e-13
revenue: Total,1994-01-01,1993,1154.335,1154.4009999999998,-0.06599999999980355
revenue: Total,1994-01-01,1994,1250.51,1250.5099999999998,2.2737367544323206e-13
revenue: Total,1994-01-01,1995,1338.2,1338.2,0.0
revenue: Total,1994-01-01,1996,1410.749,1410.749,0.0
revenue: Total,1994-01-01,1997,1478.748,1478.7479999999998,2.2737367544323206e-13
revenue: Total,1994-01-01,1998,1555.907,1555.9070000000002,-2.2737367544323206e-13
revenue: Total,1994-01-01,1999,1629.926,1629.9260000000002,-2.2737367544323206e-13
revenue: Total,1994-01-01,2000,1705.528,1705.528,0.0
revenue: Total,1994-01-01,2001,1783.376,1783.3759999999997,2.2737367544323206e-13
revenue: Total,1994-01-01,2002,1867.705,1867.7050000000002,-2.2737367544323206e-13
revenue: Total,1994-01-01,2003,1957.747,1957.7470000000003,-2.2737367544323206e-13
revenue: Total,1994-01-01,2004,2053.522,2053.522,0.0
revenue: Total,1994-08-01,1994,1265.41,1265.4099999999999,2.2737367544323206e-13
revenue: Total,1994-08-01,1995,1362.919,1362.9189999999996,4.547473508864641e-13
revenue: Total,1994-08-01,1996,1432.614,1432.614,0.0
revenue: Total,1994-08-01,1997,1491.576,1491.5759999999998,2.2737367544323206e-13
revenue: Total,1994-08-01,1998,1561.511,1561.511,0.0
revenue: Total,1994-08-01,1999,1632.444,1632.4440000000002,-2.2737367544323206e-13
revenue: Total,1994-08-01,2000,1712.886,1712.8860000000002,-2.2737367544323206e-13
revenue: Total,1994-08-01,2001,1798.895,1798.895,0.0
revenue: Total,1994-08-01,2002,1890.569,1890.569,0.0
revenue: Total,1994-08-01,2003,1988.331,1988.3309999999997,2.2737367544323206e-13
revenue: Total,1994-08-01,2004,2090.866,2090.866,0.0
revenue: Total,1995-01-01,1994,1258.566,1258.6279999999997,-0.06199999999967076
revenue: Total,1995-01-01,1995,1355.213,1355.213,0.0
revenue: Total,1995-01-01,1996,1417.72,1417.72,0.0
revenue: Total,1995-01-01,1997,1475.496,1475.496,0.0
revenue: Total,1995-01-01,1998,1546.405,1546.4050000000002,-2.2737367544323206e-13
revenue: Total,1995-01-01,1999,1618.306,1618.3060000000003,-2.2737367544323206e-13
revenue: Total,1995-01-01,2000,1697.488,1697.488,0.0
revenue: Total,1995-01-01,2001,1786.652,1786.652,0.0
revenue: Total,1995-01-01,2002,1879.632,1879.6319999999998,2.2737367544323206e-13
revenue: Total,1995-01-01,2003,1977.56,1977.5599999999997,2.2737367544323206e-13
revenue: Total,1995-01-01,2004,2081.785,2081.785,0.0
revenue: Total,1995-01-01,2005,2190.57,2190.5699999999997,4.547473508864641e-13
revenue: Total,1995-08-01,1995,1356.749,1356.7489999999998,2.2737367544323206e-13
revenue: Total,1995-08-01,1996,1413.087,1413.087,0.0
revenue: Total,1995-08-01,1997,1467.595,1467.595,0.0
revenue: Total,1995-08-01,1998,1536.932,1536.9319999999998,2.2737367544323206e-13
revenue: Total,1995-08-01,1999,1611.919,1611.9189999999996,4.547473508864641e-13
revenue: Total,1995-08-01,2000,1693.957,1693.957,0.0
revenue: Total,1995-08-01,2001,1779.424,1779.424,0.0
revenue: Total,1995-08-01,2002,1870.404,1870.404,0.0
revenue: Total,1995-08-01,2003,1965.858,1965.858,0.0
revenue: Total,1995-08-01,2004,2066.275,2066.275,0.0
revenue: Total,1995-08-01,2005,2174.704,2174.704,0.0
revenue: Total,1995-12-01,1995,1351.79,1351.8299999999997,-0.03999999999973625
revenue: Total,1995-12-01,1996,1422.843,1422.8439999999998,-0.0009999999997489795
revenue: Total,1995-12-01,1997,1486.859,1486.8590000000002,-2.2737367544323206e-13
revenue: Total,1995-12-01,1998,1552.611,1552.611,0.0
revenue: Total,1995-12-01,1999,1625.136,1625.1370000000002,-0.0010000000002037268
revenue: Total,1995-12-01,2000,1703.177,1703.1770000000001,-2.2737367544323206e-13
revenue: Total,1995-12-01,2001,1783.14,1783.14,0.0
revenue: Total,1995-12-01,2002,1871.473,1871.4740000000002,-0.0010000000002037268
revenue: Total,1995-12-01,2003,1965.105,1965.1040000000003,0.0009999999997489795
revenue: Total,1995-12-01,2004,2063.927,2063.928,-0.0009999999997489795
revenue: Total,1995-12-01,2005,2171.725,2171.725,0.0
revenue: Total,1995-12-01,2006,2285.553,2285.5530000000003,-4.547473508864641e-13
revenue: Total,1996-05-01,1996,1428.282,1428.2830000000001,-0.0010000000002037268
revenue: Total,1996-05-01,1997,1483.265,1483.265,0.0
revenue: Total,1996-05-01,1998,1543.573,1543.5730000000003,-2.2737367544323206e-13
revenue: Total,1996-05-01,1999,1609.031,1609.0320000000004,-0.0010000000004311005
revenue: Total,1996-05-01,2000,1680.639,1680.6390000000004,-4.547473508864641e-13
revenue: Total,1996-05-01,2001,1757.62,1757.6209999999999,-0.0009999999999763531
revenue: Total,1996-05-01,2002,1840.152,1840.153,-0.0009999999999763531
revenue: Total,1996-05-01,2003,1930.685,1930.685,0.0
revenue: Total,1996-05-01,2004,2023.029,2023.0300000000002,-0.0010000000002037268
revenue: Total,1996-05-01,2005,2124.044,2124.0440000000003,-4.547473508864641e-13
revenue: Total,1996-05-01,2006,2232.455,2232.4550000000004,-4.547473508864641e-13
revenue: Total,1997-01-01,1996,1453.053,1453.0620000000004,-0.009000000000241926
revenue: Total,1997-01-01,1997,1507.345,1507.3449999999998,2.2737367544323206e-13
revenue: Total,1997-01-01,1998,1566.874,1566.874,0.0
revenue: Total,1997-01-01,1999,1633.565,1633.565,0.0
revenue: Total,1997-01-01,2000,1705.302,1705.3020000000001,-2.2737367544323206e-13
revenue: Total,1997-01-01,2001,1780.914,1780.914,0.0
revenue: Total,1997-01-01,2002,1860.246,1860.246,0.0
revenue: Total,1997-01-01,2003,1943.229,1943.229,0.0
revenue: Total,1997-01-01,2004,2033.127,2033.127,0.0
revenue: Total,1997-01-01,2005,2127.427,2127.427,0.0
revenue: Total,1997-01-01,2006,2226.693,2226.6929999999998,4.547473508864641e-13
revenue: Total,1997-01-01,2007,2332.768,2332.7679999999996,4.547473508864641e-13
revenue: Total,1997-03-01,1997,1506.902,1506.9019999999998,2.2737367544323206e-13
revenue: Total,1997-03-01,1998,1566.472,1566.472,0.0
revenue: Total,1997-03-01,1999,1633.164,1633.164,0.0
revenue: Total,1997-03-01,2000,1704.903,1704.903,0.0
revenue: Total,1997-03-01,2001,1780.617,1780.617,0.0
revenue: Total,1997-03-01,2002,1860.153,1860.153,0.0
revenue: Total,1997-03-01,2003,1943.239,1943.239,0.0
revenue: Total,1997-03-01,2004,2033.14,2033.14,0.0
revenue: Total,1997-03-01,2005,2127.443,2127.443,0.0
revenue: Total,1997-03-01,2006,2226.812,2226.812,0.0
revenue: Total,1997-03-01,2007,2332.891,2332.890999999999,9.094947017729282e-13
revenue: Total,1997-09-01,1997,1578.003,1578.003,0.0
revenue: Total,1997-09-01,1998,1634.843,1634.8429999999998,2.2737367544323206e-13
revenue: Total,1997-09-01,1999,1697.543,1697.543,0.0
revenue: Total,1997-09-01,2000,1750.994,1750.9940000000004,-4.547473508864641e-13
revenue: Total,1997-09-01,2001,1820.568,1820.568,0.0
revenue: Total,1997-09-01,2002,1919.648,1919.648,0.0
revenue: Total,1997-09-01,2003,2000.095,2000.0950000000003,-2.2737367544323206e-13
revenue: Total,1997-09-01,2004,2101.401,2101.4010000000003,-4.547473508864641e-13
revenue: Total,1997-09-01,2005,2213.596,2213.596,0.0
revenue: Total,1997-09-01,2006,2324.243,2324.243,0.0
revenue: Total,1997-09-01,2007,2446.749,2446.749,0.0
revenue: Total,1998-01-01,1997,1579.232,1579.2920000000001,-0.060000000000172804
revenue: Total,1998-01-01,1998,1664.757,1664.758,-0.0009999999999763531
revenue: Total,1998-01-01,1999,1728.538,1728.5370000000003,0.0009999999997489795
revenue: Total,1998-01-01,2000,1778.596,1778.5970000000002,-0.0010000000002037268
revenue: Total,1998-01-01,2001,1846.567,1846.5660000000003,0.0009999999997489795
revenue: Total,1998-01-01,2002,1929.818,1929.818,0.0
revenue: Total,1998-01-01,2003,2007.654,2007.6539999999998,2.2737367544323206e-13
revenue: Total,1998-01-01,2004,2104.89,2104.8889999999997,0.0010000000002037268
revenue: Total,1998-01-01,2005,2208.258,2208.258,0.0
revenue: Total,1998-01-01,2006,2313.756,2313.756,0.0
revenue: Total,1998-01-01,2007,2426.153,2426.153,0.0
revenue: Total,1998-01-01,2008,2540.363,2540.3630000000003,-4.547473508864641e-13
revenue: Total,1998-03-01,1998,1679.682,1679.683,-0.0009999999999763531
revenue: Total,1998-03-01,1999,1738.483,1738.4820000000002,0.0009999999997489795
revenue: Total,1998-03-01,2000,1783.541,1783.5420000000004,-0.0010000000004311005
revenue: Total,1998-03-01,2001,1846.512,1846.511,0.0009999999999763531
revenue: Total,1998-03-01,2002,1929.763,1929.763,0.0
revenue: Total,1998-03-01,2003,2007.599,2007.599,0.0
revenue: Total,1998-03-01,2004,2104.835,2104.834,0.0010000000002037268
revenue: Total,1998-03-01,2005,2208.203,2208.203,0.0
revenue: Total,1998-03-01,2006,2313.701,2313.701,0.0
revenue: Total,1998-03-01,2007,2426.098,2426.098,0.0
revenue: Total,1998-03-01,2008,2540.308,2540.3080000000004,-4.547473508864641e-13
revenue: Total,1998-08-01,1998,1717.292,1717.293,-0.0009999999999763531
revenue: Total,1998-08-01,1999,1800.673,1800.6720000000003,0.0009999999997489795
revenue: Total,1998-08-01,2000,1848.17,1848.17,0.0
revenue: Total,1998-08-01,2001,1902.523,1902.5230000000004,-4.547473508864641e-13
revenue: Total,1998-08-01,2002,1978.221,1978.2210000000002,-2.2737367544323206e-13
revenue: Total,1998-08-01,2003,2053.168,2053.168,0.0
revenue: Total,1998-08-01,2004,2142.306,2142.3070000000002,-0.0010000000002037268
revenue: Total,1998-08-01,2005,2243.243,2243.2429999999995,4.547473508864641e-13
revenue: Total,1998-08-01,2006,2342.234,2342.233,0.0009999999997489795
revenue: Total,1998-08-01,2007,2446.441,2446.441,0.0
revenue: Total,1998-08-01,2008,2553.375,2553.3749999999995,4.547473508864641e-13
revenue: Total,1999-01-01,1998,1721.728,1721.7979999999998,-0.06999999999970896
revenue: Total,1999-01-01,1999,1814.56,1814.56,0.0
revenue: Total,1999-01-01,2000,1869.999,1869.9990000000003,-2.2737367544323206e-13
revenue: Total,1999-01-01,2001,1930.391,1930.3909999999998,2.2737367544323206e-13
revenue: Total,1999-01-01,2002,2014.568,2014.569,-0.0009999999999763531
revenue: Total,1999-01-01,2003,2090.644,2090.6440000000002,-4.547473508864641e-13
revenue: Total,1999-01-01,2004,2184.025,2184.025,0.0
revenue: Total,1999-01-01,2005,2287.736,2287.736,0.0
revenue: Total,1999-01-01,2006,2392.548,2392.5470000000005,0.0009999999992942321
revenue: Total,1999-01-01,2007,2499.677,2499.677,0.0
revenue: Total,1999-01-01,2008,2610.631,2610.631,0.0
revenue: Total,1999-01-01,2009,2727.023,2727.023,0.0
revenue: Total,1999-07-01,1999,1821.062,1821.062,0.0
revenue: Total,1999-07-01,2000,1905.127,1905.1270000000002,-2.2737367544323206e-13
revenue: Total,1999-07-01,2001,1969.934,1969.9340000000002,-2.2737367544323206e-13
revenue: Total,1999-07-01,2002,2044.743,2044.7430000000002,-2.2737367544323206e-13
revenue: Total,1999-07-01,2003,2116.296,2116.2960000000003,-4.547473508864641e-13
revenue: Total,1999-07-01,2004,2198.237,2198.237,0.0
revenue: Total,1999-07-01,2005,2295.672,2295.6720000000005,-4.547473508864641e-13
revenue: Total,1999-07-01,2006,2396.246,2396.246,0.0
revenue: Total,1999-07-01,2007,2500.862,2500.862,0.0
revenue: Total,1999-07-01,2008,2609.134,2609.133999999999,9.094947017729282e-13
revenue: Total,1999-07-01,2009,2725.39,2725.39,0.0
revenue: Total,2000-01-01,1999,1827.452,1827.4540000000002,-0.00200000000018008
revenue: Total,2000-01-01,2000,1945.128,1945.128,0.0
revenue: Total,2000-01-01,2001,2016.349,2016.349,0.0
revenue: Total,2000-01-01,2002,2096.241,2096.2409999999995,4.547473508864641e-13
revenue: Total,2000-01-01,2003,2176.702,2176.7019999999998,4.547473508864641e-13
revenue: Total,2000-01-01,2004,2262.549,2262.5490000000004,-4.547473508864641e-13
revenue: Total,2000-01-01,2005,2361.428,2361.428,0.0
revenue: Total,2000-01-01,2006,2465.227,2465.227,0.0
revenue: Total,2000-01-01,2007,2572.124,2572.124,0.0
revenue: Total,2000-01-01,2008,2686.424,2686.424,0.0
revenue: Total,2000-01-01,2009,2812.978,2812.978,0.0
revenue: Total,2000-01-01,2010,2946.22,2946.2200000000003,-4.547473508864641e-13
revenue: Total,2000-07-01,2000,2007.877,2007.877,0.0
revenue: Total,2000-07-01,2001,2109.219,2109.219,0.0
revenue: Total,2000-07-01,2002,2202.27,2202.2699999999995,4.547473508864641e-13
revenue: Total,2000-07-01,2003,2290.47,2290.47,0.0
revenue: Total,2000-07-01,2004,2379.833,2379.8329999999996,4.547473508864641e-13
revenue: Total,2000-07-01,2005,2485.607,2485.607,0.0
revenue: Total,2000-07-01,2006,2593.802,2593.802,0.0
revenue: Total,2000-07-01,2007,2705.615,2705.6150000000002,-4.547473508864641e-13
revenue: Total,2000-07-01,2008,2826.017,2826.017,0.0
revenue: Total,2000-07-01,2009,2960.366,2960.3659999999995,4.547473508864641e-13
revenue: Total,2000-07-01,2010,3101.69,3101.6899999999996,4.547473508864641e-13
revenue: Total,2001-01-01,2000,2025.191,2025.216,-0.024999999999863576
revenue: Total,2001-01-01,2001,2134.571,2134.571,0.0
revenue: Total,2001-01-01,2002,2235.796,2235.7960000000007,-9.094947017729282e-13
revenue: Total,2001-01-01,2003,2343.049,2343.0490000000004,-4.547473508864641e-13
revenue: Total,2001-01-01,2004,2453.009,2453.009,0.0
revenue: Total,2001-01-01,2005,2569.83,2569.83,0.0
revenue: Total,2001-01-01,2006,2688.804,2688.804,0.0
revenue: Total,2001-01-01,2007,2815.69,2815.690000000001,-9.094947017729282e-13
revenue: Total,2001-01-01,2008,2955.264,2955.2639999999997,4.547473508864641e-13
revenue: Total,2001-01-01,2009,3106.555,3106.555,0.0
revenue: Total,2001-01-01,2010,3271.331,3271.3309999999997,4.547473508864641e-13
revenue: Total,2001-01-01,2011,3447.078,3447.078,0.0
revenue: Total,2001-05-01,2001,2114.543,2114.5429999999997,4.547473508864641e-13
revenue: Total,2001-05-01,2002,2225.766,2225.7660000000005,-4.547473508864641e-13
revenue: Total,2001-05-01,2003,2338.03,2338.03,0.0
revenue: Total,2001-05-01,2004,2453.03,2453.0299999999997,4.547473508864641e-13
revenue: Total,2001-05-01,2005,2569.867,2569.8669999999997,4.547473508864641e-13
revenue: Total,2001-05-01,2006,2688.864,2688.864,0.0
revenue: Total,2001-05-01,2007,2815.636,2815.636000000001,-9.094947017729282e-13
revenue: Total,2001-05-01,2008,2955.266,2955.2659999999996,4.547473508864641e-13
revenue: Total,2001-05-01,2009,3106.611,3106.6109999999994,4.547473508864641e-13
revenue: Total,2001-05-01,2010,3271.407,3271.4069999999997,4.547473508864641e-13
revenue: Total,2001-05-01,2011,3447.166,3447.166,0.0
revenue: Total,2001-08-01,2001,2010.623,2010.6230000000003,-2.2737367544323206e-13
revenue: Total,2001-08-01,2002,2133.909,2133.909,0.0
revenue: Total,2001-08-01,2003,2195.908,2195.9080000000004,-4.547473508864641e-13
revenue: Total,2001-08-01,2004,2307.293,2307.2930000000006,-4.547473508864641e-13
revenue: Total,2001-08-01,2005,2438.161,2438.1619999999994,-0.0009999999992942321
revenue: Total,2001-08-01,2006,2543.37,2543.3699999999994,4.547473508864641e-13
revenue: Total,2001-08-01,2007,2663.114,2663.115,-0.0009999999997489795
revenue: Total,2001-08-01,2008,2801.246,2801.245,0.0010000000002037268
revenue: Total,2001-08-01,2009,2951.979,2951.9770000000003,0.001999999999497959
revenue: Total,2001-08-01,2010,3103.241,3103.242,-0.0010000000002037268
revenue: Total,2001-08-01,2011,3341.067,3341.069,-0.0019999999999527063
revenue: Total,2002-01-01,2001,1991.082,1991.03,0.052000000000134605
revenue: Total,2002-01-01,2002,1982.724,1982.724,0.0
revenue: Total,2002-01-01,2003,2070.458,2070.458,0.0
revenue: Total,2002-01-01,2004,2205.929,2205.9289999999996,4.547473508864641e-13
revenue: Total,2002-01-01,2005,2341.526,2341.526,0.0
revenue: Total,2002-01-01,2006,2447.256,2447.256,0.0
revenue: Total,2002-01-01,2007,2568.166,2568.166,0.0
revenue: Total,2002-01-01,2008,2706.245,2706.245000000001,-9.094947017729282e-13
revenue: Total,2002-01-01,2009,2856.359,2856.3580000000006,0.0009999999992942321
revenue: Total,2002-01-01,2010,3007.764,3007.764,0.0
revenue: Total,2002-01-01,2011,3277.115,3277.116,-0.0010000000002037268
revenue: Total,2002-01-01,2012,3548.841,3548.8410000000003,-4.547473508864641e-13
revenue: Total,2002-03-01,2002,2005.895,2005.894,0.0009999999999763531
revenue: Total,2002-03-01,2003,2085.896,2085.896,0.0
revenue: Total,2002-03-01,2004,2209.292,2209.2929999999997,-0.0009999999997489795
revenue: Total,2002-03-01,2005,2341.843,2341.8430000000003,-4.547473508864641e-13
revenue: Total,2002-03-01,2006,2447.673,2447.674,-0.0010000000002037268
revenue: Total,2002-03-01,2007,2568.86,2568.861,-0.0009999999997489795
revenue: Total,2002-03-01,2008,2707.2,2707.201000000001,-0.0010000000011132215
revenue: Total,2002-03-01,2009,2857.543,2857.543,0.0
revenue: Total,2002-03-01,2010,3009.174,3009.1749999999997,-0.0009999999997489795
revenue: Total,2002-03-01,2011,3278.729,3278.7290000000003,-4.547473508864641e-13
revenue: Total,2002-03-01,2012,3550.708,3550.708,0.0
revenue: Total,2002-08-01,2002,1859.732,1859.7320000000002,-2.2737367544323206e-13
revenue: Total,2002-08-01,2003,1962.364,1962.3639999999996,4.547473508864641e-13
revenue: Total,2002-08-01,2004,2083.297,2083.2970000000005,-4.547473508864641e-13
revenue: Total,2002-08-01,2005,2243.851,2243.851,0.0
revenue: Total,2002-08-01,2006,2381.483,2381.482,0.0010000000002037268
revenue: Total,2002-08-01,2007,2513.31,2513.31,0.0
revenue: Total,2002-08-01,2008,2657.525,2657.525,0.0
revenue: Total,2002-08-01,2009,2808.682,2808.681,0.0009999999997489795
revenue: Total,2002-08-01,2010,2964.603,2964.602,0.0010000000002037268
revenue: Total,2002-08-01,2011,3242.634,3242.634,0.0
revenue: Total,2002-08-01,2012,3520.957,3520.9570000000003,-4.547473508864641e-13
revenue: Total,2003-01-01,2002,1853.136,1853.1730000000002,-0.037000000000261934
revenue: Total,2003-01-01,2003,1921.526,1921.5259999999998,2.2737367544323206e-13
revenue: Total,2003-01-01,2004,2054.36,2054.359,0.0010000000002037268
revenue: Total,2003-01-01,2005,2225.115,2225.1150000000002,-4.547473508864641e-13
revenue: Total,2003-01-01,2006,2370.074,2370.074,0.0
revenue: Total,2003-01-01,2007,2504.664,2504.6639999999993,9.094947017729282e-13
revenue: Total,2003-01-01,2008,2647.778,2647.778,0.0
revenue: Total,2003-01-01,2009,2797.853,2797.853,0.0
revenue: Total,2003-01-01,2010,2949.213,2949.213,0.0
revenue: Total,2003-01-01,2011,3220.082,3220.082,0.0
revenue: Total,2003-01-01,2012,3479.799,3479.7980000000002,0.0009999999997489795
revenue: Total,2003-01-01,2013,3674.429,3674.4289999999996,4.547473508864641e-13
revenue: Total,2003-03-01,2003,1891.441,1891.441,0.0
revenue: Total,2003-03-01,2004,2024.256,2024.2549999999999,0.0010000000002037268
revenue: Total,2003-03-01,2005,2204.921,2204.9210000000003,-4.547473508864641e-13
revenue: Total,2003-03-01,2006,2359.834,2359.8340000000003,-4.547473508864641e-13
revenue: Total,2003-03-01,2007,2504.394,2504.3939999999993,4.547473508864641e-13
revenue: Total,2003-03-01,2008,2647.486,2647.486,0.0
revenue: Total,2003-03-01,2009,2797.542,2797.5420000000004,-4.547473508864641e-13
revenue: Total,2003-03-01,2010,2948.876,2948.876,0.0
revenue: Total,2003-03-01,2011,3219.728,3219.728,0.0
revenue: Total,2003-03-01,2012,3479.427,3479.427,0.0
revenue: Total,2003-03-01,2013,3673.979,3673.979,0.0
revenue: Total,2003-08-01,2003,1769.77,1769.7700000000002,-2.2737367544323206e-13
revenue: Total,2003-08-01,2004,1825.42,1825.42,0.0
revenue: Total,2003-08-01,2005,2063.869,2063.87,-0.0009999999997489795
revenue: Total,2003-08-01,2006,2275.833,2275.833,0.0
revenue: Total,2003-08-01,2007,2421.1,2421.1,0.0
revenue: Total,2003-08-01,2008,2564.101,2564.102,-0.0009999999997489795
revenue: Total,2003-08-01,2009,2722.54,2722.5409999999997,-0.0009999999997489795
revenue: Total,2003-08-01,2010,2880.342,2880.3420000000006,-4.547473508864641e-13
revenue: Total,2003-08-01,2011,3165.365,3165.3660000000004,-0.0010000000006584742
revenue: Total,2003-08-01,2012,3429.877,3429.878,-0.0010000000002037268
revenue: Total,2003-08-01,2013,3633.683,3633.6829999999995,4.547473508864641e-13
revenue: Total,2004-01-01,2003,1782.314,1782.3419999999999,-0.027999999999792635
revenue: Total,2004-01-01,2004,1817.149,1817.1500000000003,-0.0010000000004311005
revenue: Total,2004-01-01,2005,2049.086,2049.085,0.0009999999997489795
revenue: Total,2004-01-01,2006,2255.911,2255.909999999999,0.0010000000011132215
revenue: Total,2004-01-01,2007,2385.416,2385.4149999999995,0.0010000000006584742
revenue: Total,2004-01-01,2008,2505.501,2505.4990000000003,0.0019999999999527063
revenue: Total,2004-01-01,2009,2643.701,2643.6990000000005,0.001999999999497959
revenue: Total,2004-01-01,2010,2785.994,2785.9959999999996,-0.001999999999497959
revenue: Total,2004-01-01,2011,3036.188,3036.1890000000003,-0.0010000000002037268
revenue: Total,2004-01-01,2012,3272.31,3272.31,0.0
revenue: Total,2004-01-01,2013,3441.135,3441.1349999999998,4.547473508864641e-13
revenue: Total,2004-01-01,2014,3628.578,3628.5780000000004,-4.547473508864641e-13
revenue: Total,2004-03-01,2004,1817.359,1817.36,-0.0009999999999763531
revenue: Total,2004-03-01,2005,2049.562,2049.561,0.0009999999997489795
revenue: Total,2004-03-01,2006,2255.243,2255.2429999999995,4.547473508864641e-13
revenue: Total,2004-03-01,2007,2384.427,2384.426999999999,9.094947017729282e-13
revenue: Total,2004-03-01,2008,2504.651,2504.649,0.0019999999999527063
revenue: Total,2004-03-01,2009,2642.81,2642.8100000000004,-4.547473508864641e-13
revenue: Total,2004-03-01,2010,2784.888,2784.8889999999997,-0.0009999999997489795
revenue: Total,2004-03-01,2011,3034.836,3034.8360000000002,-4.547473508864641e-13
revenue: Total,2004-03-01,2012,3270.778,3270.779,-0.0010000000002037268
revenue: Total,2004-03-01,2013,3439.02,3439.0199999999995,4.547473508864641e-13
revenue: Total,2004-03-01,2014,3619.62,3619.621,-0.0010000000002037268
revenue: Total,2004-09-01,2004,1871.48,1871.481,-0.0009999999999763531
revenue: Total,2004-09-01,2005,2093.969,2093.9709999999995,-0.001999999999497959
revenue: Total,2004-09-01,2006,2278.835,2278.8350000000005,-4.547473508864641e-13
revenue: Total,2004-09-01,2007,2406.147,2406.1480000000006,-0.0010000000006584742
revenue: Total,2004-09-01,2008,2531.085,2531.085,0.0
revenue: Total,2004-09-01,2009,2673.322,2673.321,0.0010000000002037268
revenue: Total,2004-09-01,2010,2821.035,2821.036,-0.0010000000002037268
revenue: Total,2004-09-01,2011,3076.57,3076.57,0.0
revenue: Total,2004-09-01,2012,3307.735,3307.734,0.0010000000002037268
revenue: Total,2004-09-01,2013,3471.403,3471.4030000000002,-4.547473508864641e-13
revenue: Total,2004-09-01,2014,3647.564,3647.5640000000008,-9.094947017729282e-13
revenue: Total,2005-01-01,2004,1880.114,1880.0720000000001,0.041999999999916326
revenue: Total,2005-01-01,2005,2057.271,2057.272,-0.0009999999997489795
revenue: Total,2005-01-01,2006,2212.265,2212.265,0.0
revenue: Total,2005-01-01,2007,2356.956,2356.955,0.0010000000002037268
revenue: Total,2005-01-01,2008,2507.653,2507.6530000000002,-4.547473508864641e-13
revenue: Total,2005-01-01,2009,2661.873,2661.872,0.0010000000002037268
revenue: Total,2005-01-01,2010,2806.45,2806.45,0.0
revenue: Total,2005-01-01,2011,3061.742,3061.742,0.0
revenue: Total,2005-01-01,2012,3303.111,3303.1110000000003,-4.547473508864641e-13
revenue: Total,2005-01-01,2013,3474.18,3474.1800000000003,-4.547473508864641e-13
revenue: Total,2005-01-01,2014,3657.136,3657.136,0.0
revenue: Total,2005-01-01,2015,3846.977,3846.977,0.0
revenue: Total,2005-03-01,2005,2057.499,2057.5,-0.0010000000002037268
revenue: Total,2005-03-01,2006,2212.539,2212.539,0.0
revenue: Total,2005-03-01,2007,2357.163,2357.162,0.0010000000002037268
revenue: Total,2005-03-01,2008,2507.973,2507.973,0.0
revenue: Total,2005-03-01,2009,2662.164,2662.163,0.0010000000002037268
revenue: Total,2005-03-01,2010,2806.811,2806.8120000000004,-0.0010000000002037268
revenue: Total,2005-03-01,2011,3062.156,3062.1570000000006,-0.0010000000006584742
revenue: Total,2005-03-01,2012,3303.513,3303.514,-0.0010000000002037268
revenue: Total,2005-03-01,2013,3474.57,3474.57,0.0
revenue: Total,2005-03-01,2014,3657.336,3657.3360000000002,-4.547473508864641e-13
revenue: Total,2005-03-01,2015,3847.146,3847.1459999999997,4.547473508864641e-13
revenue: Total,2005-08-01,2005,2142.006,2142.007,-0.0010000000002037268
revenue: Total,2005-08-01,2006,2280.208,2280.21,-0.0019999999999527063
revenue: Total,2005-08-01,2007,2396.14,2396.1389999999997,0.0010000000002037268
revenue: Total,2005-08-01,2008,2525.575,2525.575,0.0
revenue: Total,2005-08-01,2009,2675.36,2675.359,0.0010000000002037268
revenue: Total,2005-08-01,2010,2817.296,2817.296,0.0
revenue: Total,2005-08-01,2011,3074.936,3074.934,0.0019999999999527063
revenue: Total,2005-08-01,2012,3312.3,3312.299,0.0010000000002037268
revenue: Total,2005-08-01,2013,3480.637,3480.6380000000004,-0.0010000000002037268
revenue: Total,2005-08-01,2014,3659.858,3659.8590000000004,-0.0010000000002037268
revenue: Total,2005-08-01,2015,3848.304,3848.305,-0.0009999999997489795
revenue: Total,2006-01-01,2005,2153.859,2153.8579999999997,0.0010000000002037268
revenue: Total,2006-01-01,2006,2312.438,2312.4379999999996,4.547473508864641e-13
revenue: Total,2006-01-01,2007,2461.19,2461.19,0.0
revenue: Total,2006-01-01,2008,2597.802,2597.802,0.0
revenue: Total,2006-01-01,2009,2742.77,2742.7719999999995,-0.001999999999497959
revenue: Total,2006-01-01,2010,2882.651,2882.6509999999994,4.547473508864641e-13
revenue: Total,2006-01-01,2011,3138.451,3138.4519999999998,-0.0009999999997489795
revenue: Total,2006-01-01,2012,3377.855,3377.8550000000005,-4.547473508864641e-13
revenue: Total,2006-01-01,2013,3545.723,3545.7230000000004,-4.547473508864641e-13
revenue: Total,2006-01-01,2014,3723.934,3723.934,0.0
revenue: Total,2006-01-01,2015,3912.341,3912.3419999999996,-0.0009999999997489795
revenue: Total,2006-01-01,2016,4113.238,4113.237999999999,9.094947017729282e-13
revenue: Total,2006-03-01,2006,2312.609,2312.6089999999995,4.547473508864641e-13
revenue: Total,2006-03-01,2007,2461.416,2461.417,-0.0009999999997489795
revenue: Total,2006-03-01,2008,2598.239,2598.2380000000003,0.0009999999997489795
revenue: Total,2006-03-01,2009,2743.351,2743.3529999999996,-0.001999999999497959
revenue: Total,2006-03-01,2010,2883.316,2883.3159999999993,4.547473508864641e-13
revenue: Total,2006-03-01,2011,3139.093,3139.0929999999994,4.547473508864641e-13
revenue: Total,2006-03-01,2012,3378.49,3378.4910000000004,-0.0010000000006584742
revenue: Total,2006-03-01,2013,3546.382,3546.3820000000005,-4.547473508864641e-13
revenue: Total,2006-03-01,2014,3724.617,3724.617,0.0
revenue: Total,2006-03-01,2015,3913.037,3913.0379999999996,-0.0009999999997489795
revenue: Total,2006-03-01,2016,4113.991,4113.991,0.0
revenue: Total,2006-08-01,2006,2403.076,2403.0760000000005,-4.547473508864641e-13
revenue: Total,2006-08-01,2007,2514.752,2514.7529999999997,-0.0009999999997489795
revenue: Total,2006-08-01,2008,2671.774,2671.774000000001,-9.094947017729282e-13
revenue: Total,2006-08-01,2009,2775.02,2775.0189999999993,0.0010000000006584742
revenue: Total,2006-08-01,2010,2889.822,2889.823,-0.0009999999997489795
revenue: Total,2006-08-01,2011,3155.7,3155.699,0.0009999999997489795
revenue: Total,2006-08-01,2012,3397.55,3397.5499999999997,4.547473508864641e-13
revenue: Total,2006-08-01,2013,3555.132,3555.133,-0.0009999999997489795
revenue: Total,2006-08-01,2014,3732.999,3733.0,-0.0010000000002037268
revenue: Total,2006-08-01,2015,3922.179,3922.1789999999996,4.547473508864641e-13
revenue: Total,2006-08-01,2016,4117.995,4117.994,0.0010000000002037268
revenue: Total,2007-01-01,2006,2406.677,2406.685,-0.007999999999810825
revenue: Total,2007-01-01,2007,2542.287,2542.2880000000005,-0.0010000000006584742
revenue: Total,2007-01-01,2008,2719.603,2719.6020000000008,0.0009999999992942321
revenue: Total,2007-01-01,2009,2809.279,2809.28,-0.0010000000002037268
revenue: Total,2007-01-01,2010,2900.801,2900.803,-0.0019999999999527063
revenue: Total,2007-01-01,2011,3166.623,3166.6229999999996,4.547473508864641e-13
revenue: Total,2007-01-01,2012,3404.359,3404.358,0.0009999999997489795
revenue: Total,2007-01-01,2013,3550.001,3550.0010000000007,-4.547473508864641e-13
revenue: Total,2007-01-01,2014,3717.159,3717.1580000000004,0.0009999999997489795
revenue: Total,2007-01-01,2015,3895.779,3895.781,-0.0019999999999527063
revenue: Total,2007-01-01,2016,4083.881,4083.8809999999994,4.547473508864641e-13
revenue: Total,2007-01-01,2017,4283.646,4283.646,0.0
revenue: Total,2007-03-01,2007,2542.292,2542.2930000000006,-0.0010000000006584742
revenue: Total,2007-03-01,2008,2719.794,2719.794000000001,-9.094947017729282e-13
revenue: Total,2007-03-01,2009,2809.777,2809.7780000000002,-0.0010000000002037268
revenue: Total,2007-03-01,2010,2901.31,2901.312,-0.0019999999999527063
revenue: Total,2007-03-01,2011,3167.155,3167.1549999999997,4.547473508864641e-13
revenue: Total,2007-03-01,2012,3405.024,3405.023,0.0009999999997489795
revenue: Total,2007-03-01,2013,3550.67,3550.670000000001,-9.094947017729282e-13
revenue: Total,2007-03-01,2014,3717.831,3717.83,0.0010000000002037268
revenue: Total,2007-03-01,2015,3896.456,3896.4579999999996,-0.001999999999497959
revenue: Total,2007-03-01,2016,4084.562,4084.5619999999994,4.547473508864641e-13
revenue: Total,2007-03-01,2017,4284.337,4284.3369999999995,9.094947017729282e-13
revenue: Total,2007-08-01,2007,2577.107,2577.1079999999997,-0.0009999999997489795
revenue: Total,2007-08-01,2008,2770.501,2770.5009999999997,4.547473508864641e-13
revenue: Total,2007-08-01,2009,2855.298,2855.2970000000005,0.0009999999992942321
revenue: Total,2007-08-01,2010,2950.155,2950.155,0.0
revenue: Total,2007-08-01,2011,3225.048,3225.0469999999996,0.0010000000002037268
revenue: Total,2007-08-01,2012,3477.056,3477.056,0.0
revenue: Total,2007-08-01,2013,3619.468,3619.4680000000003,-4.547473508864641e-13
revenue: Total,2007-08-01,2014,3798.182,3798.1820000000002,-4.547473508864641e-13
revenue: Total,2007-08-01,2015,3981.198,3981.198,0.0
revenue: Total,2007-08-01,2016,4173.466,4173.467,-0.0009999999992942321
revenue: Total,2007-08-01,2017,4377.562,4377.562000000001,-9.094947017729282e-13
revenue: Total,2008-01-01,2007,2567.672,2567.672,0.0
revenue: Total,2008-01-01,2008,2654.393,2654.3929999999996,4.547473508864641e-13
revenue: Total,2008-01-01,2009,2817.044,2817.0440000000003,-4.547473508864641e-13
revenue: Total,2008-01-01,2010,2907.028,2907.027,0.0009999999997489795
revenue: Total,2008-01-01,2011,3181.518,3181.5169999999994,0.0010000000006584742
revenue: Total,2008-01-01,2012,3442.269,3442.269,0.0
revenue: Total,2008-01-01,2013,3584.671,3584.671,0.0
revenue: Total,2008-01-01,2014,3762.563,3762.564,-0.0009999999997489795
revenue: Total,2008-01-01,2015,3941.209,3941.209,0.0
revenue: Total,2008-01-01,2016,4131.226,4131.226000000001,-9.094947017729282e-13
revenue: Total,2008-01-01,2017,4334.007,4334.005999999999,0.0010000000002037268
revenue: Total,2008-01-01,2018,4547.51,4547.51,0.0
revenue: Total,2008-03-01,2008,2546.245,2546.245,0.0
revenue: Total,2008-03-01,2009,2793.0,2793.001,-0.0010000000002037268
revenue: Total,2008-03-01,2010,2916.435,2916.435,0.0
revenue: Total,2008-03-01,2011,3200.493,3200.491,0.0019999999999527063
revenue: Total,2008-03-01,2012,3463.113,3463.113,0.0
revenue: Total,2008-03-01,2013,3599.784,3599.784,0.0
revenue: Total,2008-03-01,2014,3770.462,3770.462,0.0
revenue: Total,2008-03-01,2015,3947.449,3947.4489999999996,4.547473508864641e-13
revenue: Total,2008-03-01,2016,4138.095,4138.093999999999,0.0010000000011132215
revenue: Total,2008-03-01,2017,4340.544,4340.544,0.0
revenue: Total,2008-03-01,2018,4555.178,4555.179000000001,-0.0010000000011132215
revenue: Total,2008-09-01,2008,2547.649,2547.6490000000003,-4.547473508864641e-13
revenue: Total,2008-09-01,2009,2719.617,2719.6159999999995,0.0010000000006584742
revenue: Total,2008-09-01,2010,2881.251,2881.2499999999995,0.0010000000006584742
revenue: Total,2008-09-01,2011,3177.804,3177.803,0.0010000000002037268
revenue: Total,2008-09-01,2012,3450.976,3450.9759999999997,4.547473508864641e-13
revenue: Total,2008-09-01,2013,3618.84,3618.8400000000006,-4.547473508864641e-13
revenue: Total,2008-09-01,2014,3769.588,3769.588,0.0
revenue: Total,2008-09-01,2015,3957.533,3957.5320000000006,0.0009999999992942321
revenue: Total,2008-09-01,2016,4144.504,4144.505,-0.0010000000002037268
revenue: Total,2008-09-01,2017,4340.538,4340.538,0.0
revenue: Total,2008-09-01,2018,4545.59,4545.589999999999,9.094947017729282e-13
revenue: Total,2009-01-01,2008,2523.642,2523.642,0.0
revenue: Total,2009-01-01,2009,2357.282,2357.281,0.0010000000002037268
revenue: Total,2009-01-01,2010,2533.139,2533.1389999999997,4.547473508864641e-13
revenue: Total,2009-01-01,2011,2824.959,2824.9590000000003,-4.547473508864641e-13
revenue: Total,2009-01-01,2012,3124.413,3124.4129999999996,4.547473508864641e-13
revenue: Total,2009-01-01,2013,3353.383,3353.384,-0.0010000000002037268
revenue: Total,2009-01-01,2014,3543.845,3543.845,0.0
revenue: Total,2009-01-01,2015,3746.318,3746.3169999999996,0.0010000000006584742
revenue: Total,2009-01-01,2016,3929.132,3929.133,-0.0009999999997489795
revenue: Total,2009-01-01,2017,4121.645,4121.646000000001,-0.0010000000002037268
revenue: Total,2009-01-01,2018,4308.928,4308.927999999999,9.094947017729282e-13
revenue: Total,2009-01-01,2019,4505.186,4505.187,-0.0010000000002037268
revenue: Total,2009-03-01,2009,2185.688,2185.687,0.0010000000002037268
revenue: Total,2009-03-01,2010,2334.194,2334.1949999999997,-0.0009999999997489795
revenue: Total,2009-03-01,2011,2783.495,2783.496,-0.0010000000002037268
revenue: Total,2009-03-01,2012,3086.438,3086.439,-0.0009999999997489795
revenue: Total,2009-03-01,2013,3281.402,3281.401999999999,9.094947017729282e-13
revenue: Total,2009-03-01,2014,3435.824,3435.823,0.0010000000002037268
revenue: Total,2009-03-01,2015,3609.612,3609.6119999999996,4.547473508864641e-13
revenue: Total,2009-03-01,2016,3761.249,3761.2490000000003,-4.547473508864641e-13
revenue: Total,2009-03-01,2017,3926.625,3926.6240000000007,0.0009999999992942321
revenue: Total,2009-03-01,2018,4083.223,4083.223,0.0
revenue: Total,2009-03-01,2019,4247.461,4247.462,-0.0010000000002037268
revenue: Total,2009-08-01,2009,2100.224,2100.225,-0.0009999999997489795
revenue: Total,2009-08-01,2010,2263.836,2263.8350000000005,0.0009999999992942321
revenue: Total,2009-08-01,2011,2716.689,2716.6890000000003,-4.547473508864641e-13
revenue: Total,2009-08-01,2012,3010.079,3010.0789999999997,4.547473508864641e-13
revenue: Total,2009-08-01,2013,3220.669,3220.6690000000003,-4.547473508864641e-13
revenue: Total,2009-08-01,2014,3402.684,3402.682,0.0020000000004074536
revenue: Total,2009-08-01,2015,3577.007,3577.0080000000003,-0.0010000000002037268
revenue: Total,2009-08-01,2016,3737.149,3737.1489999999994,4.547473508864641e-13
revenue: Total,2009-08-01,2017,3908.237,3908.236000000001,0.0009999999992942321
revenue: Total,2009-08-01,2018,4080.594,4080.595,-0.0009999999997489795
revenue: Total,2009-08-01,2019,4260.105,4260.106,-0.0010000000002037268
revenue: Total,2010-01-01,2009,2104.612,2104.613,-0.0009999999997489795
revenue: Total,2010-01-01,2010,2174.924,2174.9249999999997,-0.0009999999997489795
revenue: Total,2010-01-01,2011,2669.697,2669.697,0.0
revenue: Total,2010-01-01,2012,2963.608,2963.607,0.0010000000002037268
revenue: Total,2010-01-01,2013,3217.717,3217.716,0.0010000000002037268
revenue: Total,2010-01-01,2014,3465.355,3465.3549999999996,4.547473508864641e-13
revenue: Total,2010-01-01,2015,3624.825,3624.8250000000003,-4.547473508864641e-13
revenue: Total,2010-01-01,2016,3814.091,3814.091,0.0
revenue: Total,2010-01-01,2017,3996.17,3996.1679999999997,0.0020000000004074536
revenue: Total,2010-01-01,2018,4170.147,4170.147,0.0
revenue: Total,2010-01-01,2019,4351.66,4351.659999999999,9.094947017729282e-13
revenue: Total,2010-01-01,2020,4563.018,4563.017,0.0010000000002037268
revenue: Total,2010-03-01,2010,2176.434,2176.4339999999997,4.547473508864641e-13
revenue: Total,2010-03-01,2011,2672.901,2672.9000000000005,0.0009999999992942321
revenue: Total,2010-03-01,2012,2966.891,2966.891,0.0
revenue: Total,2010-03-01,2013,3221.016,3221.016,0.0
revenue: Total,2010-03-01,2014,3468.757,3468.7569999999996,4.547473508864641e-13
revenue: Total,2010-03-01,2015,3628.627,3628.626,0.0009999999997489795
revenue: Total,2010-03-01,2016,3817.907,3817.9069999999997,4.547473508864641e-13
revenue: Total,2010-03-01,2017,4000.022,4000.0209999999997,0.0010000000002037268
revenue: Total,2010-03-01,2018,4173.988,4173.9890000000005,-0.0010000000002037268
revenue: Total,2010-03-01,2019,4355.479,4355.477999999999,0.0010000000011132215
revenue: Total,2010-03-01,2020,4566.813,4566.813000000001,-9.094947017729282e-13
revenue: Total,2010-08-01,2010,2143.305,2143.3039999999996,0.0010000000002037268
revenue: Total,2010-08-01,2011,2647.641,2647.6409999999996,4.547473508864641e-13
revenue: Total,2010-08-01,2012,2952.743,2952.742,0.0009999999997489795
revenue: Total,2010-08-01,2013,3235.553,3235.554,-0.0010000000002037268
revenue: Total,2010-08-01,2014,3561.377,3561.3770000000004,-4.547473508864641e-13
revenue: Total,2010-08-01,2015,3742.95,3742.9480000000003,0.001999999999497959
revenue: Total,2010-08-01,2016,3975.259,3975.2589999999996,4.547473508864641e-13
revenue: Total,2010-08-01,2017,4201.008,4201.008999999999,-0.0009999999992942321
revenue: Total,2010-08-01,2018,4421.149,4421.15,-0.0009999999992942321
revenue: Total,2010-08-01,2019,4640.416,4640.415999999999,9.094947017729282e-13
revenue: Total,2010-08-01,2020,4856.007,4856.0070000000005,-9.094947017729282e-13
revenue: Total,2011-01-01,2010,2161.745,2161.745,0.0
revenue: Total,2011-01-01,2011,2228.46,2228.4610000000002,-0.0010000000002037268
revenue: Total,2011-01-01,2012,2554.863,2554.8620000000005,0.0009999999992942321
revenue: Total,2011-01-01,2013,3090.059,3090.059,0.0
revenue: Total,2011-01-01,2014,3441.957,3441.9569999999994,4.547473508864641e-13
revenue: Total,2011-01-01,2015,3650.945,3650.946,-0.0009999999997489795
revenue: Total,2011-01-01,2016,3832.255,3832.255,0.0
revenue: Total,2011-01-01,2017,4074.806,4074.806,0.0
revenue: Total,2011-01-01,2018,4274.553,4274.553,0.0
revenue: Total,2011-01-01,2019,4489.233,4489.235,-0.001999999999497959
revenue: Total,2011-01-01,2020,4712.343,4712.343,0.0
revenue: Total,2011-01-01,2021,4962.822,4962.821999999998,1.8189894035458565e-12
revenue: Total,2011-03-01,2011,2230.199,2230.201,-0.0019999999999527063
revenue: Total,2011-03-01,2012,2558.169,2558.168,0.0009999999997489795
revenue: Total,2011-03-01,2013,3087.303,3087.3019999999997,0.0010000000002037268
revenue: Total,2011-03-01,2014,3440.314,3440.3139999999994,4.547473508864641e-13
revenue: Total,2011-03-01,2015,3642.277,3642.2769999999996,4.547473508864641e-13
revenue: Total,2011-03-01,2016,3825.511,3825.5099999999998,0.0010000000002037268
revenue: Total,2011-03-01,2017,4071.099,4071.098,0.0010000000002037268
revenue: Total,2011-03-01,2018,4271.331,4271.331,0.0
revenue: Total,2011-03-01,2019,4482.76,4482.759999999999,9.094947017729282e-13
revenue: Total,2011-03-01,2020,4702.871,4702.869999999999,0.0010000000011132215
revenue: Total,2011-03-01,2021,4950.851,4950.851000000001,-9.094947017729282e-13
revenue: Total,2011-08-01,2011,2313.835,2313.835,0.0
revenue: Total,2011-08-01,2012,2635.38,2635.38,0.0
revenue: Total,2011-08-01,2013,3069.106,3069.1059999999998,4.547473508864641e-13
revenue: Total,2011-08-01,2014,3423.168,3423.1690000000003,-0.0010000000002037268
revenue: Total,2011-08-01,2015,3665.292,3665.293,-0.0010000000002037268
revenue: Total,2011-08-01,2016,3846.872,3846.8729999999996,-0.0009999999997489795
revenue: Total,2011-08-01,2017,4087.464,4087.464000000001,-9.094947017729282e-13
revenue: Total,2011-08-01,2018,4285.686,4285.686000000001,-9.094947017729282e-13
revenue: Total,2011-08-01,2019,4508.16,4508.16,0.0
revenue: Total,2011-08-01,2020,4730.849,4730.85,-0.0010000000002037268
revenue: Total,2011-08-01,2021,4969.207,4969.208,-0.0009999999992942321
revenue: Total,2012-01-01,2011,2302.494,2302.4939999999992,9.094947017729282e-13
revenue: Total,2012-01-01,2012,2522.824,2522.823,0.0010000000002037268
revenue: Total,2012-01-01,2013,2988.156,2988.156,0.0
revenue: Total,2012-01-01,2014,3313.131,3313.131,0.0
revenue: Total,2012-01-01,2015,3567.554,3567.554,0.0
revenue: Total,2012-01-01,2016,3784.097,3784.0989999999997,-0.001999999999497959
revenue: Total,2012-01-01,2017,4039.471,4039.471,0.0
revenue: Total,2012-01-01,2018,4243.453,4243.4529999999995,9.094947017729282e-13
revenue: Total,2012-01-01,2019,4456.077,4456.077,0.0
revenue: Total,2012-01-01,2020,4679.618,4679.619000000001,-0.0010000000002037268
revenue: Total,2012-01-01,2021,4926.385,4926.384999999999,9.094947017729282e-13
revenue: Total,2012-01-01,2022,5181.005,5181.005,0.0
revenue: Total,2012-03-01,2012,2455.715,2455.715,0.0
revenue: Total,2012-03-01,2013,2968.459,2968.459,0.0
revenue: Total,2012-03-01,2014,3282.611,3282.61,0.0009999999997489795
revenue: Total,2012-03-01,2015,3588.924,3588.9240000000004,-4.547473508864641e-13
revenue: Total,2012-03-01,2016,3837.804,3837.8039999999996,4.547473508864641e-13
revenue: Total,2012-03-01,2017,4066.353,4066.3529999999996,4.547473508864641e-13
revenue: Total,2012-03-01,2018,4271.592,4271.592,0.0
revenue: Total,2012-03-01,2019,4483.58,4483.580999999999,-0.0009999999992942321
revenue: Total,2012-03-01,2020,4718.613,4718.612999999999,9.094947017729282e-13
revenue: Total,2012-03-01,2021,4962.499,4962.498,0.0010000000002037268
revenue: Total,2012-03-01,2022,5217.574,5217.574,0.0
revenue: Total,2012-08-01,2012,2434.89,2434.889,0.0009999999997489795
revenue: Total,2012-08-01,2013,2912.702,2912.7019999999993,9.094947017729282e-13
revenue: Total,2012-08-01,2014,3208.211,3208.2110000000007,-9.094947017729282e-13
revenue: Total,2012-08-01,2015,3540.881,3540.881,0.0
revenue: Total,2012-08-01,2016,3817.083,3817.081,0.0019999999999527063
revenue: Total,2012-08-01,2017,4083.079,4083.079,0.0
revenue: Total,2012-08-01,2018,4327.977,4327.976000000001,0.0009999999992942321
revenue: Total,2012-08-01,2019,4551.245,4551.244,0.0010000000002037268
revenue: Total,2012-08-01,2020,4790.069,4790.069,0.0
revenue: Total,2012-08-01,2021,5038.512,5038.512,0.0
revenue: Total,2012-08-01,2022,5295.451,5295.451000000001,-9.094947017729282e-13
revenue: Total,2013-02-01,2012,2449.093,2449.093,0.0
revenue: Total,2013-02-01,2013,2708.231,2708.231,0.0
revenue: Total,2013-02-01,2014,3002.649,3002.647,0.0019999999999527063
revenue: Total,2013-02-01,2015,3372.984,3372.9840000000004,-4.547473508864641e-13
revenue: Total,2013-02-01,2016,3591.091,3591.091,0.0
revenue: Total,2013-02-01,2017,3765.227,3765.2250000000004,0.001999999999497959
revenue: Total,2013-02-01,2018,3937.081,3937.0819999999994,-0.0009999999992942321
revenue: Total,2013-02-01,2019,4100.928,4100.928000000001,-9.094947017729282e-13
revenue: Total,2013-02-01,2020,4279.464,4279.466,-0.0020000000004074536
revenue: Total,2013-02-01,2021,4495.918,4495.918,0.0
revenue: Total,2013-02-01,2022,4734.285,4734.284,0.0010000000002037268
revenue: Total,2013-02-01,2023,4961.308,4961.307000000001,0.0009999999992942321
revenue: Total,2013-05-01,2012,2450.164,2450.164,0.0
revenue: Total,2013-05-01,2013,2813.405,2813.404,0.0010000000002037268
revenue: Total,2013-05-01,2014,3041.822,3041.821,0.0010000000002037268
revenue: Total,2013-05-01,2015,3398.553,3398.555,-0.0019999999999527063
revenue: Total,2013-05-01,2016,3606.223,3606.223,0.0
revenue: Total,2013-05-01,2017,3778.799,3778.7989999999995,4.547473508864641e-13
revenue: Total,2013-05-01,2018,3943.497,3943.4970000000003,-4.547473508864641e-13
revenue: Total,2013-05-01,2019,4103.109,4103.109,0.0
revenue: Total,2013-05-01,2020,4279.564,4279.562999999999,0.0010000000011132215
revenue: Total,2013-05-01,2021,4493.597,4493.597,0.0
revenue: Total,2013-05-01,2022,4731.851,4731.851,0.0
revenue: Total,2013-05-01,2023,4959.349,4959.349,0.0
revenue: Total,2014-02-01,2012,2450.164,2450.164,0.0
revenue: Total,2014-02-01,2013,2774.011,2774.0109999999995,4.547473508864641e-13
revenue: Total,2014-02-01,2014,3028.768,3028.7679999999996,4.547473508864641e-13
revenue: Total,2014-02-01,2015,3304.911,3304.9120000000003,-0.0010000000002037268
revenue: Total,2014-02-01,2016,3481.127,3481.126,0.0009999999997489795
revenue: Total,2014-02-01,2017,3631.022,3631.022,0.0
revenue: Total,2014-02-01,2018,3770.315,3770.3160000000007,-0.0010000000006584742
revenue: Total,2014-02-01,2019,3932.192,3932.192,0.0
revenue: Total,2014-02-01,2020,4103.643,4103.643,0.0
revenue: Total,2014-02-01,2021,4288.242,4288.241,0.0010000000002037268
revenue: Total,2014-02-01,2022,4490.237,4490.237,0.0
revenue: Total,2014-02-01,2023,4702.07,4702.069,0.0009999999992942321
revenue: Total,2014-02-01,2024,4926.144,4926.142,0.0020000000004074536
revenue: Total,2014-04-01,2013,2775.103,2775.1029999999996,4.547473508864641e-13
revenue: Total,2014-04-01,2014,3031.57,3031.5699999999997,4.547473508864641e-13
revenue: Total,2014-04-01,2015,3305.08,3305.0800000000004,-4.547473508864641e-13
revenue: Total,2014-04-01,2016,3475.408,3475.4080000000004,-4.547473508864641e-13
revenue: Total,2014-04-01,2017,3620.809,3620.8089999999997,4.547473508864641e-13
revenue: Total,2014-04-01,2018,3763.955,3763.955,0.0
revenue: Total,2014-04-01,2019,3926.625,3926.6250000000005,-4.547473508864641e-13
revenue: Total,2014-04-01,2020,4098.844,4098.844,0.0
revenue: Total,2014-04-01,2021,4283.853,4283.853,0.0
revenue: Total,2014-04-01,2022,4485.74,4485.740000000001,-9.094947017729282e-13
revenue: Total,2014-04-01,2023,4696.123,4696.1230000000005,-9.094947017729282e-13
revenue: Total,2014-04-01,2024,4917.716,4917.716,0.0
revenue: Total,2014-08-01,2013,2775.103,2775.1029999999996,4.547473508864641e-13
revenue: Total,2014-08-01,2014,3005.699,3005.699,0.0
revenue: Total,2014-08-01,2015,3281.139,3281.1389999999997,4.547473508864641e-13
revenue: Total,2014-08-01,2016,3422.571,3422.571,0.0
revenue: Total,2014-08-01,2017,3604.654,3604.654,0.0
revenue: Total,2014-08-01,2018,3748.376,3748.3759999999993,9.094947017729282e-13
revenue: Total,2014-08-01,2019,3907.783,3907.7829999999994,4.547473508864641e-13
revenue: Total,2014-08-01,2020,4082.795,4082.7949999999996,4.547473508864641e-13
revenue: Total,2014-08-01,2021,4256.574,4256.574,0.0
revenue: Total,2014-08-01,2022,4445.538,4445.538,0.0
revenue: Total,2014-08-01,2023,4643.926,4643.926,0.0
revenue: Total,2014-08-01,2024,4850.003,4850.003000000001,-9.094947017729282e-13
revenue: Total,2015-01-01,2014,3020.849,3020.8489999999997,4.547473508864641e-13
revenue: Total,2015-01-01,2015,3188.539,3188.5389999999993,9.094947017729282e-13
revenue: Total,2015-01-01,2016,3459.531,3459.531,0.0
revenue: Total,2015-01-01,2017,3587.67,3587.67,0.0
revenue: Total,2015-01-01,2018,3715.285,3715.2849999999994,4.547473508864641e-13
revenue: Total,2015-01-01,2019,3864.756,3864.7559999999994,4.547473508864641e-13
revenue: Total,2015-01-01,2020,4025.17,4025.17,0.0
revenue: Total,2015-01-01,2021,4204.151,4204.151,0.0
revenue: Total,2015-01-01,2022,4389.325,4389.325,0.0
revenue: Total,2015-01-01,2023,4590.782,4590.781999999999,9.094947017729282e-13
revenue: Total,2015-01-01,2024,4803.62,4803.620000000001,-9.094947017729282e-13
revenue: Total,2015-01-01,2025,5029.396,5029.396,0.0
revenue: Total,2015-03-01,2014,3021.486,3021.4860000000003,-4.547473508864641e-13
revenue: Total,2015-03-01,2015,3191.438,3191.4379999999996,4.547473508864641e-13
revenue: Total,2015-03-01,2016,3470.401,3470.4010000000003,-4.547473508864641e-13
revenue: Total,2015-03-01,2017,3601.402,3601.4019999999996,4.547473508864641e-13
revenue: Total,2015-03-01,2018,3728.386,3728.386,0.0
revenue: Total,2015-03-01,2019,3874.484,3874.4840000000004,-4.547473508864641e-13
revenue: Total,2015-03-01,2020,4034.305,4034.305,0.0
revenue: Total,2015-03-01,2021,4211.056,4211.056,0.0
revenue: Total,2015-03-01,2022,4394.956,4394.956,0.0
revenue: Total,2015-03-01,2023,4595.832,4595.832,0.0
revenue: Total,2015-03-01,2024,4805.917,4805.9169999999995,9.094947017729282e-13
revenue: Total,2015-03-01,2025,5030.129,5030.129,0.0
revenue: Total,2015-08-01,2014,3021.487,3021.4869999999996,4.547473508864641e-13
revenue: Total,2015-08-01,2015,3251.211,3251.211,0.0
revenue: Total,2015-08-01,2016,3514.412,3514.4120000000003,-4.547473508864641e-13
revenue: Total,2015-08-01,2017,3628.221,3628.2210000000005,-4.547473508864641e-13
revenue: Total,2015-08-01,2018,3729.786,3729.786,0.0
revenue: Total,2015-08-01,2019,3846.888,3846.888,0.0
revenue: Total,2015-08-01,2020,4003.509,4003.509,0.0
revenue: Total,2015-08-01,2021,4164.042,4164.0419999999995,9.094947017729282e-13
revenue: Total,2015-08-01,2022,4358.848,4358.848,0.0
revenue: Total,2015-08-01,2023,4559.926,4559.9259999999995,9.094947017729282e-13
revenue: Total,2015-08-01,2024,4771.86,4771.86,0.0
revenue: Total,2015-08-01,2025,4999.491,4999.490999999999,9.094947017729282e-13
revenue: Total,2016-01-01,2015,3248.722,3248.7219999999993,9.094947017729282e-13
revenue: Total,2016-01-01,2016,3375.5,3375.5000000000005,-4.547473508864641e-13
revenue: Total,2016-01-01,2017,3510.797,3510.797,0.0
revenue: Total,2016-01-01,2018,3633.353,3633.353,0.0
revenue: Total,2016-01-01,2019,3746.99,3746.9900000000002,-4.547473508864641e-13
revenue: Total,2016-01-01,2020,3916.601,3916.6009999999997,4.547473508864641e-13
revenue: Total,2016-01-01,2021,4075.566,4075.5660000000007,-9.094947017729282e-13
revenue: Total,2016-01-01,2022,4243.679,4243.678999999999,9.094947017729282e-13
revenue: Total,2016-01-01,2023,4420.633,4420.633,0.0
revenue: Total,2016-01-01,2024,4610.072,4610.071999999999,9.094947017729282e-13
revenue: Total,2016-01-01,2025,4817.631,4817.631,0.0
revenue: Total,2016-01-01,2026,5034.638,5034.638000000001,-9.094947017729282e-13
revenue: Total,2016-03-01,2015,3249.886,3249.8860000000004,-4.547473508864641e-13
revenue: Total,2016-03-01,2016,3363.553,3363.553,0.0
revenue: Total,2016-03-01,2017,3508.07,3508.07,0.0
revenue: Total,2016-03-01,2018,3645.365,3645.3650000000002,-4.547473508864641e-13
revenue: Total,2016-03-01,2019,3771.51,3771.51,0.0
revenue: Total,2016-03-01,2020,3930.716,3930.7160000000003,-4.547473508864641e-13
revenue: Total,2016-03-01,2021,4081.632,4081.632,0.0
revenue: Total,2016-03-01,2022,4247.152,4247.152000000001,-9.094947017729282e-13
revenue: Total,2016-03-01,2023,4423.413,4423.4130000000005,-9.094947017729282e-13
revenue: Total,2016-03-01,2024,4614.71,4614.710000000001,-9.094947017729282e-13
revenue: Total,2016-03-01,2025,4825.223,4825.223,0.0
revenue: Total,2016-03-01,2026,5041.58,5041.580000000001,-9.094947017729282e-13
revenue: Total,2016-08-01,2015,3249.886,3249.8860000000004,-4.547473508864641e-13
revenue: Total,2016-08-01,2016,3276.357,3276.357,0.0
revenue: Total,2016-08-01,2017,3421.244,3421.244,0.0
revenue: Total,2016-08-01,2018,3599.934,3599.934,0.0
revenue: Total,2016-08-01,2019,3745.142,3745.1420000000003,-4.547473508864641e-13
revenue: Total,2016-08-01,2020,3900.368,3900.368,0.0
revenue: Total,2016-08-01,2021,4047.749,4047.749,0.0
revenue: Total,2016-08-01,2022,4212.358,4212.358,0.0
revenue: Total,2016-08-01,2023,4385.404,4385.404,0.0
revenue: Total,2016-08-01,2024,4574.049,4574.049,0.0
revenue: Total,2016-08-01,2025,4779.244,4779.244000000001,-9.094947017729282e-13
revenue: Total,2016-08-01,2026,4992.508,4992.508000000001,-9.094947017729282e-13
revenue: Total,2017-01-01,2016,3266.774,3266.774,0.0
revenue: Total,2017-01-01,2017,3404.224,3404.224,0.0
revenue: Total,2017-01-01,2018,3603.688,3603.688,0.0
revenue: Total,2017-01-01,2019,3732.984,3732.9839999999995,4.547473508864641e-13
revenue: Total,2017-01-01,2020,3878.217,3878.2169999999996,4.547473508864641e-13
revenue: Total,2017-01-01,2021,4019.021,4019.0209999999997,4.547473508864641e-13
revenue: Total,2017-01-01,2022,4175.92,4175.92,0.0
revenue: Total,2017-01-01,2023,4345.869,4345.869,0.0
revenue: Total,2017-01-01,2024,4526.76,4526.76,0.0
revenue: Total,2017-01-01,2025,4724.41,4724.41,0.0
revenue: Total,2017-01-01,2026,4931.436,4931.436000000001,-9.094947017729282e-13
revenue: Total,2017-01-01,2027,5140.188,5140.187999999999,9.094947017729282e-13
revenue: Total,2017-06-01,2016,3267.961,3267.9610000000002,-4.547473508864641e-13
revenue: Total,2017-06-01,2017,3314.931,3314.9309999999996,4.547473508864641e-13
revenue: Total,2017-06-01,2018,3531.448,3531.448,0.0
revenue: Total,2017-06-01,2019,3686.564,3686.564,0.0
revenue: Total,2017-06-01,2020,3853.436,3853.436,0.0
revenue: Total,2017-06-01,2021,4011.279,4011.2789999999995,4.547473508864641e-13
revenue: Total,2017-06-01,2022,4178.374,4178.374,0.0
revenue: Total,2017-06-01,2023,4361.416,4361.416,0.0
revenue: Total,2017-06-01,2024,4545.277,4545.276999999999,9.094947017729282e-13
revenue: Total,2017-06-01,2025,4742.331,4742.331000000001,-9.094947017729282e-13
revenue: Total,2017-06-01,2026,4948.032,4948.031999999999,9.094947017729282e-13
revenue: Total,2017-06-01,2027,5158.244,5158.244000000001,-9.094947017729282e-13
revenue: Total,2018-04-01,2017,3316.182,3316.182,0.0
revenue: Total,2018-04-01,2018,3337.552,3337.5520000000006,-4.547473508864641e-13
revenue: Total,2018-04-01,2019,3489.69,3489.6900000000005,-4.547473508864641e-13
revenue: Total,2018-04-01,2020,3677.652,3677.652,0.0
revenue: Total,2018-04-01,2021,3826.597,3826.5970000000007,-4.547473508864641e-13
revenue: Total,2018-04-01,2022,4012.07,4012.0699999999993,9.094947017729282e-13
revenue: Total,2018-04-01,2023,4227.744,4227.744,0.0
revenue: Total,2018-04-01,2024,4444.106,4444.106000000001,-9.094947017729282e-13
revenue: Total,2018-04-01,2025,4662.76,4662.759999999999,9.094947017729282e-13
revenue: Total,2018-04-01,2026,5001.622,5001.621999999999,9.094947017729282e-13
revenue: Total,2018-04-01,2027,5299.271,5299.271,0.0
revenue: Total,2018-04-01,2028,5520.231,5520.231,0.0
revenue: Total,2018-05-01,2017,3316.182,3316.182,0.0
revenue: Total,2018-05-01,2018,3338.77,3338.7700000000004,-4.547473508864641e-13
revenue: Total,2018-05-01,2019,3490.414,3490.4140000000007,-4.547473508864641e-13
revenue: Total,2018-05-01,2020,3679.542,3679.5419999999995,4.547473508864641e-13
revenue: Total,2018-05-01,2021,3828.888,3828.8879999999995,4.547473508864641e-13
revenue: Total,2018-05-01,2022,4015.698,4015.6979999999994,4.547473508864641e-13
revenue: Total,2018-05-01,2023,4231.928,4231.928,0.0
revenue: Total,2018-05-01,2024,4448.089,4448.089000000001,-9.094947017729282e-13
revenue: Total,2018-05-01,2025,4667.172,4667.1720000000005,-9.094947017729282e-13
revenue: Total,2018-05-01,2026,5002.937,5002.937,0.0
revenue: Total,2018-05-01,2027,5301.169,5301.169,0.0
revenue: Total,2018-05-01,2028,5520.135,5520.134999999999,9.094947017729282e-13
revenue: Total,2019-01-01,2018,3328.744,3328.744,0.0
revenue: Total,2019-01-01,2019,3514.912,3514.9120000000003,-4.547473508864641e-13
revenue: Total,2019-01-01,2020,3685.817,3685.817,0.0
revenue: Total,2019-01-01,2021,3840.506,3840.5059999999994,4.547473508864641e-13
revenue: Total,2019-01-01,2022,4012.312,4012.3120000000004,-4.547473508864641e-13
revenue: Total,2019-01-01,2023,4208.179,4208.179,0.0
revenue: Total,2019-01-01,2024,4448.137,4448.137000000001,-9.094947017729282e-13
revenue: Total,2019-01-01,2025,4646.952,4646.952000000001,-9.094947017729282e-13
revenue: Total,2019-01-01,2026,4955.504,4955.503999999999,9.094947017729282e-13
revenue: Total,2019-01-01,2027,5254.22,5254.22,0.0
revenue: Total,2019-01-01,2028,5446.159,5446.159,0.0
revenue: Total,2019-01-01,2029,5672.27,5672.27,0.0
revenue: Total,2019-05-01,2018,3329.904,3329.9040000000005,-4.547473508864641e-13
revenue: Total,2019-05-01,2019,3510.962,3510.9620000000004,-4.547473508864641e-13
revenue: Total,2019-05-01,2020,3680.93,3680.9300000000003,-4.547473508864641e-13
revenue: Total,2019-05-01,2021,3833.875,3833.875,0.0
revenue: Total,2019-05-01,2022,4004.205,4004.2050000000004,-4.547473508864641e-13
revenue: Total,2019-05-01,2023,4199.518,4199.518,0.0
revenue: Total,2019-05-01,2024,4439.066,4439.066000000001,-9.094947017729282e-13
revenue: Total,2019-05-01,2025,4636.942,4636.942,0.0
revenue: Total,2019-05-01,2026,4945.854,4945.854,0.0
revenue: Total,2019-05-01,2027,5244.385,5244.384999999999,9.094947017729282e-13
revenue: Total,2019-05-01,2028,5437.081,5437.080999999999,9.094947017729282e-13
revenue: Total,2019-05-01,2029,5663.763,5663.763000000001,-9.094947017729282e-13
revenue: Total,2019-08-01,2018,3329.901,3329.9010000000003,-4.547473508864641e-13
revenue: Total,2019-08-01,2019,3451.054,3451.0540000000005,-4.547473508864641e-13
revenue: Total,2019-08-01,2020,3619.895,3619.895,0.0
revenue: Total,2019-08-01,2021,3792.273,3792.2729999999997,4.547473508864641e-13
revenue: Total,2019-08-01,2022,3970.802,3970.801999999999,9.094947017729282e-13
revenue: Total,2019-08-01,2023,4162.973,4162.973,0.0
revenue: Total,2019-08-01,2024,4391.545,4391.545,0.0
revenue: Total,2019-08-01,2025,4584.623,4584.6230000000005,-9.094947017729282e-13
revenue: Total,2019-08-01,2026,4900.085,4900.084999999999,9.094947017729282e-13
revenue: Total,2019-08-01,2027,5205.663,5205.662999999999,9.094947017729282e-13
revenue: Total,2019-08-01,2028,5389.513,5389.513,0.0
revenue: Total,2019-08-01,2029,5619.383,5619.383000000001,-9.094947017729282e-13
revenue: Total,2020-01-01,2019,3462.196,3462.196,0.0
revenue: Total,2020-01-01,2020,3631.979,3631.979,0.0
revenue: Total,2020-01-01,2021,3815.983,3815.983,0.0
revenue: Total,2020-01-01,2022,4001.366,4001.366,0.0
revenue: Total,2020-01-01,2023,4205.624,4205.624,0.0
revenue: Total,2020-01-01,2024,4381.812,4381.812000000001,-9.094947017729282e-13
revenue: Total,2020-01-01,2025,4562.486,4562.486,0.0
revenue: Total,2020-01-01,2026,4850.917,4850.917,0.0
revenue: Total,2020-01-01,2027,5154.12,5154.120000000001,-9.094947017729282e-13
revenue: Total,2020-01-01,2028,5342.58,5342.58,0.0
revenue: Total,2020-01-01,2029,5545.235,5545.235000000001,-9.094947017729282e-13
revenue: Total,2020-01-01,2030,5744.74,5744.74,0.0
revenue: Total,2020-03-01,2019,3462.801,3462.8010000000004,-4.547473508864641e-13
revenue: Total,2020-03-01,2020,3632.285,3632.285,0.0
revenue: Total,2020-03-01,2021,3815.473,3815.473,0.0
revenue: Total,2020-03-01,2022,4000.386,4000.386,0.0
revenue: Total,2020-03-01,2023,4204.865,4204.865,0.0
revenue: Total,2020-03-01,2024,4381.395,4381.395,0.0
revenue: Total,2020-03-01,2025,4562.207,4562.206999999999,9.094947017729282e-13
revenue: Total,2020-03-01,2026,4850.595,4850.595000000001,-9.094947017729282e-13
revenue: Total,2020-03-01,2027,5153.427,5153.427,0.0
revenue: Total,2020-03-01,2028,5341.445,5341.444999999999,9.094947017729282e-13
revenue: Total,2020-03-01,2029,5544.006,5544.006,0.0
revenue: Total,2020-03-01,2030,5743.175,5743.175,0.0
revenue: Total,2020-09-01,2019,3462.801,3462.8010000000004,-4.547473508864641e-13
revenue: Total,2020-09-01,2020,3295.507,3295.507,0.0
revenue: Total,2020-09-01,2021,3256.058,3256.058,0.0
revenue: Total,2020-09-01,2022,3739.121,3739.121,0.0
revenue: Total,2020-09-01,2023,3980.083,3980.0829999999996,4.547473508864641e-13
revenue: Total,2020-09-01,2024,4145.658,4145.658,0.0
revenue: Total,2020-09-01,2025,4333.986,4333.986000000001,-9.094947017729282e-13
revenue: Total,2020-09-01,2026,4655.539,4655.539,0.0
revenue: Total,2020-09-01,2027,4952.224,4952.224,0.0
revenue: Total,2020-09-01,2028,5122.734,5122.734,0.0
revenue: Total,2020-09-01,2029,5295.651,5295.651,0.0
revenue: Total,2020-09-01,2030,5457.139,5457.139000000001,-9.094947017729282e-13
revenue: Total,2021-02-01,2020,3419.955,3419.955,0.0
revenue: Total,2021-02-01,2021,3505.97,3505.97,0.0
revenue: Total,2021-02-01,2022,3994.666,3994.6659999999997,4.547473508864641e-13
revenue: Total,2021-02-01,2023,4202.149,4202.149,0.0
revenue: Total,2021-02-01,2024,4352.275,4352.275,0.0
revenue: Total,2021-02-01,2025,4506.656,4506.656000000001,-9.094947017729282e-13
revenue: Total,2021-02-01,2026,4817.287,4817.287,0.0
revenue: Total,2021-02-01,2027,5096.876,5096.876000000001,-9.094947017729282e-13
revenue: Total,2021-02-01,2028,5242.765,5242.764999999999,9.094947017729282e-13
revenue: Total,2021-02-01,2029,5407.599,5407.599,0.0
revenue: Total,2021-02-01,2030,5577.159,5577.159,0.0
revenue: Total,2021-02-01,2031,5770.97,5770.969999999999,9.094947017729282e-13
revenue: Total,2021-07-01,2020,3421.162,3421.1619999999994,4.547473508864641e-13
revenue: Total,2021-07-01,2021,3841.778,3841.778,0.0
revenue: Total,2021-07-01,2022,4390.399,4390.398999999999,9.094947017729282e-13
revenue: Total,2021-07-01,2023,4597.494,4597.494,0.0
revenue: Total,2021-07-01,2024,4670.585,4670.585,0.0
revenue: Total,2021-07-01,2025,4733.571,4733.571,0.0
revenue: Total,2021-07-01,2026,4984.255,4984.255,0.0
revenue: Total,2021-07-01,2027,5252.83,5252.830000000001,-9.094947017729282e-13
revenue: Total,2021-07-01,2028,5396.404,5396.404,0.0
revenue: Total,2021-07-01,2029,5572.239,5572.2390000000005,-9.094947017729282e-13
revenue: Total,2021-07-01,2030,5753.919,5753.919000000001,-9.094947017729282e-13
revenue: Total,2021-07-01,2031,5956.76,5956.759999999999,9.094947017729282e-13
revenue: Total,2022-05-01,2020,3421.164,3421.1639999999998,4.547473508864641e-13
revenue: Total,2022-05-01,2021,4047.112,4047.112,0.0
revenue: Total,2022-05-01,2022,4836.043,4836.043000000001,-9.094947017729282e-13
revenue: Total,2022-05-01,2023,4889.603,4889.603,0.0
revenue: Total,2022-05-01,2024,4923.885,4923.884999999999,9.094947017729282e-13
revenue: Total,2022-05-01,2025,4981.519,4981.519000000001,-9.094947017729282e-13
revenue: Total,2022-05-01,2026,5279.723,5279.723,0.0
revenue: Total,2022-05-01,2027,5548.434,5548.433999999999,9.094947017729282e-13
revenue: Total,2022-05-01,2028,5715.635,5715.634999999999,9.094947017729282e-13
revenue: Total,2022-05-01,2029,5933.972,5933.972,0.0
revenue: Total,2022-05-01,2030,6161.335,6161.335,0.0
revenue: Total,2022-05-01,2031,6401.805,6401.805,0.0
revenue: Total,2022-05-01,2032,6662.069,6662.069,0.0
revenue: Total,2023-02-01,2022,4896.119,4896.119000000001,-9.094947017729282e-13
revenue: Total,2023-02-01,2023,4811.672,4811.6720000000005,-9.094947017729282e-13
revenue: Total,2023-02-01,2024,4838.431,4838.431,0.0
revenue: Total,2023-02-01,2025,4966.39,4966.39,0.0
revenue: Total,2023-02-01,2026,5309.864,5309.8640000000005,-9.094947017729282e-13
revenue: Total,2023-02-01,2027,5654.589,5654.589,0.0
revenue: Total,2023-02-01,2028,5916.246,5916.246000000001,-9.094947017729282e-13
revenue: Total,2023-02-01,2029,6139.022,6139.021999999999,9.094947017729282e-13
revenue: Total,2023-02-01,2030,6364.154,6364.154,0.0
revenue: Total,2023-02-01,2031,6602.822,6602.822000000001,-9.094947017729282e-13
revenue: Total,2023-02-01,2032,6837.503,6837.503,0.0
revenue: Total,2023-02-01,2033,7097.73,7097.7300000000005,-9.094947017729282e-13
revenue: Total,2023-05-01,2023,4814.71,4814.71,0.0
revenue: Total,2023-05-01,2024,4847.506,4847.506,0.0
revenue: Total,2023-05-01,2025,4974.461,4974.461,0.0
revenue: Total,2023-05-01,2026,5316.869,5316.869000000001,-9.094947017729282e-13
revenue: Total,2023-05-01,2027,5658.091,5658.090999999999,9.094947017729282e-13
revenue: Total,2023-05-01,2028,5919.26,5919.260000000001,-9.094947017729282e-13
revenue: Total,2023-05-01,2029,6142.252,6142.252,0.0
revenue: Total,2023-05-01,2030,6367.782,6367.781999999999,9.094947017729282e-13
revenue: Total,2023-05-01,2031,6606.83,6606.83,0.0
revenue: Total,2023-05-01,2032,6841.426,6841.4259999999995,9.094947017729282e-13
revenue: Total,2023-05-01,2033,7102.267,7102.267,0.0
revenue: Total,2024-02-01,2024,4935.006,4935.006,0.0
revenue: Total,2024-02-01,2025,4996.131,4996.131,0.0
revenue: Total,2024-02-01,2026,5350.574,5350.574,0.0
revenue: Total,2024-02-01,2027,5682.543,5682.543,0.0
revenue: Total,2024-02-01,2028,5870.138,5870.138000000001,-9.094947017729282e-13
revenue: Total,2024-02-01,2029,6146.584,6146.584,0.0
revenue: Total,2024-02-01,2030,6414.206,6414.205999999999,9.094947017729282e-13
revenue: Total,2024-02-01,2031,6655.946,6655.946000000002,-1.8189894035458565e-12
revenue: Total,2024-02-01,2032,6889.735,6889.735,0.0
revenue: Total,2024-02-01,2033,7168.216,7168.215999999999,9.094947017729282e-13
revenue: Total,2024-02-01,2034,7474.444,7474.444,0.0
revenue: Total,2024-06-01,2024,4889.761,4889.761,0.0
revenue: Total,2024-06-01,2025,5037.628,5037.628,0.0
revenue: Total,2024-06-01,2026,5393.6,5393.599999999999,9.094947017729282e-13
revenue: Total,2024-06-01,2027,5756.096,5756.096,0.0
revenue: Total,2024-06-01,2028,5943.886,5943.885999999999,1.8189894035458565e-12
revenue: Total,2024-06-01,2029,6133.425,6133.425,0.0
revenue: Total,2024-06-01,2030,6354.012,6354.012,0.0
revenue: Total,2024-06-01,2031,6661.128,6661.128000000001,-9.094947017729282e-13
revenue: Total,2024-06-01,2032,6899.396,6899.396,0.0
revenue: Total,2024-06-01,2033,7176.016,7176.016,0.0
revenue: Total,2024-06-01,2034,7458.73,7458.73,0.0
revenue: Total,2025-01-01,2025,5162.893,5162.893000000001,-9.094947017729282e-13
revenue: Total,2025-01-01,2026,5580.34,5580.34,0.0
revenue: Total,2025-01-01,2027,5934.837,5934.837,0.0
revenue: Total,2025-01-01,2028,6108.402,6108.401999999999,9.094947017729282e-13
revenue: Total,2025-01-01,2029,6289.898,6289.898000000001,-9.094947017729282e-13
revenue: Total,2025-01-01,2030,6549.497,6549.496999999999,9.094947017729282e-13
revenue: Total,2025-01-01,2031,6834.134,6834.134,0.0
revenue: Total,2025-01-01,2032,7106.348,7106.348,0.0
revenue: Total,2025-01-01,2033,7404.515,7404.514999999999,9.094947017729282e-13
revenue: Total,2025-01-01,2034,7708.286,7708.285999999999,9.094947017729282e-13
revenue: Total,2025-01-01,2035,8031.419,8031.419000000001,-9.094947017729282e-13
revenue: Total,2026-02-01,2026,5595.916,5595.916,0.0
revenue: Total,2026-02-01,2027,5885.198,5885.198,0.0
revenue: Total,2026-02-01,2028,6071.468,6071.468,0.0
revenue: Total,2026-02-01,2029,6319.789,6319.789,0.0
revenue: Total,2026-02-01,2030,6594.999,6594.999,0.0
revenue: Total,2026-02-01,2031,6869.493,6869.4929999999995,9.094947017729282e-13
revenue: Total,2026-02-01,2032,7129.682,7129.682,0.0
revenue: Total,2026-02-01,2033,7391.476,7391.475999999998,1.8189894035458565e-12
revenue: Total,2026-02-01,2034,7668.923,7668.922999999999,9.094947017729282e-13
revenue: Total,2026-02-01,2035,7971.863,7971.862999999999,9.094947017729282e-13
revenue: Total,2026-02-01,2036,8300.755,8300.755,0.0
outlay: Total,1992-01-01,1992,1454.28,1454.286,-0.0060000000000854925
outlay: Total,1992-01-01,1993,1505.208,1505.209,-0.0009999999999763531
outlay: Total,1992-01-01,1994,1523.096,1523.1000000000001,-0.004000000000132786
outlay: Total,1992-01-01,1995,1535.693,1535.699,-0.0060000000000854925
outlay: Total,1992-01-01,1996,1593.398,1593.398,0.0
outlay: Total,1992-01-01,1997,1717.745,1717.7450000000001,-2.2737367544323206e-13
outlay: Total,1992-03-01,1992,1455.399,1455.398,0.0009999999999763531
outlay: Total,1992-03-01,1993,1509.605,1509.606,-0.0009999999999763531
outlay: Total,1992-03-01,1994,1528.804,1528.803,0.0009999999999763531
outlay: Total,1992-03-01,1995,1542.811,1542.812,-0.0009999999999763531
outlay: Total,1992-03-01,1996,1601.976,1601.975,0.0010000000002037268
outlay: Total,1992-03-01,1997,1726.362,1726.362,0.0
outlay: Total,1992-08-01,1992,1402.498,1402.4979999999998,2.2737367544323206e-13
outlay: Total,1992-08-01,1993,1492.922,1492.9199999999998,0.00200000000018008
outlay: Total,1992-08-01,1994,1510.641,1510.643,-0.0019999999999527063
outlay: Total,1992-08-01,1995,1566.722,1566.7220000000002,-2.2737367544323206e-13
outlay: Total,1992-08-01,1996,1644.318,1644.319,-0.0009999999999763531
outlay: Total,1992-08-01,1997,1745.207,1745.207,0.0
outlay: Total,1993-01-01,1993,1452.908,1452.9010000000003,0.006999999999607098
outlay: Total,1993-01-01,1994,1506.78,1506.779,0.0009999999999763531
outlay: Total,1993-01-01,1995,1574.526,1574.5249999999999,0.0010000000002037268
outlay: Total,1993-01-01,1996,1642.836,1642.837,-0.0009999999999763531
outlay: Total,1993-01-01,1997,1732.952,1732.952,0.0
outlay: Total,1993-01-01,1998,1839.125,1839.126,-0.0009999999999763531
outlay: Total,1993-03-01,1993,1443.462,1443.461,0.0009999999999763531
outlay: Total,1993-03-01,1994,1501.102,1501.1009999999999,0.0010000000002037268
outlay: Total,1993-03-01,1995,1574.126,1574.1259999999997,2.2737367544323206e-13
outlay: Total,1993-03-01,1996,1645.392,1645.402,-0.009999999999990905
outlay: Total,1993-03-01,1997,1734.346,1734.345,0.0009999999999763531
outlay: Total,1993-03-01,1998,1840.174,1840.174,0.0
outlay: Total,1993-09-01,1993,1416.276,1416.2760000000003,-2.2737367544323206e-13
outlay: Total,1993-09-01,1994,1497.082,1497.0800000000002,0.0019999999999527063
outlay: Total,1993-09-01,1995,1528.757,1528.755,0.0019999999999527063
outlay: Total,1993-09-01,1996,1592.325,1592.3349999999998,-0.009999999999763531
outlay: Total,1993-09-01,1997,1669.833,1669.833,0.0
outlay: Total,1993-09-01,1998,1746.66,1746.66,0.0
outlay: Total,1994-01-01,1994,1473.512,1473.5120000000002,-2.2737367544323206e-13
outlay: Total,1994-01-01,1995,1509.162,1509.162,0.0
outlay: Total,1994-01-01,1996,1576.558,1576.5580000000002,-2.2737367544323206e-13
outlay: Total,1994-01-01,1997,1661.089,1661.0890000000002,-2.2737367544323206e-13
outlay: Total,1994-01-01,1998,1735.916,1735.916,0.0
outlay: Total,1994-01-01,1999,1834.353,1834.353,0.0
outlay: Total,1994-04-01,1994,1478.283,1478.2830000000001,-2.2737367544323206e-13
outlay: Total,1994-04-01,1995,1517.706,1517.7060000000001,-2.2737367544323206e-13
outlay: Total,1994-04-01,1996,1590.605,1590.605,0.0
outlay: Total,1994-04-01,1997,1670.312,1670.312,0.0
outlay: Total,1994-04-01,1998,1743.14,1743.1399999999999,2.2737367544323206e-13
outlay: Total,1994-04-01,1999,1842.612,1842.612,0.0
outlay: Total,1994-08-01,1994,1467.03,1467.03,0.0
outlay: Total,1994-08-01,1995,1525.126,1525.126,0.0
outlay: Total,1994-08-01,1996,1608.746,1608.746,0.0
outlay: Total,1994-08-01,1997,1684.451,1684.4510000000002,-2.2737367544323206e-13
outlay: Total,1994-08-01,1998,1758.257,1758.257,0.0
outlay: Total,1994-08-01,1999,1863.428,1863.428,0.0
outlay: Total,1995-01-01,1995,1530.832,1530.8319999999999,2.2737367544323206e-13
outlay: Total,1995-01-01,1996,1625.159,1625.159,0.0
outlay: Total,1995-01-01,1997,1699.152,1699.152,0.0
outlay: Total,1995-01-01,1998,1768.71,1768.71,0.0
outlay: Total,1995-01-01,1999,1871.527,1871.527,0.0
outlay: Total,1995-01-01,2000,1981.284,1981.2839999999999,2.2737367544323206e-13
outlay: Total,1995-04-01,1995,1529.861,1529.861,0.0
outlay: Total,1995-04-01,1996,1627.991,1627.991,0.0
outlay: Total,1995-04-01,1997,1705.56,1705.5600000000002,-2.2737367544323206e-13
outlay: Total,1995-04-01,1998,1778.363,1778.3629999999998,2.2737367544323206e-13
outlay: Total,1995-04-01,1999,1884.596,1884.5970000000002,-0.0010000000002037268
outlay: Total,1995-04-01,2000,1996.67,1996.6709999999998,-0.0009999999997489795
outlay: Total,1995-08-01,1995,1518.155,1518.155,0.0
outlay: Total,1995-08-01,1996,1602.396,1602.396,0.0
outlay: Total,1995-08-01,1997,1686.043,1686.043,0.0
outlay: Total,1995-08-01,1998,1766.227,1766.2269999999999,2.2737367544323206e-13
outlay: Total,1995-08-01,1999,1872.869,1872.868,0.0009999999999763531
outlay: Total,1995-08-01,2000,1982.407,1982.407,0.0
outlay: Total,1995-12-01,1996,1595.248,1595.2479999999998,2.2737367544323206e-13
outlay: Total,1995-12-01,1997,1668.43,1668.4299999999998,2.2737367544323206e-13
outlay: Total,1995-12-01,1998,1735.605,1735.605,0.0
outlay: Total,1995-12-01,1999,1820.486,1820.486,0.0
outlay: Total,1995-12-01,2000,1906.953,1906.953,0.0
outlay: Total,1995-12-01,2001,1994.013,1994.013,0.0
outlay: Total,1996-05-01,1996,1572.249,1572.2489999999998,2.2737367544323206e-13
outlay: Total,1996-05-01,1997,1654.001,1654.001,0.0
outlay: Total,1996-05-01,1998,1737.368,1737.368,0.0
outlay: Total,1996-05-01,1999,1828.185,1828.185,0.0
outlay: Total,1996-05-01,2000,1925.053,1925.0529999999999,2.2737367544323206e-13
outlay: Total,1996-05-01,2001,2016.407,2016.407,0.0
outlay: Total,1996-05-01,2002,2125.277,2125.277,0.0
outlay: Total,1996-05-01,2003,2241.769,2241.7690000000002,-4.547473508864641e-13
outlay: Total,1996-05-01,2004,2365.288,2365.288,0.0
outlay: Total,1996-05-01,2005,2499.969,2499.9689999999996,4.547473508864641e-13
outlay: Total,1996-05-01,2006,2635.641,2635.641,0.0
outlay: Total,1997-01-01,1997,1631.555,1631.5549999999998,2.2737367544323206e-13
outlay: Total,1997-01-01,1998,1686.588,1686.588,0.0
outlay: Total,1997-01-01,1999,1780.767,1780.766,0.0009999999999763531
outlay: Total,1997-01-01,2000,1876.593,1876.5929999999998,2.2737367544323206e-13
outlay: Total,1997-01-01,2001,1948.106,1948.1060000000002,-2.2737367544323206e-13
outlay: Total,1997-01-01,2002,2048.645,2048.645,0.0
outlay: Total,1997-01-01,2003,2144.839,2144.839,0.0
outlay: Total,1997-01-01,2004,2252.398,2252.3979999999997,4.547473508864641e-13
outlay: Total,1997-01-01,2005,2381.116,2381.116,0.0
outlay: Total,1997-01-01,2006,2492.245,2492.2450000000003,-4.547473508864641e-13
outlay: Total,1997-01-01,2007,2610.817,2610.817,0.0
outlay: Total,1997-03-01,1997,1621.973,1621.973,0.0
outlay: Total,1997-03-01,1998,1688.596,1688.596,0.0
outlay: Total,1997-03-01,1999,1781.902,1781.902,0.0
outlay: Total,1997-03-01,2000,1877.3,1877.3000000000002,-2.2737367544323206e-13
outlay: Total,1997-03-01,2001,1947.257,1947.2569999999998,2.2737367544323206e-13
outlay: Total,1997-03-01,2002,2047.676,2047.676,0.0
outlay: Total,1997-03-01,2003,2145.072,2145.072,0.0
outlay: Total,1997-03-01,2004,2253.198,2253.198,0.0
outlay: Total,1997-03-01,2005,2382.859,2382.859,0.0
outlay: Total,1997-03-01,2006,2494.915,2494.9150000000004,-4.547473508864641e-13
outlay: Total,1997-03-01,2007,2610.636,2610.636,0.0
outlay: Total,1997-09-01,1997,1612.328,1612.328,0.0
outlay: Total,1997-09-01,1998,1691.413,1691.413,0.0
outlay: Total,1997-09-01,1999,1749.708,1749.7079999999999,2.2737367544323206e-13
outlay: Total,1997-09-01,2000,1799.31,1799.3100000000002,-2.2737367544323206e-13
outlay: Total,1997-09-01,2001,1856.791,1856.791,0.0
outlay: Total,1997-09-01,2002,1887.772,1887.772,0.0
outlay: Total,1997-09-01,2003,1986.809,1986.8090000000002,-2.2737367544323206e-13
outlay: Total,1997-09-01,2004,2072.618,2072.618,0.0
outlay: Total,1997-09-01,2005,2177.873,2177.873,0.0
outlay: Total,1997-09-01,2006,2252.518,2252.518,0.0
outlay: Total,1997-09-01,2007,2361.161,2361.161,0.0
outlay: Total,1998-01-01,1998,1670.256,1670.2559999999999,2.2737367544323206e-13
outlay: Total,1998-01-01,1999,1730.665,1730.665,0.0
outlay: Total,1998-01-01,2000,1781.996,1781.9959999999999,2.2737367544323206e-13
outlay: Total,1998-01-01,2001,1832.521,1832.521,0.0
outlay: Total,1998-01-01,2002,1860.418,1860.4180000000001,-2.2737367544323206e-13
outlay: Total,1998-01-01,2003,1953.538,1953.538,0.0
outlay: Total,1998-01-01,2004,2033.769,2033.7689999999998,2.2737367544323206e-13
outlay: Total,1998-01-01,2005,2132.947,2132.947,0.0
outlay: Total,1998-01-01,2006,2198.72,2198.72,0.0
outlay: Total,1998-01-01,2007,2296.925,2296.9249999999997,4.547473508864641e-13
outlay: Total,1998-01-01,2008,2402.518,2402.518,0.0
outlay: Total,1998-03-01,1998,1672.009,1672.0089999999998,2.2737367544323206e-13
outlay: Total,1998-03-01,1999,1729.862,1729.862,0.0
outlay: Total,1998-03-01,2000,1782.299,1782.299,0.0
outlay: Total,1998-03-01,2001,1833.432,1833.432,0.0
outlay: Total,1998-03-01,2002,1863.016,1863.0159999999998,2.2737367544323206e-13
outlay: Total,1998-03-01,2003,1954.254,1954.2540000000001,-2.2737367544323206e-13
outlay: Total,1998-03-01,2004,2034.636,2034.636,0.0
outlay: Total,1998-03-01,2005,2133.598,2133.598,0.0
outlay: Total,1998-03-01,2006,2198.624,2198.6240000000003,-4.547473508864641e-13
outlay: Total,1998-03-01,2007,2296.541,2296.5409999999997,4.547473508864641e-13
outlay: Total,1998-03-01,2008,2402.29,2402.29,0.0
outlay: Total,1998-08-01,1998,1654.319,1654.319,0.0
outlay: Total,1998-08-01,1999,1720.882,1720.882,0.0
outlay: Total,1998-08-01,2000,1769.172,1769.171,0.0009999999999763531
outlay: Total,1998-08-01,2001,1816.819,1816.819,0.0
outlay: Total,1998-08-01,2002,1839.608,1839.6080000000002,-2.2737367544323206e-13
outlay: Total,1998-08-01,2003,1917.571,1917.571,0.0
outlay: Total,1998-08-01,2004,1988.293,1988.2930000000001,-2.2737367544323206e-13
outlay: Total,1998-08-01,2005,2072.84,2072.84,0.0
outlay: Total,1998-08-01,2006,2125.594,2125.594,0.0
outlay: Total,1998-08-01,2007,2210.686,2210.686,0.0
outlay: Total,1998-08-01,2008,2302.857,2302.857,0.0
outlay: Total,1999-01-01,1999,1707.464,1707.464,0.0
outlay: Total,1999-01-01,2000,1739.295,1739.294,0.0009999999999763531
outlay: Total,1999-01-01,2001,1779.472,1779.4720000000002,-2.2737367544323206e-13
outlay: Total,1999-01-01,2002,1805.886,1805.886,0.0
outlay: Total,1999-01-01,2003,1881.197,1881.1970000000001,-2.2737367544323206e-13
outlay: Total,1999-01-01,2004,1950.515,1950.515,0.0
outlay: Total,1999-01-01,2005,2031.921,2031.921,0.0
outlay: Total,1999-01-01,2006,2086.398,2086.398,0.0
outlay: Total,1999-01-01,2007,2166.184,2166.184,0.0
outlay: Total,1999-01-01,2008,2255.36,2255.36,0.0
outlay: Total,1999-01-01,2009,2345.667,2345.6670000000004,-4.547473508864641e-13
outlay: Total,1999-04-01,1999,1704.055,1704.055,0.0
outlay: Total,1999-04-01,2000,1737.027,1737.026,0.0009999999999763531
outlay: Total,1999-04-01,2001,1774.699,1774.6989999999998,2.2737367544323206e-13
outlay: Total,1999-04-01,2002,1802.198,1802.1979999999999,2.2737367544323206e-13
outlay: Total,1999-04-01,2003,1878.018,1878.018,0.0
outlay: Total,1999-04-01,2004,1945.523,1945.523,0.0
outlay: Total,1999-04-01,2005,2025.097,2025.097,0.0
outlay: Total,1999-04-01,2006,2083.222,2083.222,0.0
outlay: Total,1999-04-01,2007,2162.077,2162.077,0.0
outlay: Total,1999-04-01,2008,2252.501,2252.5009999999997,4.547473508864641e-13
outlay: Total,1999-04-01,2009,2344.122,2344.122,0.0
outlay: Total,1999-07-01,1999,1700.687,1700.6870000000001,-2.2737367544323206e-13
outlay: Total,1999-07-01,2000,1743.758,1743.757,0.0009999999999763531
outlay: Total,1999-07-01,2001,1777.248,1777.248,0.0
outlay: Total,1999-07-01,2002,1798.355,1798.3550000000002,-2.2737367544323206e-13
outlay: Total,1999-07-01,2003,1868.869,1868.8689999999997,2.2737367544323206e-13
outlay: Total,1999-07-01,2004,1932.132,1932.1319999999998,2.2737367544323206e-13
outlay: Total,1999-07-01,2005,2009.396,2009.3960000000002,-2.2737367544323206e-13
outlay: Total,1999-07-01,2006,2062.166,2062.166,0.0
outlay: Total,1999-07-01,2007,2137.354,2137.3540000000003,-4.547473508864641e-13
outlay: Total,1999-07-01,2008,2224.363,2224.363,0.0
outlay: Total,1999-07-01,2009,2311.931,2311.931,0.0
outlay: Total,2000-01-01,2000,1769.003,1769.002,0.0009999999999763531
outlay: Total,2000-01-01,2001,1781.367,1781.367,0.0
outlay: Total,2000-01-01,2002,1802.455,1802.455,0.0
outlay: Total,2000-01-01,2003,1855.793,1855.7930000000001,-2.2737367544323206e-13
outlay: Total,2000-01-01,2004,1917.502,1917.502,0.0
outlay: Total,2000-01-01,2005,1984.955,1984.955,0.0
outlay: Total,2000-01-01,2006,2027.488,2027.4879999999998,2.2737367544323206e-13
outlay: Total,2000-01-01,2007,2087.293,2087.293,0.0
outlay: Total,2000-01-01,2008,2160.552,2160.552,0.0
outlay: Total,2000-01-01,2009,2233.948,2233.948,0.0
outlay: Total,2000-01-01,2010,2312.978,2312.978,0.0
outlay: Total,2000-04-01,2000,1765.734,1765.7330000000002,0.0009999999997489795
outlay: Total,2000-04-01,2001,1777.251,1777.2519999999997,-0.0009999999997489795
outlay: Total,2000-04-01,2002,1799.254,1799.253,0.0009999999999763531
outlay: Total,2000-04-01,2003,1852.916,1852.916,0.0
outlay: Total,2000-04-01,2004,1914.757,1914.7569999999998,2.2737367544323206e-13
outlay: Total,2000-04-01,2005,1982.469,1982.469,0.0
outlay: Total,2000-04-01,2006,2025.204,2025.2040000000002,-2.2737367544323206e-13
outlay: Total,2000-04-01,2007,2085.095,2085.095,0.0
outlay: Total,2000-04-01,2008,2159.17,2159.1710000000003,-0.0010000000002037268
outlay: Total,2000-04-01,2009,2232.95,2232.9500000000003,-4.547473508864641e-13
outlay: Total,2000-04-01,2010,2312.288,2312.288,0.0
outlay: Total,2000-07-01,2000,1775.533,1775.5339999999999,-0.0009999999999763531
outlay: Total,2000-07-01,2001,1780.443,1780.443,0.0
outlay: Total,2000-07-01,2002,1796.858,1796.857,0.0009999999999763531
outlay: Total,2000-07-01,2003,1844.175,1844.175,0.0
outlay: Total,2000-07-01,2004,1901.957,1901.957,0.0
outlay: Total,2000-07-01,2005,1963.835,1963.836,-0.0009999999999763531
outlay: Total,2000-07-01,2006,1998.88,1998.88,0.0
outlay: Total,2000-07-01,2007,2050.446,2050.446,0.0
outlay: Total,2000-07-01,2008,2115.483,2115.484,-0.0009999999997489795
outlay: Total,2000-07-01,2009,2179.415,2179.415,0.0
outlay: Total,2000-07-01,2010,2248.987,2248.988,-0.0009999999997489795
outlay: Total,2001-01-01,2001,1853.453,1853.4530000000002,-2.2737367544323206e-13
outlay: Total,2001-01-01,2002,1922.862,1922.861,0.0009999999999763531
outlay: Total,2001-01-01,2003,1983.901,1983.9,0.0009999999999763531
outlay: Total,2001-01-01,2004,2056.2,2056.201,-0.0010000000002037268
outlay: Total,2001-01-01,2005,2136.89,2136.89,0.0
outlay: Total,2001-01-01,2006,2183.808,2183.808,0.0
outlay: Total,2001-01-01,2007,2242.969,2242.969,0.0
outlay: Total,2001-01-01,2008,2320.175,2320.175,0.0
outlay: Total,2001-01-01,2009,2396.169,2396.168,0.0009999999997489795
outlay: Total,2001-01-01,2010,2475.368,2475.3680000000004,-4.547473508864641e-13
outlay: Total,2001-01-01,2011,2558.371,2558.371,0.0
outlay: Total,2001-05-01,2001,1839.301,1839.303,-0.00200000000018008
outlay: Total,2001-05-01,2002,1921.837,1921.836,0.0009999999999763531
outlay: Total,2001-05-01,2003,1984.584,1984.583,0.0009999999999763531
outlay: Total,2001-05-01,2004,2053.507,2053.5080000000003,-0.0010000000002037268
outlay: Total,2001-05-01,2005,2133.08,2133.08,0.0
outlay: Total,2001-05-01,2006,2180.57,2180.57,0.0
outlay: Total,2001-05-01,2007,2237.509,2237.509,0.0
outlay: Total,2001-05-01,2008,2313.789,2313.7889999999998,4.547473508864641e-13
outlay: Total,2001-05-01,2009,2388.57,2388.57,0.0
outlay: Total,2001-05-01,2010,2465.307,2465.3080000000004,-0.0010000000006584742
outlay: Total,2001-05-01,2011,2564.354,2564.354,0.0
outlay: Total,2001-08-01,2001,1857.555,1857.556,-0.0009999999999763531
outlay: Total,2001-08-01,2002,1957.824,1957.822,0.00200000000018008
outlay: Total,2001-08-01,2003,2024.323,2024.3219999999997,0.0010000000004311005
outlay: Total,2001-08-01,2004,2106.188,2106.189,-0.0009999999997489795
outlay: Total,2001-08-01,2005,2193.771,2193.772,-0.0009999999997489795
outlay: Total,2001-08-01,2006,2254.116,2254.116,0.0
outlay: Total,2001-08-01,2007,2322.884,2322.884,0.0
outlay: Total,2001-08-01,2008,2412.676,2412.677,-0.0010000000002037268
outlay: Total,2001-08-01,2009,2501.931,2501.9320000000002,-0.0010000000002037268
outlay: Total,2001-08-01,2010,2596.081,2596.082,-0.0009999999997489795
outlay: Total,2001-08-01,2011,2712.744,2712.744,0.0
outlay: Total,2002-01-01,2002,2003.251,2003.249,0.0019999999999527063
outlay: Total,2002-01-01,2003,2084.644,2084.643,0.0009999999997489795
outlay: Total,2002-01-01,2004,2152.341,2152.342,-0.0010000000002037268
outlay: Total,2002-01-01,2005,2238.16,2238.161,-0.0010000000002037268
outlay: Total,2002-01-01,2006,2319.375,2319.375,0.0
outlay: Total,2002-01-01,2007,2401.945,2401.9449999999997,4.547473508864641e-13
outlay: Total,2002-01-01,2008,2503.868,2503.869,-0.0010000000002037268
outlay: Total,2002-01-01,2009,2606.055,2606.056,-0.0010000000002037268
outlay: Total,2002-01-01,2010,2713.924,2713.925,-0.0010000000002037268
outlay: Total,2002-01-01,2011,2838.39,2838.388,0.0019999999999527063
outlay: Total,2002-01-01,2012,2907.898,2907.898,0.0
outlay: Total,2002-03-01,2002,2000.727,2000.726,0.0009999999999763531
outlay: Total,2002-03-01,2003,2079.591,2079.5899999999997,0.0010000000002037268
outlay: Total,2002-03-01,2004,2148.033,2148.035,-0.0019999999999527063
outlay: Total,2002-03-01,2005,2230.748,2230.749,-0.0009999999997489795
outlay: Total,2002-03-01,2006,2312.277,2312.279,-0.0019999999999527063
outlay: Total,2002-03-01,2007,2393.69,2393.692,-0.0019999999999527063
outlay: Total,2002-03-01,2008,2494.378,2494.38,-0.0019999999999527063
outlay: Total,2002-03-01,2009,2594.495,2594.496,-0.0010000000002037268
outlay: Total,2002-03-01,2010,2700.583,2700.5840000000003,-0.0010000000002037268
outlay: Total,2002-03-01,2011,2825.056,2825.055,0.0010000000002037268
outlay: Total,2002-03-01,2012,2897.647,2897.6479999999997,-0.0009999999997489795
outlay: Total,2002-08-01,2002,2016.631,2016.63,0.0009999999999763531
outlay: Total,2002-08-01,2003,2107.45,2107.449,0.0009999999997489795
outlay: Total,2002-08-01,2004,2194.559,2194.56,-0.0009999999997489795
outlay: Total,2002-08-01,2005,2283.209,2283.2100000000005,-0.0010000000006584742
outlay: Total,2002-08-01,2006,2366.311,2366.313,-0.0019999999999527063
outlay: Total,2002-08-01,2007,2461.318,2461.319,-0.0009999999997489795
outlay: Total,2002-08-01,2008,2569.173,2569.1749999999997,-0.0019999999999527063
outlay: Total,2002-08-01,2009,2675.62,2675.62,0.0
outlay: Total,2002-08-01,2010,2787.639,2787.64,-0.0009999999997489795
outlay: Total,2002-08-01,2011,2919.643,2919.64,0.003000000000156433
outlay: Total,2002-08-01,2012,2999.259,2999.2599999999998,-0.0009999999997489795
outlay: Total,2003-01-01,2003,2120.707,2120.707,0.0
outlay: Total,2003-01-01,2004,2199.34,2199.34,0.0
outlay: Total,2003-01-01,2005,2298.177,2298.177,0.0
outlay: Total,2003-01-01,2006,2386.552,2386.553,-0.0009999999997489795
outlay: Total,2003-01-01,2007,2478.55,2478.5499999999997,4.547473508864641e-13
outlay: Total,2003-01-01,2008,2582.869,2582.869,0.0
outlay: Total,2003-01-01,2009,2694.586,2694.586,0.0
outlay: Total,2003-01-01,2010,2808.8,2808.8,0.0
outlay: Total,2003-01-01,2011,2942.893,2942.893,0.0
outlay: Total,2003-01-01,2012,3028.501,3028.5009999999997,4.547473508864641e-13
outlay: Total,2003-01-01,2013,3166.718,3166.718,0.0
outlay: Total,2003-03-01,2003,2137.321,2137.321,0.0
outlay: Total,2003-03-01,2004,2224.05,2224.0499999999997,4.547473508864641e-13
outlay: Total,2003-03-01,2005,2327.637,2327.6380000000004,-0.0010000000002037268
outlay: Total,2003-03-01,2006,2417.172,2417.1730000000002,-0.0010000000002037268
outlay: Total,2003-03-01,2007,2513.064,2513.064,0.0
outlay: Total,2003-03-01,2008,2620.883,2620.8830000000003,-4.547473508864641e-13
outlay: Total,2003-03-01,2009,2736.121,2736.121,0.0
outlay: Total,2003-03-01,2010,2852.965,2852.965,0.0
outlay: Total,2003-03-01,2011,2988.895,2988.894,0.0010000000002037268
outlay: Total,2003-03-01,2012,3073.931,3073.931,0.0
outlay: Total,2003-03-01,2013,3215.124,3215.124,0.0
outlay: Total,2003-08-01,2003,2170.324,2170.3239999999996,4.547473508864641e-13
outlay: Total,2003-08-01,2004,2305.098,2305.098,0.0
outlay: Total,2003-08-01,2005,2404.431,2404.431,0.0
outlay: Total,2003-08-01,2006,2501.125,2501.125,0.0
outlay: Total,2003-08-01,2007,2624.04,2624.0400000000004,-4.547473508864641e-13
outlay: Total,2003-08-01,2008,2760.603,2760.603,0.0
outlay: Total,2003-08-01,2009,2892.727,2892.727,0.0
outlay: Total,2003-08-01,2010,3024.927,3024.927,0.0
outlay: Total,2003-08-01,2011,3174.407,3174.406,0.0010000000002037268
outlay: Total,2003-08-01,2012,3269.053,3269.053,0.0
outlay: Total,2003-08-01,2013,3422.419,3422.419,0.0
outlay: Total,2004-01-01,2004,2294.288,2294.288,0.0
outlay: Total,2004-01-01,2005,2410.661,2410.661,0.0
outlay: Total,2004-01-01,2006,2524.551,2524.551,0.0
outlay: Total,2004-01-01,2007,2652.088,2652.088,0.0
outlay: Total,2004-01-01,2008,2783.03,2783.0299999999997,4.547473508864641e-13
outlay: Total,2004-01-01,2009,2911.887,2911.8869999999997,4.547473508864641e-13
outlay: Total,2004-01-01,2010,3047.346,3047.346,0.0
outlay: Total,2004-01-01,2011,3197.923,3197.922,0.0009999999997489795
outlay: Total,2004-01-01,2012,3296.2,3296.2000000000003,-4.547473508864641e-13
outlay: Total,2004-01-01,2013,3457.327,3457.3269999999998,4.547473508864641e-13
outlay: Total,2004-01-01,2014,3615.913,3615.9130000000005,-4.547473508864641e-13
outlay: Total,2004-03-01,2004,2294.798,2294.7980000000002,-4.547473508864641e-13
outlay: Total,2004-03-01,2005,2412.841,2412.841,0.0
outlay: Total,2004-03-01,2006,2527.89,2527.89,0.0
outlay: Total,2004-03-01,2007,2658.708,2658.7079999999996,4.547473508864641e-13
outlay: Total,2004-03-01,2008,2790.535,2790.535,0.0
outlay: Total,2004-03-01,2009,2923.788,2923.788,0.0
outlay: Total,2004-03-01,2010,3057.356,3057.356,0.0
outlay: Total,2004-03-01,2011,3210.505,3210.504,0.0010000000002037268
outlay: Total,2004-03-01,2012,3308.555,3308.5550000000003,-4.547473508864641e-13
outlay: Total,2004-03-01,2013,3473.416,3473.416,0.0
outlay: Total,2004-03-01,2014,3634.714,3634.714,0.0
outlay: Total,2004-09-01,2004,2293.099,2293.099,0.0
outlay: Total,2004-09-01,2005,2442.139,2442.139,0.0
outlay: Total,2004-09-01,2006,2577.139,2577.139,0.0
outlay: Total,2004-09-01,2007,2714.217,2714.217,0.0
outlay: Total,2004-09-01,2008,2849.06,2849.06,0.0
outlay: Total,2004-09-01,2009,2985.002,2985.002,0.0
outlay: Total,2004-09-01,2010,3119.482,3119.482,0.0
outlay: Total,2004-09-01,2011,3276.317,3276.317,0.0
outlay: Total,2004-09-01,2012,3378.227,3378.227,0.0
outlay: Total,2004-09-01,2013,3546.873,3546.873,0.0
outlay: Total,2004-09-01,2014,3712.837,3712.8370000000004,-4.547473508864641e-13
outlay: Total,2005-01-01,2005,2425.185,2425.1850000000004,-4.547473508864641e-13
outlay: Total,2005-01-01,2006,2507.038,2507.038,0.0
outlay: Total,2005-01-01,2007,2618.071,2618.071,0.0
outlay: Total,2005-01-01,2008,2742.802,2742.802,0.0
outlay: Total,2005-01-01,2009,2869.258,2869.258,0.0
outlay: Total,2005-01-01,2010,2995.656,2995.6560000000004,-4.547473508864641e-13
outlay: Total,2005-01-01,2011,3141.73,3141.73,0.0
outlay: Total,2005-01-01,2012,3231.804,3231.804,0.0
outlay: Total,2005-01-01,2013,3388.873,3388.873,0.0
outlay: Total,2005-01-01,2014,3542.281,3542.2810000000004,-4.547473508864641e-13
outlay: Total,2005-01-01,2015,3705.813,3705.813,0.0
outlay: Total,2005-03-01,2005,2422.07,2422.0699999999997,4.547473508864641e-13
outlay: Total,2005-03-01,2006,2510.655,2510.6549999999997,4.547473508864641e-13
outlay: Total,2005-03-01,2007,2625.261,2625.2610000000004,-4.547473508864641e-13
outlay: Total,2005-03-01,2008,2754.037,2754.0370000000003,-4.547473508864641e-13
outlay: Total,2005-03-01,2009,2881.061,2881.061,0.0
outlay: Total,2005-03-01,2010,3007.737,3007.737,0.0
outlay: Total,2005-03-01,2011,3157.151,3157.151,0.0
outlay: Total,2005-03-01,2012,3246.288,3246.288,0.0
outlay: Total,2005-03-01,2013,3405.617,3405.6169999999997,4.547473508864641e-13
outlay: Total,2005-03-01,2014,3558.618,3558.6180000000004,-4.547473508864641e-13
outlay: Total,2005-03-01,2015,3724.667,3724.667,0.0
outlay: Total,2005-08-01,2005,2473.283,2473.283,0.0
outlay: Total,2005-08-01,2006,2594.677,2594.6769999999997,4.547473508864641e-13
outlay: Total,2005-08-01,2007,2720.614,2720.614,0.0
outlay: Total,2005-08-01,2008,2860.149,2860.149,0.0
outlay: Total,2005-08-01,2009,2996.832,2996.832,0.0
outlay: Total,2005-08-01,2010,3133.87,3133.8700000000003,-4.547473508864641e-13
outlay: Total,2005-08-01,2011,3293.202,3293.2019999999998,4.547473508864641e-13
outlay: Total,2005-08-01,2012,3389.892,3389.8920000000003,-4.547473508864641e-13
outlay: Total,2005-08-01,2013,3560.593,3560.5929999999994,4.547473508864641e-13
outlay: Total,2005-08-01,2014,3725.556,3725.556,0.0
outlay: Total,2005-08-01,2015,3904.81,3904.81,0.0
outlay: Total,2006-01-01,2006,2649.326,2649.326,0.0
outlay: Total,2006-01-01,2007,2731.606,2731.606,0.0
outlay: Total,2006-01-01,2008,2857.007,2857.007,0.0
outlay: Total,2006-01-01,2009,2983.872,2983.8720000000003,-4.547473508864641e-13
outlay: Total,2006-01-01,2010,3105.05,3105.05,0.0
outlay: Total,2006-01-01,2011,3252.242,3252.242,0.0
outlay: Total,2006-01-01,2012,3340.347,3340.347,0.0
outlay: Total,2006-01-01,2013,3505.846,3505.846,0.0
outlay: Total,2006-01-01,2014,3666.475,3666.475,0.0
outlay: Total,2006-01-01,2015,3839.014,3839.014,0.0
outlay: Total,2006-01-01,2016,4046.334,4046.334,0.0
outlay: Total,2006-03-01,2006,2648.412,2648.4120000000003,-4.547473508864641e-13
outlay: Total,2006-03-01,2007,2726.184,2726.1839999999997,4.547473508864641e-13
outlay: Total,2006-03-01,2008,2848.562,2848.562,0.0
outlay: Total,2006-03-01,2009,2967.696,2967.6960000000004,-4.547473508864641e-13
outlay: Total,2006-03-01,2010,3098.857,3098.857,0.0
outlay: Total,2006-03-01,2011,3256.218,3256.218,0.0
outlay: Total,2006-03-01,2012,3320.842,3320.8419999999996,4.547473508864641e-13
outlay: Total,2006-03-01,2013,3493.059,3493.059,0.0
outlay: Total,2006-03-01,2014,3650.248,3650.248,0.0
outlay: Total,2006-03-01,2015,3822.261,3822.261,0.0
outlay: Total,2006-03-01,2016,4043.837,4043.8370000000004,-4.547473508864641e-13
outlay: Total,2006-08-01,2006,2662.617,2662.617,0.0
outlay: Total,2006-08-01,2007,2800.826,2800.826,0.0
outlay: Total,2006-08-01,2008,2945.022,2945.0220000000004,-4.547473508864641e-13
outlay: Total,2006-08-01,2009,3079.284,3079.284,0.0
outlay: Total,2006-08-01,2010,3217.352,3217.352,0.0
outlay: Total,2006-08-01,2011,3382.357,3382.357,0.0
outlay: Total,2006-08-01,2012,3451.317,3451.3170000000005,-4.547473508864641e-13
outlay: Total,2006-08-01,2013,3630.677,3630.6769999999997,4.547473508864641e-13
outlay: Total,2006-08-01,2014,3797.398,3797.398,0.0
outlay: Total,2006-08-01,2015,3978.674,3978.674,0.0
outlay: Total,2006-08-01,2016,4211.184,4211.184,0.0
outlay: Total,2007-01-01,2007,2714.373,2714.3729999999996,4.547473508864641e-13
outlay: Total,2007-01-01,2008,2817.76,2817.7599999999998,4.547473508864641e-13
outlay: Total,2007-01-01,2009,2925.669,2925.669,0.0
outlay: Total,2007-01-01,2010,3037.73,3037.73,0.0
outlay: Total,2007-01-01,2011,3179.083,3179.083,0.0
outlay: Total,2007-01-01,2012,3233.978,3233.978,0.0
outlay: Total,2007-01-01,2013,3390.7,3390.7000000000003,-4.547473508864641e-13
outlay: Total,2007-01-01,2014,3532.543,3532.5429999999997,4.547473508864641e-13
outlay: Total,2007-01-01,2015,3687.313,3687.313,0.0
outlay: Total,2007-01-01,2016,3892.186,3892.1859999999997,4.547473508864641e-13
outlay: Total,2007-01-01,2017,4034.473,4034.473,0.0
outlay: Total,2007-03-01,2007,2719.148,2719.148,0.0
outlay: Total,2007-03-01,2008,2833.139,2833.139,0.0
outlay: Total,2007-03-01,2009,2943.559,2943.5589999999997,4.547473508864641e-13
outlay: Total,2007-03-01,2010,3057.894,3057.894,0.0
outlay: Total,2007-03-01,2011,3201.737,3201.737,0.0
outlay: Total,2007-03-01,2012,3250.065,3250.065,0.0
outlay: Total,2007-03-01,2013,3411.406,3411.406,0.0
outlay: Total,2007-03-01,2014,3555.058,3555.058,0.0
outlay: Total,2007-03-01,2015,3710.172,3710.172,0.0
outlay: Total,2007-03-01,2016,3921.116,3921.116,0.0
outlay: Total,2007-03-01,2017,4067.245,4067.245,0.0
outlay: Total,2007-08-01,2007,2734.966,2734.966,0.0
outlay: Total,2007-08-01,2008,2925.138,2925.138,0.0
outlay: Total,2007-08-01,2009,3070.647,3070.647,0.0
outlay: Total,2007-08-01,2010,3204.826,3204.8259999999996,4.547473508864641e-13
outlay: Total,2007-08-01,2011,3359.022,3359.022,0.0
outlay: Total,2007-08-01,2012,3414.783,3414.7829999999994,4.547473508864641e-13
outlay: Total,2007-08-01,2013,3583.428,3583.4280000000003,-4.547473508864641e-13
outlay: Total,2007-08-01,2014,3733.446,3733.446,0.0
outlay: Total,2007-08-01,2015,3895.744,3895.744,0.0
outlay: Total,2007-08-01,2016,4115.247,4115.247,0.0
outlay: Total,2007-08-01,2017,4268.351,4268.351000000001,-9.094947017729282e-13
outlay: Total,2008-01-01,2008,2873.282,2873.282,0.0
outlay: Total,2008-01-01,2009,3015.316,3015.3160000000003,-4.547473508864641e-13
outlay: Total,2008-01-01,2010,3147.83,3147.83,0.0
outlay: Total,2008-01-01,2011,3298.518,3298.518,0.0
outlay: Total,2008-01-01,2012,3355.317,3355.317,0.0
outlay: Total,2008-01-01,2013,3523.842,3523.842,0.0
outlay: Total,2008-01-01,2014,3666.146,3666.1460000000006,-4.547473508864641e-13
outlay: Total,2008-01-01,2015,3823.849,3823.849,0.0
outlay: Total,2008-01-01,2016,4036.551,4036.5509999999995,4.547473508864641e-13
outlay: Total,2008-01-01,2017,4183.216,4183.216,0.0
outlay: Total,2008-01-01,2018,4324.942,4324.942,0.0
outlay: Total,2008-03-01,2008,2903.084,2903.084,0.0
outlay: Total,2008-03-01,2009,2999.739,2999.739,0.0
outlay: Total,2008-03-01,2010,3129.518,3129.518,0.0
outlay: Total,2008-03-01,2011,3293.926,3293.926,0.0
outlay: Total,2008-03-01,2012,3358.386,3358.386,0.0
outlay: Total,2008-03-01,2013,3530.07,3530.0699999999997,4.547473508864641e-13
outlay: Total,2008-03-01,2014,3680.083,3680.083,0.0
outlay: Total,2008-03-01,2015,3843.192,3843.192,0.0
outlay: Total,2008-03-01,2016,4059.209,4059.209,0.0
outlay: Total,2008-03-01,2017,4206.908,4206.908,0.0
outlay: Total,2008-03-01,2018,4353.518,4353.518,0.0
outlay: Total,2008-09-01,2008,2955.095,2955.0950000000003,-4.547473508864641e-13
outlay: Total,2008-09-01,2009,3137.831,3137.831,0.0
outlay: Total,2008-09-01,2010,3306.821,3306.821,0.0
outlay: Total,2008-09-01,2011,3502.382,3502.382,0.0
outlay: Total,2008-09-01,2012,3576.806,3576.806,0.0
outlay: Total,2008-09-01,2013,3765.581,3765.581,0.0
outlay: Total,2008-09-01,2014,3939.41,3939.41,0.0
outlay: Total,2008-09-01,2015,4119.585,4119.585,0.0
outlay: Total,2008-09-01,2016,4351.622,4351.621999999999,9.094947017729282e-13
outlay: Total,2008-09-01,2017,4514.319,4514.319,0.0
outlay: Total,2008-09-01,2018,4680.092,4680.092000000001,-9.094947017729282e-13
outlay: Total,2009-01-01,2009,3305.33,3305.33,0.0
outlay: Total,2009-01-01,2010,3215.593,3215.5930000000003,-4.547473508864641e-13
outlay: Total,2009-01-01,2011,3309.02,3309.02,0.0
outlay: Total,2009-01-01,2012,3379.832,3379.832,0.0
outlay: Total,2009-01-01,2013,3604.734,3604.7340000000004,-4.547473508864641e-13
outlay: Total,2009-01-01,2014,3790.446,3790.446,0.0
outlay: Total,2009-01-01,2015,3976.792,3976.7920000000004,-4.547473508864641e-13
outlay: Total,2009-01-01,2016,4197.324,4197.324,0.0
outlay: Total,2009-01-01,2017,4351.584,4351.584,0.0
outlay: Total,2009-01-01,2018,4493.426,4493.4259999999995,9.094947017729282e-13
outlay: Total,2009-01-01,2019,4736.391,4736.391,0.0
outlay: Total,2009-03-01,2009,3562.335,3562.335,0.0
outlay: Total,2009-03-01,2010,3447.041,3447.0409999999997,4.547473508864641e-13
outlay: Total,2009-03-01,2011,3454.971,3454.971,0.0
outlay: Total,2009-03-01,2012,3401.145,3401.1450000000004,-4.547473508864641e-13
outlay: Total,2009-03-01,2013,3567.4,3567.3999999999996,4.547473508864641e-13
outlay: Total,2009-03-01,2014,3740.949,3740.949,0.0
outlay: Total,2009-03-01,2015,3887.461,3887.461,0.0
outlay: Total,2009-03-01,2016,4084.822,4084.8219999999997,4.547473508864641e-13
outlay: Total,2009-03-01,2017,4235.643,4235.643,0.0
outlay: Total,2009-03-01,2018,4404.876,4404.876,0.0
outlay: Total,2009-03-01,2019,4667.956,4667.956,0.0
outlay: Total,2009-08-01,2009,3397.06,3397.0600000000004,-4.547473508864641e-13
outlay: Total,2009-08-01,2010,3618.71,3618.71,0.0
outlay: Total,2009-08-01,2011,3616.604,3616.604,0.0
outlay: Total,2009-08-01,2012,3583.902,3583.902,0.0
outlay: Total,2009-08-01,2013,3745.092,3745.092,0.0
outlay: Total,2009-08-01,2014,3955.655,3955.6549999999997,4.547473508864641e-13
outlay: Total,2009-08-01,2015,4130.931,4130.931,0.0
outlay: Total,2009-08-01,2016,4354.073,4354.072999999999,9.094947017729282e-13
outlay: Total,2009-08-01,2017,4530.786,4530.786,0.0
outlay: Total,2009-08-01,2018,4699.794,4699.794,0.0
outlay: Total,2009-08-01,2019,4979.468,4979.468,0.0
outlay: Total,2010-01-01,2010,3503.015,3503.015,0.0
outlay: Total,2010-01-01,2011,3636.719,3636.719,0.0
outlay: Total,2010-01-01,2012,3602.745,3602.745,0.0
outlay: Total,2010-01-01,2013,3748.028,3748.028,0.0
outlay: Total,2010-01-01,2014,3934.078,3934.0779999999995,4.547473508864641e-13
outlay: Total,2010-01-01,2015,4098.623,4098.6230000000005,-9.094947017729282e-13
outlay: Total,2010-01-01,2016,4329.992,4329.992,0.0
outlay: Total,2010-01-01,2017,4517.086,4517.086,0.0
outlay: Total,2010-01-01,2018,4708.872,4708.872,0.0
outlay: Total,2010-01-01,2019,4996.92,4996.92,0.0
outlay: Total,2010-01-01,2020,5246.231,5246.231,0.0
outlay: Total,2010-03-01,2010,3524.403,3524.4030000000002,-4.547473508864641e-13
outlay: Total,2010-03-01,2011,3655.303,3655.3030000000003,-4.547473508864641e-13
outlay: Total,2010-03-01,2012,3598.183,3598.183,0.0
outlay: Total,2010-03-01,2013,3737.785,3737.785,0.0
outlay: Total,2010-03-01,2014,3924.96,3924.96,0.0
outlay: Total,2010-03-01,2015,4094.257,4094.257,0.0
outlay: Total,2010-03-01,2016,4325.709,4325.709,0.0
outlay: Total,2010-03-01,2017,4516.442,4516.442,0.0
outlay: Total,2010-03-01,2018,4704.805,4704.805,0.0
outlay: Total,2010-03-01,2019,4993.006,4993.006,0.0
outlay: Total,2010-03-01,2020,5247.542,5247.5419999999995,9.094947017729282e-13
outlay: Total,2010-08-01,2010,3444.747,3444.7470000000003,-4.547473508864641e-13
outlay: Total,2010-08-01,2011,3700.087,3700.0869999999995,4.547473508864641e-13
outlay: Total,2010-08-01,2012,3609.669,3609.6690000000003,-4.547473508864641e-13
outlay: Total,2010-08-01,2013,3755.252,3755.252,0.0
outlay: Total,2010-08-01,2014,3995.818,3995.818,0.0
outlay: Total,2010-08-01,2015,4246.568,4246.568,0.0
outlay: Total,2010-08-01,2016,4556.136,4556.136,0.0
outlay: Total,2010-08-01,2017,4776.053,4776.053,0.0
outlay: Total,2010-08-01,2018,4979.501,4979.500999999999,9.094947017729282e-13
outlay: Total,2010-08-01,2019,5270.561,5270.561,0.0
outlay: Total,2010-08-01,2020,5537.255,5537.255,0.0
outlay: Total,2011-01-01,2011,3696.827,3696.8269999999998,4.547473508864641e-13
outlay: Total,2011-01-01,2012,3646.444,3646.444,0.0
outlay: Total,2011-01-01,2013,3788.402,3788.402,0.0
outlay: Total,2011-01-01,2014,3971.627,3971.6270000000004,-4.547473508864641e-13
outlay: Total,2011-01-01,2015,4198.171,4198.171,0.0
outlay: Total,2011-01-01,2016,4487.389,4487.389,0.0
outlay: Total,2011-01-01,2017,4687.351,4687.351,0.0
outlay: Total,2011-01-01,2018,4880.5,4880.5,0.0
outlay: Total,2011-01-01,2019,5180.042,5180.042,0.0
outlay: Total,2011-01-01,2020,5446.11,5446.11,0.0
outlay: Total,2011-01-01,2021,5721.063,5721.063,0.0
outlay: Total,2011-03-01,2011,3618.389,3618.3889999999997,4.547473508864641e-13
outlay: Total,2011-03-01,2012,3631.452,3631.452,0.0
outlay: Total,2011-03-01,2013,3773.732,3773.732,0.0
outlay: Total,2011-03-01,2014,3950.646,3950.6459999999997,4.547473508864641e-13
outlay: Total,2011-03-01,2015,4177.15,4177.15,0.0
outlay: Total,2011-03-01,2016,4457.242,4457.242,0.0
outlay: Total,2011-03-01,2017,4658.083,4658.0830000000005,-9.094947017729282e-13
outlay: Total,2011-03-01,2018,4852.098,4852.098,0.0
outlay: Total,2011-03-01,2019,5143.705,5143.705,0.0
outlay: Total,2011-03-01,2020,5408.282,5408.282000000001,-9.094947017729282e-13
outlay: Total,2011-03-01,2021,5675.682,5675.682,0.0
outlay: Total,2011-08-01,2011,3592.192,3592.1920000000005,-4.547473508864641e-13
outlay: Total,2011-08-01,2012,3601.296,3601.2960000000007,-9.094947017729282e-13
outlay: Total,2011-08-01,2013,3685.941,3685.9409999999993,4.547473508864641e-13
outlay: Total,2011-08-01,2014,3798.933,3798.9330000000004,-4.547473508864641e-13
outlay: Total,2011-08-01,2015,3983.44,3983.44,0.0
outlay: Total,2011-08-01,2016,4245.194,4245.1939999999995,9.094947017729282e-13
outlay: Total,2011-08-01,2017,4445.087,4445.0869999999995,9.094947017729282e-13
outlay: Total,2011-08-01,2018,4630.208,4630.208,0.0
outlay: Total,2011-08-01,2019,4907.648,4907.648,0.0
outlay: Total,2011-08-01,2020,5155.484,5155.4839999999995,9.094947017729282e-13
outlay: Total,2011-08-01,2021,5403.731,5403.731,0.0
outlay: Total,2012-01-01,2012,3596.338,3596.3379999999997,4.547473508864641e-13
outlay: Total,2012-01-01,2013,3569.83,3569.83,0.0
outlay: Total,2012-01-01,2014,3655.343,3655.3429999999994,4.547473508864641e-13
outlay: Total,2012-01-01,2015,3834.293,3834.293,0.0
outlay: Total,2012-01-01,2016,4084.077,4084.0769999999998,4.547473508864641e-13
outlay: Total,2012-01-01,2017,4257.003,4257.003,0.0
outlay: Total,2012-01-01,2018,4436.774,4436.773999999999,9.094947017729282e-13
outlay: Total,2012-01-01,2019,4711.399,4711.398999999999,9.094947017729282e-13
outlay: Total,2012-01-01,2020,4956.626,4956.626,0.0
outlay: Total,2012-01-01,2021,5201.93,5201.93,0.0
outlay: Total,2012-01-01,2022,5516.417,5516.4169999999995,9.094947017729282e-13
outlay: Total,2012-03-01,2012,3617.463,3617.463,0.0
outlay: Total,2012-03-01,2013,3573.376,3573.3759999999997,4.547473508864641e-13
outlay: Total,2012-03-01,2014,3662.454,3662.454,0.0
outlay: Total,2012-03-01,2015,3841.847,3841.847,0.0
outlay: Total,2012-03-01,2016,4093.6,4093.6,0.0
outlay: Total,2012-03-01,2017,4265.303,4265.303,0.0
outlay: Total,2012-03-01,2018,4444.01,4444.01,0.0
outlay: Total,2012-03-01,2019,4704.545,4704.545,0.0
outlay: Total,2012-03-01,2020,4948.418,4948.418,0.0
outlay: Total,2012-03-01,2021,5195.581,5195.581,0.0
outlay: Total,2012-03-01,2022,5512.453,5512.4529999999995,9.094947017729282e-13
outlay: Total,2012-08-01,2012,3562.951,3562.951,0.0
outlay: Total,2012-08-01,2013,3541.03,3541.0299999999997,4.547473508864641e-13
outlay: Total,2012-08-01,2014,3586.357,3586.357,0.0
outlay: Total,2012-08-01,2015,3748.696,3748.696,0.0
outlay: Total,2012-08-01,2016,3999.575,3999.575,0.0
outlay: Total,2012-08-01,2017,4202.916,4202.916,0.0
outlay: Total,2012-08-01,2018,4403.468,4403.468,0.0
outlay: Total,2012-08-01,2019,4676.466,4676.466,0.0
outlay: Total,2012-08-01,2020,4926.793,4926.793000000001,-9.094947017729282e-13
outlay: Total,2012-08-01,2021,5177.286,5177.286,0.0
outlay: Total,2012-08-01,2022,5497.205,5497.205,0.0
outlay: Total,2013-02-01,2013,3569.93,3569.93,0.0
outlay: Total,2013-02-01,2014,3609.345,3609.3450000000003,-4.547473508864641e-13
outlay: Total,2013-02-01,2015,3797.816,3797.816,0.0
outlay: Total,2013-02-01,2016,4064.177,4064.177,0.0
outlay: Total,2013-02-01,2017,4298.173,4298.173000000001,-9.094947017729282e-13
outlay: Total,2013-02-01,2018,4539.54,4539.54,0.0
outlay: Total,2013-02-01,2019,4807.584,4807.584,0.0
outlay: Total,2013-02-01,2020,5074.922,5074.9220000000005,-9.094947017729282e-13
outlay: Total,2013-02-01,2021,5347.541,5347.540999999999,9.094947017729282e-13
outlay: Total,2013-02-01,2022,5686.126,5686.126,0.0
outlay: Total,2013-02-01,2023,5934.408,5934.408,0.0
outlay: Total,2013-05-01,2013,3567.344,3567.344,0.0
outlay: Total,2013-05-01,2014,3595.225,3595.225,0.0
outlay: Total,2013-05-01,2015,3771.531,3771.531,0.0
outlay: Total,2013-05-01,2016,4033.455,4033.455,0.0
outlay: Total,2013-05-01,2017,4257.876,4257.876,0.0
outlay: Total,2013-05-01,2018,4482.742,4482.742,0.0
outlay: Total,2013-05-01,2019,4750.082,4750.081999999999,9.094947017729282e-13
outlay: Total,2013-05-01,2020,5011.155,5011.155,0.0
outlay: Total,2013-05-01,2021,5275.007,5275.007,0.0
outlay: Total,2013-05-01,2022,5618.09,5618.09,0.0
outlay: Total,2013-05-01,2023,5853.091,5853.091,0.0
outlay: Total,2014-02-01,2014,3624.087,3624.087,0.0
outlay: Total,2014-02-01,2015,3778.818,3778.8179999999998,4.547473508864641e-13
outlay: Total,2014-02-01,2016,4016.145,4016.1450000000004,-4.547473508864641e-13
outlay: Total,2014-02-01,2017,4208.819,4208.8189999999995,9.094947017729282e-13
outlay: Total,2014-02-01,2018,4423.006,4423.006,0.0
outlay: Total,2014-02-01,2019,4683.454,4683.454,0.0
outlay: Total,2014-02-01,2020,4938.348,4938.348,0.0
outlay: Total,2014-02-01,2021,5199.773,5199.773,0.0
outlay: Total,2014-02-01,2022,5520.346,5520.3460000000005,-9.094947017729282e-13
outlay: Total,2014-02-01,2023,5747.284,5747.284,0.0
outlay: Total,2014-02-01,2024,5998.453,5998.453,0.0
outlay: Total,2014-04-01,2014,3606.171,3606.1710000000003,-4.547473508864641e-13
outlay: Total,2014-04-01,2015,3769.249,3769.2490000000003,-4.547473508864641e-13
outlay: Total,2014-04-01,2016,4007.379,4007.3789999999995,4.547473508864641e-13
outlay: Total,2014-04-01,2017,4194.33,4194.33,0.0
outlay: Total,2014-04-01,2018,4388.765,4388.765,0.0
outlay: Total,2014-04-01,2019,4647.931,4647.9310000000005,-9.094947017729282e-13
outlay: Total,2014-04-01,2020,4902.037,4902.037,0.0
outlay: Total,2014-04-01,2021,5161.539,5161.539,0.0
outlay: Total,2014-04-01,2022,5482.659,5482.659000000001,-9.094947017729282e-13
outlay: Total,2014-04-01,2023,5700.072,5700.072,0.0
outlay: Total,2014-04-01,2024,5919.077,5919.077,0.0
outlay: Total,2014-08-01,2014,3586.393,3586.393,0.0
outlay: Total,2014-08-01,2015,3747.272,3747.272,0.0
outlay: Total,2014-08-01,2016,3976.082,3976.0820000000003,-4.547473508864641e-13
outlay: Total,2014-08-01,2017,4132.465,4132.465,0.0
outlay: Total,2014-08-01,2018,4306.422,4306.4220000000005,-9.094947017729282e-13
outlay: Total,2014-08-01,2019,4567.977,4567.977,0.0
outlay: Total,2014-08-01,2020,4818.754,4818.754,0.0
outlay: Total,2014-08-01,2021,5076.154,5076.154,0.0
outlay: Total,2014-08-01,2022,5389.761,5389.761,0.0
outlay: Total,2014-08-01,2023,5599.706,5599.706,0.0
outlay: Total,2014-08-01,2024,5808.57,5808.57,0.0
outlay: Total,2015-01-01,2015,3681.846,3681.8459999999995,4.547473508864641e-13
outlay: Total,2015-01-01,2016,3923.384,3923.3839999999996,4.547473508864641e-13
outlay: Total,2015-01-01,2017,4073.078,4073.0780000000004,-4.547473508864641e-13
outlay: Total,2015-01-01,2018,4251.797,4251.797,0.0
outlay: Total,2015-01-01,2019,4515.128,4515.128,0.0
outlay: Total,2015-01-01,2020,4763.183,4763.182999999999,9.094947017729282e-13
outlay: Total,2015-01-01,2021,5017.393,5017.393,0.0
outlay: Total,2015-01-01,2022,5335.646,5335.646,0.0
outlay: Total,2015-01-01,2023,5542.454,5542.454,0.0
outlay: Total,2015-01-01,2024,5752.645,5752.645,0.0
outlay: Total,2015-01-01,2025,6115.074,6115.0740000000005,-9.094947017729282e-13
outlay: Total,2015-03-01,2015,3702.826,3702.826,0.0
outlay: Total,2015-03-01,2016,3922.303,3922.3030000000003,-4.547473508864641e-13
outlay: Total,2015-03-01,2017,4052.834,4052.834,0.0
outlay: Total,2015-03-01,2018,4214.002,4214.002,0.0
outlay: Total,2015-03-01,2019,4479.408,4479.408,0.0
outlay: Total,2015-03-01,2020,4728.594,4728.594,0.0
outlay: Total,2015-03-01,2021,4972.966,4972.965999999999,9.094947017729282e-13
outlay: Total,2015-03-01,2022,5293.833,5293.833,0.0
outlay: Total,2015-03-01,2023,5501.567,5501.567,0.0
outlay: Total,2015-03-01,2024,5703.466,5703.466,0.0
outlay: Total,2015-03-01,2025,6066.63,6066.629999999999,9.094947017729282e-13
outlay: Total,2015-08-01,2015,3699.81,3699.81,0.0
outlay: Total,2015-08-01,2016,3925.181,3925.181,0.0
outlay: Total,2015-08-01,2017,4040.448,4040.448,0.0
outlay: Total,2015-08-01,2018,4180.899,4180.899,0.0
outlay: Total,2015-08-01,2019,4440.526,4440.526,0.0
outlay: Total,2015-08-01,2020,4688.701,4688.701,0.0
outlay: Total,2015-08-01,2021,4930.032,4930.032,0.0
outlay: Total,2015-08-01,2022,5242.84,5242.84,0.0
outlay: Total,2015-08-01,2023,5453.696,5453.696,0.0
outlay: Total,2015-08-01,2024,5655.579,5655.579,0.0
outlay: Total,2015-08-01,2025,6005.293,6005.293,0.0
outlay: Total,2016-01-01,2016,3939.026,3939.026,0.0
outlay: Total,2016-01-01,2017,4069.762,4069.762,0.0
outlay: Total,2016-01-01,2018,4203.757,4203.757,0.0
outlay: Total,2016-01-01,2019,4483.768,4483.768,0.0
outlay: Total,2016-01-01,2020,4725.83,4725.83,0.0
outlay: Total,2016-01-01,2021,4968.007,4968.0070000000005,-9.094947017729282e-13
outlay: Total,2016-01-01,2022,5287.141,5287.141,0.0
outlay: Total,2016-01-01,2023,5497.202,5497.202,0.0
outlay: Total,2016-01-01,2024,5698.394,5698.394,0.0
outlay: Total,2016-01-01,2025,6042.535,6042.535,0.0
outlay: Total,2016-01-01,2026,6399.306,6399.306,0.0
outlay: Total,2016-03-01,2016,3915.774,3915.7740000000003,-4.547473508864641e-13
outlay: Total,2016-03-01,2017,4055.138,4055.1379999999995,4.547473508864641e-13
outlay: Total,2016-03-01,2018,4192.004,4192.004000000001,-9.094947017729282e-13
outlay: Total,2016-03-01,2019,4480.726,4480.726,0.0
outlay: Total,2016-03-01,2020,4727.795,4727.795,0.0
outlay: Total,2016-03-01,2021,4971.692,4971.692,0.0
outlay: Total,2016-03-01,2022,5288.989,5288.9890000000005,-9.094947017729282e-13
outlay: Total,2016-03-01,2023,5502.902,5502.902,0.0
outlay: Total,2016-03-01,2024,5707.702,5707.701999999999,9.094947017729282e-13
outlay: Total,2016-03-01,2025,6049.736,6049.736,0.0
outlay: Total,2016-03-01,2026,6383.521,6383.521,0.0
outlay: Total,2016-08-01,2016,3880.774,3880.7739999999994,4.547473508864641e-13
outlay: Total,2016-08-01,2017,4012.648,4012.648,0.0
outlay: Total,2016-08-01,2018,4117.69,4117.6900000000005,-9.094947017729282e-13
outlay: Total,2016-08-01,2019,4369.19,4369.1900000000005,-9.094947017729282e-13
outlay: Total,2016-08-01,2020,4613.479,4613.478999999999,9.094947017729282e-13
outlay: Total,2016-08-01,2021,4852.938,4852.938,0.0
outlay: Total,2016-08-01,2022,5165.205,5165.205000000001,-9.094947017729282e-13
outlay: Total,2016-08-01,2023,5372.259,5372.259,0.0
outlay: Total,2016-08-01,2024,5573.396,5573.396,0.0
outlay: Total,2016-08-01,2025,5906.52,5906.5199999999995,9.094947017729282e-13
outlay: Total,2016-08-01,2026,6233.664,6233.664,0.0
outlay: Total,2017-01-01,2017,3977.731,3977.7309999999998,4.547473508864641e-13
outlay: Total,2017-01-01,2018,4089.419,4089.4190000000003,-4.547473508864641e-13
outlay: Total,2017-01-01,2019,4333.065,4333.065,0.0
outlay: Total,2017-01-01,2020,4561.038,4561.038,0.0
outlay: Total,2017-01-01,2021,4815.564,4815.564,0.0
outlay: Total,2017-01-01,2022,5133.519,5133.519,0.0
outlay: Total,2017-01-01,2023,5344.37,5344.37,0.0
outlay: Total,2017-01-01,2024,5551.964,5551.964,0.0
outlay: Total,2017-01-01,2025,5887.666,5887.666,0.0
outlay: Total,2017-01-01,2026,6225.918,6225.918000000001,-9.094947017729282e-13
outlay: Total,2017-01-01,2027,6545.473,6545.473000000001,-9.094947017729282e-13
outlay: Total,2017-06-01,2017,4036.606,4036.606,0.0
outlay: Total,2017-06-01,2018,4092.543,4092.543,0.0
outlay: Total,2017-06-01,2019,4374.487,4374.487,0.0
outlay: Total,2017-06-01,2020,4627.294,4627.294,0.0
outlay: Total,2017-06-01,2021,4890.59,4890.59,0.0
outlay: Total,2017-06-01,2022,5203.45,5203.45,0.0
outlay: Total,2017-06-01,2023,5416.852,5416.852000000001,-9.094947017729282e-13
outlay: Total,2017-06-01,2024,5626.157,5626.157,0.0
outlay: Total,2017-06-01,2025,5964.725,5964.725,0.0
outlay: Total,2017-06-01,2026,6297.604,6297.604,0.0
outlay: Total,2017-06-01,2027,6618.471,6618.471,0.0
outlay: Total,2018-04-01,2018,4147.383,4147.383,0.0
outlay: Total,2018-04-01,2019,4467.824,4467.8240000000005,-9.094947017729282e-13
outlay: Total,2018-04-01,2020,4683.808,4683.808,0.0
outlay: Total,2018-04-01,2021,4948.866,4948.866,0.0
outlay: Total,2018-04-01,2022,5286.675,5286.675,0.0
outlay: Total,2018-04-01,2023,5498.183,5498.183,0.0
outlay: Total,2018-04-01,2024,5685.459,5685.459,0.0
outlay: Total,2018-04-01,2025,6012.86,6012.86,0.0
outlay: Total,2018-04-01,2026,6319.921,6319.921,0.0
outlay: Total,2018-04-01,2027,6613.011,6613.0109999999995,9.094947017729282e-13
outlay: Total,2018-04-01,2028,7044.083,7044.0830000000005,-9.094947017729282e-13
outlay: Total,2018-05-01,2018,4136.955,4136.955,0.0
outlay: Total,2018-05-01,2019,4460.701,4460.701,0.0
outlay: Total,2018-05-01,2020,4681.367,4681.367,0.0
outlay: Total,2018-05-01,2021,4946.876,4946.876,0.0
outlay: Total,2018-05-01,2022,5288.752,5288.7519999999995,9.094947017729282e-13
outlay: Total,2018-05-01,2023,5502.663,5502.6630000000005,-9.094947017729282e-13
outlay: Total,2018-05-01,2024,5690.223,5690.223,0.0
outlay: Total,2018-05-01,2025,6017.344,6017.344,0.0
outlay: Total,2018-05-01,2026,6322.035,6322.035,0.0
outlay: Total,2018-05-01,2027,6613.416,6613.416,0.0
outlay: Total,2018-05-01,2028,7044.491,7044.491,0.0
outlay: Total,2019-01-01,2019,4436.244,4436.244,0.0
outlay: Total,2019-01-01,2020,4587.617,4587.616999999999,9.094947017729282e-13
outlay: Total,2019-01-01,2021,4812.646,4812.646,0.0
outlay: Total,2019-01-01,2022,5136.901,5136.901,0.0
outlay: Total,2019-01-01,2023,5343.77,5343.77,0.0
outlay: Total,2019-01-01,2024,5536.075,5536.075000000001,-9.094947017729282e-13
outlay: Total,2019-01-01,2025,5855.825,5855.824999999999,9.094947017729282e-13
outlay: Total,2019-01-01,2026,6156.019,6156.019,0.0
outlay: Total,2019-01-01,2027,6442.395,6442.395,0.0
outlay: Total,2019-01-01,2028,6876.78,6876.780000000001,-9.094947017729282e-13
outlay: Total,2019-01-01,2029,7037.555,7037.555,0.0
outlay: Total,2019-05-01,2019,4431.362,4431.362,0.0
outlay: Total,2019-05-01,2020,4571.052,4571.052,0.0
outlay: Total,2019-05-01,2021,4793.904,4793.904,0.0
outlay: Total,2019-05-01,2022,5117.4,5117.4,0.0
outlay: Total,2019-05-01,2023,5318.032,5318.032,0.0
outlay: Total,2019-05-01,2024,5506.41,5506.41,0.0
outlay: Total,2019-05-01,2025,5822.041,5822.041,0.0
outlay: Total,2019-05-01,2026,6120.606,6120.606,0.0
outlay: Total,2019-05-01,2027,6402.153,6402.153,0.0
outlay: Total,2019-05-01,2028,6831.77,6831.77,0.0
outlay: Total,2019-05-01,2029,6969.199,6969.199,0.0
outlay: Total,2019-08-01,2019,4434.921,4434.921,0.0
outlay: Total,2019-08-01,2020,4626.078,4626.078,0.0
outlay: Total,2019-08-01,2021,4824.525,4824.525000000001,-9.094947017729282e-13
outlay: Total,2019-08-01,2022,5126.476,5126.476,0.0
outlay: Total,2019-08-01,2023,5341.431,5341.4310000000005,-9.094947017729282e-13
outlay: Total,2019-08-01,2024,5539.422,5539.422,0.0
outlay: Total,2019-08-01,2025,5865.162,5865.162,0.0
outlay: Total,2019-08-01,2026,6170.426,6170.4259999999995,9.094947017729282e-13
outlay: Total,2019-08-01,2027,6461.827,6461.827,0.0
outlay: Total,2019-08-01,2028,6864.079,6864.079,0.0
outlay: Total,2019-08-01,2029,6992.932,6992.932000000001,-9.094947017729282e-13
outlay: Total,2020-01-01,2020,4651.363,4651.362999999999,9.094947017729282e-13
outlay: Total,2020-01-01,2021,4815.304,4815.304,0.0
outlay: Total,2020-01-01,2022,5113.594,5113.594,0.0
outlay: Total,2020-01-01,2023,5321.533,5321.532999999999,9.094947017729282e-13
outlay: Total,2020-01-01,2024,5530.343,5530.343000000001,-9.094947017729282e-13
outlay: Total,2020-01-01,2025,5873.534,5873.534,0.0
outlay: Total,2020-01-01,2026,6180.501,6180.501,0.0
outlay: Total,2020-01-01,2027,6463.163,6463.163,0.0
outlay: Total,2020-01-01,2028,6875.911,6875.911,0.0
outlay: Total,2020-01-01,2029,7007.233,7007.233,0.0
outlay: Total,2020-01-01,2030,7482.343,7482.343000000001,-9.094947017729282e-13
outlay: Total,2020-03-01,2020,4709.799,4709.799,0.0
outlay: Total,2020-03-01,2021,4815.893,4815.893,0.0
outlay: Total,2020-03-01,2022,5114.612,5114.612,0.0
outlay: Total,2020-03-01,2023,5315.897,5315.897,0.0
outlay: Total,2020-03-01,2024,5519.118,5519.1179999999995,9.094947017729282e-13
outlay: Total,2020-03-01,2025,5864.34,5864.339999999999,9.094947017729282e-13
outlay: Total,2020-03-01,2026,6172.039,6172.039,0.0
outlay: Total,2020-03-01,2027,6459.982,6459.982,0.0
outlay: Total,2020-03-01,2028,6879.978,6879.977999999999,9.094947017729282e-13
outlay: Total,2020-03-01,2029,7011.258,7011.257999999999,9.094947017729282e-13
outlay: Total,2020-03-01,2030,7498.147,7498.147,0.0
outlay: Total,2020-09-01,2020,6610.221,6610.221,0.0
outlay: Total,2020-09-01,2021,5063.676,5063.676,0.0
outlay: Total,2020-09-01,2022,5070.055,5070.055,0.0
outlay: Total,2020-09-01,2023,5099.422,5099.422,0.0
outlay: Total,2020-09-01,2024,5221.66,5221.660000000001,-9.094947017729282e-13
outlay: Total,2020-09-01,2025,5502.268,5502.268,0.0
outlay: Total,2020-09-01,2026,5766.516,5766.516,0.0
outlay: Total,2020-09-01,2027,6026.887,6026.887,0.0
outlay: Total,2020-09-01,2028,6450.018,6450.018,0.0
outlay: Total,2020-09-01,2029,6595.718,6595.718,0.0
outlay: Total,2020-09-01,2030,7076.846,7076.846,0.0
outlay: Total,2021-02-01,2021,5769.007,5769.007,0.0
outlay: Total,2021-02-01,2022,5044.341,5044.341,0.0
outlay: Total,2021-02-01,2023,5159.272,5159.272000000001,-9.094947017729282e-13
outlay: Total,2021-02-01,2024,5251.347,5251.347,0.0
outlay: Total,2021-02-01,2025,5536.898,5536.898,0.0
outlay: Total,2021-02-01,2026,5835.492,5835.491999999999,9.094947017729282e-13
outlay: Total,2021-02-01,2027,6137.725,6137.724999999999,9.094947017729282e-13
outlay: Total,2021-02-01,2028,6587.416,6587.416,0.0
outlay: Total,2021-02-01,2029,6746.149,6746.148999999999,9.094947017729282e-13
outlay: Total,2021-02-01,2030,7219.393,7219.393,0.0
outlay: Total,2021-02-01,2031,7645.283,7645.283,0.0
outlay: Total,2021-07-01,2021,6849.791,6849.791,0.0
outlay: Total,2021-07-01,2022,5538.223,5538.223,0.0
outlay: Total,2021-07-01,2023,5379.411,5379.411,0.0
outlay: Total,2021-07-01,2024,5415.199,5415.199,0.0
outlay: Total,2021-07-01,2025,5723.353,5723.353,0.0
outlay: Total,2021-07-01,2026,6025.019,6025.018999999999,9.094947017729282e-13
outlay: Total,2021-07-01,2027,6321.744,6321.744,0.0
outlay: Total,2021-07-01,2028,6783.915,6783.915,0.0
outlay: Total,2021-07-01,2029,6927.89,6927.89,0.0
outlay: Total,2021-07-01,2030,7407.38,7407.38,0.0
outlay: Total,2021-07-01,2031,7803.682,7803.682000000001,-9.094947017729282e-13
outlay: Total,2022-05-01,2022,5877.542,5877.5419999999995,9.094947017729282e-13
outlay: Total,2022-05-01,2023,5869.705,5869.705,0.0
outlay: Total,2022-05-01,2024,5973.352,5973.352,0.0
outlay: Total,2022-05-01,2025,6292.385,6292.385,0.0
outlay: Total,2022-05-01,2026,6637.189,6637.189,0.0
outlay: Total,2022-05-01,2027,6953.488,6953.488,0.0
outlay: Total,2022-05-01,2028,7437.544,7437.543999999999,9.094947017729282e-13
outlay: Total,2022-05-01,2029,7581.958,7581.958,0.0
outlay: Total,2022-05-01,2030,8070.88,8070.879999999999,9.094947017729282e-13
outlay: Total,2022-05-01,2031,8466.323,8466.323,0.0
outlay: Total,2022-05-01,2032,8911.846,8911.846,0.0
outlay: Total,2023-02-01,2023,6227.626,6227.626,0.0
outlay: Total,2023-02-01,2024,6406.219,6406.219,0.0
outlay: Total,2023-02-01,2025,6713.279,6713.2789999999995,9.094947017729282e-13
outlay: Total,2023-02-01,2026,7022.349,7022.348999999999,9.094947017729282e-13
outlay: Total,2023-02-01,2027,7359.069,7359.0689999999995,9.094947017729282e-13
outlay: Total,2023-02-01,2028,7843.492,7843.491999999999,9.094947017729282e-13
outlay: Total,2023-02-01,2029,7984.121,7984.121,0.0
outlay: Total,2023-02-01,2030,8475.706,8475.706,0.0
outlay: Total,2023-02-01,2031,8888.535,8888.535,0.0
outlay: Total,2023-02-01,2032,9310.234,9310.234,0.0
outlay: Total,2023-02-01,2033,9935.062,9935.062,0.0
outlay: Total,2023-05-01,2023,6360.35,6360.35,0.0
outlay: Total,2023-05-01,2024,6409.752,6409.7519999999995,9.094947017729282e-13
outlay: Total,2023-05-01,2025,6730.142,6730.142,0.0
outlay: Total,2023-05-01,2026,7031.96,7031.959999999999,9.094947017729282e-13
outlay: Total,2023-05-01,2027,7365.495,7365.495000000001,-9.094947017729282e-13
outlay: Total,2023-05-01,2028,7852.097,7852.097000000001,-9.094947017729282e-13
outlay: Total,2023-05-01,2029,7995.352,7995.352,0.0
outlay: Total,2023-05-01,2030,8490.554,8490.554,0.0
outlay: Total,2023-05-01,2031,8892.819,8892.819,0.0
outlay: Total,2023-05-01,2032,9330.68,9330.68,0.0
outlay: Total,2023-05-01,2033,9941.816,9941.815999999999,1.8189894035458565e-12
outlay: Total,2024-02-01,2024,6448.613,6448.613,0.0
outlay: Total,2024-02-01,2025,6765.24,6765.24,0.0
outlay: Total,2024-02-01,2026,7037.959,7037.959,0.0
outlay: Total,2024-02-01,2027,7316.714,7316.714,0.0
outlay: Total,2024-02-01,2028,7708.476,7708.476000000001,-9.094947017729282e-13
outlay: Total,2024-02-01,2029,7864.016,7864.016,0.0
outlay: Total,2024-02-01,2030,8324.941,8324.940999999999,1.8189894035458565e-12
outlay: Total,2024-02-01,2031,8703.973,8703.973,0.0
outlay: Total,2024-02-01,2032,9121.722,9121.722,0.0
outlay: Total,2024-02-01,2033,9714.572,9714.572,0.0
outlay: Total,2024-02-01,2034,10043.498,10043.498,0.0
outlay: Total,2024-06-01,2024,6811.248,6811.248,0.0
outlay: Total,2024-06-01,2025,6975.419,6975.419,0.0
outlay: Total,2024-06-01,2026,7242.43,7242.43,0.0
outlay: Total,2024-06-01,2027,7508.017,7508.017000000001,-9.094947017729282e-13
outlay: Total,2024-06-01,2028,7881.542,7881.542,0.0
outlay: Total,2024-06-01,2029,8077.21,8077.21,0.0
outlay: Total,2024-06-01,2030,8541.419,8541.419,0.0
outlay: Total,2024-06-01,2031,8938.29,8938.289999999999,1.8189894035458565e-12
outlay: Total,2024-06-01,2032,9381.028,9381.028,0.0
outlay: Total,2024-06-01,2033,9988.798,9988.798,0.0
outlay: Total,2024-06-01,2034,10311.027,10311.027000000002,-1.8189894035458565e-12
outlay: Total,2025-01-01,2025,7034.724,7034.724,0.0
outlay: Total,2025-01-01,2026,7289.429,7289.429,0.0
outlay: Total,2025-01-01,2027,7615.537,7615.537,0.0
outlay: Total,2025-01-01,2028,8012.328,8012.3279999999995,9.094947017729282e-13
outlay: Total,2025-01-01,2029,8221.26,8221.26,0.0
outlay: Total,2025-01-01,2030,8682.115,8682.115,0.0
outlay: Total,2025-01-01,2031,9059.322,9059.322,0.0
outlay: Total,2025-01-01,2032,9468.82,9468.82,0.0
outlay: Total,2025-01-01,2033,10031.504,10031.503999999999,1.8189894035458565e-12
outlay: Total,2025-01-01,2034,10293.843,10293.842999999999,1.8189894035458565e-12
outlay: Total,2025-01-01,2035,10549.966,10549.966,0.0
outlay: Total,2026-02-01,2026,7455.076,7455.076000000001,-9.094947017729282e-13
outlay: Total,2026-02-01,2027,7768.465,7768.465,0.0
outlay: Total,2026-02-01,2028,8146.743,8146.743,0.0
outlay: Total,2026-02-01,2029,8334.133,8334.133000000002,-1.8189894035458565e-12
outlay: Total,2026-02-01,2030,8788.928,8788.928,0.0
outlay: Total,2026-02-01,2031,9147.532,9147.532,0.0
outlay: Total,2026-02-01,2032,9561.119,9561.118999999999,1.8189894035458565e-12
outlay: Total,2026-02-01,2033,10161.731,10161.731,0.0
outlay: Total,2026-02-01,2034,10476.269,10476.269,0.0
outlay: Total,2026-02-01,2035,10738.755,10738.755000000001,-1.8189894035458565e-12
outlay: Total,2026-02-01,2036,11403.222,11403.221999999998,1.8189894035458565e-12
outlay: Total Discretionary,1998-01-01,1998,557.199,557.1990000000001,-1.1368683772161603e-13
outlay: Total Discretionary,1998-01-01,1999,561.127,561.127,0.0
outlay: Total Discretionary,1998-01-01,2000,564.798,564.798,0.0
outlay: Total Discretionary,1998-01-01,2001,564.199,564.1990000000001,-1.1368683772161603e-13
outlay: Total Discretionary,1998-01-01,2002,560.478,560.4780000000001,-1.1368683772161603e-13
outlay: Total Discretionary,1998-01-01,2003,576.171,576.171,0.0
outlay: Total Discretionary,1998-01-01,2004,592.304,592.304,0.0
outlay: Total Discretionary,1998-01-01,2005,608.889,608.889,0.0
outlay: Total Discretionary,1998-01-01,2006,625.938,625.938,0.0
outlay: Total Discretionary,1998-01-01,2007,643.464,643.4639999999999,1.1368683772161603e-13
outlay: Total Discretionary,1998-01-01,2008,661.481,661.481,0.0
outlay: Total Discretionary,1998-03-01,1998,557.56,557.56,0.0
outlay: Total Discretionary,1998-03-01,1999,561.135,561.135,0.0
outlay: Total Discretionary,1998-03-01,2000,564.683,564.683,0.0
outlay: Total Discretionary,1998-03-01,2001,564.073,564.073,0.0
outlay: Total Discretionary,1998-03-01,2002,560.346,560.346,0.0
outlay: Total Discretionary,1998-03-01,2003,576.036,576.0360000000001,-1.1368683772161603e-13
outlay: Total Discretionary,1998-03-01,2004,592.165,592.165,0.0
outlay: Total Discretionary,1998-03-01,2005,608.746,608.746,0.0
outlay: Total Discretionary,1998-03-01,2006,625.791,625.7909999999999,1.1368683772161603e-13
outlay: Total Discretionary,1998-03-01,2007,643.313,643.313,0.0
outlay: Total Discretionary,1998-03-01,2008,661.326,661.326,0.0
outlay: Total Discretionary,1998-08-01,1998,552.136,552.136,0.0
outlay: Total Discretionary,1998-08-01,1999,564.285,564.285,0.0
outlay: Total Discretionary,1998-08-01,2000,569.007,569.007,0.0
outlay: Total Discretionary,1998-08-01,2001,569.991,569.991,0.0
outlay: Total Discretionary,1998-08-01,2002,566.869,566.8689999999999,1.1368683772161603e-13
outlay: Total Discretionary,1998-08-01,2003,580.938,580.938,0.0
outlay: Total Discretionary,1998-08-01,2004,595.461,595.461,0.0
outlay: Total Discretionary,1998-08-01,2005,610.348,610.348,0.0
outlay: Total Discretionary,1998-08-01,2006,625.607,625.607,0.0
outlay: Total Discretionary,1998-08-01,2007,641.247,641.247,0.0
outlay: Total Discretionary,1998-08-01,2008,657.278,657.278,0.0
outlay: Total Discretionary,1999-01-01,1999,574.818,574.818,0.0
outlay: Total Discretionary,1999-01-01,2000,574.242,574.242,0.0
outlay: Total Discretionary,1999-01-01,2001,573.259,573.259,0.0
outlay: Total Discretionary,1999-01-01,2002,568.496,568.496,0.0
outlay: Total Discretionary,1999-01-01,2003,583.174,583.174,0.0
outlay: Total Discretionary,1999-01-01,2004,598.337,598.337,0.0
outlay: Total Discretionary,1999-01-01,2005,613.894,613.894,0.0
outlay: Total Discretionary,1999-01-01,2006,629.855,629.855,0.0
outlay: Total Discretionary,1999-01-01,2007,646.231,646.231,0.0
outlay: Total Discretionary,1999-01-01,2008,663.033,663.033,0.0
outlay: Total Discretionary,1999-01-01,2009,680.272,680.2719999999999,1.1368683772161603e-13
outlay: Total Discretionary,1999-04-01,1999,574.105,574.105,0.0
outlay: Total Discretionary,1999-04-01,2000,572.568,572.568,0.0
outlay: Total Discretionary,1999-04-01,2001,572.533,572.533,0.0
outlay: Total Discretionary,1999-04-01,2002,568.318,568.318,0.0
outlay: Total Discretionary,1999-04-01,2003,582.992,582.992,0.0
outlay: Total Discretionary,1999-04-01,2004,598.15,598.1500000000001,-1.1368683772161603e-13
outlay: Total Discretionary,1999-04-01,2005,613.702,613.702,0.0
outlay: Total Discretionary,1999-04-01,2006,629.658,629.658,0.0
outlay: Total Discretionary,1999-04-01,2007,646.029,646.029,0.0
outlay: Total Discretionary,1999-04-01,2008,662.826,662.826,0.0
outlay: Total Discretionary,1999-04-01,2009,680.059,680.059,0.0
outlay: Total Discretionary,1999-07-01,1999,574.273,574.273,0.0
outlay: Total Discretionary,1999-07-01,2000,579.826,579.826,0.0
outlay: Total Discretionary,1999-07-01,2001,574.711,574.711,0.0
outlay: Total Discretionary,1999-07-01,2002,569.253,569.2529999999999,1.1368683772161603e-13
outlay: Total Discretionary,1999-07-01,2003,583.382,583.382,0.0
outlay: Total Discretionary,1999-07-01,2004,597.967,597.967,0.0
outlay: Total Discretionary,1999-07-01,2005,612.916,612.9159999999999,1.1368683772161603e-13
outlay: Total Discretionary,1999-07-01,2006,628.239,628.239,0.0
outlay: Total Discretionary,1999-07-01,2007,643.945,643.9449999999999,1.1368683772161603e-13
outlay: Total Discretionary,1999-07-01,2008,660.044,660.0440000000001,-1.1368683772161603e-13
outlay: Total Discretionary,1999-07-01,2009,676.545,676.545,0.0
outlay: Total Discretionary,2000-01-01,2000,602.737,602.7370000000001,-1.1368683772161603e-13
outlay: Total Discretionary,2000-01-01,2001,578.494,578.494,0.0
outlay: Total Discretionary,2000-01-01,2002,571.046,571.046,0.0
outlay: Total Discretionary,2000-01-01,2003,585.22,585.22,0.0
outlay: Total Discretionary,2000-01-01,2004,599.85,599.85,0.0
outlay: Total Discretionary,2000-01-01,2005,614.846,614.846,0.0
outlay: Total Discretionary,2000-01-01,2006,630.218,630.2180000000001,-1.1368683772161603e-13
outlay: Total Discretionary,2000-01-01,2007,645.973,645.973,0.0
outlay: Total Discretionary,2000-01-01,2008,662.122,662.122,0.0
outlay: Total Discretionary,2000-01-01,2009,678.675,678.675,0.0
outlay: Total Discretionary,2000-01-01,2010,695.642,695.642,0.0
outlay: Total Discretionary,2000-04-01,2000,603.053,603.053,0.0
outlay: Total Discretionary,2000-04-01,2001,579.161,579.1610000000001,-1.1368683772161603e-13
outlay: Total Discretionary,2000-04-01,2002,570.944,570.944,0.0
outlay: Total Discretionary,2000-04-01,2003,585.115,585.115,0.0
outlay: Total Discretionary,2000-04-01,2004,599.743,599.7429999999999,1.1368683772161603e-13
outlay: Total Discretionary,2000-04-01,2005,614.737,614.7370000000001,-1.1368683772161603e-13
outlay: Total Discretionary,2000-04-01,2006,630.105,630.105,0.0
outlay: Total Discretionary,2000-04-01,2007,645.858,645.858,0.0
outlay: Total Discretionary,2000-04-01,2008,662.004,662.004,0.0
outlay: Total Discretionary,2000-04-01,2009,678.554,678.5540000000001,-1.1368683772161603e-13
outlay: Total Discretionary,2000-04-01,2010,695.518,695.518,0.0
outlay: Total Discretionary,2000-07-01,2000,607.798,607.798,0.0
outlay: Total Discretionary,2000-07-01,2001,579.161,579.1610000000001,-1.1368683772161603e-13
outlay: Total Discretionary,2000-07-01,2002,570.944,570.944,0.0
outlay: Total Discretionary,2000-07-01,2003,586.828,586.828,0.0
outlay: Total Discretionary,2000-07-01,2004,602.085,602.085,0.0
outlay: Total Discretionary,2000-07-01,2005,617.137,617.137,0.0
outlay: Total Discretionary,2000-07-01,2006,632.566,632.566,0.0
outlay: Total Discretionary,2000-07-01,2007,648.38,648.3800000000001,-1.1368683772161603e-13
outlay: Total Discretionary,2000-07-01,2008,664.589,664.5889999999999,1.1368683772161603e-13
outlay: Total Discretionary,2000-07-01,2009,681.204,681.204,0.0
outlay: Total Discretionary,2000-07-01,2010,698.234,698.234,0.0
outlay: Total Discretionary,2001-01-01,2001,646.479,646.479,0.0
outlay: Total Discretionary,2001-01-01,2002,682.382,682.3820000000001,-1.1368683772161603e-13
outlay: Total Discretionary,2001-01-01,2003,709.583,709.5830000000001,-1.1368683772161603e-13
outlay: Total Discretionary,2001-01-01,2004,729.531,729.531,0.0
outlay: Total Discretionary,2001-01-01,2005,750.324,750.3240000000001,-1.1368683772161603e-13
outlay: Total Discretionary,2001-01-01,2006,765.924,765.924,0.0
outlay: Total Discretionary,2001-01-01,2007,781.814,781.814,0.0
outlay: Total Discretionary,2001-01-01,2008,804.039,804.039,0.0
outlay: Total Discretionary,2001-01-01,2009,824.224,824.2239999999999,1.1368683772161603e-13
outlay: Total Discretionary,2001-01-01,2010,844.811,844.8109999999999,1.1368683772161603e-13
outlay: Total Discretionary,2001-01-01,2011,866.25,866.25,0.0
outlay: Total Discretionary,2001-05-01,2001,642.599,642.599,0.0
outlay: Total Discretionary,2001-05-01,2002,678.52,678.52,0.0
outlay: Total Discretionary,2001-05-01,2003,707.033,707.033,0.0
outlay: Total Discretionary,2001-05-01,2004,727.295,727.2950000000001,-1.1368683772161603e-13
outlay: Total Discretionary,2001-05-01,2005,748.387,748.387,0.0
outlay: Total Discretionary,2001-05-01,2006,762.98,762.98,0.0
outlay: Total Discretionary,2001-05-01,2007,778.466,778.4659999999999,1.1368683772161603e-13
outlay: Total Discretionary,2001-05-01,2008,800.634,800.634,0.0
outlay: Total Discretionary,2001-05-01,2009,820.845,820.845,0.0
outlay: Total Discretionary,2001-05-01,2010,841.423,841.423,0.0
outlay: Total Discretionary,2001-05-01,2011,866.391,866.3910000000001,-1.1368683772161603e-13
outlay: Total Discretionary,2001-08-01,2001,647.34,647.3399999999999,1.1368683772161603e-13
outlay: Total Discretionary,2001-08-01,2002,689.538,689.538,0.0
outlay: Total Discretionary,2001-08-01,2003,716.698,716.698,0.0
outlay: Total Discretionary,2001-08-01,2004,737.288,737.288,0.0
outlay: Total Discretionary,2001-08-01,2005,758.959,758.9590000000001,-1.1368683772161603e-13
outlay: Total Discretionary,2001-08-01,2006,773.765,773.765,0.0
outlay: Total Discretionary,2001-08-01,2007,789.353,789.3530000000001,-1.1368683772161603e-13
outlay: Total Discretionary,2001-08-01,2008,811.883,811.883,0.0
outlay: Total Discretionary,2001-08-01,2009,832.509,832.509,0.0
outlay: Total Discretionary,2001-08-01,2010,853.428,853.428,0.0
outlay: Total Discretionary,2001-08-01,2011,878.425,878.425,0.0
outlay: Total Discretionary,2002-01-01,2002,732.652,732.652,0.0
outlay: Total Discretionary,2002-01-01,2003,763.711,763.711,0.0
outlay: Total Discretionary,2002-01-01,2004,784.306,784.306,0.0
outlay: Total Discretionary,2002-01-01,2005,807.551,807.5509999999999,1.1368683772161603e-13
outlay: Total Discretionary,2002-01-01,2006,824.152,824.152,0.0
outlay: Total Discretionary,2002-01-01,2007,841.215,841.2149999999999,1.1368683772161603e-13
outlay: Total Discretionary,2002-01-01,2008,865.565,865.565,0.0
outlay: Total Discretionary,2002-01-01,2009,887.785,887.7850000000001,-1.1368683772161603e-13
outlay: Total Discretionary,2002-01-01,2010,910.415,910.415,0.0
outlay: Total Discretionary,2002-01-01,2011,937.28,937.28,0.0
outlay: Total Discretionary,2002-01-01,2012,952.638,952.638,0.0
outlay: Total Discretionary,2002-03-01,2002,730.835,730.835,0.0
outlay: Total Discretionary,2002-03-01,2003,761.188,761.188,0.0
outlay: Total Discretionary,2002-03-01,2004,783.905,783.905,0.0
outlay: Total Discretionary,2002-03-01,2005,806.295,806.2950000000001,-1.1368683772161603e-13
outlay: Total Discretionary,2002-03-01,2006,822.389,822.389,0.0
outlay: Total Discretionary,2002-03-01,2007,839.53,839.53,0.0
outlay: Total Discretionary,2002-03-01,2008,863.848,863.848,0.0
outlay: Total Discretionary,2002-03-01,2009,885.822,885.822,0.0
outlay: Total Discretionary,2002-03-01,2010,908.299,908.299,0.0
outlay: Total Discretionary,2002-03-01,2011,935.058,935.058,0.0
outlay: Total Discretionary,2002-03-01,2012,950.771,950.771,0.0
outlay: Total Discretionary,2002-08-01,2002,732.993,732.9929999999999,1.1368683772161603e-13
outlay: Total Discretionary,2002-08-01,2003,782.069,782.069,0.0
outlay: Total Discretionary,2002-08-01,2004,803.296,803.296,0.0
outlay: Total Discretionary,2002-08-01,2005,826.931,826.931,0.0
outlay: Total Discretionary,2002-08-01,2006,844.722,844.722,0.0
outlay: Total Discretionary,2002-08-01,2007,863.803,863.803,0.0
outlay: Total Discretionary,2002-08-01,2008,889.316,889.316,0.0
outlay: Total Discretionary,2002-08-01,2009,912.128,912.1279999999999,1.1368683772161603e-13
outlay: Total Discretionary,2002-08-01,2010,936.155,936.155,0.0
outlay: Total Discretionary,2002-08-01,2011,965.403,965.403,0.0
outlay: Total Discretionary,2002-08-01,2012,982.992,982.992,0.0
outlay: Total Discretionary,2003-01-01,2003,791.543,791.543,0.0
outlay: Total Discretionary,2003-01-01,2004,816.827,816.827,0.0
outlay: Total Discretionary,2003-01-01,2005,834.427,834.427,0.0
outlay: Total Discretionary,2003-01-01,2006,848.479,848.479,0.0
outlay: Total Discretionary,2003-01-01,2007,866.218,866.218,0.0
outlay: Total Discretionary,2003-01-01,2008,890.89,890.8900000000001,-1.1368683772161603e-13
outlay: Total Discretionary,2003-01-01,2009,914.733,914.733,0.0
outlay: Total Discretionary,2003-01-01,2010,939.679,939.6790000000001,-1.1368683772161603e-13
outlay: Total Discretionary,2003-01-01,2011,969.241,969.241,0.0
outlay: Total Discretionary,2003-01-01,2012,988.896,988.896,0.0
outlay: Total Discretionary,2003-01-01,2013,1019.835,1019.835,0.0
outlay: Total Discretionary,2003-03-01,2003,804.682,804.682,0.0
outlay: Total Discretionary,2003-03-01,2004,837.077,837.077,0.0
outlay: Total Discretionary,2003-03-01,2005,853.761,853.761,0.0
outlay: Total Discretionary,2003-03-01,2006,867.737,867.7370000000001,-1.1368683772161603e-13
outlay: Total Discretionary,2003-03-01,2007,886.193,886.193,0.0
outlay: Total Discretionary,2003-03-01,2008,911.206,911.206,0.0
outlay: Total Discretionary,2003-03-01,2009,935.567,935.567,0.0
outlay: Total Discretionary,2003-03-01,2010,961.119,961.119,0.0
outlay: Total Discretionary,2003-03-01,2011,991.402,991.402,0.0
outlay: Total Discretionary,2003-03-01,2012,1011.381,1011.3810000000001,-1.1368683772161603e-13
outlay: Total Discretionary,2003-03-01,2013,1043.111,1043.1109999999999,2.2737367544323206e-13
outlay: Total Discretionary,2003-08-01,2003,825.843,825.843,0.0
outlay: Total Discretionary,2003-08-01,2004,899.954,899.954,0.0
outlay: Total Discretionary,2003-08-01,2005,931.452,931.452,0.0
outlay: Total Discretionary,2003-08-01,2006,948.479,948.479,0.0
outlay: Total Discretionary,2003-08-01,2007,968.557,968.557,0.0
outlay: Total Discretionary,2003-08-01,2008,996.38,996.38,0.0
outlay: Total Discretionary,2003-08-01,2009,1021.873,1021.873,0.0
outlay: Total Discretionary,2003-08-01,2010,1048.081,1048.0810000000001,-2.2737367544323206e-13
outlay: Total Discretionary,2003-08-01,2011,1079.979,1079.9789999999998,2.2737367544323206e-13
outlay: Total Discretionary,2003-08-01,2012,1099.771,1099.771,0.0
outlay: Total Discretionary,2003-08-01,2013,1133.565,1133.565,0.0
outlay: Total Discretionary,2004-01-01,2004,896.467,896.4670000000001,-1.1368683772161603e-13
outlay: Total Discretionary,2004-01-01,2005,935.894,935.894,0.0
outlay: Total Discretionary,2004-01-01,2006,954.93,954.9300000000001,-1.1368683772161603e-13
outlay: Total Discretionary,2004-01-01,2007,972.38,972.38,0.0
outlay: Total Discretionary,2004-01-01,2008,997.672,997.672,0.0
outlay: Total Discretionary,2004-01-01,2009,1020.944,1020.944,0.0
outlay: Total Discretionary,2004-01-01,2010,1044.962,1044.962,0.0
outlay: Total Discretionary,2004-01-01,2011,1074.644,1074.6439999999998,2.2737367544323206e-13
outlay: Total Discretionary,2004-01-01,2012,1090.661,1090.661,0.0
outlay: Total Discretionary,2004-01-01,2013,1121.975,1121.975,0.0
outlay: Total Discretionary,2004-01-01,2014,1149.412,1149.412,0.0
outlay: Total Discretionary,2004-03-01,2004,895.047,895.047,0.0
outlay: Total Discretionary,2004-03-01,2005,935.554,935.554,0.0
outlay: Total Discretionary,2004-03-01,2006,955.545,955.5450000000001,-1.1368683772161603e-13
outlay: Total Discretionary,2004-03-01,2007,972.644,972.644,0.0
outlay: Total Discretionary,2004-03-01,2008,997.731,997.731,0.0
outlay: Total Discretionary,2004-03-01,2009,1020.994,1020.994,0.0
outlay: Total Discretionary,2004-03-01,2010,1044.777,1044.777,0.0
outlay: Total Discretionary,2004-03-01,2011,1074.196,1074.196,0.0
outlay: Total Discretionary,2004-03-01,2012,1090.833,1090.833,0.0
outlay: Total Discretionary,2004-03-01,2013,1122.006,1122.006,0.0
outlay: Total Discretionary,2004-03-01,2014,1149.505,1149.505,0.0
outlay: Total Discretionary,2004-09-01,2004,887.899,887.899,0.0
outlay: Total Discretionary,2004-09-01,2005,965.022,965.0219999999999,1.1368683772161603e-13
outlay: Total Discretionary,2004-09-01,2006,1000.292,1000.2919999999999,1.1368683772161603e-13
outlay: Total Discretionary,2004-09-01,2007,1019.937,1019.9370000000001,-1.1368683772161603e-13
outlay: Total Discretionary,2004-09-01,2008,1045.764,1045.7640000000001,-2.2737367544323206e-13
outlay: Total Discretionary,2004-09-01,2009,1069.105,1069.105,0.0
outlay: Total Discretionary,2004-09-01,2010,1093.159,1093.159,0.0
outlay: Total Discretionary,2004-09-01,2011,1122.971,1122.971,0.0
outlay: Total Discretionary,2004-09-01,2012,1140.06,1140.06,0.0
outlay: Total Discretionary,2004-09-01,2013,1171.568,1171.568,0.0
outlay: Total Discretionary,2004-09-01,2014,1199.137,1199.137,0.0
outlay: Total Discretionary,2005-01-01,2005,930.423,930.423,0.0
outlay: Total Discretionary,2005-01-01,2006,914.16,914.1600000000001,-1.1368683772161603e-13
outlay: Total Discretionary,2005-01-01,2007,919.316,919.316,0.0
outlay: Total Discretionary,2005-01-01,2008,940.275,940.2750000000001,-1.1368683772161603e-13
outlay: Total Discretionary,2005-01-01,2009,959.341,959.341,0.0
outlay: Total Discretionary,2005-01-01,2010,979.738,979.738,0.0
outlay: Total Discretionary,2005-01-01,2011,1006.112,1006.112,0.0
outlay: Total Discretionary,2005-01-01,2012,1021.839,1021.8389999999999,1.1368683772161603e-13
outlay: Total Discretionary,2005-01-01,2013,1050.036,1050.036,0.0
outlay: Total Discretionary,2005-01-01,2014,1074.896,1074.896,0.0
outlay: Total Discretionary,2005-01-01,2015,1100.702,1100.702,0.0
outlay: Total Discretionary,2005-03-01,2005,929.514,929.514,0.0
outlay: Total Discretionary,2005-03-01,2006,914.75,914.75,0.0
outlay: Total Discretionary,2005-03-01,2007,920.569,920.569,0.0
outlay: Total Discretionary,2005-03-01,2008,940.821,940.821,0.0
outlay: Total Discretionary,2005-03-01,2009,959.909,959.909,0.0
outlay: Total Discretionary,2005-03-01,2010,980.103,980.1030000000001,-1.1368683772161603e-13
outlay: Total Discretionary,2005-03-01,2011,1006.294,1006.294,0.0
outlay: Total Discretionary,2005-03-01,2012,1021.799,1021.799,0.0
outlay: Total Discretionary,2005-03-01,2013,1049.896,1049.896,0.0
outlay: Total Discretionary,2005-03-01,2014,1074.887,1074.8870000000002,-2.2737367544323206e-13
outlay: Total Discretionary,2005-03-01,2015,1100.476,1100.476,0.0
outlay: Total Discretionary,2005-08-01,2005,962.178,962.178,0.0
outlay: Total Discretionary,2005-08-01,2006,991.069,991.069,0.0
outlay: Total Discretionary,2005-08-01,2007,1007.998,1007.998,0.0
outlay: Total Discretionary,2005-08-01,2008,1032.232,1032.232,0.0
outlay: Total Discretionary,2005-08-01,2009,1052.385,1052.385,0.0
outlay: Total Discretionary,2005-08-01,2010,1075.436,1075.4360000000001,-2.2737367544323206e-13
outlay: Total Discretionary,2005-08-01,2011,1103.993,1103.993,0.0
outlay: Total Discretionary,2005-08-01,2012,1120.334,1120.3339999999998,2.2737367544323206e-13
outlay: Total Discretionary,2005-08-01,2013,1151.338,1151.3380000000002,-2.2737367544323206e-13
outlay: Total Discretionary,2005-08-01,2014,1178.591,1178.591,0.0
outlay: Total Discretionary,2005-08-01,2015,1206.524,1206.524,0.0
outlay: Total Discretionary,2006-01-01,2006,999.494,999.494,0.0
outlay: Total Discretionary,2006-01-01,2007,999.789,999.789,0.0
outlay: Total Discretionary,2006-01-01,2008,1021.804,1021.804,0.0
outlay: Total Discretionary,2006-01-01,2009,1040.41,1040.4099999999999,2.2737367544323206e-13
outlay: Total Discretionary,2006-01-01,2010,1060.424,1060.424,0.0
outlay: Total Discretionary,2006-01-01,2011,1086.88,1086.88,0.0
outlay: Total Discretionary,2006-01-01,2012,1102.576,1102.576,0.0
outlay: Total Discretionary,2006-01-01,2013,1132.489,1132.489,0.0
outlay: Total Discretionary,2006-01-01,2014,1158.733,1158.7330000000002,-2.2737367544323206e-13
outlay: Total Discretionary,2006-01-01,2015,1186.414,1186.414,0.0
outlay: Total Discretionary,2006-01-01,2016,1219.223,1219.223,0.0
outlay: Total Discretionary,2006-03-01,2006,1002.145,1002.145,0.0
outlay: Total Discretionary,2006-03-01,2007,999.16,999.16,0.0
outlay: Total Discretionary,2006-03-01,2008,1017.627,1017.627,0.0
outlay: Total Discretionary,2006-03-01,2009,1038.404,1038.404,0.0
outlay: Total Discretionary,2006-03-01,2010,1059.69,1059.69,0.0
outlay: Total Discretionary,2006-03-01,2011,1085.869,1085.8690000000001,-2.2737367544323206e-13
outlay: Total Discretionary,2006-03-01,2012,1101.214,1101.214,0.0
outlay: Total Discretionary,2006-03-01,2013,1130.851,1130.851,0.0
outlay: Total Discretionary,2006-03-01,2014,1156.92,1156.92,0.0
outlay: Total Discretionary,2006-03-01,2015,1184.435,1184.435,0.0
outlay: Total Discretionary,2006-03-01,2016,1217.093,1217.0929999999998,2.2737367544323206e-13
outlay: Total Discretionary,2006-08-01,2006,1024.628,1024.6280000000002,-2.2737367544323206e-13
outlay: Total Discretionary,2006-08-01,2007,1065.377,1065.377,0.0
outlay: Total Discretionary,2006-08-01,2008,1106.372,1106.3719999999998,2.2737367544323206e-13
outlay: Total Discretionary,2006-08-01,2009,1137.635,1137.635,0.0
outlay: Total Discretionary,2006-08-01,2010,1163.886,1163.886,0.0
outlay: Total Discretionary,2006-08-01,2011,1192.278,1192.278,0.0
outlay: Total Discretionary,2006-08-01,2012,1208.654,1208.654,0.0
outlay: Total Discretionary,2006-08-01,2013,1240.827,1240.827,0.0
outlay: Total Discretionary,2006-08-01,2014,1269.315,1269.315,0.0
outlay: Total Discretionary,2006-08-01,2015,1299.239,1299.239,0.0
outlay: Total Discretionary,2006-08-01,2016,1334.833,1334.833,0.0
outlay: Total Discretionary,2007-01-01,2007,1023.891,1023.891,0.0
outlay: Total Discretionary,2007-01-01,2008,1034.191,1034.191,0.0
outlay: Total Discretionary,2007-01-01,2009,1050.488,1050.4879999999998,2.2737367544323206e-13
outlay: Total Discretionary,2007-01-01,2010,1067.481,1067.481,0.0
outlay: Total Discretionary,2007-01-01,2011,1089.361,1089.3609999999999,2.2737367544323206e-13
outlay: Total Discretionary,2007-01-01,2012,1100.319,1100.319,0.0
outlay: Total Discretionary,2007-01-01,2013,1128.656,1128.656,0.0
outlay: Total Discretionary,2007-01-01,2014,1154.602,1154.6019999999999,2.2737367544323206e-13
outlay: Total Discretionary,2007-01-01,2015,1182.051,1182.051,0.0
outlay: Total Discretionary,2007-01-01,2016,1214.735,1214.7350000000001,-2.2737367544323206e-13
outlay: Total Discretionary,2007-01-01,2017,1238.399,1238.399,0.0
outlay: Total Discretionary,2007-03-01,2007,1029.456,1029.4560000000001,-2.2737367544323206e-13
outlay: Total Discretionary,2007-03-01,2008,1046.189,1046.189,0.0
outlay: Total Discretionary,2007-03-01,2009,1062.321,1062.321,0.0
outlay: Total Discretionary,2007-03-01,2010,1078.109,1078.109,0.0
outlay: Total Discretionary,2007-03-01,2011,1099.927,1099.9270000000001,-2.2737367544323206e-13
outlay: Total Discretionary,2007-03-01,2012,1111.891,1111.891,0.0
outlay: Total Discretionary,2007-03-01,2013,1140.144,1140.144,0.0
outlay: Total Discretionary,2007-03-01,2014,1166.177,1166.1770000000001,-2.2737367544323206e-13
outlay: Total Discretionary,2007-03-01,2015,1193.806,1193.806,0.0
outlay: Total Discretionary,2007-03-01,2016,1226.604,1226.6039999999998,2.2737367544323206e-13
outlay: Total Discretionary,2007-03-01,2017,1250.437,1250.437,0.0
outlay: Total Discretionary,2007-08-01,2007,1042.192,1042.192,0.0
outlay: Total Discretionary,2007-08-01,2008,1119.899,1119.899,0.0
outlay: Total Discretionary,2007-08-01,2009,1164.706,1164.7060000000001,-2.2737367544323206e-13
outlay: Total Discretionary,2007-08-01,2010,1194.735,1194.735,0.0
outlay: Total Discretionary,2007-08-01,2011,1223.135,1223.135,0.0
outlay: Total Discretionary,2007-08-01,2012,1239.138,1239.138,0.0
outlay: Total Discretionary,2007-08-01,2013,1270.977,1270.9769999999999,2.2737367544323206e-13
outlay: Total Discretionary,2007-08-01,2014,1299.525,1299.525,0.0
outlay: Total Discretionary,2007-08-01,2015,1329.7,1329.7,0.0
outlay: Total Discretionary,2007-08-01,2016,1366.275,1366.275,0.0
outlay: Total Discretionary,2007-08-01,2017,1392.489,1392.489,0.0
outlay: Total Discretionary,2008-01-01,2008,1089.319,1089.319,0.0
outlay: Total Discretionary,2008-01-01,2009,1120.562,1120.562,0.0
outlay: Total Discretionary,2008-01-01,2010,1145.319,1145.319,0.0
outlay: Total Discretionary,2008-01-01,2011,1169.952,1169.952,0.0
outlay: Total Discretionary,2008-01-01,2012,1186.054,1186.054,0.0
outlay: Total Discretionary,2008-01-01,2013,1216.298,1216.298,0.0
outlay: Total Discretionary,2008-01-01,2014,1243.184,1243.184,0.0
outlay: Total Discretionary,2008-01-01,2015,1272.486,1272.4859999999999,2.2737367544323206e-13
outlay: Total Discretionary,2008-01-01,2016,1307.49,1307.49,0.0
outlay: Total Discretionary,2008-01-01,2017,1334.635,1334.635,0.0
outlay: Total Discretionary,2008-01-01,2018,1359.903,1359.903,0.0
outlay: Total Discretionary,2008-03-01,2008,1092.291,1092.291,0.0
outlay: Total Discretionary,2008-03-01,2009,1121.586,1121.586,0.0
outlay: Total Discretionary,2008-03-01,2010,1145.945,1145.945,0.0
outlay: Total Discretionary,2008-03-01,2011,1171.037,1171.037,0.0
outlay: Total Discretionary,2008-03-01,2012,1187.35,1187.35,0.0
outlay: Total Discretionary,2008-03-01,2013,1217.68,1217.6799999999998,2.2737367544323206e-13
outlay: Total Discretionary,2008-03-01,2014,1245.001,1245.001,0.0
outlay: Total Discretionary,2008-03-01,2015,1274.174,1274.174,0.0
outlay: Total Discretionary,2008-03-01,2016,1309.353,1309.353,0.0
outlay: Total Discretionary,2008-03-01,2017,1336.392,1336.392,0.0
outlay: Total Discretionary,2008-03-01,2018,1362.888,1362.888,0.0
outlay: Total Discretionary,2008-09-01,2008,1125.303,1125.3029999999999,2.2737367544323206e-13
outlay: Total Discretionary,2008-09-01,2009,1201.765,1201.7649999999999,2.2737367544323206e-13
outlay: Total Discretionary,2008-09-01,2010,1258.032,1258.0320000000002,-2.2737367544323206e-13
outlay: Total Discretionary,2008-09-01,2011,1296.894,1296.894,0.0
outlay: Total Discretionary,2008-09-01,2012,1317.761,1317.761,0.0
outlay: Total Discretionary,2008-09-01,2013,1352.92,1352.92,0.0
outlay: Total Discretionary,2008-09-01,2014,1384.839,1384.839,0.0
outlay: Total Discretionary,2008-09-01,2015,1417.334,1417.334,0.0
outlay: Total Discretionary,2008-09-01,2016,1455.89,1455.8899999999999,2.2737367544323206e-13
outlay: Total Discretionary,2008-09-01,2017,1485.353,1485.353,0.0
outlay: Total Discretionary,2008-09-01,2018,1513.899,1513.899,0.0
outlay: Total Discretionary,2009-01-01,2009,1184.477,1184.4769999999999,2.2737367544323206e-13
outlay: Total Discretionary,2009-01-01,2010,1188.183,1188.183,0.0
outlay: Total Discretionary,2009-01-01,2011,1189.076,1189.076,0.0
outlay: Total Discretionary,2009-01-01,2012,1193.306,1193.306,0.0
outlay: Total Discretionary,2009-01-01,2013,1219.629,1219.629,0.0
outlay: Total Discretionary,2009-01-01,2014,1245.779,1245.779,0.0
outlay: Total Discretionary,2009-01-01,2015,1274.133,1274.1329999999998,2.2737367544323206e-13
outlay: Total Discretionary,2009-01-01,2016,1308.206,1308.206,0.0
outlay: Total Discretionary,2009-01-01,2017,1335.37,1335.37,0.0
outlay: Total Discretionary,2009-01-01,2018,1361.668,1361.6680000000001,-2.2737367544323206e-13
outlay: Total Discretionary,2009-01-01,2019,1398.653,1398.653,0.0
outlay: Total Discretionary,2009-03-01,2009,1220.843,1220.843,0.0
outlay: Total Discretionary,2009-03-01,2010,1302.352,1302.3519999999999,2.2737367544323206e-13
outlay: Total Discretionary,2009-03-01,2011,1284.938,1284.938,0.0
outlay: Total Discretionary,2009-03-01,2012,1240.081,1240.0810000000001,-2.2737367544323206e-13
outlay: Total Discretionary,2009-03-01,2013,1238.859,1238.859,0.0
outlay: Total Discretionary,2009-03-01,2014,1243.505,1243.505,0.0
outlay: Total Discretionary,2009-03-01,2015,1255.51,1255.5100000000002,-2.2737367544323206e-13
outlay: Total Discretionary,2009-03-01,2016,1279.294,1279.2939999999999,2.2737367544323206e-13
outlay: Total Discretionary,2009-03-01,2017,1299.609,1299.609,0.0
outlay: Total Discretionary,2009-03-01,2018,1320.026,1320.0259999999998,2.2737367544323206e-13
outlay: Total Discretionary,2009-03-01,2019,1351.651,1351.6509999999998,2.2737367544323206e-13
outlay: Total Discretionary,2009-08-01,2009,1241.227,1241.227,0.0
outlay: Total Discretionary,2009-08-01,2010,1378.341,1378.341,0.0
outlay: Total Discretionary,2009-08-01,2011,1370.323,1370.3229999999999,2.2737367544323206e-13
outlay: Total Discretionary,2009-08-01,2012,1342.895,1342.895,0.0
outlay: Total Discretionary,2009-08-01,2013,1347.415,1347.415,0.0
outlay: Total Discretionary,2009-08-01,2014,1357.935,1357.935,0.0
outlay: Total Discretionary,2009-08-01,2015,1374.465,1374.4650000000001,-2.2737367544323206e-13
outlay: Total Discretionary,2009-08-01,2016,1401.464,1401.464,0.0
outlay: Total Discretionary,2009-08-01,2017,1424.428,1424.4279999999999,2.2737367544323206e-13
outlay: Total Discretionary,2009-08-01,2018,1448.177,1448.1770000000001,-2.2737367544323206e-13
outlay: Total Discretionary,2009-08-01,2019,1483.922,1483.922,0.0
outlay: Total Discretionary,2010-01-01,2010,1371.236,1371.2359999999999,2.2737367544323206e-13
outlay: Total Discretionary,2010-01-01,2011,1371.176,1371.176,0.0
outlay: Total Discretionary,2010-01-01,2012,1344.237,1344.237,0.0
outlay: Total Discretionary,2010-01-01,2013,1346.422,1346.422,0.0
outlay: Total Discretionary,2010-01-01,2014,1356.61,1356.6100000000001,-2.2737367544323206e-13
outlay: Total Discretionary,2010-01-01,2015,1373.392,1373.392,0.0
outlay: Total Discretionary,2010-01-01,2016,1402.01,1402.01,0.0
outlay: Total Discretionary,2010-01-01,2017,1425.828,1425.828,0.0
outlay: Total Discretionary,2010-01-01,2018,1450.171,1450.171,0.0
outlay: Total Discretionary,2010-01-01,2019,1486.041,1486.041,0.0
outlay: Total Discretionary,2010-01-01,2020,1518.291,1518.291,0.0
outlay: Total Discretionary,2010-03-01,2010,1366.891,1366.891,0.0
outlay: Total Discretionary,2010-03-01,2011,1372.762,1372.7620000000002,-2.2737367544323206e-13
outlay: Total Discretionary,2010-03-01,2012,1344.5,1344.5,0.0
outlay: Total Discretionary,2010-03-01,2013,1345.229,1345.229,0.0
outlay: Total Discretionary,2010-03-01,2014,1355.685,1355.685,0.0
outlay: Total Discretionary,2010-03-01,2015,1372.212,1372.212,0.0
outlay: Total Discretionary,2010-03-01,2016,1401.194,1401.194,0.0
outlay: Total Discretionary,2010-03-01,2017,1424.696,1424.696,0.0
outlay: Total Discretionary,2010-03-01,2018,1448.757,1448.757,0.0
outlay: Total Discretionary,2010-03-01,2019,1484.434,1484.434,0.0
outlay: Total Discretionary,2010-03-01,2020,1517.215,1517.215,0.0
outlay: Total Discretionary,2010-08-01,2010,1357.679,1357.679,0.0
outlay: Total Discretionary,2010-08-01,2011,1404.023,1404.023,0.0
outlay: Total Discretionary,2010-08-01,2012,1388.006,1388.0059999999999,2.2737367544323206e-13
outlay: Total Discretionary,2010-08-01,2013,1398.567,1398.567,0.0
outlay: Total Discretionary,2010-08-01,2014,1417.788,1417.788,0.0
outlay: Total Discretionary,2010-08-01,2015,1442.553,1442.5529999999999,2.2737367544323206e-13
outlay: Total Discretionary,2010-08-01,2016,1480.878,1480.878,0.0
outlay: Total Discretionary,2010-08-01,2017,1511.472,1511.472,0.0
outlay: Total Discretionary,2010-08-01,2018,1541.877,1541.877,0.0
outlay: Total Discretionary,2010-08-01,2019,1584.03,1584.03,0.0
outlay: Total Discretionary,2010-08-01,2020,1622.074,1622.074,0.0
outlay: Total Discretionary,2011-01-01,2011,1375.236,1375.2359999999999,2.2737367544323206e-13
outlay: Total Discretionary,2011-01-01,2012,1352.43,1352.4299999999998,2.2737367544323206e-13
outlay: Total Discretionary,2011-01-01,2013,1363.549,1363.549,0.0
outlay: Total Discretionary,2011-01-01,2014,1378.448,1378.448,0.0
outlay: Total Discretionary,2011-01-01,2015,1396.864,1396.864,0.0
outlay: Total Discretionary,2011-01-01,2016,1425.746,1425.746,0.0
outlay: Total Discretionary,2011-01-01,2017,1452.883,1452.883,0.0
outlay: Total Discretionary,2011-01-01,2018,1481.715,1481.715,0.0
outlay: Total Discretionary,2011-01-01,2019,1524.144,1524.144,0.0
outlay: Total Discretionary,2011-01-01,2020,1561.884,1561.884,0.0
outlay: Total Discretionary,2011-01-01,2021,1600.174,1600.174,0.0
outlay: Total Discretionary,2011-03-01,2011,1361.383,1361.383,0.0
outlay: Total Discretionary,2011-03-01,2012,1344.439,1344.4389999999999,2.2737367544323206e-13
outlay: Total Discretionary,2011-03-01,2013,1356.174,1356.174,0.0
outlay: Total Discretionary,2011-03-01,2014,1370.985,1370.985,0.0
outlay: Total Discretionary,2011-03-01,2015,1391.254,1391.254,0.0
outlay: Total Discretionary,2011-03-01,2016,1419.933,1419.933,0.0
outlay: Total Discretionary,2011-03-01,2017,1446.44,1446.44,0.0
outlay: Total Discretionary,2011-03-01,2018,1474.998,1474.998,0.0
outlay: Total Discretionary,2011-03-01,2019,1517.407,1517.4070000000002,-2.2737367544323206e-13
outlay: Total Discretionary,2011-03-01,2020,1555.812,1555.812,0.0
outlay: Total Discretionary,2011-03-01,2021,1594.294,1594.2939999999999,2.2737367544323206e-13
outlay: Total Discretionary,2011-08-01,2011,1353.432,1353.432,0.0
outlay: Total Discretionary,2011-08-01,2012,1315.082,1315.0819999999999,2.2737367544323206e-13
outlay: Total Discretionary,2011-08-01,2013,1299.84,1299.8400000000001,-2.2737367544323206e-13
outlay: Total Discretionary,2011-08-01,2014,1300.733,1300.7330000000002,-2.2737367544323206e-13
outlay: Total Discretionary,2011-08-01,2015,1311.302,1311.3020000000001,-2.2737367544323206e-13
outlay: Total Discretionary,2011-08-01,2016,1332.114,1332.114,0.0
outlay: Total Discretionary,2011-08-01,2017,1349.821,1349.821,0.0
outlay: Total Discretionary,2011-08-01,2018,1369.745,1369.745,0.0
outlay: Total Discretionary,2011-08-01,2019,1403.613,1403.613,0.0
outlay: Total Discretionary,2011-08-01,2020,1433.922,1433.922,0.0
outlay: Total Discretionary,2011-08-01,2021,1464.158,1464.158,0.0
outlay: Total Discretionary,2012-01-01,2012,1307.618,1307.618,0.0
outlay: Total Discretionary,2012-01-01,2013,1219.645,1219.645,0.0
outlay: Total Discretionary,2012-01-01,2014,1196.05,1196.05,0.0
outlay: Total Discretionary,2012-01-01,2015,1199.523,1199.5230000000001,-2.2737367544323206e-13
outlay: Total Discretionary,2012-01-01,2016,1219.46,1219.46,0.0
outlay: Total Discretionary,2012-01-01,2017,1233.456,1233.4560000000001,-2.2737367544323206e-13
outlay: Total Discretionary,2012-01-01,2018,1250.913,1250.913,0.0
outlay: Total Discretionary,2012-01-01,2019,1283.559,1283.559,0.0
outlay: Total Discretionary,2012-01-01,2020,1313.333,1313.333,0.0
outlay: Total Discretionary,2012-01-01,2021,1343.526,1343.526,0.0
outlay: Total Discretionary,2012-01-01,2022,1381.5,1381.5,0.0
outlay: Total Discretionary,2012-03-01,2012,1302.598,1302.598,0.0
outlay: Total Discretionary,2012-03-01,2013,1218.53,1218.53,0.0
outlay: Total Discretionary,2012-03-01,2014,1194.896,1194.896,0.0
outlay: Total Discretionary,2012-03-01,2015,1198.491,1198.491,0.0
outlay: Total Discretionary,2012-03-01,2016,1219.531,1219.531,0.0
outlay: Total Discretionary,2012-03-01,2017,1233.219,1233.219,0.0
outlay: Total Discretionary,2012-03-01,2018,1250.063,1250.063,0.0
outlay: Total Discretionary,2012-03-01,2019,1282.622,1282.622,0.0
outlay: Total Discretionary,2012-03-01,2020,1312.455,1312.455,0.0
outlay: Total Discretionary,2012-03-01,2021,1342.852,1342.8519999999999,2.2737367544323206e-13
outlay: Total Discretionary,2012-03-01,2022,1381.062,1381.062,0.0
outlay: Total Discretionary,2012-08-01,2012,1289.054,1289.054,0.0
outlay: Total Discretionary,2012-08-01,2013,1231.175,1231.1750000000002,-2.2737367544323206e-13
outlay: Total Discretionary,2012-08-01,2014,1193.807,1193.807,0.0
outlay: Total Discretionary,2012-08-01,2015,1198.643,1198.643,0.0
outlay: Total Discretionary,2012-08-01,2016,1220.217,1220.217,0.0
outlay: Total Discretionary,2012-08-01,2017,1235.555,1235.555,0.0
outlay: Total Discretionary,2012-08-01,2018,1252.742,1252.742,0.0
outlay: Total Discretionary,2012-08-01,2019,1285.51,1285.51,0.0
outlay: Total Discretionary,2012-08-01,2020,1315.684,1315.6840000000002,-2.2737367544323206e-13
outlay: Total Discretionary,2012-08-01,2021,1346.148,1346.1480000000001,-2.2737367544323206e-13
outlay: Total Discretionary,2012-08-01,2022,1384.281,1384.281,0.0
outlay: Total Discretionary,2013-02-01,2013,1212.847,1212.847,0.0
outlay: Total Discretionary,2013-02-01,2014,1169.998,1169.998,0.0
outlay: Total Discretionary,2013-02-01,2015,1189.381,1189.3809999999999,2.2737367544323206e-13
outlay: Total Discretionary,2013-02-01,2016,1208.636,1208.636,0.0
outlay: Total Discretionary,2013-02-01,2017,1233.467,1233.467,0.0
outlay: Total Discretionary,2013-02-01,2018,1257.383,1257.383,0.0
outlay: Total Discretionary,2013-02-01,2019,1293.197,1293.1970000000001,-2.2737367544323206e-13
outlay: Total Discretionary,2013-02-01,2020,1324.283,1324.283,0.0
outlay: Total Discretionary,2013-02-01,2021,1356.168,1356.1680000000001,-2.2737367544323206e-13
outlay: Total Discretionary,2013-02-01,2022,1395.626,1395.626,0.0
outlay: Total Discretionary,2013-02-01,2023,1423.805,1423.8049999999998,2.2737367544323206e-13
outlay: Total Discretionary,2013-05-01,2013,1212.715,1212.7150000000001,-2.2737367544323206e-13
outlay: Total Discretionary,2013-05-01,2014,1168.145,1168.145,0.0
outlay: Total Discretionary,2013-05-01,2015,1186.959,1186.9589999999998,2.2737367544323206e-13
outlay: Total Discretionary,2013-05-01,2016,1205.714,1205.714,0.0
outlay: Total Discretionary,2013-05-01,2017,1229.45,1229.45,0.0
outlay: Total Discretionary,2013-05-01,2018,1250.377,1250.377,0.0
outlay: Total Discretionary,2013-05-01,2019,1285.761,1285.761,0.0
outlay: Total Discretionary,2013-05-01,2020,1316.023,1316.0230000000001,-2.2737367544323206e-13
outlay: Total Discretionary,2013-05-01,2021,1347.023,1347.0230000000001,-2.2737367544323206e-13
outlay: Total Discretionary,2013-05-01,2022,1386.093,1386.0929999999998,2.2737367544323206e-13
outlay: Total Discretionary,2013-05-01,2023,1414.604,1414.6039999999998,2.2737367544323206e-13
outlay: Total Discretionary,2014-02-01,2014,1193.781,1193.781,0.0
outlay: Total Discretionary,2014-02-01,2015,1191.831,1191.8310000000001,-2.2737367544323206e-13
outlay: Total Discretionary,2014-02-01,2016,1192.007,1192.007,0.0
outlay: Total Discretionary,2014-02-01,2017,1193.923,1193.923,0.0
outlay: Total Discretionary,2014-02-01,2018,1209.501,1209.501,0.0
outlay: Total Discretionary,2014-02-01,2019,1238.7,1238.6999999999998,2.2737367544323206e-13
outlay: Total Discretionary,2014-02-01,2020,1265.812,1265.812,0.0
outlay: Total Discretionary,2014-02-01,2021,1293.02,1293.02,0.0
outlay: Total Discretionary,2014-02-01,2022,1328.962,1328.962,0.0
outlay: Total Discretionary,2014-02-01,2023,1356.346,1356.346,0.0
outlay: Total Discretionary,2014-02-01,2024,1383.294,1383.2939999999999,2.2737367544323206e-13
outlay: Total Discretionary,2014-04-01,2014,1179.603,1179.603,0.0
outlay: Total Discretionary,2014-04-01,2015,1188.015,1188.0149999999999,2.2737367544323206e-13
outlay: Total Discretionary,2014-04-01,2016,1189.715,1189.7150000000001,-2.2737367544323206e-13
outlay: Total Discretionary,2014-04-01,2017,1192.469,1192.469,0.0
outlay: Total Discretionary,2014-04-01,2018,1207.632,1207.632,0.0
outlay: Total Discretionary,2014-04-01,2019,1236.563,1236.563,0.0
outlay: Total Discretionary,2014-04-01,2020,1264.087,1264.087,0.0
outlay: Total Discretionary,2014-04-01,2021,1291.167,1291.167,0.0
outlay: Total Discretionary,2014-04-01,2022,1326.76,1326.7600000000002,-2.2737367544323206e-13
outlay: Total Discretionary,2014-04-01,2023,1353.745,1353.745,0.0
outlay: Total Discretionary,2014-04-01,2024,1380.026,1380.0259999999998,2.2737367544323206e-13
outlay: Total Discretionary,2014-08-01,2014,1170.158,1170.158,0.0
outlay: Total Discretionary,2014-08-01,2015,1187.644,1187.644,0.0
outlay: Total Discretionary,2014-08-01,2016,1191.972,1191.972,0.0
outlay: Total Discretionary,2014-08-01,2017,1194.444,1194.444,0.0
outlay: Total Discretionary,2014-08-01,2018,1208.001,1208.001,0.0
outlay: Total Discretionary,2014-08-01,2019,1236.669,1236.6689999999999,2.2737367544323206e-13
outlay: Total Discretionary,2014-08-01,2020,1263.952,1263.952,0.0
outlay: Total Discretionary,2014-08-01,2021,1290.96,1290.96,0.0
outlay: Total Discretionary,2014-08-01,2022,1325.866,1325.866,0.0
outlay: Total Discretionary,2014-08-01,2023,1351.779,1351.779,0.0
outlay: Total Discretionary,2014-08-01,2024,1376.835,1376.835,0.0
outlay: Total Discretionary,2015-01-01,2015,1174.609,1174.609,0.0
outlay: Total Discretionary,2015-01-01,2016,1175.839,1175.839,0.0
outlay: Total Discretionary,2015-01-01,2017,1181.694,1181.694,0.0
outlay: Total Discretionary,2015-01-01,2018,1192.637,1192.6370000000002,-2.2737367544323206e-13
outlay: Total Discretionary,2015-01-01,2019,1220.802,1220.8020000000001,-2.2737367544323206e-13
outlay: Total Discretionary,2015-01-01,2020,1248.149,1248.149,0.0
outlay: Total Discretionary,2015-01-01,2021,1275.632,1275.632,0.0
outlay: Total Discretionary,2015-01-01,2022,1310.059,1310.059,0.0
outlay: Total Discretionary,2015-01-01,2023,1335.714,1335.714,0.0
outlay: Total Discretionary,2015-01-01,2024,1360.957,1360.9569999999999,2.2737367544323206e-13
outlay: Total Discretionary,2015-01-01,2025,1399.501,1399.501,0.0
outlay: Total Discretionary,2015-03-01,2015,1174.595,1174.595,0.0
outlay: Total Discretionary,2015-03-01,2016,1178.19,1178.19,0.0
outlay: Total Discretionary,2015-03-01,2017,1184.258,1184.258,0.0
outlay: Total Discretionary,2015-03-01,2018,1194.101,1194.101,0.0
outlay: Total Discretionary,2015-03-01,2019,1221.989,1221.989,0.0
outlay: Total Discretionary,2015-03-01,2020,1248.741,1248.741,0.0
outlay: Total Discretionary,2015-03-01,2021,1276.248,1276.248,0.0
outlay: Total Discretionary,2015-03-01,2022,1310.826,1310.826,0.0
outlay: Total Discretionary,2015-03-01,2023,1336.157,1336.157,0.0
outlay: Total Discretionary,2015-03-01,2024,1361.194,1361.194,0.0
outlay: Total Discretionary,2015-03-01,2025,1400.116,1400.116,0.0
outlay: Total Discretionary,2015-08-01,2015,1161.879,1161.879,0.0
outlay: Total Discretionary,2015-08-01,2016,1176.251,1176.251,0.0
outlay: Total Discretionary,2015-08-01,2017,1185.517,1185.5169999999998,2.2737367544323206e-13
outlay: Total Discretionary,2015-08-01,2018,1194.837,1194.837,0.0
outlay: Total Discretionary,2015-08-01,2019,1222.292,1222.292,0.0
outlay: Total Discretionary,2015-08-01,2020,1248.733,1248.733,0.0
outlay: Total Discretionary,2015-08-01,2021,1275.979,1275.9789999999998,2.2737367544323206e-13
outlay: Total Discretionary,2015-08-01,2022,1310.414,1310.4140000000002,-2.2737367544323206e-13
outlay: Total Discretionary,2015-08-01,2023,1335.767,1335.767,0.0
outlay: Total Discretionary,2015-08-01,2024,1361.605,1361.605,0.0
outlay: Total Discretionary,2015-08-01,2025,1400.148,1400.1480000000001,-2.2737367544323206e-13
outlay: Total Discretionary,2016-01-01,2016,1197.558,1197.558,0.0
outlay: Total Discretionary,2016-01-01,2017,1205.804,1205.804,0.0
outlay: Total Discretionary,2016-01-01,2018,1203.42,1203.42,0.0
outlay: Total Discretionary,2016-01-01,2019,1221.791,1221.7910000000002,-2.2737367544323206e-13
outlay: Total Discretionary,2016-01-01,2020,1247.763,1247.763,0.0
outlay: Total Discretionary,2016-01-01,2021,1273.672,1273.672,0.0
outlay: Total Discretionary,2016-01-01,2022,1306.767,1306.767,0.0
outlay: Total Discretionary,2016-01-01,2023,1332.169,1332.1689999999999,2.2737367544323206e-13
outlay: Total Discretionary,2016-01-01,2024,1358.403,1358.4029999999998,2.2737367544323206e-13
outlay: Total Discretionary,2016-01-01,2025,1396.523,1396.5230000000001,-2.2737367544323206e-13
outlay: Total Discretionary,2016-01-01,2026,1428.977,1428.9769999999999,2.2737367544323206e-13
outlay: Total Discretionary,2016-03-01,2016,1195.95,1195.95,0.0
outlay: Total Discretionary,2016-03-01,2017,1205.61,1205.6100000000001,-2.2737367544323206e-13
outlay: Total Discretionary,2016-03-01,2018,1204.519,1204.519,0.0
outlay: Total Discretionary,2016-03-01,2019,1222.401,1222.4009999999998,2.2737367544323206e-13
outlay: Total Discretionary,2016-03-01,2020,1248.633,1248.6329999999998,2.2737367544323206e-13
outlay: Total Discretionary,2016-03-01,2021,1275.442,1275.442,0.0
outlay: Total Discretionary,2016-03-01,2022,1307.296,1307.2959999999998,2.2737367544323206e-13
outlay: Total Discretionary,2016-03-01,2023,1332.352,1332.3519999999999,2.2737367544323206e-13
outlay: Total Discretionary,2016-03-01,2024,1358.503,1358.5030000000002,-2.2737367544323206e-13
outlay: Total Discretionary,2016-03-01,2025,1396.525,1396.525,0.0
outlay: Total Discretionary,2016-03-01,2026,1429.122,1429.122,0.0
outlay: Total Discretionary,2016-08-01,2016,1181.349,1181.349,0.0
outlay: Total Discretionary,2016-08-01,2017,1206.711,1206.711,0.0
outlay: Total Discretionary,2016-08-01,2018,1204.67,1204.67,0.0
outlay: Total Discretionary,2016-08-01,2019,1222.554,1222.554,0.0
outlay: Total Discretionary,2016-08-01,2020,1248.179,1248.179,0.0
outlay: Total Discretionary,2016-08-01,2021,1274.829,1274.829,0.0
outlay: Total Discretionary,2016-08-01,2022,1306.432,1306.432,0.0
outlay: Total Discretionary,2016-08-01,2023,1331.676,1331.676,0.0
outlay: Total Discretionary,2016-08-01,2024,1357.744,1357.744,0.0
outlay: Total Discretionary,2016-08-01,2025,1395.663,1395.663,0.0
outlay: Total Discretionary,2016-08-01,2026,1428.197,1428.1970000000001,-2.2737367544323206e-13
outlay: Total Discretionary,2017-01-01,2017,1209.475,1209.475,0.0
outlay: Total Discretionary,2017-01-01,2018,1210.325,1210.325,0.0
outlay: Total Discretionary,2017-01-01,2019,1238.251,1238.251,0.0
outlay: Total Discretionary,2017-01-01,2020,1256.527,1256.527,0.0
outlay: Total Discretionary,2017-01-01,2021,1283.59,1283.5900000000001,-2.2737367544323206e-13
outlay: Total Discretionary,2017-01-01,2022,1315.24,1315.24,0.0
outlay: Total Discretionary,2017-01-01,2023,1340.447,1340.4470000000001,-2.2737367544323206e-13
outlay: Total Discretionary,2017-01-01,2024,1367.168,1367.1680000000001,-2.2737367544323206e-13
outlay: Total Discretionary,2017-01-01,2025,1405.415,1405.415,0.0
outlay: Total Discretionary,2017-01-01,2026,1438.872,1438.872,0.0
outlay: Total Discretionary,2017-01-01,2027,1474.529,1474.529,0.0
outlay: Total Discretionary,2017-06-01,2017,1203.489,1203.489,0.0
outlay: Total Discretionary,2017-06-01,2018,1221.518,1221.518,0.0
outlay: Total Discretionary,2017-06-01,2019,1255.341,1255.341,0.0
outlay: Total Discretionary,2017-06-01,2020,1277.67,1277.67,0.0
outlay: Total Discretionary,2017-06-01,2021,1305.906,1305.906,0.0
outlay: Total Discretionary,2017-06-01,2022,1338.764,1338.7640000000001,-2.2737367544323206e-13
outlay: Total Discretionary,2017-06-01,2023,1364.634,1364.634,0.0
outlay: Total Discretionary,2017-06-01,2024,1391.935,1391.935,0.0
outlay: Total Discretionary,2017-06-01,2025,1430.55,1430.55,0.0
outlay: Total Discretionary,2017-06-01,2026,1464.484,1464.484,0.0
outlay: Total Discretionary,2017-06-01,2027,1500.663,1500.663,0.0
outlay: Total Discretionary,2018-04-01,2018,1279.842,1279.842,0.0
outlay: Total Discretionary,2018-04-01,2019,1361.743,1361.743,0.0
outlay: Total Discretionary,2018-04-01,2020,1340.017,1340.0169999999998,2.2737367544323206e-13
outlay: Total Discretionary,2018-04-01,2021,1347.978,1347.978,0.0
outlay: Total Discretionary,2018-04-01,2022,1379.689,1379.6889999999999,2.2737367544323206e-13
outlay: Total Discretionary,2018-04-01,2023,1406.261,1406.261,0.0
outlay: Total Discretionary,2018-04-01,2024,1436.164,1436.164,0.0
outlay: Total Discretionary,2018-04-01,2025,1481.205,1481.205,0.0
outlay: Total Discretionary,2018-04-01,2026,1521.77,1521.77,0.0
outlay: Total Discretionary,2018-04-01,2027,1562.344,1562.344,0.0
outlay: Total Discretionary,2018-04-01,2028,1607.545,1607.545,0.0
outlay: Total Discretionary,2018-05-01,2018,1273.809,1273.809,0.0
outlay: Total Discretionary,2018-05-01,2019,1357.938,1357.938,0.0
outlay: Total Discretionary,2018-05-01,2020,1338.489,1338.489,0.0
outlay: Total Discretionary,2018-05-01,2021,1345.741,1345.741,0.0
outlay: Total Discretionary,2018-05-01,2022,1381.353,1381.353,0.0
outlay: Total Discretionary,2018-05-01,2023,1409.406,1409.406,0.0
outlay: Total Discretionary,2018-05-01,2024,1439.941,1439.941,0.0
outlay: Total Discretionary,2018-05-01,2025,1485.845,1485.845,0.0
outlay: Total Discretionary,2018-05-01,2026,1526.728,1526.728,0.0
outlay: Total Discretionary,2018-05-01,2027,1567.63,1567.63,0.0
outlay: Total Discretionary,2018-05-01,2028,1613.38,1613.38,0.0
outlay: Total Discretionary,2019-01-01,2019,1334.05,1334.0500000000002,-2.2737367544323206e-13
outlay: Total Discretionary,2019-01-01,2020,1295.22,1295.22,0.0
outlay: Total Discretionary,2019-01-01,2021,1298.812,1298.812,0.0
outlay: Total Discretionary,2019-01-01,2022,1319.178,1319.1779999999999,2.2737367544323206e-13
outlay: Total Discretionary,2019-01-01,2023,1338.497,1338.497,0.0
outlay: Total Discretionary,2019-01-01,2024,1362.125,1362.125,0.0
outlay: Total Discretionary,2019-01-01,2025,1398.692,1398.692,0.0
outlay: Total Discretionary,2019-01-01,2026,1431.366,1431.366,0.0
outlay: Total Discretionary,2019-01-01,2027,1464.602,1464.602,0.0
outlay: Total Discretionary,2019-01-01,2028,1504.674,1504.674,0.0
outlay: Total Discretionary,2019-01-01,2029,1529.718,1529.7179999999998,2.2737367544323206e-13
outlay: Total Discretionary,2019-05-01,2019,1329.62,1329.62,0.0
outlay: Total Discretionary,2019-05-01,2020,1292.424,1292.424,0.0
outlay: Total Discretionary,2019-05-01,2021,1299.204,1299.2040000000002,-2.2737367544323206e-13
outlay: Total Discretionary,2019-05-01,2022,1318.333,1318.333,0.0
outlay: Total Discretionary,2019-05-01,2023,1339.74,1339.74,0.0
outlay: Total Discretionary,2019-05-01,2024,1363.045,1363.045,0.0
outlay: Total Discretionary,2019-05-01,2025,1399.403,1399.403,0.0
outlay: Total Discretionary,2019-05-01,2026,1432.232,1432.232,0.0
outlay: Total Discretionary,2019-05-01,2027,1465.863,1465.863,0.0
outlay: Total Discretionary,2019-05-01,2028,1506.275,1506.275,0.0
outlay: Total Discretionary,2019-05-01,2029,1531.78,1531.78,0.0
outlay: Total Discretionary,2019-08-01,2019,1332.358,1332.3580000000002,-2.2737367544323206e-13
outlay: Total Discretionary,2019-08-01,2020,1399.574,1399.574,0.0
outlay: Total Discretionary,2019-08-01,2021,1445.604,1445.604,0.0
outlay: Total Discretionary,2019-08-01,2022,1481.278,1481.278,0.0
outlay: Total Discretionary,2019-08-01,2023,1512.541,1512.541,0.0
outlay: Total Discretionary,2019-08-01,2024,1542.566,1542.566,0.0
outlay: Total Discretionary,2019-08-01,2025,1584.259,1584.259,0.0
outlay: Total Discretionary,2019-08-01,2026,1622.093,1622.093,0.0
outlay: Total Discretionary,2019-08-01,2027,1660.572,1660.5720000000001,-2.2737367544323206e-13
outlay: Total Discretionary,2019-08-01,2028,1705.786,1705.786,0.0
outlay: Total Discretionary,2019-08-01,2029,1736.21,1736.21,0.0
outlay: Total Discretionary,2020-01-01,2020,1405.694,1405.694,0.0
outlay: Total Discretionary,2020-01-01,2021,1443.509,1443.509,0.0
outlay: Total Discretionary,2020-01-01,2022,1492.219,1492.219,0.0
outlay: Total Discretionary,2020-01-01,2023,1518.361,1518.3609999999999,2.2737367544323206e-13
outlay: Total Discretionary,2020-01-01,2024,1549.401,1549.4009999999998,2.2737367544323206e-13
outlay: Total Discretionary,2020-01-01,2025,1593.631,1593.631,0.0
outlay: Total Discretionary,2020-01-01,2026,1630.6,1630.6,0.0
outlay: Total Discretionary,2020-01-01,2027,1669.766,1669.766,0.0
outlay: Total Discretionary,2020-01-01,2028,1713.685,1713.685,0.0
outlay: Total Discretionary,2020-01-01,2029,1742.51,1742.51,0.0
outlay: Total Discretionary,2020-01-01,2030,1789.89,1789.8899999999999,2.2737367544323206e-13
outlay: Total Discretionary,2020-03-01,2020,1412.599,1412.5990000000002,-2.2737367544323206e-13
outlay: Total Discretionary,2020-03-01,2021,1453.375,1453.375,0.0
outlay: Total Discretionary,2020-03-01,2022,1502.334,1502.3339999999998,2.2737367544323206e-13
outlay: Total Discretionary,2020-03-01,2023,1528.317,1528.317,0.0
outlay: Total Discretionary,2020-03-01,2024,1559.684,1559.684,0.0
outlay: Total Discretionary,2020-03-01,2025,1604.145,1604.145,0.0
outlay: Total Discretionary,2020-03-01,2026,1641.084,1641.0839999999998,2.2737367544323206e-13
outlay: Total Discretionary,2020-03-01,2027,1679.989,1679.989,0.0
outlay: Total Discretionary,2020-03-01,2028,1723.744,1723.7440000000001,-2.2737367544323206e-13
outlay: Total Discretionary,2020-03-01,2029,1752.475,1752.475,0.0
outlay: Total Discretionary,2020-03-01,2030,1799.954,1799.9540000000002,-2.2737367544323206e-13
outlay: Total Discretionary,2020-09-01,2020,1651.486,1651.486,0.0
outlay: Total Discretionary,2020-09-01,2021,1592.774,1592.774,0.0
outlay: Total Discretionary,2020-09-01,2022,1527.535,1527.5349999999999,2.2737367544323206e-13
outlay: Total Discretionary,2020-09-01,2023,1519.78,1519.78,0.0
outlay: Total Discretionary,2020-09-01,2024,1541.835,1541.835,0.0
outlay: Total Discretionary,2020-09-01,2025,1580.086,1580.086,0.0
outlay: Total Discretionary,2020-09-01,2026,1613.195,1613.195,0.0
outlay: Total Discretionary,2020-09-01,2027,1651.258,1651.258,0.0
outlay: Total Discretionary,2020-09-01,2028,1693.367,1693.367,0.0
outlay: Total Discretionary,2020-09-01,2029,1721.937,1721.937,0.0
outlay: Total Discretionary,2020-09-01,2030,1768.315,1768.315,0.0
outlay: Total Discretionary,2021-02-01,2021,1668.011,1668.011,0.0
outlay: Total Discretionary,2021-02-01,2022,1615.311,1615.3110000000001,-2.2737367544323206e-13
outlay: Total Discretionary,2021-02-01,2023,1593.349,1593.3490000000002,-2.2737367544323206e-13
outlay: Total Discretionary,2021-02-01,2024,1584.728,1584.728,0.0
outlay: Total Discretionary,2021-02-01,2025,1619.745,1619.745,0.0
outlay: Total Discretionary,2021-02-01,2026,1653.643,1653.643,0.0
outlay: Total Discretionary,2021-02-01,2027,1693.887,1693.887,0.0
outlay: Total Discretionary,2021-02-01,2028,1739.888,1739.888,0.0
outlay: Total Discretionary,2021-02-01,2029,1772.393,1772.393,0.0
outlay: Total Discretionary,2021-02-01,2030,1821.55,1821.5500000000002,-2.2737367544323206e-13
outlay: Total Discretionary,2021-02-01,2031,1866.787,1866.7869999999998,2.2737367544323206e-13
outlay: Total Discretionary,2021-07-01,2021,1652.461,1652.4609999999998,2.2737367544323206e-13
outlay: Total Discretionary,2021-07-01,2022,1649.402,1649.402,0.0
outlay: Total Discretionary,2021-07-01,2023,1609.89,1609.8899999999999,2.2737367544323206e-13
outlay: Total Discretionary,2021-07-01,2024,1592.166,1592.1660000000002,-2.2737367544323206e-13
outlay: Total Discretionary,2021-07-01,2025,1624.543,1624.5430000000001,-2.2737367544323206e-13
outlay: Total Discretionary,2021-07-01,2026,1659.985,1659.9850000000001,-2.2737367544323206e-13
outlay: Total Discretionary,2021-07-01,2027,1700.57,1700.57,0.0
outlay: Total Discretionary,2021-07-01,2028,1746.186,1746.186,0.0
outlay: Total Discretionary,2021-07-01,2029,1777.703,1777.703,0.0
outlay: Total Discretionary,2021-07-01,2030,1827.102,1827.1019999999999,2.2737367544323206e-13
outlay: Total Discretionary,2021-07-01,2031,1877.248,1877.248,0.0
outlay: Total Discretionary,2022-05-01,2022,1721.868,1721.868,0.0
outlay: Total Discretionary,2022-05-01,2023,1757.72,1757.7199999999998,2.2737367544323206e-13
outlay: Total Discretionary,2022-05-01,2024,1798.262,1798.262,0.0
outlay: Total Discretionary,2022-05-01,2025,1861.741,1861.741,0.0
outlay: Total Discretionary,2022-05-01,2026,1930.446,1930.446,0.0
outlay: Total Discretionary,2022-05-01,2027,1995.756,1995.756,0.0
outlay: Total Discretionary,2022-05-01,2028,2057.028,2057.0280000000002,-4.547473508864641e-13
outlay: Total Discretionary,2022-05-01,2029,2096.065,2096.065,0.0
outlay: Total Discretionary,2022-05-01,2030,2155.046,2155.046,0.0
outlay: Total Discretionary,2022-05-01,2031,2208.981,2208.9809999999998,4.547473508864641e-13
outlay: Total Discretionary,2022-05-01,2032,2260.702,2260.702,0.0
outlay: Total Discretionary,2023-02-01,2023,1741.154,1741.154,0.0
outlay: Total Discretionary,2023-02-01,2024,1864.385,1864.385,0.0
outlay: Total Discretionary,2023-02-01,2025,1955.41,1955.41,0.0
outlay: Total Discretionary,2023-02-01,2026,2004.944,2004.944,0.0
outlay: Total Discretionary,2023-02-01,2027,2063.063,2063.063,0.0
outlay: Total Discretionary,2023-02-01,2028,2119.024,2119.024,0.0
outlay: Total Discretionary,2023-02-01,2029,2159.077,2159.077,0.0
outlay: Total Discretionary,2023-02-01,2030,2214.999,2214.999,0.0
outlay: Total Discretionary,2023-02-01,2031,2266.404,2266.404,0.0
outlay: Total Discretionary,2023-02-01,2032,2319.166,2319.166,0.0
outlay: Total Discretionary,2023-02-01,2033,2380.182,2380.182,0.0
outlay: Total Discretionary,2023-05-01,2023,1711.721,1711.721,0.0
outlay: Total Discretionary,2023-05-01,2024,1845.177,1845.177,0.0
outlay: Total Discretionary,2023-05-01,2025,1939.432,1939.4320000000002,-2.2737367544323206e-13
outlay: Total Discretionary,2023-05-01,2026,1994.712,1994.712,0.0
outlay: Total Discretionary,2023-05-01,2027,2054.815,2054.815,0.0
outlay: Total Discretionary,2023-05-01,2028,2112.403,2112.403,0.0
outlay: Total Discretionary,2023-05-01,2029,2153.174,2153.174,0.0
outlay: Total Discretionary,2023-05-01,2030,2209.199,2209.199,0.0
outlay: Total Discretionary,2023-05-01,2031,2260.154,2260.154,0.0
outlay: Total Discretionary,2023-05-01,2032,2312.539,2312.5389999999998,4.547473508864641e-13
outlay: Total Discretionary,2023-05-01,2033,2373.088,2373.0879999999997,4.547473508864641e-13
outlay: Total Discretionary,2024-02-01,2024,1734.136,1734.136,0.0
outlay: Total Discretionary,2024-02-01,2025,1756.06,1756.06,0.0
outlay: Total Discretionary,2024-02-01,2026,1791.264,1791.2640000000001,-2.2737367544323206e-13
outlay: Total Discretionary,2024-02-01,2027,1825.368,1825.368,0.0
outlay: Total Discretionary,2024-02-01,2028,1865.747,1865.7469999999998,2.2737367544323206e-13
outlay: Total Discretionary,2024-02-01,2029,1893.014,1893.0140000000001,-2.2737367544323206e-13
outlay: Total Discretionary,2024-02-01,2030,1936.649,1936.649,0.0
outlay: Total Discretionary,2024-02-01,2031,1974.981,1974.981,0.0
outlay: Total Discretionary,2024-02-01,2032,2015.955,2015.955,0.0
outlay: Total Discretionary,2024-02-01,2033,2065.873,2065.873,0.0
outlay: Total Discretionary,2024-02-01,2034,2105.745,2105.745,0.0
outlay: Total Discretionary,2024-06-01,2024,1791.48,1791.48,0.0
outlay: Total Discretionary,2024-06-01,2025,1832.435,1832.435,0.0
outlay: Total Discretionary,2024-06-01,2026,1898.258,1898.2579999999998,2.2737367544323206e-13
outlay: Total Discretionary,2024-06-01,2027,1944.25,1944.25,0.0
outlay: Total Discretionary,2024-06-01,2028,1992.3,1992.3000000000002,-2.2737367544323206e-13
outlay: Total Discretionary,2024-06-01,2029,2025.71,2025.71,0.0
outlay: Total Discretionary,2024-06-01,2030,2073.657,2073.657,0.0
outlay: Total Discretionary,2024-06-01,2031,2115.812,2115.812,0.0
outlay: Total Discretionary,2024-06-01,2032,2161.24,2161.24,0.0
outlay: Total Discretionary,2024-06-01,2033,2215.095,2215.0950000000003,-4.547473508864641e-13
outlay: Total Discretionary,2024-06-01,2034,2259.196,2259.196,0.0
outlay: Total Discretionary,2025-01-01,2025,1847.89,1847.8899999999999,2.2737367544323206e-13
outlay: Total Discretionary,2025-01-01,2026,1896.956,1896.956,0.0
outlay: Total Discretionary,2025-01-01,2027,1950.844,1950.844,0.0
outlay: Total Discretionary,2025-01-01,2028,2002.445,2002.4450000000002,-2.2737367544323206e-13
outlay: Total Discretionary,2025-01-01,2029,2032.847,2032.8470000000002,-2.2737367544323206e-13
outlay: Total Discretionary,2025-01-01,2030,2085.818,2085.818,0.0
outlay: Total Discretionary,2025-01-01,2031,2130.285,2130.285,0.0
outlay: Total Discretionary,2025-01-01,2032,2174.697,2174.697,0.0
outlay: Total Discretionary,2025-01-01,2033,2229.409,2229.409,0.0
outlay: Total Discretionary,2025-01-01,2034,2271.328,2271.328,0.0
outlay: Total Discretionary,2025-01-01,2035,2315.1,2315.1000000000004,-4.547473508864641e-13
outlay: Total Discretionary,2026-02-01,2026,1880.304,1880.304,0.0
outlay: Total Discretionary,2026-02-01,2027,1881.639,1881.6390000000001,-2.2737367544323206e-13
outlay: Total Discretionary,2026-02-01,2028,1928.754,1928.754,0.0
outlay: Total Discretionary,2026-02-01,2029,1948.404,1948.404,0.0
outlay: Total Discretionary,2026-02-01,2030,1988.633,1988.633,0.0
outlay: Total Discretionary,2026-02-01,2031,2024.414,2024.4139999999998,2.2737367544323206e-13
outlay: Total Discretionary,2026-02-01,2032,2063.236,2063.236,0.0
outlay: Total Discretionary,2026-02-01,2033,2110.982,2110.982,0.0
outlay: Total Discretionary,2026-02-01,2034,2147.01,2147.01,0.0
outlay: Total Discretionary,2026-02-01,2035,2187.291,2187.291,0.0
outlay: Total Discretionary,2026-02-01,2036,2244.008,2244.008,0.0
outlay: Total Mandatory,1992-01-01,1992,711.612,711.612,0.0
outlay: Total Mandatory,1992-01-01,1993,754.028,754.028,0.0
outlay: Total Mandatory,1992-01-01,1994,760.898,760.898,0.0
outlay: Total Mandatory,1992-01-01,1995,758.484,758.4839999999999,1.1368683772161603e-13
outlay: Total Mandatory,1992-01-01,1996,782.847,782.8470000000001,-1.1368683772161603e-13
outlay: Total Mandatory,1992-01-01,1997,870.938,870.938,0.0
outlay: Total Mandatory,1992-03-01,1992,706.214,706.214,0.0
outlay: Total Mandatory,1992-03-01,1993,752.709,752.7090000000001,-1.1368683772161603e-13
outlay: Total Mandatory,1992-03-01,1994,760.519,760.519,0.0
outlay: Total Mandatory,1992-03-01,1995,758.598,758.5980000000001,-1.1368683772161603e-13
outlay: Total Mandatory,1992-03-01,1996,784.013,784.0129999999999,1.1368683772161603e-13
outlay: Total Mandatory,1992-03-01,1997,871.319,871.3190000000001,-1.1368683772161603e-13
outlay: Total Mandatory,1992-08-01,1992,661.84,661.8399999999999,1.1368683772161603e-13
outlay: Total Mandatory,1992-08-01,1993,745.367,745.3670000000001,-1.1368683772161603e-13
outlay: Total Mandatory,1992-08-01,1994,751.474,751.4739999999999,1.1368683772161603e-13
outlay: Total Mandatory,1992-08-01,1995,785.695,785.695,0.0
outlay: Total Mandatory,1992-08-01,1996,825.784,825.784,0.0
outlay: Total Mandatory,1992-08-01,1997,886.724,886.724,0.0
outlay: Total Mandatory,1993-01-01,1993,707.408,707.408,0.0
outlay: Total Mandatory,1993-01-01,1994,757.657,757.657,0.0
outlay: Total Mandatory,1993-01-01,1995,804.236,804.236,0.0
outlay: Total Mandatory,1993-01-01,1996,838.723,838.723,0.0
outlay: Total Mandatory,1993-01-01,1997,894.111,894.1110000000001,-1.1368683772161603e-13
outlay: Total Mandatory,1993-01-01,1998,963.03,963.03,0.0
outlay: Total Mandatory,1993-03-01,1993,697.063,697.0630000000001,-1.1368683772161603e-13
outlay: Total Mandatory,1993-03-01,1994,751.435,751.4350000000001,-1.1368683772161603e-13
outlay: Total Mandatory,1993-03-01,1995,802.91,802.91,0.0
outlay: Total Mandatory,1993-03-01,1996,839.998,839.9979999999999,1.1368683772161603e-13
outlay: Total Mandatory,1993-03-01,1997,894.02,894.02,0.0
outlay: Total Mandatory,1993-03-01,1998,962.525,962.525,0.0
outlay: Total Mandatory,1993-09-01,1993,671.162,671.162,0.0
outlay: Total Mandatory,1993-09-01,1994,751.465,751.4650000000001,-1.1368683772161603e-13
outlay: Total Mandatory,1993-09-01,1995,770.532,770.5319999999999,1.1368683772161603e-13
outlay: Total Mandatory,1993-09-01,1996,814.132,814.1320000000001,-1.1368683772161603e-13
outlay: Total Mandatory,1993-09-01,1997,880.902,880.902,0.0
outlay: Total Mandatory,1993-09-01,1998,946.625,946.6250000000001,-1.1368683772161603e-13
outlay: Total Mandatory,1994-01-01,1994,730.03,730.03,0.0
outlay: Total Mandatory,1994-01-01,1995,756.048,756.048,0.0
outlay: Total Mandatory,1994-01-01,1996,802.153,802.153,0.0
outlay: Total Mandatory,1994-01-01,1997,875.878,875.878,0.0
outlay: Total Mandatory,1994-01-01,1998,939.196,939.196,0.0
outlay: Total Mandatory,1994-01-01,1999,1009.101,1009.1010000000001,-1.1368683772161603e-13
outlay: Total Mandatory,1994-04-01,1994,730.293,730.2929999999999,1.1368683772161603e-13
outlay: Total Mandatory,1994-04-01,1995,758.097,758.097,0.0
outlay: Total Mandatory,1994-04-01,1996,810.128,810.1279999999999,1.1368683772161603e-13
outlay: Total Mandatory,1994-04-01,1997,880.427,880.427,0.0
outlay: Total Mandatory,1994-04-01,1998,941.857,941.857,0.0
outlay: Total Mandatory,1994-04-01,1999,1012.321,1012.3210000000001,-1.1368683772161603e-13
outlay: Total Mandatory,1994-08-01,1994,720.503,720.5029999999999,1.1368683772161603e-13
outlay: Total Mandatory,1994-08-01,1995,752.804,752.8039999999999,1.1368683772161603e-13
outlay: Total Mandatory,1994-08-01,1996,813.493,813.493,0.0
outlay: Total Mandatory,1994-08-01,1997,884.104,884.104,0.0
outlay: Total Mandatory,1994-08-01,1998,947.068,947.068,0.0
outlay: Total Mandatory,1994-08-01,1999,1020.229,1020.229,0.0
outlay: Total Mandatory,1995-01-01,1995,751.95,751.95,0.0
outlay: Total Mandatory,1995-01-01,1996,816.078,816.078,0.0
outlay: Total Mandatory,1995-01-01,1997,881.085,881.085,0.0
outlay: Total Mandatory,1995-01-01,1998,941.86,941.8599999999999,1.1368683772161603e-13
outlay: Total Mandatory,1995-01-01,1999,1011.728,1011.728,0.0
outlay: Total Mandatory,1995-01-01,2000,1085.759,1085.759,0.0
outlay: Total Mandatory,1995-04-01,1995,746.604,746.604,0.0
outlay: Total Mandatory,1995-04-01,1996,815.882,815.8820000000001,-1.1368683772161603e-13
outlay: Total Mandatory,1995-04-01,1997,880.926,880.9259999999999,1.1368683772161603e-13
outlay: Total Mandatory,1995-04-01,1998,941.015,941.015,0.0
outlay: Total Mandatory,1995-04-01,1999,1013.06,1013.06,0.0
outlay: Total Mandatory,1995-04-01,2000,1088.33,1088.33,0.0
outlay: Total Mandatory,1995-08-01,1995,739.423,739.423,0.0
outlay: Total Mandatory,1995-08-01,1996,810.091,810.091,0.0
outlay: Total Mandatory,1995-08-01,1997,878.513,878.5129999999999,1.1368683772161603e-13
outlay: Total Mandatory,1995-08-01,1998,939.335,939.3349999999999,1.1368683772161603e-13
outlay: Total Mandatory,1995-08-01,1999,1010.759,1010.759,0.0
outlay: Total Mandatory,1995-08-01,2000,1085.184,1085.184,0.0
outlay: Total Mandatory,1995-12-01,1996,800.308,800.308,0.0
outlay: Total Mandatory,1995-12-01,1997,865.615,865.615,0.0
outlay: Total Mandatory,1995-12-01,1998,927.081,927.081,0.0
outlay: Total Mandatory,1995-12-01,1999,993.593,993.593,0.0
outlay: Total Mandatory,1995-12-01,2000,1062.527,1062.527,0.0
outlay: Total Mandatory,1995-12-01,2001,1126.479,1126.479,0.0
outlay: Total Mandatory,1996-05-01,1996,799.593,799.593,0.0
outlay: Total Mandatory,1996-05-01,1997,862.07,862.07,0.0
outlay: Total Mandatory,1996-05-01,1998,933.751,933.751,0.0
outlay: Total Mandatory,1996-05-01,1999,994.202,994.202,0.0
outlay: Total Mandatory,1996-05-01,2000,1062.82,1062.82,0.0
outlay: Total Mandatory,1996-05-01,2001,1124.025,1124.0249999999999,2.2737367544323206e-13
outlay: Total Mandatory,1996-05-01,2002,1200.001,1200.0009999999997,2.2737367544323206e-13
outlay: Total Mandatory,1996-05-01,2003,1281.383,1281.383,0.0
outlay: Total Mandatory,1996-05-01,2004,1367.843,1367.8429999999998,2.2737367544323206e-13
outlay: Total Mandatory,1996-05-01,2005,1464.542,1464.542,0.0
outlay: Total Mandatory,1996-05-01,2006,1559.29,1559.29,0.0
outlay: Total Mandatory,1997-01-01,1997,836.467,836.4670000000001,-1.1368683772161603e-13
outlay: Total Mandatory,1997-01-01,1998,890.384,890.384,0.0
outlay: Total Mandatory,1997-01-01,1999,958.744,958.7440000000001,-1.1368683772161603e-13
outlay: Total Mandatory,1997-01-01,2000,1032.059,1032.059,0.0
outlay: Total Mandatory,1997-01-01,2001,1080.957,1080.9569999999999,2.2737367544323206e-13
outlay: Total Mandatory,1997-01-01,2002,1156.287,1156.287,0.0
outlay: Total Mandatory,1997-01-01,2003,1224.209,1224.209,0.0
outlay: Total Mandatory,1997-01-01,2004,1301.879,1301.879,0.0
outlay: Total Mandatory,1997-01-01,2005,1399.142,1399.1419999999998,2.2737367544323206e-13
outlay: Total Mandatory,1997-01-01,2006,1475.913,1475.913,0.0
outlay: Total Mandatory,1997-01-01,2007,1558.346,1558.346,0.0
outlay: Total Mandatory,1997-03-01,1997,825.736,825.7360000000001,-1.1368683772161603e-13
outlay: Total Mandatory,1997-03-01,1998,891.515,891.515,0.0
outlay: Total Mandatory,1997-03-01,1999,959.394,959.3940000000001,-1.1368683772161603e-13
outlay: Total Mandatory,1997-03-01,2000,1032.411,1032.411,0.0
outlay: Total Mandatory,1997-03-01,2001,1079.638,1079.638,0.0
outlay: Total Mandatory,1997-03-01,2002,1154.761,1154.761,0.0
outlay: Total Mandatory,1997-03-01,2003,1223.655,1223.6550000000002,-2.2737367544323206e-13
outlay: Total Mandatory,1997-03-01,2004,1301.595,1301.5949999999998,2.2737367544323206e-13
outlay: Total Mandatory,1997-03-01,2005,1399.389,1399.3890000000001,-2.2737367544323206e-13
outlay: Total Mandatory,1997-03-01,2006,1476.45,1476.4500000000003,-2.2737367544323206e-13
outlay: Total Mandatory,1997-03-01,2007,1555.324,1555.324,0.0
outlay: Total Mandatory,1997-09-01,1997,816.694,816.694,0.0
outlay: Total Mandatory,1997-09-01,1998,886.218,886.218,0.0
outlay: Total Mandatory,1997-09-01,1999,937.178,937.178,0.0
outlay: Total Mandatory,1997-09-01,2000,990.114,990.114,0.0
outlay: Total Mandatory,1997-09-01,2001,1052.074,1052.074,0.0
outlay: Total Mandatory,1997-09-01,2002,1090.666,1090.666,0.0
outlay: Total Mandatory,1997-09-01,2003,1175.238,1175.2379999999998,2.2737367544323206e-13
outlay: Total Mandatory,1997-09-01,2004,1245.567,1245.567,0.0
outlay: Total Mandatory,1997-09-01,2005,1335.853,1335.8529999999998,2.2737367544323206e-13
outlay: Total Mandatory,1997-09-01,2006,1394.898,1394.8980000000001,-2.2737367544323206e-13
outlay: Total Mandatory,1997-09-01,2007,1487.97,1487.97,0.0
outlay: Total Mandatory,1998-01-01,1998,868.827,868.8269999999999,1.1368683772161603e-13
outlay: Total Mandatory,1998-01-01,1999,921.937,921.937,0.0
outlay: Total Mandatory,1998-01-01,2000,973.603,973.603,0.0
outlay: Total Mandatory,1998-01-01,2001,1030.747,1030.747,0.0
outlay: Total Mandatory,1998-01-01,2002,1068.712,1068.712,0.0
outlay: Total Mandatory,1998-01-01,2003,1151.136,1151.136,0.0
outlay: Total Mandatory,1998-01-01,2004,1219.869,1219.8690000000001,-2.2737367544323206e-13
outlay: Total Mandatory,1998-01-01,2005,1308.546,1308.5459999999998,2.2737367544323206e-13
outlay: Total Mandatory,1998-01-01,2006,1363.657,1363.657,0.0
outlay: Total Mandatory,1998-01-01,2007,1451.495,1451.4950000000001,-2.2737367544323206e-13
outlay: Total Mandatory,1998-01-01,2008,1546.735,1546.735,0.0
outlay: Total Mandatory,1998-03-01,1998,869.321,869.3209999999999,1.1368683772161603e-13
outlay: Total Mandatory,1998-03-01,1999,921.495,921.495,0.0
outlay: Total Mandatory,1998-03-01,2000,974.957,974.957,0.0
outlay: Total Mandatory,1998-03-01,2001,1032.63,1032.63,0.0
outlay: Total Mandatory,1998-03-01,2002,1072.214,1072.214,0.0
outlay: Total Mandatory,1998-03-01,2003,1152.621,1152.621,0.0
outlay: Total Mandatory,1998-03-01,2004,1221.411,1221.411,0.0
outlay: Total Mandatory,1998-03-01,2005,1309.75,1309.75,0.0
outlay: Total Mandatory,1998-03-01,2006,1364.08,1364.08,0.0
outlay: Total Mandatory,1998-03-01,2007,1451.546,1451.546,0.0
outlay: Total Mandatory,1998-03-01,2008,1546.852,1546.8519999999999,2.2737367544323206e-13
outlay: Total Mandatory,1998-08-01,1998,858.219,858.219,0.0
outlay: Total Mandatory,1998-08-01,1999,918.389,918.3889999999999,1.1368683772161603e-13
outlay: Total Mandatory,1998-08-01,2000,968.594,968.594,0.0
outlay: Total Mandatory,1998-08-01,2001,1025.722,1025.722,0.0
outlay: Total Mandatory,1998-08-01,2002,1063.819,1063.819,0.0
outlay: Total Mandatory,1998-08-01,2003,1138.512,1138.512,0.0
outlay: Total Mandatory,1998-08-01,2004,1204.317,1204.317,0.0
outlay: Total Mandatory,1998-08-01,2005,1284.904,1284.9040000000002,-2.2737367544323206e-13
outlay: Total Mandatory,1998-08-01,2006,1334.159,1334.159,0.0
outlay: Total Mandatory,1998-08-01,2007,1416.142,1416.142,0.0
outlay: Total Mandatory,1998-08-01,2008,1505.418,1505.418,0.0
outlay: Total Mandatory,1999-01-01,1999,901.775,901.7750000000001,-1.1368683772161603e-13
outlay: Total Mandatory,1999-01-01,2000,946.777,946.777,0.0
outlay: Total Mandatory,1999-01-01,2001,998.782,998.7819999999999,1.1368683772161603e-13
outlay: Total Mandatory,1999-01-01,2002,1042.203,1042.203,0.0
outlay: Total Mandatory,1999-01-01,2003,1115.383,1115.383,0.0
outlay: Total Mandatory,1999-01-01,2004,1182.182,1182.182,0.0
outlay: Total Mandatory,1999-01-01,2005,1262.47,1262.47,0.0
outlay: Total Mandatory,1999-01-01,2006,1316.552,1316.5520000000001,-2.2737367544323206e-13
outlay: Total Mandatory,1999-01-01,2007,1396.938,1396.938,0.0
outlay: Total Mandatory,1999-01-01,2008,1487.954,1487.9540000000002,-2.2737367544323206e-13
outlay: Total Mandatory,1999-01-01,2009,1580.582,1580.582,0.0
outlay: Total Mandatory,1999-04-01,1999,900.525,900.5250000000001,-1.1368683772161603e-13
outlay: Total Mandatory,1999-04-01,2000,946.509,946.5089999999999,1.1368683772161603e-13
outlay: Total Mandatory,1999-04-01,2001,994.808,994.808,0.0
outlay: Total Mandatory,1999-04-01,2002,1038.676,1038.676,0.0
outlay: Total Mandatory,1999-04-01,2003,1112.25,1112.25,0.0
outlay: Total Mandatory,1999-04-01,2004,1177.216,1177.2160000000001,-2.2737367544323206e-13
outlay: Total Mandatory,1999-04-01,2005,1255.667,1255.667,0.0
outlay: Total Mandatory,1999-04-01,2006,1313.535,1313.535,0.0
outlay: Total Mandatory,1999-04-01,2007,1392.865,1392.8650000000002,-2.2737367544323206e-13
outlay: Total Mandatory,1999-04-01,2008,1485.283,1485.283,0.0
outlay: Total Mandatory,1999-04-01,2009,1579.215,1579.2150000000001,-2.2737367544323206e-13
outlay: Total Mandatory,1999-07-01,1999,897.782,897.782,0.0
outlay: Total Mandatory,1999-07-01,2000,941.55,941.55,0.0
outlay: Total Mandatory,1999-07-01,2001,990.627,990.6270000000001,-1.1368683772161603e-13
outlay: Total Mandatory,1999-07-01,2002,1034.893,1034.893,0.0
outlay: Total Mandatory,1999-07-01,2003,1106.896,1106.896,0.0
outlay: Total Mandatory,1999-07-01,2004,1169.932,1169.932,0.0
outlay: Total Mandatory,1999-07-01,2005,1248.386,1248.386,0.0
outlay: Total Mandatory,1999-07-01,2006,1303.351,1303.351,0.0
outlay: Total Mandatory,1999-07-01,2007,1381.275,1381.2749999999999,2.2737367544323206e-13
outlay: Total Mandatory,1999-07-01,2008,1471.96,1471.96,0.0
outlay: Total Mandatory,1999-07-01,2009,1564.159,1564.159,0.0
outlay: Total Mandatory,2000-01-01,2000,941.948,941.9480000000001,-1.1368683772161603e-13
outlay: Total Mandatory,2000-01-01,2001,985.946,985.9460000000001,-1.1368683772161603e-13
outlay: Total Mandatory,2000-01-01,2002,1027.906,1027.906,0.0
outlay: Total Mandatory,2000-01-01,2003,1087.616,1087.616,0.0
outlay: Total Mandatory,2000-01-01,2004,1155.971,1155.971,0.0
outlay: Total Mandatory,2000-01-01,2005,1231.175,1231.1750000000002,-2.2737367544323206e-13
outlay: Total Mandatory,2000-01-01,2006,1282.027,1282.027,0.0
outlay: Total Mandatory,2000-01-01,2007,1352.082,1352.0819999999999,2.2737367544323206e-13
outlay: Total Mandatory,2000-01-01,2008,1436.921,1436.921,0.0
outlay: Total Mandatory,2000-01-01,2009,1524.24,1524.24,0.0
outlay: Total Mandatory,2000-01-01,2010,1618.908,1618.9080000000001,-2.2737367544323206e-13
outlay: Total Mandatory,2000-04-01,2000,938.298,938.298,0.0
outlay: Total Mandatory,2000-04-01,2001,981.443,981.443,0.0
outlay: Total Mandatory,2000-04-01,2002,1025.608,1025.608,0.0
outlay: Total Mandatory,2000-04-01,2003,1085.753,1085.753,0.0
outlay: Total Mandatory,2000-04-01,2004,1154.254,1154.2540000000001,-2.2737367544323206e-13
outlay: Total Mandatory,2000-04-01,2005,1229.792,1229.792,0.0
outlay: Total Mandatory,2000-04-01,2006,1281.236,1281.2359999999999,2.2737367544323206e-13
outlay: Total Mandatory,2000-04-01,2007,1352.003,1352.003,0.0
outlay: Total Mandatory,2000-04-01,2008,1438.07,1438.0700000000002,-2.2737367544323206e-13
outlay: Total Mandatory,2000-04-01,2009,1526.17,1526.17,0.0
outlay: Total Mandatory,2000-04-01,2010,1621.846,1621.846,0.0
outlay: Total Mandatory,2000-07-01,2000,943.59,943.5899999999999,1.1368683772161603e-13
outlay: Total Mandatory,2000-07-01,2001,985.917,985.917,0.0
outlay: Total Mandatory,2000-07-01,2002,1032.342,1032.3419999999999,2.2737367544323206e-13
outlay: Total Mandatory,2000-07-01,2003,1096.01,1096.01,0.0
outlay: Total Mandatory,2000-07-01,2004,1167.23,1167.23,0.0
outlay: Total Mandatory,2000-07-01,2005,1244.255,1244.255,0.0
outlay: Total Mandatory,2000-07-01,2006,1296.39,1296.39,0.0
outlay: Total Mandatory,2000-07-01,2007,1367.927,1367.927,0.0
outlay: Total Mandatory,2000-07-01,2008,1454.752,1454.752,0.0
outlay: Total Mandatory,2000-07-01,2009,1543.971,1543.971,0.0
outlay: Total Mandatory,2000-07-01,2010,1641.543,1641.5430000000001,-2.2737367544323206e-13
outlay: Total Mandatory,2001-01-01,2001,1002.062,1002.062,0.0
outlay: Total Mandatory,2001-01-01,2002,1061.098,1061.098,0.0
outlay: Total Mandatory,2001-01-01,2003,1111.732,1111.732,0.0
outlay: Total Mandatory,2001-01-01,2004,1185.053,1185.0529999999999,2.2737367544323206e-13
outlay: Total Mandatory,2001-01-01,2005,1270.485,1270.4850000000001,-2.2737367544323206e-13
outlay: Total Mandatory,2001-01-01,2006,1328.228,1328.228,0.0
outlay: Total Mandatory,2001-01-01,2007,1400.813,1400.8129999999999,2.2737367544323206e-13
outlay: Total Mandatory,2001-01-01,2008,1489.044,1489.044,0.0
outlay: Total Mandatory,2001-01-01,2009,1581.68,1581.6799999999998,2.2737367544323206e-13
outlay: Total Mandatory,2001-01-01,2010,1681.15,1681.15,0.0
outlay: Total Mandatory,2001-01-01,2011,1787.011,1787.0110000000002,-2.2737367544323206e-13
outlay: Total Mandatory,2001-05-01,2001,991.311,991.3110000000001,-1.1368683772161603e-13
outlay: Total Mandatory,2001-05-01,2002,1063.688,1063.688,0.0
outlay: Total Mandatory,2001-05-01,2003,1114.503,1114.5030000000002,-2.2737367544323206e-13
outlay: Total Mandatory,2001-05-01,2004,1183.902,1183.902,0.0
outlay: Total Mandatory,2001-05-01,2005,1267.882,1267.882,0.0
outlay: Total Mandatory,2001-05-01,2006,1327.496,1327.4959999999999,2.2737367544323206e-13
outlay: Total Mandatory,2001-05-01,2007,1398.592,1398.592,0.0
outlay: Total Mandatory,2001-05-01,2008,1486.293,1486.293,0.0
outlay: Total Mandatory,2001-05-01,2009,1578.107,1578.1070000000002,-2.2737367544323206e-13
outlay: Total Mandatory,2001-05-01,2010,1675.766,1675.7659999999998,2.2737367544323206e-13
outlay: Total Mandatory,2001-05-01,2011,1794.428,1794.4279999999999,2.2737367544323206e-13
outlay: Total Mandatory,2001-08-01,2001,1003.332,1003.332,0.0
outlay: Total Mandatory,2001-08-01,2002,1089.186,1089.1860000000001,-2.2737367544323206e-13
outlay: Total Mandatory,2001-08-01,2003,1134.12,1134.12,0.0
outlay: Total Mandatory,2001-08-01,2004,1200.591,1200.5910000000001,-2.2737367544323206e-13
outlay: Total Mandatory,2001-08-01,2005,1280.08,1280.08,0.0
outlay: Total Mandatory,2001-08-01,2006,1341.58,1341.5800000000002,-2.2737367544323206e-13
outlay: Total Mandatory,2001-08-01,2007,1412.277,1412.277,0.0
outlay: Total Mandatory,2001-08-01,2008,1499.581,1499.5810000000001,-2.2737367544323206e-13
outlay: Total Mandatory,2001-08-01,2009,1591.755,1591.755,0.0
outlay: Total Mandatory,2001-08-01,2010,1691.443,1691.443,0.0
outlay: Total Mandatory,2001-08-01,2011,1812.848,1812.8479999999997,2.2737367544323206e-13
outlay: Total Mandatory,2002-01-01,2002,1100.348,1100.348,0.0
outlay: Total Mandatory,2002-01-01,2003,1146.914,1146.914,0.0
outlay: Total Mandatory,2002-01-01,2004,1179.809,1179.809,0.0
outlay: Total Mandatory,2002-01-01,2005,1242.473,1242.473,0.0
outlay: Total Mandatory,2002-01-01,2006,1312.864,1312.864,0.0
outlay: Total Mandatory,2002-01-01,2007,1385.771,1385.7710000000002,-2.2737367544323206e-13
outlay: Total Mandatory,2002-01-01,2008,1472.998,1472.998,0.0
outlay: Total Mandatory,2002-01-01,2009,1565.112,1565.1119999999999,2.2737367544323206e-13
outlay: Total Mandatory,2002-01-01,2010,1665.479,1665.4789999999998,2.2737367544323206e-13
outlay: Total Mandatory,2002-01-01,2011,1781.067,1781.067,0.0
outlay: Total Mandatory,2002-01-01,2012,1862.974,1862.9740000000002,-2.2737367544323206e-13
outlay: Total Mandatory,2002-03-01,2002,1102.613,1102.6129999999998,2.2737367544323206e-13
outlay: Total Mandatory,2002-03-01,2003,1148.233,1148.233,0.0
outlay: Total Mandatory,2002-03-01,2004,1180.385,1180.385,0.0
outlay: Total Mandatory,2002-03-01,2005,1240.955,1240.955,0.0
outlay: Total Mandatory,2002-03-01,2006,1312.368,1312.368,0.0
outlay: Total Mandatory,2002-03-01,2007,1384.657,1384.6570000000002,-2.2737367544323206e-13
outlay: Total Mandatory,2002-03-01,2008,1471.376,1471.376,0.0
outlay: Total Mandatory,2002-03-01,2009,1562.252,1562.2520000000002,-2.2737367544323206e-13
outlay: Total Mandatory,2002-03-01,2010,1661.693,1661.6930000000002,-2.2737367544323206e-13
outlay: Total Mandatory,2002-03-01,2011,1778.123,1778.1229999999998,2.2737367544323206e-13
outlay: Total Mandatory,2002-03-01,2012,1861.974,1861.974,0.0
outlay: Total Mandatory,2002-08-01,2002,1113.296,1113.296,0.0
outlay: Total Mandatory,2002-08-01,2003,1161.417,1161.417,0.0
outlay: Total Mandatory,2002-08-01,2004,1200.411,1200.411,0.0
outlay: Total Mandatory,2002-08-01,2005,1248.249,1248.249,0.0
outlay: Total Mandatory,2002-08-01,2006,1308.988,1308.988,0.0
outlay: Total Mandatory,2002-08-01,2007,1385.824,1385.824,0.0
outlay: Total Mandatory,2002-08-01,2008,1470.812,1470.8120000000001,-2.2737367544323206e-13
outlay: Total Mandatory,2002-08-01,2009,1559.865,1559.865,0.0
outlay: Total Mandatory,2002-08-01,2010,1656.597,1656.5970000000002,-2.2737367544323206e-13
outlay: Total Mandatory,2002-08-01,2011,1771.052,1771.052,0.0
outlay: Total Mandatory,2002-08-01,2012,1852.742,1852.7420000000002,-2.2737367544323206e-13
outlay: Total Mandatory,2003-01-01,2003,1172.022,1172.0220000000002,-2.2737367544323206e-13
outlay: Total Mandatory,2003-01-01,2004,1217.561,1217.5610000000001,-2.2737367544323206e-13
outlay: Total Mandatory,2003-01-01,2005,1269.917,1269.917,0.0
outlay: Total Mandatory,2003-01-01,2006,1325.829,1325.829,0.0
outlay: Total Mandatory,2003-01-01,2007,1395.545,1395.545,0.0
outlay: Total Mandatory,2003-01-01,2008,1475.374,1475.374,0.0
outlay: Total Mandatory,2003-01-01,2009,1565.769,1565.769,0.0
outlay: Total Mandatory,2003-01-01,2010,1660.964,1660.964,0.0
outlay: Total Mandatory,2003-01-01,2011,1774.352,1774.3519999999999,2.2737367544323206e-13
outlay: Total Mandatory,2003-01-01,2012,1856.036,1856.036,0.0
outlay: Total Mandatory,2003-01-01,2013,1988.125,1988.125,0.0
outlay: Total Mandatory,2003-03-01,2003,1177.316,1177.316,0.0
outlay: Total Mandatory,2003-03-01,2004,1223.273,1223.273,0.0
outlay: Total Mandatory,2003-03-01,2005,1277.374,1277.374,0.0
outlay: Total Mandatory,2003-03-01,2006,1332.237,1332.237,0.0
outlay: Total Mandatory,2003-03-01,2007,1403.038,1403.038,0.0
outlay: Total Mandatory,2003-03-01,2008,1483.924,1483.9240000000002,-2.2737367544323206e-13
outlay: Total Mandatory,2003-03-01,2009,1575.069,1575.069,0.0
outlay: Total Mandatory,2003-03-01,2010,1669.997,1669.9969999999998,2.2737367544323206e-13
outlay: Total Mandatory,2003-03-01,2011,1782.459,1782.459,0.0
outlay: Total Mandatory,2003-03-01,2012,1861.456,1861.456,0.0
outlay: Total Mandatory,2003-03-01,2013,1993.121,1993.121,0.0
outlay: Total Mandatory,2003-08-01,2003,1187.875,1187.875,0.0
outlay: Total Mandatory,2003-08-01,2004,1250.36,1250.3600000000001,-2.2737367544323206e-13
outlay: Total Mandatory,2003-08-01,2005,1289.366,1289.366,0.0
outlay: Total Mandatory,2003-08-01,2006,1332.582,1332.582,0.0
outlay: Total Mandatory,2003-08-01,2007,1400.632,1400.6319999999998,2.2737367544323206e-13
outlay: Total Mandatory,2003-08-01,2008,1481.743,1481.743,0.0
outlay: Total Mandatory,2003-08-01,2009,1570.259,1570.259,0.0
outlay: Total Mandatory,2003-08-01,2010,1664.612,1664.612,0.0
outlay: Total Mandatory,2003-08-01,2011,1776.423,1776.4229999999998,2.2737367544323206e-13
outlay: Total Mandatory,2003-08-01,2012,1853.551,1853.5510000000002,-2.2737367544323206e-13
outlay: Total Mandatory,2003-08-01,2013,1983.58,1983.58,0.0
outlay: Total Mandatory,2004-01-01,2004,1241.696,1241.6960000000001,-2.2737367544323206e-13
outlay: Total Mandatory,2004-01-01,2005,1294.883,1294.883,0.0
outlay: Total Mandatory,2004-01-01,2006,1350.166,1350.166,0.0
outlay: Total Mandatory,2004-01-01,2007,1424.395,1424.3950000000002,-2.2737367544323206e-13
outlay: Total Mandatory,2004-01-01,2008,1504.416,1504.4160000000002,-2.2737367544323206e-13
outlay: Total Mandatory,2004-01-01,2009,1591.071,1591.071,0.0
outlay: Total Mandatory,2004-01-01,2010,1686.5,1686.5,0.0
outlay: Total Mandatory,2004-01-01,2011,1795.572,1795.5720000000001,-2.2737367544323206e-13
outlay: Total Mandatory,2004-01-01,2012,1871.546,1871.5460000000003,-2.2737367544323206e-13
outlay: Total Mandatory,2004-01-01,2013,2000.163,2000.163,0.0
outlay: Total Mandatory,2004-01-01,2014,2128.67,2128.67,0.0
outlay: Total Mandatory,2004-03-01,2004,1244.893,1244.893,0.0
outlay: Total Mandatory,2004-03-01,2005,1296.985,1296.985,0.0
outlay: Total Mandatory,2004-03-01,2006,1352.138,1352.138,0.0
outlay: Total Mandatory,2004-03-01,2007,1429.239,1429.239,0.0
outlay: Total Mandatory,2004-03-01,2008,1510.561,1510.5610000000001,-2.2737367544323206e-13
outlay: Total Mandatory,2004-03-01,2009,1600.978,1600.978,0.0
outlay: Total Mandatory,2004-03-01,2010,1694.346,1694.346,0.0
outlay: Total Mandatory,2004-03-01,2011,1806.191,1806.1909999999998,2.2737367544323206e-13
outlay: Total Mandatory,2004-03-01,2012,1880.043,1880.043,0.0
outlay: Total Mandatory,2004-03-01,2013,2011.312,2011.312,0.0
outlay: Total Mandatory,2004-03-01,2014,2141.895,2141.895,0.0
outlay: Total Mandatory,2004-09-01,2004,1246.681,1246.681,0.0
outlay: Total Mandatory,2004-09-01,2005,1299.003,1299.0030000000002,-2.2737367544323206e-13
outlay: Total Mandatory,2004-09-01,2006,1359.625,1359.625,0.0
outlay: Total Mandatory,2004-09-01,2007,1438.898,1438.8980000000001,-2.2737367544323206e-13
outlay: Total Mandatory,2004-09-01,2008,1521.947,1521.947,0.0
outlay: Total Mandatory,2004-09-01,2009,1613.6,1613.6000000000001,-2.2737367544323206e-13
outlay: Total Mandatory,2004-09-01,2010,1706.895,1706.8950000000002,-2.2737367544323206e-13
outlay: Total Mandatory,2004-09-01,2011,1821.665,1821.665,0.0
outlay: Total Mandatory,2004-09-01,2012,1898.137,1898.137,0.0
outlay: Total Mandatory,2004-09-01,2013,2031.997,2031.997,0.0
outlay: Total Mandatory,2004-09-01,2014,2165.414,2165.414,0.0
outlay: Total Mandatory,2005-01-01,2005,1317.239,1317.239,0.0
outlay: Total Mandatory,2005-01-01,2006,1380.192,1380.192,0.0
outlay: Total Mandatory,2005-01-01,2007,1449.744,1449.744,0.0
outlay: Total Mandatory,2005-01-01,2008,1528.909,1528.9089999999999,2.2737367544323206e-13
outlay: Total Mandatory,2005-01-01,2009,1620.436,1620.4360000000001,-2.2737367544323206e-13
outlay: Total Mandatory,2005-01-01,2010,1713.054,1713.054,0.0
outlay: Total Mandatory,2005-01-01,2011,1824.207,1824.207,0.0
outlay: Total Mandatory,2005-01-01,2012,1895.873,1895.873,0.0
outlay: Total Mandatory,2005-01-01,2013,2027.777,2027.777,0.0
outlay: Total Mandatory,2005-01-01,2014,2159.168,2159.1679999999997,4.547473508864641e-13
outlay: Total Mandatory,2005-01-01,2015,2302.554,2302.554,0.0
outlay: Total Mandatory,2005-03-01,2005,1315.923,1315.9230000000002,-2.2737367544323206e-13
outlay: Total Mandatory,2005-03-01,2006,1384.734,1384.734,0.0
outlay: Total Mandatory,2005-03-01,2007,1456.392,1456.3919999999998,2.2737367544323206e-13
outlay: Total Mandatory,2005-03-01,2008,1539.409,1539.409,0.0
outlay: Total Mandatory,2005-03-01,2009,1630.826,1630.8259999999998,2.2737367544323206e-13
outlay: Total Mandatory,2005-03-01,2010,1723.629,1723.629,0.0
outlay: Total Mandatory,2005-03-01,2011,1837.59,1837.5900000000001,-2.2737367544323206e-13
outlay: Total Mandatory,2005-03-01,2012,1908.031,1908.031,0.0
outlay: Total Mandatory,2005-03-01,2013,2041.902,2041.902,0.0
outlay: Total Mandatory,2005-03-01,2014,2172.164,2172.164,0.0
outlay: Total Mandatory,2005-03-01,2015,2316.919,2316.919,0.0
outlay: Total Mandatory,2005-08-01,2005,1329.087,1329.087,0.0
outlay: Total Mandatory,2005-08-01,2006,1396.028,1396.028,0.0
outlay: Total Mandatory,2005-08-01,2007,1475.808,1475.8080000000002,-2.2737367544323206e-13
outlay: Total Mandatory,2005-08-01,2008,1557.213,1557.213,0.0
outlay: Total Mandatory,2005-08-01,2009,1649.548,1649.548,0.0
outlay: Total Mandatory,2005-08-01,2010,1742.69,1742.69,0.0
outlay: Total Mandatory,2005-08-01,2011,1857.448,1857.4479999999999,2.2737367544323206e-13
outlay: Total Mandatory,2005-08-01,2012,1928.069,1928.069,0.0
outlay: Total Mandatory,2005-08-01,2013,2063.74,2063.7400000000002,-4.547473508864641e-13
outlay: Total Mandatory,2005-08-01,2014,2196.174,2196.1739999999995,4.547473508864641e-13
outlay: Total Mandatory,2005-08-01,2015,2343.138,2343.138,0.0
outlay: Total Mandatory,2006-01-01,2006,1432.382,1432.3819999999998,2.2737367544323206e-13
outlay: Total Mandatory,2006-01-01,2007,1487.852,1487.852,0.0
outlay: Total Mandatory,2006-01-01,2008,1571.875,1571.875,0.0
outlay: Total Mandatory,2006-01-01,2009,1666.789,1666.7889999999998,2.2737367544323206e-13
outlay: Total Mandatory,2006-01-01,2010,1755.257,1755.2569999999998,2.2737367544323206e-13
outlay: Total Mandatory,2006-01-01,2011,1866.409,1866.409,0.0
outlay: Total Mandatory,2006-01-01,2012,1934.889,1934.8890000000001,-2.2737367544323206e-13
outlay: Total Mandatory,2006-01-01,2013,2070.801,2070.801,0.0
outlay: Total Mandatory,2006-01-01,2014,2205.33,2205.3300000000004,-4.547473508864641e-13
outlay: Total Mandatory,2006-01-01,2015,2350.345,2350.345,0.0
outlay: Total Mandatory,2006-01-01,2016,2527.269,2527.269,0.0
outlay: Total Mandatory,2006-03-01,2006,1428.594,1428.594,0.0
outlay: Total Mandatory,2006-03-01,2007,1483.589,1483.5890000000002,-2.2737367544323206e-13
outlay: Total Mandatory,2006-03-01,2008,1569.25,1569.25,0.0
outlay: Total Mandatory,2006-03-01,2009,1655.16,1655.1599999999999,2.2737367544323206e-13
outlay: Total Mandatory,2006-03-01,2010,1752.973,1752.9730000000002,-2.2737367544323206e-13
outlay: Total Mandatory,2006-03-01,2011,1874.935,1874.935,0.0
outlay: Total Mandatory,2006-03-01,2012,1921.129,1921.1290000000001,-2.2737367544323206e-13
outlay: Total Mandatory,2006-03-01,2013,2065.216,2065.216,0.0
outlay: Total Mandatory,2006-03-01,2014,2197.532,2197.532,0.0
outlay: Total Mandatory,2006-03-01,2015,2343.42,2343.42,0.0
outlay: Total Mandatory,2006-03-01,2016,2535.315,2535.315,0.0
outlay: Total Mandatory,2006-08-01,2006,1417.797,1417.797,0.0
outlay: Total Mandatory,2006-08-01,2007,1486.357,1486.357,0.0
outlay: Total Mandatory,2006-08-01,2008,1569.062,1569.062,0.0
outlay: Total Mandatory,2006-08-01,2009,1659.16,1659.1599999999999,2.2737367544323206e-13
outlay: Total Mandatory,2006-08-01,2010,1758.652,1758.6520000000003,-2.2737367544323206e-13
outlay: Total Mandatory,2006-08-01,2011,1881.614,1881.614,0.0
outlay: Total Mandatory,2006-08-01,2012,1926.151,1926.1509999999998,2.2737367544323206e-13
outlay: Total Mandatory,2006-08-01,2013,2070.686,2070.686,0.0
outlay: Total Mandatory,2006-08-01,2014,2203.944,2203.944,0.0
outlay: Total Mandatory,2006-08-01,2015,2350.658,2350.6580000000004,-4.547473508864641e-13
outlay: Total Mandatory,2006-08-01,2016,2543.08,2543.0800000000004,-4.547473508864641e-13
outlay: Total Mandatory,2007-01-01,2007,1455.445,1455.4450000000002,-2.2737367544323206e-13
outlay: Total Mandatory,2007-01-01,2008,1533.455,1533.4550000000002,-2.2737367544323206e-13
outlay: Total Mandatory,2007-01-01,2009,1619.877,1619.877,0.0
outlay: Total Mandatory,2007-01-01,2010,1707.957,1707.957,0.0
outlay: Total Mandatory,2007-01-01,2011,1820.863,1820.8629999999998,2.2737367544323206e-13
outlay: Total Mandatory,2007-01-01,2012,1865.672,1865.672,0.0
outlay: Total Mandatory,2007-01-01,2013,2001.238,2001.2379999999998,2.2737367544323206e-13
outlay: Total Mandatory,2007-01-01,2014,2123.098,2123.098,0.0
outlay: Total Mandatory,2007-01-01,2015,2257.652,2257.652,0.0
outlay: Total Mandatory,2007-01-01,2016,2438.47,2438.47,0.0
outlay: Total Mandatory,2007-01-01,2017,2568.35,2568.3500000000004,-4.547473508864641e-13
outlay: Total Mandatory,2007-03-01,2007,1453.575,1453.5749999999998,2.2737367544323206e-13
outlay: Total Mandatory,2007-03-01,2008,1536.201,1536.201,0.0
outlay: Total Mandatory,2007-03-01,2009,1624.811,1624.811,0.0
outlay: Total Mandatory,2007-03-01,2010,1713.988,1713.988,0.0
outlay: Total Mandatory,2007-03-01,2011,1831.538,1831.538,0.0
outlay: Total Mandatory,2007-03-01,2012,1869.878,1869.878,0.0
outlay: Total Mandatory,2007-03-01,2013,2008.519,2008.5189999999998,2.2737367544323206e-13
outlay: Total Mandatory,2007-03-01,2014,2130.743,2130.743,0.0
outlay: Total Mandatory,2007-03-01,2015,2264.375,2264.375,0.0
outlay: Total Mandatory,2007-03-01,2016,2448.766,2448.766,0.0
outlay: Total Mandatory,2007-03-01,2017,2580.182,2580.182,0.0
outlay: Total Mandatory,2007-08-01,2007,1457.433,1457.433,0.0
outlay: Total Mandatory,2007-08-01,2008,1552.677,1552.677,0.0
outlay: Total Mandatory,2007-08-01,2009,1639.047,1639.047,0.0
outlay: Total Mandatory,2007-08-01,2010,1728.915,1728.915,0.0
outlay: Total Mandatory,2007-08-01,2011,1845.76,1845.7600000000002,-2.2737367544323206e-13
outlay: Total Mandatory,2007-08-01,2012,1883.36,1883.3600000000001,-2.2737367544323206e-13
outlay: Total Mandatory,2007-08-01,2013,2022.284,2022.284,0.0
outlay: Total Mandatory,2007-08-01,2014,2145.046,2145.0460000000003,-4.547473508864641e-13
outlay: Total Mandatory,2007-08-01,2015,2279.872,2279.872,0.0
outlay: Total Mandatory,2007-08-01,2016,2465.043,2465.0429999999997,4.547473508864641e-13
outlay: Total Mandatory,2007-08-01,2017,2597.733,2597.733,0.0
outlay: Total Mandatory,2008-01-01,2008,1549.896,1549.896,0.0
outlay: Total Mandatory,2008-01-01,2009,1653.532,1653.5320000000002,-2.2737367544323206e-13
outlay: Total Mandatory,2008-01-01,2010,1736.587,1736.587,0.0
outlay: Total Mandatory,2008-01-01,2011,1845.958,1845.958,0.0
outlay: Total Mandatory,2008-01-01,2012,1883.632,1883.6319999999998,2.2737367544323206e-13
outlay: Total Mandatory,2008-01-01,2013,2022.499,2022.4990000000003,-2.2737367544323206e-13
outlay: Total Mandatory,2008-01-01,2014,2138.184,2138.1839999999997,4.547473508864641e-13
outlay: Total Mandatory,2008-01-01,2015,2269.795,2269.795,0.0
outlay: Total Mandatory,2008-01-01,2016,2450.941,2450.941,0.0
outlay: Total Mandatory,2008-01-01,2017,2577.829,2577.829,0.0
outlay: Total Mandatory,2008-01-01,2018,2706.008,2706.008,0.0
outlay: Total Mandatory,2008-03-01,2008,1577.124,1577.124,0.0
outlay: Total Mandatory,2008-03-01,2009,1663.717,1663.717,0.0
outlay: Total Mandatory,2008-03-01,2010,1740.229,1740.2289999999998,2.2737367544323206e-13
outlay: Total Mandatory,2008-03-01,2011,1852.858,1852.8580000000002,-2.2737367544323206e-13
outlay: Total Mandatory,2008-03-01,2012,1889.091,1889.091,0.0
outlay: Total Mandatory,2008-03-01,2013,2030.998,2030.9980000000003,-2.2737367544323206e-13
outlay: Total Mandatory,2008-03-01,2014,2151.494,2151.494,0.0
outlay: Total Mandatory,2008-03-01,2015,2286.031,2286.031,0.0
outlay: Total Mandatory,2008-03-01,2016,2469.511,2469.511,0.0
outlay: Total Mandatory,2008-03-01,2017,2596.838,2596.8379999999997,4.547473508864641e-13
outlay: Total Mandatory,2008-03-01,2018,2725.063,2725.063,0.0
outlay: Total Mandatory,2008-09-01,2008,1585.806,1585.806,0.0
outlay: Total Mandatory,2008-09-01,2009,1709.173,1709.173,0.0
outlay: Total Mandatory,2008-09-01,2010,1784.048,1784.0480000000002,-2.2737367544323206e-13
outlay: Total Mandatory,2008-09-01,2011,1897.244,1897.2440000000001,-2.2737367544323206e-13
outlay: Total Mandatory,2008-09-01,2012,1931.365,1931.365,0.0
outlay: Total Mandatory,2008-09-01,2013,2073.062,2073.062,0.0
outlay: Total Mandatory,2008-09-01,2014,2200.504,2200.504,0.0
outlay: Total Mandatory,2008-09-01,2015,2335.639,2335.6389999999997,4.547473508864641e-13
outlay: Total Mandatory,2008-09-01,2016,2518.019,2518.019,0.0
outlay: Total Mandatory,2008-09-01,2017,2641.936,2641.9359999999997,4.547473508864641e-13
outlay: Total Mandatory,2008-09-01,2018,2770.139,2770.139,0.0
outlay: Total Mandatory,2009-01-01,2009,1926.129,1926.129,0.0
outlay: Total Mandatory,2009-01-01,2010,1836.726,1836.726,0.0
outlay: Total Mandatory,2009-01-01,2011,1899.623,1899.623,0.0
outlay: Total Mandatory,2009-01-01,2012,1897.455,1897.455,0.0
outlay: Total Mandatory,2009-01-01,2013,2026.97,2026.97,0.0
outlay: Total Mandatory,2009-01-01,2014,2152.917,2152.917,0.0
outlay: Total Mandatory,2009-01-01,2015,2284.774,2284.774,0.0
outlay: Total Mandatory,2009-01-01,2016,2454.736,2454.736,0.0
outlay: Total Mandatory,2009-01-01,2017,2567.982,2567.982,0.0
outlay: Total Mandatory,2009-01-01,2018,2679.746,2679.746,0.0
outlay: Total Mandatory,2009-01-01,2019,2886.307,2886.3070000000002,-4.547473508864641e-13
outlay: Total Mandatory,2009-03-01,2009,2171.81,2171.81,0.0
outlay: Total Mandatory,2009-03-01,2010,1977.339,1977.339,0.0
outlay: Total Mandatory,2009-03-01,2011,1967.098,1967.098,0.0
outlay: Total Mandatory,2009-03-01,2012,1904.844,1904.8439999999998,2.2737367544323206e-13
outlay: Total Mandatory,2009-03-01,2013,2008.725,2008.725,0.0
outlay: Total Mandatory,2009-03-01,2014,2112.58,2112.58,0.0
outlay: Total Mandatory,2009-03-01,2015,2201.141,2201.141,0.0
outlay: Total Mandatory,2009-03-01,2016,2341.522,2341.522,0.0
outlay: Total Mandatory,2009-03-01,2017,2446.961,2446.9610000000002,-4.547473508864641e-13
outlay: Total Mandatory,2009-03-01,2018,2554.957,2554.957,0.0
outlay: Total Mandatory,2009-03-01,2019,2749.863,2749.8630000000003,-4.547473508864641e-13
outlay: Total Mandatory,2009-08-01,2009,1979.226,1979.226,0.0
outlay: Total Mandatory,2009-08-01,2010,2043.975,2043.9750000000001,-2.2737367544323206e-13
outlay: Total Mandatory,2009-08-01,2011,2005.841,2005.841,0.0
outlay: Total Mandatory,2009-08-01,2012,1944.658,1944.6580000000001,-2.2737367544323206e-13
outlay: Total Mandatory,2009-08-01,2013,2024.037,2024.0369999999998,2.2737367544323206e-13
outlay: Total Mandatory,2009-08-01,2014,2121.341,2121.341,0.0
outlay: Total Mandatory,2009-08-01,2015,2214.592,2214.592,0.0
outlay: Total Mandatory,2009-08-01,2016,2361.048,2361.048,0.0
outlay: Total Mandatory,2009-08-01,2017,2465.97,2465.97,0.0
outlay: Total Mandatory,2009-08-01,2018,2576.809,2576.809,0.0
outlay: Total Mandatory,2009-08-01,2019,2773.445,2773.445,0.0
outlay: Total Mandatory,2010-01-01,2010,1925.251,1925.251,0.0
outlay: Total Mandatory,2010-01-01,2011,2032.094,2032.094,0.0
outlay: Total Mandatory,2010-01-01,2012,1978.728,1978.7279999999998,2.2737367544323206e-13
outlay: Total Mandatory,2010-01-01,2013,2068.734,2068.734,0.0
outlay: Total Mandatory,2010-01-01,2014,2181.544,2181.5440000000003,-4.547473508864641e-13
outlay: Total Mandatory,2010-01-01,2015,2265.873,2265.873,0.0
outlay: Total Mandatory,2010-01-01,2016,2408.828,2408.828,0.0
outlay: Total Mandatory,2010-01-01,2017,2519.504,2519.5040000000004,-4.547473508864641e-13
outlay: Total Mandatory,2010-01-01,2018,2634.451,2634.451,0.0
outlay: Total Mandatory,2010-01-01,2019,2835.017,2835.0170000000003,-4.547473508864641e-13
outlay: Total Mandatory,2010-01-01,2020,3004.628,3004.628,0.0
outlay: Total Mandatory,2010-03-01,2010,1948.868,1948.868,0.0
outlay: Total Mandatory,2010-03-01,2011,2044.779,2044.779,0.0
outlay: Total Mandatory,2010-03-01,2012,1971.722,1971.722,0.0
outlay: Total Mandatory,2010-03-01,2013,2055.092,2055.0919999999996,4.547473508864641e-13
outlay: Total Mandatory,2010-03-01,2014,2170.26,2170.2599999999998,4.547473508864641e-13
outlay: Total Mandatory,2010-03-01,2015,2260.399,2260.399,0.0
outlay: Total Mandatory,2010-03-01,2016,2407.114,2407.114,0.0
outlay: Total Mandatory,2010-03-01,2017,2518.925,2518.925,0.0
outlay: Total Mandatory,2010-03-01,2018,2629.974,2629.974,0.0
outlay: Total Mandatory,2010-03-01,2019,2830.839,2830.839,0.0
outlay: Total Mandatory,2010-03-01,2020,3001.546,3001.546,0.0
outlay: Total Mandatory,2010-08-01,2010,1884.712,1884.712,0.0
outlay: Total Mandatory,2010-08-01,2011,2071.435,2071.435,0.0
outlay: Total Mandatory,2010-08-01,2012,1962.723,1962.7229999999997,2.2737367544323206e-13
outlay: Total Mandatory,2010-08-01,2013,2030.321,2030.321,0.0
outlay: Total Mandatory,2010-08-01,2014,2167.663,2167.663,0.0
outlay: Total Mandatory,2010-08-01,2015,2312.137,2312.1369999999997,4.547473508864641e-13
outlay: Total Mandatory,2010-08-01,2016,2511.122,2511.122,0.0
outlay: Total Mandatory,2010-08-01,2017,2641.92,2641.92,0.0
outlay: Total Mandatory,2010-08-01,2018,2761.977,2761.9770000000003,-4.547473508864641e-13
outlay: Total Mandatory,2010-08-01,2019,2960.482,2960.482,0.0
outlay: Total Mandatory,2010-08-01,2020,3136.952,3136.9519999999993,9.094947017729282e-13
outlay: Total Mandatory,2011-01-01,2011,2096.884,2096.884,0.0
outlay: Total Mandatory,2011-01-01,2012,2029.988,2029.9879999999998,2.2737367544323206e-13
outlay: Total Mandatory,2011-01-01,2013,2099.91,2099.91,0.0
outlay: Total Mandatory,2011-01-01,2014,2199.027,2199.027,0.0
outlay: Total Mandatory,2011-01-01,2015,2342.14,2342.14,0.0
outlay: Total Mandatory,2011-01-01,2016,2534.462,2534.462,0.0
outlay: Total Mandatory,2011-01-01,2017,2642.961,2642.961,0.0
outlay: Total Mandatory,2011-01-01,2018,2752.334,2752.3340000000003,-4.547473508864641e-13
outlay: Total Mandatory,2011-01-01,2019,2959.383,2959.3830000000003,-4.547473508864641e-13
outlay: Total Mandatory,2011-01-01,2020,3133.173,3133.173,0.0
outlay: Total Mandatory,2011-01-01,2021,3328.401,3328.401,0.0
outlay: Total Mandatory,2011-03-01,2011,2044.491,2044.491,0.0
outlay: Total Mandatory,2011-03-01,2012,2030.205,2030.205,0.0
outlay: Total Mandatory,2011-03-01,2013,2096.246,2096.246,0.0
outlay: Total Mandatory,2011-03-01,2014,2185.785,2185.7850000000003,-4.547473508864641e-13
outlay: Total Mandatory,2011-03-01,2015,2322.763,2322.763,0.0
outlay: Total Mandatory,2011-03-01,2016,2503.21,2503.21,0.0
outlay: Total Mandatory,2011-03-01,2017,2611.784,2611.784,0.0
outlay: Total Mandatory,2011-03-01,2018,2718.796,2718.796,0.0
outlay: Total Mandatory,2011-03-01,2019,2916.581,2916.5809999999997,4.547473508864641e-13
outlay: Total Mandatory,2011-03-01,2020,3090.289,3090.289,0.0
outlay: Total Mandatory,2011-03-01,2021,3274.825,3274.8250000000003,-4.547473508864641e-13
outlay: Total Mandatory,2011-08-01,2011,2017.458,2017.4579999999999,2.2737367544323206e-13
outlay: Total Mandatory,2011-08-01,2012,2048.452,2048.452,0.0
outlay: Total Mandatory,2011-08-01,2013,2122.961,2122.9610000000002,-4.547473508864641e-13
outlay: Total Mandatory,2011-08-01,2014,2207.438,2207.438,0.0
outlay: Total Mandatory,2011-08-01,2015,2335.76,2335.76,0.0
outlay: Total Mandatory,2011-08-01,2016,2506.517,2506.517,0.0
outlay: Total Mandatory,2011-08-01,2017,2611.49,2611.49,0.0
outlay: Total Mandatory,2011-08-01,2018,2715.633,2715.6330000000003,-4.547473508864641e-13
outlay: Total Mandatory,2011-08-01,2019,2912.928,2912.928,0.0
outlay: Total Mandatory,2011-08-01,2020,3089.871,3089.871,0.0
outlay: Total Mandatory,2011-08-01,2021,3276.444,3276.444,0.0
outlay: Total Mandatory,2012-01-01,2012,2064.656,2064.656,0.0
outlay: Total Mandatory,2012-01-01,2013,2118.904,2118.904,0.0
outlay: Total Mandatory,2012-01-01,2014,2212.64,2212.64,0.0
outlay: Total Mandatory,2012-01-01,2015,2352.273,2352.273,0.0
outlay: Total Mandatory,2012-01-01,2016,2523.508,2523.508,0.0
outlay: Total Mandatory,2012-01-01,2017,2621.753,2621.753,0.0
outlay: Total Mandatory,2012-01-01,2018,2726.421,2726.421,0.0
outlay: Total Mandatory,2012-01-01,2019,2915.216,2915.2160000000003,-4.547473508864641e-13
outlay: Total Mandatory,2012-01-01,2020,3086.359,3086.3590000000004,-4.547473508864641e-13
outlay: Total Mandatory,2012-01-01,2021,3268.531,3268.5310000000004,-4.547473508864641e-13
outlay: Total Mandatory,2012-01-01,2022,3510.584,3510.584,0.0
outlay: Total Mandatory,2012-03-01,2012,2091.088,2091.0879999999997,4.547473508864641e-13
outlay: Total Mandatory,2012-03-01,2013,2121.758,2121.758,0.0
outlay: Total Mandatory,2012-03-01,2014,2219.278,2219.278,0.0
outlay: Total Mandatory,2012-03-01,2015,2357.349,2357.349,0.0
outlay: Total Mandatory,2012-03-01,2016,2531.363,2531.363,0.0
outlay: Total Mandatory,2012-03-01,2017,2631.426,2631.426,0.0
outlay: Total Mandatory,2012-03-01,2018,2739.679,2739.6789999999996,4.547473508864641e-13
outlay: Total Mandatory,2012-03-01,2019,2919.203,2919.2030000000004,-4.547473508864641e-13
outlay: Total Mandatory,2012-03-01,2020,3092.135,3092.135,0.0
outlay: Total Mandatory,2012-03-01,2021,3279.292,3279.292,0.0
outlay: Total Mandatory,2012-03-01,2022,3527.169,3527.1690000000003,-4.547473508864641e-13
outlay: Total Mandatory,2012-08-01,2012,2053.398,2053.398,0.0
outlay: Total Mandatory,2012-08-01,2013,2091.81,2091.81,0.0
outlay: Total Mandatory,2012-08-01,2014,2165.317,2165.317,0.0
outlay: Total Mandatory,2012-08-01,2015,2305.794,2305.794,0.0
outlay: Total Mandatory,2012-08-01,2016,2495.334,2495.334,0.0
outlay: Total Mandatory,2012-08-01,2017,2613.661,2613.661,0.0
outlay: Total Mandatory,2012-08-01,2018,2734.569,2734.569,0.0
outlay: Total Mandatory,2012-08-01,2019,2921.048,2921.048,0.0
outlay: Total Mandatory,2012-08-01,2020,3099.184,3099.184,0.0
outlay: Total Mandatory,2012-08-01,2021,3290.456,3290.456,0.0
outlay: Total Mandatory,2012-08-01,2022,3543.398,3543.398,0.0
outlay: Total Mandatory,2013-02-01,2013,2132.849,2132.849,0.0
outlay: Total Mandatory,2013-02-01,2014,2196.284,2196.2839999999997,4.547473508864641e-13
outlay: Total Mandatory,2013-02-01,2015,2336.904,2336.904,0.0
outlay: Total Mandatory,2013-02-01,2016,2532.389,2532.389,0.0
outlay: Total Mandatory,2013-02-01,2017,2652.677,2652.677,0.0
outlay: Total Mandatory,2013-02-01,2018,2765.107,2765.107,0.0
outlay: Total Mandatory,2013-02-01,2019,2920.913,2920.913,0.0
outlay: Total Mandatory,2013-02-01,2020,3083.781,3083.781,0.0
outlay: Total Mandatory,2013-02-01,2021,3260.955,3260.955,0.0
outlay: Total Mandatory,2013-02-01,2022,3495.963,3495.9629999999997,4.547473508864641e-13
outlay: Total Mandatory,2013-02-01,2023,3653.174,3653.174,0.0
outlay: Total Mandatory,2013-05-01,2013,2131.737,2131.737,0.0
outlay: Total Mandatory,2013-05-01,2014,2189.767,2189.767,0.0
outlay: Total Mandatory,2013-05-01,2015,2320.549,2320.549,0.0
outlay: Total Mandatory,2013-05-01,2016,2514.653,2514.6530000000002,-4.547473508864641e-13
outlay: Total Mandatory,2013-05-01,2017,2630.339,2630.339,0.0
outlay: Total Mandatory,2013-05-01,2018,2734.908,2734.908,0.0
outlay: Total Mandatory,2013-05-01,2019,2891.156,2891.1560000000004,-4.547473508864641e-13
outlay: Total Mandatory,2013-05-01,2020,3051.516,3051.516,0.0
outlay: Total Mandatory,2013-05-01,2021,3225.396,3225.396,0.0
outlay: Total Mandatory,2013-05-01,2022,3468.007,3468.0069999999996,4.547473508864641e-13
outlay: Total Mandatory,2013-05-01,2023,3615.525,3615.525,0.0
outlay: Total Mandatory,2014-02-01,2014,2197.419,2197.419,0.0
outlay: Total Mandatory,2014-02-01,2015,2318.878,2318.878,0.0
outlay: Total Mandatory,2014-02-01,2016,2498.425,2498.425,0.0
outlay: Total Mandatory,2014-02-01,2017,2611.389,2611.389,0.0
outlay: Total Mandatory,2014-02-01,2018,2720.026,2720.026,0.0
outlay: Total Mandatory,2014-02-01,2019,2876.24,2876.2400000000002,-4.547473508864641e-13
outlay: Total Mandatory,2014-02-01,2020,3037.969,3037.969,0.0
outlay: Total Mandatory,2014-02-01,2021,3212.508,3212.508,0.0
outlay: Total Mandatory,2014-02-01,2022,3435.923,3435.923,0.0
outlay: Total Mandatory,2014-02-01,2023,3571.984,3571.984,0.0
outlay: Total Mandatory,2014-02-01,2024,3735.341,3735.3410000000003,-4.547473508864641e-13
outlay: Total Mandatory,2014-04-01,2014,2199.28,2199.28,0.0
outlay: Total Mandatory,2014-04-01,2015,2315.603,2315.603,0.0
outlay: Total Mandatory,2014-04-01,2016,2494.926,2494.9260000000004,-4.547473508864641e-13
outlay: Total Mandatory,2014-04-01,2017,2601.631,2601.631,0.0
outlay: Total Mandatory,2014-04-01,2018,2690.195,2690.195,0.0
outlay: Total Mandatory,2014-04-01,2019,2844.418,2844.4179999999997,4.547473508864641e-13
outlay: Total Mandatory,2014-04-01,2020,3002.693,3002.693,0.0
outlay: Total Mandatory,2014-04-01,2021,3176.006,3176.0060000000003,-4.547473508864641e-13
outlay: Total Mandatory,2014-04-01,2022,3401.134,3401.134,0.0
outlay: Total Mandatory,2014-04-01,2023,3528.318,3528.3179999999998,4.547473508864641e-13
outlay: Total Mandatory,2014-04-01,2024,3662.788,3662.7879999999996,4.547473508864641e-13
outlay: Total Mandatory,2014-08-01,2014,2185.071,2185.071,0.0
outlay: Total Mandatory,2014-08-01,2015,2308.829,2308.8289999999997,4.547473508864641e-13
outlay: Total Mandatory,2014-08-01,2016,2497.088,2497.088,0.0
outlay: Total Mandatory,2014-08-01,2017,2598.174,2598.174,0.0
outlay: Total Mandatory,2014-08-01,2018,2686.874,2686.874,0.0
outlay: Total Mandatory,2014-08-01,2019,2838.879,2838.879,0.0
outlay: Total Mandatory,2014-08-01,2020,2988.317,2988.317,0.0
outlay: Total Mandatory,2014-08-01,2021,3158.229,3158.2290000000003,-4.547473508864641e-13
outlay: Total Mandatory,2014-08-01,2022,3377.125,3377.125,0.0
outlay: Total Mandatory,2014-08-01,2023,3502.284,3502.2840000000006,-4.547473508864641e-13
outlay: Total Mandatory,2014-08-01,2024,3632.476,3632.476,0.0
outlay: Total Mandatory,2015-01-01,2015,2280.586,2280.586,0.0
outlay: Total Mandatory,2015-01-01,2016,2471.644,2471.644,0.0
outlay: Total Mandatory,2015-01-01,2017,2559.327,2559.327,0.0
outlay: Total Mandatory,2015-01-01,2018,2649.441,2649.4410000000003,-4.547473508864641e-13
outlay: Total Mandatory,2015-01-01,2019,2813.96,2813.96,0.0
outlay: Total Mandatory,2015-01-01,2020,2966.643,2966.6429999999996,4.547473508864641e-13
outlay: Total Mandatory,2015-01-01,2021,3136.099,3136.099,0.0
outlay: Total Mandatory,2015-01-01,2022,3361.234,3361.2340000000004,-4.547473508864641e-13
outlay: Total Mandatory,2015-01-01,2023,3484.644,3484.644,0.0
outlay: Total Mandatory,2015-01-01,2024,3614.293,3614.2929999999997,4.547473508864641e-13
outlay: Total Mandatory,2015-01-01,2025,3888.821,3888.821,0.0
outlay: Total Mandatory,2015-03-01,2015,2299.562,2299.562,0.0
outlay: Total Mandatory,2015-03-01,2016,2467.476,2467.476,0.0
outlay: Total Mandatory,2015-03-01,2017,2537.612,2537.612,0.0
outlay: Total Mandatory,2015-03-01,2018,2614.56,2614.56,0.0
outlay: Total Mandatory,2015-03-01,2019,2785.359,2785.359,0.0
outlay: Total Mandatory,2015-03-01,2020,2943.115,2943.1150000000002,-4.547473508864641e-13
outlay: Total Mandatory,2015-03-01,2021,3106.51,3106.5099999999998,4.547473508864641e-13
outlay: Total Mandatory,2015-03-01,2022,3335.723,3335.7229999999995,4.547473508864641e-13
outlay: Total Mandatory,2015-03-01,2023,3460.945,3460.945,0.0
outlay: Total Mandatory,2015-03-01,2024,3583.663,3583.663,0.0
outlay: Total Mandatory,2015-03-01,2025,3858.668,3858.6679999999997,4.547473508864641e-13
outlay: Total Mandatory,2015-08-01,2015,2320.005,2320.005,0.0
outlay: Total Mandatory,2015-08-01,2016,2488.235,2488.235,0.0
outlay: Total Mandatory,2015-08-01,2017,2550.714,2550.714,0.0
outlay: Total Mandatory,2015-08-01,2018,2619.42,2619.42,0.0
outlay: Total Mandatory,2015-08-01,2019,2780.87,2780.8700000000003,-4.547473508864641e-13
outlay: Total Mandatory,2015-08-01,2020,2937.312,2937.312,0.0
outlay: Total Mandatory,2015-08-01,2021,3100.742,3100.742,0.0
outlay: Total Mandatory,2015-08-01,2022,3326.357,3326.357,0.0
outlay: Total Mandatory,2015-08-01,2023,3457.612,3457.6119999999996,4.547473508864641e-13
outlay: Total Mandatory,2015-08-01,2024,3583.725,3583.725,0.0
outlay: Total Mandatory,2015-08-01,2025,3850.422,3850.422,0.0
outlay: Total Mandatory,2016-01-01,2016,2486.374,2486.3740000000003,-4.547473508864641e-13
outlay: Total Mandatory,2016-01-01,2017,2555.617,2555.6169999999997,4.547473508864641e-13
outlay: Total Mandatory,2016-01-01,2018,2630.897,2630.897,0.0
outlay: Total Mandatory,2016-01-01,2019,2823.922,2823.9219999999996,4.547473508864641e-13
outlay: Total Mandatory,2016-01-01,2020,2980.271,2980.2709999999997,4.547473508864641e-13
outlay: Total Mandatory,2016-01-01,2021,3142.874,3142.874,0.0
outlay: Total Mandatory,2016-01-01,2022,3373.853,3373.853,0.0
outlay: Total Mandatory,2016-01-01,2023,3498.819,3498.8190000000004,-4.547473508864641e-13
outlay: Total Mandatory,2016-01-01,2024,3620.549,3620.549,0.0
outlay: Total Mandatory,2016-01-01,2025,3874.136,3874.136,0.0
outlay: Total Mandatory,2016-01-01,2026,4140.177,4140.177,0.0
outlay: Total Mandatory,2016-03-01,2016,2467.31,2467.31,0.0
outlay: Total Mandatory,2016-03-01,2017,2543.673,2543.673,0.0
outlay: Total Mandatory,2016-03-01,2018,2622.148,2622.148,0.0
outlay: Total Mandatory,2016-03-01,2019,2820.894,2820.8940000000002,-4.547473508864641e-13
outlay: Total Mandatory,2016-03-01,2020,2978.217,2978.2169999999996,4.547473508864641e-13
outlay: Total Mandatory,2016-03-01,2021,3139.184,3139.1839999999997,4.547473508864641e-13
outlay: Total Mandatory,2016-03-01,2022,3368.974,3368.974,0.0
outlay: Total Mandatory,2016-03-01,2023,3497.263,3497.2630000000004,-4.547473508864641e-13
outlay: Total Mandatory,2016-03-01,2024,3621.111,3621.111,0.0
outlay: Total Mandatory,2016-03-01,2025,3871.533,3871.5330000000004,-4.547473508864641e-13
outlay: Total Mandatory,2016-03-01,2026,4115.547,4115.547,0.0
outlay: Total Mandatory,2016-08-01,2016,2451.069,2451.069,0.0
outlay: Total Mandatory,2016-08-01,2017,2535.646,2535.646,0.0
outlay: Total Mandatory,2016-08-01,2018,2611.652,2611.652,0.0
outlay: Total Mandatory,2016-08-01,2019,2796.523,2796.523,0.0
outlay: Total Mandatory,2016-08-01,2020,2960.114,2960.1139999999996,4.547473508864641e-13
outlay: Total Mandatory,2016-08-01,2021,3122.225,3122.225,0.0
outlay: Total Mandatory,2016-08-01,2022,3351.838,3351.8379999999997,4.547473508864641e-13
outlay: Total Mandatory,2016-08-01,2023,3478.297,3478.297,0.0
outlay: Total Mandatory,2016-08-01,2024,3603.255,3603.255,0.0
outlay: Total Mandatory,2016-08-01,2025,3849.754,3849.754,0.0
outlay: Total Mandatory,2016-08-01,2026,4093.257,4093.2569999999996,4.547473508864641e-13
outlay: Total Mandatory,2017-01-01,2017,2498.457,2498.457,0.0
outlay: Total Mandatory,2017-01-01,2018,2583.686,2583.6859999999997,4.547473508864641e-13
outlay: Total Mandatory,2017-01-01,2019,2762.936,2762.936,0.0
outlay: Total Mandatory,2017-01-01,2020,2924.477,2924.477,0.0
outlay: Total Mandatory,2017-01-01,2021,3096.914,3096.914,0.0
outlay: Total Mandatory,2017-01-01,2022,3326.711,3326.7110000000002,-4.547473508864641e-13
outlay: Total Mandatory,2017-01-01,2023,3453.441,3453.4410000000003,-4.547473508864641e-13
outlay: Total Mandatory,2017-01-01,2024,3580.608,3580.608,0.0
outlay: Total Mandatory,2017-01-01,2025,3825.036,3825.036,0.0
outlay: Total Mandatory,2017-01-01,2026,4073.433,4073.4330000000004,-4.547473508864641e-13
outlay: Total Mandatory,2017-01-01,2027,4302.733,4302.733,0.0
outlay: Total Mandatory,2017-06-01,2017,2564.239,2564.239,0.0
outlay: Total Mandatory,2017-06-01,2018,2564.434,2564.434,0.0
outlay: Total Mandatory,2017-06-01,2019,2757.915,2757.915,0.0
outlay: Total Mandatory,2017-06-01,2020,2926.177,2926.1769999999997,4.547473508864641e-13
outlay: Total Mandatory,2017-06-01,2021,3103.997,3103.997,0.0
outlay: Total Mandatory,2017-06-01,2022,3327.375,3327.3749999999995,4.547473508864641e-13
outlay: Total Mandatory,2017-06-01,2023,3454.056,3454.0559999999996,4.547473508864641e-13
outlay: Total Mandatory,2017-06-01,2024,3580.689,3580.689,0.0
outlay: Total Mandatory,2017-06-01,2025,3828.349,3828.349,0.0
outlay: Total Mandatory,2017-06-01,2026,4071.51,4071.51,0.0
outlay: Total Mandatory,2017-06-01,2027,4299.351,4299.351000000001,-9.094947017729282e-13
outlay: Total Mandatory,2018-04-01,2018,2551.902,2551.902,0.0
outlay: Total Mandatory,2018-04-01,2019,2716.407,2716.407,0.0
outlay: Total Mandatory,2018-04-01,2020,2859.115,2859.115,0.0
outlay: Total Mandatory,2018-04-01,2021,3030.785,3030.7850000000003,-4.547473508864641e-13
outlay: Total Mandatory,2018-04-01,2022,3264.124,3264.124,0.0
outlay: Total Mandatory,2018-04-01,2023,3390.33,3390.33,0.0
outlay: Total Mandatory,2018-04-01,2024,3510.426,3510.426,0.0
outlay: Total Mandatory,2018-04-01,2025,3757.88,3757.88,0.0
outlay: Total Mandatory,2018-04-01,2026,3981.143,3981.1429999999996,4.547473508864641e-13
outlay: Total Mandatory,2018-04-01,2027,4186.914,4186.914,0.0
outlay: Total Mandatory,2018-04-01,2028,4521.832,4521.832,0.0
outlay: Total Mandatory,2018-05-01,2018,2547.654,2547.654,0.0
outlay: Total Mandatory,2018-05-01,2019,2713.488,2713.4880000000003,-4.547473508864641e-13
outlay: Total Mandatory,2018-05-01,2020,2858.899,2858.899,0.0
outlay: Total Mandatory,2018-05-01,2021,3031.943,3031.943,0.0
outlay: Total Mandatory,2018-05-01,2022,3265.566,3265.566,0.0
outlay: Total Mandatory,2018-05-01,2023,3392.676,3392.676,0.0
outlay: Total Mandatory,2018-05-01,2024,3512.342,3512.342,0.0
outlay: Total Mandatory,2018-05-01,2025,3758.618,3758.618,0.0
outlay: Total Mandatory,2018-05-01,2026,3979.171,3979.1709999999994,4.547473508864641e-13
outlay: Total Mandatory,2018-05-01,2027,4182.917,4182.9169999999995,9.094947017729282e-13
outlay: Total Mandatory,2018-05-01,2028,4517.303,4517.303,0.0
outlay: Total Mandatory,2019-01-01,2019,2718.705,2718.7050000000004,-4.547473508864641e-13
outlay: Total Mandatory,2019-01-01,2020,2832.68,2832.6800000000003,-4.547473508864641e-13
outlay: Total Mandatory,2019-01-01,2021,2993.148,2993.148,0.0
outlay: Total Mandatory,2019-01-01,2022,3237.16,3237.1600000000003,-4.547473508864641e-13
outlay: Total Mandatory,2019-01-01,2023,3367.86,3367.8599999999997,4.547473508864641e-13
outlay: Total Mandatory,2019-01-01,2024,3490.146,3490.146,0.0
outlay: Total Mandatory,2019-01-01,2025,3732.921,3732.9210000000003,-4.547473508864641e-13
outlay: Total Mandatory,2019-01-01,2026,3953.009,3953.0090000000005,-4.547473508864641e-13
outlay: Total Mandatory,2019-01-01,2027,4156.671,4156.671,0.0
outlay: Total Mandatory,2019-01-01,2028,4496.068,4496.068,0.0
outlay: Total Mandatory,2019-01-01,2029,4579.783,4579.782999999999,9.094947017729282e-13
outlay: Total Mandatory,2019-05-01,2019,2720.122,2720.122,0.0
outlay: Total Mandatory,2019-05-01,2020,2823.191,2823.1910000000003,-4.547473508864641e-13
outlay: Total Mandatory,2019-05-01,2021,2977.985,2977.9849999999997,4.547473508864641e-13
outlay: Total Mandatory,2019-05-01,2022,3221.433,3221.433,0.0
outlay: Total Mandatory,2019-05-01,2023,3343.833,3343.833,0.0
outlay: Total Mandatory,2019-05-01,2024,3462.017,3462.017,0.0
outlay: Total Mandatory,2019-05-01,2025,3701.691,3701.6910000000003,-4.547473508864641e-13
outlay: Total Mandatory,2019-05-01,2026,3920.285,3920.285,0.0
outlay: Total Mandatory,2019-05-01,2027,4119.5,4119.5,0.0
outlay: Total Mandatory,2019-05-01,2028,4455.291,4455.290999999999,9.094947017729282e-13
outlay: Total Mandatory,2019-05-01,2029,4516.559,4516.558999999999,9.094947017729282e-13
outlay: Total Mandatory,2019-08-01,2019,2730.936,2730.9360000000006,-4.547473508864641e-13
outlay: Total Mandatory,2019-08-01,2020,2836.141,2836.141,0.0
outlay: Total Mandatory,2019-08-01,2021,2960.62,2960.62,0.0
outlay: Total Mandatory,2019-08-01,2022,3188.895,3188.895,0.0
outlay: Total Mandatory,2019-08-01,2023,3322.893,3322.893,0.0
outlay: Total Mandatory,2019-08-01,2024,3442.969,3442.969,0.0
outlay: Total Mandatory,2019-08-01,2025,3678.716,3678.7160000000003,-4.547473508864641e-13
outlay: Total Mandatory,2019-08-01,2026,3895.652,3895.652,0.0
outlay: Total Mandatory,2019-08-01,2027,4097.388,4097.388,0.0
outlay: Total Mandatory,2019-08-01,2028,4400.623,4400.6230000000005,-9.094947017729282e-13
outlay: Total Mandatory,2019-08-01,2029,4449.828,4449.828,0.0
outlay: Total Mandatory,2020-01-01,2020,2863.464,2863.464,0.0
outlay: Total Mandatory,2020-01-01,2021,2977.428,2977.428,0.0
outlay: Total Mandatory,2020-01-01,2022,3197.813,3197.813,0.0
outlay: Total Mandatory,2020-01-01,2023,3333.397,3333.397,0.0
outlay: Total Mandatory,2020-01-01,2024,3465.833,3465.8329999999996,4.547473508864641e-13
outlay: Total Mandatory,2020-01-01,2025,3719.144,3719.1440000000002,-4.547473508864641e-13
outlay: Total Mandatory,2020-01-01,2026,3941.357,3941.357,0.0
outlay: Total Mandatory,2020-01-01,2027,4135.223,4135.223,0.0
outlay: Total Mandatory,2020-01-01,2028,4451.218,4451.218,0.0
outlay: Total Mandatory,2020-01-01,2029,4503.499,4503.499,0.0
outlay: Total Mandatory,2020-01-01,2030,4873.652,4873.652,0.0
outlay: Total Mandatory,2020-03-01,2020,2914.557,2914.557,0.0
outlay: Total Mandatory,2020-03-01,2021,2967.222,2967.222,0.0
outlay: Total Mandatory,2020-03-01,2022,3187.086,3187.0859999999993,4.547473508864641e-13
outlay: Total Mandatory,2020-03-01,2023,3315.433,3315.433,0.0
outlay: Total Mandatory,2020-03-01,2024,3441.641,3441.6409999999996,4.547473508864641e-13
outlay: Total Mandatory,2020-03-01,2025,3696.246,3696.2459999999996,4.547473508864641e-13
outlay: Total Mandatory,2020-03-01,2026,3918.245,3918.245,0.0
outlay: Total Mandatory,2020-03-01,2027,4116.575,4116.575000000001,-9.094947017729282e-13
outlay: Total Mandatory,2020-03-01,2028,4439.428,4439.428,0.0
outlay: Total Mandatory,2020-03-01,2029,4490.833,4490.833,0.0
outlay: Total Mandatory,2020-03-01,2030,4870.206,4870.206,0.0
outlay: Total Mandatory,2020-09-01,2020,4620.906,4620.906000000001,-9.094947017729282e-13
outlay: Total Mandatory,2020-09-01,2021,3181.034,3181.0340000000006,-4.547473508864641e-13
outlay: Total Mandatory,2020-09-01,2022,3269.366,3269.366,0.0
outlay: Total Mandatory,2020-09-01,2023,3308.483,3308.483,0.0
outlay: Total Mandatory,2020-09-01,2024,3405.918,3405.9179999999997,4.547473508864641e-13
outlay: Total Mandatory,2020-09-01,2025,3635.365,3635.365,0.0
outlay: Total Mandatory,2020-09-01,2026,3836.862,3836.8619999999996,4.547473508864641e-13
outlay: Total Mandatory,2020-09-01,2027,4008.585,4008.585,0.0
outlay: Total Mandatory,2020-09-01,2028,4308.294,4308.294,0.0
outlay: Total Mandatory,2020-09-01,2029,4327.87,4327.87,0.0
outlay: Total Mandatory,2020-09-01,2030,4644.664,4644.664,0.0
outlay: Total Mandatory,2021-02-01,2021,3798.055,3798.0550000000003,-4.547473508864641e-13
outlay: Total Mandatory,2021-02-01,2022,3147.247,3147.2470000000003,-4.547473508864641e-13
outlay: Total Mandatory,2021-02-01,2023,3287.443,3287.4429999999998,4.547473508864641e-13
outlay: Total Mandatory,2021-02-01,2024,3382.384,3382.384,0.0
outlay: Total Mandatory,2021-02-01,2025,3610.945,3610.9449999999997,4.547473508864641e-13
outlay: Total Mandatory,2021-02-01,2026,3820.533,3820.533,0.0
outlay: Total Mandatory,2021-02-01,2027,4008.794,4008.794,0.0
outlay: Total Mandatory,2021-02-01,2028,4332.028,4332.028,0.0
outlay: Total Mandatory,2021-02-01,2029,4376.592,4376.592,0.0
outlay: Total Mandatory,2021-02-01,2030,4703.207,4703.207,0.0
outlay: Total Mandatory,2021-02-01,2031,4979.338,4979.338,0.0
outlay: Total Mandatory,2021-07-01,2021,4866.539,4866.539,0.0
outlay: Total Mandatory,2021-07-01,2022,3583.308,3583.308,0.0
outlay: Total Mandatory,2021-07-01,2023,3454.731,3454.7309999999998,4.547473508864641e-13
outlay: Total Mandatory,2021-07-01,2024,3479.404,3479.404,0.0
outlay: Total Mandatory,2021-07-01,2025,3703.049,3703.049,0.0
outlay: Total Mandatory,2021-07-01,2026,3898.504,3898.504,0.0
outlay: Total Mandatory,2021-07-01,2027,4079.93,4079.9300000000003,-4.547473508864641e-13
outlay: Total Mandatory,2021-07-01,2028,4410.037,4410.037,0.0
outlay: Total Mandatory,2021-07-01,2029,4438.469,4438.469,0.0
outlay: Total Mandatory,2021-07-01,2030,4772.028,4772.028,0.0
outlay: Total Mandatory,2021-07-01,2031,5016.844,5016.844,0.0
outlay: Total Mandatory,2022-05-01,2022,3756.639,3756.639,0.0
outlay: Total Mandatory,2022-05-01,2023,3669.767,3669.767,0.0
outlay: Total Mandatory,2022-05-01,2024,3650.008,3650.008,0.0
outlay: Total Mandatory,2022-05-01,2025,3826.537,3826.5370000000003,-4.547473508864641e-13
outlay: Total Mandatory,2022-05-01,2026,4025.63,4025.63,0.0
outlay: Total Mandatory,2022-05-01,2027,4201.24,4201.240000000001,-9.094947017729282e-13
outlay: Total Mandatory,2022-05-01,2028,4538.306,4538.3060000000005,-9.094947017729282e-13
outlay: Total Mandatory,2022-05-01,2029,4561.256,4561.256,0.0
outlay: Total Mandatory,2022-05-01,2030,4908.434,4908.434,0.0
outlay: Total Mandatory,2022-05-01,2031,5158.768,5158.767999999999,9.094947017729282e-13
outlay: Total Mandatory,2022-05-01,2032,5457.5,5457.5,0.0
outlay: Total Mandatory,2023-02-01,2023,3846.552,3846.5520000000006,-4.547473508864641e-13
outlay: Total Mandatory,2023-02-01,2024,3803.273,3803.273,0.0
outlay: Total Mandatory,2023-02-01,2025,3989.223,3989.223,0.0
outlay: Total Mandatory,2023-02-01,2026,4189.41,4189.41,0.0
outlay: Total Mandatory,2023-02-01,2027,4393.28,4393.28,0.0
outlay: Total Mandatory,2023-02-01,2028,4729.9,4729.9,0.0
outlay: Total Mandatory,2023-02-01,2029,4753.873,4753.8730000000005,-9.094947017729282e-13
outlay: Total Mandatory,2023-02-01,2030,5111.404,5111.404,0.0
outlay: Total Mandatory,2023-02-01,2031,5385.821,5385.821,0.0
outlay: Total Mandatory,2023-02-01,2032,5657.658,5657.658,0.0
outlay: Total Mandatory,2023-02-01,2033,6126.22,6126.22,0.0
outlay: Total Mandatory,2023-05-01,2023,3986.029,3986.029,0.0
outlay: Total Mandatory,2023-05-01,2024,3819.692,3819.692,0.0
outlay: Total Mandatory,2023-05-01,2025,4017.895,4017.8949999999995,4.547473508864641e-13
outlay: Total Mandatory,2023-05-01,2026,4202.116,4202.116,0.0
outlay: Total Mandatory,2023-05-01,2027,4398.508,4398.508,0.0
outlay: Total Mandatory,2023-05-01,2028,4736.697,4736.697,0.0
outlay: Total Mandatory,2023-05-01,2029,4758.026,4758.026,0.0
outlay: Total Mandatory,2023-05-01,2030,5116.357,5116.357,0.0
outlay: Total Mandatory,2023-05-01,2031,5380.556,5380.556,0.0
outlay: Total Mandatory,2023-05-01,2032,5668.575,5668.575000000001,-9.094947017729282e-13
outlay: Total Mandatory,2023-05-01,2033,6128.507,6128.507,0.0
outlay: Total Mandatory,2024-02-01,2024,3844.375,3844.3749999999995,4.547473508864641e-13
outlay: Total Mandatory,2024-02-01,2025,4058.393,4058.393,0.0
outlay: Total Mandatory,2024-02-01,2026,4242.012,4242.012,0.0
outlay: Total Mandatory,2024-02-01,2027,4442.175,4442.175,0.0
outlay: Total Mandatory,2024-02-01,2028,4737.291,4737.290999999999,9.094947017729282e-13
outlay: Total Mandatory,2024-02-01,2029,4801.334,4801.334,0.0
outlay: Total Mandatory,2024-02-01,2030,5147.346,5147.346,0.0
outlay: Total Mandatory,2024-02-01,2031,5400.715,5400.714999999999,9.094947017729282e-13
outlay: Total Mandatory,2024-02-01,2032,5675.45,5675.45,0.0
outlay: Total Mandatory,2024-02-01,2033,6121.235,6121.235000000001,-9.094947017729282e-13
outlay: Total Mandatory,2024-02-01,2034,6309.452,6309.451999999999,9.094947017729282e-13
outlay: Total Mandatory,2024-06-01,2024,4127.463,4127.463000000001,-9.094947017729282e-13
outlay: Total Mandatory,2024-06-01,2025,4127.297,4127.297,0.0
outlay: Total Mandatory,2024-06-01,2026,4283.425,4283.424999999999,9.094947017729282e-13
outlay: Total Mandatory,2024-06-01,2027,4479.837,4479.8369999999995,9.094947017729282e-13
outlay: Total Mandatory,2024-06-01,2028,4753.634,4753.634,0.0
outlay: Total Mandatory,2024-06-01,2029,4852.733,4852.733,0.0
outlay: Total Mandatory,2024-06-01,2030,5189.895,5189.895,0.0
outlay: Total Mandatory,2024-06-01,2031,5449.672,5449.672,0.0
outlay: Total Mandatory,2024-06-01,2032,5736.247,5736.247,0.0
outlay: Total Mandatory,2024-06-01,2033,6179.432,6179.432000000001,-9.094947017729282e-13
outlay: Total Mandatory,2024-06-01,2034,6341.649,6341.649,0.0
outlay: Total Mandatory,2025-01-01,2025,4234.573,4234.573,0.0
outlay: Total Mandatory,2025-01-01,2026,4382.197,4382.197,0.0
outlay: Total Mandatory,2025-01-01,2027,4589.455,4589.455,0.0
outlay: Total Mandatory,2025-01-01,2028,4845.398,4845.398,0.0
outlay: Total Mandatory,2025-01-01,2029,4941.183,4941.183,0.0
outlay: Total Mandatory,2025-01-01,2030,5268.748,5268.748,0.0
outlay: Total Mandatory,2025-01-01,2031,5512.055,5512.054999999999,9.094947017729282e-13
outlay: Total Mandatory,2025-01-01,2032,5780.22,5780.22,0.0
outlay: Total Mandatory,2025-01-01,2033,6197.553,6197.553,0.0
outlay: Total Mandatory,2025-01-01,2034,6328.956,6328.956,0.0
outlay: Total Mandatory,2025-01-01,2035,6452.281,6452.281,0.0
outlay: Total Mandatory,2026-02-01,2026,4535.796,4535.796,0.0
outlay: Total Mandatory,2026-02-01,2027,4779.111,4779.111,0.0
outlay: Total Mandatory,2026-02-01,2028,5000.165,5000.165,0.0
outlay: Total Mandatory,2026-02-01,2029,5061.233,5061.233,0.0
outlay: Total Mandatory,2026-02-01,2030,5368.459,5368.459,0.0
outlay: Total Mandatory,2026-02-01,2031,5574.735,5574.735,0.0
outlay: Total Mandatory,2026-02-01,2032,5827.436,5827.436,0.0
outlay: Total Mandatory,2026-02-01,2033,6266.385,6266.384999999999,9.094947017729282e-13
outlay: Total Mandatory,2026-02-01,2034,6425.508,6425.508000000001,-9.094947017729282e-13
outlay: Total Mandatory,2026-02-01,2035,6532.392,6532.392,0.0
outlay: Total Mandatory,2026-02-01,2036,7014.878,7014.878000000001,-9.094947017729282e-13
outlay: Total Mandatory (incl. Fannie Freddie),1992-01-01,1992,711.612,711.612,0.0
outlay: Total Mandatory (incl. Fannie Freddie),1992-01-01,1993,754.028,754.028,0.0
outlay: Total Mandatory (incl. Fannie Freddie),1992-01-01,1994,760.898,760.898,0.0
outlay: Total Mandatory (incl. Fannie Freddie),1992-01-01,1995,758.484,758.4839999999999,1.1368683772161603e-13
outlay: Total Mandatory (incl. Fannie Freddie),1992-01-01,1996,782.847,782.8470000000001,-1.1368683772161603e-13
outlay: Total Mandatory (incl. Fannie Freddie),1992-01-01,1997,870.938,870.938,0.0
outlay: Total Mandatory (incl. Fannie Freddie),1992-03-01,1992,706.214,706.214,0.0
outlay: Total Mandatory (incl. Fannie Freddie),1992-03-01,1993,752.709,752.7090000000001,-1.1368683772161603e-13
outlay: Total Mandatory (incl. Fannie Freddie),1992-03-01,1994,760.519,760.519,0.0
outlay: Total Mandatory (incl. Fannie Freddie),1992-03-01,1995,758.598,758.5980000000001,-1.1368683772161603e-13
outlay: Total Mandatory (incl. Fannie Freddie),1992-03-01,1996,784.013,784.0129999999999,1.1368683772161603e-13
outlay: Total Mandatory (incl. Fannie Freddie),1992-03-01,1997,871.319,871.3190000000001,-1.1368683772161603e-13
outlay: Total Mandatory (incl. Fannie Freddie),1992-08-01,1992,661.84,661.8399999999999,1.1368683772161603e-13
outlay: Total Mandatory (incl. Fannie Freddie),1992-08-01,1993,745.367,745.3670000000001,-1.1368683772161603e-13
outlay: Total Mandatory (incl. Fannie Freddie),1992-08-01,1994,751.474,751.4739999999999,1.1368683772161603e-13
outlay: Total Mandatory (incl. Fannie Freddie),1992-08-01,1995,785.695,785.695,0.0
outlay: Total Mandatory (incl. Fannie Freddie),1992-08-01,1996,825.784,825.784,0.0
outlay: Total Mandatory (incl. Fannie Freddie),1992-08-01,1997,886.724,886.724,0.0
outlay: Total Mandatory (incl. Fannie Freddie),1993-01-01,1993,707.408,707.408,0.0
outlay: Total Mandatory (incl. Fannie Freddie),1993-01-01,1994,757.657,757.657,0.0
outlay: Total Mandatory (incl. Fannie Freddie),1993-01-01,1995,804.236,804.236,0.0
outlay: Total Mandatory (incl. Fannie Freddie),1993-01-01,1996,838.723,838.723,0.0
outlay: Total Mandatory (incl. Fannie Freddie),1993-01-01,1997,894.111,894.1110000000001,-1.1368683772161603e-13
outlay: Total Mandatory (incl. Fannie Freddie),1993-01-01,1998,963.03,963.03,0.0
outlay: Total Mandatory (incl. Fannie Freddie),1993-03-01,1993,697.063,697.0630000000001,-1.1368683772161603e-13
outlay: Total Mandatory (incl. Fannie Freddie),1993-03-01,1994,751.435,751.4350000000001,-1.1368683772161603e-13
outlay: Total Mandatory (incl. Fannie Freddie),1993-03-01,1995,802.91,802.91,0.0
outlay: Total Mandatory (incl. Fannie Freddie),1993-03-01,1996,839.998,839.9979999999999,1.1368683772161603e-13
outlay: Total Mandatory (incl. Fannie Freddie),1993-03-01,1997,894.02,894.02,0.0
outlay: Total Mandatory (incl. Fannie Freddie),1993-03-01,1998,962.525,962.525,0.0
outlay: Total Mandatory (incl. Fannie Freddie),1993-09-01,1993,671.162,671.162,0.0
outlay: Total Mandatory (incl. Fannie Freddie),1993-09-01,1994,751.465,751.4650000000001,-1.1368683772161603e-13
outlay: Total Mandatory (incl. Fannie Freddie),1993-09-01,1995,770.532,770.5319999999999,1.1368683772161603e-13
outlay: Total Mandatory (incl. Fannie Freddie),1993-09-01,1996,814.132,814.1320000000001,-1.1368683772161603e-13
outlay: Total Mandatory (incl. Fannie Freddie),1993-09-01,1997,880.902,880.902,0.0
outlay: Total Mandatory (incl. Fannie Freddie),1993-09-01,1998,946.625,946.6250000000001,-1.1368683772161603e-13
outlay: Total Mandatory (incl. Fannie Freddie),1994-01-01,1994,730.03,730.03,0.0
outlay: Total Mandatory (incl. Fannie Freddie),1994-01-01,1995,756.048,756.048,0.0
outlay: Total Mandatory (incl. Fannie Freddie),1994-01-01,1996,802.153,802.153,0.0
outlay: Total Mandatory (incl. Fannie Freddie),1994-01-01,1997,875.878,875.878,0.0
outlay: Total Mandatory (incl. Fannie Freddie),1994-01-01,1998,939.196,939.196,0.0
outlay: Total Mandatory (incl. Fannie Freddie),1994-01-01,1999,1009.101,1009.1010000000001,-1.1368683772161603e-13
outlay: Total Mandatory (incl. Fannie Freddie),1994-04-01,1994,730.293,730.2929999999999,1.1368683772161603e-13
outlay: Total Mandatory (incl. Fannie Freddie),1994-04-01,1995,758.097,758.097,0.0
outlay: Total Mandatory (incl. Fannie Freddie),1994-04-01,1996,810.128,810.1279999999999,1.1368683772161603e-13
outlay: Total Mandatory (incl. Fannie Freddie),1994-04-01,1997,880.427,880.427,0.0
outlay: Total Mandatory (incl. Fannie Freddie),1994-04-01,1998,941.857,941.857,0.0
outlay: Total Mandatory (incl. Fannie Freddie),1994-04-01,1999,1012.321,1012.3210000000001,-1.1368683772161603e-13
outlay: Total Mandatory (incl. Fannie Freddie),1994-08-01,1994,720.503,720.5029999999999,1.1368683772161603e-13
outlay: Total Mandatory (incl. Fannie Freddie),1994-08-01,1995,752.804,752.8039999999999,1.1368683772161603e-13
outlay: Total Mandatory (incl. Fannie Freddie),1994-08-01,1996,813.493,813.493,0.0
outlay: Total Mandatory (incl. Fannie Freddie),1994-08-01,1997,884.104,884.104,0.0
outlay: Total Mandatory (incl. Fannie Freddie),1994-08-01,1998,947.068,947.068,0.0
outlay: Total Mandatory (incl. Fannie Freddie),1994-08-01,1999,1020.229,1020.229,0.0
outlay: Total Mandatory (incl. Fannie Freddie),1995-01-01,1995,751.95,751.95,0.0
outlay: Total Mandatory (incl. Fannie Freddie),1995-01-01,1996,816.078,816.078,0.0
outlay: Total Mandatory (incl. Fannie Freddie),1995-01-01,1997,881.085,881.085,0.0
outlay: Total Mandatory (incl. Fannie Freddie),1995-01-01,1998,941.86,941.8599999999999,1.1368683772161603e-13
outlay: Total Mandatory (incl. Fannie Freddie),1995-01-01,1999,1011.728,1011.728,0.0
outlay: Total Mandatory (incl. Fannie Freddie),1995-01-01,2000,1085.759,1085.759,0.0
outlay: Total Mandatory (incl. Fannie Freddie),1995-04-01,1995,746.604,746.604,0.0
outlay: Total Mandatory (incl. Fannie Freddie),1995-04-01,1996,815.882,815.8820000000001,-1.1368683772161603e-13
outlay: Total Mandatory (incl. Fannie Freddie),1995-04-01,1997,880.926,880.9259999999999,1.1368683772161603e-13
outlay: Total Mandatory (incl. Fannie Freddie),1995-04-01,1998,941.015,941.015,0.0
outlay: Total Mandatory (incl. Fannie Freddie),1995-04-01,1999,1013.06,1013.06,0.0
outlay: Total Mandatory (incl. Fannie Freddie),1995-04-01,2000,1088.33,1088.33,0.0
outlay: Total Mandatory (incl. Fannie Freddie),1995-08-01,1995,739.423,739.423,0.0
outlay: Total Mandatory (incl. Fannie Freddie),1995-08-01,1996,810.091,810.091,0.0
outlay: Total Mandatory (incl. Fannie Freddie),1995-08-01,1997,878.513,878.5129999999999,1.1368683772161603e-13
outlay: Total Mandatory (incl. Fannie Freddie),1995-08-01,1998,939.335,939.3349999999999,1.1368683772161603e-13
outlay: Total Mandatory (incl. Fannie Freddie),1995-08-01,1999,1010.759,1010.759,0.0
outlay: Total Mandatory (incl. Fannie Freddie),1995-08-01,2000,1085.184,1085.184,0.0
outlay: Total Mandatory (incl. Fannie Freddie),1995-12-01,1996,800.308,800.308,0.0
outlay: Total Mandatory (incl. Fannie Freddie),1995-12-01,1997,865.615,865.615,0.0
outlay: Total Mandatory (incl. Fannie Freddie),1995-12-01,1998,927.081,927.081,0.0
outlay: Total Mandatory (incl. Fannie Freddie),1995-12-01,1999,993.593,993.593,0.0
outlay: Total Mandatory (incl. Fannie Freddie),1995-12-01,2000,1062.527,1062.527,0.0
outlay: Total Mandatory (incl. Fannie Freddie),1995-12-01,2001,1126.479,1126.479,0.0
outlay: Total Mandatory (incl. Fannie Freddie),1996-05-01,1996,799.593,799.593,0.0
outlay: Total Mandatory (incl. Fannie Freddie),1996-05-01,1997,862.07,862.07,0.0
outlay: Total Mandatory (incl. Fannie Freddie),1996-05-01,1998,933.751,933.751,0.0
outlay: Total Mandatory (incl. Fannie Freddie),1996-05-01,1999,994.202,994.202,0.0
outlay: Total Mandatory (incl. Fannie Freddie),1996-05-01,2000,1062.82,1062.82,0.0
outlay: Total Mandatory (incl. Fannie Freddie),1996-05-01,2001,1124.025,1124.0249999999999,2.2737367544323206e-13
outlay: Total Mandatory (incl. Fannie Freddie),1996-05-01,2002,1200.001,1200.0009999999997,2.2737367544323206e-13
outlay: Total Mandatory (incl. Fannie Freddie),1996-05-01,2003,1281.383,1281.383,0.0
outlay: Total Mandatory (incl. Fannie Freddie),1996-05-01,2004,1367.843,1367.8429999999998,2.2737367544323206e-13
outlay: Total Mandatory (incl. Fannie Freddie),1996-05-01,2005,1464.542,1464.542,0.0
outlay: Total Mandatory (incl. Fannie Freddie),1996-05-01,2006,1559.29,1559.29,0.0
outlay: Total Mandatory (incl. Fannie Freddie),1997-01-01,1997,836.467,836.4670000000001,-1.1368683772161603e-13
outlay: Total Mandatory (incl. Fannie Freddie),1997-01-01,1998,890.384,890.384,0.0
outlay: Total Mandatory (incl. Fannie Freddie),1997-01-01,1999,958.744,958.7440000000001,-1.1368683772161603e-13
outlay: Total Mandatory (incl. Fannie Freddie),1997-01-01,2000,1032.059,1032.059,0.0
outlay: Total Mandatory (incl. Fannie Freddie),1997-01-01,2001,1080.957,1080.9569999999999,2.2737367544323206e-13
outlay: Total Mandatory (incl. Fannie Freddie),1997-01-01,2002,1156.287,1156.287,0.0
outlay: Total Mandatory (incl. Fannie Freddie),1997-01-01,2003,1224.209,1224.209,0.0
outlay: Total Mandatory (incl. Fannie Freddie),1997-01-01,2004,1301.879,1301.879,0.0
outlay: Total Mandatory (incl. Fannie Freddie),1997-01-01,2005,1399.142,1399.1419999999998,2.2737367544323206e-13
outlay: Total Mandatory (incl. Fannie Freddie),1997-01-01,2006,1475.913,1475.913,0.0
outlay: Total Mandatory (incl. Fannie Freddie),1997-01-01,2007,1558.346,1558.346,0.0
outlay: Total Mandatory (incl. Fannie Freddie),1997-03-01,1997,825.736,825.7360000000001,-1.1368683772161603e-13
outlay: Total Mandatory (incl. Fannie Freddie),1997-03-01,1998,891.515,891.515,0.0
outlay: Total Mandatory (incl. Fannie Freddie),1997-03-01,1999,959.394,959.3940000000001,-1.1368683772161603e-13
outlay: Total Mandatory (incl. Fannie Freddie),1997-03-01,2000,1032.411,1032.411,0.0
outlay: Total Mandatory (incl. Fannie Freddie),1997-03-01,2001,1079.638,1079.638,0.0
outlay: Total Mandatory (incl. Fannie Freddie),1997-03-01,2002,1154.761,1154.761,0.0
outlay: Total Mandatory (incl. Fannie Freddie),1997-03-01,2003,1223.655,1223.6550000000002,-2.2737367544323206e-13
outlay: Total Mandatory (incl. Fannie Freddie),1997-03-01,2004,1301.595,1301.5949999999998,2.2737367544323206e-13
outlay: Total Mandatory (incl. Fannie Freddie),1997-03-01,2005,1399.389,1399.3890000000001,-2.2737367544323206e-13
outlay: Total Mandatory (incl. Fannie Freddie),1997-03-01,2006,1476.45,1476.4500000000003,-2.2737367544323206e-13
outlay: Total Mandatory (incl. Fannie Freddie),1997-03-01,2007,1555.324,1555.324,0.0
outlay: Total Mandatory (incl. Fannie Freddie),1997-09-01,1997,816.694,816.694,0.0
outlay: Total Mandatory (incl. Fannie Freddie),1997-09-01,1998,886.218,886.218,0.0
outlay: Total Mandatory (incl. Fannie Freddie),1997-09-01,1999,937.178,937.178,0.0
outlay: Total Mandatory (incl. Fannie Freddie),1997-09-01,2000,990.114,990.114,0.0
outlay: Total Mandatory (incl. Fannie Freddie),1997-09-01,2001,1052.074,1052.074,0.0
outlay: Total Mandatory (incl. Fannie Freddie),1997-09-01,2002,1090.666,1090.666,0.0
outlay: Total Mandatory (incl. Fannie Freddie),1997-09-01,2003,1175.238,1175.2379999999998,2.2737367544323206e-13
outlay: Total Mandatory (incl. Fannie Freddie),1997-09-01,2004,1245.567,1245.567,0.0
outlay: Total Mandatory (incl. Fannie Freddie),1997-09-01,2005,1335.853,1335.8529999999998,2.2737367544323206e-13
outlay: Total Mandatory (incl. Fannie Freddie),1997-09-01,2006,1394.898,1394.8980000000001,-2.2737367544323206e-13
outlay: Total Mandatory (incl. Fannie Freddie),1997-09-01,2007,1487.97,1487.97,0.0
outlay: Total Mandatory (incl. Fannie Freddie),1998-01-01,1998,868.827,868.8269999999999,1.1368683772161603e-13
outlay: Total Mandatory (incl. Fannie Freddie),1998-01-01,1999,921.937,921.937,0.0
outlay: Total Mandatory (incl. Fannie Freddie),1998-01-01,2000,973.603,973.603,0.0
outlay: Total Mandatory (incl. Fannie Freddie),1998-01-01,2001,1030.747,1030.747,0.0
outlay: Total Mandatory (incl. Fannie Freddie),1998-01-01,2002,1068.712,1068.712,0.0
outlay: Total Mandatory (incl. Fannie Freddie),1998-01-01,2003,1151.136,1151.136,0.0
outlay: Total Mandatory (incl. Fannie Freddie),1998-01-01,2004,1219.869,1219.8690000000001,-2.2737367544323206e-13
outlay: Total Mandatory (incl. Fannie Freddie),1998-01-01,2005,1308.546,1308.5459999999998,2.2737367544323206e-13
outlay: Total Mandatory (incl. Fannie Freddie),1998-01-01,2006,1363.657,1363.657,0.0
outlay: Total Mandatory (incl. Fannie Freddie),1998-01-01,2007,1451.495,1451.4950000000001,-2.2737367544323206e-13
outlay: Total Mandatory (incl. Fannie Freddie),1998-01-01,2008,1546.735,1546.735,0.0
outlay: Total Mandatory (incl. Fannie Freddie),1998-03-01,1998,869.321,869.3209999999999,1.1368683772161603e-13
outlay: Total Mandatory (incl. Fannie Freddie),1998-03-01,1999,921.495,921.495,0.0
outlay: Total Mandatory (incl. Fannie Freddie),1998-03-01,2000,974.957,974.957,0.0
outlay: Total Mandatory (incl. Fannie Freddie),1998-03-01,2001,1032.63,1032.63,0.0
outlay: Total Mandatory (incl. Fannie Freddie),1998-03-01,2002,1072.214,1072.214,0.0
outlay: Total Mandatory (incl. Fannie Freddie),1998-03-01,2003,1152.621,1152.621,0.0
outlay: Total Mandatory (incl. Fannie Freddie),1998-03-01,2004,1221.411,1221.411,0.0
outlay: Total Mandatory (incl. Fannie Freddie),1998-03-01,2005,1309.75,1309.75,0.0
outlay: Total Mandatory (incl. Fannie Freddie),1998-03-01,2006,1364.08,1364.08,0.0
outlay: Total Mandatory (incl. Fannie Freddie),1998-03-01,2007,1451.546,1451.546,0.0
outlay: Total Mandatory (incl. Fannie Freddie),1998-03-01,2008,1546.852,1546.8519999999999,2.2737367544323206e-13
outlay: Total Mandatory (incl. Fannie Freddie),1998-08-01,1998,858.219,858.219,0.0
outlay: Total Mandatory (incl. Fannie Freddie),1998-08-01,1999,918.389,918.3889999999999,1.1368683772161603e-13
outlay: Total Mandatory (incl. Fannie Freddie),1998-08-01,2000,968.594,968.594,0.0
outlay: Total Mandatory (incl. Fannie Freddie),1998-08-01,2001,1025.722,1025.722,0.0
outlay: Total Mandatory (incl. Fannie Freddie),1998-08-01,2002,1063.819,1063.819,0.0
outlay: Total Mandatory (incl. Fannie Freddie),1998-08-01,2003,1138.512,1138.512,0.0
outlay: Total Mandatory (incl. Fannie Freddie),1998-08-01,2004,1204.317,1204.317,0.0
outlay: Total Mandatory (incl. Fannie Freddie),1998-08-01,2005,1284.904,1284.9040000000002,-2.2737367544323206e-13
outlay: Total Mandatory (incl. Fannie Freddie),1998-08-01,2006,1334.159,1334.159,0.0
outlay: Total Mandatory (incl. Fannie Freddie),1998-08-01,2007,1416.142,1416.142,0.0
outlay: Total Mandatory (incl. Fannie Freddie),1998-08-01,2008,1505.418,1505.418,0.0
outlay: Total Mandatory (incl. Fannie Freddie),1999-01-01,1999,901.775,901.7750000000001,-1.1368683772161603e-13
outlay: Total Mandatory (incl. Fannie Freddie),1999-01-01,2000,946.777,946.777,0.0
outlay: Total Mandatory (incl. Fannie Freddie),1999-01-01,2001,998.782,998.7819999999999,1.1368683772161603e-13
outlay: Total Mandatory (incl. Fannie Freddie),1999-01-01,2002,1042.203,1042.203,0.0
outlay: Total Mandatory (incl. Fannie Freddie),1999-01-01,2003,1115.383,1115.383,0.0
outlay: Total Mandatory (incl. Fannie Freddie),1999-01-01,2004,1182.182,1182.182,0.0
outlay: Total Mandatory (incl. Fannie Freddie),1999-01-01,2005,1262.47,1262.47,0.0
outlay: Total Mandatory (incl. Fannie Freddie),1999-01-01,2006,1316.552,1316.5520000000001,-2.2737367544323206e-13
outlay: Total Mandatory (incl. Fannie Freddie),1999-01-01,2007,1396.938,1396.938,0.0
outlay: Total Mandatory (incl. Fannie Freddie),1999-01-01,2008,1487.954,1487.9540000000002,-2.2737367544323206e-13
outlay: Total Mandatory (incl. Fannie Freddie),1999-01-01,2009,1580.582,1580.582,0.0
outlay: Total Mandatory (incl. Fannie Freddie),1999-04-01,1999,900.525,900.5250000000001,-1.1368683772161603e-13
outlay: Total Mandatory (incl. Fannie Freddie),1999-04-01,2000,946.509,946.5089999999999,1.1368683772161603e-13
outlay: Total Mandatory (incl. Fannie Freddie),1999-04-01,2001,994.808,994.808,0.0
outlay: Total Mandatory (incl. Fannie Freddie),1999-04-01,2002,1038.676,1038.676,0.0
outlay: Total Mandatory (incl. Fannie Freddie),1999-04-01,2003,1112.25,1112.25,0.0
outlay: Total Mandatory (incl. Fannie Freddie),1999-04-01,2004,1177.216,1177.2160000000001,-2.2737367544323206e-13
outlay: Total Mandatory (incl. Fannie Freddie),1999-04-01,2005,1255.667,1255.667,0.0
outlay: Total Mandatory (incl. Fannie Freddie),1999-04-01,2006,1313.535,1313.535,0.0
outlay: Total Mandatory (incl. Fannie Freddie),1999-04-01,2007,1392.865,1392.8650000000002,-2.2737367544323206e-13
outlay: Total Mandatory (incl. Fannie Freddie),1999-04-01,2008,1485.283,1485.283,0.0
outlay: Total Mandatory (incl. Fannie Freddie),1999-04-01,2009,1579.215,1579.2150000000001,-2.2737367544323206e-13
outlay: Total Mandatory (incl. Fannie Freddie),1999-07-01,1999,897.782,897.782,0.0
outlay: Total Mandatory (incl. Fannie Freddie),1999-07-01,2000,941.55,941.55,0.0
outlay: Total Mandatory (incl. Fannie Freddie),1999-07-01,2001,990.627,990.6270000000001,-1.1368683772161603e-13
outlay: Total Mandatory (incl. Fannie Freddie),1999-07-01,2002,1034.893,1034.893,0.0
outlay: Total Mandatory (incl. Fannie Freddie),1999-07-01,2003,1106.896,1106.896,0.0
outlay: Total Mandatory (incl. Fannie Freddie),1999-07-01,2004,1169.932,1169.932,0.0
outlay: Total Mandatory (incl. Fannie Freddie),1999-07-01,2005,1248.386,1248.386,0.0
outlay: Total Mandatory (incl. Fannie Freddie),1999-07-01,2006,1303.351,1303.351,0.0
outlay: Total Mandatory (incl. Fannie Freddie),1999-07-01,2007,1381.275,1381.2749999999999,2.2737367544323206e-13
outlay: Total Mandatory (incl. Fannie Freddie),1999-07-01,2008,1471.96,1471.96,0.0
outlay: Total Mandatory (incl. Fannie Freddie),1999-07-01,2009,1564.159,1564.159,0.0
outlay: Total Mandatory (incl. Fannie Freddie),2000-01-01,2000,941.948,941.9480000000001,-1.1368683772161603e-13
outlay: Total Mandatory (incl. Fannie Freddie),2000-01-01,2001,985.946,985.9460000000001,-1.1368683772161603e-13
outlay: Total Mandatory (incl. Fannie Freddie),2000-01-01,2002,1027.906,1027.906,0.0
outlay: Total Mandatory (incl. Fannie Freddie),2000-01-01,2003,1087.616,1087.616,0.0
outlay: Total Mandatory (incl. Fannie Freddie),2000-01-01,2004,1155.971,1155.971,0.0
outlay: Total Mandatory (incl. Fannie Freddie),2000-01-01,2005,1231.175,1231.1750000000002,-2.2737367544323206e-13
outlay: Total Mandatory (incl. Fannie Freddie),2000-01-01,2006,1282.027,1282.027,0.0
outlay: Total Mandatory (incl. Fannie Freddie),2000-01-01,2007,1352.082,1352.0819999999999,2.2737367544323206e-13
outlay: Total Mandatory (incl. Fannie Freddie),2000-01-01,2008,1436.921,1436.921,0.0
outlay: Total Mandatory (incl. Fannie Freddie),2000-01-01,2009,1524.24,1524.24,0.0
outlay: Total Mandatory (incl. Fannie Freddie),2000-01-01,2010,1618.908,1618.9080000000001,-2.2737367544323206e-13
outlay: Total Mandatory (incl. Fannie Freddie),2000-04-01,2000,938.298,938.298,0.0
outlay: Total Mandatory (incl. Fannie Freddie),2000-04-01,2001,981.443,981.443,0.0
outlay: Total Mandatory (incl. Fannie Freddie),2000-04-01,2002,1025.608,1025.608,0.0
outlay: Total Mandatory (incl. Fannie Freddie),2000-04-01,2003,1085.753,1085.753,0.0
outlay: Total Mandatory (incl. Fannie Freddie),2000-04-01,2004,1154.254,1154.2540000000001,-2.2737367544323206e-13
outlay: Total Mandatory (incl. Fannie Freddie),2000-04-01,2005,1229.792,1229.792,0.0
outlay: Total Mandatory (incl. Fannie Freddie),2000-04-01,2006,1281.236,1281.2359999999999,2.2737367544323206e-13
outlay: Total Mandatory (incl. Fannie Freddie),2000-04-01,2007,1352.003,1352.003,0.0
outlay: Total Mandatory (incl. Fannie Freddie),2000-04-01,2008,1438.07,1438.0700000000002,-2.2737367544323206e-13
outlay: Total Mandatory (incl. Fannie Freddie),2000-04-01,2009,1526.17,1526.17,0.0
outlay: Total Mandatory (incl. Fannie Freddie),2000-04-01,2010,1621.846,1621.846,0.0
outlay: Total Mandatory (incl. Fannie Freddie),2000-07-01,2000,943.59,943.5899999999999,1.1368683772161603e-13
outlay: Total Mandatory (incl. Fannie Freddie),2000-07-01,2001,985.917,985.917,0.0
outlay: Total Mandatory (incl. Fannie Freddie),2000-07-01,2002,1032.342,1032.3419999999999,2.2737367544323206e-13
outlay: Total Mandatory (incl. Fannie Freddie),2000-07-01,2003,1096.01,1096.01,0.0
outlay: Total Mandatory (incl. Fannie Freddie),2000-07-01,2004,1167.23,1167.23,0.0
outlay: Total Mandatory (incl. Fannie Freddie),2000-07-01,2005,1244.255,1244.255,0.0
outlay: Total Mandatory (incl. Fannie Freddie),2000-07-01,2006,1296.39,1296.39,0.0
outlay: Total Mandatory (incl. Fannie Freddie),2000-07-01,2007,1367.927,1367.927,0.0
outlay: Total Mandatory (incl. Fannie Freddie),2000-07-01,2008,1454.752,1454.752,0.0
outlay: Total Mandatory (incl. Fannie Freddie),2000-07-01,2009,1543.971,1543.971,0.0
outlay: Total Mandatory (incl. Fannie Freddie),2000-07-01,2010,1641.543,1641.5430000000001,-2.2737367544323206e-13
outlay: Total Mandatory (incl. Fannie Freddie),2001-01-01,2001,1002.062,1002.062,0.0
outlay: Total Mandatory (incl. Fannie Freddie),2001-01-01,2002,1061.098,1061.098,0.0
outlay: Total Mandatory (incl. Fannie Freddie),2001-01-01,2003,1111.732,1111.732,0.0
outlay: Total Mandatory (incl. Fannie Freddie),2001-01-01,2004,1185.053,1185.0529999999999,2.2737367544323206e-13
outlay: Total Mandatory (incl. Fannie Freddie),2001-01-01,2005,1270.485,1270.4850000000001,-2.2737367544323206e-13
outlay: Total Mandatory (incl. Fannie Freddie),2001-01-01,2006,1328.228,1328.228,0.0
outlay: Total Mandatory (incl. Fannie Freddie),2001-01-01,2007,1400.813,1400.8129999999999,2.2737367544323206e-13
outlay: Total Mandatory (incl. Fannie Freddie),2001-01-01,2008,1489.044,1489.044,0.0
outlay: Total Mandatory (incl. Fannie Freddie),2001-01-01,2009,1581.68,1581.6799999999998,2.2737367544323206e-13
outlay: Total Mandatory (incl. Fannie Freddie),2001-01-01,2010,1681.15,1681.15,0.0
outlay: Total Mandatory (incl. Fannie Freddie),2001-01-01,2011,1787.011,1787.0110000000002,-2.2737367544323206e-13
outlay: Total Mandatory (incl. Fannie Freddie),2001-05-01,2001,991.311,991.3110000000001,-1.1368683772161603e-13
outlay: Total Mandatory (incl. Fannie Freddie),2001-05-01,2002,1063.688,1063.688,0.0
outlay: Total Mandatory (incl. Fannie Freddie),2001-05-01,2003,1114.503,1114.5030000000002,-2.2737367544323206e-13
outlay: Total Mandatory (incl. Fannie Freddie),2001-05-01,2004,1183.902,1183.902,0.0
outlay: Total Mandatory (incl. Fannie Freddie),2001-05-01,2005,1267.882,1267.882,0.0
outlay: Total Mandatory (incl. Fannie Freddie),2001-05-01,2006,1327.496,1327.4959999999999,2.2737367544323206e-13
outlay: Total Mandatory (incl. Fannie Freddie),2001-05-01,2007,1398.592,1398.592,0.0
outlay: Total Mandatory (incl. Fannie Freddie),2001-05-01,2008,1486.293,1486.293,0.0
outlay: Total Mandatory (incl. Fannie Freddie),2001-05-01,2009,1578.107,1578.1070000000002,-2.2737367544323206e-13
outlay: Total Mandatory (incl. Fannie Freddie),2001-05-01,2010,1675.766,1675.7659999999998,2.2737367544323206e-13
outlay: Total Mandatory (incl. Fannie Freddie),2001-05-01,2011,1794.428,1794.4279999999999,2.2737367544323206e-13
outlay: Total Mandatory (incl. Fannie Freddie),2001-08-01,2001,1003.332,1003.332,0.0
outlay: Total Mandatory (incl. Fannie Freddie),2001-08-01,2002,1089.186,1089.1860000000001,-2.2737367544323206e-13
outlay: Total Mandatory (incl. Fannie Freddie),2001-08-01,2003,1134.12,1134.12,0.0
outlay: Total Mandatory (incl. Fannie Freddie),2001-08-01,2004,1200.591,1200.5910000000001,-2.2737367544323206e-13
outlay: Total Mandatory (incl. Fannie Freddie),2001-08-01,2005,1280.08,1280.08,0.0
outlay: Total Mandatory (incl. Fannie Freddie),2001-08-01,2006,1341.58,1341.5800000000002,-2.2737367544323206e-13
outlay: Total Mandatory (incl. Fannie Freddie),2001-08-01,2007,1412.277,1412.277,0.0
outlay: Total Mandatory (incl. Fannie Freddie),2001-08-01,2008,1499.581,1499.5810000000001,-2.2737367544323206e-13
outlay: Total Mandatory (incl. Fannie Freddie),2001-08-01,2009,1591.755,1591.755,0.0
outlay: Total Mandatory (incl. Fannie Freddie),2001-08-01,2010,1691.443,1691.443,0.0
outlay: Total Mandatory (incl. Fannie Freddie),2001-08-01,2011,1812.848,1812.8479999999997,2.2737367544323206e-13
outlay: Total Mandatory (incl. Fannie Freddie),2002-01-01,2002,1100.348,1100.348,0.0
outlay: Total Mandatory (incl. Fannie Freddie),2002-01-01,2003,1146.914,1146.914,0.0
outlay: Total Mandatory (incl. Fannie Freddie),2002-01-01,2004,1179.809,1179.809,0.0
outlay: Total Mandatory (incl. Fannie Freddie),2002-01-01,2005,1242.473,1242.473,0.0
outlay: Total Mandatory (incl. Fannie Freddie),2002-01-01,2006,1312.864,1312.864,0.0
outlay: Total Mandatory (incl. Fannie Freddie),2002-01-01,2007,1385.771,1385.7710000000002,-2.2737367544323206e-13
outlay: Total Mandatory (incl. Fannie Freddie),2002-01-01,2008,1472.998,1472.998,0.0
outlay: Total Mandatory (incl. Fannie Freddie),2002-01-01,2009,1565.112,1565.1119999999999,2.2737367544323206e-13
outlay: Total Mandatory (incl. Fannie Freddie),2002-01-01,2010,1665.479,1665.4789999999998,2.2737367544323206e-13
outlay: Total Mandatory (incl. Fannie Freddie),2002-01-01,2011,1781.067,1781.067,0.0
outlay: Total Mandatory (incl. Fannie Freddie),2002-01-01,2012,1862.974,1862.9740000000002,-2.2737367544323206e-13
outlay: Total Mandatory (incl. Fannie Freddie),2002-03-01,2002,1102.613,1102.6129999999998,2.2737367544323206e-13
outlay: Total Mandatory (incl. Fannie Freddie),2002-03-01,2003,1148.233,1148.233,0.0
outlay: Total Mandatory (incl. Fannie Freddie),2002-03-01,2004,1180.385,1180.385,0.0
outlay: Total Mandatory (incl. Fannie Freddie),2002-03-01,2005,1240.955,1240.955,0.0
outlay: Total Mandatory (incl. Fannie Freddie),2002-03-01,2006,1312.368,1312.368,0.0
outlay: Total Mandatory (incl. Fannie Freddie),2002-03-01,2007,1384.657,1384.6570000000002,-2.2737367544323206e-13
outlay: Total Mandatory (incl. Fannie Freddie),2002-03-01,2008,1471.376,1471.376,0.0
outlay: Total Mandatory (incl. Fannie Freddie),2002-03-01,2009,1562.252,1562.2520000000002,-2.2737367544323206e-13
outlay: Total Mandatory (incl. Fannie Freddie),2002-03-01,2010,1661.693,1661.6930000000002,-2.2737367544323206e-13
outlay: Total Mandatory (incl. Fannie Freddie),2002-03-01,2011,1778.123,1778.1229999999998,2.2737367544323206e-13
outlay: Total Mandatory (incl. Fannie Freddie),2002-03-01,2012,1861.974,1861.974,0.0
outlay: Total Mandatory (incl. Fannie Freddie),2002-08-01,2002,1113.296,1113.296,0.0
outlay: Total Mandatory (incl. Fannie Freddie),2002-08-01,2003,1161.417,1161.417,0.0
outlay: Total Mandatory (incl. Fannie Freddie),2002-08-01,2004,1200.411,1200.411,0.0
outlay: Total Mandatory (incl. Fannie Freddie),2002-08-01,2005,1248.249,1248.249,0.0
outlay: Total Mandatory (incl. Fannie Freddie),2002-08-01,2006,1308.988,1308.988,0.0
outlay: Total Mandatory (incl. Fannie Freddie),2002-08-01,2007,1385.824,1385.824,0.0
outlay: Total Mandatory (incl. Fannie Freddie),2002-08-01,2008,1470.812,1470.8120000000001,-2.2737367544323206e-13
outlay: Total Mandatory (incl. Fannie Freddie),2002-08-01,2009,1559.865,1559.865,0.0
outlay: Total Mandatory (incl. Fannie Freddie),2002-08-01,2010,1656.597,1656.5970000000002,-2.2737367544323206e-13
outlay: Total Mandatory (incl. Fannie Freddie),2002-08-01,2011,1771.052,1771.052,0.0
outlay: Total Mandatory (incl. Fannie Freddie),2002-08-01,2012,1852.742,1852.7420000000002,-2.2737367544323206e-13
outlay: Total Mandatory (incl. Fannie Freddie),2003-01-01,2003,1172.022,1172.0220000000002,-2.2737367544323206e-13
outlay: Total Mandatory (incl. Fannie Freddie),2003-01-01,2004,1217.561,1217.5610000000001,-2.2737367544323206e-13
outlay: Total Mandatory (incl. Fannie Freddie),2003-01-01,2005,1269.917,1269.917,0.0
outlay: Total Mandatory (incl. Fannie Freddie),2003-01-01,2006,1325.829,1325.829,0.0
outlay: Total Mandatory (incl. Fannie Freddie),2003-01-01,2007,1395.545,1395.545,0.0
outlay: Total Mandatory (incl. Fannie Freddie),2003-01-01,2008,1475.374,1475.374,0.0
outlay: Total Mandatory (incl. Fannie Freddie),2003-01-01,2009,1565.769,1565.769,0.0
outlay: Total Mandatory (incl. Fannie Freddie),2003-01-01,2010,1660.964,1660.964,0.0
outlay: Total Mandatory (incl. Fannie Freddie),2003-01-01,2011,1774.352,1774.3519999999999,2.2737367544323206e-13
outlay: Total Mandatory (incl. Fannie Freddie),2003-01-01,2012,1856.036,1856.036,0.0
outlay: Total Mandatory (incl. Fannie Freddie),2003-01-01,2013,1988.125,1988.125,0.0
outlay: Total Mandatory (incl. Fannie Freddie),2003-03-01,2003,1177.316,1177.316,0.0
outlay: Total Mandatory (incl. Fannie Freddie),2003-03-01,2004,1223.273,1223.273,0.0
outlay: Total Mandatory (incl. Fannie Freddie),2003-03-01,2005,1277.374,1277.374,0.0
outlay: Total Mandatory (incl. Fannie Freddie),2003-03-01,2006,1332.237,1332.237,0.0
outlay: Total Mandatory (incl. Fannie Freddie),2003-03-01,2007,1403.038,1403.038,0.0
outlay: Total Mandatory (incl. Fannie Freddie),2003-03-01,2008,1483.924,1483.9240000000002,-2.2737367544323206e-13
outlay: Total Mandatory (incl. Fannie Freddie),2003-03-01,2009,1575.069,1575.069,0.0
outlay: Total Mandatory (incl. Fannie Freddie),2003-03-01,2010,1669.997,1669.9969999999998,2.2737367544323206e-13
outlay: Total Mandatory (incl. Fannie Freddie),2003-03-01,2011,1782.459,1782.459,0.0
outlay: Total Mandatory (incl. Fannie Freddie),2003-03-01,2012,1861.456,1861.456,0.0
outlay: Total Mandatory (incl. Fannie Freddie),2003-03-01,2013,1993.121,1993.121,0.0
outlay: Total Mandatory (incl. Fannie Freddie),2003-08-01,2003,1187.875,1187.875,0.0
outlay: Total Mandatory (incl. Fannie Freddie),2003-08-01,2004,1250.36,1250.3600000000001,-2.2737367544323206e-13
outlay: Total Mandatory (incl. Fannie Freddie),2003-08-01,2005,1289.366,1289.366,0.0
outlay: Total Mandatory (incl. Fannie Freddie),2003-08-01,2006,1332.582,1332.582,0.0
outlay: Total Mandatory (incl. Fannie Freddie),2003-08-01,2007,1400.632,1400.6319999999998,2.2737367544323206e-13
outlay: Total Mandatory (incl. Fannie Freddie),2003-08-01,2008,1481.743,1481.743,0.0
outlay: Total Mandatory (incl. Fannie Freddie),2003-08-01,2009,1570.259,1570.259,0.0
outlay: Total Mandatory (incl. Fannie Freddie),2003-08-01,2010,1664.612,1664.612,0.0
outlay: Total Mandatory (incl. Fannie Freddie),2003-08-01,2011,1776.423,1776.4229999999998,2.2737367544323206e-13
outlay: Total Mandatory (incl. Fannie Freddie),2003-08-01,2012,1853.551,1853.5510000000002,-2.2737367544323206e-13
outlay: Total Mandatory (incl. Fannie Freddie),2003-08-01,2013,1983.58,1983.58,0.0
outlay: Total Mandatory (incl. Fannie Freddie),2004-01-01,2004,1241.696,1241.6960000000001,-2.2737367544323206e-13
outlay: Total Mandatory (incl. Fannie Freddie),2004-01-01,2005,1294.883,1294.883,0.0
outlay: Total Mandatory (incl. Fannie Freddie),2004-01-01,2006,1350.166,1350.166,0.0
outlay: Total Mandatory (incl. Fannie Freddie),2004-01-01,2007,1424.395,1424.3950000000002,-2.2737367544323206e-13
outlay: Total Mandatory (incl. Fannie Freddie),2004-01-01,2008,1504.416,1504.4160000000002,-2.2737367544323206e-13
outlay: Total Mandatory (incl. Fannie Freddie),2004-01-01,2009,1591.071,1591.071,0.0
outlay: Total Mandatory (incl. Fannie Freddie),2004-01-01,2010,1686.5,1686.5,0.0
outlay: Total Mandatory (incl. Fannie Freddie),2004-01-01,2011,1795.572,1795.5720000000001,-2.2737367544323206e-13
outlay: Total Mandatory (incl. Fannie Freddie),2004-01-01,2012,1871.546,1871.5460000000003,-2.2737367544323206e-13
outlay: Total Mandatory (incl. Fannie Freddie),2004-01-01,2013,2000.163,2000.163,0.0
outlay: Total Mandatory (incl. Fannie Freddie),2004-01-01,2014,2128.67,2128.67,0.0
outlay: Total Mandatory (incl. Fannie Freddie),2004-03-01,2004,1244.893,1244.893,0.0
outlay: Total Mandatory (incl. Fannie Freddie),2004-03-01,2005,1296.985,1296.985,0.0
outlay: Total Mandatory (incl. Fannie Freddie),2004-03-01,2006,1352.138,1352.138,0.0
outlay: Total Mandatory (incl. Fannie Freddie),2004-03-01,2007,1429.239,1429.239,0.0
outlay: Total Mandatory (incl. Fannie Freddie),2004-03-01,2008,1510.561,1510.5610000000001,-2.2737367544323206e-13
outlay: Total Mandatory (incl. Fannie Freddie),2004-03-01,2009,1600.978,1600.978,0.0
outlay: Total Mandatory (incl. Fannie Freddie),2004-03-01,2010,1694.346,1694.346,0.0
outlay: Total Mandatory (incl. Fannie Freddie),2004-03-01,2011,1806.191,1806.1909999999998,2.2737367544323206e-13
outlay: Total Mandatory (incl. Fannie Freddie),2004-03-01,2012,1880.043,1880.043,0.0
outlay: Total Mandatory (incl. Fannie Freddie),2004-03-01,2013,2011.312,2011.312,0.0
outlay: Total Mandatory (incl. Fannie Freddie),2004-03-01,2014,2141.895,2141.895,0.0
outlay: Total Mandatory (incl. Fannie Freddie),2004-09-01,2004,1246.681,1246.681,0.0
outlay: Total Mandatory (incl. Fannie Freddie),2004-09-01,2005,1299.003,1299.0030000000002,-2.2737367544323206e-13
outlay: Total Mandatory (incl. Fannie Freddie),2004-09-01,2006,1359.625,1359.625,0.0
outlay: Total Mandatory (incl. Fannie Freddie),2004-09-01,2007,1438.898,1438.8980000000001,-2.2737367544323206e-13
outlay: Total Mandatory (incl. Fannie Freddie),2004-09-01,2008,1521.947,1521.947,0.0
outlay: Total Mandatory (incl. Fannie Freddie),2004-09-01,2009,1613.6,1613.6000000000001,-2.2737367544323206e-13
outlay: Total Mandatory (incl. Fannie Freddie),2004-09-01,2010,1706.895,1706.8950000000002,-2.2737367544323206e-13
outlay: Total Mandatory (incl. Fannie Freddie),2004-09-01,2011,1821.665,1821.665,0.0
outlay: Total Mandatory (incl. Fannie Freddie),2004-09-01,2012,1898.137,1898.137,0.0
outlay: Total Mandatory (incl. Fannie Freddie),2004-09-01,2013,2031.997,2031.997,0.0
outlay: Total Mandatory (incl. Fannie Freddie),2004-09-01,2014,2165.414,2165.414,0.0
outlay: Total Mandatory (incl. Fannie Freddie),2005-01-01,2005,1317.239,1317.239,0.0
outlay: Total Mandatory (incl. Fannie Freddie),2005-01-01,2006,1380.192,1380.192,0.0
outlay: Total Mandatory (incl. Fannie Freddie),2005-01-01,2007,1449.744,1449.744,0.0
outlay: Total Mandatory (incl. Fannie Freddie),2005-01-01,2008,1528.909,1528.9089999999999,2.2737367544323206e-13
outlay: Total Mandatory (incl. Fannie Freddie),2005-01-01,2009,1620.436,1620.4360000000001,-2.2737367544323206e-13
outlay: Total Mandatory (incl. Fannie Freddie),2005-01-01,2010,1713.054,1713.054,0.0
outlay: Total Mandatory (incl. Fannie Freddie),2005-01-01,2011,1824.207,1824.207,0.0
outlay: Total Mandatory (incl. Fannie Freddie),2005-01-01,2012,1895.873,1895.873,0.0
outlay: Total Mandatory (incl. Fannie Freddie),2005-01-01,2013,2027.777,2027.777,0.0
outlay: Total Mandatory (incl. Fannie Freddie),2005-01-01,2014,2159.168,2159.1679999999997,4.547473508864641e-13
outlay: Total Mandatory (incl. Fannie Freddie),2005-01-01,2015,2302.554,2302.554,0.0
outlay: Total Mandatory (incl. Fannie Freddie),2005-03-01,2005,1315.923,1315.9230000000002,-2.2737367544323206e-13
outlay: Total Mandatory (incl. Fannie Freddie),2005-03-01,2006,1384.734,1384.734,0.0
outlay: Total Mandatory (incl. Fannie Freddie),2005-03-01,2007,1456.392,1456.3919999999998,2.2737367544323206e-13
outlay: Total Mandatory (incl. Fannie Freddie),2005-03-01,2008,1539.409,1539.409,0.0
outlay: Total Mandatory (incl. Fannie Freddie),2005-03-01,2009,1630.826,1630.8259999999998,2.2737367544323206e-13
outlay: Total Mandatory (incl. Fannie Freddie),2005-03-01,2010,1723.629,1723.629,0.0
outlay: Total Mandatory (incl. Fannie Freddie),2005-03-01,2011,1837.59,1837.5900000000001,-2.2737367544323206e-13
outlay: Total Mandatory (incl. Fannie Freddie),2005-03-01,2012,1908.031,1908.031,0.0
outlay: Total Mandatory (incl. Fannie Freddie),2005-03-01,2013,2041.902,2041.902,0.0
outlay: Total Mandatory (incl. Fannie Freddie),2005-03-01,2014,2172.164,2172.164,0.0
outlay: Total Mandatory (incl. Fannie Freddie),2005-03-01,2015,2316.919,2316.919,0.0
outlay: Total Mandatory (incl. Fannie Freddie),2005-08-01,2005,1329.087,1329.087,0.0
outlay: Total Mandatory (incl. Fannie Freddie),2005-08-01,2006,1396.028,1396.028,0.0
outlay: Total Mandatory (incl. Fannie Freddie),2005-08-01,2007,1475.808,1475.8080000000002,-2.2737367544323206e-13
outlay: Total Mandatory (incl. Fannie Freddie),2005-08-01,2008,1557.213,1557.213,0.0
outlay: Total Mandatory (incl. Fannie Freddie),2005-08-01,2009,1649.548,1649.548,0.0
outlay: Total Mandatory (incl. Fannie Freddie),2005-08-01,2010,1742.69,1742.69,0.0
outlay: Total Mandatory (incl. Fannie Freddie),2005-08-01,2011,1857.448,1857.4479999999999,2.2737367544323206e-13
outlay: Total Mandatory (incl. Fannie Freddie),2005-08-01,2012,1928.069,1928.069,0.0
outlay: Total Mandatory (incl. Fannie Freddie),2005-08-01,2013,2063.74,2063.7400000000002,-4.547473508864641e-13
outlay: Total Mandatory (incl. Fannie Freddie),2005-08-01,2014,2196.174,2196.1739999999995,4.547473508864641e-13
outlay: Total Mandatory (incl. Fannie Freddie),2005-08-01,2015,2343.138,2343.138,0.0
outlay: Total Mandatory (incl. Fannie Freddie),2006-01-01,2006,1432.382,1432.3819999999998,2.2737367544323206e-13
outlay: Total Mandatory (incl. Fannie Freddie),2006-01-01,2007,1487.852,1487.852,0.0
outlay: Total Mandatory (incl. Fannie Freddie),2006-01-01,2008,1571.875,1571.875,0.0
outlay: Total Mandatory (incl. Fannie Freddie),2006-01-01,2009,1666.789,1666.7889999999998,2.2737367544323206e-13
outlay: Total Mandatory (incl. Fannie Freddie),2006-01-01,2010,1755.257,1755.2569999999998,2.2737367544323206e-13
outlay: Total Mandatory (incl. Fannie Freddie),2006-01-01,2011,1866.409,1866.409,0.0
outlay: Total Mandatory (incl. Fannie Freddie),2006-01-01,2012,1934.889,1934.8890000000001,-2.2737367544323206e-13
outlay: Total Mandatory (incl. Fannie Freddie),2006-01-01,2013,2070.801,2070.801,0.0
outlay: Total Mandatory (incl. Fannie Freddie),2006-01-01,2014,2205.33,2205.3300000000004,-4.547473508864641e-13
outlay: Total Mandatory (incl. Fannie Freddie),2006-01-01,2015,2350.345,2350.345,0.0
outlay: Total Mandatory (incl. Fannie Freddie),2006-01-01,2016,2527.269,2527.269,0.0
outlay: Total Mandatory (incl. Fannie Freddie),2006-03-01,2006,1428.594,1428.594,0.0
outlay: Total Mandatory (incl. Fannie Freddie),2006-03-01,2007,1483.589,1483.5890000000002,-2.2737367544323206e-13
outlay: Total Mandatory (incl. Fannie Freddie),2006-03-01,2008,1569.25,1569.25,0.0
outlay: Total Mandatory (incl. Fannie Freddie),2006-03-01,2009,1655.16,1655.1599999999999,2.2737367544323206e-13
outlay: Total Mandatory (incl. Fannie Freddie),2006-03-01,2010,1752.973,1752.9730000000002,-2.2737367544323206e-13
outlay: Total Mandatory (incl. Fannie Freddie),2006-03-01,2011,1874.935,1874.935,0.0
outlay: Total Mandatory (incl. Fannie Freddie),2006-03-01,2012,1921.129,1921.1290000000001,-2.2737367544323206e-13
outlay: Total Mandatory (incl. Fannie Freddie),2006-03-01,2013,2065.216,2065.216,0.0
outlay: Total Mandatory (incl. Fannie Freddie),2006-03-01,2014,2197.532,2197.532,0.0
outlay: Total Mandatory (incl. Fannie Freddie),2006-03-01,2015,2343.42,2343.42,0.0
outlay: Total Mandatory (incl. Fannie Freddie),2006-03-01,2016,2535.315,2535.315,0.0
outlay: Total Mandatory (incl. Fannie Freddie),2006-08-01,2006,1417.797,1417.797,0.0
outlay: Total Mandatory (incl. Fannie Freddie),2006-08-01,2007,1486.357,1486.357,0.0
outlay: Total Mandatory (incl. Fannie Freddie),2006-08-01,2008,1569.062,1569.062,0.0
outlay: Total Mandatory (incl. Fannie Freddie),2006-08-01,2009,1659.16,1659.1599999999999,2.2737367544323206e-13
outlay: Total Mandatory (incl. Fannie Freddie),2006-08-01,2010,1758.652,1758.6520000000003,-2.2737367544323206e-13
outlay: Total Mandatory (incl. Fannie Freddie),2006-08-01,2011,1881.614,1881.614,0.0
outlay: Total Mandatory (incl. Fannie Freddie),2006-08-01,2012,1926.151,1926.1509999999998,2.2737367544323206e-13
outlay: Total Mandatory (incl. Fannie Freddie),2006-08-01,2013,2070.686,2070.686,0.0
outlay: Total Mandatory (incl. Fannie Freddie),2006-08-01,2014,2203.944,2203.944,0.0
outlay: Total Mandatory (incl. Fannie Freddie),2006-08-01,2015,2350.658,2350.6580000000004,-4.547473508864641e-13
outlay: Total Mandatory (incl. Fannie Freddie),2006-08-01,2016,2543.08,2543.0800000000004,-4.547473508864641e-13
outlay: Total Mandatory (incl. Fannie Freddie),2007-01-01,2007,1455.445,1455.4450000000002,-2.2737367544323206e-13
outlay: Total Mandatory (incl. Fannie Freddie),2007-01-01,2008,1533.455,1533.4550000000002,-2.2737367544323206e-13
outlay: Total Mandatory (incl. Fannie Freddie),2007-01-01,2009,1619.877,1619.877,0.0
outlay: Total Mandatory (incl. Fannie Freddie),2007-01-01,2010,1707.957,1707.957,0.0
outlay: Total Mandatory (incl. Fannie Freddie),2007-01-01,2011,1820.863,1820.8629999999998,2.2737367544323206e-13
outlay: Total Mandatory (incl. Fannie Freddie),2007-01-01,2012,1865.672,1865.672,0.0
outlay: Total Mandatory (incl. Fannie Freddie),2007-01-01,2013,2001.238,2001.2379999999998,2.2737367544323206e-13
outlay: Total Mandatory (incl. Fannie Freddie),2007-01-01,2014,2123.098,2123.098,0.0
outlay: Total Mandatory (incl. Fannie Freddie),2007-01-01,2015,2257.652,2257.652,0.0
outlay: Total Mandatory (incl. Fannie Freddie),2007-01-01,2016,2438.47,2438.47,0.0
outlay: Total Mandatory (incl. Fannie Freddie),2007-01-01,2017,2568.35,2568.3500000000004,-4.547473508864641e-13
outlay: Total Mandatory (incl. Fannie Freddie),2007-03-01,2007,1453.575,1453.5749999999998,2.2737367544323206e-13
outlay: Total Mandatory (incl. Fannie Freddie),2007-03-01,2008,1536.201,1536.201,0.0
outlay: Total Mandatory (incl. Fannie Freddie),2007-03-01,2009,1624.811,1624.811,0.0
outlay: Total Mandatory (incl. Fannie Freddie),2007-03-01,2010,1713.988,1713.988,0.0
outlay: Total Mandatory (incl. Fannie Freddie),2007-03-01,2011,1831.538,1831.538,0.0
outlay: Total Mandatory (incl. Fannie Freddie),2007-03-01,2012,1869.878,1869.878,0.0
outlay: Total Mandatory (incl. Fannie Freddie),2007-03-01,2013,2008.519,2008.5189999999998,2.2737367544323206e-13
outlay: Total Mandatory (incl. Fannie Freddie),2007-03-01,2014,2130.743,2130.743,0.0
outlay: Total Mandatory (incl. Fannie Freddie),2007-03-01,2015,2264.375,2264.375,0.0
outlay: Total Mandatory (incl. Fannie Freddie),2007-03-01,2016,2448.766,2448.766,0.0
outlay: Total Mandatory (incl. Fannie Freddie),2007-03-01,2017,2580.182,2580.182,0.0
outlay: Total Mandatory (incl. Fannie Freddie),2007-08-01,2007,1457.433,1457.433,0.0
outlay: Total Mandatory (incl. Fannie Freddie),2007-08-01,2008,1552.677,1552.677,0.0
outlay: Total Mandatory (incl. Fannie Freddie),2007-08-01,2009,1639.047,1639.047,0.0
outlay: Total Mandatory (incl. Fannie Freddie),2007-08-01,2010,1728.915,1728.915,0.0
outlay: Total Mandatory (incl. Fannie Freddie),2007-08-01,2011,1845.76,1845.7600000000002,-2.2737367544323206e-13
outlay: Total Mandatory (incl. Fannie Freddie),2007-08-01,2012,1883.36,1883.3600000000001,-2.2737367544323206e-13
outlay: Total Mandatory (incl. Fannie Freddie),2007-08-01,2013,2022.284,2022.284,0.0
outlay: Total Mandatory (incl. Fannie Freddie),2007-08-01,2014,2145.046,2145.0460000000003,-4.547473508864641e-13
outlay: Total Mandatory (incl. Fannie Freddie),2007-08-01,2015,2279.872,2279.872,0.0
outlay: Total Mandatory (incl. Fannie Freddie),2007-08-01,2016,2465.043,2465.0429999999997,4.547473508864641e-13
outlay: Total Mandatory (incl. Fannie Freddie),2007-08-01,2017,2597.733,2597.733,0.0
outlay: Total Mandatory (incl. Fannie Freddie),2008-01-01,2008,1549.896,1549.896,0.0
outlay: Total Mandatory (incl. Fannie Freddie),2008-01-01,2009,1653.532,1653.5320000000002,-2.2737367544323206e-13
outlay: Total Mandatory (incl. Fannie Freddie),2008-01-01,2010,1736.587,1736.587,0.0
outlay: Total Mandatory (incl. Fannie Freddie),2008-01-01,2011,1845.958,1845.958,0.0
outlay: Total Mandatory (incl. Fannie Freddie),2008-01-01,2012,1883.632,1883.6319999999998,2.2737367544323206e-13
outlay: Total Mandatory (incl. Fannie Freddie),2008-01-01,2013,2022.499,2022.4990000000003,-2.2737367544323206e-13
outlay: Total Mandatory (incl. Fannie Freddie),2008-01-01,2014,2138.184,2138.1839999999997,4.547473508864641e-13
outlay: Total Mandatory (incl. Fannie Freddie),2008-01-01,2015,2269.795,2269.795,0.0
outlay: Total Mandatory (incl. Fannie Freddie),2008-01-01,2016,2450.941,2450.941,0.0
outlay: Total Mandatory (incl. Fannie Freddie),2008-01-01,2017,2577.829,2577.829,0.0
outlay: Total Mandatory (incl. Fannie Freddie),2008-01-01,2018,2706.008,2706.008,0.0
outlay: Total Mandatory (incl. Fannie Freddie),2008-03-01,2008,1577.124,1577.124,0.0
outlay: Total Mandatory (incl. Fannie Freddie),2008-03-01,2009,1663.717,1663.717,0.0
outlay: Total Mandatory (incl. Fannie Freddie),2008-03-01,2010,1740.229,1740.2289999999998,2.2737367544323206e-13
outlay: Total Mandatory (incl. Fannie Freddie),2008-03-01,2011,1852.858,1852.8580000000002,-2.2737367544323206e-13
outlay: Total Mandatory (incl. Fannie Freddie),2008-03-01,2012,1889.091,1889.091,0.0
outlay: Total Mandatory (incl. Fannie Freddie),2008-03-01,2013,2030.998,2030.9980000000003,-2.2737367544323206e-13
outlay: Total Mandatory (incl. Fannie Freddie),2008-03-01,2014,2151.494,2151.494,0.0
outlay: Total Mandatory (incl. Fannie Freddie),2008-03-01,2015,2286.031,2286.031,0.0
outlay: Total Mandatory (incl. Fannie Freddie),2008-03-01,2016,2469.511,2469.511,0.0
outlay: Total Mandatory (incl. Fannie Freddie),2008-03-01,2017,2596.838,2596.8379999999997,4.547473508864641e-13
outlay: Total Mandatory (incl. Fannie Freddie),2008-03-01,2018,2725.063,2725.063,0.0
outlay: Total Mandatory (incl. Fannie Freddie),2008-09-01,2008,1585.806,1585.806,0.0
outlay: Total Mandatory (incl. Fannie Freddie),2008-09-01,2009,1709.173,1729.173,-20.0
outlay: Total Mandatory (incl. Fannie Freddie),2008-09-01,2010,1784.048,1789.0480000000002,-5.000000000000227
outlay: Total Mandatory (incl. Fannie Freddie),2008-09-01,2011,1897.244,1897.2440000000001,-2.2737367544323206e-13
outlay: Total Mandatory (incl. Fannie Freddie),2008-09-01,2012,1931.365,1931.365,0.0
outlay: Total Mandatory (incl. Fannie Freddie),2008-09-01,2013,2073.062,2073.062,0.0
outlay: Total Mandatory (incl. Fannie Freddie),2008-09-01,2014,2200.504,2200.504,0.0
outlay: Total Mandatory (incl. Fannie Freddie),2008-09-01,2015,2335.639,2335.6389999999997,4.547473508864641e-13
outlay: Total Mandatory (incl. Fannie Freddie),2008-09-01,2016,2518.019,2518.019,0.0
outlay: Total Mandatory (incl. Fannie Freddie),2008-09-01,2017,2641.936,2641.9359999999997,4.547473508864641e-13
outlay: Total Mandatory (incl. Fannie Freddie),2008-09-01,2018,2770.139,2770.139,0.0
outlay: Total Mandatory (incl. Fannie Freddie),2009-01-01,2009,1926.129,2163.8289999999997,-237.69999999999982
outlay: Total Mandatory (incl. Fannie Freddie),2009-01-01,2010,1836.726,1857.1260000000002,-20.40000000000009
outlay: Total Mandatory (incl. Fannie Freddie),2009-01-01,2011,1899.623,1914.0230000000001,-14.400000000000091
outlay: Total Mandatory (incl. Fannie Freddie),2009-01-01,2012,1897.455,1905.655,-8.200000000000045
outlay: Total Mandatory (incl. Fannie Freddie),2009-01-01,2013,2026.97,2032.57,-5.599999999999909
outlay: Total Mandatory (incl. Fannie Freddie),2009-01-01,2014,2152.917,2156.017,-3.099999999999909
outlay: Total Mandatory (incl. Fannie Freddie),2009-01-01,2015,2284.774,2288.274,-3.5
outlay: Total Mandatory (incl. Fannie Freddie),2009-01-01,2016,2454.736,2458.4359999999997,-3.699999999999818
outlay: Total Mandatory (incl. Fannie Freddie),2009-01-01,2017,2567.982,2571.782,-3.800000000000182
outlay: Total Mandatory (incl. Fannie Freddie),2009-01-01,2018,2679.746,2683.646,-3.900000000000091
outlay: Total Mandatory (incl. Fannie Freddie),2009-01-01,2019,2886.307,2890.407,-4.100000000000364
outlay: Total Mandatory (incl. Fannie Freddie),2009-03-01,2009,2171.81,2462.367,-290.55700000000024
outlay: Total Mandatory (incl. Fannie Freddie),2009-03-01,2010,1977.339,2003.0819999999999,-25.742999999999938
outlay: Total Mandatory (incl. Fannie Freddie),2009-03-01,2011,1967.098,1988.318,-21.220000000000027
outlay: Total Mandatory (incl. Fannie Freddie),2009-03-01,2012,1904.844,1920.7139999999997,-15.869999999999663
outlay: Total Mandatory (incl. Fannie Freddie),2009-03-01,2013,2008.725,2022.5349999999999,-13.809999999999945
outlay: Total Mandatory (incl. Fannie Freddie),2009-03-01,2014,2112.58,2117.8849999999998,-5.304999999999836
outlay: Total Mandatory (incl. Fannie Freddie),2009-03-01,2015,2201.141,2205.471,-4.329999999999927
outlay: Total Mandatory (incl. Fannie Freddie),2009-03-01,2016,2341.522,2345.017,-3.494999999999891
outlay: Total Mandatory (incl. Fannie Freddie),2009-03-01,2017,2446.961,2449.981,-3.0200000000004366
outlay: Total Mandatory (incl. Fannie Freddie),2009-03-01,2018,2554.957,2557.857,-2.900000000000091
outlay: Total Mandatory (incl. Fannie Freddie),2009-03-01,2019,2749.863,2752.8630000000003,-3.0000000000004547
outlay: Total Mandatory (incl. Fannie Freddie),2009-08-01,2009,1979.226,2269.746,-290.52
outlay: Total Mandatory (incl. Fannie Freddie),2009-08-01,2010,2043.975,2069.7180000000003,-25.743000000000393
outlay: Total Mandatory (incl. Fannie Freddie),2009-08-01,2011,2005.841,2027.061,-21.220000000000027
outlay: Total Mandatory (incl. Fannie Freddie),2009-08-01,2012,1944.658,1960.528,-15.870000000000118
outlay: Total Mandatory (incl. Fannie Freddie),2009-08-01,2013,2024.037,2037.8469999999998,-13.809999999999718
outlay: Total Mandatory (incl. Fannie Freddie),2009-08-01,2014,2121.341,2126.6459999999997,-5.304999999999836
outlay: Total Mandatory (incl. Fannie Freddie),2009-08-01,2015,2214.592,2218.922,-4.329999999999927
outlay: Total Mandatory (incl. Fannie Freddie),2009-08-01,2016,2361.048,2364.5429999999997,-3.494999999999891
outlay: Total Mandatory (incl. Fannie Freddie),2009-08-01,2017,2465.97,2468.99,-3.019999999999982
outlay: Total Mandatory (incl. Fannie Freddie),2009-08-01,2018,2576.809,2579.7090000000003,-2.900000000000091
outlay: Total Mandatory (incl. Fannie Freddie),2009-08-01,2019,2773.445,2776.445,-3.0
outlay: Total Mandatory (incl. Fannie Freddie),2010-01-01,2010,1925.251,1945.764,-20.51299999999992
outlay: Total Mandatory (incl. Fannie Freddie),2010-01-01,2011,2032.094,2045.194,-13.099999999999909
outlay: Total Mandatory (incl. Fannie Freddie),2010-01-01,2012,1978.728,1989.128,-10.399999999999864
outlay: Total Mandatory (incl. Fannie Freddie),2010-01-01,2013,2068.734,2077.034,-8.300000000000182
outlay: Total Mandatory (incl. Fannie Freddie),2010-01-01,2014,2181.544,2187.9440000000004,-6.400000000000546
outlay: Total Mandatory (incl. Fannie Freddie),2010-01-01,2015,2265.873,2272.273,-6.400000000000091
outlay: Total Mandatory (incl. Fannie Freddie),2010-01-01,2016,2408.828,2414.128,-5.300000000000182
outlay: Total Mandatory (incl. Fannie Freddie),2010-01-01,2017,2519.504,2523.704,-4.200000000000273
outlay: Total Mandatory (incl. Fannie Freddie),2010-01-01,2018,2634.451,2637.751,-3.300000000000182
outlay: Total Mandatory (incl. Fannie Freddie),2010-01-01,2019,2835.017,2838.4170000000004,-3.4000000000005457
outlay: Total Mandatory (incl. Fannie Freddie),2010-01-01,2020,3004.628,3008.0280000000002,-3.400000000000091
outlay: Total Mandatory (incl. Fannie Freddie),2010-03-01,2010,1948.868,1969.3809999999999,-20.51299999999992
outlay: Total Mandatory (incl. Fannie Freddie),2010-03-01,2011,2044.779,2057.879,-13.099999999999909
outlay: Total Mandatory (incl. Fannie Freddie),2010-03-01,2012,1971.722,1982.122,-10.400000000000091
outlay: Total Mandatory (incl. Fannie Freddie),2010-03-01,2013,2055.092,2063.392,-8.299999999999727
outlay: Total Mandatory (incl. Fannie Freddie),2010-03-01,2014,2170.26,2176.66,-6.399999999999636
outlay: Total Mandatory (incl. Fannie Freddie),2010-03-01,2015,2260.399,2266.799,-6.400000000000091
outlay: Total Mandatory (incl. Fannie Freddie),2010-03-01,2016,2407.114,2412.414,-5.300000000000182
outlay: Total Mandatory (incl. Fannie Freddie),2010-03-01,2017,2518.925,2523.125,-4.199999999999818
outlay: Total Mandatory (incl. Fannie Freddie),2010-03-01,2018,2629.974,2633.2740000000003,-3.300000000000182
outlay: Total Mandatory (incl. Fannie Freddie),2010-03-01,2019,2830.839,2834.239,-3.400000000000091
outlay: Total Mandatory (incl. Fannie Freddie),2010-03-01,2020,3001.546,3004.946,-3.400000000000091
outlay: Total Mandatory (incl. Fannie Freddie),2010-08-01,2010,1884.712,1925.228,-40.516000000000076
outlay: Total Mandatory (incl. Fannie Freddie),2010-08-01,2011,2071.435,2085.035,-13.599999999999909
outlay: Total Mandatory (incl. Fannie Freddie),2010-08-01,2012,1962.723,1971.2229999999997,-8.499999999999773
outlay: Total Mandatory (incl. Fannie Freddie),2010-08-01,2013,2030.321,2035.321,-5.0
outlay: Total Mandatory (incl. Fannie Freddie),2010-08-01,2014,2167.663,2171.563,-3.900000000000091
outlay: Total Mandatory (incl. Fannie Freddie),2010-08-01,2015,2312.137,2315.8369999999995,-3.6999999999993634
outlay: Total Mandatory (incl. Fannie Freddie),2010-08-01,2016,2511.122,2514.8219999999997,-3.699999999999818
outlay: Total Mandatory (incl. Fannie Freddie),2010-08-01,2017,2641.92,2645.52,-3.599999999999909
outlay: Total Mandatory (incl. Fannie Freddie),2010-08-01,2018,2761.977,2765.677,-3.700000000000273
outlay: Total Mandatory (incl. Fannie Freddie),2010-08-01,2019,2960.482,2964.382,-3.900000000000091
outlay: Total Mandatory (incl. Fannie Freddie),2010-08-01,2020,3136.952,3140.7519999999995,-3.7999999999992724
outlay: Total Mandatory (incl. Fannie Freddie),2011-01-01,2011,2096.884,2108.284,-11.400000000000091
outlay: Total Mandatory (incl. Fannie Freddie),2011-01-01,2012,2029.988,2038.0879999999997,-8.099999999999682
outlay: Total Mandatory (incl. Fannie Freddie),2011-01-01,2013,2099.91,2105.71,-5.800000000000182
outlay: Total Mandatory (incl. Fannie Freddie),2011-01-01,2014,2199.027,2202.727,-3.699999999999818
outlay: Total Mandatory (incl. Fannie Freddie),2011-01-01,2015,2342.14,2345.74,-3.599999999999909
outlay: Total Mandatory (incl. Fannie Freddie),2011-01-01,2016,2534.462,2538.062,-3.599999999999909
outlay: Total Mandatory (incl. Fannie Freddie),2011-01-01,2017,2642.961,2646.961,-4.0
outlay: Total Mandatory (incl. Fannie Freddie),2011-01-01,2018,2752.334,2756.7340000000004,-4.400000000000546
outlay: Total Mandatory (incl. Fannie Freddie),2011-01-01,2019,2959.383,2964.083,-4.700000000000273
outlay: Total Mandatory (incl. Fannie Freddie),2011-01-01,2020,3133.173,3138.073,-4.900000000000091
outlay: Total Mandatory (incl. Fannie Freddie),2011-01-01,2021,3328.401,3333.401,-5.0
outlay: Total Mandatory (incl. Fannie Freddie),2011-03-01,2011,2044.491,2055.391,-10.900000000000091
outlay: Total Mandatory (incl. Fannie Freddie),2011-03-01,2012,2030.205,2037.8049999999998,-7.599999999999909
outlay: Total Mandatory (incl. Fannie Freddie),2011-03-01,2013,2096.246,2101.5460000000003,-5.300000000000182
outlay: Total Mandatory (incl. Fannie Freddie),2011-03-01,2014,2185.785,2188.885,-3.100000000000364
outlay: Total Mandatory (incl. Fannie Freddie),2011-03-01,2015,2322.763,2325.763,-3.0
outlay: Total Mandatory (incl. Fannie Freddie),2011-03-01,2016,2503.21,2506.31,-3.099999999999909
outlay: Total Mandatory (incl. Fannie Freddie),2011-03-01,2017,2611.784,2615.184,-3.400000000000091
outlay: Total Mandatory (incl. Fannie Freddie),2011-03-01,2018,2718.796,2722.596,-3.800000000000182
outlay: Total Mandatory (incl. Fannie Freddie),2011-03-01,2019,2916.581,2920.5809999999997,-3.9999999999995453
outlay: Total Mandatory (incl. Fannie Freddie),2011-03-01,2020,3090.289,3094.389,-4.099999999999909
outlay: Total Mandatory (incl. Fannie Freddie),2011-03-01,2021,3274.825,3279.025,-4.200000000000273
outlay: Total Mandatory (incl. Fannie Freddie),2011-08-01,2011,2017.458,2022.658,-5.199999999999818
outlay: Total Mandatory (incl. Fannie Freddie),2011-08-01,2012,2048.452,2055.7520000000004,-7.300000000000182
outlay: Total Mandatory (incl. Fannie Freddie),2011-08-01,2013,2122.961,2129.161,-6.200000000000273
outlay: Total Mandatory (incl. Fannie Freddie),2011-08-01,2014,2207.438,2211.338,-3.900000000000091
outlay: Total Mandatory (incl. Fannie Freddie),2011-08-01,2015,2335.76,2339.86,-4.099999999999909
outlay: Total Mandatory (incl. Fannie Freddie),2011-08-01,2016,2506.517,2510.6169999999997,-4.099999999999909
outlay: Total Mandatory (incl. Fannie Freddie),2011-08-01,2017,2611.49,2615.89,-4.400000000000091
outlay: Total Mandatory (incl. Fannie Freddie),2011-08-01,2018,2715.633,2720.5330000000004,-4.900000000000546
outlay: Total Mandatory (incl. Fannie Freddie),2011-08-01,2019,2912.928,2918.228,-5.300000000000182
outlay: Total Mandatory (incl. Fannie Freddie),2011-08-01,2020,3089.871,3095.371,-5.5
outlay: Total Mandatory (incl. Fannie Freddie),2011-08-01,2021,3276.444,3282.044,-5.599999999999909
outlay: Total Mandatory (incl. Fannie Freddie),2012-01-01,2012,2064.656,2069.756,-5.099999999999909
outlay: Total Mandatory (incl. Fannie Freddie),2012-01-01,2013,2118.904,2122.304,-3.400000000000091
outlay: Total Mandatory (incl. Fannie Freddie),2012-01-01,2014,2212.64,2215.3399999999997,-2.699999999999818
outlay: Total Mandatory (incl. Fannie Freddie),2012-01-01,2015,2352.273,2354.473,-2.199999999999818
outlay: Total Mandatory (incl. Fannie Freddie),2012-01-01,2016,2523.508,2525.6079999999997,-2.099999999999909
outlay: Total Mandatory (incl. Fannie Freddie),2012-01-01,2017,2621.753,2624.0530000000003,-2.300000000000182
outlay: Total Mandatory (incl. Fannie Freddie),2012-01-01,2018,2726.421,2728.721,-2.300000000000182
outlay: Total Mandatory (incl. Fannie Freddie),2012-01-01,2019,2915.216,2917.8160000000003,-2.600000000000364
outlay: Total Mandatory (incl. Fannie Freddie),2012-01-01,2020,3086.359,3089.6590000000006,-3.3000000000006366
outlay: Total Mandatory (incl. Fannie Freddie),2012-01-01,2021,3268.531,3271.9310000000005,-3.4000000000005457
outlay: Total Mandatory (incl. Fannie Freddie),2012-01-01,2022,3510.584,3513.6839999999997,-3.099999999999909
outlay: Total Mandatory (incl. Fannie Freddie),2012-03-01,2012,2091.088,2100.6879999999996,-9.599999999999454
outlay: Total Mandatory (incl. Fannie Freddie),2012-03-01,2013,2121.758,2128.658,-6.900000000000091
outlay: Total Mandatory (incl. Fannie Freddie),2012-03-01,2014,2219.278,2224.578,-5.300000000000182
outlay: Total Mandatory (incl. Fannie Freddie),2012-03-01,2015,2357.349,2361.1490000000003,-3.800000000000182
outlay: Total Mandatory (incl. Fannie Freddie),2012-03-01,2016,2531.363,2534.263,-2.900000000000091
outlay: Total Mandatory (incl. Fannie Freddie),2012-03-01,2017,2631.426,2633.426,-2.0
outlay: Total Mandatory (incl. Fannie Freddie),2012-03-01,2018,2739.679,2742.3789999999995,-2.6999999999993634
outlay: Total Mandatory (incl. Fannie Freddie),2012-03-01,2019,2919.203,2922.6030000000005,-3.4000000000005457
outlay: Total Mandatory (incl. Fannie Freddie),2012-03-01,2020,3092.135,3096.235,-4.099999999999909
outlay: Total Mandatory (incl. Fannie Freddie),2012-03-01,2021,3279.292,3283.4919999999997,-4.199999999999818
outlay: Total Mandatory (incl. Fannie Freddie),2012-03-01,2022,3527.169,3534.869,-7.700000000000273
outlay: Total Mandatory (incl. Fannie Freddie),2012-08-01,2012,2053.398,2052.998,0.40000000000009095
outlay: Total Mandatory (incl. Fannie Freddie),2012-08-01,2013,2091.81,2104.61,-12.800000000000182
outlay: Total Mandatory (incl. Fannie Freddie),2012-08-01,2014,2165.317,2174.017,-8.699999999999818
outlay: Total Mandatory (incl. Fannie Freddie),2012-08-01,2015,2305.794,2310.794,-5.0
outlay: Total Mandatory (incl. Fannie Freddie),2012-08-01,2016,2495.334,2498.634,-3.300000000000182
outlay: Total Mandatory (incl. Fannie Freddie),2012-08-01,2017,2613.661,2616.661,-3.0
outlay: Total Mandatory (incl. Fannie Freddie),2012-08-01,2018,2734.569,2738.269,-3.699999999999818
outlay: Total Mandatory (incl. Fannie Freddie),2012-08-01,2019,2921.048,2925.548,-4.5
outlay: Total Mandatory (incl. Fannie Freddie),2012-08-01,2020,3099.184,3104.4840000000004,-5.300000000000182
outlay: Total Mandatory (incl. Fannie Freddie),2012-08-01,2021,3290.456,3295.7560000000003,-5.300000000000182
outlay: Total Mandatory (incl. Fannie Freddie),2012-08-01,2022,3543.398,3554.7980000000002,-11.400000000000091
outlay: Total Mandatory (incl. Fannie Freddie),2013-02-01,2013,2132.849,2116.1490000000003,16.699999999999818
outlay: Total Mandatory (incl. Fannie Freddie),2013-02-01,2014,2196.284,2205.2839999999997,-8.999999999999545
outlay: Total Mandatory (incl. Fannie Freddie),2013-02-01,2015,2336.904,2341.604,-4.699999999999818
outlay: Total Mandatory (incl. Fannie Freddie),2013-02-01,2016,2532.389,2535.289,-2.900000000000091
outlay: Total Mandatory (incl. Fannie Freddie),2013-02-01,2017,2652.677,2654.677,-2.0
outlay: Total Mandatory (incl. Fannie Freddie),2013-02-01,2018,2765.107,2767.507,-2.400000000000091
outlay: Total Mandatory (incl. Fannie Freddie),2013-02-01,2019,2920.913,2924.413,-3.5
outlay: Total Mandatory (incl. Fannie Freddie),2013-02-01,2020,3083.781,3086.681,-2.900000000000091
outlay: Total Mandatory (incl. Fannie Freddie),2013-02-01,2021,3260.955,3263.1549999999997,-2.199999999999818
outlay: Total Mandatory (incl. Fannie Freddie),2013-02-01,2022,3495.963,3501.1629999999996,-5.199999999999363
outlay: Total Mandatory (incl. Fannie Freddie),2013-02-01,2023,3653.174,3657.774,-4.599999999999909
outlay: Total Mandatory (incl. Fannie Freddie),2013-05-01,2013,2131.737,2019.6370000000002,112.09999999999991
outlay: Total Mandatory (incl. Fannie Freddie),2013-05-01,2014,2189.767,2196.4669999999996,-6.699999999999818
outlay: Total Mandatory (incl. Fannie Freddie),2013-05-01,2015,2320.549,2325.649,-5.099999999999909
outlay: Total Mandatory (incl. Fannie Freddie),2013-05-01,2016,2514.653,2519.1530000000002,-4.500000000000455
outlay: Total Mandatory (incl. Fannie Freddie),2013-05-01,2017,2630.339,2633.439,-3.099999999999909
outlay: Total Mandatory (incl. Fannie Freddie),2013-05-01,2018,2734.908,2737.208,-2.300000000000182
outlay: Total Mandatory (incl. Fannie Freddie),2013-05-01,2019,2891.156,2892.6560000000004,-1.5000000000004547
outlay: Total Mandatory (incl. Fannie Freddie),2013-05-01,2020,3051.516,3052.716,-1.199999999999818
outlay: Total Mandatory (incl. Fannie Freddie),2013-05-01,2021,3225.396,3225.496,-0.09999999999990905
outlay: Total Mandatory (incl. Fannie Freddie),2013-05-01,2022,3468.007,3470.4069999999997,-2.399999999999636
outlay: Total Mandatory (incl. Fannie Freddie),2013-05-01,2023,3615.525,3617.025,-1.5
outlay: Total Mandatory (incl. Fannie Freddie),2014-02-01,2014,2197.419,2116.419,81.0
outlay: Total Mandatory (incl. Fannie Freddie),2014-02-01,2015,2318.878,2323.2780000000002,-4.400000000000091
outlay: Total Mandatory (incl. Fannie Freddie),2014-02-01,2016,2498.425,2502.2250000000004,-3.800000000000182
outlay: Total Mandatory (incl. Fannie Freddie),2014-02-01,2017,2611.389,2614.289,-2.900000000000091
outlay: Total Mandatory (incl. Fannie Freddie),2014-02-01,2018,2720.026,2721.926,-1.900000000000091
outlay: Total Mandatory (incl. Fannie Freddie),2014-02-01,2019,2876.24,2877.2400000000002,-1.0000000000004547
outlay: Total Mandatory (incl. Fannie Freddie),2014-02-01,2020,3037.969,3038.869,-0.900000000000091
outlay: Total Mandatory (incl. Fannie Freddie),2014-02-01,2021,3212.508,3212.808,-0.3000000000001819
outlay: Total Mandatory (incl. Fannie Freddie),2014-02-01,2022,3435.923,3437.223,-1.300000000000182
outlay: Total Mandatory (incl. Fannie Freddie),2014-02-01,2023,3571.984,3573.284,-1.300000000000182
outlay: Total Mandatory (incl. Fannie Freddie),2014-02-01,2024,3735.341,3736.6410000000005,-1.3000000000006366
outlay: Total Mandatory (incl. Fannie Freddie),2014-04-01,2014,2199.28,2116.28,83.0
outlay: Total Mandatory (incl. Fannie Freddie),2014-04-01,2015,2315.603,2320.003,-4.400000000000091
outlay: Total Mandatory (incl. Fannie Freddie),2014-04-01,2016,2494.926,2498.7260000000006,-3.8000000000006366
outlay: Total Mandatory (incl. Fannie Freddie),2014-04-01,2017,2601.631,2604.531,-2.900000000000091
outlay: Total Mandatory (incl. Fannie Freddie),2014-04-01,2018,2690.195,2692.0950000000003,-1.900000000000091
outlay: Total Mandatory (incl. Fannie Freddie),2014-04-01,2019,2844.418,2845.4179999999997,-0.9999999999995453
outlay: Total Mandatory (incl. Fannie Freddie),2014-04-01,2020,3002.693,3003.5930000000003,-0.900000000000091
outlay: Total Mandatory (incl. Fannie Freddie),2014-04-01,2021,3176.006,3176.3060000000005,-0.30000000000063665
outlay: Total Mandatory (incl. Fannie Freddie),2014-04-01,2022,3401.134,3402.434,-1.300000000000182
outlay: Total Mandatory (incl. Fannie Freddie),2014-04-01,2023,3528.318,3529.618,-1.2999999999997272
outlay: Total Mandatory (incl. Fannie Freddie),2014-04-01,2024,3662.788,3664.0879999999997,-1.2999999999997272
outlay: Total Mandatory (incl. Fannie Freddie),2014-08-01,2014,2185.071,2110.471,74.59999999999991
outlay: Total Mandatory (incl. Fannie Freddie),2014-08-01,2015,2308.829,2311.729,-2.899999999999636
outlay: Total Mandatory (incl. Fannie Freddie),2014-08-01,2016,2497.088,2499.788,-2.699999999999818
outlay: Total Mandatory (incl. Fannie Freddie),2014-08-01,2017,2598.174,2600.574,-2.400000000000091
outlay: Total Mandatory (incl. Fannie Freddie),2014-08-01,2018,2686.874,2688.774,-1.900000000000091
outlay: Total Mandatory (incl. Fannie Freddie),2014-08-01,2019,2838.879,2839.879,-1.0
outlay: Total Mandatory (incl. Fannie Freddie),2014-08-01,2020,2988.317,2989.217,-0.900000000000091
outlay: Total Mandatory (incl. Fannie Freddie),2014-08-01,2021,3158.229,3158.5290000000005,-0.30000000000063665
outlay: Total Mandatory (incl. Fannie Freddie),2014-08-01,2022,3377.125,3378.425,-1.300000000000182
outlay: Total Mandatory (incl. Fannie Freddie),2014-08-01,2023,3502.284,3503.5840000000007,-1.3000000000006366
outlay: Total Mandatory (incl. Fannie Freddie),2014-08-01,2024,3632.476,3633.7760000000003,-1.300000000000182
outlay: Total Mandatory (incl. Fannie Freddie),2015-01-01,2015,2280.586,2254.7859999999996,25.800000000000182
outlay: Total Mandatory (incl. Fannie Freddie),2015-01-01,2016,2471.644,2474.644,-3.0
outlay: Total Mandatory (incl. Fannie Freddie),2015-01-01,2017,2559.327,2562.7270000000003,-3.400000000000091
outlay: Total Mandatory (incl. Fannie Freddie),2015-01-01,2018,2649.441,2652.641,-3.200000000000273
outlay: Total Mandatory (incl. Fannie Freddie),2015-01-01,2019,2813.96,2815.96,-2.0
outlay: Total Mandatory (incl. Fannie Freddie),2015-01-01,2020,2966.643,2968.0429999999997,-1.3999999999996362
outlay: Total Mandatory (incl. Fannie Freddie),2015-01-01,2021,3136.099,3136.799,-0.6999999999998181
outlay: Total Mandatory (incl. Fannie Freddie),2015-01-01,2022,3361.234,3362.7340000000004,-1.5000000000004547
outlay: Total Mandatory (incl. Fannie Freddie),2015-01-01,2023,3484.644,3486.3439999999996,-1.699999999999818
outlay: Total Mandatory (incl. Fannie Freddie),2015-01-01,2024,3614.293,3616.093,-1.7999999999997272
outlay: Total Mandatory (incl. Fannie Freddie),2015-01-01,2025,3888.821,3890.721,-1.900000000000091
outlay: Total Mandatory (incl. Fannie Freddie),2015-03-01,2015,2299.562,2273.7619999999997,25.800000000000182
outlay: Total Mandatory (incl. Fannie Freddie),2015-03-01,2016,2467.476,2470.476,-3.0
outlay: Total Mandatory (incl. Fannie Freddie),2015-03-01,2017,2537.612,2541.012,-3.400000000000091
outlay: Total Mandatory (incl. Fannie Freddie),2015-03-01,2018,2614.56,2617.7599999999998,-3.199999999999818
outlay: Total Mandatory (incl. Fannie Freddie),2015-03-01,2019,2785.359,2787.359,-2.0
outlay: Total Mandatory (incl. Fannie Freddie),2015-03-01,2020,2943.115,2944.5150000000003,-1.4000000000005457
outlay: Total Mandatory (incl. Fannie Freddie),2015-03-01,2021,3106.51,3107.2099999999996,-0.6999999999993634
outlay: Total Mandatory (incl. Fannie Freddie),2015-03-01,2022,3335.723,3337.2229999999995,-1.4999999999995453
outlay: Total Mandatory (incl. Fannie Freddie),2015-03-01,2023,3460.945,3462.645,-1.699999999999818
outlay: Total Mandatory (incl. Fannie Freddie),2015-03-01,2024,3583.663,3585.463,-1.800000000000182
outlay: Total Mandatory (incl. Fannie Freddie),2015-03-01,2025,3858.668,3860.5679999999998,-1.8999999999996362
outlay: Total Mandatory (incl. Fannie Freddie),2015-08-01,2015,2320.005,2297.205,22.800000000000182
outlay: Total Mandatory (incl. Fannie Freddie),2015-08-01,2016,2488.235,2491.235,-3.0
outlay: Total Mandatory (incl. Fannie Freddie),2015-08-01,2017,2550.714,2554.114,-3.400000000000091
outlay: Total Mandatory (incl. Fannie Freddie),2015-08-01,2018,2619.42,2622.62,-3.199999999999818
outlay: Total Mandatory (incl. Fannie Freddie),2015-08-01,2019,2780.87,2782.8700000000003,-2.0000000000004547
outlay: Total Mandatory (incl. Fannie Freddie),2015-08-01,2020,2937.312,2938.712,-1.400000000000091
outlay: Total Mandatory (incl. Fannie Freddie),2015-08-01,2021,3100.742,3101.442,-0.6999999999998181
outlay: Total Mandatory (incl. Fannie Freddie),2015-08-01,2022,3326.357,3327.857,-1.5
outlay: Total Mandatory (incl. Fannie Freddie),2015-08-01,2023,3457.612,3459.3119999999994,-1.6999999999993634
outlay: Total Mandatory (incl. Fannie Freddie),2015-08-01,2024,3583.725,3585.525,-1.800000000000182
outlay: Total Mandatory (incl. Fannie Freddie),2015-08-01,2025,3850.422,3852.322,-1.900000000000091
outlay: Total Mandatory (incl. Fannie Freddie),2016-01-01,2016,2486.374,2466.474,19.899999999999636
outlay: Total Mandatory (incl. Fannie Freddie),2016-01-01,2017,2555.617,2558.1169999999997,-2.4999999999995453
outlay: Total Mandatory (incl. Fannie Freddie),2016-01-01,2018,2630.897,2632.797,-1.900000000000091
outlay: Total Mandatory (incl. Fannie Freddie),2016-01-01,2019,2823.922,2825.1219999999994,-1.1999999999993634
outlay: Total Mandatory (incl. Fannie Freddie),2016-01-01,2020,2980.271,2981.071,-0.7999999999997272
outlay: Total Mandatory (incl. Fannie Freddie),2016-01-01,2021,3142.874,3143.274,-0.40000000000009095
outlay: Total Mandatory (incl. Fannie Freddie),2016-01-01,2022,3373.853,3374.753,-0.900000000000091
outlay: Total Mandatory (incl. Fannie Freddie),2016-01-01,2023,3498.819,3499.7190000000005,-0.9000000000005457
outlay: Total Mandatory (incl. Fannie Freddie),2016-01-01,2024,3620.549,3621.549,-1.0
outlay: Total Mandatory (incl. Fannie Freddie),2016-01-01,2025,3874.136,3875.336,-1.199999999999818
outlay: Total Mandatory (incl. Fannie Freddie),2016-01-01,2026,4140.177,4141.677,-1.5
outlay: Total Mandatory (incl. Fannie Freddie),2016-03-01,2016,2467.31,2448.71,18.59999999999991
outlay: Total Mandatory (incl. Fannie Freddie),2016-03-01,2017,2543.673,2546.173,-2.5
outlay: Total Mandatory (incl. Fannie Freddie),2016-03-01,2018,2622.148,2624.0480000000002,-1.900000000000091
outlay: Total Mandatory (incl. Fannie Freddie),2016-03-01,2019,2820.894,2822.094,-1.2000000000002728
outlay: Total Mandatory (incl. Fannie Freddie),2016-03-01,2020,2978.217,2979.017,-0.7999999999997272
outlay: Total Mandatory (incl. Fannie Freddie),2016-03-01,2021,3139.184,3139.584,-0.3999999999996362
outlay: Total Mandatory (incl. Fannie Freddie),2016-03-01,2022,3368.974,3369.8740000000003,-0.900000000000091
outlay: Total Mandatory (incl. Fannie Freddie),2016-03-01,2023,3497.263,3498.1630000000005,-0.9000000000005457
outlay: Total Mandatory (incl. Fannie Freddie),2016-03-01,2024,3621.111,3622.111,-1.0
outlay: Total Mandatory (incl. Fannie Freddie),2016-03-01,2025,3871.533,3872.733,-1.2000000000002728
outlay: Total Mandatory (incl. Fannie Freddie),2016-03-01,2026,4115.547,4117.047,-1.5
outlay: Total Mandatory (incl. Fannie Freddie),2016-08-01,2016,2451.069,2436.669,14.400000000000091
outlay: Total Mandatory (incl. Fannie Freddie),2016-08-01,2017,2535.646,2538.146,-2.5
outlay: Total Mandatory (incl. Fannie Freddie),2016-08-01,2018,2611.652,2613.552,-1.900000000000091
outlay: Total Mandatory (incl. Fannie Freddie),2016-08-01,2019,2796.523,2797.723,-1.199999999999818
outlay: Total Mandatory (incl. Fannie Freddie),2016-08-01,2020,2960.114,2960.9139999999998,-0.7999999999997272
outlay: Total Mandatory (incl. Fannie Freddie),2016-08-01,2021,3122.225,3122.625,-0.40000000000009095
outlay: Total Mandatory (incl. Fannie Freddie),2016-08-01,2022,3351.838,3352.738,-0.8999999999996362
outlay: Total Mandatory (incl. Fannie Freddie),2016-08-01,2023,3478.297,3479.197,-0.900000000000091
outlay: Total Mandatory (incl. Fannie Freddie),2016-08-01,2024,3603.255,3604.255,-1.0
outlay: Total Mandatory (incl. Fannie Freddie),2016-08-01,2025,3849.754,3850.9539999999997,-1.199999999999818
outlay: Total Mandatory (incl. Fannie Freddie),2016-08-01,2026,4093.257,4094.7569999999996,-1.4999999999995453
outlay: Total Mandatory (incl. Fannie Freddie),2017-01-01,2017,2498.457,2483.6569999999997,14.800000000000182
outlay: Total Mandatory (incl. Fannie Freddie),2017-01-01,2018,2583.686,2585.3859999999995,-1.6999999999993634
outlay: Total Mandatory (incl. Fannie Freddie),2017-01-01,2019,2762.936,2763.936,-1.0
outlay: Total Mandatory (incl. Fannie Freddie),2017-01-01,2020,2924.477,2925.277,-0.8000000000001819
outlay: Total Mandatory (incl. Fannie Freddie),2017-01-01,2021,3096.914,3097.014,-0.09999999999990905
outlay: Total Mandatory (incl. Fannie Freddie),2017-01-01,2022,3326.711,3328.5110000000004,-1.8000000000006366
outlay: Total Mandatory (incl. Fannie Freddie),2017-01-01,2023,3453.441,3455.3410000000003,-1.9000000000005457
outlay: Total Mandatory (incl. Fannie Freddie),2017-01-01,2024,3580.608,3582.708,-2.099999999999909
outlay: Total Mandatory (incl. Fannie Freddie),2017-01-01,2025,3825.036,3827.236,-2.199999999999818
outlay: Total Mandatory (incl. Fannie Freddie),2017-01-01,2026,4073.433,4075.7330000000006,-2.3000000000006366
outlay: Total Mandatory (incl. Fannie Freddie),2017-01-01,2027,4302.733,4305.033,-2.300000000000182
outlay: Total Mandatory (incl. Fannie Freddie),2017-06-01,2017,2564.239,2535.739,28.5
outlay: Total Mandatory (incl. Fannie Freddie),2017-06-01,2018,2564.434,2566.034,-1.599999999999909
outlay: Total Mandatory (incl. Fannie Freddie),2017-06-01,2019,2757.915,2758.915,-1.0
outlay: Total Mandatory (incl. Fannie Freddie),2017-06-01,2020,2926.177,2926.8769999999995,-0.6999999999993634
outlay: Total Mandatory (incl. Fannie Freddie),2017-06-01,2021,3103.997,3104.0969999999998,-0.09999999999990905
outlay: Total Mandatory (incl. Fannie Freddie),2017-06-01,2022,3327.375,3329.2749999999996,-1.8999999999996362
outlay: Total Mandatory (incl. Fannie Freddie),2017-06-01,2023,3454.056,3455.9559999999997,-1.8999999999996362
outlay: Total Mandatory (incl. Fannie Freddie),2017-06-01,2024,3580.689,3582.689,-2.0
outlay: Total Mandatory (incl. Fannie Freddie),2017-06-01,2025,3828.349,3830.549,-2.199999999999818
outlay: Total Mandatory (incl. Fannie Freddie),2017-06-01,2026,4071.51,4073.8100000000004,-2.300000000000182
outlay: Total Mandatory (incl. Fannie Freddie),2017-06-01,2027,4299.351,4301.751,-2.4000000000005457
outlay: Total Mandatory (incl. Fannie Freddie),2018-04-01,2018,2551.902,2546.302,5.599999999999909
outlay: Total Mandatory (incl. Fannie Freddie),2018-04-01,2019,2716.407,2718.907,-2.5
outlay: Total Mandatory (incl. Fannie Freddie),2018-04-01,2020,2859.115,2860.615,-1.5
outlay: Total Mandatory (incl. Fannie Freddie),2018-04-01,2021,3030.785,3031.1850000000004,-0.4000000000005457
outlay: Total Mandatory (incl. Fannie Freddie),2018-04-01,2022,3264.124,3265.624,-1.5
outlay: Total Mandatory (incl. Fannie Freddie),2018-04-01,2023,3390.33,3392.43,-2.099999999999909
outlay: Total Mandatory (incl. Fannie Freddie),2018-04-01,2024,3510.426,3512.826,-2.400000000000091
outlay: Total Mandatory (incl. Fannie Freddie),2018-04-01,2025,3757.88,3760.08,-2.199999999999818
outlay: Total Mandatory (incl. Fannie Freddie),2018-04-01,2026,3981.143,3983.2429999999995,-2.0999999999994543
outlay: Total Mandatory (incl. Fannie Freddie),2018-04-01,2027,4186.914,4189.014,-2.100000000000364
outlay: Total Mandatory (incl. Fannie Freddie),2018-04-01,2028,4521.832,4524.032,-2.199999999999818
outlay: Total Mandatory (incl. Fannie Freddie),2018-05-01,2018,2547.654,2542.054,5.599999999999909
outlay: Total Mandatory (incl. Fannie Freddie),2018-05-01,2019,2713.488,2715.9880000000003,-2.5000000000004547
outlay: Total Mandatory (incl. Fannie Freddie),2018-05-01,2020,2858.899,2860.399,-1.5
outlay: Total Mandatory (incl. Fannie Freddie),2018-05-01,2021,3031.943,3032.3430000000003,-0.40000000000009095
outlay: Total Mandatory (incl. Fannie Freddie),2018-05-01,2022,3265.566,3267.066,-1.5
outlay: Total Mandatory (incl. Fannie Freddie),2018-05-01,2023,3392.676,3394.776,-2.099999999999909
outlay: Total Mandatory (incl. Fannie Freddie),2018-05-01,2024,3512.342,3514.742,-2.400000000000091
outlay: Total Mandatory (incl. Fannie Freddie),2018-05-01,2025,3758.618,3760.8179999999998,-2.199999999999818
outlay: Total Mandatory (incl. Fannie Freddie),2018-05-01,2026,3979.171,3981.2709999999993,-2.0999999999994543
outlay: Total Mandatory (incl. Fannie Freddie),2018-05-01,2027,4182.917,4185.017,-2.0999999999994543
outlay: Total Mandatory (incl. Fannie Freddie),2018-05-01,2028,4517.303,4519.503,-2.199999999999818
outlay: Total Mandatory (incl. Fannie Freddie),2019-01-01,2019,2718.705,2694.7050000000004,23.999999999999545
outlay: Total Mandatory (incl. Fannie Freddie),2019-01-01,2020,2832.68,2834.1800000000003,-1.5000000000004547
outlay: Total Mandatory (incl. Fannie Freddie),2019-01-01,2021,2993.148,2994.748,-1.599999999999909
outlay: Total Mandatory (incl. Fannie Freddie),2019-01-01,2022,3237.16,3240.26,-3.100000000000364
outlay: Total Mandatory (incl. Fannie Freddie),2019-01-01,2023,3367.86,3370.8599999999997,-2.9999999999995453
outlay: Total Mandatory (incl. Fannie Freddie),2019-01-01,2024,3490.146,3493.4460000000004,-3.300000000000182
outlay: Total Mandatory (incl. Fannie Freddie),2019-01-01,2025,3732.921,3736.521,-3.600000000000364
outlay: Total Mandatory (incl. Fannie Freddie),2019-01-01,2026,3953.009,3956.9090000000006,-3.9000000000005457
outlay: Total Mandatory (incl. Fannie Freddie),2019-01-01,2027,4156.671,4160.771000000001,-4.100000000000364
outlay: Total Mandatory (incl. Fannie Freddie),2019-01-01,2028,4496.068,4500.168000000001,-4.100000000000364
outlay: Total Mandatory (incl. Fannie Freddie),2019-01-01,2029,4579.783,4584.083,-4.299999999999272
outlay: Total Mandatory (incl. Fannie Freddie),2019-05-01,2019,2720.122,2696.122,24.0
outlay: Total Mandatory (incl. Fannie Freddie),2019-05-01,2020,2823.191,2824.6910000000003,-1.5000000000004547
outlay: Total Mandatory (incl. Fannie Freddie),2019-05-01,2021,2977.985,2979.5849999999996,-1.5999999999994543
outlay: Total Mandatory (incl. Fannie Freddie),2019-05-01,2022,3221.433,3224.533,-3.099999999999909
outlay: Total Mandatory (incl. Fannie Freddie),2019-05-01,2023,3343.833,3346.833,-3.0
outlay: Total Mandatory (incl. Fannie Freddie),2019-05-01,2024,3462.017,3465.317,-3.300000000000182
outlay: Total Mandatory (incl. Fannie Freddie),2019-05-01,2025,3701.691,3705.291,-3.600000000000364
outlay: Total Mandatory (incl. Fannie Freddie),2019-05-01,2026,3920.285,3924.185,-3.900000000000091
outlay: Total Mandatory (incl. Fannie Freddie),2019-05-01,2027,4119.5,4123.6,-4.100000000000364
outlay: Total Mandatory (incl. Fannie Freddie),2019-05-01,2028,4455.291,4459.391,-4.099999999999454
outlay: Total Mandatory (incl. Fannie Freddie),2019-05-01,2029,4516.559,4520.8589999999995,-4.299999999999272
outlay: Total Mandatory (incl. Fannie Freddie),2019-08-01,2019,2730.936,2706.9360000000006,23.999999999999545
outlay: Total Mandatory (incl. Fannie Freddie),2019-08-01,2020,2836.141,2837.641,-1.5
outlay: Total Mandatory (incl. Fannie Freddie),2019-08-01,2021,2960.62,2962.22,-1.599999999999909
outlay: Total Mandatory (incl. Fannie Freddie),2019-08-01,2022,3188.895,3191.995,-3.099999999999909
outlay: Total Mandatory (incl. Fannie Freddie),2019-08-01,2023,3322.893,3325.893,-3.0
outlay: Total Mandatory (incl. Fannie Freddie),2019-08-01,2024,3442.969,3446.2690000000002,-3.300000000000182
outlay: Total Mandatory (incl. Fannie Freddie),2019-08-01,2025,3678.716,3682.3160000000003,-3.600000000000364
outlay: Total Mandatory (incl. Fannie Freddie),2019-08-01,2026,3895.652,3899.552,-3.900000000000091
outlay: Total Mandatory (incl. Fannie Freddie),2019-08-01,2027,4097.388,4101.488,-4.100000000000364
outlay: Total Mandatory (incl. Fannie Freddie),2019-08-01,2028,4400.623,4404.723000000001,-4.100000000001273
outlay: Total Mandatory (incl. Fannie Freddie),2019-08-01,2029,4449.828,4454.128000000001,-4.300000000000182
outlay: Total Mandatory (incl. Fannie Freddie),2020-01-01,2020,2863.464,2859.264,4.199999999999818
outlay: Total Mandatory (incl. Fannie Freddie),2020-01-01,2021,2977.428,2978.528,-1.099999999999909
outlay: Total Mandatory (incl. Fannie Freddie),2020-01-01,2022,3197.813,3201.413,-3.599999999999909
outlay: Total Mandatory (incl. Fannie Freddie),2020-01-01,2023,3333.397,3336.5969999999998,-3.199999999999818
outlay: Total Mandatory (incl. Fannie Freddie),2020-01-01,2024,3465.833,3469.2329999999997,-3.399999999999636
outlay: Total Mandatory (incl. Fannie Freddie),2020-01-01,2025,3719.144,3722.844,-3.700000000000273
outlay: Total Mandatory (incl. Fannie Freddie),2020-01-01,2026,3941.357,3945.257,-3.900000000000091
outlay: Total Mandatory (incl. Fannie Freddie),2020-01-01,2027,4135.223,4139.323,-4.100000000000364
outlay: Total Mandatory (incl. Fannie Freddie),2020-01-01,2028,4451.218,4455.518,-4.300000000000182
outlay: Total Mandatory (incl. Fannie Freddie),2020-01-01,2029,4503.499,4507.799,-4.300000000000182
outlay: Total Mandatory (incl. Fannie Freddie),2020-01-01,2030,4873.652,4878.352,-4.699999999999818
outlay: Total Mandatory (incl. Fannie Freddie),2020-03-01,2020,2914.557,2910.357,4.199999999999818
outlay: Total Mandatory (incl. Fannie Freddie),2020-03-01,2021,2967.222,2968.322,-1.099999999999909
outlay: Total Mandatory (incl. Fannie Freddie),2020-03-01,2022,3187.086,3190.6859999999992,-3.5999999999994543
outlay: Total Mandatory (incl. Fannie Freddie),2020-03-01,2023,3315.433,3318.633,-3.199999999999818
outlay: Total Mandatory (incl. Fannie Freddie),2020-03-01,2024,3441.641,3445.0409999999997,-3.399999999999636
outlay: Total Mandatory (incl. Fannie Freddie),2020-03-01,2025,3696.246,3699.9459999999995,-3.6999999999993634
outlay: Total Mandatory (incl. Fannie Freddie),2020-03-01,2026,3918.245,3922.145,-3.900000000000091
outlay: Total Mandatory (incl. Fannie Freddie),2020-03-01,2027,4116.575,4120.675000000001,-4.100000000001273
outlay: Total Mandatory (incl. Fannie Freddie),2020-03-01,2028,4439.428,4443.728,-4.300000000000182
outlay: Total Mandatory (incl. Fannie Freddie),2020-03-01,2029,4490.833,4495.133,-4.300000000000182
outlay: Total Mandatory (incl. Fannie Freddie),2020-03-01,2030,4870.206,4874.906,-4.699999999999818
outlay: Total Mandatory (incl. Fannie Freddie),2020-09-01,2020,4620.906,4616.706000000001,4.199999999998909
outlay: Total Mandatory (incl. Fannie Freddie),2020-09-01,2021,3181.034,3183.6040000000007,-2.5700000000006185
outlay: Total Mandatory (incl. Fannie Freddie),2020-09-01,2022,3269.366,3274.276,-4.9099999999998545
outlay: Total Mandatory (incl. Fannie Freddie),2020-09-01,2023,3308.483,3312.773,-4.289999999999964
outlay: Total Mandatory (incl. Fannie Freddie),2020-09-01,2024,3405.918,3410.5979999999995,-4.6799999999993815
outlay: Total Mandatory (incl. Fannie Freddie),2020-09-01,2025,3635.365,3640.595,-5.230000000000018
outlay: Total Mandatory (incl. Fannie Freddie),2020-09-01,2026,3836.862,3842.3019999999997,-5.4399999999996
outlay: Total Mandatory (incl. Fannie Freddie),2020-09-01,2027,4008.585,4014.215,-5.630000000000109
outlay: Total Mandatory (incl. Fannie Freddie),2020-09-01,2028,4308.294,4314.1939999999995,-5.899999999999636
outlay: Total Mandatory (incl. Fannie Freddie),2020-09-01,2029,4327.87,4334.099999999999,-6.229999999999563
outlay: Total Mandatory (incl. Fannie Freddie),2020-09-01,2030,4644.664,4651.574,-6.9099999999998545
outlay: Total Mandatory (incl. Fannie Freddie),2021-02-01,2021,3798.055,3793.3550000000005,4.699999999999363
outlay: Total Mandatory (incl. Fannie Freddie),2021-02-01,2022,3147.247,3153.1470000000004,-5.900000000000546
outlay: Total Mandatory (incl. Fannie Freddie),2021-02-01,2023,3287.443,3293.0429999999997,-5.599999999999454
outlay: Total Mandatory (incl. Fannie Freddie),2021-02-01,2024,3382.384,3388.584,-6.199999999999818
outlay: Total Mandatory (incl. Fannie Freddie),2021-02-01,2025,3610.945,3617.745,-6.799999999999727
outlay: Total Mandatory (incl. Fannie Freddie),2021-02-01,2026,3820.533,3827.833,-7.300000000000182
outlay: Total Mandatory (incl. Fannie Freddie),2021-02-01,2027,4008.794,4016.294,-7.5
outlay: Total Mandatory (incl. Fannie Freddie),2021-02-01,2028,4332.028,4339.628000000001,-7.600000000000364
outlay: Total Mandatory (incl. Fannie Freddie),2021-02-01,2029,4376.592,4384.2919999999995,-7.699999999999818
outlay: Total Mandatory (incl. Fannie Freddie),2021-02-01,2030,4703.207,4711.207,-8.0
outlay: Total Mandatory (incl. Fannie Freddie),2021-02-01,2031,4979.338,4987.737999999999,-8.399999999999636
outlay: Total Mandatory (incl. Fannie Freddie),2021-07-01,2021,4866.539,4861.639,4.899999999999636
outlay: Total Mandatory (incl. Fannie Freddie),2021-07-01,2022,3583.308,3588.808,-5.5
outlay: Total Mandatory (incl. Fannie Freddie),2021-07-01,2023,3454.731,3461.3309999999997,-6.599999999999454
outlay: Total Mandatory (incl. Fannie Freddie),2021-07-01,2024,3479.404,3487.504,-8.099999999999909
outlay: Total Mandatory (incl. Fannie Freddie),2021-07-01,2025,3703.049,3711.149,-8.099999999999909
outlay: Total Mandatory (incl. Fannie Freddie),2021-07-01,2026,3898.504,3906.504,-8.0
outlay: Total Mandatory (incl. Fannie Freddie),2021-07-01,2027,4079.93,4087.8300000000004,-7.900000000000546
outlay: Total Mandatory (incl. Fannie Freddie),2021-07-01,2028,4410.037,4417.737,-7.699999999999818
outlay: Total Mandatory (incl. Fannie Freddie),2021-07-01,2029,4438.469,4446.069,-7.600000000000364
outlay: Total Mandatory (incl. Fannie Freddie),2021-07-01,2030,4772.028,4780.028,-8.0
outlay: Total Mandatory (incl. Fannie Freddie),2021-07-01,2031,5016.844,5025.344,-8.5
outlay: Total Mandatory (incl. Fannie Freddie),2022-05-01,2022,3756.639,3750.9390000000003,5.699999999999818
outlay: Total Mandatory (incl. Fannie Freddie),2022-05-01,2023,3669.767,3673.667,-3.900000000000091
outlay: Total Mandatory (incl. Fannie Freddie),2022-05-01,2024,3650.008,3656.408,-6.400000000000091
outlay: Total Mandatory (incl. Fannie Freddie),2022-05-01,2025,3826.537,3833.9370000000004,-7.400000000000546
outlay: Total Mandatory (incl. Fannie Freddie),2022-05-01,2026,4025.63,4031.9300000000003,-6.300000000000182
outlay: Total Mandatory (incl. Fannie Freddie),2022-05-01,2027,4201.24,4205.540000000001,-4.300000000001091
outlay: Total Mandatory (incl. Fannie Freddie),2022-05-01,2028,4538.306,4541.506,-3.2000000000007276
outlay: Total Mandatory (incl. Fannie Freddie),2022-05-01,2029,4561.256,4564.0560000000005,-2.800000000000182
outlay: Total Mandatory (incl. Fannie Freddie),2022-05-01,2030,4908.434,4911.134,-2.699999999999818
outlay: Total Mandatory (incl. Fannie Freddie),2022-05-01,2031,5158.768,5161.667999999999,-2.8999999999987267
outlay: Total Mandatory (incl. Fannie Freddie),2022-05-01,2032,5457.5,5461.0,-3.5
outlay: Total Mandatory (incl. Fannie Freddie),2023-02-01,2023,3846.552,3840.3520000000008,6.199999999999363
outlay: Total Mandatory (incl. Fannie Freddie),2023-02-01,2024,3803.273,3811.773,-8.5
outlay: Total Mandatory (incl. Fannie Freddie),2023-02-01,2025,3989.223,3994.623,-5.400000000000091
outlay: Total Mandatory (incl. Fannie Freddie),2023-02-01,2026,4189.41,4192.61,-3.199999999999818
outlay: Total Mandatory (incl. Fannie Freddie),2023-02-01,2027,4393.28,4395.08,-1.800000000000182
outlay: Total Mandatory (incl. Fannie Freddie),2023-02-01,2028,4729.9,4731.4,-1.5
outlay: Total Mandatory (incl. Fannie Freddie),2023-02-01,2029,4753.873,4755.973000000001,-2.1000000000012733
outlay: Total Mandatory (incl. Fannie Freddie),2023-02-01,2030,5111.404,5114.904,-3.5
outlay: Total Mandatory (incl. Fannie Freddie),2023-02-01,2031,5385.821,5391.221,-5.399999999999636
outlay: Total Mandatory (incl. Fannie Freddie),2023-02-01,2032,5657.658,5664.758000000001,-7.100000000000364
outlay: Total Mandatory (incl. Fannie Freddie),2023-02-01,2033,6126.22,6139.52,-13.300000000000182
outlay: Total Mandatory (incl. Fannie Freddie),2023-05-01,2023,3986.029,3979.729,6.300000000000182
outlay: Total Mandatory (incl. Fannie Freddie),2023-05-01,2024,3819.692,3827.992,-8.300000000000182
outlay: Total Mandatory (incl. Fannie Freddie),2023-05-01,2025,4017.895,4023.0949999999993,-5.199999999999363
outlay: Total Mandatory (incl. Fannie Freddie),2023-05-01,2026,4202.116,4205.216,-3.100000000000364
outlay: Total Mandatory (incl. Fannie Freddie),2023-05-01,2027,4398.508,4400.308,-1.800000000000182
outlay: Total Mandatory (incl. Fannie Freddie),2023-05-01,2028,4736.697,4738.197,-1.5
outlay: Total Mandatory (incl. Fannie Freddie),2023-05-01,2029,4758.026,4760.126,-2.100000000000364
outlay: Total Mandatory (incl. Fannie Freddie),2023-05-01,2030,5116.357,5119.757,-3.399999999999636
outlay: Total Mandatory (incl. Fannie Freddie),2023-05-01,2031,5380.556,5385.856,-5.300000000000182
outlay: Total Mandatory (incl. Fannie Freddie),2023-05-01,2032,5668.575,5675.475,-6.900000000000546
outlay: Total Mandatory (incl. Fannie Freddie),2023-05-01,2033,6128.507,6141.406999999999,-12.899999999999636
outlay: Total Mandatory (incl. Fannie Freddie),2024-02-01,2024,3844.375,3838.1349999999998,6.2400000000002365
outlay: Total Mandatory (incl. Fannie Freddie),2024-02-01,2025,4058.393,4060.893,-2.5
outlay: Total Mandatory (incl. Fannie Freddie),2024-02-01,2026,4242.012,4246.411999999999,-4.399999999999636
outlay: Total Mandatory (incl. Fannie Freddie),2024-02-01,2027,4442.175,4448.375,-6.199999999999818
outlay: Total Mandatory (incl. Fannie Freddie),2024-02-01,2028,4737.291,4743.391,-6.099999999999454
outlay: Total Mandatory (incl. Fannie Freddie),2024-02-01,2029,4801.334,4807.334,-6.0
outlay: Total Mandatory (incl. Fannie Freddie),2024-02-01,2030,5147.346,5153.245999999999,-5.899999999999636
outlay: Total Mandatory (incl. Fannie Freddie),2024-02-01,2031,5400.715,5406.714999999999,-5.9999999999990905
outlay: Total Mandatory (incl. Fannie Freddie),2024-02-01,2032,5675.45,5681.65,-6.199999999999818
outlay: Total Mandatory (incl. Fannie Freddie),2024-02-01,2033,6121.235,6131.135,-9.900000000000546
outlay: Total Mandatory (incl. Fannie Freddie),2024-02-01,2034,6309.452,6319.7519999999995,-10.299999999999272
outlay: Total Mandatory (incl. Fannie Freddie),2024-06-01,2024,4127.463,4121.133000000001,6.329999999999018
outlay: Total Mandatory (incl. Fannie Freddie),2024-06-01,2025,4127.297,4127.36,-0.06300000000010186
outlay: Total Mandatory (incl. Fannie Freddie),2024-06-01,2026,4283.425,4285.418,-1.9929999999994834
outlay: Total Mandatory (incl. Fannie Freddie),2024-06-01,2027,4479.837,4483.808999999999,-3.971999999998843
outlay: Total Mandatory (incl. Fannie Freddie),2024-06-01,2028,4753.634,4758.452,-4.818000000000211
outlay: Total Mandatory (incl. Fannie Freddie),2024-06-01,2029,4852.733,4857.9220000000005,-5.189000000000306
outlay: Total Mandatory (incl. Fannie Freddie),2024-06-01,2030,5189.895,5195.327,-5.431999999999789
outlay: Total Mandatory (incl. Fannie Freddie),2024-06-01,2031,5449.672,5455.361,-5.689000000000306
outlay: Total Mandatory (incl. Fannie Freddie),2024-06-01,2032,5736.247,5742.113,-5.8659999999999854
outlay: Total Mandatory (incl. Fannie Freddie),2024-06-01,2033,6179.432,6188.785000000001,-9.353000000000975
outlay: Total Mandatory (incl. Fannie Freddie),2024-06-01,2034,6341.649,6351.027,-9.377999999999702
outlay: Total Mandatory (incl. Fannie Freddie),2025-01-01,2025,4234.573,4227.993,6.579999999999927
outlay: Total Mandatory (incl. Fannie Freddie),2025-01-01,2026,4382.197,4386.366,-4.168999999999869
outlay: Total Mandatory (incl. Fannie Freddie),2025-01-01,2027,4589.455,4595.697,-6.242000000000189
outlay: Total Mandatory (incl. Fannie Freddie),2025-01-01,2028,4845.398,4852.2480000000005,-6.850000000000364
outlay: Total Mandatory (incl. Fannie Freddie),2025-01-01,2029,4941.183,4948.089,-6.905999999999949
outlay: Total Mandatory (incl. Fannie Freddie),2025-01-01,2030,5268.748,5275.851,-7.1030000000000655
outlay: Total Mandatory (incl. Fannie Freddie),2025-01-01,2031,5512.055,5519.652999999999,-7.597999999999047
outlay: Total Mandatory (incl. Fannie Freddie),2025-01-01,2032,5780.22,5788.33,-8.109999999999673
outlay: Total Mandatory (incl. Fannie Freddie),2025-01-01,2033,6197.553,6207.863,-10.3100000000004
outlay: Total Mandatory (incl. Fannie Freddie),2025-01-01,2034,6328.956,6340.649,-11.693000000000211
outlay: Total Mandatory (incl. Fannie Freddie),2025-01-01,2035,6452.281,6465.112,-12.831000000000131
outlay: Total Mandatory (incl. Fannie Freddie),2026-02-01,2026,4535.796,4529.339,6.457000000000335
outlay: Total Mandatory (incl. Fannie Freddie),2026-02-01,2027,4779.111,4783.047,-3.9359999999996944
outlay: Total Mandatory (incl. Fannie Freddie),2026-02-01,2028,5000.165,5004.548,-4.382999999999811
outlay: Total Mandatory (incl. Fannie Freddie),2026-02-01,2029,5061.233,5066.604,-5.371000000000095
outlay: Total Mandatory (incl. Fannie Freddie),2026-02-01,2030,5368.459,5375.172,-6.712999999999738
outlay: Total Mandatory (incl. Fannie Freddie),2026-02-01,2031,5574.735,5582.391,-7.655999999999949
outlay: Total Mandatory (incl. Fannie Freddie),2026-02-01,2032,5827.436,5835.4169999999995,-7.980999999999767
outlay: Total Mandatory (incl. Fannie Freddie),2026-02-01,2033,6266.385,6276.864999999999,-10.479999999998654
outlay: Total Mandatory (incl. Fannie Freddie),2026-02-01,2034,6425.508,6436.662000000001,-11.15400000000136
outlay: Total Mandatory (incl. Fannie Freddie),2026-02-01,2035,6532.392,6544.534,-12.141999999999825
outlay: Total Mandatory (incl. Fannie Freddie),2026-02-01,2036,7014.878,7027.798000000001,-12.920000000000982
