component,category,subcategory,baseline_date,projected_fiscal_year,_merge,diff_projection_error,diff_projection_error_pct_GDP,diff_projection_error_pct_actual,max_abs_diff
outlay,Discretionary,Defense Discretionary,1998-03-01,1998,both,0.0,0.0,0.0,0.0
outlay,Discretionary,Defense Discretionary,1998-03-01,1999,both,0.0,0.0,0.0,0.0
outlay,Discretionary,Defense Discretionary,1998-03-01,2000,both,0.0,0.0,0.0,0.0
outlay,Discretionary,Defense Discretionary,1998-03-01,2001,both,0.0,0.0,0.0,0.0
outlay,Discretionary,Defense Discretionary,1998-03-01,2002,both,0.0,0.0,0.0,0.0
outlay,Discretionary,Defense Discretionary,1998-03-01,2003,both,0.0,0.0,0.0,0.0
outlay,Discretionary,Defense Discretionary,1998-03-01,2004,both,0.0,0.0,0.0,0.0
outlay,Discretionary,Defense Discretionary,1998-03-01,2005,both,0.0,0.0,0.0,0.0
outlay,Discretionary,Defense Discretionary,1998-03-01,2006,both,0.0,0.0,0.0,0.0
outlay,Discretionary,Defense Discretionary,1998-03-01,2007,both,0.0,0.0,0.0,0.0
outlay,Discretionary,Defense Discretionary,1998-03-01,2008,both,0.0,0.0,0.0,0.0
outlay,Discretionary,Defense Discretionary,1999-04-01,1999,both,0.0,0.0,0.0,0.0
outlay,Discretionary,Defense Discretionary,1999-04-01,2000,both,0.0,0.0,0.0,0.0
outlay,Discretionary,Defense Discretionary,1999-04-01,2001,both,0.0,0.0,0.0,0.0
outlay,Discretionary,Defense Discretionary,1999-04-01,2002,both,0.0,0.0,0.0,0.0
outlay,Discretionary,Defense Discretionary,1999-04-01,2003,both,0.0,0.0,0.0,0.0
outlay,Discretionary,Defense Discretionary,1999-04-01,2004,both,0.0,0.0,0.0,0.0
outlay,Discretionary,Defense Discretionary,1999-04-01,2005,both,0.0,0.0,0.0,0.0
outlay,Discretionary,Defense Discretionary,1999-04-01,2006,both,0.0,0.0,0.0,0.0
outlay,Discretionary,Defense Discretionary,1999-04-01,2007,both,0.0,0.0,0.0,0.0
outlay,Discretionary,Defense Discretionary,1999-04-01,2008,both,0.0,0.0,0.0,0.0
outlay,Discretionary,Defense Discretionary,1999-04-01,2009,both,0.0,0.0,0.0,0.0
outlay,Discretionary,Defense Discretionary,2000-04-01,2000,both,0.0,0.0,0.0,0.0
outlay,Discretionary,Defense Discretionary,2000-04-01,2001,both,0.0,0.0,0.0,0.0
outlay,Discretionary,Defense Discretionary,2000-04-01,2002,both,0.0,0.0,0.0,0.0
outlay,Discretionary,Defense Discretionary,2000-04-01,2003,both,0.0,0.0,0.0,0.0
outlay,Discretionary,Defense Discretionary,2000-04-01,2004,both,0.0,0.0,0.0,0.0
outlay,Discretionary,Defense Discretionary,2000-04-01,2005,both,0.0,0.0,0.0,0.0
outlay,Discretionary,Defense Discretionary,2000-04-01,2006,both,0.0,0.0,0.0,0.0
outlay,Discretionary,Defense Discretionary,2000-04-01,2007,both,0.0,0.0,0.0,0.0
outlay,Discretionary,Defense Discretionary,2000-04-01,2008,both,0.0,0.0,0.0,0.0
outlay,Discretionary,Defense Discretionary,2000-04-01,2009,both,0.0,0.0,0.0,0.0
outlay,Discretionary,Defense Discretionary,2000-04-01,2010,both,0.0,0.0,0.0,0.0
outlay,Discretionary,Defense Discretionary,2001-05-01,2001,both,0.0,0.0,0.0,0.0
outlay,Discretionary,Defense Discretionary,2001-05-01,2002,both,0.0,0.0,0.0,0.0
outlay,Discretionary,Defense Discretionary,2001-05-01,2003,both,0.0,0.0,0.0,0.0
outlay,Discretionary,Defense Discretionary,2001-05-01,2004,both,0.0,0.0,0.0,0.0
outlay,Discretionary,Defense Discretionary,2001-05-01,2005,both,0.0,0.0,0.0,0.0
outlay,Discretionary,Defense Discretionary,2001-05-01,2006,both,0.0,0.0,0.0,0.0
outlay,Discretionary,Defense Discretionary,2001-05-01,2007,both,0.0,0.0,0.0,0.0
outlay,Discretionary,Defense Discretionary,2001-05-01,2008,both,0.0,0.0,0.0,0.0
outlay,Discretionary,Defense Discretionary,2001-05-01,2009,both,0.0,0.0,0.0,0.0
outlay,Discretionary,Defense Discretionary,2001-05-01,2010,both,0.0,0.0,0.0,0.0
outlay,Discretionary,Defense Discretionary,2001-05-01,2011,both,0.0,0.0,0.0,0.0
outlay,Discretionary,Defense Discretionary,2002-03-01,2002,both,0.0,0.0,0.0,0.0
outlay,Discretionary,Defense Discretionary,2002-03-01,2003,both,0.0,0.0,0.0,0.0
outlay,Discretionary,Defense Discretionary,2002-03-01,2004,both,0.0,0.0,0.0,0.0
outlay,Discretionary,Defense Discretionary,2002-03-01,2005,both,0.0,0.0,0.0,0.0
outlay,Discretionary,Defense Discretionary,2002-03-01,2006,both,0.0,0.0,0.0,0.0
outlay,Discretionary,Defense Discretionary,2002-03-01,2007,both,0.0,0.0,0.0,0.0
outlay,Discretionary,Defense Discretionary,2002-03-01,2008,both,0.0,0.0,0.0,0.0
outlay,Discretionary,Defense Discretionary,2002-03-01,2009,both,0.0,0.0,0.0,0.0
outlay,Discretionary,Defense Discretionary,2002-03-01,2010,both,0.0,0.0,0.0,0.0
outlay,Discretionary,Defense Discretionary,2002-03-01,2011,both,0.0,0.0,0.0,0.0
outlay,Discretionary,Defense Discretionary,2002-03-01,2012,both,0.0,0.0,0.0,0.0
outlay,Discretionary,Defense Discretionary,2003-03-01,2003,both,0.0,0.0,0.0,0.0
outlay,Discretionary,Defense Discretionary,2003-03-01,2004,both,0.0,0.0,0.0,0.0
outlay,Discretionary,Defense Discretionary,2003-03-01,2005,both,0.0,0.0,0.0,0.0
outlay,Discretionary,Defense Discretionary,2003-03-01,2006,both,0.0,0.0,0.0,0.0
outlay,Discretionary,Defense Discretionary,2003-03-01,2007,both,0.0,0.0,0.0,0.0
outlay,Discretionary,Defense Discretionary,2003-03-01,2008,both,0.0,0.0,0.0,0.0
outlay,Discretionary,Defense Discretionary,2003-03-01,2009,both,0.0,0.0,0.0,0.0
outlay,Discretionary,Defense Discretionary,2003-03-01,2010,both,0.0,0.0,0.0,0.0
outlay,Discretionary,Defense Discretionary,2003-03-01,2011,both,0.0,0.0,0.0,0.0
outlay,Discretionary,Defense Discretionary,2003-03-01,2012,both,0.0,0.0,0.0,0.0
outlay,Discretionary,Defense Discretionary,2003-03-01,2013,both,0.0,0.0,0.0,0.0
outlay,Discretionary,Defense Discretionary,2004-03-01,2004,both,0.0,0.0,0.0,0.0
outlay,Discretionary,Defense Discretionary,2004-03-01,2005,both,0.0,0.0,0.0,0.0
outlay,Discretionary,Defense Discretionary,2004-03-01,2006,both,0.0,0.0,0.0,0.0
outlay,Discretionary,Defense Discretionary,2004-03-01,2007,both,0.0,0.0,0.0,0.0
outlay,Discretionary,Defense Discretionary,2004-03-01,2008,both,0.0,0.0,0.0,0.0
outlay,Discretionary,Defense Discretionary,2004-03-01,2009,both,0.0,0.0,0.0,0.0
outlay,Discretionary,Defense Discretionary,2004-03-01,2010,both,0.0,0.0,0.0,0.0
outlay,Discretionary,Defense Discretionary,2004-03-01,2011,both,0.0,0.0,0.0,0.0
outlay,Discretionary,Defense Discretionary,2004-03-01,2012,both,0.0,0.0,0.0,0.0
outlay,Discretionary,Defense Discretionary,2004-03-01,2013,both,0.0,0.0,0.0,0.0
outlay,Discretionary,Defense Discretionary,2004-03-01,2014,both,0.0,0.0,0.0,0.0
outlay,Discretionary,Defense Discretionary,2005-03-01,2005,both,0.0,0.0,0.0,0.0
outlay,Discretionary,Defense Discretionary,2005-03-01,2006,both,0.0,0.0,0.0,0.0
outlay,Discretionary,Defense Discretionary,2005-03-01,2007,both,0.0,0.0,0.0,0.0
outlay,Discretionary,Defense Discretionary,2005-03-01,2008,both,0.0,0.0,0.0,0.0
outlay,Discretionary,Defense Discretionary,2005-03-01,2009,both,0.0,0.0,0.0,0.0
outlay,Discretionary,Defense Discretionary,2005-03-01,2010,both,0.0,0.0,0.0,0.0
outlay,Discretionary,Defense Discretionary,2005-03-01,2011,both,0.0,0.0,0.0,0.0
outlay,Discretionary,Defense Discretionary,2005-03-01,2012,both,0.0,0.0,0.0,0.0
outlay,Discretionary,Defense Discretionary,2005-03-01,2013,both,0.0,0.0,0.0,0.0
outlay,Discretionary,Defense Discretionary,2005-03-01,2014,both,0.0,0.0,0.0,0.0
outlay,Discretionary,Defense Discretionary,2005-03-01,2015,both,0.0,0.0,0.0,0.0
outlay,Discretionary,Defense Discretionary,2006-03-01,2006,both,0.0,0.0,0.0,0.0
outlay,Discretionary,Defense Discretionary,2006-03-01,2007,both,0.0,0.0,0.0,0.0
outlay,Discretionary,Defense Discretionary,2006-03-01,2008,both,0.0,0.0,0.0,0.0
outlay,Discretionary,Defense Discretionary,2006-03-01,2009,both,0.0,0.0,0.0,0.0
outlay,Discretionary,Defense Discretionary,2006-03-01,2010,both,0.0,0.0,0.0,0.0
outlay,Discretionary,Defense Discretionary,2006-03-01,2011,both,0.0,0.0,0.0,0.0
outlay,Discretionary,Defense Discretionary,2006-03-01,2012,both,0.0,0.0,0.0,0.0
outlay,Discretionary,Defense Discretionary,2006-03-01,2013,both,0.0,0.0,0.0,0.0
outlay,Discretionary,Defense Discretionary,2006-03-01,2014,both,0.0,0.0,0.0,0.0
outlay,Discretionary,Defense Discretionary,2006-03-01,2015,both,0.0,0.0,0.0,0.0
outlay,Discretionary,Defense Discretionary,2006-03-01,2016,both,0.0,0.0,0.0,0.0
outlay,Discretionary,Defense Discretionary,2007-03-01,2007,both,0.0,0.0,0.0,0.0
outlay,Discretionary,Defense Discretionary,2007-03-01,2008,both,0.0,0.0,0.0,0.0
outlay,Discretionary,Defense Discretionary,2007-03-01,2009,both,0.0,0.0,0.0,0.0
outlay,Discretionary,Defense Discretionary,2007-03-01,2010,both,0.0,0.0,0.0,0.0
outlay,Discretionary,Defense Discretionary,2007-03-01,2011,both,0.0,0.0,0.0,0.0
outlay,Discretionary,Defense Discretionary,2007-03-01,2012,both,0.0,0.0,0.0,0.0
outlay,Discretionary,Defense Discretionary,2007-03-01,2013,both,0.0,0.0,0.0,0.0
outlay,Discretionary,Defense Discretionary,2007-03-01,2014,both,0.0,0.0,0.0,0.0
outlay,Discretionary,Defense Discretionary,2007-03-01,2015,both,0.0,0.0,0.0,0.0
outlay,Discretionary,Defense Discretionary,2007-03-01,2016,both,0.0,0.0,0.0,0.0
outlay,Discretionary,Defense Discretionary,2007-03-01,2017,both,0.0,0.0,0.0,0.0
outlay,Discretionary,Defense Discretionary,2008-03-01,2008,both,0.0,0.0,0.0,0.0
outlay,Discretionary,Defense Discretionary,2008-03-01,2009,both,0.0,0.0,0.0,0.0
outlay,Discretionary,Defense Discretionary,2008-03-01,2010,both,0.0,0.0,0.0,0.0
outlay,Discretionary,Defense Discretionary,2008-03-01,2011,both,0.0,0.0,0.0,0.0
outlay,Discretionary,Defense Discretionary,2008-03-01,2012,both,0.0,0.0,0.0,0.0
outlay,Discretionary,Defense Discretionary,2008-03-01,2013,both,0.0,0.0,0.0,0.0
outlay,Discretionary,Defense Discretionary,2008-03-01,2014,both,0.0,0.0,0.0,0.0
outlay,Discretionary,Defense Discretionary,2008-03-01,2015,both,0.0,0.0,0.0,0.0
outlay,Discretionary,Defense Discretionary,2008-03-01,2016,both,0.0,0.0,0.0,0.0
outlay,Discretionary,Defense Discretionary,2008-03-01,2017,both,0.0,0.0,0.0,0.0
outlay,Discretionary,Defense Discretionary,2008-03-01,2018,both,0.0,0.0,0.0,0.0
outlay,Discretionary,Defense Discretionary,2009-03-01,2009,both,0.0,0.0,0.0,0.0
outlay,Discretionary,Defense Discretionary,2009-03-01,2010,both,0.0,0.0,0.0,0.0
outlay,Discretionary,Defense Discretionary,2009-03-01,2011,both,0.0,0.0,0.0,0.0
outlay,Discretionary,Defense Discretionary,2009-03-01,2012,both,0.0,0.0,0.0,0.0
outlay,Discretionary,Defense Discretionary,2009-03-01,2013,both,0.0,0.0,0.0,0.0
outlay,Discretionary,Defense Discretionary,2009-03-01,2014,both,0.0,0.0,0.0,0.0
outlay,Discretionary,Defense Discretionary,2009-03-01,2015,both,0.0,0.0,0.0,0.0
outlay,Discretionary,Defense Discretionary,2009-03-01,2016,both,0.0,0.0,0.0,0.0
outlay,Discretionary,Defense Discretionary,2009-03-01,2017,both,0.0,0.0,0.0,0.0
outlay,Discretionary,Defense Discretionary,2009-03-01,2018,both,0.0,0.0,0.0,0.0
outlay,Discretionary,Defense Discretionary,2009-03-01,2019,both,0.0,0.0,0.0,0.0
outlay,Discretionary,Defense Discretionary,2010-03-01,2010,both,0.0,0.0,0.0,0.0
outlay,Discretionary,Defense Discretionary,2010-03-01,2011,both,0.0,0.0,0.0,0.0
outlay,Discretionary,Defense Discretionary,2010-03-01,2012,both,0.0,0.0,0.0,0.0
outlay,Discretionary,Defense Discretionary,2010-03-01,2013,both,0.0,0.0,0.0,0.0
outlay,Discretionary,Defense Discretionary,2010-03-01,2014,both,0.0,0.0,0.0,0.0
outlay,Discretionary,Defense Discretionary,2010-03-01,2015,both,0.0,0.0,0.0,0.0
outlay,Discretionary,Defense Discretionary,2010-03-01,2016,both,0.0,0.0,0.0,0.0
outlay,Discretionary,Defense Discretionary,2010-03-01,2017,both,0.0,0.0,0.0,0.0
outlay,Discretionary,Defense Discretionary,2010-03-01,2018,both,0.0,0.0,0.0,0.0
outlay,Discretionary,Defense Discretionary,2010-03-01,2019,both,0.0,0.0,0.0,0.0
outlay,Discretionary,Defense Discretionary,2010-03-01,2020,both,0.0,0.0,0.0,0.0
outlay,Discretionary,Defense Discretionary,2011-03-01,2011,both,0.0,0.0,0.0,0.0
outlay,Discretionary,Defense Discretionary,2011-03-01,2012,both,0.0,0.0,0.0,0.0
outlay,Discretionary,Defense Discretionary,2011-03-01,2013,both,0.0,0.0,0.0,0.0
outlay,Discretionary,Defense Discretionary,2011-03-01,2014,both,0.0,0.0,0.0,0.0
outlay,Discretionary,Defense Discretionary,2011-03-01,2015,both,0.0,0.0,0.0,0.0
outlay,Discretionary,Defense Discretionary,2011-03-01,2016,both,0.0,0.0,0.0,0.0
outlay,Discretionary,Defense Discretionary,2011-03-01,2017,both,0.0,0.0,0.0,0.0
outlay,Discretionary,Defense Discretionary,2011-03-01,2018,both,0.0,0.0,0.0,0.0
outlay,Discretionary,Defense Discretionary,2011-03-01,2019,both,0.0,0.0,0.0,0.0
outlay,Discretionary,Defense Discretionary,2011-03-01,2020,both,0.0,0.0,0.0,0.0
outlay,Discretionary,Defense Discretionary,2011-03-01,2021,both,0.0,0.0,0.0,0.0
outlay,Discretionary,Defense Discretionary,2012-03-01,2012,both,0.0,0.0,0.0,0.0
outlay,Discretionary,Defense Discretionary,2012-03-01,2013,both,0.0,0.0,0.0,0.0
outlay,Discretionary,Defense Discretionary,2012-03-01,2014,both,0.0,0.0,0.0,0.0
outlay,Discretionary,Defense Discretionary,2012-03-01,2015,both,0.0,0.0,0.0,0.0
outlay,Discretionary,Defense Discretionary,2012-03-01,2016,both,0.0,0.0,0.0,0.0
outlay,Discretionary,Defense Discretionary,2012-03-01,2017,both,0.0,0.0,0.0,0.0
outlay,Discretionary,Defense Discretionary,2012-03-01,2018,both,0.0,0.0,0.0,0.0
outlay,Discretionary,Defense Discretionary,2012-03-01,2019,both,0.0,0.0,0.0,0.0
outlay,Discretionary,Defense Discretionary,2012-03-01,2020,both,0.0,0.0,0.0,0.0
outlay,Discretionary,Defense Discretionary,2012-03-01,2021,both,0.0,0.0,0.0,0.0
outlay,Discretionary,Defense Discretionary,2012-03-01,2022,both,0.0,0.0,0.0,0.0
outlay,Discretionary,Defense Discretionary,2013-05-01,2013,both,0.0,0.0,0.0,0.0
outlay,Discretionary,Defense Discretionary,2013-05-01,2014,both,0.0,0.0,0.0,0.0
outlay,Discretionary,Defense Discretionary,2013-05-01,2015,both,0.0,0.0,0.0,0.0
outlay,Discretionary,Defense Discretionary,2013-05-01,2016,both,0.0,0.0,0.0,0.0
outlay,Discretionary,Defense Discretionary,2013-05-01,2017,both,0.0,0.0,0.0,0.0
outlay,Discretionary,Defense Discretionary,2013-05-01,2018,both,0.0,0.0,0.0,0.0
outlay,Discretionary,Defense Discretionary,2013-05-01,2019,both,0.0,0.0,0.0,0.0
outlay,Discretionary,Defense Discretionary,2013-05-01,2020,both,0.0,0.0,0.0,0.0
outlay,Discretionary,Defense Discretionary,2013-05-01,2021,both,0.0,0.0,0.0,0.0
outlay,Discretionary,Defense Discretionary,2013-05-01,2022,both,0.0,0.0,0.0,0.0
outlay,Discretionary,Defense Discretionary,2013-05-01,2023,both,0.0,0.0,0.0,0.0
outlay,Discretionary,Defense Discretionary,2014-04-01,2014,both,0.0,0.0,0.0,0.0
outlay,Discretionary,Defense Discretionary,2014-04-01,2015,both,0.0,0.0,0.0,0.0
outlay,Discretionary,Defense Discretionary,2014-04-01,2016,both,0.0,0.0,0.0,0.0
outlay,Discretionary,Defense Discretionary,2014-04-01,2017,both,0.0,0.0,0.0,0.0
outlay,Discretionary,Defense Discretionary,2014-04-01,2018,both,0.0,0.0,0.0,0.0
outlay,Discretionary,Defense Discretionary,2014-04-01,2019,both,0.0,0.0,0.0,0.0
outlay,Discretionary,Defense Discretionary,2014-04-01,2020,both,0.0,0.0,0.0,0.0
outlay,Discretionary,Defense Discretionary,2014-04-01,2021,both,0.0,0.0,0.0,0.0
outlay,Discretionary,Defense Discretionary,2014-04-01,2022,both,0.0,0.0,0.0,0.0
outlay,Discretionary,Defense Discretionary,2014-04-01,2023,both,0.0,0.0,0.0,0.0
outlay,Discretionary,Defense Discretionary,2014-04-01,2024,both,0.0,0.0,0.0,0.0
outlay,Discretionary,Defense Discretionary,2015-03-01,2015,both,0.0,0.0,0.0,0.0
outlay,Discretionary,Defense Discretionary,2015-03-01,2016,both,0.0,0.0,0.0,0.0
outlay,Discretionary,Defense Discretionary,2015-03-01,2017,both,0.0,0.0,0.0,0.0
outlay,Discretionary,Defense Discretionary,2015-03-01,2018,both,0.0,0.0,0.0,0.0
outlay,Discretionary,Defense Discretionary,2015-03-01,2019,both,0.0,0.0,0.0,0.0
outlay,Discretionary,Defense Discretionary,2015-03-01,2020,both,0.0,0.0,0.0,0.0
outlay,Discretionary,Defense Discretionary,2015-03-01,2021,both,0.0,0.0,0.0,0.0
outlay,Discretionary,Defense Discretionary,2015-03-01,2022,both,0.0,0.0,0.0,0.0
outlay,Discretionary,Defense Discretionary,2015-03-01,2023,both,0.0,0.0,0.0,0.0
outlay,Discretionary,Defense Discretionary,2015-03-01,2024,both,0.0,0.0,0.0,0.0
outlay,Discretionary,Defense Discretionary,2015-03-01,2025,both,0.0,0.0,0.0,0.0
outlay,Discretionary,Defense Discretionary,2016-03-01,2016,both,0.0,0.0,0.0,0.0
outlay,Discretionary,Defense Discretionary,2016-03-01,2017,both,0.0,0.0,0.0,0.0
outlay,Discretionary,Defense Discretionary,2016-03-01,2018,both,0.0,0.0,0.0,0.0
outlay,Discretionary,Defense Discretionary,2016-03-01,2019,both,0.0,0.0,0.0,0.0
outlay,Discretionary,Defense Discretionary,2016-03-01,2020,both,0.0,0.0,0.0,0.0
outlay,Discretionary,Defense Discretionary,2016-03-01,2021,both,0.0,0.0,0.0,0.0
outlay,Discretionary,Defense Discretionary,2016-03-01,2022,both,0.0,0.0,0.0,0.0
outlay,Discretionary,Defense Discretionary,2016-03-01,2023,both,0.0,0.0,0.0,0.0
outlay,Discretionary,Defense Discretionary,2016-03-01,2024,both,0.0,0.0,0.0,0.0
outlay,Discretionary,Defense Discretionary,2016-03-01,2025,both,0.0,0.0,0.0,0.0
outlay,Discretionary,Defense Discretionary,2017-06-01,2017,both,0.0,0.0,0.0,0.0
outlay,Discretionary,Defense Discretionary,2017-06-01,2018,both,0.0,0.0,0.0,0.0
outlay,Discretionary,Defense Discretionary,2017-06-01,2019,both,0.0,0.0,0.0,0.0
outlay,Discretionary,Defense Discretionary,2017-06-01,2020,both,0.0,0.0,0.0,0.0
outlay,Discretionary,Defense Discretionary,2017-06-01,2021,both,0.0,0.0,0.0,0.0
outlay,Discretionary,Defense Discretionary,2017-06-01,2022,both,0.0,0.0,0.0,0.0
outlay,Discretionary,Defense Discretionary,2017-06-01,2023,both,0.0,0.0,0.0,0.0
outlay,Discretionary,Defense Discretionary,2017-06-01,2024,both,0.0,0.0,0.0,0.0
outlay,Discretionary,Defense Discretionary,2017-06-01,2025,both,0.0,0.0,0.0,0.0
outlay,Discretionary,Defense Discretionary,2018-05-01,2018,both,0.0,0.0,0.0,0.0
outlay,Discretionary,Defense Discretionary,2018-05-01,2019,both,0.0,0.0,0.0,0.0
outlay,Discretionary,Defense Discretionary,2018-05-01,2020,both,0.0,0.0,0.0,0.0
outlay,Discretionary,Defense Discretionary,2018-05-01,2021,both,0.0,0.0,0.0,0.0
outlay,Discretionary,Defense Discretionary,2018-05-01,2022,both,0.0,0.0,0.0,0.0
outlay,Discretionary,Defense Discretionary,2018-05-01,2023,both,0.0,0.0,0.0,0.0
outlay,Discretionary,Defense Discretionary,2018-05-01,2024,both,0.0,0.0,0.0,0.0
outlay,Discretionary,Defense Discretionary,2018-05-01,2025,both,0.0,0.0,0.0,0.0
outlay,Discretionary,Defense Discretionary,2019-05-01,2019,both,0.0,0.0,0.0,0.0
outlay,Discretionary,Defense Discretionary,2019-05-01,2020,both,0.0,0.0,0.0,0.0
outlay,Discretionary,Defense Discretionary,2019-05-01,2021,both,0.0,0.0,0.0,0.0
outlay,Discretionary,Defense Discretionary,2019-05-01,2022,both,0.0,0.0,0.0,0.0
outlay,Discretionary,Defense Discretionary,2019-05-01,2023,both,0.0,0.0,0.0,0.0
outlay,Discretionary,Defense Discretionary,2019-05-01,2024,both,0.0,0.0,0.0,0.0
outlay,Discretionary,Defense Discretionary,2019-05-01,2025,both,0.0,0.0,0.0,0.0
outlay,Discretionary,Defense Discretionary,2020-03-01,2020,both,0.0,0.0,0.0,0.0
outlay,Discretionary,Defense Discretionary,2020-03-01,2021,both,0.0,0.0,0.0,0.0
outlay,Discretionary,Defense Discretionary,2020-03-01,2022,both,0.0,0.0,0.0,0.0
outlay,Discretionary,Defense Discretionary,2020-03-01,2023,both,0.0,0.0,0.0,0.0
outlay,Discretionary,Defense Discretionary,2020-03-01,2024,both,0.0,0.0,0.0,0.0
outlay,Discretionary,Defense Discretionary,2020-03-01,2025,both,0.0,0.0,0.0,0.0
outlay,Discretionary,Defense Discretionary,2021-07-01,2021,both,0.0,0.0,0.0,0.0
outlay,Discretionary,Defense Discretionary,2021-07-01,2022,both,0.0,0.0,0.0,0.0
outlay,Discretionary,Defense Discretionary,2021-07-01,2023,both,0.0,0.0,0.0,0.0
outlay,Discretionary,Defense Discretionary,2021-07-01,2024,both,0.0,0.0,0.0,0.0
outlay,Discretionary,Defense Discretionary,2021-07-01,2025,both,0.0,0.0,0.0,0.0
outlay,Discretionary,Defense Discretionary,2022-05-01,2022,both,0.0,0.0,0.0,0.0
outlay,Discretionary,Defense Discretionary,2022-05-01,2023,both,0.0,0.0,0.0,0.0
outlay,Discretionary,Defense Discretionary,2022-05-01,2024,both,0.0,0.0,0.0,0.0
outlay,Discretionary,Defense Discretionary,2022-05-01,2025,both,0.0,0.0,0.0,0.0
outlay,Discretionary,Defense Discretionary,2023-05-01,2023,both,0.0,0.0,0.0,0.0
outlay,Discretionary,Defense Discretionary,2023-05-01,2024,both,0.0,0.0,0.0,0.0
outlay,Discretionary,Defense Discretionary,2023-05-01,2025,both,0.0,0.0,0.0,0.0
outlay,Discretionary,Defense Discretionary,2024-06-01,2024,both,0.0,0.0,0.0,0.0
outlay,Discretionary,Defense Discretionary,2024-06-01,2025,both,0.0,0.0,0.0,0.0
outlay,Discretionary,Defense Discretionary,2025-01-01,2025,both,0.0,0.0,0.0,0.0
outlay,Discretionary,Nondefense Discretionary,1998-03-01,1998,both,0.0,0.0,0.0,0.0
outlay,Discretionary,Nondefense Discretionary,1998-03-01,1999,both,0.0,0.0,0.0,0.0
outlay,Discretionary,Nondefense Discretionary,1998-03-01,2000,both,0.0,0.0,0.0,0.0
outlay,Discretionary,Nondefense Discretionary,1998-03-01,2001,both,0.0,0.0,0.0,0.0
outlay,Discretionary,Nondefense Discretionary,1998-03-01,2002,both,0.0,0.0,0.0,0.0
outlay,Discretionary,Nondefense Discretionary,1998-03-01,2003,both,0.0,0.0,0.0,0.0
outlay,Discretionary,Nondefense Discretionary,1998-03-01,2004,both,0.0,0.0,0.0,0.0
outlay,Discretionary,Nondefense Discretionary,1998-03-01,2005,both,0.0,0.0,0.0,0.0
outlay,Discretionary,Nondefense Discretionary,1998-03-01,2006,both,0.0,0.0,0.0,0.0
outlay,Discretionary,Nondefense Discretionary,1998-03-01,2007,both,0.0,0.0,0.0,0.0
outlay,Discretionary,Nondefense Discretionary,1998-03-01,2008,both,0.0,0.0,0.0,0.0
outlay,Discretionary,Nondefense Discretionary,1999-04-01,1999,both,0.0,0.0,0.0,0.0
outlay,Discretionary,Nondefense Discretionary,1999-04-01,2000,both,0.0,0.0,0.0,0.0
outlay,Discretionary,Nondefense Discretionary,1999-04-01,2001,both,0.0,0.0,0.0,0.0
outlay,Discretionary,Nondefense Discretionary,1999-04-01,2002,both,0.0,0.0,0.0,0.0
outlay,Discretionary,Nondefense Discretionary,1999-04-01,2003,both,0.0,0.0,0.0,0.0
outlay,Discretionary,Nondefense Discretionary,1999-04-01,2004,both,0.0,0.0,0.0,0.0
outlay,Discretionary,Nondefense Discretionary,1999-04-01,2005,both,0.0,0.0,0.0,0.0
outlay,Discretionary,Nondefense Discretionary,1999-04-01,2006,both,0.0,0.0,0.0,0.0
outlay,Discretionary,Nondefense Discretionary,1999-04-01,2007,both,0.0,0.0,0.0,0.0
outlay,Discretionary,Nondefense Discretionary,1999-04-01,2008,both,0.0,0.0,0.0,0.0
outlay,Discretionary,Nondefense Discretionary,1999-04-01,2009,both,0.0,0.0,0.0,0.0
outlay,Discretionary,Nondefense Discretionary,2000-04-01,2000,both,0.0,0.0,0.0,0.0
outlay,Discretionary,Nondefense Discretionary,2000-04-01,2001,both,0.0,0.0,0.0,0.0
outlay,Discretionary,Nondefense Discretionary,2000-04-01,2002,both,0.0,0.0,0.0,0.0
outlay,Discretionary,Nondefense Discretionary,2000-04-01,2003,both,0.0,0.0,0.0,0.0
outlay,Discretionary,Nondefense Discretionary,2000-04-01,2004,both,0.0,0.0,0.0,0.0
outlay,Discretionary,Nondefense Discretionary,2000-04-01,2005,both,0.0,0.0,0.0,0.0
outlay,Discretionary,Nondefense Discretionary,2000-04-01,2006,both,0.0,0.0,0.0,0.0
outlay,Discretionary,Nondefense Discretionary,2000-04-01,2007,both,0.0,0.0,0.0,0.0
outlay,Discretionary,Nondefense Discretionary,2000-04-01,2008,both,0.0,0.0,0.0,0.0
outlay,Discretionary,Nondefense Discretionary,2000-04-01,2009,both,0.0,0.0,0.0,0.0
outlay,Discretionary,Nondefense Discretionary,2000-04-01,2010,both,0.0,0.0,0.0,0.0
outlay,Discretionary,Nondefense Discretionary,2001-05-01,2001,both,0.0,0.0,0.0,0.0
outlay,Discretionary,Nondefense Discretionary,2001-05-01,2002,both,0.0,0.0,0.0,0.0
outlay,Discretionary,Nondefense Discretionary,2001-05-01,2003,both,0.0,0.0,0.0,0.0
outlay,Discretionary,Nondefense Discretionary,2001-05-01,2004,both,0.0,0.0,0.0,0.0
outlay,Discretionary,Nondefense Discretionary,2001-05-01,2005,both,0.0,0.0,0.0,0.0
outlay,Discretionary,Nondefense Discretionary,2001-05-01,2006,both,0.0,0.0,0.0,0.0
outlay,Discretionary,Nondefense Discretionary,2001-05-01,2007,both,0.0,0.0,0.0,0.0
outlay,Discretionary,Nondefense Discretionary,2001-05-01,2008,both,0.0,0.0,0.0,0.0
outlay,Discretionary,Nondefense Discretionary,2001-05-01,2009,both,0.0,0.0,0.0,0.0
outlay,Discretionary,Nondefense Discretionary,2001-05-01,2010,both,0.0,0.0,0.0,0.0
outlay,Discretionary,Nondefense Discretionary,2001-05-01,2011,both,0.0,0.0,0.0,0.0
outlay,Discretionary,Nondefense Discretionary,2002-03-01,2002,both,0.0,0.0,0.0,0.0
outlay,Discretionary,Nondefense Discretionary,2002-03-01,2003,both,0.0,0.0,0.0,0.0
outlay,Discretionary,Nondefense Discretionary,2002-03-01,2004,both,0.0,0.0,0.0,0.0
outlay,Discretionary,Nondefense Discretionary,2002-03-01,2005,both,0.0,0.0,0.0,0.0
outlay,Discretionary,Nondefense Discretionary,2002-03-01,2006,both,0.0,0.0,0.0,0.0
outlay,Discretionary,Nondefense Discretionary,2002-03-01,2007,both,0.0,0.0,0.0,0.0
outlay,Discretionary,Nondefense Discretionary,2002-03-01,2008,both,0.0,0.0,0.0,0.0
outlay,Discretionary,Nondefense Discretionary,2002-03-01,2009,both,0.0,0.0,0.0,0.0
outlay,Discretionary,Nondefense Discretionary,2002-03-01,2010,both,0.0,0.0,0.0,0.0
outlay,Discretionary,Nondefense Discretionary,2002-03-01,2011,both,0.0,0.0,0.0,0.0
outlay,Discretionary,Nondefense Discretionary,2002-03-01,2012,both,0.0,0.0,0.0,0.0
outlay,Discretionary,Nondefense Discretionary,2003-03-01,2003,both,0.0,0.0,0.0,0.0
outlay,Discretionary,Nondefense Discretionary,2003-03-01,2004,both,0.0,0.0,0.0,0.0
outlay,Discretionary,Nondefense Discretionary,2003-03-01,2005,both,0.0,0.0,0.0,0.0
outlay,Discretionary,Nondefense Discretionary,2003-03-01,2006,both,0.0,0.0,0.0,0.0
outlay,Discretionary,Nondefense Discretionary,2003-03-01,2007,both,0.0,0.0,0.0,0.0
outlay,Discretionary,Nondefense Discretionary,2003-03-01,2008,both,0.0,0.0,0.0,0.0
outlay,Discretionary,Nondefense Discretionary,2003-03-01,2009,both,0.0,0.0,0.0,0.0
outlay,Discretionary,Nondefense Discretionary,2003-03-01,2010,both,0.0,0.0,0.0,0.0
outlay,Discretionary,Nondefense Discretionary,2003-03-01,2011,both,0.0,0.0,0.0,0.0
outlay,Discretionary,Nondefense Discretionary,2003-03-01,2012,both,0.0,0.0,0.0,0.0
outlay,Discretionary,Nondefense Discretionary,2003-03-01,2013,both,0.0,0.0,0.0,0.0
outlay,Discretionary,Nondefense Discretionary,2004-03-01,2004,both,0.0,0.0,0.0,0.0
outlay,Discretionary,Nondefense Discretionary,2004-03-01,2005,both,0.0,0.0,0.0,0.0
outlay,Discretionary,Nondefense Discretionary,2004-03-01,2006,both,0.0,0.0,0.0,0.0
outlay,Discretionary,Nondefense Discretionary,2004-03-01,2007,both,0.0,0.0,0.0,0.0
outlay,Discretionary,Nondefense Discretionary,2004-03-01,2008,both,0.0,0.0,0.0,0.0
outlay,Discretionary,Nondefense Discretionary,2004-03-01,2009,both,0.0,0.0,0.0,0.0
outlay,Discretionary,Nondefense Discretionary,2004-03-01,2010,both,0.0,0.0,0.0,0.0
outlay,Discretionary,Nondefense Discretionary,2004-03-01,2011,both,0.0,0.0,0.0,0.0
outlay,Discretionary,Nondefense Discretionary,2004-03-01,2012,both,0.0,0.0,0.0,0.0
outlay,Discretionary,Nondefense Discretionary,2004-03-01,2013,both,0.0,0.0,0.0,0.0
outlay,Discretionary,Nondefense Discretionary,2004-03-01,2014,both,0.0,0.0,0.0,0.0
outlay,Discretionary,Nondefense Discretionary,2005-03-01,2005,both,0.0,0.0,0.0,0.0
outlay,Discretionary,Nondefense Discretionary,2005-03-01,2006,both,0.0,0.0,0.0,0.0
outlay,Discretionary,Nondefense Discretionary,2005-03-01,2007,both,0.0,0.0,0.0,0.0
outlay,Discretionary,Nondefense Discretionary,2005-03-01,2008,both,0.0,0.0,0.0,0.0
outlay,Discretionary,Nondefense Discretionary,2005-03-01,2009,both,0.0,0.0,0.0,0.0
outlay,Discretionary,Nondefense Discretionary,2005-03-01,2010,both,0.0,0.0,0.0,0.0
outlay,Discretionary,Nondefense Discretionary,2005-03-01,2011,both,0.0,0.0,0.0,0.0
outlay,Discretionary,Nondefense Discretionary,2005-03-01,2012,both,0.0,0.0,0.0,0.0
outlay,Discretionary,Nondefense Discretionary,2005-03-01,2013,both,0.0,0.0,0.0,0.0
outlay,Discretionary,Nondefense Discretionary,2005-03-01,2014,both,0.0,0.0,0.0,0.0
outlay,Discretionary,Nondefense Discretionary,2005-03-01,2015,both,0.0,0.0,0.0,0.0
outlay,Discretionary,Nondefense Discretionary,2006-03-01,2006,both,0.0,0.0,0.0,0.0
outlay,Discretionary,Nondefense Discretionary,2006-03-01,2007,both,0.0,0.0,0.0,0.0
outlay,Discretionary,Nondefense Discretionary,2006-03-01,2008,both,0.0,0.0,0.0,0.0
outlay,Discretionary,Nondefense Discretionary,2006-03-01,2009,both,0.0,0.0,0.0,0.0
outlay,Discretionary,Nondefense Discretionary,2006-03-01,2010,both,0.0,0.0,0.0,0.0
outlay,Discretionary,Nondefense Discretionary,2006-03-01,2011,both,0.0,0.0,0.0,0.0
outlay,Discretionary,Nondefense Discretionary,2006-03-01,2012,both,0.0,0.0,0.0,0.0
outlay,Discretionary,Nondefense Discretionary,2006-03-01,2013,both,0.0,0.0,0.0,0.0
outlay,Discretionary,Nondefense Discretionary,2006-03-01,2014,both,0.0,0.0,0.0,0.0
outlay,Discretionary,Nondefense Discretionary,2006-03-01,2015,both,0.0,0.0,0.0,0.0
outlay,Discretionary,Nondefense Discretionary,2006-03-01,2016,both,0.0,0.0,0.0,0.0
outlay,Discretionary,Nondefense Discretionary,2007-03-01,2007,both,0.0,0.0,0.0,0.0
outlay,Discretionary,Nondefense Discretionary,2007-03-01,2008,both,0.0,0.0,0.0,0.0
outlay,Discretionary,Nondefense Discretionary,2007-03-01,2009,both,0.0,0.0,0.0,0.0
outlay,Discretionary,Nondefense Discretionary,2007-03-01,2010,both,0.0,0.0,0.0,0.0
outlay,Discretionary,Nondefense Discretionary,2007-03-01,2011,both,0.0,0.0,0.0,0.0
outlay,Discretionary,Nondefense Discretionary,2007-03-01,2012,both,0.0,0.0,0.0,0.0
outlay,Discretionary,Nondefense Discretionary,2007-03-01,2013,both,0.0,0.0,0.0,0.0
outlay,Discretionary,Nondefense Discretionary,2007-03-01,2014,both,0.0,0.0,0.0,0.0
outlay,Discretionary,Nondefense Discretionary,2007-03-01,2015,both,0.0,0.0,0.0,0.0
outlay,Discretionary,Nondefense Discretionary,2007-03-01,2016,both,0.0,0.0,0.0,0.0
outlay,Discretionary,Nondefense Discretionary,2007-03-01,2017,both,0.0,0.0,0.0,0.0
outlay,Discretionary,Nondefense Discretionary,2008-03-01,2008,both,0.0,0.0,0.0,0.0
outlay,Discretionary,Nondefense Discretionary,2008-03-01,2009,both,0.0,0.0,0.0,0.0
outlay,Discretionary,Nondefense Discretionary,2008-03-01,2010,both,0.0,0.0,0.0,0.0
outlay,Discretionary,Nondefense Discretionary,2008-03-01,2011,both,0.0,0.0,0.0,0.0
outlay,Discretionary,Nondefense Discretionary,2008-03-01,2012,both,0.0,0.0,0.0,0.0
outlay,Discretionary,Nondefense Discretionary,2008-03-01,2013,both,0.0,0.0,0.0,0.0
outlay,Discretionary,Nondefense Discretionary,2008-03-01,2014,both,0.0,0.0,0.0,0.0
outlay,Discretionary,Nondefense Discretionary,2008-03-01,2015,both,0.0,0.0,0.0,0.0
outlay,Discretionary,Nondefense Discretionary,2008-03-01,2016,both,0.0,0.0,0.0,0.0
outlay,Discretionary,Nondefense Discretionary,2008-03-01,2017,both,0.0,0.0,0.0,0.0
outlay,Discretionary,Nondefense Discretionary,2008-03-01,2018,both,0.0,0.0,0.0,0.0
outlay,Discretionary,Nondefense Discretionary,2009-03-01,2009,both,0.0,0.0,0.0,0.0
outlay,Discretionary,Nondefense Discretionary,2009-03-01,2010,both,0.0,0.0,0.0,0.0
outlay,Discretionary,Nondefense Discretionary,2009-03-01,2011,both,0.0,0.0,0.0,0.0
outlay,Discretionary,Nondefense Discretionary,2009-03-01,2012,both,0.0,0.0,0.0,0.0
outlay,Discretionary,Nondefense Discretionary,2009-03-01,2013,both,0.0,0.0,0.0,0.0
outlay,Discretionary,Nondefense Discretionary,2009-03-01,2014,both,0.0,0.0,0.0,0.0
outlay,Discretionary,Nondefense Discretionary,2009-03-01,2015,both,0.0,0.0,0.0,0.0
outlay,Discretionary,Nondefense Discretionary,2009-03-01,2016,both,0.0,0.0,0.0,0.0
outlay,Discretionary,Nondefense Discretionary,2009-03-01,2017,both,0.0,0.0,0.0,0.0
outlay,Discretionary,Nondefense Discretionary,2009-03-01,2018,both,0.0,0.0,0.0,0.0
outlay,Discretionary,Nondefense Discretionary,2009-03-01,2019,both,0.0,0.0,0.0,0.0
outlay,Discretionary,Nondefense Discretionary,2010-03-01,2010,both,0.0,0.0,0.0,0.0
outlay,Discretionary,Nondefense Discretionary,2010-03-01,2011,both,0.0,0.0,0.0,0.0
outlay,Discretionary,Nondefense Discretionary,2010-03-01,2012,both,0.0,0.0,0.0,0.0
outlay,Discretionary,Nondefense Discretionary,2010-03-01,2013,both,0.0,0.0,0.0,0.0
outlay,Discretionary,Nondefense Discretionary,2010-03-01,2014,both,0.0,0.0,0.0,0.0
outlay,Discretionary,Nondefense Discretionary,2010-03-01,2015,both,0.0,0.0,0.0,0.0
outlay,Discretionary,Nondefense Discretionary,2010-03-01,2016,both,0.0,0.0,0.0,0.0
outlay,Discretionary,Nondefense Discretionary,2010-03-01,2017,both,0.0,0.0,0.0,0.0
outlay,Discretionary,Nondefense Discretionary,2010-03-01,2018,both,0.0,0.0,0.0,0.0
outlay,Discretionary,Nondefense Discretionary,2010-03-01,2019,both,0.0,0.0,0.0,0.0
outlay,Discretionary,Nondefense Discretionary,2010-03-01,2020,both,0.0,0.0,0.0,0.0
outlay,Discretionary,Nondefense Discretionary,2011-03-01,2011,both,0.0,0.0,0.0,0.0
outlay,Discretionary,Nondefense Discretionary,2011-03-01,2012,both,0.0,0.0,0.0,0.0
outlay,Discretionary,Nondefense Discretionary,2011-03-01,2013,both,0.0,0.0,0.0,0.0
outlay,Discretionary,Nondefense Discretionary,2011-03-01,2014,both,0.0,0.0,0.0,0.0
outlay,Discretionary,Nondefense Discretionary,2011-03-01,2015,both,0.0,0.0,0.0,0.0
outlay,Discretionary,Nondefense Discretionary,2011-03-01,2016,both,0.0,0.0,0.0,0.0
outlay,Discretionary,Nondefense Discretionary,2011-03-01,2017,both,0.0,0.0,0.0,0.0
outlay,Discretionary,Nondefense Discretionary,2011-03-01,2018,both,0.0,0.0,0.0,0.0
outlay,Discretionary,Nondefense Discretionary,2011-03-01,2019,both,0.0,0.0,0.0,0.0
outlay,Discretionary,Nondefense Discretionary,2011-03-01,2020,both,0.0,0.0,0.0,0.0
outlay,Discretionary,Nondefense Discretionary,2011-03-01,2021,both,0.0,0.0,0.0,0.0
outlay,Discretionary,Nondefense Discretionary,2012-03-01,2012,both,0.0,0.0,0.0,0.0
outlay,Discretionary,Nondefense Discretionary,2012-03-01,2013,both,0.0,0.0,0.0,0.0
outlay,Discretionary,Nondefense Discretionary,2012-03-01,2014,both,0.0,0.0,0.0,0.0
outlay,Discretionary,Nondefense Discretionary,2012-03-01,2015,both,0.0,0.0,0.0,0.0
outlay,Discretionary,Nondefense Discretionary,2012-03-01,2016,both,0.0,0.0,0.0,0.0
outlay,Discretionary,Nondefense Discretionary,2012-03-01,2017,both,0.0,0.0,0.0,0.0
outlay,Discretionary,Nondefense Discretionary,2012-03-01,2018,both,0.0,0.0,0.0,0.0
outlay,Discretionary,Nondefense Discretionary,2012-03-01,2019,both,0.0,0.0,0.0,0.0
outlay,Discretionary,Nondefense Discretionary,2012-03-01,2020,both,0.0,0.0,0.0,0.0
outlay,Discretionary,Nondefense Discretionary,2012-03-01,2021,both,0.0,0.0,0.0,0.0
outlay,Discretionary,Nondefense Discretionary,2012-03-01,2022,both,0.0,0.0,0.0,0.0
outlay,Discretionary,Nondefense Discretionary,2013-05-01,2013,both,0.0,0.0,0.0,0.0
outlay,Discretionary,Nondefense Discretionary,2013-05-01,2014,both,0.0,0.0,0.0,0.0
outlay,Discretionary,Nondefense Discretionary,2013-05-01,2015,both,0.0,0.0,0.0,0.0
outlay,Discretionary,Nondefense Discretionary,2013-05-01,2016,both,0.0,0.0,0.0,0.0
outlay,Discretionary,Nondefense Discretionary,2013-05-01,2017,both,0.0,0.0,0.0,0.0
outlay,Discretionary,Nondefense Discretionary,2013-05-01,2018,both,0.0,0.0,0.0,0.0
outlay,Discretionary,Nondefense Discretionary,2013-05-01,2019,both,0.0,0.0,0.0,0.0
outlay,Discretionary,Nondefense Discretionary,2013-05-01,2020,both,0.0,0.0,0.0,0.0
outlay,Discretionary,Nondefense Discretionary,2013-05-01,2021,both,0.0,0.0,0.0,0.0
outlay,Discretionary,Nondefense Discretionary,2013-05-01,2022,both,0.0,0.0,0.0,0.0
outlay,Discretionary,Nondefense Discretionary,2013-05-01,2023,both,0.0,0.0,0.0,0.0
outlay,Discretionary,Nondefense Discretionary,2014-04-01,2014,both,0.0,0.0,0.0,0.0
outlay,Discretionary,Nondefense Discretionary,2014-04-01,2015,both,0.0,0.0,0.0,0.0
outlay,Discretionary,Nondefense Discretionary,2014-04-01,2016,both,0.0,0.0,0.0,0.0
outlay,Discretionary,Nondefense Discretionary,2014-04-01,2017,both,0.0,0.0,0.0,0.0
outlay,Discretionary,Nondefense Discretionary,2014-04-01,2018,both,0.0,0.0,0.0,0.0
outlay,Discretionary,Nondefense Discretionary,2014-04-01,2019,both,0.0,0.0,0.0,0.0
outlay,Discretionary,Nondefense Discretionary,2014-04-01,2020,both,0.0,0.0,0.0,0.0
outlay,Discretionary,Nondefense Discretionary,2014-04-01,2021,both,0.0,0.0,0.0,0.0
outlay,Discretionary,Nondefense Discretionary,2014-04-01,2022,both,0.0,0.0,0.0,0.0
outlay,Discretionary,Nondefense Discretionary,2014-04-01,2023,both,0.0,0.0,0.0,0.0
outlay,Discretionary,Nondefense Discretionary,2014-04-01,2024,both,0.0,0.0,0.0,0.0
outlay,Discretionary,Nondefense Discretionary,2015-03-01,2015,both,0.0,0.0,0.0,0.0
outlay,Discretionary,Nondefense Discretionary,2015-03-01,2016,both,0.0,0.0,0.0,0.0
outlay,Discretionary,Nondefense Discretionary,2015-03-01,2017,both,0.0,0.0,0.0,0.0
outlay,Discretionary,Nondefense Discretionary,2015-03-01,2018,both,0.0,0.0,0.0,0.0
outlay,Discretionary,Nondefense Discretionary,2015-03-01,2019,both,0.0,0.0,0.0,0.0
outlay,Discretionary,Nondefense Discretionary,2015-03-01,2020,both,0.0,0.0,0.0,0.0
outlay,Discretionary,Nondefense Discretionary,2015-03-01,2021,both,0.0,0.0,0.0,0.0
outlay,Discretionary,Nondefense Discretionary,2015-03-01,2022,both,0.0,0.0,0.0,0.0
outlay,Discretionary,Nondefense Discretionary,2015-03-01,2023,both,0.0,0.0,0.0,0.0
outlay,Discretionary,Nondefense Discretionary,2015-03-01,2024,both,0.0,0.0,0.0,0.0
outlay,Discretionary,Nondefense Discretionary,2015-03-01,2025,both,0.0,0.0,0.0,0.0
outlay,Discretionary,Nondefense Discretionary,2016-03-01,2016,both,0.0,0.0,0.0,0.0
outlay,Discretionary,Nondefense Discretionary,2016-03-01,2017,both,0.0,0.0,0.0,0.0
outlay,Discretionary,Nondefense Discretionary,2016-03-01,2018,both,0.0,0.0,0.0,0.0
outlay,Discretionary,Nondefense Discretionary,2016-03-01,2019,both,0.0,0.0,0.0,0.0
outlay,Discretionary,Nondefense Discretionary,2016-03-01,2020,both,0.0,0.0,0.0,0.0
outlay,Discretionary,Nondefense Discretionary,2016-03-01,2021,both,0.0,0.0,0.0,0.0
outlay,Discretionary,Nondefense Discretionary,2016-03-01,2022,both,0.0,0.0,0.0,0.0
outlay,Discretionary,Nondefense Discretionary,2016-03-01,2023,both,0.0,0.0,0.0,0.0
outlay,Discretionary,Nondefense Discretionary,2016-03-01,2024,both,0.0,0.0,0.0,0.0
outlay,Discretionary,Nondefense Discretionary,2016-03-01,2025,both,0.0,0.0,0.0,0.0
outlay,Discretionary,Nondefense Discretionary,2017-06-01,2017,both,0.0,0.0,0.0,0.0
outlay,Discretionary,Nondefense Discretionary,2017-06-01,2018,both,0.0,0.0,0.0,0.0
outlay,Discretionary,Nondefense Discretionary,2017-06-01,2019,both,0.0,0.0,0.0,0.0
outlay,Discretionary,Nondefense Discretionary,2017-06-01,2020,both,0.0,0.0,0.0,0.0
outlay,Discretionary,Nondefense Discretionary,2017-06-01,2021,both,0.0,0.0,0.0,0.0
outlay,Discretionary,Nondefense Discretionary,2017-06-01,2022,both,0.0,0.0,0.0,0.0
outlay,Discretionary,Nondefense Discretionary,2017-06-01,2023,both,0.0,0.0,0.0,0.0
outlay,Discretionary,Nondefense Discretionary,2017-06-01,2024,both,0.0,0.0,0.0,0.0
outlay,Discretionary,Nondefense Discretionary,2017-06-01,2025,both,0.0,0.0,0.0,0.0
outlay,Discretionary,Nondefense Discretionary,2018-05-01,2018,both,0.0,0.0,0.0,0.0
outlay,Discretionary,Nondefense Discretionary,2018-05-01,2019,both,0.0,0.0,0.0,0.0
outlay,Discretionary,Nondefense Discretionary,2018-05-01,2020,both,0.0,0.0,0.0,0.0
outlay,Discretionary,Nondefense Discretionary,2018-05-01,2021,both,0.0,0.0,0.0,0.0
outlay,Discretionary,Nondefense Discretionary,2018-05-01,2022,both,0.0,0.0,0.0,0.0
outlay,Discretionary,Nondefense Discretionary,2018-05-01,2023,both,0.0,0.0,0.0,0.0
outlay,Discretionary,Nondefense Discretionary,2018-05-01,2024,both,0.0,0.0,0.0,0.0
outlay,Discretionary,Nondefense Discretionary,2018-05-01,2025,both,0.0,0.0,0.0,0.0
outlay,Discretionary,Nondefense Discretionary,2019-05-01,2019,both,0.0,0.0,0.0,0.0
outlay,Discretionary,Nondefense Discretionary,2019-05-01,2020,both,0.0,0.0,0.0,0.0
outlay,Discretionary,Nondefense Discretionary,2019-05-01,2021,both,0.0,0.0,0.0,0.0
outlay,Discretionary,Nondefense Discretionary,2019-05-01,2022,both,0.0,0.0,0.0,0.0
outlay,Discretionary,Nondefense Discretionary,2019-05-01,2023,both,0.0,0.0,0.0,0.0
outlay,Discretionary,Nondefense Discretionary,2019-05-01,2024,both,0.0,0.0,0.0,0.0
outlay,Discretionary,Nondefense Discretionary,2019-05-01,2025,both,0.0,0.0,0.0,0.0
outlay,Discretionary,Nondefense Discretionary,2020-03-01,2020,both,0.0,0.0,0.0,0.0
outlay,Discretionary,Nondefense Discretionary,2020-03-01,2021,both,0.0,0.0,0.0,0.0
outlay,Discretionary,Nondefense Discretionary,2020-03-01,2022,both,0.0,0.0,0.0,0.0
outlay,Discretionary,Nondefense Discretionary,2020-03-01,2023,both,0.0,0.0,0.0,0.0
outlay,Discretionary,Nondefense Discretionary,2020-03-01,2024,both,0.0,0.0,0.0,0.0
outlay,Discretionary,Nondefense Discretionary,2020-03-01,2025,both,0.0,0.0,0.0,0.0
outlay,Discretionary,Nondefense Discretionary,2021-07-01,2021,both,0.0,0.0,0.0,0.0
outlay,Discretionary,Nondefense Discretionary,2021-07-01,2022,both,0.0,0.0,0.0,0.0
outlay,Discretionary,Nondefense Discretionary,2021-07-01,2023,both,0.0,0.0,0.0,0.0
outlay,Discretionary,Nondefense Discretionary,2021-07-01,2024,both,0.0,0.0,0.0,0.0
outlay,Discretionary,Nondefense Discretionary,2021-07-01,2025,both,0.0,0.0,0.0,0.0
outlay,Discretionary,Nondefense Discretionary,2022-05-01,2022,both,0.0,0.0,0.0,0.0
outlay,Discretionary,Nondefense Discretionary,2022-05-01,2023,both,0.0,0.0,0.0,0.0
outlay,Discretionary,Nondefense Discretionary,2022-05-01,2024,both,0.0,0.0,0.0,0.0
outlay,Discretionary,Nondefense Discretionary,2022-05-01,2025,both,0.0,0.0,0.0,0.0
outlay,Discretionary,Nondefense Discretionary,2023-05-01,2023,both,0.0,0.0,0.0,0.0
outlay,Discretionary,Nondefense Discretionary,2023-05-01,2024,both,0.0,0.0,0.0,0.0
outlay,Discretionary,Nondefense Discretionary,2023-05-01,2025,both,0.0,0.0,0.0,0.0
outlay,Discretionary,Nondefense Discretionary,2024-06-01,2024,both,0.0,0.0,0.0,0.0
outlay,Discretionary,Nondefense Discretionary,2024-06-01,2025,both,0.0,0.0,0.0,0.0
outlay,Discretionary,Nondefense Discretionary,2025-01-01,2025,both,0.0,0.0,0.0,0.0
outlay,Discretionary,Total Discretionary,1992-03-01,1992,both,0.0,0.0,0.0,0.0
outlay,Discretionary,Total Discretionary,1992-03-01,1993,both,0.0,0.0,0.0,0.0
outlay,Discretionary,Total Discretionary,1992-03-01,1994,both,0.0,0.0,0.0,0.0
outlay,Discretionary,Total Discretionary,1992-03-01,1995,both,0.0,0.0,0.0,0.0
outlay,Discretionary,Total Discretionary,1992-03-01,1996,both,0.0,0.0,0.0,0.0
outlay,Discretionary,Total Discretionary,1992-03-01,1997,both,0.0,0.0,0.0,0.0
outlay,Discretionary,Total Discretionary,1993-03-01,1993,both,0.0,0.0,0.0,0.0
outlay,Discretionary,Total Discretionary,1993-03-01,1994,both,0.0,0.0,0.0,0.0
outlay,Discretionary,Total Discretionary,1993-03-01,1995,both,0.0,0.0,0.0,0.0
outlay,Discretionary,Total Discretionary,1993-03-01,1996,both,0.0,0.0,0.0,0.0
outlay,Discretionary,Total Discretionary,1993-03-01,1997,both,0.0,0.0,0.0,0.0
outlay,Discretionary,Total Discretionary,1993-03-01,1998,both,0.0,0.0,0.0,0.0
outlay,Discretionary,Total Discretionary,1994-04-01,1994,both,0.0,0.0,0.0,0.0
outlay,Discretionary,Total Discretionary,1994-04-01,1995,both,0.0,0.0,0.0,0.0
outlay,Discretionary,Total Discretionary,1994-04-01,1996,both,0.0,0.0,0.0,0.0
outlay,Discretionary,Total Discretionary,1994-04-01,1997,both,0.0,0.0,0.0,0.0
outlay,Discretionary,Total Discretionary,1994-04-01,1998,both,0.0,0.0,0.0,0.0
outlay,Discretionary,Total Discretionary,1994-04-01,1999,both,0.0,0.0,0.0,0.0
outlay,Discretionary,Total Discretionary,1995-04-01,1995,both,0.0,0.0,0.0,0.0
outlay,Discretionary,Total Discretionary,1995-04-01,1996,both,0.0,0.0,0.0,0.0
outlay,Discretionary,Total Discretionary,1995-04-01,1997,both,0.0,0.0,0.0,0.0
outlay,Discretionary,Total Discretionary,1995-04-01,1998,both,0.0,0.0,0.0,0.0
outlay,Discretionary,Total Discretionary,1995-04-01,1999,both,0.0,0.0,0.0,0.0
outlay,Discretionary,Total Discretionary,1995-04-01,2000,both,0.0,0.0,0.0,0.0
outlay,Discretionary,Total Discretionary,1996-05-01,1996,both,0.0,0.0,0.0,0.0
outlay,Discretionary,Total Discretionary,1996-05-01,1997,both,0.0,0.0,0.0,0.0
outlay,Discretionary,Total Discretionary,1996-05-01,1998,both,0.0,0.0,0.0,0.0
outlay,Discretionary,Total Discretionary,1996-05-01,1999,both,0.0,0.0,0.0,0.0
outlay,Discretionary,Total Discretionary,1996-05-01,2000,both,0.0,0.0,0.0,0.0
outlay,Discretionary,Total Discretionary,1996-05-01,2001,both,0.0,0.0,0.0,0.0
outlay,Discretionary,Total Discretionary,1996-05-01,2002,both,0.0,0.0,0.0,0.0
outlay,Discretionary,Total Discretionary,1996-05-01,2003,both,0.0,0.0,0.0,0.0
outlay,Discretionary,Total Discretionary,1996-05-01,2004,both,0.0,0.0,0.0,0.0
outlay,Discretionary,Total Discretionary,1996-05-01,2005,both,0.0,0.0,0.0,0.0
outlay,Discretionary,Total Discretionary,1996-05-01,2006,both,0.0,0.0,0.0,0.0
outlay,Discretionary,Total Discretionary,1997-03-01,1997,both,0.0,0.0,0.0,0.0
outlay,Discretionary,Total Discretionary,1997-03-01,1998,both,0.0,0.0,0.0,0.0
outlay,Discretionary,Total Discretionary,1997-03-01,1999,both,0.0,0.0,0.0,0.0
outlay,Discretionary,Total Discretionary,1997-03-01,2000,both,0.0,0.0,0.0,0.0
outlay,Discretionary,Total Discretionary,1997-03-01,2001,both,0.0,0.0,0.0,0.0
outlay,Discretionary,Total Discretionary,1997-03-01,2002,both,0.0,0.0,0.0,0.0
outlay,Discretionary,Total Discretionary,1997-03-01,2003,both,0.0,0.0,0.0,0.0
outlay,Discretionary,Total Discretionary,1997-03-01,2004,both,0.0,0.0,0.0,0.0
outlay,Discretionary,Total Discretionary,1997-03-01,2005,both,0.0,0.0,0.0,0.0
outlay,Discretionary,Total Discretionary,1997-03-01,2006,both,0.0,0.0,0.0,0.0
outlay,Discretionary,Total Discretionary,1997-03-01,2007,both,0.0,0.0,0.0,0.0
outlay,Discretionary,Total Discretionary,1998-03-01,1998,both,0.0,0.0,0.0,0.0
outlay,Discretionary,Total Discretionary,1998-03-01,1999,both,0.0,0.0,0.0,0.0
outlay,Discretionary,Total Discretionary,1998-03-01,2000,both,0.0,0.0,0.0,0.0
outlay,Discretionary,Total Discretionary,1998-03-01,2001,both,0.0,0.0,0.0,0.0
outlay,Discretionary,Total Discretionary,1998-03-01,2002,both,0.0,0.0,0.0,0.0
outlay,Discretionary,Total Discretionary,1998-03-01,2003,both,0.0,0.0,0.0,0.0
outlay,Discretionary,Total Discretionary,1998-03-01,2004,both,0.0,0.0,0.0,0.0
outlay,Discretionary,Total Discretionary,1998-03-01,2005,both,0.0,0.0,0.0,0.0
outlay,Discretionary,Total Discretionary,1998-03-01,2006,both,0.0,0.0,0.0,0.0
outlay,Discretionary,Total Discretionary,1998-03-01,2007,both,0.0,0.0,0.0,0.0
outlay,Discretionary,Total Discretionary,1998-03-01,2008,both,0.0,0.0,0.0,0.0
outlay,Discretionary,Total Discretionary,1999-04-01,1999,both,0.0,0.0,0.0,0.0
outlay,Discretionary,Total Discretionary,1999-04-01,2000,both,0.0,0.0,0.0,0.0
outlay,Discretionary,Total Discretionary,1999-04-01,2001,both,0.0,0.0,0.0,0.0
outlay,Discretionary,Total Discretionary,1999-04-01,2002,both,0.0,0.0,0.0,0.0
outlay,Discretionary,Total Discretionary,1999-04-01,2003,both,0.0,0.0,0.0,0.0
outlay,Discretionary,Total Discretionary,1999-04-01,2004,both,0.0,0.0,0.0,0.0
outlay,Discretionary,Total Discretionary,1999-04-01,2005,both,0.0,0.0,0.0,0.0
outlay,Discretionary,Total Discretionary,1999-04-01,2006,both,0.0,0.0,0.0,0.0
outlay,Discretionary,Total Discretionary,1999-04-01,2007,both,0.0,0.0,0.0,0.0
outlay,Discretionary,Total Discretionary,1999-04-01,2008,both,0.0,0.0,0.0,0.0
outlay,Discretionary,Total Discretionary,1999-04-01,2009,both,0.0,0.0,0.0,0.0
outlay,Discretionary,Total Discretionary,2000-04-01,2000,both,0.0,0.0,0.0,0.0
outlay,Discretionary,Total Discretionary,2000-04-01,2001,both,0.0,0.0,0.0,0.0
outlay,Discretionary,Total Discretionary,2000-04-01,2002,both,0.0,0.0,0.0,0.0
outlay,Discretionary,Total Discretionary,2000-04-01,2003,both,0.0,0.0,0.0,0.0
outlay,Discretionary,Total Discretionary,2000-04-01,2004,both,0.0,0.0,0.0,0.0
outlay,Discretionary,Total Discretionary,2000-04-01,2005,both,0.0,0.0,0.0,0.0
outlay,Discretionary,Total Discretionary,2000-04-01,2006,both,0.0,0.0,0.0,0.0
outlay,Discretionary,Total Discretionary,2000-04-01,2007,both,0.0,0.0,0.0,0.0
outlay,Discretionary,Total Discretionary,2000-04-01,2008,both,0.0,0.0,0.0,0.0
outlay,Discretionary,Total Discretionary,2000-04-01,2009,both,0.0,0.0,0.0,0.0
outlay,Discretionary,Total Discretionary,2000-04-01,2010,both,0.0,0.0,0.0,0.0
outlay,Discretionary,Total Discretionary,2001-05-01,2001,both,0.0,0.0,0.0,0.0
outlay,Discretionary,Total Discretionary,2001-05-01,2002,both,0.0,0.0,0.0,0.0
outlay,Discretionary,Total Discretionary,2001-05-01,2003,both,0.0,0.0,0.0,0.0
outlay,Discretionary,Total Discretionary,2001-05-01,2004,both,0.0,0.0,0.0,0.0
outlay,Discretionary,Total Discretionary,2001-05-01,2005,both,0.0,0.0,0.0,0.0
outlay,Discretionary,Total Discretionary,2001-05-01,2006,both,0.0,0.0,0.0,0.0
outlay,Discretionary,Total Discretionary,2001-05-01,2007,both,0.0,0.0,0.0,0.0
outlay,Discretionary,Total Discretionary,2001-05-01,2008,both,0.0,0.0,0.0,0.0
outlay,Discretionary,Total Discretionary,2001-05-01,2009,both,0.0,0.0,0.0,0.0
outlay,Discretionary,Total Discretionary,2001-05-01,2010,both,0.0,0.0,0.0,0.0
outlay,Discretionary,Total Discretionary,2001-05-01,2011,both,0.0,0.0,0.0,0.0
outlay,Discretionary,Total Discretionary,2002-03-01,2002,both,0.0,0.0,0.0,0.0
outlay,Discretionary,Total Discretionary,2002-03-01,2003,both,0.0,0.0,0.0,0.0
outlay,Discretionary,Total Discretionary,2002-03-01,2004,both,0.0,0.0,0.0,0.0
outlay,Discretionary,Total Discretionary,2002-03-01,2005,both,0.0,0.0,0.0,0.0
outlay,Discretionary,Total Discretionary,2002-03-01,2006,both,0.0,0.0,0.0,0.0
outlay,Discretionary,Total Discretionary,2002-03-01,2007,both,0.0,0.0,0.0,0.0
outlay,Discretionary,Total Discretionary,2002-03-01,2008,both,0.0,0.0,0.0,0.0
outlay,Discretionary,Total Discretionary,2002-03-01,2009,both,0.0,0.0,0.0,0.0
outlay,Discretionary,Total Discretionary,2002-03-01,2010,both,0.0,0.0,0.0,0.0
outlay,Discretionary,Total Discretionary,2002-03-01,2011,both,0.0,0.0,0.0,0.0
outlay,Discretionary,Total Discretionary,2002-03-01,2012,both,0.0,0.0,0.0,0.0
outlay,Discretionary,Total Discretionary,2003-03-01,2003,both,0.0,0.0,0.0,0.0
outlay,Discretionary,Total Discretionary,2003-03-01,2004,both,0.0,0.0,0.0,0.0
outlay,Discretionary,Total Discretionary,2003-03-01,2005,both,0.0,0.0,0.0,0.0
outlay,Discretionary,Total Discretionary,2003-03-01,2006,both,0.0,0.0,0.0,0.0
outlay,Discretionary,Total Discretionary,2003-03-01,2007,both,0.0,0.0,0.0,0.0
outlay,Discretionary,Total Discretionary,2003-03-01,2008,both,0.0,0.0,0.0,0.0
outlay,Discretionary,Total Discretionary,2003-03-01,2009,both,0.0,0.0,0.0,0.0
outlay,Discretionary,Total Discretionary,2003-03-01,2010,both,0.0,0.0,0.0,0.0
outlay,Discretionary,Total Discretionary,2003-03-01,2011,both,0.0,0.0,0.0,0.0
outlay,Discretionary,Total Discretionary,2003-03-01,2012,both,0.0,0.0,0.0,0.0
outlay,Discretionary,Total Discretionary,2003-03-01,2013,both,0.0,0.0,0.0,0.0
outlay,Discretionary,Total Discretionary,2004-03-01,2004,both,0.0,0.0,0.0,0.0
outlay,Discretionary,Total Discretionary,2004-03-01,2005,both,0.0,0.0,0.0,0.0
outlay,Discretionary,Total Discretionary,2004-03-01,2006,both,0.0,0.0,0.0,0.0
outlay,Discretionary,Total Discretionary,2004-03-01,2007,both,0.0,0.0,0.0,0.0
outlay,Discretionary,Total Discretionary,2004-03-01,2008,both,0.0,0.0,0.0,0.0
outlay,Discretionary,Total Discretionary,2004-03-01,2009,both,0.0,0.0,0.0,0.0
outlay,Discretionary,Total Discretionary,2004-03-01,2010,both,0.0,0.0,0.0,0.0
outlay,Discretionary,Total Discretionary,2004-03-01,2011,both,0.0,0.0,0.0,0.0
outlay,Discretionary,Total Discretionary,2004-03-01,2012,both,0.0,0.0,0.0,0.0
outlay,Discretionary,Total Discretionary,2004-03-01,2013,both,0.0,0.0,0.0,0.0
outlay,Discretionary,Total Discretionary,2004-03-01,2014,both,0.0,0.0,0.0,0.0
outlay,Discretionary,Total Discretionary,2005-03-01,2005,both,0.0,0.0,0.0,0.0
outlay,Discretionary,Total Discretionary,2005-03-01,2006,both,0.0,0.0,0.0,0.0
outlay,Discretionary,Total Discretionary,2005-03-01,2007,both,0.0,0.0,0.0,0.0
outlay,Discretionary,Total Discretionary,2005-03-01,2008,both,0.0,0.0,0.0,0.0
outlay,Discretionary,Total Discretionary,2005-03-01,2009,both,0.0,0.0,0.0,0.0
outlay,Discretionary,Total Discretionary,2005-03-01,2010,both,0.0,0.0,0.0,0.0
outlay,Discretionary,Total Discretionary,2005-03-01,2011,both,0.0,0.0,0.0,0.0
outlay,Discretionary,Total Discretionary,2005-03-01,2012,both,0.0,0.0,0.0,0.0
outlay,Discretionary,Total Discretionary,2005-03-01,2013,both,0.0,0.0,0.0,0.0
outlay,Discretionary,Total Discretionary,2005-03-01,2014,both,0.0,0.0,0.0,0.0
outlay,Discretionary,Total Discretionary,2005-03-01,2015,both,0.0,0.0,0.0,0.0
outlay,Discretionary,Total Discretionary,2006-03-01,2006,both,0.0,0.0,0.0,0.0
outlay,Discretionary,Total Discretionary,2006-03-01,2007,both,0.0,0.0,0.0,0.0
outlay,Discretionary,Total Discretionary,2006-03-01,2008,both,0.0,0.0,0.0,0.0
outlay,Discretionary,Total Discretionary,2006-03-01,2009,both,0.0,0.0,0.0,0.0
outlay,Discretionary,Total Discretionary,2006-03-01,2010,both,0.0,0.0,0.0,0.0
outlay,Discretionary,Total Discretionary,2006-03-01,2011,both,0.0,0.0,0.0,0.0
outlay,Discretionary,Total Discretionary,2006-03-01,2012,both,0.0,0.0,0.0,0.0
outlay,Discretionary,Total Discretionary,2006-03-01,2013,both,0.0,0.0,0.0,0.0
outlay,Discretionary,Total Discretionary,2006-03-01,2014,both,0.0,0.0,0.0,0.0
outlay,Discretionary,Total Discretionary,2006-03-01,2015,both,0.0,0.0,0.0,0.0
outlay,Discretionary,Total Discretionary,2006-03-01,2016,both,0.0,0.0,0.0,0.0
outlay,Discretionary,Total Discretionary,2007-03-01,2007,both,0.0,0.0,0.0,0.0
outlay,Discretionary,Total Discretionary,2007-03-01,2008,both,0.0,0.0,0.0,0.0
outlay,Discretionary,Total Discretionary,2007-03-01,2009,both,0.0,0.0,0.0,0.0
outlay,Discretionary,Total Discretionary,2007-03-01,2010,both,0.0,0.0,0.0,0.0
outlay,Discretionary,Total Discretionary,2007-03-01,2011,both,0.0,0.0,0.0,0.0
outlay,Discretionary,Total Discretionary,2007-03-01,2012,both,0.0,0.0,0.0,0.0
outlay,Discretionary,Total Discretionary,2007-03-01,2013,both,0.0,0.0,0.0,0.0
outlay,Discretionary,Total Discretionary,2007-03-01,2014,both,0.0,0.0,0.0,0.0
outlay,Discretionary,Total Discretionary,2007-03-01,2015,both,0.0,0.0,0.0,0.0
outlay,Discretionary,Total Discretionary,2007-03-01,2016,both,0.0,0.0,0.0,0.0
outlay,Discretionary,Total Discretionary,2007-03-01,2017,both,0.0,0.0,0.0,0.0
outlay,Discretionary,Total Discretionary,2008-03-01,2008,both,0.0,0.0,0.0,0.0
outlay,Discretionary,Total Discretionary,2008-03-01,2009,both,0.0,0.0,0.0,0.0
outlay,Discretionary,Total Discretionary,2008-03-01,2010,both,0.0,0.0,0.0,0.0
outlay,Discretionary,Total Discretionary,2008-03-01,2011,both,0.0,0.0,0.0,0.0
outlay,Discretionary,Total Discretionary,2008-03-01,2012,both,0.0,0.0,0.0,0.0
outlay,Discretionary,Total Discretionary,2008-03-01,2013,both,0.0,0.0,0.0,0.0
outlay,Discretionary,Total Discretionary,2008-03-01,2014,both,0.0,0.0,0.0,0.0
outlay,Discretionary,Total Discretionary,2008-03-01,2015,both,0.0,0.0,0.0,0.0
outlay,Discretionary,Total Discretionary,2008-03-01,2016,both,0.0,0.0,0.0,0.0
outlay,Discretionary,Total Discretionary,2008-03-01,2017,both,0.0,0.0,0.0,0.0
outlay,Discretionary,Total Discretionary,2008-03-01,2018,both,0.0,0.0,0.0,0.0
outlay,Discretionary,Total Discretionary,2009-03-01,2009,both,0.0,0.0,0.0,0.0
outlay,Discretionary,Total Discretionary,2009-03-01,2010,both,0.0,0.0,0.0,0.0
outlay,Discretionary,Total Discretionary,2009-03-01,2011,both,0.0,0.0,0.0,0.0
outlay,Discretionary,Total Discretionary,2009-03-01,2012,both,0.0,0.0,0.0,0.0
outlay,Discretionary,Total Discretionary,2009-03-01,2013,both,0.0,0.0,0.0,0.0
outlay,Discretionary,Total Discretionary,2009-03-01,2014,both,0.0,0.0,0.0,0.0
outlay,Discretionary,Total Discretionary,2009-03-01,2015,both,0.0,0.0,0.0,0.0
outlay,Discretionary,Total Discretionary,2009-03-01,2016,both,0.0,0.0,0.0,0.0
outlay,Discretionary,Total Discretionary,2009-03-01,2017,both,0.0,0.0,0.0,0.0
outlay,Discretionary,Total Discretionary,2009-03-01,2018,both,0.0,0.0,0.0,0.0
outlay,Discretionary,Total Discretionary,2009-03-01,2019,both,0.0,0.0,0.0,0.0
outlay,Discretionary,Total Discretionary,2010-03-01,2010,both,0.0,0.0,0.0,0.0
outlay,Discretionary,Total Discretionary,2010-03-01,2011,both,0.0,0.0,0.0,0.0
outlay,Discretionary,Total Discretionary,2010-03-01,2012,both,0.0,0.0,0.0,0.0
outlay,Discretionary,Total Discretionary,2010-03-01,2013,both,0.0,0.0,0.0,0.0
outlay,Discretionary,Total Discretionary,2010-03-01,2014,both,0.0,0.0,0.0,0.0
outlay,Discretionary,Total Discretionary,2010-03-01,2015,both,0.0,0.0,0.0,0.0
outlay,Discretionary,Total Discretionary,2010-03-01,2016,both,0.0,0.0,0.0,0.0
outlay,Discretionary,Total Discretionary,2010-03-01,2017,both,0.0,0.0,0.0,0.0
outlay,Discretionary,Total Discretionary,2010-03-01,2018,both,0.0,0.0,0.0,0.0
outlay,Discretionary,Total Discretionary,2010-03-01,2019,both,0.0,0.0,0.0,0.0
outlay,Discretionary,Total Discretionary,2010-03-01,2020,both,0.0,0.0,0.0,0.0
outlay,Discretionary,Total Discretionary,2011-03-01,2011,both,0.0,0.0,0.0,0.0
outlay,Discretionary,Total Discretionary,2011-03-01,2012,both,0.0,0.0,0.0,0.0
outlay,Discretionary,Total Discretionary,2011-03-01,2013,both,0.0,0.0,0.0,0.0
outlay,Discretionary,Total Discretionary,2011-03-01,2014,both,0.0,0.0,0.0,0.0
outlay,Discretionary,Total Discretionary,2011-03-01,2015,both,0.0,0.0,0.0,0.0
outlay,Discretionary,Total Discretionary,2011-03-01,2016,both,0.0,0.0,0.0,0.0
outlay,Discretionary,Total Discretionary,2011-03-01,2017,both,0.0,0.0,0.0,0.0
outlay,Discretionary,Total Discretionary,2011-03-01,2018,both,0.0,0.0,0.0,0.0
outlay,Discretionary,Total Discretionary,2011-03-01,2019,both,0.0,0.0,0.0,0.0
outlay,Discretionary,Total Discretionary,2011-03-01,2020,both,0.0,0.0,0.0,0.0
outlay,Discretionary,Total Discretionary,2011-03-01,2021,both,0.0,0.0,0.0,0.0
outlay,Discretionary,Total Discretionary,2012-03-01,2012,both,0.0,0.0,0.0,0.0
outlay,Discretionary,Total Discretionary,2012-03-01,2013,both,0.0,0.0,0.0,0.0
outlay,Discretionary,Total Discretionary,2012-03-01,2014,both,0.0,0.0,0.0,0.0
outlay,Discretionary,Total Discretionary,2012-03-01,2015,both,0.0,0.0,0.0,0.0
outlay,Discretionary,Total Discretionary,2012-03-01,2016,both,0.0,0.0,0.0,0.0
outlay,Discretionary,Total Discretionary,2012-03-01,2017,both,0.0,0.0,0.0,0.0
outlay,Discretionary,Total Discretionary,2012-03-01,2018,both,0.0,0.0,0.0,0.0
outlay,Discretionary,Total Discretionary,2012-03-01,2019,both,0.0,0.0,0.0,0.0
outlay,Discretionary,Total Discretionary,2012-03-01,2020,both,0.0,0.0,0.0,0.0
outlay,Discretionary,Total Discretionary,2012-03-01,2021,both,0.0,0.0,0.0,0.0
outlay,Discretionary,Total Discretionary,2012-03-01,2022,both,0.0,0.0,0.0,0.0
outlay,Discretionary,Total Discretionary,2013-05-01,2013,both,0.0,0.0,0.0,0.0
outlay,Discretionary,Total Discretionary,2013-05-01,2014,both,0.0,0.0,0.0,0.0
outlay,Discretionary,Total Discretionary,2013-05-01,2015,both,0.0,0.0,0.0,0.0
outlay,Discretionary,Total Discretionary,2013-05-01,2016,both,0.0,0.0,0.0,0.0
outlay,Discretionary,Total Discretionary,2013-05-01,2017,both,0.0,0.0,0.0,0.0
outlay,Discretionary,Total Discretionary,2013-05-01,2018,both,0.0,0.0,0.0,0.0
outlay,Discretionary,Total Discretionary,2013-05-01,2019,both,0.0,0.0,0.0,0.0
outlay,Discretionary,Total Discretionary,2013-05-01,2020,both,0.0,0.0,0.0,0.0
outlay,Discretionary,Total Discretionary,2013-05-01,2021,both,0.0,0.0,0.0,0.0
outlay,Discretionary,Total Discretionary,2013-05-01,2022,both,0.0,0.0,0.0,0.0
outlay,Discretionary,Total Discretionary,2013-05-01,2023,both,0.0,0.0,0.0,0.0
outlay,Discretionary,Total Discretionary,2014-04-01,2014,both,0.0,0.0,0.0,0.0
outlay,Discretionary,Total Discretionary,2014-04-01,2015,both,0.0,0.0,0.0,0.0
outlay,Discretionary,Total Discretionary,2014-04-01,2016,both,0.0,0.0,0.0,0.0
outlay,Discretionary,Total Discretionary,2014-04-01,2017,both,0.0,0.0,0.0,0.0
outlay,Discretionary,Total Discretionary,2014-04-01,2018,both,0.0,0.0,0.0,0.0
outlay,Discretionary,Total Discretionary,2014-04-01,2019,both,0.0,0.0,0.0,0.0
outlay,Discretionary,Total Discretionary,2014-04-01,2020,both,0.0,0.0,0.0,0.0
outlay,Discretionary,Total Discretionary,2014-04-01,2021,both,0.0,0.0,0.0,0.0
outlay,Discretionary,Total Discretionary,2014-04-01,2022,both,0.0,0.0,0.0,0.0
outlay,Discretionary,Total Discretionary,2014-04-01,2023,both,0.0,0.0,0.0,0.0
outlay,Discretionary,Total Discretionary,2014-04-01,2024,both,0.0,0.0,0.0,0.0
outlay,Discretionary,Total Discretionary,2015-03-01,2015,both,0.0,0.0,0.0,0.0
outlay,Discretionary,Total Discretionary,2015-03-01,2016,both,0.0,0.0,0.0,0.0
outlay,Discretionary,Total Discretionary,2015-03-01,2017,both,0.0,0.0,0.0,0.0
outlay,Discretionary,Total Discretionary,2015-03-01,2018,both,0.0,0.0,0.0,0.0
outlay,Discretionary,Total Discretionary,2015-03-01,2019,both,0.0,0.0,0.0,0.0
outlay,Discretionary,Total Discretionary,2015-03-01,2020,both,0.0,0.0,0.0,0.0
outlay,Discretionary,Total Discretionary,2015-03-01,2021,both,0.0,0.0,0.0,0.0
outlay,Discretionary,Total Discretionary,2015-03-01,2022,both,0.0,0.0,0.0,0.0
outlay,Discretionary,Total Discretionary,2015-03-01,2023,both,0.0,0.0,0.0,0.0
outlay,Discretionary,Total Discretionary,2015-03-01,2024,both,0.0,0.0,0.0,0.0
outlay,Discretionary,Total Discretionary,2015-03-01,2025,both,0.0,0.0,0.0,0.0
outlay,Discretionary,Total Discretionary,2016-03-01,2016,both,0.0,0.0,0.0,0.0
outlay,Discretionary,Total Discretionary,2016-03-01,2017,both,0.0,0.0,0.0,0.0
outlay,Discretionary,Total Discretionary,2016-03-01,2018,both,0.0,0.0,0.0,0.0
outlay,Discretionary,Total Discretionary,2016-03-01,2019,both,0.0,0.0,0.0,0.0
outlay,Discretionary,Total Discretionary,2016-03-01,2020,both,0.0,0.0,0.0,0.0
outlay,Discretionary,Total Discretionary,2016-03-01,2021,both,0.0,0.0,0.0,0.0
outlay,Discretionary,Total Discretionary,2016-03-01,2022,both,0.0,0.0,0.0,0.0
outlay,Discretionary,Total Discretionary,2016-03-01,2023,both,0.0,0.0,0.0,0.0
outlay,Discretionary,Total Discretionary,2016-03-01,2024,both,0.0,0.0,0.0,0.0
outlay,Discretionary,Total Discretionary,2016-03-01,2025,both,0.0,0.0,0.0,0.0
outlay,Discretionary,Total Discretionary,2017-06-01,2017,both,0.0,0.0,0.0,0.0
outlay,Discretionary,Total Discretionary,2017-06-01,2018,both,0.0,0.0,0.0,0.0
outlay,Discretionary,Total Discretionary,2017-06-01,2019,both,0.0,0.0,0.0,0.0
outlay,Discretionary,Total Discretionary,2017-06-01,2020,both,0.0,0.0,0.0,0.0
outlay,Discretionary,Total Discretionary,2017-06-01,2021,both,0.0,0.0,0.0,0.0
outlay,Discretionary,Total Discretionary,2017-06-01,2022,both,0.0,0.0,0.0,0.0
outlay,Discretionary,Total Discretionary,2017-06-01,2023,both,0.0,0.0,0.0,0.0
outlay,Discretionary,Total Discretionary,2017-06-01,2024,both,0.0,0.0,0.0,0.0
outlay,Discretionary,Total Discretionary,2017-06-01,2025,both,0.0,0.0,0.0,0.0
outlay,Discretionary,Total Discretionary,2018-05-01,2018,both,0.0,0.0,0.0,0.0
outlay,Discretionary,Total Discretionary,2018-05-01,2019,both,0.0,0.0,0.0,0.0
outlay,Discretionary,Total Discretionary,2018-05-01,2020,both,0.0,0.0,0.0,0.0
outlay,Discretionary,Total Discretionary,2018-05-01,2021,both,0.0,0.0,0.0,0.0
outlay,Discretionary,Total Discretionary,2018-05-01,2022,both,0.0,0.0,0.0,0.0
outlay,Discretionary,Total Discretionary,2018-05-01,2023,both,0.0,0.0,0.0,0.0
outlay,Discretionary,Total Discretionary,2018-05-01,2024,both,0.0,0.0,0.0,0.0
outlay,Discretionary,Total Discretionary,2018-05-01,2025,both,0.0,0.0,0.0,0.0
outlay,Discretionary,Total Discretionary,2019-05-01,2019,both,0.0,0.0,0.0,0.0
outlay,Discretionary,Total Discretionary,2019-05-01,2020,both,0.0,0.0,0.0,0.0
outlay,Discretionary,Total Discretionary,2019-05-01,2021,both,0.0,0.0,0.0,0.0
outlay,Discretionary,Total Discretionary,2019-05-01,2022,both,0.0,0.0,0.0,0.0
outlay,Discretionary,Total Discretionary,2019-05-01,2023,both,0.0,0.0,0.0,0.0
outlay,Discretionary,Total Discretionary,2019-05-01,2024,both,0.0,0.0,0.0,0.0
outlay,Discretionary,Total Discretionary,2019-05-01,2025,both,0.0,0.0,0.0,0.0
outlay,Discretionary,Total Discretionary,2020-03-01,2020,both,0.0,0.0,0.0,0.0
outlay,Discretionary,Total Discretionary,2020-03-01,2021,both,0.0,0.0,0.0,0.0
outlay,Discretionary,Total Discretionary,2020-03-01,2022,both,0.0,0.0,0.0,0.0
outlay,Discretionary,Total Discretionary,2020-03-01,2023,both,0.0,0.0,0.0,0.0
outlay,Discretionary,Total Discretionary,2020-03-01,2024,both,0.0,0.0,0.0,0.0
outlay,Discretionary,Total Discretionary,2020-03-01,2025,both,0.0,0.0,0.0,0.0
outlay,Discretionary,Total Discretionary,2021-07-01,2021,both,0.0,0.0,0.0,0.0
outlay,Discretionary,Total Discretionary,2021-07-01,2022,both,0.0,0.0,0.0,0.0
outlay,Discretionary,Total Discretionary,2021-07-01,2023,both,0.0,0.0,0.0,0.0
outlay,Discretionary,Total Discretionary,2021-07-01,2024,both,0.0,0.0,0.0,0.0
outlay,Discretionary,Total Discretionary,2021-07-01,2025,both,0.0,0.0,0.0,0.0
outlay,Discretionary,Total Discretionary,2022-05-01,2022,both,0.0,0.0,0.0,0.0
outlay,Discretionary,Total Discretionary,2022-05-01,2023,both,0.0,0.0,0.0,0.0
outlay,Discretionary,Total Discretionary,2022-05-01,2024,both,0.0,0.0,0.0,0.0
outlay,Discretionary,Total Discretionary,2022-05-01,2025,both,0.0,0.0,0.0,0.0
outlay,Discretionary,Total Discretionary,2023-05-01,2023,both,0.0,0.0,0.0,0.0
outlay,Discretionary,Total Discretionary,2023-05-01,2024,both,0.0,0.0,0.0,0.0
outlay,Discretionary,Total Discretionary,2023-05-01,2025,both,0.0,0.0,0.0,0.0
outlay,Discretionary,Total Discretionary,2024-06-01,2024,both,0.0,0.0,0.0,0.0
outlay,Discretionary,Total Discretionary,2024-06-01,2025,both,0.0,0.0,0.0,0.0
outlay,Discretionary,Total Discretionary,2025-01-01,2025,both,0.0,0.0,0.0,0.0
outlay,Mandatory,Medicaid,1992-03-01,1992,both,0.0,0.0,0.0,0.0
outlay,Mandatory,Medicaid,1992-03-01,1993,both,0.0,0.0,0.0,0.0
outlay,Mandatory,Medicaid,1992-03-01,1994,both,0.0,0.0,0.0,0.0
outlay,Mandatory,Medicaid,1992-03-01,1995,both,0.0,0.0,0.0,0.0
outlay,Mandatory,Medicaid,1992-03-01,1996,both,0.0,0.0,0.0,0.0
outlay,Mandatory,Medicaid,1992-03-01,1997,both,0.0,0.0,0.0,0.0
outlay,Mandatory,Medicaid,1993-03-01,1993,both,0.0,0.0,0.0,0.0
outlay,Mandatory,Medicaid,1993-03-01,1994,both,0.0,0.0,0.0,0.0
outlay,Mandatory,Medicaid,1993-03-01,1995,both,0.0,0.0,0.0,0.0
outlay,Mandatory,Medicaid,1993-03-01,1996,both,0.0,0.0,0.0,0.0
outlay,Mandatory,Medicaid,1993-03-01,1997,both,0.0,0.0,0.0,0.0
outlay,Mandatory,Medicaid,1993-03-01,1998,both,0.0,0.0,0.0,0.0
outlay,Mandatory,Medicaid,1994-04-01,1994,both,0.0,0.0,0.0,0.0
outlay,Mandatory,Medicaid,1994-04-01,1995,both,0.0,0.0,0.0,0.0
outlay,Mandatory,Medicaid,1994-04-01,1996,both,0.0,0.0,0.0,0.0
outlay,Mandatory,Medicaid,1994-04-01,1997,both,0.0,0.0,0.0,0.0
outlay,Mandatory,Medicaid,1994-04-01,1998,both,0.0,0.0,0.0,0.0
outlay,Mandatory,Medicaid,1994-04-01,1999,both,0.0,0.0,0.0,0.0
outlay,Mandatory,Medicaid,1995-04-01,1995,both,0.0,0.0,0.0,0.0
outlay,Mandatory,Medicaid,1995-04-01,1996,both,0.0,0.0,0.0,0.0
outlay,Mandatory,Medicaid,1995-04-01,1997,both,0.0,0.0,0.0,0.0
outlay,Mandatory,Medicaid,1995-04-01,1998,both,0.0,0.0,0.0,0.0
outlay,Mandatory,Medicaid,1995-04-01,1999,both,0.0,0.0,0.0,0.0
outlay,Mandatory,Medicaid,1995-04-01,2000,both,0.0,0.0,0.0,0.0
outlay,Mandatory,Medicaid,1996-05-01,1996,both,0.0,0.0,0.0,0.0
outlay,Mandatory,Medicaid,1996-05-01,1997,both,0.0,0.0,0.0,0.0
outlay,Mandatory,Medicaid,1996-05-01,1998,both,0.0,0.0,0.0,0.0
outlay,Mandatory,Medicaid,1996-05-01,1999,both,0.0,0.0,0.0,0.0
outlay,Mandatory,Medicaid,1996-05-01,2000,both,0.0,0.0,0.0,0.0
outlay,Mandatory,Medicaid,1996-05-01,2001,both,0.0,0.0,0.0,0.0
outlay,Mandatory,Medicaid,1996-05-01,2002,both,0.0,0.0,0.0,0.0
outlay,Mandatory,Medicaid,1996-05-01,2003,both,0.0,0.0,0.0,0.0
outlay,Mandatory,Medicaid,1996-05-01,2004,both,0.0,0.0,0.0,0.0
outlay,Mandatory,Medicaid,1996-05-01,2005,both,0.0,0.0,0.0,0.0
outlay,Mandatory,Medicaid,1996-05-01,2006,both,0.0,0.0,0.0,0.0
outlay,Mandatory,Medicaid,1997-03-01,1997,both,0.0,0.0,0.0,0.0
outlay,Mandatory,Medicaid,1997-03-01,1998,both,0.0,0.0,0.0,0.0
outlay,Mandatory,Medicaid,1997-03-01,1999,both,0.0,0.0,0.0,0.0
outlay,Mandatory,Medicaid,1997-03-01,2000,both,0.0,0.0,0.0,0.0
outlay,Mandatory,Medicaid,1997-03-01,2001,both,0.0,0.0,0.0,0.0
outlay,Mandatory,Medicaid,1997-03-01,2002,both,0.0,0.0,0.0,0.0
outlay,Mandatory,Medicaid,1997-03-01,2003,both,0.0,0.0,0.0,0.0
outlay,Mandatory,Medicaid,1997-03-01,2004,both,0.0,0.0,0.0,0.0
outlay,Mandatory,Medicaid,1997-03-01,2005,both,0.0,0.0,0.0,0.0
outlay,Mandatory,Medicaid,1997-03-01,2006,both,0.0,0.0,0.0,0.0
outlay,Mandatory,Medicaid,1997-03-01,2007,both,0.0,0.0,0.0,0.0
outlay,Mandatory,Medicaid,1998-03-01,1998,both,0.0,0.0,0.0,0.0
outlay,Mandatory,Medicaid,1998-03-01,1999,both,0.0,0.0,0.0,0.0
outlay,Mandatory,Medicaid,1998-03-01,2000,both,0.0,0.0,0.0,0.0
outlay,Mandatory,Medicaid,1998-03-01,2001,both,0.0,0.0,0.0,0.0
outlay,Mandatory,Medicaid,1998-03-01,2002,both,0.0,0.0,0.0,0.0
outlay,Mandatory,Medicaid,1998-03-01,2003,both,0.0,0.0,0.0,0.0
outlay,Mandatory,Medicaid,1998-03-01,2004,both,0.0,0.0,0.0,0.0
outlay,Mandatory,Medicaid,1998-03-01,2005,both,0.0,0.0,0.0,0.0
outlay,Mandatory,Medicaid,1998-03-01,2006,both,0.0,0.0,0.0,0.0
outlay,Mandatory,Medicaid,1998-03-01,2007,both,0.0,0.0,0.0,0.0
outlay,Mandatory,Medicaid,1998-03-01,2008,both,0.0,0.0,0.0,0.0
outlay,Mandatory,Medicaid,1999-04-01,1999,both,0.0,0.0,0.0,0.0
outlay,Mandatory,Medicaid,1999-04-01,2000,both,0.0,0.0,0.0,0.0
outlay,Mandatory,Medicaid,1999-04-01,2001,both,0.0,0.0,0.0,0.0
outlay,Mandatory,Medicaid,1999-04-01,2002,both,0.0,0.0,0.0,0.0
outlay,Mandatory,Medicaid,1999-04-01,2003,both,0.0,0.0,0.0,0.0
outlay,Mandatory,Medicaid,1999-04-01,2004,both,0.0,0.0,0.0,0.0
outlay,Mandatory,Medicaid,1999-04-01,2005,both,0.0,0.0,0.0,0.0
outlay,Mandatory,Medicaid,1999-04-01,2006,both,0.0,0.0,0.0,0.0
outlay,Mandatory,Medicaid,1999-04-01,2007,both,0.0,0.0,0.0,0.0
outlay,Mandatory,Medicaid,1999-04-01,2008,both,0.0,0.0,0.0,0.0
outlay,Mandatory,Medicaid,1999-04-01,2009,both,0.0,0.0,0.0,0.0
outlay,Mandatory,Medicaid,2000-04-01,2000,both,0.0,0.0,0.0,0.0
outlay,Mandatory,Medicaid,2000-04-01,2001,both,0.0,0.0,0.0,0.0
outlay,Mandatory,Medicaid,2000-04-01,2002,both,0.0,0.0,0.0,0.0
outlay,Mandatory,Medicaid,2000-04-01,2003,both,0.0,0.0,0.0,0.0
outlay,Mandatory,Medicaid,2000-04-01,2004,both,0.0,0.0,0.0,0.0
outlay,Mandatory,Medicaid,2000-04-01,2005,both,0.0,0.0,0.0,0.0
outlay,Mandatory,Medicaid,2000-04-01,2006,both,0.0,0.0,0.0,0.0
outlay,Mandatory,Medicaid,2000-04-01,2007,both,0.0,0.0,0.0,0.0
outlay,Mandatory,Medicaid,2000-04-01,2008,both,0.0,0.0,0.0,0.0
outlay,Mandatory,Medicaid,2000-04-01,2009,both,0.0,0.0,0.0,0.0
outlay,Mandatory,Medicaid,2000-04-01,2010,both,0.0,0.0,0.0,0.0
outlay,Mandatory,Medicaid,2001-05-01,2001,both,0.0,0.0,0.0,0.0
outlay,Mandatory,Medicaid,2001-05-01,2002,both,0.0,0.0,0.0,0.0
outlay,Mandatory,Medicaid,2001-05-01,2003,both,0.0,0.0,0.0,0.0
outlay,Mandatory,Medicaid,2001-05-01,2004,both,0.0,0.0,0.0,0.0
outlay,Mandatory,Medicaid,2001-05-01,2005,both,0.0,0.0,0.0,0.0
outlay,Mandatory,Medicaid,2001-05-01,2006,both,0.0,0.0,0.0,0.0
outlay,Mandatory,Medicaid,2001-05-01,2007,both,0.0,0.0,0.0,0.0
outlay,Mandatory,Medicaid,2001-05-01,2008,both,0.0,0.0,0.0,0.0
outlay,Mandatory,Medicaid,2001-05-01,2009,both,0.0,0.0,0.0,0.0
outlay,Mandatory,Medicaid,2001-05-01,2010,both,0.0,0.0,0.0,0.0
outlay,Mandatory,Medicaid,2001-05-01,2011,both,0.0,0.0,0.0,0.0
outlay,Mandatory,Medicaid,2002-03-01,2002,both,0.0,0.0,0.0,0.0
outlay,Mandatory,Medicaid,2002-03-01,2003,both,0.0,0.0,0.0,0.0
outlay,Mandatory,Medicaid,2002-03-01,2004,both,0.0,0.0,0.0,0.0
outlay,Mandatory,Medicaid,2002-03-01,2005,both,0.0,0.0,0.0,0.0
outlay,Mandatory,Medicaid,2002-03-01,2006,both,0.0,0.0,0.0,0.0
outlay,Mandatory,Medicaid,2002-03-01,2007,both,0.0,0.0,0.0,0.0
outlay,Mandatory,Medicaid,2002-03-01,2008,both,0.0,0.0,0.0,0.0
outlay,Mandatory,Medicaid,2002-03-01,2009,both,0.0,0.0,0.0,0.0
outlay,Mandatory,Medicaid,2002-03-01,2010,both,0.0,0.0,0.0,0.0
outlay,Mandatory,Medicaid,2002-03-01,2011,both,0.0,0.0,0.0,0.0
outlay,Mandatory,Medicaid,2002-03-01,2012,both,0.0,0.0,0.0,0.0
outlay,Mandatory,Medicaid,2003-03-01,2003,both,0.0,0.0,0.0,0.0
outlay,Mandatory,Medicaid,2003-03-01,2004,both,0.0,0.0,0.0,0.0
outlay,Mandatory,Medicaid,2003-03-01,2005,both,0.0,0.0,0.0,0.0
outlay,Mandatory,Medicaid,2003-03-01,2006,both,0.0,0.0,0.0,0.0
outlay,Mandatory,Medicaid,2003-03-01,2007,both,0.0,0.0,0.0,0.0
outlay,Mandatory,Medicaid,2003-03-01,2008,both,0.0,0.0,0.0,0.0
outlay,Mandatory,Medicaid,2003-03-01,2009,both,0.0,0.0,0.0,0.0
outlay,Mandatory,Medicaid,2003-03-01,2010,both,0.0,0.0,0.0,0.0
outlay,Mandatory,Medicaid,2003-03-01,2011,both,0.0,0.0,0.0,0.0
outlay,Mandatory,Medicaid,2003-03-01,2012,both,0.0,0.0,0.0,0.0
outlay,Mandatory,Medicaid,2003-03-01,2013,both,0.0,0.0,0.0,0.0
outlay,Mandatory,Medicaid,2004-03-01,2004,both,0.0,0.0,0.0,0.0
outlay,Mandatory,Medicaid,2004-03-01,2005,both,0.0,0.0,0.0,0.0
outlay,Mandatory,Medicaid,2004-03-01,2006,both,0.0,0.0,0.0,0.0
outlay,Mandatory,Medicaid,2004-03-01,2007,both,0.0,0.0,0.0,0.0
outlay,Mandatory,Medicaid,2004-03-01,2008,both,0.0,0.0,0.0,0.0
outlay,Mandatory,Medicaid,2004-03-01,2009,both,0.0,0.0,0.0,0.0
outlay,Mandatory,Medicaid,2004-03-01,2010,both,0.0,0.0,0.0,0.0
outlay,Mandatory,Medicaid,2004-03-01,2011,both,0.0,0.0,0.0,0.0
outlay,Mandatory,Medicaid,2004-03-01,2012,both,0.0,0.0,0.0,0.0
outlay,Mandatory,Medicaid,2004-03-01,2013,both,0.0,0.0,0.0,0.0
outlay,Mandatory,Medicaid,2004-03-01,2014,both,0.0,0.0,0.0,0.0
outlay,Mandatory,Medicaid,2005-03-01,2005,both,0.0,0.0,0.0,0.0
outlay,Mandatory,Medicaid,2005-03-01,2006,both,0.0,0.0,0.0,0.0
outlay,Mandatory,Medicaid,2005-03-01,2007,both,0.0,0.0,0.0,0.0
outlay,Mandatory,Medicaid,2005-03-01,2008,both,0.0,0.0,0.0,0.0
outlay,Mandatory,Medicaid,2005-03-01,2009,both,0.0,0.0,0.0,0.0
outlay,Mandatory,Medicaid,2005-03-01,2010,both,0.0,0.0,0.0,0.0
outlay,Mandatory,Medicaid,2005-03-01,2011,both,0.0,0.0,0.0,0.0
outlay,Mandatory,Medicaid,2005-03-01,2012,both,0.0,0.0,0.0,0.0
outlay,Mandatory,Medicaid,2005-03-01,2013,both,0.0,0.0,0.0,0.0
outlay,Mandatory,Medicaid,2005-03-01,2014,both,0.0,0.0,0.0,0.0
outlay,Mandatory,Medicaid,2005-03-01,2015,both,0.0,0.0,0.0,0.0
outlay,Mandatory,Medicaid,2006-03-01,2006,both,0.0,0.0,0.0,0.0
outlay,Mandatory,Medicaid,2006-03-01,2007,both,0.0,0.0,0.0,0.0
outlay,Mandatory,Medicaid,2006-03-01,2008,both,0.0,0.0,0.0,0.0
outlay,Mandatory,Medicaid,2006-03-01,2009,both,0.0,0.0,0.0,0.0
outlay,Mandatory,Medicaid,2006-03-01,2010,both,0.0,0.0,0.0,0.0
outlay,Mandatory,Medicaid,2006-03-01,2011,both,0.0,0.0,0.0,0.0
outlay,Mandatory,Medicaid,2006-03-01,2012,both,0.0,0.0,0.0,0.0
outlay,Mandatory,Medicaid,2006-03-01,2013,both,0.0,0.0,0.0,0.0
outlay,Mandatory,Medicaid,2006-03-01,2014,both,0.0,0.0,0.0,0.0
outlay,Mandatory,Medicaid,2006-03-01,2015,both,0.0,0.0,0.0,0.0
outlay,Mandatory,Medicaid,2006-03-01,2016,both,0.0,0.0,0.0,0.0
outlay,Mandatory,Medicaid,2007-03-01,2007,both,0.0,0.0,0.0,0.0
outlay,Mandatory,Medicaid,2007-03-01,2008,both,0.0,0.0,0.0,0.0
outlay,Mandatory,Medicaid,2007-03-01,2009,both,0.0,0.0,0.0,0.0
outlay,Mandatory,Medicaid,2007-03-01,2010,both,0.0,0.0,0.0,0.0
outlay,Mandatory,Medicaid,2007-03-01,2011,both,0.0,0.0,0.0,0.0
outlay,Mandatory,Medicaid,2007-03-01,2012,both,0.0,0.0,0.0,0.0
outlay,Mandatory,Medicaid,2007-03-01,2013,both,0.0,0.0,0.0,0.0
outlay,Mandatory,Medicaid,2007-03-01,2014,both,0.0,0.0,0.0,0.0
outlay,Mandatory,Medicaid,2007-03-01,2015,both,0.0,0.0,0.0,0.0
outlay,Mandatory,Medicaid,2007-03-01,2016,both,0.0,0.0,0.0,0.0
outlay,Mandatory,Medicaid,2007-03-01,2017,both,0.0,0.0,0.0,0.0
outlay,Mandatory,Medicaid,2008-03-01,2008,both,0.0,0.0,0.0,0.0
outlay,Mandatory,Medicaid,2008-03-01,2009,both,0.0,0.0,0.0,0.0
outlay,Mandatory,Medicaid,2008-03-01,2010,both,0.0,0.0,0.0,0.0
outlay,Mandatory,Medicaid,2008-03-01,2011,both,0.0,0.0,0.0,0.0
outlay,Mandatory,Medicaid,2008-03-01,2012,both,0.0,0.0,0.0,0.0
outlay,Mandatory,Medicaid,2008-03-01,2013,both,0.0,0.0,0.0,0.0
outlay,Mandatory,Medicaid,2008-03-01,2014,both,0.0,0.0,0.0,0.0
outlay,Mandatory,Medicaid,2008-03-01,2015,both,0.0,0.0,0.0,0.0
outlay,Mandatory,Medicaid,2008-03-01,2016,both,0.0,0.0,0.0,0.0
outlay,Mandatory,Medicaid,2008-03-01,2017,both,0.0,0.0,0.0,0.0
outlay,Mandatory,Medicaid,2008-03-01,2018,both,0.0,0.0,0.0,0.0
outlay,Mandatory,Medicaid,2009-03-01,2009,both,0.0,0.0,0.0,0.0
outlay,Mandatory,Medicaid,2009-03-01,2010,both,0.0,0.0,0.0,0.0
outlay,Mandatory,Medicaid,2009-03-01,2011,both,0.0,0.0,0.0,0.0
outlay,Mandatory,Medicaid,2009-03-01,2012,both,0.0,0.0,0.0,0.0
outlay,Mandatory,Medicaid,2009-03-01,2013,both,0.0,0.0,0.0,0.0
outlay,Mandatory,Medicaid,2009-03-01,2014,both,0.0,0.0,0.0,0.0
outlay,Mandatory,Medicaid,2009-03-01,2015,both,0.0,0.0,0.0,0.0
outlay,Mandatory,Medicaid,2009-03-01,2016,both,0.0,0.0,0.0,0.0
outlay,Mandatory,Medicaid,2009-03-01,2017,both,0.0,0.0,0.0,0.0
outlay,Mandatory,Medicaid,2009-03-01,2018,both,0.0,0.0,0.0,0.0
outlay,Mandatory,Medicaid,2009-03-01,2019,both,0.0,0.0,0.0,0.0
outlay,Mandatory,Medicaid,2010-03-01,2010,both,0.0,0.0,0.0,0.0
outlay,Mandatory,Medicaid,2010-03-01,2011,both,0.0,0.0,0.0,0.0
outlay,Mandatory,Medicaid,2010-03-01,2012,both,0.0,0.0,0.0,0.0
outlay,Mandatory,Medicaid,2010-03-01,2013,both,0.0,0.0,0.0,0.0
outlay,Mandatory,Medicaid,2010-03-01,2014,both,0.0,0.0,0.0,0.0
outlay,Mandatory,Medicaid,2010-03-01,2015,both,0.0,0.0,0.0,0.0
outlay,Mandatory,Medicaid,2010-03-01,2016,both,0.0,0.0,0.0,0.0
outlay,Mandatory,Medicaid,2010-03-01,2017,both,0.0,0.0,0.0,0.0
outlay,Mandatory,Medicaid,2010-03-01,2018,both,0.0,0.0,0.0,0.0
outlay,Mandatory,Medicaid,2010-03-01,2019,both,0.0,0.0,0.0,0.0
outlay,Mandatory,Medicaid,2010-03-01,2020,both,0.0,0.0,0.0,0.0
outlay,Mandatory,Medicaid,2011-03-01,2011,both,0.0,0.0,0.0,0.0
outlay,Mandatory,Medicaid,2011-03-01,2012,both,0.0,0.0,0.0,0.0
outlay,Mandatory,Medicaid,2011-03-01,2013,both,0.0,0.0,0.0,0.0
outlay,Mandatory,Medicaid,2011-03-01,2014,both,0.0,0.0,0.0,0.0
outlay,Mandatory,Medicaid,2011-03-01,2015,both,0.0,0.0,0.0,0.0
outlay,Mandatory,Medicaid,2011-03-01,2016,both,0.0,0.0,0.0,0.0
outlay,Mandatory,Medicaid,2011-03-01,2017,both,0.0,0.0,0.0,0.0
outlay,Mandatory,Medicaid,2011-03-01,2018,both,0.0,0.0,0.0,0.0
outlay,Mandatory,Medicaid,2011-03-01,2019,both,0.0,0.0,0.0,0.0
outlay,Mandatory,Medicaid,2011-03-01,2020,both,0.0,0.0,0.0,0.0
outlay,Mandatory,Medicaid,2011-03-01,2021,both,0.0,0.0,0.0,0.0
outlay,Mandatory,Medicaid,2012-03-01,2012,both,0.0,0.0,0.0,0.0
outlay,Mandatory,Medicaid,2012-03-01,2013,both,0.0,0.0,0.0,0.0
outlay,Mandatory,Medicaid,2012-03-01,2014,both,0.0,0.0,0.0,0.0
outlay,Mandatory,Medicaid,2012-03-01,2015,both,0.0,0.0,0.0,0.0
outlay,Mandatory,Medicaid,2012-03-01,2016,both,0.0,0.0,0.0,0.0
outlay,Mandatory,Medicaid,2012-03-01,2017,both,0.0,0.0,0.0,0.0
outlay,Mandatory,Medicaid,2012-03-01,2018,both,0.0,0.0,0.0,0.0
outlay,Mandatory,Medicaid,2012-03-01,2019,both,0.0,0.0,0.0,0.0
outlay,Mandatory,Medicaid,2012-03-01,2020,both,0.0,0.0,0.0,0.0
outlay,Mandatory,Medicaid,2012-03-01,2021,both,0.0,0.0,0.0,0.0
outlay,Mandatory,Medicaid,2012-03-01,2022,both,0.0,0.0,0.0,0.0
outlay,Mandatory,Medicaid,2013-05-01,2013,both,0.0,0.0,0.0,0.0
outlay,Mandatory,Medicaid,2013-05-01,2014,both,0.0,0.0,0.0,0.0
outlay,Mandatory,Medicaid,2013-05-01,2015,both,0.0,0.0,0.0,0.0
outlay,Mandatory,Medicaid,2013-05-01,2016,both,0.0,0.0,0.0,0.0
outlay,Mandatory,Medicaid,2013-05-01,2017,both,0.0,0.0,0.0,0.0
outlay,Mandatory,Medicaid,2013-05-01,2018,both,0.0,0.0,0.0,0.0
outlay,Mandatory,Medicaid,2013-05-01,2019,both,0.0,0.0,0.0,0.0
outlay,Mandatory,Medicaid,2013-05-01,2020,both,0.0,0.0,0.0,0.0
outlay,Mandatory,Medicaid,2013-05-01,2021,both,0.0,0.0,0.0,0.0
outlay,Mandatory,Medicaid,2013-05-01,2022,both,0.0,0.0,0.0,0.0
outlay,Mandatory,Medicaid,2013-05-01,2023,both,0.0,0.0,0.0,0.0
outlay,Mandatory,Medicaid,2014-04-01,2014,both,0.0,0.0,0.0,0.0
outlay,Mandatory,Medicaid,2014-04-01,2015,both,0.0,0.0,0.0,0.0
outlay,Mandatory,Medicaid,2014-04-01,2016,both,0.0,0.0,0.0,0.0
outlay,Mandatory,Medicaid,2014-04-01,2017,both,0.0,0.0,0.0,0.0
outlay,Mandatory,Medicaid,2014-04-01,2018,both,0.0,0.0,0.0,0.0
outlay,Mandatory,Medicaid,2014-04-01,2019,both,0.0,0.0,0.0,0.0
outlay,Mandatory,Medicaid,2014-04-01,2020,both,0.0,0.0,0.0,0.0
outlay,Mandatory,Medicaid,2014-04-01,2021,both,0.0,0.0,0.0,0.0
outlay,Mandatory,Medicaid,2014-04-01,2022,both,0.0,0.0,0.0,0.0
outlay,Mandatory,Medicaid,2014-04-01,2023,both,0.0,0.0,0.0,0.0
outlay,Mandatory,Medicaid,2014-04-01,2024,both,0.0,0.0,0.0,0.0
outlay,Mandatory,Medicaid,2015-03-01,2015,both,0.0,0.0,0.0,0.0
outlay,Mandatory,Medicaid,2015-03-01,2016,both,0.0,0.0,0.0,0.0
outlay,Mandatory,Medicaid,2015-03-01,2017,both,0.0,0.0,0.0,0.0
outlay,Mandatory,Medicaid,2015-03-01,2018,both,0.0,0.0,0.0,0.0
outlay,Mandatory,Medicaid,2015-03-01,2019,both,0.0,0.0,0.0,0.0
outlay,Mandatory,Medicaid,2015-03-01,2020,both,0.0,0.0,0.0,0.0
outlay,Mandatory,Medicaid,2015-03-01,2021,both,0.0,0.0,0.0,0.0
outlay,Mandatory,Medicaid,2015-03-01,2022,both,0.0,0.0,0.0,0.0
outlay,Mandatory,Medicaid,2015-03-01,2023,both,0.0,0.0,0.0,0.0
outlay,Mandatory,Medicaid,2015-03-01,2024,both,0.0,0.0,0.0,0.0
outlay,Mandatory,Medicaid,2015-03-01,2025,both,0.0,0.0,0.0,0.0
outlay,Mandatory,Medicaid,2016-03-01,2016,both,0.0,0.0,0.0,0.0
outlay,Mandatory,Medicaid,2016-03-01,2017,both,0.0,0.0,0.0,0.0
outlay,Mandatory,Medicaid,2016-03-01,2018,both,0.0,0.0,0.0,0.0
outlay,Mandatory,Medicaid,2016-03-01,2019,both,0.0,0.0,0.0,0.0
outlay,Mandatory,Medicaid,2016-03-01,2020,both,0.0,0.0,0.0,0.0
outlay,Mandatory,Medicaid,2016-03-01,2021,both,0.0,0.0,0.0,0.0
outlay,Mandatory,Medicaid,2016-03-01,2022,both,0.0,0.0,0.0,0.0
outlay,Mandatory,Medicaid,2016-03-01,2023,both,0.0,0.0,0.0,0.0
outlay,Mandatory,Medicaid,2016-03-01,2024,both,0.0,0.0,0.0,0.0
outlay,Mandatory,Medicaid,2016-03-01,2025,both,0.0,0.0,0.0,0.0
outlay,Mandatory,Medicaid,2017-06-01,2017,both,0.0,0.0,0.0,0.0
outlay,Mandatory,Medicaid,2017-06-01,2018,both,0.0,0.0,0.0,0.0
outlay,Mandatory,Medicaid,2017-06-01,2019,both,0.0,0.0,0.0,0.0
outlay,Mandatory,Medicaid,2017-06-01,2020,both,0.0,0.0,0.0,0.0
outlay,Mandatory,Medicaid,2017-06-01,2021,both,0.0,0.0,0.0,0.0
outlay,Mandatory,Medicaid,2017-06-01,2022,both,0.0,0.0,0.0,0.0
outlay,Mandatory,Medicaid,2017-06-01,2023,both,0.0,0.0,0.0,0.0
outlay,Mandatory,Medicaid,2017-06-01,2024,both,0.0,0.0,0.0,0.0
outlay,Mandatory,Medicaid,2017-06-01,2025,both,0.0,0.0,0.0,0.0
outlay,Mandatory,Medicaid,2018-05-01,2018,both,0.0,0.0,0.0,0.0
outlay,Mandatory,Medicaid,2018-05-01,2019,both,0.0,0.0,0.0,0.0
outlay,Mandatory,Medicaid,2018-05-01,2020,both,0.0,0.0,0.0,0.0
outlay,Mandatory,Medicaid,2018-05-01,2021,both,0.0,0.0,0.0,0.0
outlay,Mandatory,Medicaid,2018-05-01,2022,both,0.0,0.0,0.0,0.0
outlay,Mandatory,Medicaid,2018-05-01,2023,both,0.0,0.0,0.0,0.0
outlay,Mandatory,Medicaid,2018-05-01,2024,both,0.0,0.0,0.0,0.0
outlay,Mandatory,Medicaid,2018-05-01,2025,both,0.0,0.0,0.0,0.0
outlay,Mandatory,Medicaid,2019-05-01,2019,both,0.0,0.0,0.0,0.0
outlay,Mandatory,Medicaid,2019-05-01,2020,both,0.0,0.0,0.0,0.0
outlay,Mandatory,Medicaid,2019-05-01,2021,both,0.0,0.0,0.0,0.0
outlay,Mandatory,Medicaid,2019-05-01,2022,both,0.0,0.0,0.0,0.0
outlay,Mandatory,Medicaid,2019-05-01,2023,both,0.0,0.0,0.0,0.0
outlay,Mandatory,Medicaid,2019-05-01,2024,both,0.0,0.0,0.0,0.0
outlay,Mandatory,Medicaid,2019-05-01,2025,both,0.0,0.0,0.0,0.0
outlay,Mandatory,Medicaid,2020-03-01,2020,both,0.0,0.0,0.0,0.0
outlay,Mandatory,Medicaid,2020-03-01,2021,both,0.0,0.0,0.0,0.0
outlay,Mandatory,Medicaid,2020-03-01,2022,both,0.0,0.0,0.0,0.0
outlay,Mandatory,Medicaid,2020-03-01,2023,both,0.0,0.0,0.0,0.0
outlay,Mandatory,Medicaid,2020-03-01,2024,both,0.0,0.0,0.0,0.0
outlay,Mandatory,Medicaid,2020-03-01,2025,both,0.0,0.0,0.0,0.0
outlay,Mandatory,Medicaid,2021-07-01,2021,both,0.0,0.0,0.0,0.0
outlay,Mandatory,Medicaid,2021-07-01,2022,both,0.0,0.0,0.0,0.0
outlay,Mandatory,Medicaid,2021-07-01,2023,both,0.0,0.0,0.0,0.0
outlay,Mandatory,Medicaid,2021-07-01,2024,both,0.0,0.0,0.0,0.0
outlay,Mandatory,Medicaid,2021-07-01,2025,both,0.0,0.0,0.0,0.0
outlay,Mandatory,Medicaid,2022-05-01,2022,both,0.0,0.0,0.0,0.0
outlay,Mandatory,Medicaid,2022-05-01,2023,both,0.0,0.0,0.0,0.0
outlay,Mandatory,Medicaid,2022-05-01,2024,both,0.0,0.0,0.0,0.0
outlay,Mandatory,Medicaid,2022-05-01,2025,both,0.0,0.0,0.0,0.0
outlay,Mandatory,Medicaid,2023-05-01,2023,both,0.0,0.0,0.0,0.0
outlay,Mandatory,Medicaid,2023-05-01,2024,both,0.0,0.0,0.0,0.0
outlay,Mandatory,Medicaid,2023-05-01,2025,both,0.0,0.0,0.0,0.0
outlay,Mandatory,Medicaid,2024-06-01,2024,both,0.0,0.0,0.0,0.0
outlay,Mandatory,Medicaid,2024-06-01,2025,both,0.0,0.0,0.0,0.0
outlay,Mandatory,Medicaid,2025-01-01,2025,both,0.0,0.0,0.0,0.0
outlay,Mandatory,Medicare,1992-03-01,1992,both,0.0,0.0,0.0,0.0
outlay,Mandatory,Medicare,1992-03-01,1993,both,0.0,0.0,0.0,0.0
outlay,Mandatory,Medicare,1992-03-01,1994,both,0.0,0.0,0.0,0.0
outlay,Mandatory,Medicare,1992-03-01,1995,both,0.0,0.0,0.0,0.0
outlay,Mandatory,Medicare,1992-03-01,1996,both,0.0,0.0,0.0,0.0
outlay,Mandatory,Medicare,1992-03-01,1997,both,0.0,0.0,0.0,0.0
outlay,Mandatory,Medicare,1993-03-01,1993,both,0.0,0.0,0.0,0.0
outlay,Mandatory,Medicare,1993-03-01,1994,both,0.0,0.0,0.0,0.0
outlay,Mandatory,Medicare,1993-03-01,1995,both,0.0,0.0,0.0,0.0
outlay,Mandatory,Medicare,1993-03-01,1996,both,0.0,0.0,0.0,0.0
outlay,Mandatory,Medicare,1993-03-01,1997,both,0.0,0.0,0.0,0.0
outlay,Mandatory,Medicare,1993-03-01,1998,both,0.0,0.0,0.0,0.0
outlay,Mandatory,Medicare,1994-04-01,1994,both,0.0,0.0,0.0,0.0
outlay,Mandatory,Medicare,1994-04-01,1995,both,0.0,0.0,0.0,0.0
outlay,Mandatory,Medicare,1994-04-01,1996,both,0.0,0.0,0.0,0.0
outlay,Mandatory,Medicare,1994-04-01,1997,both,0.0,0.0,0.0,0.0
outlay,Mandatory,Medicare,1994-04-01,1998,both,0.0,0.0,0.0,0.0
outlay,Mandatory,Medicare,1994-04-01,1999,both,0.0,0.0,0.0,0.0
outlay,Mandatory,Medicare,1995-04-01,1995,both,0.0,0.0,0.0,0.0
outlay,Mandatory,Medicare,1995-04-01,1996,both,0.0,0.0,0.0,0.0
outlay,Mandatory,Medicare,1995-04-01,1997,both,0.0,0.0,0.0,0.0
outlay,Mandatory,Medicare,1995-04-01,1998,both,0.0,0.0,0.0,0.0
outlay,Mandatory,Medicare,1995-04-01,1999,both,0.0,0.0,0.0,0.0
outlay,Mandatory,Medicare,1995-04-01,2000,both,0.0,0.0,0.0,0.0
outlay,Mandatory,Medicare,1996-05-01,1996,both,0.0,0.0,0.0,0.0
outlay,Mandatory,Medicare,1996-05-01,1997,both,0.0,0.0,0.0,0.0
outlay,Mandatory,Medicare,1996-05-01,1998,both,0.0,0.0,0.0,0.0
outlay,Mandatory,Medicare,1996-05-01,1999,both,0.0,0.0,0.0,0.0
outlay,Mandatory,Medicare,1996-05-01,2000,both,0.0,0.0,0.0,0.0
outlay,Mandatory,Medicare,1996-05-01,2001,both,0.0,0.0,0.0,0.0
outlay,Mandatory,Medicare,1996-05-01,2002,both,0.0,0.0,0.0,0.0
outlay,Mandatory,Medicare,1996-05-01,2003,both,0.0,0.0,0.0,0.0
outlay,Mandatory,Medicare,1996-05-01,2004,both,0.0,0.0,0.0,0.0
outlay,Mandatory,Medicare,1996-05-01,2005,both,0.0,0.0,0.0,0.0
outlay,Mandatory,Medicare,1996-05-01,2006,both,0.0,0.0,0.0,0.0
outlay,Mandatory,Medicare,1997-03-01,1997,both,0.0,0.0,0.0,0.0
outlay,Mandatory,Medicare,1997-03-01,1998,both,0.0,0.0,0.0,0.0
outlay,Mandatory,Medicare,1997-03-01,1999,both,0.0,0.0,0.0,0.0
outlay,Mandatory,Medicare,1997-03-01,2000,both,0.0,0.0,0.0,0.0
outlay,Mandatory,Medicare,1997-03-01,2001,both,0.0,0.0,0.0,0.0
outlay,Mandatory,Medicare,1997-03-01,2002,both,0.0,0.0,0.0,0.0
outlay,Mandatory,Medicare,1997-03-01,2003,both,0.0,0.0,0.0,0.0
outlay,Mandatory,Medicare,1997-03-01,2004,both,0.0,0.0,0.0,0.0
outlay,Mandatory,Medicare,1997-03-01,2005,both,0.0,0.0,0.0,0.0
outlay,Mandatory,Medicare,1997-03-01,2006,both,0.0,0.0,0.0,0.0
outlay,Mandatory,Medicare,1997-03-01,2007,both,0.0,0.0,0.0,0.0
outlay,Mandatory,Medicare,1998-03-01,1998,both,0.0,0.0,0.0,0.0
outlay,Mandatory,Medicare,1998-03-01,1999,both,0.0,0.0,0.0,0.0
outlay,Mandatory,Medicare,1998-03-01,2000,both,0.0,0.0,0.0,0.0
outlay,Mandatory,Medicare,1998-03-01,2001,both,0.0,0.0,0.0,0.0
outlay,Mandatory,Medicare,1998-03-01,2002,both,0.0,0.0,0.0,0.0
outlay,Mandatory,Medicare,1998-03-01,2003,both,0.0,0.0,0.0,0.0
outlay,Mandatory,Medicare,1998-03-01,2004,both,0.0,0.0,0.0,0.0
outlay,Mandatory,Medicare,1998-03-01,2005,both,0.0,0.0,0.0,0.0
outlay,Mandatory,Medicare,1998-03-01,2006,both,0.0,0.0,0.0,0.0
outlay,Mandatory,Medicare,1998-03-01,2007,both,0.0,0.0,0.0,0.0
outlay,Mandatory,Medicare,1998-03-01,2008,both,0.0,0.0,0.0,0.0
outlay,Mandatory,Medicare,1999-04-01,1999,both,0.0,0.0,0.0,0.0
outlay,Mandatory,Medicare,1999-04-01,2000,both,0.0,0.0,0.0,0.0
outlay,Mandatory,Medicare,1999-04-01,2001,both,0.0,0.0,0.0,0.0
outlay,Mandatory,Medicare,1999-04-01,2002,both,0.0,0.0,0.0,0.0
outlay,Mandatory,Medicare,1999-04-01,2003,both,0.0,0.0,0.0,0.0
outlay,Mandatory,Medicare,1999-04-01,2004,both,0.0,0.0,0.0,0.0
outlay,Mandatory,Medicare,1999-04-01,2005,both,0.0,0.0,0.0,0.0
outlay,Mandatory,Medicare,1999-04-01,2006,both,0.0,0.0,0.0,0.0
outlay,Mandatory,Medicare,1999-04-01,2007,both,0.0,0.0,0.0,0.0
outlay,Mandatory,Medicare,1999-04-01,2008,both,0.0,0.0,0.0,0.0
outlay,Mandatory,Medicare,1999-04-01,2009,both,0.0,0.0,0.0,0.0
outlay,Mandatory,Medicare,2000-04-01,2000,both,0.0,0.0,0.0,0.0
outlay,Mandatory,Medicare,2000-04-01,2001,both,0.0,0.0,0.0,0.0
outlay,Mandatory,Medicare,2000-04-01,2002,both,0.0,0.0,0.0,0.0
outlay,Mandatory,Medicare,2000-04-01,2003,both,0.0,0.0,0.0,0.0
outlay,Mandatory,Medicare,2000-04-01,2004,both,0.0,0.0,0.0,0.0
outlay,Mandatory,Medicare,2000-04-01,2005,both,0.0,0.0,0.0,0.0
outlay,Mandatory,Medicare,2000-04-01,2006,both,0.0,0.0,0.0,0.0
outlay,Mandatory,Medicare,2000-04-01,2007,both,0.0,0.0,0.0,0.0
outlay,Mandatory,Medicare,2000-04-01,2008,both,0.0,0.0,0.0,0.0
outlay,Mandatory,Medicare,2000-04-01,2009,both,0.0,0.0,0.0,0.0
outlay,Mandatory,Medicare,2000-04-01,2010,both,0.0,0.0,0.0,0.0
outlay,Mandatory,Medicare,2001-05-01,2001,both,0.0,0.0,0.0,0.0
outlay,Mandatory,Medicare,2001-05-01,2002,both,0.0,0.0,0.0,0.0
outlay,Mandatory,Medicare,2001-05-01,2003,both,0.0,0.0,0.0,0.0
outlay,Mandatory,Medicare,2001-05-01,2004,both,0.0,0.0,0.0,0.0
outlay,Mandatory,Medicare,2001-05-01,2005,both,0.0,0.0,0.0,0.0
outlay,Mandatory,Medicare,2001-05-01,2006,both,0.0,0.0,0.0,0.0
outlay,Mandatory,Medicare,2001-05-01,2007,both,0.0,0.0,0.0,0.0
outlay,Mandatory,Medicare,2001-05-01,2008,both,0.0,0.0,0.0,0.0
outlay,Mandatory,Medicare,2001-05-01,2009,both,0.0,0.0,0.0,0.0
outlay,Mandatory,Medicare,2001-05-01,2010,both,0.0,0.0,0.0,0.0
outlay,Mandatory,Medicare,2001-05-01,2011,both,0.0,0.0,0.0,0.0
outlay,Mandatory,Medicare,2002-03-01,2002,both,0.0,0.0,0.0,0.0
outlay,Mandatory,Medicare,2002-03-01,2003,both,0.0,0.0,0.0,0.0
outlay,Mandatory,Medicare,2002-03-01,2004,both,0.0,0.0,0.0,0.0
outlay,Mandatory,Medicare,2002-03-01,2005,both,0.0,0.0,0.0,0.0
outlay,Mandatory,Medicare,2002-03-01,2006,both,0.0,0.0,0.0,0.0
outlay,Mandatory,Medicare,2002-03-01,2007,both,0.0,0.0,0.0,0.0
outlay,Mandatory,Medicare,2002-03-01,2008,both,0.0,0.0,0.0,0.0
outlay,Mandatory,Medicare,2002-03-01,2009,both,0.0,0.0,0.0,0.0
outlay,Mandatory,Medicare,2002-03-01,2010,both,0.0,0.0,0.0,0.0
outlay,Mandatory,Medicare,2002-03-01,2011,both,0.0,0.0,0.0,0.0
outlay,Mandatory,Medicare,2002-03-01,2012,both,0.0,0.0,0.0,0.0
outlay,Mandatory,Medicare,2003-03-01,2003,both,0.0,0.0,0.0,0.0
outlay,Mandatory,Medicare,2003-03-01,2004,both,0.0,0.0,0.0,0.0
outlay,Mandatory,Medicare,2003-03-01,2005,both,0.0,0.0,0.0,0.0
outlay,Mandatory,Medicare,2003-03-01,2006,both,0.0,0.0,0.0,0.0
outlay,Mandatory,Medicare,2003-03-01,2007,both,0.0,0.0,0.0,0.0
outlay,Mandatory,Medicare,2003-03-01,2008,both,0.0,0.0,0.0,0.0
outlay,Mandatory,Medicare,2003-03-01,2009,both,0.0,0.0,0.0,0.0
outlay,Mandatory,Medicare,2003-03-01,2010,both,0.0,0.0,0.0,0.0
outlay,Mandatory,Medicare,2003-03-01,2011,both,0.0,0.0,0.0,0.0
outlay,Mandatory,Medicare,2003-03-01,2012,both,0.0,0.0,0.0,0.0
outlay,Mandatory,Medicare,2003-03-01,2013,both,0.0,0.0,0.0,0.0
outlay,Mandatory,Medicare,2004-03-01,2004,both,0.0,0.0,0.0,0.0
outlay,Mandatory,Medicare,2004-03-01,2005,both,0.0,0.0,0.0,0.0
outlay,Mandatory,Medicare,2004-03-01,2006,both,0.0,0.0,0.0,0.0
outlay,Mandatory,Medicare,2004-03-01,2007,both,0.0,0.0,0.0,0.0
outlay,Mandatory,Medicare,2004-03-01,2008,both,0.0,0.0,0.0,0.0
outlay,Mandatory,Medicare,2004-03-01,2009,both,0.0,0.0,0.0,0.0
outlay,Mandatory,Medicare,2004-03-01,2010,both,0.0,0.0,0.0,0.0
outlay,Mandatory,Medicare,2004-03-01,2011,both,0.0,0.0,0.0,0.0
outlay,Mandatory,Medicare,2004-03-01,2012,both,0.0,0.0,0.0,0.0
outlay,Mandatory,Medicare,2004-03-01,2013,both,0.0,0.0,0.0,0.0
outlay,Mandatory,Medicare,2004-03-01,2014,both,0.0,0.0,0.0,0.0
outlay,Mandatory,Medicare,2005-03-01,2005,both,0.0,0.0,0.0,0.0
outlay,Mandatory,Medicare,2005-03-01,2006,both,0.0,0.0,0.0,0.0
outlay,Mandatory,Medicare,2005-03-01,2007,both,0.0,0.0,0.0,0.0
outlay,Mandatory,Medicare,2005-03-01,2008,both,0.0,0.0,0.0,0.0
outlay,Mandatory,Medicare,2005-03-01,2009,both,0.0,0.0,0.0,0.0
outlay,Mandatory,Medicare,2005-03-01,2010,both,0.0,0.0,0.0,0.0
outlay,Mandatory,Medicare,2005-03-01,2011,both,0.0,0.0,0.0,0.0
outlay,Mandatory,Medicare,2005-03-01,2012,both,0.0,0.0,0.0,0.0
outlay,Mandatory,Medicare,2005-03-01,2013,both,0.0,0.0,0.0,0.0
outlay,Mandatory,Medicare,2005-03-01,2014,both,0.0,0.0,0.0,0.0
outlay,Mandatory,Medicare,2005-03-01,2015,both,0.0,0.0,0.0,0.0
outlay,Mandatory,Medicare,2006-03-01,2006,both,0.0,0.0,0.0,0.0
outlay,Mandatory,Medicare,2006-03-01,2007,both,0.0,0.0,0.0,0.0
outlay,Mandatory,Medicare,2006-03-01,2008,both,0.0,0.0,0.0,0.0
outlay,Mandatory,Medicare,2006-03-01,2009,both,0.0,0.0,0.0,0.0
outlay,Mandatory,Medicare,2006-03-01,2010,both,0.0,0.0,0.0,0.0
outlay,Mandatory,Medicare,2006-03-01,2011,both,0.0,0.0,0.0,0.0
outlay,Mandatory,Medicare,2006-03-01,2012,both,0.0,0.0,0.0,0.0
outlay,Mandatory,Medicare,2006-03-01,2013,both,0.0,0.0,0.0,0.0
outlay,Mandatory,Medicare,2006-03-01,2014,both,0.0,0.0,0.0,0.0
outlay,Mandatory,Medicare,2006-03-01,2015,both,0.0,0.0,0.0,0.0
outlay,Mandatory,Medicare,2006-03-01,2016,both,0.0,0.0,0.0,0.0
outlay,Mandatory,Medicare,2007-03-01,2007,both,0.0,0.0,0.0,0.0
outlay,Mandatory,Medicare,2007-03-01,2008,both,0.0,0.0,0.0,0.0
outlay,Mandatory,Medicare,2007-03-01,2009,both,0.0,0.0,0.0,0.0
outlay,Mandatory,Medicare,2007-03-01,2010,both,0.0,0.0,0.0,0.0
outlay,Mandatory,Medicare,2007-03-01,2011,both,0.0,0.0,0.0,0.0
outlay,Mandatory,Medicare,2007-03-01,2012,both,0.0,0.0,0.0,0.0
outlay,Mandatory,Medicare,2007-03-01,2013,both,0.0,0.0,0.0,0.0
outlay,Mandatory,Medicare,2007-03-01,2014,both,0.0,0.0,0.0,0.0
outlay,Mandatory,Medicare,2007-03-01,2015,both,0.0,0.0,0.0,0.0
outlay,Mandatory,Medicare,2007-03-01,2016,both,0.0,0.0,0.0,0.0
outlay,Mandatory,Medicare,2007-03-01,2017,both,0.0,0.0,0.0,0.0
outlay,Mandatory,Medicare,2008-03-01,2008,both,0.0,0.0,0.0,0.0
outlay,Mandatory,Medicare,2008-03-01,2009,both,0.0,0.0,0.0,0.0
outlay,Mandatory,Medicare,2008-03-01,2010,both,0.0,0.0,0.0,0.0
outlay,Mandatory,Medicare,2008-03-01,2011,both,0.0,0.0,0.0,0.0
outlay,Mandatory,Medicare,2008-03-01,2012,both,0.0,0.0,0.0,0.0
outlay,Mandatory,Medicare,2008-03-01,2013,both,0.0,0.0,0.0,0.0
outlay,Mandatory,Medicare,2008-03-01,2014,both,0.0,0.0,0.0,0.0
outlay,Mandatory,Medicare,2008-03-01,2015,both,0.0,0.0,0.0,0.0
outlay,Mandatory,Medicare,2008-03-01,2016,both,0.0,0.0,0.0,0.0
outlay,Mandatory,Medicare,2008-03-01,2017,both,0.0,0.0,0.0,0.0
outlay,Mandatory,Medicare,2008-03-01,2018,both,0.0,0.0,0.0,0.0
outlay,Mandatory,Medicare,2009-03-01,2009,both,0.0,0.0,0.0,0.0
outlay,Mandatory,Medicare,2009-03-01,2010,both,0.0,0.0,0.0,0.0
outlay,Mandatory,Medicare,2009-03-01,2011,both,0.0,0.0,0.0,0.0
outlay,Mandatory,Medicare,2009-03-01,2012,both,0.0,0.0,0.0,0.0
outlay,Mandatory,Medicare,2009-03-01,2013,both,0.0,0.0,0.0,0.0
outlay,Mandatory,Medicare,2009-03-01,2014,both,0.0,0.0,0.0,0.0
outlay,Mandatory,Medicare,2009-03-01,2015,both,0.0,0.0,0.0,0.0
outlay,Mandatory,Medicare,2009-03-01,2016,both,0.0,0.0,0.0,0.0
outlay,Mandatory,Medicare,2009-03-01,2017,both,0.0,0.0,0.0,0.0
outlay,Mandatory,Medicare,2009-03-01,2018,both,0.0,0.0,0.0,0.0
outlay,Mandatory,Medicare,2009-03-01,2019,both,0.0,0.0,0.0,0.0
outlay,Mandatory,Medicare,2010-03-01,2010,both,0.0,0.0,0.0,0.0
outlay,Mandatory,Medicare,2010-03-01,2011,both,0.0,0.0,0.0,0.0
outlay,Mandatory,Medicare,2010-03-01,2012,both,0.0,0.0,0.0,0.0
outlay,Mandatory,Medicare,2010-03-01,2013,both,0.0,0.0,0.0,0.0
outlay,Mandatory,Medicare,2010-03-01,2014,both,0.0,0.0,0.0,0.0
outlay,Mandatory,Medicare,2010-03-01,2015,both,0.0,0.0,0.0,0.0
outlay,Mandatory,Medicare,2010-03-01,2016,both,0.0,0.0,0.0,0.0
outlay,Mandatory,Medicare,2010-03-01,2017,both,0.0,0.0,0.0,0.0
outlay,Mandatory,Medicare,2010-03-01,2018,both,0.0,0.0,0.0,0.0
outlay,Mandatory,Medicare,2010-03-01,2019,both,0.0,0.0,0.0,0.0
outlay,Mandatory,Medicare,2010-03-01,2020,both,0.0,0.0,0.0,0.0
outlay,Mandatory,Medicare,2011-03-01,2011,both,0.0,0.0,0.0,0.0
outlay,Mandatory,Medicare,2011-03-01,2012,both,0.0,0.0,0.0,0.0
outlay,Mandatory,Medicare,2011-03-01,2013,both,0.0,0.0,0.0,0.0
outlay,Mandatory,Medicare,2011-03-01,2014,both,0.0,0.0,0.0,0.0
outlay,Mandatory,Medicare,2011-03-01,2015,both,0.0,0.0,0.0,0.0
outlay,Mandatory,Medicare,2011-03-01,2016,both,0.0,0.0,0.0,0.0
outlay,Mandatory,Medicare,2011-03-01,2017,both,0.0,0.0,0.0,0.0
outlay,Mandatory,Medicare,2011-03-01,2018,both,0.0,0.0,0.0,0.0
outlay,Mandatory,Medicare,2011-03-01,2019,both,0.0,0.0,0.0,0.0
outlay,Mandatory,Medicare,2011-03-01,2020,both,0.0,0.0,0.0,0.0
outlay,Mandatory,Medicare,2011-03-01,2021,both,0.0,0.0,0.0,0.0
outlay,Mandatory,Medicare,2012-03-01,2012,both,0.0,0.0,0.0,0.0
outlay,Mandatory,Medicare,2012-03-01,2013,both,0.0,0.0,0.0,0.0
outlay,Mandatory,Medicare,2012-03-01,2014,both,0.0,0.0,0.0,0.0
outlay,Mandatory,Medicare,2012-03-01,2015,both,0.0,0.0,0.0,0.0
outlay,Mandatory,Medicare,2012-03-01,2016,both,0.0,0.0,0.0,0.0
outlay,Mandatory,Medicare,2012-03-01,2017,both,0.0,0.0,0.0,0.0
outlay,Mandatory,Medicare,2012-03-01,2018,both,0.0,0.0,0.0,0.0
outlay,Mandatory,Medicare,2012-03-01,2019,both,0.0,0.0,0.0,0.0
outlay,Mandatory,Medicare,2012-03-01,2020,both,0.0,0.0,0.0,0.0
outlay,Mandatory,Medicare,2012-03-01,2021,both,0.0,0.0,0.0,0.0
outlay,Mandatory,Medicare,2012-03-01,2022,both,0.0,0.0,0.0,0.0
outlay,Mandatory,Medicare,2013-05-01,2013,both,0.0,0.0,0.0,0.0
outlay,Mandatory,Medicare,2013-05-01,2014,both,0.0,0.0,0.0,0.0
outlay,Mandatory,Medicare,2013-05-01,2015,both,0.0,0.0,0.0,0.0
outlay,Mandatory,Medicare,2013-05-01,2016,both,0.0,0.0,0.0,0.0
outlay,Mandatory,Medicare,2013-05-01,2017,both,0.0,0.0,0.0,0.0
outlay,Mandatory,Medicare,2013-05-01,2018,both,0.0,0.0,0.0,0.0
outlay,Mandatory,Medicare,2013-05-01,2019,both,0.0,0.0,0.0,0.0
outlay,Mandatory,Medicare,2013-05-01,2020,both,0.0,0.0,0.0,0.0
outlay,Mandatory,Medicare,2013-05-01,2021,both,0.0,0.0,0.0,0.0
outlay,Mandatory,Medicare,2013-05-01,2022,both,0.0,0.0,0.0,0.0
outlay,Mandatory,Medicare,2013-05-01,2023,both,0.0,0.0,0.0,0.0
outlay,Mandatory,Medicare,2014-04-01,2014,both,0.0,0.0,0.0,0.0
outlay,Mandatory,Medicare,2014-04-01,2015,both,0.0,0.0,0.0,0.0
outlay,Mandatory,Medicare,2014-04-01,2016,both,0.0,0.0,0.0,0.0
outlay,Mandatory,Medicare,2014-04-01,2017,both,0.0,0.0,0.0,0.0
outlay,Mandatory,Medicare,2014-04-01,2018,both,0.0,0.0,0.0,0.0
outlay,Mandatory,Medicare,2014-04-01,2019,both,0.0,0.0,0.0,0.0
outlay,Mandatory,Medicare,2014-04-01,2020,both,0.0,0.0,0.0,0.0
outlay,Mandatory,Medicare,2014-04-01,2021,both,0.0,0.0,0.0,0.0
outlay,Mandatory,Medicare,2014-04-01,2022,both,0.0,0.0,0.0,0.0
outlay,Mandatory,Medicare,2014-04-01,2023,both,0.0,0.0,0.0,0.0
outlay,Mandatory,Medicare,2014-04-01,2024,both,0.0,0.0,0.0,0.0
outlay,Mandatory,Medicare,2015-03-01,2015,both,0.0,0.0,0.0,0.0
outlay,Mandatory,Medicare,2015-03-01,2016,both,0.0,0.0,0.0,0.0
outlay,Mandatory,Medicare,2015-03-01,2017,both,0.0,0.0,0.0,0.0
outlay,Mandatory,Medicare,2015-03-01,2018,both,0.0,0.0,0.0,0.0
outlay,Mandatory,Medicare,2015-03-01,2019,both,0.0,0.0,0.0,0.0
outlay,Mandatory,Medicare,2015-03-01,2020,both,0.0,0.0,0.0,0.0
outlay,Mandatory,Medicare,2015-03-01,2021,both,0.0,0.0,0.0,0.0
outlay,Mandatory,Medicare,2015-03-01,2022,both,0.0,0.0,0.0,0.0
outlay,Mandatory,Medicare,2015-03-01,2023,both,0.0,0.0,0.0,0.0
outlay,Mandatory,Medicare,2015-03-01,2024,both,0.0,0.0,0.0,0.0
outlay,Mandatory,Medicare,2015-03-01,2025,both,0.0,0.0,0.0,0.0
outlay,Mandatory,Medicare,2016-03-01,2016,both,0.0,0.0,0.0,0.0
outlay,Mandatory,Medicare,2016-03-01,2017,both,0.0,0.0,0.0,0.0
outlay,Mandatory,Medicare,2016-03-01,2018,both,0.0,0.0,0.0,0.0
outlay,Mandatory,Medicare,2016-03-01,2019,both,0.0,0.0,0.0,0.0
outlay,Mandatory,Medicare,2016-03-01,2020,both,0.0,0.0,0.0,0.0
outlay,Mandatory,Medicare,2016-03-01,2021,both,0.0,0.0,0.0,0.0
outlay,Mandatory,Medicare,2016-03-01,2022,both,0.0,0.0,0.0,0.0
outlay,Mandatory,Medicare,2016-03-01,2023,both,0.0,0.0,0.0,0.0
outlay,Mandatory,Medicare,2016-03-01,2024,both,0.0,0.0,0.0,0.0
outlay,Mandatory,Medicare,2016-03-01,2025,both,0.0,0.0,0.0,0.0
outlay,Mandatory,Medicare,2017-06-01,2017,both,0.0,0.0,0.0,0.0
outlay,Mandatory,Medicare,2017-06-01,2018,both,0.0,0.0,0.0,0.0
outlay,Mandatory,Medicare,2017-06-01,2019,both,0.0,0.0,0.0,0.0
outlay,Mandatory,Medicare,2017-06-01,2020,both,0.0,0.0,0.0,0.0
outlay,Mandatory,Medicare,2017-06-01,2021,both,0.0,0.0,0.0,0.0
outlay,Mandatory,Medicare,2017-06-01,2022,both,0.0,0.0,0.0,0.0
outlay,Mandatory,Medicare,2017-06-01,2023,both,0.0,0.0,0.0,0.0
outlay,Mandatory,Medicare,2017-06-01,2024,both,0.0,0.0,0.0,0.0
outlay,Mandatory,Medicare,2017-06-01,2025,both,0.0,0.0,0.0,0.0
outlay,Mandatory,Medicare,2018-05-01,2018,both,0.0,0.0,0.0,0.0
outlay,Mandatory,Medicare,2018-05-01,2019,both,0.0,0.0,0.0,0.0
outlay,Mandatory,Medicare,2018-05-01,2020,both,0.0,0.0,0.0,0.0
outlay,Mandatory,Medicare,2018-05-01,2021,both,0.0,0.0,0.0,0.0
outlay,Mandatory,Medicare,2018-05-01,2022,both,0.0,0.0,0.0,0.0
outlay,Mandatory,Medicare,2018-05-01,2023,both,0.0,0.0,0.0,0.0
outlay,Mandatory,Medicare,2018-05-01,2024,both,0.0,0.0,0.0,0.0
outlay,Mandatory,Medicare,2018-05-01,2025,both,0.0,0.0,0.0,0.0
outlay,Mandatory,Medicare,2019-05-01,2019,both,0.0,0.0,0.0,0.0
outlay,Mandatory,Medicare,2019-05-01,2020,both,0.0,0.0,0.0,0.0
outlay,Mandatory,Medicare,2019-05-01,2021,both,0.0,0.0,0.0,0.0
outlay,Mandatory,Medicare,2019-05-01,2022,both,0.0,0.0,0.0,0.0
outlay,Mandatory,Medicare,2019-05-01,2023,both,0.0,0.0,0.0,0.0
outlay,Mandatory,Medicare,2019-05-01,2024,both,0.0,0.0,0.0,0.0
outlay,Mandatory,Medicare,2019-05-01,2025,both,0.0,0.0,0.0,0.0
outlay,Mandatory,Medicare,2020-03-01,2020,both,0.0,0.0,0.0,0.0
outlay,Mandatory,Medicare,2020-03-01,2021,both,0.0,0.0,0.0,0.0
outlay,Mandatory,Medicare,2020-03-01,2022,both,0.0,0.0,0.0,0.0
outlay,Mandatory,Medicare,2020-03-01,2023,both,0.0,0.0,0.0,0.0
outlay,Mandatory,Medicare,2020-03-01,2024,both,0.0,0.0,0.0,0.0
outlay,Mandatory,Medicare,2020-03-01,2025,both,0.0,0.0,0.0,0.0
outlay,Mandatory,Medicare,2021-07-01,2021,both,0.0,0.0,0.0,0.0
outlay,Mandatory,Medicare,2021-07-01,2022,both,0.0,0.0,0.0,0.0
outlay,Mandatory,Medicare,2021-07-01,2023,both,0.0,0.0,0.0,0.0
outlay,Mandatory,Medicare,2021-07-01,2024,both,0.0,0.0,0.0,0.0
outlay,Mandatory,Medicare,2021-07-01,2025,both,0.0,0.0,0.0,0.0
outlay,Mandatory,Medicare,2022-05-01,2022,both,0.0,0.0,0.0,0.0
outlay,Mandatory,Medicare,2022-05-01,2023,both,0.0,0.0,0.0,0.0
outlay,Mandatory,Medicare,2022-05-01,2024,both,0.0,0.0,0.0,0.0
outlay,Mandatory,Medicare,2022-05-01,2025,both,0.0,0.0,0.0,0.0
outlay,Mandatory,Medicare,2023-05-01,2023,both,0.0,0.0,0.0,0.0
outlay,Mandatory,Medicare,2023-05-01,2024,both,0.0,0.0,0.0,0.0
outlay,Mandatory,Medicare,2023-05-01,2025,both,0.0,0.0,0.0,0.0
outlay,Mandatory,Medicare,2024-06-01,2024,both,0.0,0.0,0.0,0.0
outlay,Mandatory,Medicare,2024-06-01,2025,both,0.0,0.0,0.0,0.0
outlay,Mandatory,Medicare,2025-01-01,2025,both,0.0,0.0,0.0,0.0
outlay,Mandatory,Other Mandatory,1992-03-01,1992,both,0.0,0.0,0.0,0.0
outlay,Mandatory,Other Mandatory,1992-03-01,1993,both,0.0,0.0,0.0,0.0
outlay,Mandatory,Other Mandatory,1992-03-01,1994,both,0.0,0.0,0.0,0.0
outlay,Mandatory,Other Mandatory,1992-03-01,1995,both,0.0,0.0,0.0,0.0
outlay,Mandatory,Other Mandatory,1992-03-01,1996,both,0.0,0.0,0.0,0.0
outlay,Mandatory,Other Mandatory,1992-03-01,1997,both,0.0,0.0,0.0,0.0
outlay,Mandatory,Other Mandatory,1993-03-01,1993,both,0.0,0.0,0.0,0.0
outlay,Mandatory,Other Mandatory,1993-03-01,1994,both,0.0,0.0,0.0,0.0
outlay,Mandatory,Other Mandatory,1993-03-01,1995,both,0.0,0.0,0.0,0.0
outlay,Mandatory,Other Mandatory,1993-03-01,1996,both,0.0,0.0,0.0,0.0
outlay,Mandatory,Other Mandatory,1993-03-01,1997,both,0.0,0.0,0.0,0.0
outlay,Mandatory,Other Mandatory,1993-03-01,1998,both,0.0,0.0,0.0,0.0
outlay,Mandatory,Other Mandatory,1994-04-01,1994,both,0.0,0.0,0.0,0.0
outlay,Mandatory,Other Mandatory,1994-04-01,1995,both,0.0,0.0,0.0,0.0
outlay,Mandatory,Other Mandatory,1994-04-01,1996,both,0.0,0.0,0.0,0.0
outlay,Mandatory,Other Mandatory,1994-04-01,1997,both,0.0,0.0,0.0,0.0
outlay,Mandatory,Other Mandatory,1994-04-01,1998,both,0.0,0.0,0.0,0.0
outlay,Mandatory,Other Mandatory,1994-04-01,1999,both,0.0,0.0,0.0,0.0
outlay,Mandatory,Other Mandatory,1995-04-01,1995,both,0.0,0.0,0.0,0.0
outlay,Mandatory,Other Mandatory,1995-04-01,1996,both,0.0,0.0,0.0,0.0
outlay,Mandatory,Other Mandatory,1995-04-01,1997,both,0.0,0.0,0.0,0.0
outlay,Mandatory,Other Mandatory,1995-04-01,1998,both,0.0,0.0,0.0,0.0
outlay,Mandatory,Other Mandatory,1995-04-01,1999,both,0.0,0.0,0.0,0.0
outlay,Mandatory,Other Mandatory,1995-04-01,2000,both,0.0,0.0,0.0,0.0
outlay,Mandatory,Other Mandatory,1996-05-01,1996,both,0.0,0.0,0.0,0.0
outlay,Mandatory,Other Mandatory,1996-05-01,1997,both,0.0,0.0,0.0,0.0
outlay,Mandatory,Other Mandatory,1996-05-01,1998,both,0.0,0.0,0.0,0.0
outlay,Mandatory,Other Mandatory,1996-05-01,1999,both,0.0,0.0,0.0,0.0
outlay,Mandatory,Other Mandatory,1996-05-01,2000,both,0.0,0.0,0.0,0.0
outlay,Mandatory,Other Mandatory,1996-05-01,2001,both,0.0,0.0,0.0,0.0
outlay,Mandatory,Other Mandatory,1996-05-01,2002,both,0.0,0.0,0.0,0.0
outlay,Mandatory,Other Mandatory,1996-05-01,2003,both,0.0,0.0,0.0,0.0
outlay,Mandatory,Other Mandatory,1996-05-01,2004,both,0.0,0.0,0.0,0.0
outlay,Mandatory,Other Mandatory,1996-05-01,2005,both,0.0,0.0,0.0,0.0
outlay,Mandatory,Other Mandatory,1996-05-01,2006,both,0.0,0.0,0.0,0.0
outlay,Mandatory,Other Mandatory,1997-03-01,1997,both,0.0,0.0,0.0,0.0
outlay,Mandatory,Other Mandatory,1997-03-01,1998,both,0.0,0.0,0.0,0.0
outlay,Mandatory,Other Mandatory,1997-03-01,1999,both,0.0,0.0,0.0,0.0
outlay,Mandatory,Other Mandatory,1997-03-01,2000,both,0.0,0.0,0.0,0.0
outlay,Mandatory,Other Mandatory,1997-03-01,2001,both,0.0,0.0,0.0,0.0
outlay,Mandatory,Other Mandatory,1997-03-01,2002,both,0.0,0.0,0.0,0.0
outlay,Mandatory,Other Mandatory,1997-03-01,2003,both,0.0,0.0,0.0,0.0
outlay,Mandatory,Other Mandatory,1997-03-01,2004,both,0.0,0.0,0.0,0.0
outlay,Mandatory,Other Mandatory,1997-03-01,2005,both,0.0,0.0,0.0,0.0
outlay,Mandatory,Other Mandatory,1997-03-01,2006,both,0.0,0.0,0.0,0.0
outlay,Mandatory,Other Mandatory,1997-03-01,2007,both,0.0,0.0,0.0,0.0
outlay,Mandatory,Other Mandatory,1998-03-01,1998,both,0.0,0.0,0.0,0.0
outlay,Mandatory,Other Mandatory,1998-03-01,1999,both,0.0,0.0,0.0,0.0
outlay,Mandatory,Other Mandatory,1998-03-01,2000,both,0.0,0.0,0.0,0.0
outlay,Mandatory,Other Mandatory,1998-03-01,2001,both,0.0,0.0,0.0,0.0
outlay,Mandatory,Other Mandatory,1998-03-01,2002,both,0.0,0.0,0.0,0.0
outlay,Mandatory,Other Mandatory,1998-03-01,2003,both,0.0,0.0,0.0,0.0
outlay,Mandatory,Other Mandatory,1998-03-01,2004,both,0.0,0.0,0.0,0.0
outlay,Mandatory,Other Mandatory,1998-03-01,2005,both,0.0,0.0,0.0,0.0
outlay,Mandatory,Other Mandatory,1998-03-01,2006,both,0.0,0.0,0.0,0.0
outlay,Mandatory,Other Mandatory,1998-03-01,2007,both,0.0,0.0,0.0,0.0
outlay,Mandatory,Other Mandatory,1998-03-01,2008,both,0.0,0.0,0.0,0.0
outlay,Mandatory,Other Mandatory,1999-04-01,1999,both,0.0,0.0,0.0,0.0
outlay,Mandatory,Other Mandatory,1999-04-01,2000,both,0.0,0.0,0.0,0.0
outlay,Mandatory,Other Mandatory,1999-04-01,2001,both,0.0,0.0,0.0,0.0
outlay,Mandatory,Other Mandatory,1999-04-01,2002,both,0.0,0.0,0.0,0.0
outlay,Mandatory,Other Mandatory,1999-04-01,2003,both,0.0,0.0,0.0,0.0
outlay,Mandatory,Other Mandatory,1999-04-01,2004,both,0.0,0.0,0.0,0.0
outlay,Mandatory,Other Mandatory,1999-04-01,2005,both,0.0,0.0,0.0,0.0
outlay,Mandatory,Other Mandatory,1999-04-01,2006,both,0.0,0.0,0.0,0.0
outlay,Mandatory,Other Mandatory,1999-04-01,2007,both,0.0,0.0,0.0,0.0
outlay,Mandatory,Other Mandatory,1999-04-01,2008,both,0.0,0.0,0.0,0.0
outlay,Mandatory,Other Mandatory,1999-04-01,2009,both,0.0,0.0,0.0,0.0
outlay,Mandatory,Other Mandatory,2000-04-01,2000,both,0.0,0.0,0.0,0.0
outlay,Mandatory,Other Mandatory,2000-04-01,2001,both,0.0,0.0,0.0,0.0
outlay,Mandatory,Other Mandatory,2000-04-01,2002,both,0.0,0.0,0.0,0.0
outlay,Mandatory,Other Mandatory,2000-04-01,2003,both,0.0,0.0,0.0,0.0
outlay,Mandatory,Other Mandatory,2000-04-01,2004,both,0.0,0.0,0.0,0.0
outlay,Mandatory,Other Mandatory,2000-04-01,2005,both,0.0,0.0,0.0,0.0
outlay,Mandatory,Other Mandatory,2000-04-01,2006,both,0.0,0.0,0.0,0.0
outlay,Mandatory,Other Mandatory,2000-04-01,2007,both,0.0,0.0,0.0,0.0
outlay,Mandatory,Other Mandatory,2000-04-01,2008,both,0.0,0.0,0.0,0.0
outlay,Mandatory,Other Mandatory,2000-04-01,2009,both,0.0,0.0,0.0,0.0
outlay,Mandatory,Other Mandatory,2000-04-01,2010,both,0.0,0.0,0.0,0.0
outlay,Mandatory,Other Mandatory,2001-05-01,2001,both,0.0,0.0,0.0,0.0
outlay,Mandatory,Other Mandatory,2001-05-01,2002,both,0.0,0.0,0.0,0.0
outlay,Mandatory,Other Mandatory,2001-05-01,2003,both,0.0,0.0,0.0,0.0
outlay,Mandatory,Other Mandatory,2001-05-01,2004,both,0.0,0.0,0.0,0.0
outlay,Mandatory,Other Mandatory,2001-05-01,2005,both,0.0,0.0,0.0,0.0
outlay,Mandatory,Other Mandatory,2001-05-01,2006,both,0.0,0.0,0.0,0.0
outlay,Mandatory,Other Mandatory,2001-05-01,2007,both,0.0,0.0,0.0,0.0
outlay,Mandatory,Other Mandatory,2001-05-01,2008,both,0.0,0.0,0.0,0.0
outlay,Mandatory,Other Mandatory,2001-05-01,2009,both,0.0,0.0,0.0,0.0
outlay,Mandatory,Other Mandatory,2001-05-01,2010,both,0.0,0.0,0.0,0.0
outlay,Mandatory,Other Mandatory,2001-05-01,2011,both,0.0,0.0,0.0,0.0
outlay,Mandatory,Other Mandatory,2002-03-01,2002,both,0.0,0.0,0.0,0.0
outlay,Mandatory,Other Mandatory,2002-03-01,2003,both,0.0,0.0,0.0,0.0
outlay,Mandatory,Other Mandatory,2002-03-01,2004,both,0.0,0.0,0.0,0.0
outlay,Mandatory,Other Mandatory,2002-03-01,2005,both,0.0,0.0,0.0,0.0
outlay,Mandatory,Other Mandatory,2002-03-01,2006,both,0.0,0.0,0.0,0.0
outlay,Mandatory,Other Mandatory,2002-03-01,2007,both,0.0,0.0,0.0,0.0
outlay,Mandatory,Other Mandatory,2002-03-01,2008,both,0.0,0.0,0.0,0.0
outlay,Mandatory,Other Mandatory,2002-03-01,2009,both,0.0,0.0,0.0,0.0
outlay,Mandatory,Other Mandatory,2002-03-01,2010,both,0.0,0.0,0.0,0.0
outlay,Mandatory,Other Mandatory,2002-03-01,2011,both,0.0,0.0,0.0,0.0
outlay,Mandatory,Other Mandatory,2002-03-01,2012,both,0.0,0.0,0.0,0.0
outlay,Mandatory,Other Mandatory,2003-03-01,2003,both,0.0,0.0,0.0,0.0
outlay,Mandatory,Other Mandatory,2003-03-01,2004,both,0.0,0.0,0.0,0.0
outlay,Mandatory,Other Mandatory,2003-03-01,2005,both,0.0,0.0,0.0,0.0
outlay,Mandatory,Other Mandatory,2003-03-01,2006,both,0.0,0.0,0.0,0.0
outlay,Mandatory,Other Mandatory,2003-03-01,2007,both,0.0,0.0,0.0,0.0
outlay,Mandatory,Other Mandatory,2003-03-01,2008,both,0.0,0.0,0.0,0.0
outlay,Mandatory,Other Mandatory,2003-03-01,2009,both,0.0,0.0,0.0,0.0
outlay,Mandatory,Other Mandatory,2003-03-01,2010,both,0.0,0.0,0.0,0.0
outlay,Mandatory,Other Mandatory,2003-03-01,2011,both,0.0,0.0,0.0,0.0
outlay,Mandatory,Other Mandatory,2003-03-01,2012,both,0.0,0.0,0.0,0.0
outlay,Mandatory,Other Mandatory,2003-03-01,2013,both,0.0,0.0,0.0,0.0
outlay,Mandatory,Other Mandatory,2004-03-01,2004,both,0.0,0.0,0.0,0.0
outlay,Mandatory,Other Mandatory,2004-03-01,2005,both,0.0,0.0,0.0,0.0
outlay,Mandatory,Other Mandatory,2004-03-01,2006,both,0.0,0.0,0.0,0.0
outlay,Mandatory,Other Mandatory,2004-03-01,2007,both,0.0,0.0,0.0,0.0
outlay,Mandatory,Other Mandatory,2004-03-01,2008,both,0.0,0.0,0.0,0.0
outlay,Mandatory,Other Mandatory,2004-03-01,2009,both,0.0,0.0,0.0,0.0
outlay,Mandatory,Other Mandatory,2004-03-01,2010,both,0.0,0.0,0.0,0.0
outlay,Mandatory,Other Mandatory,2004-03-01,2011,both,0.0,0.0,0.0,0.0
outlay,Mandatory,Other Mandatory,2004-03-01,2012,both,0.0,0.0,0.0,0.0
outlay,Mandatory,Other Mandatory,2004-03-01,2013,both,0.0,0.0,0.0,0.0
outlay,Mandatory,Other Mandatory,2004-03-01,2014,both,0.0,0.0,0.0,0.0
outlay,Mandatory,Other Mandatory,2005-03-01,2005,both,0.0,0.0,0.0,0.0
outlay,Mandatory,Other Mandatory,2005-03-01,2006,both,0.0,0.0,0.0,0.0
outlay,Mandatory,Other Mandatory,2005-03-01,2007,both,0.0,0.0,0.0,0.0
outlay,Mandatory,Other Mandatory,2005-03-01,2008,both,0.0,0.0,0.0,0.0
outlay,Mandatory,Other Mandatory,2005-03-01,2009,both,0.0,0.0,0.0,0.0
outlay,Mandatory,Other Mandatory,2005-03-01,2010,both,0.0,0.0,0.0,0.0
outlay,Mandatory,Other Mandatory,2005-03-01,2011,both,0.0,0.0,0.0,0.0
outlay,Mandatory,Other Mandatory,2005-03-01,2012,both,0.0,0.0,0.0,0.0
outlay,Mandatory,Other Mandatory,2005-03-01,2013,both,0.0,0.0,0.0,0.0
outlay,Mandatory,Other Mandatory,2005-03-01,2014,both,0.0,0.0,0.0,0.0
outlay,Mandatory,Other Mandatory,2005-03-01,2015,both,0.0,0.0,0.0,0.0
outlay,Mandatory,Other Mandatory,2006-03-01,2006,both,0.0,0.0,0.0,0.0
outlay,Mandatory,Other Mandatory,2006-03-01,2007,both,0.0,0.0,0.0,0.0
outlay,Mandatory,Other Mandatory,2006-03-01,2008,both,0.0,0.0,0.0,0.0
outlay,Mandatory,Other Mandatory,2006-03-01,2009,both,0.0,0.0,0.0,0.0
outlay,Mandatory,Other Mandatory,2006-03-01,2010,both,0.0,0.0,0.0,0.0
outlay,Mandatory,Other Mandatory,2006-03-01,2011,both,0.0,0.0,0.0,0.0
outlay,Mandatory,Other Mandatory,2006-03-01,2012,both,0.0,0.0,0.0,0.0
outlay,Mandatory,Other Mandatory,2006-03-01,2013,both,0.0,0.0,0.0,0.0
outlay,Mandatory,Other Mandatory,2006-03-01,2014,both,0.0,0.0,0.0,0.0
outlay,Mandatory,Other Mandatory,2006-03-01,2015,both,0.0,0.0,0.0,0.0
outlay,Mandatory,Other Mandatory,2006-03-01,2016,both,0.0,0.0,0.0,0.0
outlay,Mandatory,Other Mandatory,2007-03-01,2007,both,0.0,0.0,0.0,0.0
outlay,Mandatory,Other Mandatory,2007-03-01,2008,both,0.0,0.0,0.0,0.0
outlay,Mandatory,Other Mandatory,2007-03-01,2009,both,0.0,0.0,0.0,0.0
outlay,Mandatory,Other Mandatory,2007-03-01,2010,both,0.0,0.0,0.0,0.0
outlay,Mandatory,Other Mandatory,2007-03-01,2011,both,0.0,0.0,0.0,0.0
outlay,Mandatory,Other Mandatory,2007-03-01,2012,both,0.0,0.0,0.0,0.0
outlay,Mandatory,Other Mandatory,2007-03-01,2013,both,0.0,0.0,0.0,0.0
outlay,Mandatory,Other Mandatory,2007-03-01,2014,both,0.0,0.0,0.0,0.0
outlay,Mandatory,Other Mandatory,2007-03-01,2015,both,0.0,0.0,0.0,0.0
outlay,Mandatory,Other Mandatory,2007-03-01,2016,both,0.0,0.0,0.0,0.0
outlay,Mandatory,Other Mandatory,2007-03-01,2017,both,0.0,0.0,0.0,0.0
outlay,Mandatory,Other Mandatory,2008-03-01,2008,both,0.0,0.0,0.0,0.0
outlay,Mandatory,Other Mandatory,2008-03-01,2009,both,0.0,0.0,0.0,0.0
outlay,Mandatory,Other Mandatory,2008-03-01,2010,both,0.0,0.0,0.0,0.0
outlay,Mandatory,Other Mandatory,2008-03-01,2011,both,0.0,0.0,0.0,0.0
outlay,Mandatory,Other Mandatory,2008-03-01,2012,both,0.0,0.0,0.0,0.0
outlay,Mandatory,Other Mandatory,2008-03-01,2013,both,0.0,0.0,0.0,0.0
outlay,Mandatory,Other Mandatory,2008-03-01,2014,both,0.0,0.0,0.0,0.0
outlay,Mandatory,Other Mandatory,2008-03-01,2015,both,0.0,0.0,0.0,0.0
outlay,Mandatory,Other Mandatory,2008-03-01,2016,both,0.0,0.0,0.0,0.0
outlay,Mandatory,Other Mandatory,2008-03-01,2017,both,0.0,0.0,0.0,0.0
outlay,Mandatory,Other Mandatory,2008-03-01,2018,both,0.0,0.0,0.0,0.0
outlay,Mandatory,Other Mandatory,2009-03-01,2009,both,0.0,0.0,0.0,0.0
outlay,Mandatory,Other Mandatory,2009-03-01,2010,both,0.0,0.0,0.0,0.0
outlay,Mandatory,Other Mandatory,2009-03-01,2011,both,0.0,0.0,0.0,0.0
outlay,Mandatory,Other Mandatory,2009-03-01,2012,both,0.0,0.0,0.0,0.0
outlay,Mandatory,Other Mandatory,2009-03-01,2013,both,0.0,0.0,0.0,0.0
outlay,Mandatory,Other Mandatory,2009-03-01,2014,both,0.0,0.0,0.0,0.0
outlay,Mandatory,Other Mandatory,2009-03-01,2015,both,0.0,0.0,0.0,0.0
outlay,Mandatory,Other Mandatory,2009-03-01,2016,both,0.0,0.0,0.0,0.0
outlay,Mandatory,Other Mandatory,2009-03-01,2017,both,0.0,0.0,0.0,0.0
outlay,Mandatory,Other Mandatory,2009-03-01,2018,both,0.0,0.0,0.0,0.0
outlay,Mandatory,Other Mandatory,2009-03-01,2019,both,0.0,0.0,0.0,0.0
outlay,Mandatory,Other Mandatory,2010-03-01,2010,both,0.0,0.0,0.0,0.0
outlay,Mandatory,Other Mandatory,2010-03-01,2011,both,0.0,0.0,0.0,0.0
outlay,Mandatory,Other Mandatory,2010-03-01,2012,both,0.0,0.0,0.0,0.0
outlay,Mandatory,Other Mandatory,2010-03-01,2013,both,0.0,0.0,0.0,0.0
outlay,Mandatory,Other Mandatory,2010-03-01,2014,both,0.0,0.0,0.0,0.0
outlay,Mandatory,Other Mandatory,2010-03-01,2015,both,0.0,0.0,0.0,0.0
outlay,Mandatory,Other Mandatory,2010-03-01,2016,both,0.0,0.0,0.0,0.0
outlay,Mandatory,Other Mandatory,2010-03-01,2017,both,0.0,0.0,0.0,0.0
outlay,Mandatory,Other Mandatory,2010-03-01,2018,both,0.0,0.0,0.0,0.0
outlay,Mandatory,Other Mandatory,2010-03-01,2019,both,0.0,0.0,0.0,0.0
outlay,Mandatory,Other Mandatory,2010-03-01,2020,both,0.0,0.0,0.0,0.0
outlay,Mandatory,Other Mandatory,2011-03-01,2011,both,0.0,0.0,0.0,0.0
outlay,Mandatory,Other Mandatory,2011-03-01,2012,both,0.0,0.0,0.0,0.0
outlay,Mandatory,Other Mandatory,2011-03-01,2013,both,0.0,0.0,0.0,0.0
outlay,Mandatory,Other Mandatory,2011-03-01,2014,both,0.0,0.0,0.0,0.0
outlay,Mandatory,Other Mandatory,2011-03-01,2015,both,0.0,0.0,0.0,0.0
outlay,Mandatory,Other Mandatory,2011-03-01,2016,both,0.0,0.0,0.0,0.0
outlay,Mandatory,Other Mandatory,2011-03-01,2017,both,0.0,0.0,0.0,0.0
outlay,Mandatory,Other Mandatory,2011-03-01,2018,both,0.0,0.0,0.0,0.0
outlay,Mandatory,Other Mandatory,2011-03-01,2019,both,0.0,0.0,0.0,0.0
outlay,Mandatory,Other Mandatory,2011-03-01,2020,both,0.0,0.0,0.0,0.0
outlay,Mandatory,Other Mandatory,2011-03-01,2021,both,0.0,0.0,0.0,0.0
outlay,Mandatory,Other Mandatory,2012-03-01,2012,both,0.0,0.0,0.0,0.0
outlay,Mandatory,Other Mandatory,2012-03-01,2013,both,0.0,0.0,0.0,0.0
outlay,Mandatory,Other Mandatory,2012-03-01,2014,both,0.0,0.0,0.0,0.0
outlay,Mandatory,Other Mandatory,2012-03-01,2015,both,0.0,0.0,0.0,0.0
outlay,Mandatory,Other Mandatory,2012-03-01,2016,both,0.0,0.0,0.0,0.0
outlay,Mandatory,Other Mandatory,2012-03-01,2017,both,0.0,0.0,0.0,0.0
outlay,Mandatory,Other Mandatory,2012-03-01,2018,both,0.0,0.0,0.0,0.0
outlay,Mandatory,Other Mandatory,2012-03-01,2019,both,0.0,0.0,0.0,0.0
outlay,Mandatory,Other Mandatory,2012-03-01,2020,both,0.0,0.0,0.0,0.0
outlay,Mandatory,Other Mandatory,2012-03-01,2021,both,0.0,0.0,0.0,0.0
outlay,Mandatory,Other Mandatory,2012-03-01,2022,both,0.0,0.0,0.0,0.0
outlay,Mandatory,Other Mandatory,2013-05-01,2013,both,0.0,0.0,0.0,0.0
outlay,Mandatory,Other Mandatory,2013-05-01,2014,both,0.0,0.0,0.0,0.0
outlay,Mandatory,Other Mandatory,2013-05-01,2015,both,0.0,0.0,0.0,0.0
outlay,Mandatory,Other Mandatory,2013-05-01,2016,both,0.0,0.0,0.0,0.0
outlay,Mandatory,Other Mandatory,2013-05-01,2017,both,0.0,0.0,0.0,0.0
outlay,Mandatory,Other Mandatory,2013-05-01,2018,both,0.0,0.0,0.0,0.0
outlay,Mandatory,Other Mandatory,2013-05-01,2019,both,0.0,0.0,0.0,0.0
outlay,Mandatory,Other Mandatory,2013-05-01,2020,both,0.0,0.0,0.0,0.0
outlay,Mandatory,Other Mandatory,2013-05-01,2021,both,0.0,0.0,0.0,0.0
outlay,Mandatory,Other Mandatory,2013-05-01,2022,both,0.0,0.0,0.0,0.0
outlay,Mandatory,Other Mandatory,2013-05-01,2023,both,0.0,0.0,0.0,0.0
outlay,Mandatory,Other Mandatory,2014-04-01,2014,both,0.0,0.0,0.0,0.0
outlay,Mandatory,Other Mandatory,2014-04-01,2015,both,0.0,0.0,0.0,0.0
outlay,Mandatory,Other Mandatory,2014-04-01,2016,both,0.0,0.0,0.0,0.0
outlay,Mandatory,Other Mandatory,2014-04-01,2017,both,0.0,0.0,0.0,0.0
outlay,Mandatory,Other Mandatory,2014-04-01,2018,both,0.0,0.0,0.0,0.0
outlay,Mandatory,Other Mandatory,2014-04-01,2019,both,0.0,0.0,0.0,0.0
outlay,Mandatory,Other Mandatory,2014-04-01,2020,both,0.0,0.0,0.0,0.0
outlay,Mandatory,Other Mandatory,2014-04-01,2021,both,0.0,0.0,0.0,0.0
outlay,Mandatory,Other Mandatory,2014-04-01,2022,both,0.0,0.0,0.0,0.0
outlay,Mandatory,Other Mandatory,2014-04-01,2023,both,0.0,0.0,0.0,0.0
outlay,Mandatory,Other Mandatory,2014-04-01,2024,both,0.0,0.0,0.0,0.0
outlay,Mandatory,Other Mandatory,2015-03-01,2015,both,0.0,0.0,0.0,0.0
outlay,Mandatory,Other Mandatory,2015-03-01,2016,both,0.0,0.0,0.0,0.0
outlay,Mandatory,Other Mandatory,2015-03-01,2017,both,0.0,0.0,0.0,0.0
outlay,Mandatory,Other Mandatory,2015-03-01,2018,both,0.0,0.0,0.0,0.0
outlay,Mandatory,Other Mandatory,2015-03-01,2019,both,0.0,0.0,0.0,0.0
outlay,Mandatory,Other Mandatory,2015-03-01,2020,both,0.0,0.0,0.0,0.0
outlay,Mandatory,Other Mandatory,2015-03-01,2021,both,0.0,0.0,0.0,0.0
outlay,Mandatory,Other Mandatory,2015-03-01,2022,both,0.0,0.0,0.0,0.0
outlay,Mandatory,Other Mandatory,2015-03-01,2023,both,0.0,0.0,0.0,0.0
outlay,Mandatory,Other Mandatory,2015-03-01,2024,both,0.0,0.0,0.0,0.0
outlay,Mandatory,Other Mandatory,2015-03-01,2025,both,0.0,0.0,0.0,0.0
outlay,Mandatory,Other Mandatory,2016-03-01,2016,both,0.0,0.0,0.0,0.0
outlay,Mandatory,Other Mandatory,2016-03-01,2017,both,0.0,0.0,0.0,0.0
outlay,Mandatory,Other Mandatory,2016-03-01,2018,both,0.0,0.0,0.0,0.0
outlay,Mandatory,Other Mandatory,2016-03-01,2019,both,0.0,0.0,0.0,0.0
outlay,Mandatory,Other Mandatory,2016-03-01,2020,both,0.0,0.0,0.0,0.0
outlay,Mandatory,Other Mandatory,2016-03-01,2021,both,0.0,0.0,0.0,0.0
outlay,Mandatory,Other Mandatory,2016-03-01,2022,both,0.0,0.0,0.0,0.0
outlay,Mandatory,Other Mandatory,2016-03-01,2023,both,0.0,0.0,0.0,0.0
outlay,Mandatory,Other Mandatory,2016-03-01,2024,both,0.0,0.0,0.0,0.0
outlay,Mandatory,Other Mandatory,2016-03-01,2025,both,0.0,0.0,0.0,0.0
outlay,Mandatory,Other Mandatory,2017-06-01,2017,both,0.0,0.0,0.0,0.0
outlay,Mandatory,Other Mandatory,2017-06-01,2018,both,0.0,0.0,0.0,0.0
outlay,Mandatory,Other Mandatory,2017-06-01,2019,both,0.0,0.0,0.0,0.0
outlay,Mandatory,Other Mandatory,2017-06-01,2020,both,0.0,0.0,0.0,0.0
outlay,Mandatory,Other Mandatory,2017-06-01,2021,both,0.0,0.0,0.0,0.0
outlay,Mandatory,Other Mandatory,2017-06-01,2022,both,0.0,0.0,0.0,0.0
outlay,Mandatory,Other Mandatory,2017-06-01,2023,both,0.0,0.0,0.0,0.0
outlay,Mandatory,Other Mandatory,2017-06-01,2024,both,0.0,0.0,0.0,0.0
outlay,Mandatory,Other Mandatory,2017-06-01,2025,both,0.0,0.0,0.0,0.0
outlay,Mandatory,Other Mandatory,2018-05-01,2018,both,0.0,0.0,0.0,0.0
outlay,Mandatory,Other Mandatory,2018-05-01,2019,both,0.0,0.0,0.0,0.0
outlay,Mandatory,Other Mandatory,2018-05-01,2020,both,0.0,0.0,0.0,0.0
outlay,Mandatory,Other Mandatory,2018-05-01,2021,both,0.0,0.0,0.0,0.0
outlay,Mandatory,Other Mandatory,2018-05-01,2022,both,0.0,0.0,0.0,0.0
outlay,Mandatory,Other Mandatory,2018-05-01,2023,both,0.0,0.0,0.0,0.0
outlay,Mandatory,Other Mandatory,2018-05-01,2024,both,0.0,0.0,0.0,0.0
outlay,Mandatory,Other Mandatory,2018-05-01,2025,both,0.0,0.0,0.0,0.0
outlay,Mandatory,Other Mandatory,2019-05-01,2019,both,0.0,0.0,0.0,0.0
outlay,Mandatory,Other Mandatory,2019-05-01,2020,both,0.0,0.0,0.0,0.0
outlay,Mandatory,Other Mandatory,2019-05-01,2021,both,0.0,0.0,0.0,0.0
outlay,Mandatory,Other Mandatory,2019-05-01,2022,both,0.0,0.0,0.0,0.0
outlay,Mandatory,Other Mandatory,2019-05-01,2023,both,0.0,0.0,0.0,0.0
outlay,Mandatory,Other Mandatory,2019-05-01,2024,both,0.0,0.0,0.0,0.0
outlay,Mandatory,Other Mandatory,2019-05-01,2025,both,0.0,0.0,0.0,0.0
outlay,Mandatory,Other Mandatory,2020-03-01,2020,both,0.0,0.0,0.0,0.0
outlay,Mandatory,Other Mandatory,2020-03-01,2021,both,0.0,0.0,0.0,0.0
outlay,Mandatory,Other Mandatory,2020-03-01,2022,both,0.0,0.0,0.0,0.0
outlay,Mandatory,Other Mandatory,2020-03-01,2023,both,0.0,0.0,0.0,0.0
outlay,Mandatory,Other Mandatory,2020-03-01,2024,both,0.0,0.0,0.0,0.0
outlay,Mandatory,Other Mandatory,2020-03-01,2025,both,0.0,0.0,0.0,0.0
outlay,Mandatory,Other Mandatory,2021-07-01,2021,both,0.0,0.0,0.0,0.0
outlay,Mandatory,Other Mandatory,2021-07-01,2022,both,0.0,0.0,0.0,0.0
outlay,Mandatory,Other Mandatory,2021-07-01,2023,both,0.0,0.0,0.0,0.0
outlay,Mandatory,Other Mandatory,2021-07-01,2024,both,0.0,0.0,0.0,0.0
outlay,Mandatory,Other Mandatory,2021-07-01,2025,both,0.0,0.0,0.0,0.0
outlay,Mandatory,Other Mandatory,2022-05-01,2022,both,0.0,0.0,0.0,0.0
outlay,Mandatory,Other Mandatory,2022-05-01,2023,both,0.0,0.0,0.0,0.0
outlay,Mandatory,Other Mandatory,2022-05-01,2024,both,0.0,0.0,0.0,0.0
outlay,Mandatory,Other Mandatory,2022-05-01,2025,both,0.0,0.0,0.0,0.0
outlay,Mandatory,Other Mandatory,2023-05-01,2023,both,0.0,0.0,0.0,0.0
outlay,Mandatory,Other Mandatory,2023-05-01,2024,both,0.0,0.0,0.0,0.0
outlay,Mandatory,Other Mandatory,2023-05-01,2025,both,0.0,0.0,0.0,0.0
outlay,Mandatory,Other Mandatory,2024-06-01,2024,both,0.0,0.0,0.0,0.0
outlay,Mandatory,Other Mandatory,2024-06-01,2025,both,0.0,0.0,0.0,0.0
outlay,Mandatory,Other Mandatory,2025-01-01,2025,both,0.0,0.0,0.0,0.0
outlay,Mandatory,Social Security,1992-03-01,1992,both,0.0,0.0,0.0,0.0
outlay,Mandatory,Social Security,1992-03-01,1993,both,0.0,0.0,0.0,0.0
outlay,Mandatory,Social Security,1992-03-01,1994,both,0.0,0.0,0.0,0.0
outlay,Mandatory,Social Security,1992-03-01,1995,both,0.0,0.0,0.0,0.0
outlay,Mandatory,Social Security,1992-03-01,1996,both,0.0,0.0,0.0,0.0
outlay,Mandatory,Social Security,1992-03-01,1997,both,0.0,0.0,0.0,0.0
outlay,Mandatory,Social Security,1993-03-01,1993,both,0.0,0.0,0.0,0.0
outlay,Mandatory,Social Security,1993-03-01,1994,both,0.0,0.0,0.0,0.0
outlay,Mandatory,Social Security,1993-03-01,1995,both,0.0,0.0,0.0,0.0
outlay,Mandatory,Social Security,1993-03-01,1996,both,0.0,0.0,0.0,0.0
outlay,Mandatory,Social Security,1993-03-01,1997,both,0.0,0.0,0.0,0.0
outlay,Mandatory,Social Security,1993-03-01,1998,both,0.0,0.0,0.0,0.0
outlay,Mandatory,Social Security,1994-04-01,1994,both,0.0,0.0,0.0,0.0
outlay,Mandatory,Social Security,1994-04-01,1995,both,0.0,0.0,0.0,0.0
outlay,Mandatory,Social Security,1994-04-01,1996,both,0.0,0.0,0.0,0.0
outlay,Mandatory,Social Security,1994-04-01,1997,both,0.0,0.0,0.0,0.0
outlay,Mandatory,Social Security,1994-04-01,1998,both,0.0,0.0,0.0,0.0
outlay,Mandatory,Social Security,1994-04-01,1999,both,0.0,0.0,0.0,0.0
outlay,Mandatory,Social Security,1995-04-01,1995,both,0.0,0.0,0.0,0.0
outlay,Mandatory,Social Security,1995-04-01,1996,both,0.0,0.0,0.0,0.0
outlay,Mandatory,Social Security,1995-04-01,1997,both,0.0,0.0,0.0,0.0
outlay,Mandatory,Social Security,1995-04-01,1998,both,0.0,0.0,0.0,0.0
outlay,Mandatory,Social Security,1995-04-01,1999,both,0.0,0.0,0.0,0.0
outlay,Mandatory,Social Security,1995-04-01,2000,both,0.0,0.0,0.0,0.0
outlay,Mandatory,Social Security,1996-05-01,1996,both,0.0,0.0,0.0,0.0
outlay,Mandatory,Social Security,1996-05-01,1997,both,0.0,0.0,0.0,0.0
outlay,Mandatory,Social Security,1996-05-01,1998,both,0.0,0.0,0.0,0.0
outlay,Mandatory,Social Security,1996-05-01,1999,both,0.0,0.0,0.0,0.0
outlay,Mandatory,Social Security,1996-05-01,2000,both,0.0,0.0,0.0,0.0
outlay,Mandatory,Social Security,1996-05-01,2001,both,0.0,0.0,0.0,0.0
outlay,Mandatory,Social Security,1996-05-01,2002,both,0.0,0.0,0.0,0.0
outlay,Mandatory,Social Security,1996-05-01,2003,both,0.0,0.0,0.0,0.0
outlay,Mandatory,Social Security,1996-05-01,2004,both,0.0,0.0,0.0,0.0
outlay,Mandatory,Social Security,1996-05-01,2005,both,0.0,0.0,0.0,0.0
outlay,Mandatory,Social Security,1996-05-01,2006,both,0.0,0.0,0.0,0.0
outlay,Mandatory,Social Security,1997-03-01,1997,both,0.0,0.0,0.0,0.0
outlay,Mandatory,Social Security,1997-03-01,1998,both,0.0,0.0,0.0,0.0
outlay,Mandatory,Social Security,1997-03-01,1999,both,0.0,0.0,0.0,0.0
outlay,Mandatory,Social Security,1997-03-01,2000,both,0.0,0.0,0.0,0.0
outlay,Mandatory,Social Security,1997-03-01,2001,both,0.0,0.0,0.0,0.0
outlay,Mandatory,Social Security,1997-03-01,2002,both,0.0,0.0,0.0,0.0
outlay,Mandatory,Social Security,1997-03-01,2003,both,0.0,0.0,0.0,0.0
outlay,Mandatory,Social Security,1997-03-01,2004,both,0.0,0.0,0.0,0.0
outlay,Mandatory,Social Security,1997-03-01,2005,both,0.0,0.0,0.0,0.0
outlay,Mandatory,Social Security,1997-03-01,2006,both,0.0,0.0,0.0,0.0
outlay,Mandatory,Social Security,1997-03-01,2007,both,0.0,0.0,0.0,0.0
outlay,Mandatory,Social Security,1998-03-01,1998,both,0.0,0.0,0.0,0.0
outlay,Mandatory,Social Security,1998-03-01,1999,both,0.0,0.0,0.0,0.0
outlay,Mandatory,Social Security,1998-03-01,2000,both,0.0,0.0,0.0,0.0
outlay,Mandatory,Social Security,1998-03-01,2001,both,0.0,0.0,0.0,0.0
outlay,Mandatory,Social Security,1998-03-01,2002,both,0.0,0.0,0.0,0.0
outlay,Mandatory,Social Security,1998-03-01,2003,both,0.0,0.0,0.0,0.0
outlay,Mandatory,Social Security,1998-03-01,2004,both,0.0,0.0,0.0,0.0
outlay,Mandatory,Social Security,1998-03-01,2005,both,0.0,0.0,0.0,0.0
outlay,Mandatory,Social Security,1998-03-01,2006,both,0.0,0.0,0.0,0.0
outlay,Mandatory,Social Security,1998-03-01,2007,both,0.0,0.0,0.0,0.0
outlay,Mandatory,Social Security,1998-03-01,2008,both,0.0,0.0,0.0,0.0
outlay,Mandatory,Social Security,1999-04-01,1999,both,0.0,0.0,0.0,0.0
outlay,Mandatory,Social Security,1999-04-01,2000,both,0.0,0.0,0.0,0.0
outlay,Mandatory,Social Security,1999-04-01,2001,both,0.0,0.0,0.0,0.0
outlay,Mandatory,Social Security,1999-04-01,2002,both,0.0,0.0,0.0,0.0
outlay,Mandatory,Social Security,1999-04-01,2003,both,0.0,0.0,0.0,0.0
outlay,Mandatory,Social Security,1999-04-01,2004,both,0.0,0.0,0.0,0.0
outlay,Mandatory,Social Security,1999-04-01,2005,both,0.0,0.0,0.0,0.0
outlay,Mandatory,Social Security,1999-04-01,2006,both,0.0,0.0,0.0,0.0
outlay,Mandatory,Social Security,1999-04-01,2007,both,0.0,0.0,0.0,0.0
outlay,Mandatory,Social Security,1999-04-01,2008,both,0.0,0.0,0.0,0.0
outlay,Mandatory,Social Security,1999-04-01,2009,both,0.0,0.0,0.0,0.0
outlay,Mandatory,Social Security,2000-04-01,2000,both,0.0,0.0,0.0,0.0
outlay,Mandatory,Social Security,2000-04-01,2001,both,0.0,0.0,0.0,0.0
outlay,Mandatory,Social Security,2000-04-01,2002,both,0.0,0.0,0.0,0.0
outlay,Mandatory,Social Security,2000-04-01,2003,both,0.0,0.0,0.0,0.0
outlay,Mandatory,Social Security,2000-04-01,2004,both,0.0,0.0,0.0,0.0
outlay,Mandatory,Social Security,2000-04-01,2005,both,0.0,0.0,0.0,0.0
outlay,Mandatory,Social Security,2000-04-01,2006,both,0.0,0.0,0.0,0.0
outlay,Mandatory,Social Security,2000-04-01,2007,both,0.0,0.0,0.0,0.0
outlay,Mandatory,Social Security,2000-04-01,2008,both,0.0,0.0,0.0,0.0
outlay,Mandatory,Social Security,2000-04-01,2009,both,0.0,0.0,0.0,0.0
outlay,Mandatory,Social Security,2000-04-01,2010,both,0.0,0.0,0.0,0.0
outlay,Mandatory,Social Security,2001-05-01,2001,both,0.0,0.0,0.0,0.0
outlay,Mandatory,Social Security,2001-05-01,2002,both,0.0,0.0,0.0,0.0
outlay,Mandatory,Social Security,2001-05-01,2003,both,0.0,0.0,0.0,0.0
outlay,Mandatory,Social Security,2001-05-01,2004,both,0.0,0.0,0.0,0.0
outlay,Mandatory,Social Security,2001-05-01,2005,both,0.0,0.0,0.0,0.0
outlay,Mandatory,Social Security,2001-05-01,2006,both,0.0,0.0,0.0,0.0
outlay,Mandatory,Social Security,2001-05-01,2007,both,0.0,0.0,0.0,0.0
outlay,Mandatory,Social Security,2001-05-01,2008,both,0.0,0.0,0.0,0.0
outlay,Mandatory,Social Security,2001-05-01,2009,both,0.0,0.0,0.0,0.0
outlay,Mandatory,Social Security,2001-05-01,2010,both,0.0,0.0,0.0,0.0
outlay,Mandatory,Social Security,2001-05-01,2011,both,0.0,0.0,0.0,0.0
outlay,Mandatory,Social Security,2002-03-01,2002,both,0.0,0.0,0.0,0.0
outlay,Mandatory,Social Security,2002-03-01,2003,both,0.0,0.0,0.0,0.0
outlay,Mandatory,Social Security,2002-03-01,2004,both,0.0,0.0,0.0,0.0
outlay,Mandatory,Social Security,2002-03-01,2005,both,0.0,0.0,0.0,0.0
outlay,Mandatory,Social Security,2002-03-01,2006,both,0.0,0.0,0.0,0.0
outlay,Mandatory,Social Security,2002-03-01,2007,both,0.0,0.0,0.0,0.0
outlay,Mandatory,Social Security,2002-03-01,2008,both,0.0,0.0,0.0,0.0
outlay,Mandatory,Social Security,2002-03-01,2009,both,0.0,0.0,0.0,0.0
outlay,Mandatory,Social Security,2002-03-01,2010,both,0.0,0.0,0.0,0.0
outlay,Mandatory,Social Security,2002-03-01,2011,both,0.0,0.0,0.0,0.0
outlay,Mandatory,Social Security,2002-03-01,2012,both,0.0,0.0,0.0,0.0
outlay,Mandatory,Social Security,2003-03-01,2003,both,0.0,0.0,0.0,0.0
outlay,Mandatory,Social Security,2003-03-01,2004,both,0.0,0.0,0.0,0.0
outlay,Mandatory,Social Security,2003-03-01,2005,both,0.0,0.0,0.0,0.0
outlay,Mandatory,Social Security,2003-03-01,2006,both,0.0,0.0,0.0,0.0
outlay,Mandatory,Social Security,2003-03-01,2007,both,0.0,0.0,0.0,0.0
outlay,Mandatory,Social Security,2003-03-01,2008,both,0.0,0.0,0.0,0.0
outlay,Mandatory,Social Security,2003-03-01,2009,both,0.0,0.0,0.0,0.0
outlay,Mandatory,Social Security,2003-03-01,2010,both,0.0,0.0,0.0,0.0
outlay,Mandatory,Social Security,2003-03-01,2011,both,0.0,0.0,0.0,0.0
outlay,Mandatory,Social Security,2003-03-01,2012,both,0.0,0.0,0.0,0.0
outlay,Mandatory,Social Security,2003-03-01,2013,both,0.0,0.0,0.0,0.0
outlay,Mandatory,Social Security,2004-03-01,2004,both,0.0,0.0,0.0,0.0
outlay,Mandatory,Social Security,2004-03-01,2005,both,0.0,0.0,0.0,0.0
outlay,Mandatory,Social Security,2004-03-01,2006,both,0.0,0.0,0.0,0.0
outlay,Mandatory,Social Security,2004-03-01,2007,both,0.0,0.0,0.0,0.0
outlay,Mandatory,Social Security,2004-03-01,2008,both,0.0,0.0,0.0,0.0
outlay,Mandatory,Social Security,2004-03-01,2009,both,0.0,0.0,0.0,0.0
outlay,Mandatory,Social Security,2004-03-01,2010,both,0.0,0.0,0.0,0.0
outlay,Mandatory,Social Security,2004-03-01,2011,both,0.0,0.0,0.0,0.0
outlay,Mandatory,Social Security,2004-03-01,2012,both,0.0,0.0,0.0,0.0
outlay,Mandatory,Social Security,2004-03-01,2013,both,0.0,0.0,0.0,0.0
outlay,Mandatory,Social Security,2004-03-01,2014,both,0.0,0.0,0.0,0.0
outlay,Mandatory,Social Security,2005-03-01,2005,both,0.0,0.0,0.0,0.0
outlay,Mandatory,Social Security,2005-03-01,2006,both,0.0,0.0,0.0,0.0
outlay,Mandatory,Social Security,2005-03-01,2007,both,0.0,0.0,0.0,0.0
outlay,Mandatory,Social Security,2005-03-01,2008,both,0.0,0.0,0.0,0.0
outlay,Mandatory,Social Security,2005-03-01,2009,both,0.0,0.0,0.0,0.0
outlay,Mandatory,Social Security,2005-03-01,2010,both,0.0,0.0,0.0,0.0
outlay,Mandatory,Social Security,2005-03-01,2011,both,0.0,0.0,0.0,0.0
outlay,Mandatory,Social Security,2005-03-01,2012,both,0.0,0.0,0.0,0.0
outlay,Mandatory,Social Security,2005-03-01,2013,both,0.0,0.0,0.0,0.0
outlay,Mandatory,Social Security,2005-03-01,2014,both,0.0,0.0,0.0,0.0
outlay,Mandatory,Social Security,2005-03-01,2015,both,0.0,0.0,0.0,0.0
outlay,Mandatory,Social Security,2006-03-01,2006,both,0.0,0.0,0.0,0.0
outlay,Mandatory,Social Security,2006-03-01,2007,both,0.0,0.0,0.0,0.0
outlay,Mandatory,Social Security,2006-03-01,2008,both,0.0,0.0,0.0,0.0
outlay,Mandatory,Social Security,2006-03-01,2009,both,0.0,0.0,0.0,0.0
outlay,Mandatory,Social Security,2006-03-01,2010,both,0.0,0.0,0.0,0.0
outlay,Mandatory,Social Security,2006-03-01,2011,both,0.0,0.0,0.0,0.0
outlay,Mandatory,Social Security,2006-03-01,2012,both,0.0,0.0,0.0,0.0
outlay,Mandatory,Social Security,2006-03-01,2013,both,0.0,0.0,0.0,0.0
outlay,Mandatory,Social Security,2006-03-01,2014,both,0.0,0.0,0.0,0.0
outlay,Mandatory,Social Security,2006-03-01,2015,both,0.0,0.0,0.0,0.0
outlay,Mandatory,Social Security,2006-03-01,2016,both,0.0,0.0,0.0,0.0
outlay,Mandatory,Social Security,2007-03-01,2007,both,0.0,0.0,0.0,0.0
outlay,Mandatory,Social Security,2007-03-01,2008,both,0.0,0.0,0.0,0.0
outlay,Mandatory,Social Security,2007-03-01,2009,both,0.0,0.0,0.0,0.0
outlay,Mandatory,Social Security,2007-03-01,2010,both,0.0,0.0,0.0,0.0
outlay,Mandatory,Social Security,2007-03-01,2011,both,0.0,0.0,0.0,0.0
outlay,Mandatory,Social Security,2007-03-01,2012,both,0.0,0.0,0.0,0.0
outlay,Mandatory,Social Security,2007-03-01,2013,both,0.0,0.0,0.0,0.0
outlay,Mandatory,Social Security,2007-03-01,2014,both,0.0,0.0,0.0,0.0
outlay,Mandatory,Social Security,2007-03-01,2015,both,0.0,0.0,0.0,0.0
outlay,Mandatory,Social Security,2007-03-01,2016,both,0.0,0.0,0.0,0.0
outlay,Mandatory,Social Security,2007-03-01,2017,both,0.0,0.0,0.0,0.0
outlay,Mandatory,Social Security,2008-03-01,2008,both,0.0,0.0,0.0,0.0
outlay,Mandatory,Social Security,2008-03-01,2009,both,0.0,0.0,0.0,0.0
outlay,Mandatory,Social Security,2008-03-01,2010,both,0.0,0.0,0.0,0.0
outlay,Mandatory,Social Security,2008-03-01,2011,both,0.0,0.0,0.0,0.0
outlay,Mandatory,Social Security,2008-03-01,2012,both,0.0,0.0,0.0,0.0
outlay,Mandatory,Social Security,2008-03-01,2013,both,0.0,0.0,0.0,0.0
outlay,Mandatory,Social Security,2008-03-01,2014,both,0.0,0.0,0.0,0.0
outlay,Mandatory,Social Security,2008-03-01,2015,both,0.0,0.0,0.0,0.0
outlay,Mandatory,Social Security,2008-03-01,2016,both,0.0,0.0,0.0,0.0
outlay,Mandatory,Social Security,2008-03-01,2017,both,0.0,0.0,0.0,0.0
outlay,Mandatory,Social Security,2008-03-01,2018,both,0.0,0.0,0.0,0.0
outlay,Mandatory,Social Security,2009-03-01,2009,both,0.0,0.0,0.0,0.0
outlay,Mandatory,Social Security,2009-03-01,2010,both,0.0,0.0,0.0,0.0
outlay,Mandatory,Social Security,2009-03-01,2011,both,0.0,0.0,0.0,0.0
outlay,Mandatory,Social Security,2009-03-01,2012,both,0.0,0.0,0.0,0.0
outlay,Mandatory,Social Security,2009-03-01,2013,both,0.0,0.0,0.0,0.0
outlay,Mandatory,Social Security,2009-03-01,2014,both,0.0,0.0,0.0,0.0
outlay,Mandatory,Social Security,2009-03-01,2015,both,0.0,0.0,0.0,0.0
outlay,Mandatory,Social Security,2009-03-01,2016,both,0.0,0.0,0.0,0.0
outlay,Mandatory,Social Security,2009-03-01,2017,both,0.0,0.0,0.0,0.0
outlay,Mandatory,Social Security,2009-03-01,2018,both,0.0,0.0,0.0,0.0
outlay,Mandatory,Social Security,2009-03-01,2019,both,0.0,0.0,0.0,0.0
outlay,Mandatory,Social Security,2010-03-01,2010,both,0.0,0.0,0.0,0.0
outlay,Mandatory,Social Security,2010-03-01,2011,both,0.0,0.0,0.0,0.0
outlay,Mandatory,Social Security,2010-03-01,2012,both,0.0,0.0,0.0,0.0
outlay,Mandatory,Social Security,2010-03-01,2013,both,0.0,0.0,0.0,0.0
outlay,Mandatory,Social Security,2010-03-01,2014,both,0.0,0.0,0.0,0.0
outlay,Mandatory,Social Security,2010-03-01,2015,both,0.0,0.0,0.0,0.0
outlay,Mandatory,Social Security,2010-03-01,2016,both,0.0,0.0,0.0,0.0
outlay,Mandatory,Social Security,2010-03-01,2017,both,0.0,0.0,0.0,0.0
outlay,Mandatory,Social Security,2010-03-01,2018,both,0.0,0.0,0.0,0.0
outlay,Mandatory,Social Security,2010-03-01,2019,both,0.0,0.0,0.0,0.0
outlay,Mandatory,Social Security,2010-03-01,2020,both,0.0,0.0,0.0,0.0
outlay,Mandatory,Social Security,2011-03-01,2011,both,0.0,0.0,0.0,0.0
outlay,Mandatory,Social Security,2011-03-01,2012,both,0.0,0.0,0.0,0.0
outlay,Mandatory,Social Security,2011-03-01,2013,both,0.0,0.0,0.0,0.0
outlay,Mandatory,Social Security,2011-03-01,2014,both,0.0,0.0,0.0,0.0
outlay,Mandatory,Social Security,2011-03-01,2015,both,0.0,0.0,0.0,0.0
outlay,Mandatory,Social Security,2011-03-01,2016,both,0.0,0.0,0.0,0.0
outlay,Mandatory,Social Security,2011-03-01,2017,both,0.0,0.0,0.0,0.0
outlay,Mandatory,Social Security,2011-03-01,2018,both,0.0,0.0,0.0,0.0
outlay,Mandatory,Social Security,2011-03-01,2019,both,0.0,0.0,0.0,0.0
outlay,Mandatory,Social Security,2011-03-01,2020,both,0.0,0.0,0.0,0.0
outlay,Mandatory,Social Security,2011-03-01,2021,both,0.0,0.0,0.0,0.0
outlay,Mandatory,Social Security,2012-03-01,2012,both,0.0,0.0,0.0,0.0
outlay,Mandatory,Social Security,2012-03-01,2013,both,0.0,0.0,0.0,0.0
outlay,Mandatory,Social Security,2012-03-01,2014,both,0.0,0.0,0.0,0.0
outlay,Mandatory,Social Security,2012-03-01,2015,both,0.0,0.0,0.0,0.0
outlay,Mandatory,Social Security,2012-03-01,2016,both,0.0,0.0,0.0,0.0
outlay,Mandatory,Social Security,2012-03-01,2017,both,0.0,0.0,0.0,0.0
outlay,Mandatory,Social Security,2012-03-01,2018,both,0.0,0.0,0.0,0.0
outlay,Mandatory,Social Security,2012-03-01,2019,both,0.0,0.0,0.0,0.0
outlay,Mandatory,Social Security,2012-03-01,2020,both,0.0,0.0,0.0,0.0
outlay,Mandatory,Social Security,2012-03-01,2021,both,0.0,0.0,0.0,0.0
outlay,Mandatory,Social Security,2012-03-01,2022,both,0.0,0.0,0.0,0.0
outlay,Mandatory,Social Security,2013-05-01,2013,both,0.0,0.0,0.0,0.0
outlay,Mandatory,Social Security,2013-05-01,2014,both,0.0,0.0,0.0,0.0
outlay,Mandatory,Social Security,2013-05-01,2015,both,0.0,0.0,0.0,0.0
outlay,Mandatory,Social Security,2013-05-01,2016,both,0.0,0.0,0.0,0.0
outlay,Mandatory,Social Security,2013-05-01,2017,both,0.0,0.0,0.0,0.0
outlay,Mandatory,Social Security,2013-05-01,2018,both,0.0,0.0,0.0,0.0
outlay,Mandatory,Social Security,2013-05-01,2019,both,0.0,0.0,0.0,0.0
outlay,Mandatory,Social Security,2013-05-01,2020,both,0.0,0.0,0.0,0.0
outlay,Mandatory,Social Security,2013-05-01,2021,both,0.0,0.0,0.0,0.0
outlay,Mandatory,Social Security,2013-05-01,2022,both,0.0,0.0,0.0,0.0
outlay,Mandatory,Social Security,2013-05-01,2023,both,0.0,0.0,0.0,0.0
outlay,Mandatory,Social Security,2014-04-01,2014,both,0.0,0.0,0.0,0.0
outlay,Mandatory,Social Security,2014-04-01,2015,both,0.0,0.0,0.0,0.0
outlay,Mandatory,Social Security,2014-04-01,2016,both,0.0,0.0,0.0,0.0
outlay,Mandatory,Social Security,2014-04-01,2017,both,0.0,0.0,0.0,0.0
outlay,Mandatory,Social Security,2014-04-01,2018,both,0.0,0.0,0.0,0.0
outlay,Mandatory,Social Security,2014-04-01,2019,both,0.0,0.0,0.0,0.0
outlay,Mandatory,Social Security,2014-04-01,2020,both,0.0,0.0,0.0,0.0
outlay,Mandatory,Social Security,2014-04-01,2021,both,0.0,0.0,0.0,0.0
outlay,Mandatory,Social Security,2014-04-01,2022,both,0.0,0.0,0.0,0.0
outlay,Mandatory,Social Security,2014-04-01,2023,both,0.0,0.0,0.0,0.0
outlay,Mandatory,Social Security,2014-04-01,2024,both,0.0,0.0,0.0,0.0
outlay,Mandatory,Social Security,2015-03-01,2015,both,0.0,0.0,0.0,0.0
outlay,Mandatory,Social Security,2015-03-01,2016,both,0.0,0.0,0.0,0.0
outlay,Mandatory,Social Security,2015-03-01,2017,both,0.0,0.0,0.0,0.0
outlay,Mandatory,Social Security,2015-03-01,2018,both,0.0,0.0,0.0,0.0
outlay,Mandatory,Social Security,2015-03-01,2019,both,0.0,0.0,0.0,0.0
outlay,Mandatory,Social Security,2015-03-01,2020,both,0.0,0.0,0.0,0.0
outlay,Mandatory,Social Security,2015-03-01,2021,both,0.0,0.0,0.0,0.0
outlay,Mandatory,Social Security,2015-03-01,2022,both,0.0,0.0,0.0,0.0
outlay,Mandatory,Social Security,2015-03-01,2023,both,0.0,0.0,0.0,0.0
outlay,Mandatory,Social Security,2015-03-01,2024,both,0.0,0.0,0.0,0.0
outlay,Mandatory,Social Security,2015-03-01,2025,both,0.0,0.0,0.0,0.0
outlay,Mandatory,Social Security,2016-03-01,2016,both,0.0,0.0,0.0,0.0
outlay,Mandatory,Social Security,2016-03-01,2017,both,0.0,0.0,0.0,0.0
outlay,Mandatory,Social Security,2016-03-01,2018,both,0.0,0.0,0.0,0.0
outlay,Mandatory,Social Security,2016-03-01,2019,both,0.0,0.0,0.0,0.0
outlay,Mandatory,Social Security,2016-03-01,2020,both,0.0,0.0,0.0,0.0
outlay,Mandatory,Social Security,2016-03-01,2021,both,0.0,0.0,0.0,0.0
outlay,Mandatory,Social Security,2016-03-01,2022,both,0.0,0.0,0.0,0.0
outlay,Mandatory,Social Security,2016-03-01,2023,both,0.0,0.0,0.0,0.0
outlay,Mandatory,Social Security,2016-03-01,2024,both,0.0,0.0,0.0,0.0
outlay,Mandatory,Social Security,2016-03-01,2025,both,0.0,0.0,0.0,0.0
outlay,Mandatory,Social Security,2017-06-01,2017,both,0.0,0.0,0.0,0.0
outlay,Mandatory,Social Security,2017-06-01,2018,both,0.0,0.0,0.0,0.0
outlay,Mandatory,Social Security,2017-06-01,2019,both,0.0,0.0,0.0,0.0
outlay,Mandatory,Social Security,2017-06-01,2020,both,0.0,0.0,0.0,0.0
outlay,Mandatory,Social Security,2017-06-01,2021,both,0.0,0.0,0.0,0.0
outlay,Mandatory,Social Security,2017-06-01,2022,both,0.0,0.0,0.0,0.0
outlay,Mandatory,Social Security,2017-06-01,2023,both,0.0,0.0,0.0,0.0
outlay,Mandatory,Social Security,2017-06-01,2024,both,0.0,0.0,0.0,0.0
outlay,Mandatory,Social Security,2017-06-01,2025,both,0.0,0.0,0.0,0.0
outlay,Mandatory,Social Security,2018-05-01,2018,both,0.0,0.0,0.0,0.0
outlay,Mandatory,Social Security,2018-05-01,2019,both,0.0,0.0,0.0,0.0
outlay,Mandatory,Social Security,2018-05-01,2020,both,0.0,0.0,0.0,0.0
outlay,Mandatory,Social Security,2018-05-01,2021,both,0.0,0.0,0.0,0.0
outlay,Mandatory,Social Security,2018-05-01,2022,both,0.0,0.0,0.0,0.0
outlay,Mandatory,Social Security,2018-05-01,2023,both,0.0,0.0,0.0,0.0
outlay,Mandatory,Social Security,2018-05-01,2024,both,0.0,0.0,0.0,0.0
outlay,Mandatory,Social Security,2018-05-01,2025,both,0.0,0.0,0.0,0.0
outlay,Mandatory,Social Security,2019-05-01,2019,both,0.0,0.0,0.0,0.0
outlay,Mandatory,Social Security,2019-05-01,2020,both,0.0,0.0,0.0,0.0
outlay,Mandatory,Social Security,2019-05-01,2021,both,0.0,0.0,0.0,0.0
outlay,Mandatory,Social Security,2019-05-01,2022,both,0.0,0.0,0.0,0.0
outlay,Mandatory,Social Security,2019-05-01,2023,both,0.0,0.0,0.0,0.0
outlay,Mandatory,Social Security,2019-05-01,2024,both,0.0,0.0,0.0,0.0
outlay,Mandatory,Social Security,2019-05-01,2025,both,0.0,0.0,0.0,0.0
outlay,Mandatory,Social Security,2020-03-01,2020,both,0.0,0.0,0.0,0.0
outlay,Mandatory,Social Security,2020-03-01,2021,both,0.0,0.0,0.0,0.0
outlay,Mandatory,Social Security,2020-03-01,2022,both,0.0,0.0,0.0,0.0
outlay,Mandatory,Social Security,2020-03-01,2023,both,0.0,0.0,0.0,0.0
outlay,Mandatory,Social Security,2020-03-01,2024,both,0.0,0.0,0.0,0.0
outlay,Mandatory,Social Security,2020-03-01,2025,both,0.0,0.0,0.0,0.0
outlay,Mandatory,Social Security,2021-07-01,2021,both,0.0,0.0,0.0,0.0
outlay,Mandatory,Social Security,2021-07-01,2022,both,0.0,0.0,0.0,0.0
outlay,Mandatory,Social Security,2021-07-01,2023,both,0.0,0.0,0.0,0.0
outlay,Mandatory,Social Security,2021-07-01,2024,both,0.0,0.0,0.0,0.0
outlay,Mandatory,Social Security,2021-07-01,2025,both,0.0,0.0,0.0,0.0
outlay,Mandatory,Social Security,2022-05-01,2022,both,0.0,0.0,0.0,0.0
outlay,Mandatory,Social Security,2022-05-01,2023,both,0.0,0.0,0.0,0.0
outlay,Mandatory,Social Security,2022-05-01,2024,both,0.0,0.0,0.0,0.0
outlay,Mandatory,Social Security,2022-05-01,2025,both,0.0,0.0,0.0,0.0
outlay,Mandatory,Social Security,2023-05-01,2023,both,0.0,0.0,0.0,0.0
outlay,Mandatory,Social Security,2023-05-01,2024,both,0.0,0.0,0.0,0.0
outlay,Mandatory,Social Security,2023-05-01,2025,both,0.0,0.0,0.0,0.0
outlay,Mandatory,Social Security,2024-06-01,2024,both,0.0,0.0,0.0,0.0
outlay,Mandatory,Social Security,2024-06-01,2025,both,0.0,0.0,0.0,0.0
outlay,Mandatory,Social Security,2025-01-01,2025,both,0.0,0.0,0.0,0.0
outlay,Mandatory,Total Mandatory,1992-03-01,1992,both,0.0,0.0,0.0,0.0
outlay,Mandatory,Total Mandatory,1992-03-01,1993,both,0.0,0.0,0.0,0.0
outlay,Mandatory,Total Mandatory,1992-03-01,1994,both,0.0,0.0,0.0,0.0
outlay,Mandatory,Total Mandatory,1992-03-01,1995,both,0.0,0.0,0.0,0.0
outlay,Mandatory,Total Mandatory,1992-03-01,1996,both,0.0,0.0,0.0,0.0
outlay,Mandatory,Total Mandatory,1992-03-01,1997,both,0.0,0.0,0.0,0.0
outlay,Mandatory,Total Mandatory,1993-03-01,1993,both,0.0,0.0,0.0,0.0
outlay,Mandatory,Total Mandatory,1993-03-01,1994,both,0.0,0.0,0.0,0.0
outlay,Mandatory,Total Mandatory,1993-03-01,1995,both,0.0,0.0,0.0,0.0
outlay,Mandatory,Total Mandatory,1993-03-01,1996,both,0.0,0.0,0.0,0.0
outlay,Mandatory,Total Mandatory,1993-03-01,1997,both,0.0,0.0,0.0,0.0
outlay,Mandatory,Total Mandatory,1993-03-01,1998,both,0.0,0.0,0.0,0.0
outlay,Mandatory,Total Mandatory,1994-04-01,1994,both,0.0,0.0,0.0,0.0
outlay,Mandatory,Total Mandatory,1994-04-01,1995,both,0.0,0.0,0.0,0.0
outlay,Mandatory,Total Mandatory,1994-04-01,1996,both,0.0,0.0,0.0,0.0
outlay,Mandatory,Total Mandatory,1994-04-01,1997,both,0.0,0.0,0.0,0.0
outlay,Mandatory,Total Mandatory,1994-04-01,1998,both,0.0,0.0,0.0,0.0
outlay,Mandatory,Total Mandatory,1994-04-01,1999,both,0.0,0.0,0.0,0.0
outlay,Mandatory,Total Mandatory,1995-04-01,1995,both,0.0,0.0,0.0,0.0
outlay,Mandatory,Total Mandatory,1995-04-01,1996,both,0.0,0.0,0.0,0.0
outlay,Mandatory,Total Mandatory,1995-04-01,1997,both,0.0,0.0,0.0,0.0
outlay,Mandatory,Total Mandatory,1995-04-01,1998,both,0.0,0.0,0.0,0.0
outlay,Mandatory,Total Mandatory,1995-04-01,1999,both,0.0,0.0,0.0,0.0
outlay,Mandatory,Total Mandatory,1995-04-01,2000,both,0.0,0.0,0.0,0.0
outlay,Mandatory,Total Mandatory,1996-05-01,1996,both,0.0,0.0,0.0,0.0
outlay,Mandatory,Total Mandatory,1996-05-01,1997,both,0.0,0.0,0.0,0.0
outlay,Mandatory,Total Mandatory,1996-05-01,1998,both,0.0,0.0,0.0,0.0
outlay,Mandatory,Total Mandatory,1996-05-01,1999,both,0.0,0.0,0.0,0.0
outlay,Mandatory,Total Mandatory,1996-05-01,2000,both,0.0,0.0,0.0,0.0
outlay,Mandatory,Total Mandatory,1996-05-01,2001,both,0.0,0.0,0.0,0.0
outlay,Mandatory,Total Mandatory,1996-05-01,2002,both,0.0,0.0,0.0,0.0
outlay,Mandatory,Total Mandatory,1996-05-01,2003,both,0.0,0.0,0.0,0.0
outlay,Mandatory,Total Mandatory,1996-05-01,2004,both,0.0,0.0,0.0,0.0
outlay,Mandatory,Total Mandatory,1996-05-01,2005,both,0.0,0.0,0.0,0.0
outlay,Mandatory,Total Mandatory,1996-05-01,2006,both,0.0,0.0,0.0,0.0
outlay,Mandatory,Total Mandatory,1997-03-01,1997,both,0.0,0.0,0.0,0.0
outlay,Mandatory,Total Mandatory,1997-03-01,1998,both,0.0,0.0,0.0,0.0
outlay,Mandatory,Total Mandatory,1997-03-01,1999,both,0.0,0.0,0.0,0.0
outlay,Mandatory,Total Mandatory,1997-03-01,2000,both,0.0,0.0,0.0,0.0
outlay,Mandatory,Total Mandatory,1997-03-01,2001,both,0.0,0.0,0.0,0.0
outlay,Mandatory,Total Mandatory,1997-03-01,2002,both,0.0,0.0,0.0,0.0
outlay,Mandatory,Total Mandatory,1997-03-01,2003,both,0.0,0.0,0.0,0.0
outlay,Mandatory,Total Mandatory,1997-03-01,2004,both,0.0,0.0,0.0,0.0
outlay,Mandatory,Total Mandatory,1997-03-01,2005,both,0.0,0.0,0.0,0.0
outlay,Mandatory,Total Mandatory,1997-03-01,2006,both,0.0,0.0,0.0,0.0
outlay,Mandatory,Total Mandatory,1997-03-01,2007,both,0.0,0.0,0.0,0.0
outlay,Mandatory,Total Mandatory,1998-03-01,1998,both,0.0,0.0,0.0,0.0
outlay,Mandatory,Total Mandatory,1998-03-01,1999,both,0.0,0.0,0.0,0.0
outlay,Mandatory,Total Mandatory,1998-03-01,2000,both,0.0,0.0,0.0,0.0
outlay,Mandatory,Total Mandatory,1998-03-01,2001,both,0.0,0.0,0.0,0.0
outlay,Mandatory,Total Mandatory,1998-03-01,2002,both,0.0,0.0,0.0,0.0
outlay,Mandatory,Total Mandatory,1998-03-01,2003,both,0.0,0.0,0.0,0.0
outlay,Mandatory,Total Mandatory,1998-03-01,2004,both,0.0,0.0,0.0,0.0
outlay,Mandatory,Total Mandatory,1998-03-01,2005,both,0.0,0.0,0.0,0.0
outlay,Mandatory,Total Mandatory,1998-03-01,2006,both,0.0,0.0,0.0,0.0
outlay,Mandatory,Total Mandatory,1998-03-01,2007,both,0.0,0.0,0.0,0.0
outlay,Mandatory,Total Mandatory,1998-03-01,2008,both,0.0,0.0,0.0,0.0
outlay,Mandatory,Total Mandatory,1999-04-01,1999,both,0.0,0.0,0.0,0.0
outlay,Mandatory,Total Mandatory,1999-04-01,2000,both,0.0,0.0,0.0,0.0
outlay,Mandatory,Total Mandatory,1999-04-01,2001,both,0.0,0.0,0.0,0.0
outlay,Mandatory,Total Mandatory,1999-04-01,2002,both,0.0,0.0,0.0,0.0
outlay,Mandatory,Total Mandatory,1999-04-01,2003,both,0.0,0.0,0.0,0.0
outlay,Mandatory,Total Mandatory,1999-04-01,2004,both,0.0,0.0,0.0,0.0
outlay,Mandatory,Total Mandatory,1999-04-01,2005,both,0.0,0.0,0.0,0.0
outlay,Mandatory,Total Mandatory,1999-04-01,2006,both,0.0,0.0,0.0,0.0
outlay,Mandatory,Total Mandatory,1999-04-01,2007,both,0.0,0.0,0.0,0.0
outlay,Mandatory,Total Mandatory,1999-04-01,2008,both,0.0,0.0,0.0,0.0
outlay,Mandatory,Total Mandatory,1999-04-01,2009,both,0.0,0.0,0.0,0.0
outlay,Mandatory,Total Mandatory,2000-04-01,2000,both,0.0,0.0,0.0,0.0
outlay,Mandatory,Total Mandatory,2000-04-01,2001,both,0.0,0.0,0.0,0.0
outlay,Mandatory,Total Mandatory,2000-04-01,2002,both,0.0,0.0,0.0,0.0
outlay,Mandatory,Total Mandatory,2000-04-01,2003,both,0.0,0.0,0.0,0.0
outlay,Mandatory,Total Mandatory,2000-04-01,2004,both,0.0,0.0,0.0,0.0
outlay,Mandatory,Total Mandatory,2000-04-01,2005,both,0.0,0.0,0.0,0.0
outlay,Mandatory,Total Mandatory,2000-04-01,2006,both,0.0,0.0,0.0,0.0
outlay,Mandatory,Total Mandatory,2000-04-01,2007,both,0.0,0.0,0.0,0.0
outlay,Mandatory,Total Mandatory,2000-04-01,2008,both,0.0,0.0,0.0,0.0
outlay,Mandatory,Total Mandatory,2000-04-01,2009,both,0.0,0.0,0.0,0.0
outlay,Mandatory,Total Mandatory,2000-04-01,2010,both,0.0,0.0,0.0,0.0
outlay,Mandatory,Total Mandatory,2001-05-01,2001,both,0.0,0.0,0.0,0.0
outlay,Mandatory,Total Mandatory,2001-05-01,2002,both,0.0,0.0,0.0,0.0
outlay,Mandatory,Total Mandatory,2001-05-01,2003,both,0.0,0.0,0.0,0.0
outlay,Mandatory,Total Mandatory,2001-05-01,2004,both,0.0,0.0,0.0,0.0
outlay,Mandatory,Total Mandatory,2001-05-01,2005,both,0.0,0.0,0.0,0.0
outlay,Mandatory,Total Mandatory,2001-05-01,2006,both,0.0,0.0,0.0,0.0
outlay,Mandatory,Total Mandatory,2001-05-01,2007,both,0.0,0.0,0.0,0.0
outlay,Mandatory,Total Mandatory,2001-05-01,2008,both,0.0,0.0,0.0,0.0
outlay,Mandatory,Total Mandatory,2001-05-01,2009,both,0.0,0.0,0.0,0.0
outlay,Mandatory,Total Mandatory,2001-05-01,2010,both,0.0,0.0,0.0,0.0
outlay,Mandatory,Total Mandatory,2001-05-01,2011,both,0.0,0.0,0.0,0.0
outlay,Mandatory,Total Mandatory,2002-03-01,2002,both,0.0,0.0,0.0,0.0
outlay,Mandatory,Total Mandatory,2002-03-01,2003,both,0.0,0.0,0.0,0.0
outlay,Mandatory,Total Mandatory,2002-03-01,2004,both,0.0,0.0,0.0,0.0
outlay,Mandatory,Total Mandatory,2002-03-01,2005,both,0.0,0.0,0.0,0.0
outlay,Mandatory,Total Mandatory,2002-03-01,2006,both,0.0,0.0,0.0,0.0
outlay,Mandatory,Total Mandatory,2002-03-01,2007,both,0.0,0.0,0.0,0.0
outlay,Mandatory,Total Mandatory,2002-03-01,2008,both,0.0,0.0,0.0,0.0
outlay,Mandatory,Total Mandatory,2002-03-01,2009,both,0.0,0.0,0.0,0.0
outlay,Mandatory,Total Mandatory,2002-03-01,2010,both,0.0,0.0,0.0,0.0
outlay,Mandatory,Total Mandatory,2002-03-01,2011,both,0.0,0.0,0.0,0.0
outlay,Mandatory,Total Mandatory,2002-03-01,2012,both,0.0,0.0,0.0,0.0
outlay,Mandatory,Total Mandatory,2003-03-01,2003,both,0.0,0.0,0.0,0.0
outlay,Mandatory,Total Mandatory,2003-03-01,2004,both,0.0,0.0,0.0,0.0
outlay,Mandatory,Total Mandatory,2003-03-01,2005,both,0.0,0.0,0.0,0.0
outlay,Mandatory,Total Mandatory,2003-03-01,2006,both,0.0,0.0,0.0,0.0
outlay,Mandatory,Total Mandatory,2003-03-01,2007,both,0.0,0.0,0.0,0.0
outlay,Mandatory,Total Mandatory,2003-03-01,2008,both,0.0,0.0,0.0,0.0
outlay,Mandatory,Total Mandatory,2003-03-01,2009,both,0.0,0.0,0.0,0.0
outlay,Mandatory,Total Mandatory,2003-03-01,2010,both,0.0,0.0,0.0,0.0
outlay,Mandatory,Total Mandatory,2003-03-01,2011,both,0.0,0.0,0.0,0.0
outlay,Mandatory,Total Mandatory,2003-03-01,2012,both,0.0,0.0,0.0,0.0
outlay,Mandatory,Total Mandatory,2003-03-01,2013,both,0.0,0.0,0.0,0.0
outlay,Mandatory,Total Mandatory,2004-03-01,2004,both,0.0,0.0,0.0,0.0
outlay,Mandatory,Total Mandatory,2004-03-01,2005,both,0.0,0.0,0.0,0.0
outlay,Mandatory,Total Mandatory,2004-03-01,2006,both,0.0,0.0,0.0,0.0
outlay,Mandatory,Total Mandatory,2004-03-01,2007,both,0.0,0.0,0.0,0.0
outlay,Mandatory,Total Mandatory,2004-03-01,2008,both,0.0,0.0,0.0,0.0
outlay,Mandatory,Total Mandatory,2004-03-01,2009,both,0.0,0.0,0.0,0.0
outlay,Mandatory,Total Mandatory,2004-03-01,2010,both,0.0,0.0,0.0,0.0
outlay,Mandatory,Total Mandatory,2004-03-01,2011,both,0.0,0.0,0.0,0.0
outlay,Mandatory,Total Mandatory,2004-03-01,2012,both,0.0,0.0,0.0,0.0
outlay,Mandatory,Total Mandatory,2004-03-01,2013,both,0.0,0.0,0.0,0.0
outlay,Mandatory,Total Mandatory,2004-03-01,2014,both,0.0,0.0,0.0,0.0
outlay,Mandatory,Total Mandatory,2005-03-01,2005,both,0.0,0.0,0.0,0.0
outlay,Mandatory,Total Mandatory,2005-03-01,2006,both,0.0,0.0,0.0,0.0
outlay,Mandatory,Total Mandatory,2005-03-01,2007,both,0.0,0.0,0.0,0.0
outlay,Mandatory,Total Mandatory,2005-03-01,2008,both,0.0,0.0,0.0,0.0
outlay,Mandatory,Total Mandatory,2005-03-01,2009,both,0.0,0.0,0.0,0.0
outlay,Mandatory,Total Mandatory,2005-03-01,2010,both,0.0,0.0,0.0,0.0
outlay,Mandatory,Total Mandatory,2005-03-01,2011,both,0.0,0.0,0.0,0.0
outlay,Mandatory,Total Mandatory,2005-03-01,2012,both,0.0,0.0,0.0,0.0
outlay,Mandatory,Total Mandatory,2005-03-01,2013,both,0.0,0.0,0.0,0.0
outlay,Mandatory,Total Mandatory,2005-03-01,2014,both,0.0,0.0,0.0,0.0
outlay,Mandatory,Total Mandatory,2005-03-01,2015,both,0.0,0.0,0.0,0.0
outlay,Mandatory,Total Mandatory,2006-03-01,2006,both,0.0,0.0,0.0,0.0
outlay,Mandatory,Total Mandatory,2006-03-01,2007,both,0.0,0.0,0.0,0.0
outlay,Mandatory,Total Mandatory,2006-03-01,2008,both,0.0,0.0,0.0,0.0
outlay,Mandatory,Total Mandatory,2006-03-01,2009,both,0.0,0.0,0.0,0.0
outlay,Mandatory,Total Mandatory,2006-03-01,2010,both,0.0,0.0,0.0,0.0
outlay,Mandatory,Total Mandatory,2006-03-01,2011,both,0.0,0.0,0.0,0.0
outlay,Mandatory,Total Mandatory,2006-03-01,2012,both,0.0,0.0,0.0,0.0
outlay,Mandatory,Total Mandatory,2006-03-01,2013,both,0.0,0.0,0.0,0.0
outlay,Mandatory,Total Mandatory,2006-03-01,2014,both,0.0,0.0,0.0,0.0
outlay,Mandatory,Total Mandatory,2006-03-01,2015,both,0.0,0.0,0.0,0.0
outlay,Mandatory,Total Mandatory,2006-03-01,2016,both,0.0,0.0,0.0,0.0
outlay,Mandatory,Total Mandatory,2007-03-01,2007,both,0.0,0.0,0.0,0.0
outlay,Mandatory,Total Mandatory,2007-03-01,2008,both,0.0,0.0,0.0,0.0
outlay,Mandatory,Total Mandatory,2007-03-01,2009,both,0.0,0.0,0.0,0.0
outlay,Mandatory,Total Mandatory,2007-03-01,2010,both,0.0,0.0,0.0,0.0
outlay,Mandatory,Total Mandatory,2007-03-01,2011,both,0.0,0.0,0.0,0.0
outlay,Mandatory,Total Mandatory,2007-03-01,2012,both,0.0,0.0,0.0,0.0
outlay,Mandatory,Total Mandatory,2007-03-01,2013,both,0.0,0.0,0.0,0.0
outlay,Mandatory,Total Mandatory,2007-03-01,2014,both,0.0,0.0,0.0,0.0
outlay,Mandatory,Total Mandatory,2007-03-01,2015,both,0.0,0.0,0.0,0.0
outlay,Mandatory,Total Mandatory,2007-03-01,2016,both,0.0,0.0,0.0,0.0
outlay,Mandatory,Total Mandatory,2007-03-01,2017,both,0.0,0.0,0.0,0.0
outlay,Mandatory,Total Mandatory,2008-03-01,2008,both,0.0,0.0,0.0,0.0
outlay,Mandatory,Total Mandatory,2008-03-01,2009,both,0.0,0.0,0.0,0.0
outlay,Mandatory,Total Mandatory,2008-03-01,2010,both,0.0,0.0,0.0,0.0
outlay,Mandatory,Total Mandatory,2008-03-01,2011,both,0.0,0.0,0.0,0.0
outlay,Mandatory,Total Mandatory,2008-03-01,2012,both,0.0,0.0,0.0,0.0
outlay,Mandatory,Total Mandatory,2008-03-01,2013,both,0.0,0.0,0.0,0.0
outlay,Mandatory,Total Mandatory,2008-03-01,2014,both,0.0,0.0,0.0,0.0
outlay,Mandatory,Total Mandatory,2008-03-01,2015,both,0.0,0.0,0.0,0.0
outlay,Mandatory,Total Mandatory,2008-03-01,2016,both,0.0,0.0,0.0,0.0
outlay,Mandatory,Total Mandatory,2008-03-01,2017,both,0.0,0.0,0.0,0.0
outlay,Mandatory,Total Mandatory,2008-03-01,2018,both,0.0,0.0,0.0,0.0
outlay,Mandatory,Total Mandatory,2009-03-01,2009,both,0.0,0.0,0.0,0.0
outlay,Mandatory,Total Mandatory,2009-03-01,2010,both,0.0,0.0,0.0,0.0
outlay,Mandatory,Total Mandatory,2009-03-01,2011,both,0.0,0.0,0.0,0.0
outlay,Mandatory,Total Mandatory,2009-03-01,2012,both,0.0,0.0,0.0,0.0
outlay,Mandatory,Total Mandatory,2009-03-01,2013,both,0.0,0.0,0.0,0.0
outlay,Mandatory,Total Mandatory,2009-03-01,2014,both,0.0,0.0,0.0,0.0
outlay,Mandatory,Total Mandatory,2009-03-01,2015,both,0.0,0.0,0.0,0.0
outlay,Mandatory,Total Mandatory,2009-03-01,2016,both,0.0,0.0,0.0,0.0
outlay,Mandatory,Total Mandatory,2009-03-01,2017,both,0.0,0.0,0.0,0.0
outlay,Mandatory,Total Mandatory,2009-03-01,2018,both,0.0,0.0,0.0,0.0
outlay,Mandatory,Total Mandatory,2009-03-01,2019,both,0.0,0.0,0.0,0.0
outlay,Mandatory,Total Mandatory,2010-03-01,2010,both,0.0,0.0,0.0,0.0
outlay,Mandatory,Total Mandatory,2010-03-01,2011,both,0.0,0.0,0.0,0.0
outlay,Mandatory,Total Mandatory,2010-03-01,2012,both,0.0,0.0,0.0,0.0
outlay,Mandatory,Total Mandatory,2010-03-01,2013,both,0.0,0.0,0.0,0.0
outlay,Mandatory,Total Mandatory,2010-03-01,2014,both,0.0,0.0,0.0,0.0
outlay,Mandatory,Total Mandatory,2010-03-01,2015,both,0.0,0.0,0.0,0.0
outlay,Mandatory,Total Mandatory,2010-03-01,2016,both,0.0,0.0,0.0,0.0
outlay,Mandatory,Total Mandatory,2010-03-01,2017,both,0.0,0.0,0.0,0.0
outlay,Mandatory,Total Mandatory,2010-03-01,2018,both,0.0,0.0,0.0,0.0
outlay,Mandatory,Total Mandatory,2010-03-01,2019,both,0.0,0.0,0.0,0.0
outlay,Mandatory,Total Mandatory,2010-03-01,2020,both,0.0,0.0,0.0,0.0
outlay,Mandatory,Total Mandatory,2011-03-01,2011,both,0.0,0.0,0.0,0.0
outlay,Mandatory,Total Mandatory,2011-03-01,2012,both,0.0,0.0,0.0,0.0
outlay,Mandatory,Total Mandatory,2011-03-01,2013,both,0.0,0.0,0.0,0.0
outlay,Mandatory,Total Mandatory,2011-03-01,2014,both,0.0,0.0,0.0,0.0
outlay,Mandatory,Total Mandatory,2011-03-01,2015,both,0.0,0.0,0.0,0.0
outlay,Mandatory,Total Mandatory,2011-03-01,2016,both,0.0,0.0,0.0,0.0
outlay,Mandatory,Total Mandatory,2011-03-01,2017,both,0.0,0.0,0.0,0.0
outlay,Mandatory,Total Mandatory,2011-03-01,2018,both,0.0,0.0,0.0,0.0
outlay,Mandatory,Total Mandatory,2011-03-01,2019,both,0.0,0.0,0.0,0.0
outlay,Mandatory,Total Mandatory,2011-03-01,2020,both,0.0,0.0,0.0,0.0
outlay,Mandatory,Total Mandatory,2011-03-01,2021,both,0.0,0.0,0.0,0.0
outlay,Mandatory,Total Mandatory,2012-03-01,2012,both,0.0,0.0,0.0,0.0
outlay,Mandatory,Total Mandatory,2012-03-01,2013,both,0.0,0.0,0.0,0.0
outlay,Mandatory,Total Mandatory,2012-03-01,2014,both,0.0,0.0,0.0,0.0
outlay,Mandatory,Total Mandatory,2012-03-01,2015,both,0.0,0.0,0.0,0.0
outlay,Mandatory,Total Mandatory,2012-03-01,2016,both,0.0,0.0,0.0,0.0
outlay,Mandatory,Total Mandatory,2012-03-01,2017,both,0.0,0.0,0.0,0.0
outlay,Mandatory,Total Mandatory,2012-03-01,2018,both,0.0,0.0,0.0,0.0
outlay,Mandatory,Total Mandatory,2012-03-01,2019,both,0.0,0.0,0.0,0.0
outlay,Mandatory,Total Mandatory,2012-03-01,2020,both,0.0,0.0,0.0,0.0
outlay,Mandatory,Total Mandatory,2012-03-01,2021,both,0.0,0.0,0.0,0.0
outlay,Mandatory,Total Mandatory,2012-03-01,2022,both,0.0,0.0,0.0,0.0
outlay,Mandatory,Total Mandatory,2013-05-01,2013,both,0.0,0.0,0.0,0.0
outlay,Mandatory,Total Mandatory,2013-05-01,2014,both,0.0,0.0,0.0,0.0
outlay,Mandatory,Total Mandatory,2013-05-01,2015,both,0.0,0.0,0.0,0.0
outlay,Mandatory,Total Mandatory,2013-05-01,2016,both,0.0,0.0,0.0,0.0
outlay,Mandatory,Total Mandatory,2013-05-01,2017,both,0.0,0.0,0.0,0.0
outlay,Mandatory,Total Mandatory,2013-05-01,2018,both,0.0,0.0,0.0,0.0
outlay,Mandatory,Total Mandatory,2013-05-01,2019,both,0.0,0.0,0.0,0.0
outlay,Mandatory,Total Mandatory,2013-05-01,2020,both,0.0,0.0,0.0,0.0
outlay,Mandatory,Total Mandatory,2013-05-01,2021,both,0.0,0.0,0.0,0.0
outlay,Mandatory,Total Mandatory,2013-05-01,2022,both,0.0,0.0,0.0,0.0
outlay,Mandatory,Total Mandatory,2013-05-01,2023,both,0.0,0.0,0.0,0.0
outlay,Mandatory,Total Mandatory,2014-04-01,2014,both,0.0,0.0,0.0,0.0
outlay,Mandatory,Total Mandatory,2014-04-01,2015,both,0.0,0.0,0.0,0.0
outlay,Mandatory,Total Mandatory,2014-04-01,2016,both,0.0,0.0,0.0,0.0
outlay,Mandatory,Total Mandatory,2014-04-01,2017,both,0.0,0.0,0.0,0.0
outlay,Mandatory,Total Mandatory,2014-04-01,2018,both,0.0,0.0,0.0,0.0
outlay,Mandatory,Total Mandatory,2014-04-01,2019,both,0.0,0.0,0.0,0.0
outlay,Mandatory,Total Mandatory,2014-04-01,2020,both,0.0,0.0,0.0,0.0
outlay,Mandatory,Total Mandatory,2014-04-01,2021,both,0.0,0.0,0.0,0.0
outlay,Mandatory,Total Mandatory,2014-04-01,2022,both,0.0,0.0,0.0,0.0
outlay,Mandatory,Total Mandatory,2014-04-01,2023,both,0.0,0.0,0.0,0.0
outlay,Mandatory,Total Mandatory,2014-04-01,2024,both,0.0,0.0,0.0,0.0
outlay,Mandatory,Total Mandatory,2015-03-01,2015,both,0.0,0.0,0.0,0.0
outlay,Mandatory,Total Mandatory,2015-03-01,2016,both,0.0,0.0,0.0,0.0
outlay,Mandatory,Total Mandatory,2015-03-01,2017,both,0.0,0.0,0.0,0.0
outlay,Mandatory,Total Mandatory,2015-03-01,2018,both,0.0,0.0,0.0,0.0
outlay,Mandatory,Total Mandatory,2015-03-01,2019,both,0.0,0.0,0.0,0.0
outlay,Mandatory,Total Mandatory,2015-03-01,2020,both,0.0,0.0,0.0,0.0
outlay,Mandatory,Total Mandatory,2015-03-01,2021,both,0.0,0.0,0.0,0.0
outlay,Mandatory,Total Mandatory,2015-03-01,2022,both,0.0,0.0,0.0,0.0
outlay,Mandatory,Total Mandatory,2015-03-01,2023,both,0.0,0.0,0.0,0.0
outlay,Mandatory,Total Mandatory,2015-03-01,2024,both,0.0,0.0,0.0,0.0
outlay,Mandatory,Total Mandatory,2015-03-01,2025,both,0.0,0.0,0.0,0.0
outlay,Mandatory,Total Mandatory,2016-03-01,2016,both,0.0,0.0,0.0,0.0
outlay,Mandatory,Total Mandatory,2016-03-01,2017,both,0.0,0.0,0.0,0.0
outlay,Mandatory,Total Mandatory,2016-03-01,2018,both,0.0,0.0,0.0,0.0
outlay,Mandatory,Total Mandatory,2016-03-01,2019,both,0.0,0.0,0.0,0.0
outlay,Mandatory,Total Mandatory,2016-03-01,2020,both,0.0,0.0,0.0,0.0
outlay,Mandatory,Total Mandatory,2016-03-01,2021,both,0.0,0.0,0.0,0.0
outlay,Mandatory,Total Mandatory,2016-03-01,2022,both,0.0,0.0,0.0,0.0
outlay,Mandatory,Total Mandatory,2016-03-01,2023,both,0.0,0.0,0.0,0.0
outlay,Mandatory,Total Mandatory,2016-03-01,2024,both,0.0,0.0,0.0,0.0
outlay,Mandatory,Total Mandatory,2016-03-01,2025,both,0.0,0.0,0.0,0.0
outlay,Mandatory,Total Mandatory,2017-06-01,2017,both,0.0,0.0,0.0,0.0
outlay,Mandatory,Total Mandatory,2017-06-01,2018,both,0.0,0.0,0.0,0.0
outlay,Mandatory,Total Mandatory,2017-06-01,2019,both,0.0,0.0,0.0,0.0
outlay,Mandatory,Total Mandatory,2017-06-01,2020,both,0.0,0.0,0.0,0.0
outlay,Mandatory,Total Mandatory,2017-06-01,2021,both,0.0,0.0,0.0,0.0
outlay,Mandatory,Total Mandatory,2017-06-01,2022,both,0.0,0.0,0.0,0.0
outlay,Mandatory,Total Mandatory,2017-06-01,2023,both,0.0,0.0,0.0,0.0
outlay,Mandatory,Total Mandatory,2017-06-01,2024,both,0.0,0.0,0.0,0.0
outlay,Mandatory,Total Mandatory,2017-06-01,2025,both,0.0,0.0,0.0,0.0
outlay,Mandatory,Total Mandatory,2018-05-01,2018,both,0.0,0.0,0.0,0.0
outlay,Mandatory,Total Mandatory,2018-05-01,2019,both,0.0,0.0,0.0,0.0
outlay,Mandatory,Total Mandatory,2018-05-01,2020,both,0.0,0.0,0.0,0.0
outlay,Mandatory,Total Mandatory,2018-05-01,2021,both,0.0,0.0,0.0,0.0
outlay,Mandatory,Total Mandatory,2018-05-01,2022,both,0.0,0.0,0.0,0.0
outlay,Mandatory,Total Mandatory,2018-05-01,2023,both,0.0,0.0,0.0,0.0
outlay,Mandatory,Total Mandatory,2018-05-01,2024,both,0.0,0.0,0.0,0.0
outlay,Mandatory,Total Mandatory,2018-05-01,2025,both,0.0,0.0,0.0,0.0
outlay,Mandatory,Total Mandatory,2019-05-01,2019,both,0.0,0.0,0.0,0.0
outlay,Mandatory,Total Mandatory,2019-05-01,2020,both,0.0,0.0,0.0,0.0
outlay,Mandatory,Total Mandatory,2019-05-01,2021,both,0.0,0.0,0.0,0.0
outlay,Mandatory,Total Mandatory,2019-05-01,2022,both,0.0,0.0,0.0,0.0
outlay,Mandatory,Total Mandatory,2019-05-01,2023,both,0.0,0.0,0.0,0.0
outlay,Mandatory,Total Mandatory,2019-05-01,2024,both,0.0,0.0,0.0,0.0
outlay,Mandatory,Total Mandatory,2019-05-01,2025,both,0.0,0.0,0.0,0.0
outlay,Mandatory,Total Mandatory,2020-03-01,2020,both,0.0,0.0,0.0,0.0
outlay,Mandatory,Total Mandatory,2020-03-01,2021,both,0.0,0.0,0.0,0.0
outlay,Mandatory,Total Mandatory,2020-03-01,2022,both,0.0,0.0,0.0,0.0
outlay,Mandatory,Total Mandatory,2020-03-01,2023,both,0.0,0.0,0.0,0.0
outlay,Mandatory,Total Mandatory,2020-03-01,2024,both,0.0,0.0,0.0,0.0
outlay,Mandatory,Total Mandatory,2020-03-01,2025,both,0.0,0.0,0.0,0.0
outlay,Mandatory,Total Mandatory,2021-07-01,2021,both,0.0,0.0,0.0,0.0
outlay,Mandatory,Total Mandatory,2021-07-01,2022,both,0.0,0.0,0.0,0.0
outlay,Mandatory,Total Mandatory,2021-07-01,2023,both,0.0,0.0,0.0,0.0
outlay,Mandatory,Total Mandatory,2021-07-01,2024,both,0.0,0.0,0.0,0.0
outlay,Mandatory,Total Mandatory,2021-07-01,2025,both,0.0,0.0,0.0,0.0
outlay,Mandatory,Total Mandatory,2022-05-01,2022,both,0.0,0.0,0.0,0.0
outlay,Mandatory,Total Mandatory,2022-05-01,2023,both,0.0,0.0,0.0,0.0
outlay,Mandatory,Total Mandatory,2022-05-01,2024,both,0.0,0.0,0.0,0.0
outlay,Mandatory,Total Mandatory,2022-05-01,2025,both,0.0,0.0,0.0,0.0
outlay,Mandatory,Total Mandatory,2023-05-01,2023,both,0.0,0.0,0.0,0.0
outlay,Mandatory,Total Mandatory,2023-05-01,2024,both,0.0,0.0,0.0,0.0
outlay,Mandatory,Total Mandatory,2023-05-01,2025,both,0.0,0.0,0.0,0.0
outlay,Mandatory,Total Mandatory,2024-06-01,2024,both,0.0,0.0,0.0,0.0
outlay,Mandatory,Total Mandatory,2024-06-01,2025,both,0.0,0.0,0.0,0.0
outlay,Mandatory,Total Mandatory,2025-01-01,2025,both,0.0,0.0,0.0,0.0
outlay,Net Interest,Net Interest,1992-03-01,1992,both,0.0,0.0,0.0,0.0
outlay,Net Interest,Net Interest,1992-03-01,1993,both,0.0,0.0,0.0,0.0
outlay,Net Interest,Net Interest,1992-03-01,1994,both,0.0,0.0,0.0,0.0
outlay,Net Interest,Net Interest,1992-03-01,1995,both,0.0,0.0,0.0,0.0
outlay,Net Interest,Net Interest,1992-03-01,1996,both,0.0,0.0,0.0,0.0
outlay,Net Interest,Net Interest,1992-03-01,1997,both,0.0,0.0,0.0,0.0
outlay,Net Interest,Net Interest,1993-03-01,1993,both,0.0,0.0,0.0,0.0
outlay,Net Interest,Net Interest,1993-03-01,1994,both,0.0,0.0,0.0,0.0
outlay,Net Interest,Net Interest,1993-03-01,1995,both,0.0,0.0,0.0,0.0
outlay,Net Interest,Net Interest,1993-03-01,1996,both,0.0,0.0,0.0,0.0
outlay,Net Interest,Net Interest,1993-03-01,1997,both,0.0,0.0,0.0,0.0
outlay,Net Interest,Net Interest,1993-03-01,1998,both,0.0,0.0,0.0,0.0
outlay,Net Interest,Net Interest,1994-04-01,1994,both,0.0,0.0,0.0,0.0
outlay,Net Interest,Net Interest,1994-04-01,1995,both,0.0,0.0,0.0,0.0
outlay,Net Interest,Net Interest,1994-04-01,1996,both,0.0,0.0,0.0,0.0
outlay,Net Interest,Net Interest,1994-04-01,1997,both,0.0,0.0,0.0,0.0
outlay,Net Interest,Net Interest,1994-04-01,1998,both,0.0,0.0,0.0,0.0
outlay,Net Interest,Net Interest,1994-04-01,1999,both,0.0,0.0,0.0,0.0
outlay,Net Interest,Net Interest,1995-04-01,1995,both,0.0,0.0,0.0,0.0
outlay,Net Interest,Net Interest,1995-04-01,1996,both,0.0,0.0,0.0,0.0
outlay,Net Interest,Net Interest,1995-04-01,1997,both,0.0,0.0,0.0,0.0
outlay,Net Interest,Net Interest,1995-04-01,1998,both,0.0,0.0,0.0,0.0
outlay,Net Interest,Net Interest,1995-04-01,1999,both,0.0,0.0,0.0,0.0
outlay,Net Interest,Net Interest,1995-04-01,2000,both,0.0,0.0,0.0,0.0
outlay,Net Interest,Net Interest,1996-05-01,1996,both,0.0,0.0,0.0,0.0
outlay,Net Interest,Net Interest,1996-05-01,1997,both,0.0,0.0,0.0,0.0
outlay,Net Interest,Net Interest,1996-05-01,1998,both,0.0,0.0,0.0,0.0
outlay,Net Interest,Net Interest,1996-05-01,1999,both,0.0,0.0,0.0,0.0
outlay,Net Interest,Net Interest,1996-05-01,2000,both,0.0,0.0,0.0,0.0
outlay,Net Interest,Net Interest,1996-05-01,2001,both,0.0,0.0,0.0,0.0
outlay,Net Interest,Net Interest,1996-05-01,2002,both,0.0,0.0,0.0,0.0
outlay,Net Interest,Net Interest,1996-05-01,2003,both,0.0,0.0,0.0,0.0
outlay,Net Interest,Net Interest,1996-05-01,2004,both,0.0,0.0,0.0,0.0
outlay,Net Interest,Net Interest,1996-05-01,2005,both,0.0,0.0,0.0,0.0
outlay,Net Interest,Net Interest,1996-05-01,2006,both,0.0,0.0,0.0,0.0
outlay,Net Interest,Net Interest,1997-03-01,1997,both,0.0,0.0,0.0,0.0
outlay,Net Interest,Net Interest,1997-03-01,1998,both,0.0,0.0,0.0,0.0
outlay,Net Interest,Net Interest,1997-03-01,1999,both,0.0,0.0,0.0,0.0
outlay,Net Interest,Net Interest,1997-03-01,2000,both,0.0,0.0,0.0,0.0
outlay,Net Interest,Net Interest,1997-03-01,2001,both,0.0,0.0,0.0,0.0
outlay,Net Interest,Net Interest,1997-03-01,2002,both,0.0,0.0,0.0,0.0
outlay,Net Interest,Net Interest,1997-03-01,2003,both,0.0,0.0,0.0,0.0
outlay,Net Interest,Net Interest,1997-03-01,2004,both,0.0,0.0,0.0,0.0
outlay,Net Interest,Net Interest,1997-03-01,2005,both,0.0,0.0,0.0,0.0
outlay,Net Interest,Net Interest,1997-03-01,2006,both,0.0,0.0,0.0,0.0
outlay,Net Interest,Net Interest,1997-03-01,2007,both,0.0,0.0,0.0,0.0
outlay,Net Interest,Net Interest,1998-03-01,1998,both,0.0,0.0,0.0,0.0
outlay,Net Interest,Net Interest,1998-03-01,1999,both,0.0,0.0,0.0,0.0
outlay,Net Interest,Net Interest,1998-03-01,2000,both,0.0,0.0,0.0,0.0
outlay,Net Interest,Net Interest,1998-03-01,2001,both,0.0,0.0,0.0,0.0
outlay,Net Interest,Net Interest,1998-03-01,2002,both,0.0,0.0,0.0,0.0
outlay,Net Interest,Net Interest,1998-03-01,2003,both,0.0,0.0,0.0,0.0
outlay,Net Interest,Net Interest,1998-03-01,2004,both,0.0,0.0,0.0,0.0
outlay,Net Interest,Net Interest,1998-03-01,2005,both,0.0,0.0,0.0,0.0
outlay,Net Interest,Net Interest,1998-03-01,2006,both,0.0,0.0,0.0,0.0
outlay,Net Interest,Net Interest,1998-03-01,2007,both,0.0,0.0,0.0,0.0
outlay,Net Interest,Net Interest,1998-03-01,2008,both,0.0,0.0,0.0,0.0
outlay,Net Interest,Net Interest,1999-04-01,1999,both,0.0,0.0,0.0,0.0
outlay,Net Interest,Net Interest,1999-04-01,2000,both,0.0,0.0,0.0,0.0
outlay,Net Interest,Net Interest,1999-04-01,2001,both,0.0,0.0,0.0,0.0
outlay,Net Interest,Net Interest,1999-04-01,2002,both,0.0,0.0,0.0,0.0
outlay,Net Interest,Net Interest,1999-04-01,2003,both,0.0,0.0,0.0,0.0
outlay,Net Interest,Net Interest,1999-04-01,2004,both,0.0,0.0,0.0,0.0
outlay,Net Interest,Net Interest,1999-04-01,2005,both,0.0,0.0,0.0,0.0
outlay,Net Interest,Net Interest,1999-04-01,2006,both,0.0,0.0,0.0,0.0
outlay,Net Interest,Net Interest,1999-04-01,2007,both,0.0,0.0,0.0,0.0
outlay,Net Interest,Net Interest,1999-04-01,2008,both,0.0,0.0,0.0,0.0
outlay,Net Interest,Net Interest,1999-04-01,2009,both,0.0,0.0,0.0,0.0
outlay,Net Interest,Net Interest,2000-04-01,2000,both,0.0,0.0,0.0,0.0
outlay,Net Interest,Net Interest,2000-04-01,2001,both,0.0,0.0,0.0,0.0
outlay,Net Interest,Net Interest,2000-04-01,2002,both,0.0,0.0,0.0,0.0
outlay,Net Interest,Net Interest,2000-04-01,2003,both,0.0,0.0,0.0,0.0
outlay,Net Interest,Net Interest,2000-04-01,2004,both,0.0,0.0,0.0,0.0
outlay,Net Interest,Net Interest,2000-04-01,2005,both,0.0,0.0,0.0,0.0
outlay,Net Interest,Net Interest,2000-04-01,2006,both,0.0,0.0,0.0,0.0
outlay,Net Interest,Net Interest,2000-04-01,2007,both,0.0,0.0,0.0,0.0
outlay,Net Interest,Net Interest,2000-04-01,2008,both,0.0,0.0,0.0,0.0
outlay,Net Interest,Net Interest,2000-04-01,2009,both,0.0,0.0,0.0,0.0
outlay,Net Interest,Net Interest,2000-04-01,2010,both,0.0,0.0,0.0,0.0
outlay,Net Interest,Net Interest,2001-05-01,2001,both,0.0,0.0,0.0,0.0
outlay,Net Interest,Net Interest,2001-05-01,2002,both,0.0,0.0,0.0,0.0
outlay,Net Interest,Net Interest,2001-05-01,2003,both,0.0,0.0,0.0,0.0
outlay,Net Interest,Net Interest,2001-05-01,2004,both,0.0,0.0,0.0,0.0
outlay,Net Interest,Net Interest,2001-05-01,2005,both,0.0,0.0,0.0,0.0
outlay,Net Interest,Net Interest,2001-05-01,2006,both,0.0,0.0,0.0,0.0
outlay,Net Interest,Net Interest,2001-05-01,2007,both,0.0,0.0,0.0,0.0
outlay,Net Interest,Net Interest,2001-05-01,2008,both,0.0,0.0,0.0,0.0
outlay,Net Interest,Net Interest,2001-05-01,2009,both,0.0,0.0,0.0,0.0
outlay,Net Interest,Net Interest,2001-05-01,2010,both,0.0,0.0,0.0,0.0
outlay,Net Interest,Net Interest,2001-05-01,2011,both,0.0,0.0,0.0,0.0
outlay,Net Interest,Net Interest,2002-03-01,2002,both,0.0,0.0,0.0,0.0
outlay,Net Interest,Net Interest,2002-03-01,2003,both,0.0,0.0,0.0,0.0
outlay,Net Interest,Net Interest,2002-03-01,2004,both,0.0,0.0,0.0,0.0
outlay,Net Interest,Net Interest,2002-03-01,2005,both,0.0,0.0,0.0,0.0
outlay,Net Interest,Net Interest,2002-03-01,2006,both,0.0,0.0,0.0,0.0
outlay,Net Interest,Net Interest,2002-03-01,2007,both,0.0,0.0,0.0,0.0
outlay,Net Interest,Net Interest,2002-03-01,2008,both,0.0,0.0,0.0,0.0
outlay,Net Interest,Net Interest,2002-03-01,2009,both,0.0,0.0,0.0,0.0
outlay,Net Interest,Net Interest,2002-03-01,2010,both,0.0,0.0,0.0,0.0
outlay,Net Interest,Net Interest,2002-03-01,2011,both,0.0,0.0,0.0,0.0
outlay,Net Interest,Net Interest,2002-03-01,2012,both,0.0,0.0,0.0,0.0
outlay,Net Interest,Net Interest,2003-03-01,2003,both,0.0,0.0,0.0,0.0
outlay,Net Interest,Net Interest,2003-03-01,2004,both,0.0,0.0,0.0,0.0
outlay,Net Interest,Net Interest,2003-03-01,2005,both,0.0,0.0,0.0,0.0
outlay,Net Interest,Net Interest,2003-03-01,2006,both,0.0,0.0,0.0,0.0
outlay,Net Interest,Net Interest,2003-03-01,2007,both,0.0,0.0,0.0,0.0
outlay,Net Interest,Net Interest,2003-03-01,2008,both,0.0,0.0,0.0,0.0
outlay,Net Interest,Net Interest,2003-03-01,2009,both,0.0,0.0,0.0,0.0
outlay,Net Interest,Net Interest,2003-03-01,2010,both,0.0,0.0,0.0,0.0
outlay,Net Interest,Net Interest,2003-03-01,2011,both,0.0,0.0,0.0,0.0
outlay,Net Interest,Net Interest,2003-03-01,2012,both,0.0,0.0,0.0,0.0
outlay,Net Interest,Net Interest,2003-03-01,2013,both,0.0,0.0,0.0,0.0
outlay,Net Interest,Net Interest,2004-03-01,2004,both,0.0,0.0,0.0,0.0
outlay,Net Interest,Net Interest,2004-03-01,2005,both,0.0,0.0,0.0,0.0
outlay,Net Interest,Net Interest,2004-03-01,2006,both,0.0,0.0,0.0,0.0
outlay,Net Interest,Net Interest,2004-03-01,2007,both,0.0,0.0,0.0,0.0
outlay,Net Interest,Net Interest,2004-03-01,2008,both,0.0,0.0,0.0,0.0
outlay,Net Interest,Net Interest,2004-03-01,2009,both,0.0,0.0,0.0,0.0
outlay,Net Interest,Net Interest,2004-03-01,2010,both,0.0,0.0,0.0,0.0
outlay,Net Interest,Net Interest,2004-03-01,2011,both,0.0,0.0,0.0,0.0
outlay,Net Interest,Net Interest,2004-03-01,2012,both,0.0,0.0,0.0,0.0
outlay,Net Interest,Net Interest,2004-03-01,2013,both,0.0,0.0,0.0,0.0
outlay,Net Interest,Net Interest,2004-03-01,2014,both,0.0,0.0,0.0,0.0
outlay,Net Interest,Net Interest,2005-03-01,2005,both,0.0,0.0,0.0,0.0
outlay,Net Interest,Net Interest,2005-03-01,2006,both,0.0,0.0,0.0,0.0
outlay,Net Interest,Net Interest,2005-03-01,2007,both,0.0,0.0,0.0,0.0
outlay,Net Interest,Net Interest,2005-03-01,2008,both,0.0,0.0,0.0,0.0
outlay,Net Interest,Net Interest,2005-03-01,2009,both,0.0,0.0,0.0,0.0
outlay,Net Interest,Net Interest,2005-03-01,2010,both,0.0,0.0,0.0,0.0
outlay,Net Interest,Net Interest,2005-03-01,2011,both,0.0,0.0,0.0,0.0
outlay,Net Interest,Net Interest,2005-03-01,2012,both,0.0,0.0,0.0,0.0
outlay,Net Interest,Net Interest,2005-03-01,2013,both,0.0,0.0,0.0,0.0
outlay,Net Interest,Net Interest,2005-03-01,2014,both,0.0,0.0,0.0,0.0
outlay,Net Interest,Net Interest,2005-03-01,2015,both,0.0,0.0,0.0,0.0
outlay,Net Interest,Net Interest,2006-03-01,2006,both,0.0,0.0,0.0,0.0
outlay,Net Interest,Net Interest,2006-03-01,2007,both,0.0,0.0,0.0,0.0
outlay,Net Interest,Net Interest,2006-03-01,2008,both,0.0,0.0,0.0,0.0
outlay,Net Interest,Net Interest,2006-03-01,2009,both,0.0,0.0,0.0,0.0
outlay,Net Interest,Net Interest,2006-03-01,2010,both,0.0,0.0,0.0,0.0
outlay,Net Interest,Net Interest,2006-03-01,2011,both,0.0,0.0,0.0,0.0
outlay,Net Interest,Net Interest,2006-03-01,2012,both,0.0,0.0,0.0,0.0
outlay,Net Interest,Net Interest,2006-03-01,2013,both,0.0,0.0,0.0,0.0
outlay,Net Interest,Net Interest,2006-03-01,2014,both,0.0,0.0,0.0,0.0
outlay,Net Interest,Net Interest,2006-03-01,2015,both,0.0,0.0,0.0,0.0
outlay,Net Interest,Net Interest,2006-03-01,2016,both,0.0,0.0,0.0,0.0
outlay,Net Interest,Net Interest,2007-03-01,2007,both,0.0,0.0,0.0,0.0
outlay,Net Interest,Net Interest,2007-03-01,2008,both,0.0,0.0,0.0,0.0
outlay,Net Interest,Net Interest,2007-03-01,2009,both,0.0,0.0,0.0,0.0
outlay,Net Interest,Net Interest,2007-03-01,2010,both,0.0,0.0,0.0,0.0
outlay,Net Interest,Net Interest,2007-03-01,2011,both,0.0,0.0,0.0,0.0
outlay,Net Interest,Net Interest,2007-03-01,2012,both,0.0,0.0,0.0,0.0
outlay,Net Interest,Net Interest,2007-03-01,2013,both,0.0,0.0,0.0,0.0
outlay,Net Interest,Net Interest,2007-03-01,2014,both,0.0,0.0,0.0,0.0
outlay,Net Interest,Net Interest,2007-03-01,2015,both,0.0,0.0,0.0,0.0
outlay,Net Interest,Net Interest,2007-03-01,2016,both,0.0,0.0,0.0,0.0
outlay,Net Interest,Net Interest,2007-03-01,2017,both,0.0,0.0,0.0,0.0
outlay,Net Interest,Net Interest,2008-03-01,2008,both,0.0,0.0,0.0,0.0
outlay,Net Interest,Net Interest,2008-03-01,2009,both,0.0,0.0,0.0,0.0
outlay,Net Interest,Net Interest,2008-03-01,2010,both,0.0,0.0,0.0,0.0
outlay,Net Interest,Net Interest,2008-03-01,2011,both,0.0,0.0,0.0,0.0
outlay,Net Interest,Net Interest,2008-03-01,2012,both,0.0,0.0,0.0,0.0
outlay,Net Interest,Net Interest,2008-03-01,2013,both,0.0,0.0,0.0,0.0
outlay,Net Interest,Net Interest,2008-03-01,2014,both,0.0,0.0,0.0,0.0
outlay,Net Interest,Net Interest,2008-03-01,2015,both,0.0,0.0,0.0,0.0
outlay,Net Interest,Net Interest,2008-03-01,2016,both,0.0,0.0,0.0,0.0
outlay,Net Interest,Net Interest,2008-03-01,2017,both,0.0,0.0,0.0,0.0
outlay,Net Interest,Net Interest,2008-03-01,2018,both,0.0,0.0,0.0,0.0
outlay,Net Interest,Net Interest,2009-03-01,2009,both,0.0,0.0,0.0,0.0
outlay,Net Interest,Net Interest,2009-03-01,2010,both,0.0,0.0,0.0,0.0
outlay,Net Interest,Net Interest,2009-03-01,2011,both,0.0,0.0,0.0,0.0
outlay,Net Interest,Net Interest,2009-03-01,2012,both,0.0,0.0,0.0,0.0
outlay,Net Interest,Net Interest,2009-03-01,2013,both,0.0,0.0,0.0,0.0
outlay,Net Interest,Net Interest,2009-03-01,2014,both,0.0,0.0,0.0,0.0
outlay,Net Interest,Net Interest,2009-03-01,2015,both,0.0,0.0,0.0,0.0
outlay,Net Interest,Net Interest,2009-03-01,2016,both,0.0,0.0,0.0,0.0
outlay,Net Interest,Net Interest,2009-03-01,2017,both,0.0,0.0,0.0,0.0
outlay,Net Interest,Net Interest,2009-03-01,2018,both,0.0,0.0,0.0,0.0
outlay,Net Interest,Net Interest,2009-03-01,2019,both,0.0,0.0,0.0,0.0
outlay,Net Interest,Net Interest,2010-03-01,2010,both,0.0,0.0,0.0,0.0
outlay,Net Interest,Net Interest,2010-03-01,2011,both,0.0,0.0,0.0,0.0
outlay,Net Interest,Net Interest,2010-03-01,2012,both,0.0,0.0,0.0,0.0
outlay,Net Interest,Net Interest,2010-03-01,2013,both,0.0,0.0,0.0,0.0
outlay,Net Interest,Net Interest,2010-03-01,2014,both,0.0,0.0,0.0,0.0
outlay,Net Interest,Net Interest,2010-03-01,2015,both,0.0,0.0,0.0,0.0
outlay,Net Interest,Net Interest,2010-03-01,2016,both,0.0,0.0,0.0,0.0
outlay,Net Interest,Net Interest,2010-03-01,2017,both,0.0,0.0,0.0,0.0
outlay,Net Interest,Net Interest,2010-03-01,2018,both,0.0,0.0,0.0,0.0
outlay,Net Interest,Net Interest,2010-03-01,2019,both,0.0,0.0,0.0,0.0
outlay,Net Interest,Net Interest,2010-03-01,2020,both,0.0,0.0,0.0,0.0
outlay,Net Interest,Net Interest,2011-03-01,2011,both,0.0,0.0,0.0,0.0
outlay,Net Interest,Net Interest,2011-03-01,2012,both,0.0,0.0,0.0,0.0
outlay,Net Interest,Net Interest,2011-03-01,2013,both,0.0,0.0,0.0,0.0
outlay,Net Interest,Net Interest,2011-03-01,2014,both,0.0,0.0,0.0,0.0
outlay,Net Interest,Net Interest,2011-03-01,2015,both,0.0,0.0,0.0,0.0
outlay,Net Interest,Net Interest,2011-03-01,2016,both,0.0,0.0,0.0,0.0
outlay,Net Interest,Net Interest,2011-03-01,2017,both,0.0,0.0,0.0,0.0
outlay,Net Interest,Net Interest,2011-03-01,2018,both,0.0,0.0,0.0,0.0
outlay,Net Interest,Net Interest,2011-03-01,2019,both,0.0,0.0,0.0,0.0
outlay,Net Interest,Net Interest,2011-03-01,2020,both,0.0,0.0,0.0,0.0
outlay,Net Interest,Net Interest,2011-03-01,2021,both,0.0,0.0,0.0,0.0
outlay,Net Interest,Net Interest,2012-03-01,2012,both,0.0,0.0,0.0,0.0
outlay,Net Interest,Net Interest,2012-03-01,2013,both,0.0,0.0,0.0,0.0
outlay,Net Interest,Net Interest,2012-03-01,2014,both,0.0,0.0,0.0,0.0
outlay,Net Interest,Net Interest,2012-03-01,2015,both,0.0,0.0,0.0,0.0
outlay,Net Interest,Net Interest,2012-03-01,2016,both,0.0,0.0,0.0,0.0
outlay,Net Interest,Net Interest,2012-03-01,2017,both,0.0,0.0,0.0,0.0
outlay,Net Interest,Net Interest,2012-03-01,2018,both,0.0,0.0,0.0,0.0
outlay,Net Interest,Net Interest,2012-03-01,2019,both,0.0,0.0,0.0,0.0
outlay,Net Interest,Net Interest,2012-03-01,2020,both,0.0,0.0,0.0,0.0
outlay,Net Interest,Net Interest,2012-03-01,2021,both,0.0,0.0,0.0,0.0
outlay,Net Interest,Net Interest,2012-03-01,2022,both,0.0,0.0,0.0,0.0
outlay,Net Interest,Net Interest,2013-05-01,2013,both,0.0,0.0,0.0,0.0
outlay,Net Interest,Net Interest,2013-05-01,2014,both,0.0,0.0,0.0,0.0
outlay,Net Interest,Net Interest,2013-05-01,2015,both,0.0,0.0,0.0,0.0
outlay,Net Interest,Net Interest,2013-05-01,2016,both,0.0,0.0,0.0,0.0
outlay,Net Interest,Net Interest,2013-05-01,2017,both,0.0,0.0,0.0,0.0
outlay,Net Interest,Net Interest,2013-05-01,2018,both,0.0,0.0,0.0,0.0
outlay,Net Interest,Net Interest,2013-05-01,2019,both,0.0,0.0,0.0,0.0
outlay,Net Interest,Net Interest,2013-05-01,2020,both,0.0,0.0,0.0,0.0
outlay,Net Interest,Net Interest,2013-05-01,2021,both,0.0,0.0,0.0,0.0
outlay,Net Interest,Net Interest,2013-05-01,2022,both,0.0,0.0,0.0,0.0
outlay,Net Interest,Net Interest,2013-05-01,2023,both,0.0,0.0,0.0,0.0
outlay,Net Interest,Net Interest,2014-04-01,2014,both,0.0,0.0,0.0,0.0
outlay,Net Interest,Net Interest,2014-04-01,2015,both,0.0,0.0,0.0,0.0
outlay,Net Interest,Net Interest,2014-04-01,2016,both,0.0,0.0,0.0,0.0
outlay,Net Interest,Net Interest,2014-04-01,2017,both,0.0,0.0,0.0,0.0
outlay,Net Interest,Net Interest,2014-04-01,2018,both,0.0,0.0,0.0,0.0
outlay,Net Interest,Net Interest,2014-04-01,2019,both,0.0,0.0,0.0,0.0
outlay,Net Interest,Net Interest,2014-04-01,2020,both,0.0,0.0,0.0,0.0
outlay,Net Interest,Net Interest,2014-04-01,2021,both,0.0,0.0,0.0,0.0
outlay,Net Interest,Net Interest,2014-04-01,2022,both,0.0,0.0,0.0,0.0
outlay,Net Interest,Net Interest,2014-04-01,2023,both,0.0,0.0,0.0,0.0
outlay,Net Interest,Net Interest,2014-04-01,2024,both,0.0,0.0,0.0,0.0
outlay,Net Interest,Net Interest,2015-03-01,2015,both,0.0,0.0,0.0,0.0
outlay,Net Interest,Net Interest,2015-03-01,2016,both,0.0,0.0,0.0,0.0
outlay,Net Interest,Net Interest,2015-03-01,2017,both,0.0,0.0,0.0,0.0
outlay,Net Interest,Net Interest,2015-03-01,2018,both,0.0,0.0,0.0,0.0
outlay,Net Interest,Net Interest,2015-03-01,2019,both,0.0,0.0,0.0,0.0
outlay,Net Interest,Net Interest,2015-03-01,2020,both,0.0,0.0,0.0,0.0
outlay,Net Interest,Net Interest,2015-03-01,2021,both,0.0,0.0,0.0,0.0
outlay,Net Interest,Net Interest,2015-03-01,2022,both,0.0,0.0,0.0,0.0
outlay,Net Interest,Net Interest,2015-03-01,2023,both,0.0,0.0,0.0,0.0
outlay,Net Interest,Net Interest,2015-03-01,2024,both,0.0,0.0,0.0,0.0
outlay,Net Interest,Net Interest,2015-03-01,2025,both,0.0,0.0,0.0,0.0
outlay,Net Interest,Net Interest,2016-03-01,2016,both,0.0,0.0,0.0,0.0
outlay,Net Interest,Net Interest,2016-03-01,2017,both,0.0,0.0,0.0,0.0
outlay,Net Interest,Net Interest,2016-03-01,2018,both,0.0,0.0,0.0,0.0
outlay,Net Interest,Net Interest,2016-03-01,2019,both,0.0,0.0,0.0,0.0
outlay,Net Interest,Net Interest,2016-03-01,2020,both,0.0,0.0,0.0,0.0
outlay,Net Interest,Net Interest,2016-03-01,2021,both,0.0,0.0,0.0,0.0
outlay,Net Interest,Net Interest,2016-03-01,2022,both,0.0,0.0,0.0,0.0
outlay,Net Interest,Net Interest,2016-03-01,2023,both,0.0,0.0,0.0,0.0
outlay,Net Interest,Net Interest,2016-03-01,2024,both,0.0,0.0,0.0,0.0
outlay,Net Interest,Net Interest,2016-03-01,2025,both,0.0,0.0,0.0,0.0
outlay,Net Interest,Net Interest,2017-06-01,2017,both,0.0,0.0,0.0,0.0
outlay,Net Interest,Net Interest,2017-06-01,2018,both,0.0,0.0,0.0,0.0
outlay,Net Interest,Net Interest,2017-06-01,2019,both,0.0,0.0,0.0,0.0
outlay,Net Interest,Net Interest,2017-06-01,2020,both,0.0,0.0,0.0,0.0
outlay,Net Interest,Net Interest,2017-06-01,2021,both,0.0,0.0,0.0,0.0
outlay,Net Interest,Net Interest,2017-06-01,2022,both,0.0,0.0,0.0,0.0
outlay,Net Interest,Net Interest,2017-06-01,2023,both,0.0,0.0,0.0,0.0
outlay,Net Interest,Net Interest,2017-06-01,2024,both,0.0,0.0,0.0,0.0
outlay,Net Interest,Net Interest,2017-06-01,2025,both,0.0,0.0,0.0,0.0
outlay,Net Interest,Net Interest,2018-05-01,2018,both,0.0,0.0,0.0,0.0
outlay,Net Interest,Net Interest,2018-05-01,2019,both,0.0,0.0,0.0,0.0
outlay,Net Interest,Net Interest,2018-05-01,2020,both,0.0,0.0,0.0,0.0
outlay,Net Interest,Net Interest,2018-05-01,2021,both,0.0,0.0,0.0,0.0
outlay,Net Interest,Net Interest,2018-05-01,2022,both,0.0,0.0,0.0,0.0
outlay,Net Interest,Net Interest,2018-05-01,2023,both,0.0,0.0,0.0,0.0
outlay,Net Interest,Net Interest,2018-05-01,2024,both,0.0,0.0,0.0,0.0
outlay,Net Interest,Net Interest,2018-05-01,2025,both,0.0,0.0,0.0,0.0
outlay,Net Interest,Net Interest,2019-05-01,2019,both,0.0,0.0,0.0,0.0
outlay,Net Interest,Net Interest,2019-05-01,2020,both,0.0,0.0,0.0,0.0
outlay,Net Interest,Net Interest,2019-05-01,2021,both,0.0,0.0,0.0,0.0
outlay,Net Interest,Net Interest,2019-05-01,2022,both,0.0,0.0,0.0,0.0
outlay,Net Interest,Net Interest,2019-05-01,2023,both,0.0,0.0,0.0,0.0
outlay,Net Interest,Net Interest,2019-05-01,2024,both,0.0,0.0,0.0,0.0
outlay,Net Interest,Net Interest,2019-05-01,2025,both,0.0,0.0,0.0,0.0
outlay,Net Interest,Net Interest,2020-03-01,2020,both,0.0,0.0,0.0,0.0
outlay,Net Interest,Net Interest,2020-03-01,2021,both,0.0,0.0,0.0,0.0
outlay,Net Interest,Net Interest,2020-03-01,2022,both,0.0,0.0,0.0,0.0
outlay,Net Interest,Net Interest,2020-03-01,2023,both,0.0,0.0,0.0,0.0
outlay,Net Interest,Net Interest,2020-03-01,2024,both,0.0,0.0,0.0,0.0
outlay,Net Interest,Net Interest,2020-03-01,2025,both,0.0,0.0,0.0,0.0
outlay,Net Interest,Net Interest,2021-07-01,2021,both,0.0,0.0,0.0,0.0
outlay,Net Interest,Net Interest,2021-07-01,2022,both,0.0,0.0,0.0,0.0
outlay,Net Interest,Net Interest,2021-07-01,2023,both,0.0,0.0,0.0,0.0
outlay,Net Interest,Net Interest,2021-07-01,2024,both,0.0,0.0,0.0,0.0
outlay,Net Interest,Net Interest,2021-07-01,2025,both,0.0,0.0,0.0,0.0
outlay,Net Interest,Net Interest,2022-05-01,2022,both,0.0,0.0,0.0,0.0
outlay,Net Interest,Net Interest,2022-05-01,2023,both,0.0,0.0,0.0,0.0
outlay,Net Interest,Net Interest,2022-05-01,2024,both,0.0,0.0,0.0,0.0
outlay,Net Interest,Net Interest,2022-05-01,2025,both,0.0,0.0,0.0,0.0
outlay,Net Interest,Net Interest,2023-05-01,2023,both,0.0,0.0,0.0,0.0
outlay,Net Interest,Net Interest,2023-05-01,2024,both,0.0,0.0,0.0,0.0
outlay,Net Interest,Net Interest,2023-05-01,2025,both,0.0,0.0,0.0,0.0
outlay,Net Interest,Net Interest,2024-06-01,2024,both,0.0,0.0,0.0,0.0
outlay,Net Interest,Net Interest,2024-06-01,2025,both,0.0,0.0,0.0,0.0
outlay,Net Interest,Net Interest,2025-01-01,2025,both,0.0,0.0,0.0,0.0
outlay,Total,Total,1984-02-01,1984,both,0.0,0.0,0.0,0.0
outlay,Total,Total,1984-02-01,1985,both,0.0,0.0,0.0,0.0
outlay,Total,Total,1984-02-01,1986,both,0.0,0.0,0.0,0.0
outlay,Total,Total,1984-02-01,1987,both,0.0,0.0,0.0,0.0
outlay,Total,Total,1984-02-01,1988,both,0.0,0.0,0.0,0.0
outlay,Total,Total,1984-02-01,1989,both,0.0,0.0,0.0,0.0
outlay,Total,Total,1985-02-01,1985,both,0.0,0.0,0.0,0.0
outlay,Total,Total,1985-02-01,1986,both,0.0,0.0,0.0,0.0
outlay,Total,Total,1985-02-01,1987,both,0.0,0.0,0.0,0.0
outlay,Total,Total,1985-02-01,1988,both,0.0,0.0,0.0,0.0
outlay,Total,Total,1985-02-01,1989,both,0.0,0.0,0.0,0.0
outlay,Total,Total,1985-02-01,1990,both,0.0,0.0,0.0,0.0
outlay,Total,Total,1986-02-01,1986,both,0.0,0.0,0.0,0.0
outlay,Total,Total,1986-02-01,1987,both,0.0,0.0,0.0,0.0
outlay,Total,Total,1986-02-01,1988,both,0.0,0.0,0.0,0.0
outlay,Total,Total,1986-02-01,1989,both,0.0,0.0,0.0,0.0
outlay,Total,Total,1986-02-01,1990,both,0.0,0.0,0.0,0.0
outlay,Total,Total,1986-02-01,1991,both,0.0,0.0,0.0,0.0
outlay,Total,Total,1987-02-01,1987,both,0.0,0.0,0.0,0.0
outlay,Total,Total,1987-02-01,1988,both,0.0,0.0,0.0,0.0
outlay,Total,Total,1987-02-01,1989,both,0.0,0.0,0.0,0.0
outlay,Total,Total,1987-02-01,1990,both,0.0,0.0,0.0,0.0
outlay,Total,Total,1987-02-01,1991,both,0.0,0.0,0.0,0.0
outlay,Total,Total,1987-02-01,1992,both,0.0,0.0,0.0,0.0
outlay,Total,Total,1988-03-01,1988,both,0.0,0.0,0.0,0.0
outlay,Total,Total,1988-03-01,1989,both,0.0,0.0,0.0,0.0
outlay,Total,Total,1988-03-01,1990,both,0.0,0.0,0.0,0.0
outlay,Total,Total,1988-03-01,1991,both,0.0,0.0,0.0,0.0
outlay,Total,Total,1988-03-01,1992,both,0.0,0.0,0.0,0.0
outlay,Total,Total,1988-03-01,1993,both,0.0,0.0,0.0,0.0
outlay,Total,Total,1989-02-01,1989,both,0.0,0.0,0.0,0.0
outlay,Total,Total,1989-02-01,1990,both,0.0,0.0,0.0,0.0
outlay,Total,Total,1989-02-01,1991,both,0.0,0.0,0.0,0.0
outlay,Total,Total,1989-02-01,1992,both,0.0,0.0,0.0,0.0
outlay,Total,Total,1989-02-01,1993,both,0.0,0.0,0.0,0.0
outlay,Total,Total,1989-02-01,1994,both,0.0,0.0,0.0,0.0
outlay,Total,Total,1990-03-01,1990,both,0.0,0.0,0.0,0.0
outlay,Total,Total,1990-03-01,1991,both,0.0,0.0,0.0,0.0
outlay,Total,Total,1990-03-01,1992,both,0.0,0.0,0.0,0.0
outlay,Total,Total,1990-03-01,1993,both,0.0,0.0,0.0,0.0
outlay,Total,Total,1990-03-01,1994,both,0.0,0.0,0.0,0.0
outlay,Total,Total,1990-03-01,1995,both,0.0,0.0,0.0,0.0
outlay,Total,Total,1991-03-01,1991,both,0.0,0.0,0.0,0.0
outlay,Total,Total,1991-03-01,1992,both,0.0,0.0,0.0,0.0
outlay,Total,Total,1991-03-01,1993,both,0.0,0.0,0.0,0.0
outlay,Total,Total,1991-03-01,1994,both,0.0,0.0,0.0,0.0
outlay,Total,Total,1991-03-01,1995,both,0.0,0.0,0.0,0.0
outlay,Total,Total,1991-03-01,1996,both,0.0,0.0,0.0,0.0
outlay,Total,Total,1992-03-01,1992,both,0.0,0.0,0.0,0.0
outlay,Total,Total,1992-03-01,1993,both,0.0,0.0,0.0,0.0
outlay,Total,Total,1992-03-01,1994,both,0.0,0.0,0.0,0.0
outlay,Total,Total,1992-03-01,1995,both,0.0,0.0,0.0,0.0
outlay,Total,Total,1992-03-01,1996,both,0.0,0.0,0.0,0.0
outlay,Total,Total,1992-03-01,1997,both,0.0,0.0,0.0,0.0
outlay,Total,Total,1993-03-01,1993,both,0.0,0.0,0.0,0.0
outlay,Total,Total,1993-03-01,1994,both,0.0,0.0,0.0,0.0
outlay,Total,Total,1993-03-01,1995,both,0.0,0.0,0.0,0.0
outlay,Total,Total,1993-03-01,1996,both,0.0,0.0,0.0,0.0
outlay,Total,Total,1993-03-01,1997,both,0.0,0.0,0.0,0.0
outlay,Total,Total,1993-03-01,1998,both,0.0,0.0,0.0,0.0
outlay,Total,Total,1994-04-01,1994,both,0.0,0.0,0.0,0.0
outlay,Total,Total,1994-04-01,1995,both,0.0,0.0,0.0,0.0
outlay,Total,Total,1994-04-01,1996,both,0.0,0.0,0.0,0.0
outlay,Total,Total,1994-04-01,1997,both,0.0,0.0,0.0,0.0
outlay,Total,Total,1994-04-01,1998,both,0.0,0.0,0.0,0.0
outlay,Total,Total,1994-04-01,1999,both,0.0,0.0,0.0,0.0
outlay,Total,Total,1995-04-01,1995,both,0.0,0.0,0.0,0.0
outlay,Total,Total,1995-04-01,1996,both,0.0,0.0,0.0,0.0
outlay,Total,Total,1995-04-01,1997,both,0.0,0.0,0.0,0.0
outlay,Total,Total,1995-04-01,1998,both,0.0,0.0,0.0,0.0
outlay,Total,Total,1995-04-01,1999,both,0.0,0.0,0.0,0.0
outlay,Total,Total,1995-04-01,2000,both,0.0,0.0,0.0,0.0
outlay,Total,Total,1996-05-01,1996,both,0.0,0.0,0.0,0.0
outlay,Total,Total,1996-05-01,1997,both,0.0,0.0,0.0,0.0
outlay,Total,Total,1996-05-01,1998,both,0.0,0.0,0.0,0.0
outlay,Total,Total,1996-05-01,1999,both,0.0,0.0,0.0,0.0
outlay,Total,Total,1996-05-01,2000,both,0.0,0.0,0.0,0.0
outlay,Total,Total,1996-05-01,2001,both,0.0,0.0,0.0,0.0
outlay,Total,Total,1996-05-01,2002,both,0.0,0.0,0.0,0.0
outlay,Total,Total,1996-05-01,2003,both,0.0,0.0,0.0,0.0
outlay,Total,Total,1996-05-01,2004,both,0.0,0.0,0.0,0.0
outlay,Total,Total,1996-05-01,2005,both,0.0,0.0,0.0,0.0
outlay,Total,Total,1996-05-01,2006,both,0.0,0.0,0.0,0.0
outlay,Total,Total,1997-03-01,1997,both,0.0,0.0,0.0,0.0
outlay,Total,Total,1997-03-01,1998,both,0.0,0.0,0.0,0.0
outlay,Total,Total,1997-03-01,1999,both,0.0,0.0,0.0,0.0
outlay,Total,Total,1997-03-01,2000,both,0.0,0.0,0.0,0.0
outlay,Total,Total,1997-03-01,2001,both,0.0,0.0,0.0,0.0
outlay,Total,Total,1997-03-01,2002,both,0.0,0.0,0.0,0.0
outlay,Total,Total,1997-03-01,2003,both,0.0,0.0,0.0,0.0
outlay,Total,Total,1997-03-01,2004,both,0.0,0.0,0.0,0.0
outlay,Total,Total,1997-03-01,2005,both,0.0,0.0,0.0,0.0
outlay,Total,Total,1997-03-01,2006,both,0.0,0.0,0.0,0.0
outlay,Total,Total,1997-03-01,2007,both,0.0,0.0,0.0,0.0
outlay,Total,Total,1998-03-01,1998,both,0.0,0.0,0.0,0.0
outlay,Total,Total,1998-03-01,1999,both,0.0,0.0,0.0,0.0
outlay,Total,Total,1998-03-01,2000,both,0.0,0.0,0.0,0.0
outlay,Total,Total,1998-03-01,2001,both,0.0,0.0,0.0,0.0
outlay,Total,Total,1998-03-01,2002,both,0.0,0.0,0.0,0.0
outlay,Total,Total,1998-03-01,2003,both,0.0,0.0,0.0,0.0
outlay,Total,Total,1998-03-01,2004,both,0.0,0.0,0.0,0.0
outlay,Total,Total,1998-03-01,2005,both,0.0,0.0,0.0,0.0
outlay,Total,Total,1998-03-01,2006,both,0.0,0.0,0.0,0.0
outlay,Total,Total,1998-03-01,2007,both,0.0,0.0,0.0,0.0
outlay,Total,Total,1998-03-01,2008,both,0.0,0.0,0.0,0.0
outlay,Total,Total,1999-04-01,1999,both,0.0,0.0,0.0,0.0
outlay,Total,Total,1999-04-01,2000,both,0.0,0.0,0.0,0.0
outlay,Total,Total,1999-04-01,2001,both,0.0,0.0,0.0,0.0
outlay,Total,Total,1999-04-01,2002,both,0.0,0.0,0.0,0.0
outlay,Total,Total,1999-04-01,2003,both,0.0,0.0,0.0,0.0
outlay,Total,Total,1999-04-01,2004,both,0.0,0.0,0.0,0.0
outlay,Total,Total,1999-04-01,2005,both,0.0,0.0,0.0,0.0
outlay,Total,Total,1999-04-01,2006,both,0.0,0.0,0.0,0.0
outlay,Total,Total,1999-04-01,2007,both,0.0,0.0,0.0,0.0
outlay,Total,Total,1999-04-01,2008,both,0.0,0.0,0.0,0.0
outlay,Total,Total,1999-04-01,2009,both,0.0,0.0,0.0,0.0
outlay,Total,Total,2000-04-01,2000,both,0.0,0.0,0.0,0.0
outlay,Total,Total,2000-04-01,2001,both,0.0,0.0,0.0,0.0
outlay,Total,Total,2000-04-01,2002,both,0.0,0.0,0.0,0.0
outlay,Total,Total,2000-04-01,2003,both,0.0,0.0,0.0,0.0
outlay,Total,Total,2000-04-01,2004,both,0.0,0.0,0.0,0.0
outlay,Total,Total,2000-04-01,2005,both,0.0,0.0,0.0,0.0
outlay,Total,Total,2000-04-01,2006,both,0.0,0.0,0.0,0.0
outlay,Total,Total,2000-04-01,2007,both,0.0,0.0,0.0,0.0
outlay,Total,Total,2000-04-01,2008,both,0.0,0.0,0.0,0.0
outlay,Total,Total,2000-04-01,2009,both,0.0,0.0,0.0,0.0
outlay,Total,Total,2000-04-01,2010,both,0.0,0.0,0.0,0.0
outlay,Total,Total,2001-05-01,2001,both,0.0,0.0,0.0,0.0
outlay,Total,Total,2001-05-01,2002,both,0.0,0.0,0.0,0.0
outlay,Total,Total,2001-05-01,2003,both,0.0,0.0,0.0,0.0
outlay,Total,Total,2001-05-01,2004,both,0.0,0.0,0.0,0.0
outlay,Total,Total,2001-05-01,2005,both,0.0,0.0,0.0,0.0
outlay,Total,Total,2001-05-01,2006,both,0.0,0.0,0.0,0.0
outlay,Total,Total,2001-05-01,2007,both,0.0,0.0,0.0,0.0
outlay,Total,Total,2001-05-01,2008,both,0.0,0.0,0.0,0.0
outlay,Total,Total,2001-05-01,2009,both,0.0,0.0,0.0,0.0
outlay,Total,Total,2001-05-01,2010,both,0.0,0.0,0.0,0.0
outlay,Total,Total,2001-05-01,2011,both,0.0,0.0,0.0,0.0
outlay,Total,Total,2002-03-01,2002,both,0.0,0.0,0.0,0.0
outlay,Total,Total,2002-03-01,2003,both,0.0,0.0,0.0,0.0
outlay,Total,Total,2002-03-01,2004,both,0.0,0.0,0.0,0.0
outlay,Total,Total,2002-03-01,2005,both,0.0,0.0,0.0,0.0
outlay,Total,Total,2002-03-01,2006,both,0.0,0.0,0.0,0.0
outlay,Total,Total,2002-03-01,2007,both,0.0,0.0,0.0,0.0
outlay,Total,Total,2002-03-01,2008,both,0.0,0.0,0.0,0.0
outlay,Total,Total,2002-03-01,2009,both,0.0,0.0,0.0,0.0
outlay,Total,Total,2002-03-01,2010,both,0.0,0.0,0.0,0.0
outlay,Total,Total,2002-03-01,2011,both,0.0,0.0,0.0,0.0
outlay,Total,Total,2002-03-01,2012,both,0.0,0.0,0.0,0.0
outlay,Total,Total,2003-03-01,2003,both,0.0,0.0,0.0,0.0
outlay,Total,Total,2003-03-01,2004,both,0.0,0.0,0.0,0.0
outlay,Total,Total,2003-03-01,2005,both,0.0,0.0,0.0,0.0
outlay,Total,Total,2003-03-01,2006,both,0.0,0.0,0.0,0.0
outlay,Total,Total,2003-03-01,2007,both,0.0,0.0,0.0,0.0
outlay,Total,Total,2003-03-01,2008,both,0.0,0.0,0.0,0.0
outlay,Total,Total,2003-03-01,2009,both,0.0,0.0,0.0,0.0
outlay,Total,Total,2003-03-01,2010,both,0.0,0.0,0.0,0.0
outlay,Total,Total,2003-03-01,2011,both,0.0,0.0,0.0,0.0
outlay,Total,Total,2003-03-01,2012,both,0.0,0.0,0.0,0.0
outlay,Total,Total,2003-03-01,2013,both,0.0,0.0,0.0,0.0
outlay,Total,Total,2004-03-01,2004,both,0.0,0.0,0.0,0.0
outlay,Total,Total,2004-03-01,2005,both,0.0,0.0,0.0,0.0
outlay,Total,Total,2004-03-01,2006,both,0.0,0.0,0.0,0.0
outlay,Total,Total,2004-03-01,2007,both,0.0,0.0,0.0,0.0
outlay,Total,Total,2004-03-01,2008,both,0.0,0.0,0.0,0.0
outlay,Total,Total,2004-03-01,2009,both,0.0,0.0,0.0,0.0
outlay,Total,Total,2004-03-01,2010,both,0.0,0.0,0.0,0.0
outlay,Total,Total,2004-03-01,2011,both,0.0,0.0,0.0,0.0
outlay,Total,Total,2004-03-01,2012,both,0.0,0.0,0.0,0.0
outlay,Total,Total,2004-03-01,2013,both,0.0,0.0,0.0,0.0
outlay,Total,Total,2004-03-01,2014,both,0.0,0.0,0.0,0.0
outlay,Total,Total,2005-03-01,2005,both,0.0,0.0,0.0,0.0
outlay,Total,Total,2005-03-01,2006,both,0.0,0.0,0.0,0.0
outlay,Total,Total,2005-03-01,2007,both,0.0,0.0,0.0,0.0
outlay,Total,Total,2005-03-01,2008,both,0.0,0.0,0.0,0.0
outlay,Total,Total,2005-03-01,2009,both,0.0,0.0,0.0,0.0
outlay,Total,Total,2005-03-01,2010,both,0.0,0.0,0.0,0.0
outlay,Total,Total,2005-03-01,2011,both,0.0,0.0,0.0,0.0
outlay,Total,Total,2005-03-01,2012,both,0.0,0.0,0.0,0.0
outlay,Total,Total,2005-03-01,2013,both,0.0,0.0,0.0,0.0
outlay,Total,Total,2005-03-01,2014,both,0.0,0.0,0.0,0.0
outlay,Total,Total,2005-03-01,2015,both,0.0,0.0,0.0,0.0
outlay,Total,Total,2006-03-01,2006,both,0.0,0.0,0.0,0.0
outlay,Total,Total,2006-03-01,2007,both,0.0,0.0,0.0,0.0
outlay,Total,Total,2006-03-01,2008,both,0.0,0.0,0.0,0.0
outlay,Total,Total,2006-03-01,2009,both,0.0,0.0,0.0,0.0
outlay,Total,Total,2006-03-01,2010,both,0.0,0.0,0.0,0.0
outlay,Total,Total,2006-03-01,2011,both,0.0,0.0,0.0,0.0
outlay,Total,Total,2006-03-01,2012,both,0.0,0.0,0.0,0.0
outlay,Total,Total,2006-03-01,2013,both,0.0,0.0,0.0,0.0
outlay,Total,Total,2006-03-01,2014,both,0.0,0.0,0.0,0.0
outlay,Total,Total,2006-03-01,2015,both,0.0,0.0,0.0,0.0
outlay,Total,Total,2006-03-01,2016,both,0.0,0.0,0.0,0.0
outlay,Total,Total,2007-03-01,2007,both,0.0,0.0,0.0,0.0
outlay,Total,Total,2007-03-01,2008,both,0.0,0.0,0.0,0.0
outlay,Total,Total,2007-03-01,2009,both,0.0,0.0,0.0,0.0
outlay,Total,Total,2007-03-01,2010,both,0.0,0.0,0.0,0.0
outlay,Total,Total,2007-03-01,2011,both,0.0,0.0,0.0,0.0
outlay,Total,Total,2007-03-01,2012,both,0.0,0.0,0.0,0.0
outlay,Total,Total,2007-03-01,2013,both,0.0,0.0,0.0,0.0
outlay,Total,Total,2007-03-01,2014,both,0.0,0.0,0.0,0.0
outlay,Total,Total,2007-03-01,2015,both,0.0,0.0,0.0,0.0
outlay,Total,Total,2007-03-01,2016,both,0.0,0.0,0.0,0.0
outlay,Total,Total,2007-03-01,2017,both,0.0,0.0,0.0,0.0
outlay,Total,Total,2008-03-01,2008,both,0.0,0.0,0.0,0.0
outlay,Total,Total,2008-03-01,2009,both,0.0,0.0,0.0,0.0
outlay,Total,Total,2008-03-01,2010,both,0.0,0.0,0.0,0.0
outlay,Total,Total,2008-03-01,2011,both,0.0,0.0,0.0,0.0
outlay,Total,Total,2008-03-01,2012,both,0.0,0.0,0.0,0.0
outlay,Total,Total,2008-03-01,2013,both,0.0,0.0,0.0,0.0
outlay,Total,Total,2008-03-01,2014,both,0.0,0.0,0.0,0.0
outlay,Total,Total,2008-03-01,2015,both,0.0,0.0,0.0,0.0
outlay,Total,Total,2008-03-01,2016,both,0.0,0.0,0.0,0.0
outlay,Total,Total,2008-03-01,2017,both,0.0,0.0,0.0,0.0
outlay,Total,Total,2008-03-01,2018,both,0.0,0.0,0.0,0.0
outlay,Total,Total,2009-03-01,2009,both,0.0,0.0,0.0,0.0
outlay,Total,Total,2009-03-01,2010,both,0.0,0.0,0.0,0.0
outlay,Total,Total,2009-03-01,2011,both,0.0,0.0,0.0,0.0
outlay,Total,Total,2009-03-01,2012,both,0.0,0.0,0.0,0.0
outlay,Total,Total,2009-03-01,2013,both,0.0,0.0,0.0,0.0
outlay,Total,Total,2009-03-01,2014,both,0.0,0.0,0.0,0.0
outlay,Total,Total,2009-03-01,2015,both,0.0,0.0,0.0,0.0
outlay,Total,Total,2009-03-01,2016,both,0.0,0.0,0.0,0.0
outlay,Total,Total,2009-03-01,2017,both,0.0,0.0,0.0,0.0
outlay,Total,Total,2009-03-01,2018,both,0.0,0.0,0.0,0.0
outlay,Total,Total,2009-03-01,2019,both,0.0,0.0,0.0,0.0
outlay,Total,Total,2010-03-01,2010,both,0.0,0.0,0.0,0.0
outlay,Total,Total,2010-03-01,2011,both,0.0,0.0,0.0,0.0
outlay,Total,Total,2010-03-01,2012,both,0.0,0.0,0.0,0.0
outlay,Total,Total,2010-03-01,2013,both,0.0,0.0,0.0,0.0
outlay,Total,Total,2010-03-01,2014,both,0.0,0.0,0.0,0.0
outlay,Total,Total,2010-03-01,2015,both,0.0,0.0,0.0,0.0
outlay,Total,Total,2010-03-01,2016,both,0.0,0.0,0.0,0.0
outlay,Total,Total,2010-03-01,2017,both,0.0,0.0,0.0,0.0
outlay,Total,Total,2010-03-01,2018,both,0.0,0.0,0.0,0.0
outlay,Total,Total,2010-03-01,2019,both,0.0,0.0,0.0,0.0
outlay,Total,Total,2010-03-01,2020,both,0.0,0.0,0.0,0.0
outlay,Total,Total,2011-03-01,2011,both,0.0,0.0,0.0,0.0
outlay,Total,Total,2011-03-01,2012,both,0.0,0.0,0.0,0.0
outlay,Total,Total,2011-03-01,2013,both,0.0,0.0,0.0,0.0
outlay,Total,Total,2011-03-01,2014,both,0.0,0.0,0.0,0.0
outlay,Total,Total,2011-03-01,2015,both,0.0,0.0,0.0,0.0
outlay,Total,Total,2011-03-01,2016,both,0.0,0.0,0.0,0.0
outlay,Total,Total,2011-03-01,2017,both,0.0,0.0,0.0,0.0
outlay,Total,Total,2011-03-01,2018,both,0.0,0.0,0.0,0.0
outlay,Total,Total,2011-03-01,2019,both,0.0,0.0,0.0,0.0
outlay,Total,Total,2011-03-01,2020,both,0.0,0.0,0.0,0.0
outlay,Total,Total,2011-03-01,2021,both,0.0,0.0,0.0,0.0
outlay,Total,Total,2012-03-01,2012,both,0.0,0.0,0.0,0.0
outlay,Total,Total,2012-03-01,2013,both,0.0,0.0,0.0,0.0
outlay,Total,Total,2012-03-01,2014,both,0.0,0.0,0.0,0.0
outlay,Total,Total,2012-03-01,2015,both,0.0,0.0,0.0,0.0
outlay,Total,Total,2012-03-01,2016,both,0.0,0.0,0.0,0.0
outlay,Total,Total,2012-03-01,2017,both,0.0,0.0,0.0,0.0
outlay,Total,Total,2012-03-01,2018,both,0.0,0.0,0.0,0.0
outlay,Total,Total,2012-03-01,2019,both,0.0,0.0,0.0,0.0
outlay,Total,Total,2012-03-01,2020,both,0.0,0.0,0.0,0.0
outlay,Total,Total,2012-03-01,2021,both,0.0,0.0,0.0,0.0
outlay,Total,Total,2012-03-01,2022,both,0.0,0.0,0.0,0.0
outlay,Total,Total,2013-05-01,2013,both,0.0,0.0,0.0,0.0
outlay,Total,Total,2013-05-01,2014,both,0.0,0.0,0.0,0.0
outlay,Total,Total,2013-05-01,2015,both,0.0,0.0,0.0,0.0
outlay,Total,Total,2013-05-01,2016,both,0.0,0.0,0.0,0.0
outlay,Total,Total,2013-05-01,2017,both,0.0,0.0,0.0,0.0
outlay,Total,Total,2013-05-01,2018,both,0.0,0.0,0.0,0.0
outlay,Total,Total,2013-05-01,2019,both,0.0,0.0,0.0,0.0
outlay,Total,Total,2013-05-01,2020,both,0.0,0.0,0.0,0.0
outlay,Total,Total,2013-05-01,2021,both,0.0,0.0,0.0,0.0
outlay,Total,Total,2013-05-01,2022,both,0.0,0.0,0.0,0.0
outlay,Total,Total,2013-05-01,2023,both,0.0,0.0,0.0,0.0
outlay,Total,Total,2014-04-01,2014,both,0.0,0.0,0.0,0.0
outlay,Total,Total,2014-04-01,2015,both,0.0,0.0,0.0,0.0
outlay,Total,Total,2014-04-01,2016,both,0.0,0.0,0.0,0.0
outlay,Total,Total,2014-04-01,2017,both,0.0,0.0,0.0,0.0
outlay,Total,Total,2014-04-01,2018,both,0.0,0.0,0.0,0.0
outlay,Total,Total,2014-04-01,2019,both,0.0,0.0,0.0,0.0
outlay,Total,Total,2014-04-01,2020,both,0.0,0.0,0.0,0.0
outlay,Total,Total,2014-04-01,2021,both,0.0,0.0,0.0,0.0
outlay,Total,Total,2014-04-01,2022,both,0.0,0.0,0.0,0.0
outlay,Total,Total,2014-04-01,2023,both,0.0,0.0,0.0,0.0
outlay,Total,Total,2014-04-01,2024,both,0.0,0.0,0.0,0.0
outlay,Total,Total,2015-03-01,2015,both,0.0,0.0,0.0,0.0
outlay,Total,Total,2015-03-01,2016,both,0.0,0.0,0.0,0.0
outlay,Total,Total,2015-03-01,2017,both,0.0,0.0,0.0,0.0
outlay,Total,Total,2015-03-01,2018,both,0.0,0.0,0.0,0.0
outlay,Total,Total,2015-03-01,2019,both,0.0,0.0,0.0,0.0
outlay,Total,Total,2015-03-01,2020,both,0.0,0.0,0.0,0.0
outlay,Total,Total,2015-03-01,2021,both,0.0,0.0,0.0,0.0
outlay,Total,Total,2015-03-01,2022,both,0.0,0.0,0.0,0.0
outlay,Total,Total,2015-03-01,2023,both,0.0,0.0,0.0,0.0
outlay,Total,Total,2015-03-01,2024,both,0.0,0.0,0.0,0.0
outlay,Total,Total,2015-03-01,2025,both,0.0,0.0,0.0,0.0
outlay,Total,Total,2016-03-01,2016,both,0.0,0.0,0.0,0.0
outlay,Total,Total,2016-03-01,2017,both,0.0,0.0,0.0,0.0
outlay,Total,Total,2016-03-01,2018,both,0.0,0.0,0.0,0.0
outlay,Total,Total,2016-03-01,2019,both,0.0,0.0,0.0,0.0
outlay,Total,Total,2016-03-01,2020,both,0.0,0.0,0.0,0.0
outlay,Total,Total,2016-03-01,2021,both,0.0,0.0,0.0,0.0
outlay,Total,Total,2016-03-01,2022,both,0.0,0.0,0.0,0.0
outlay,Total,Total,2016-03-01,2023,both,0.0,0.0,0.0,0.0
outlay,Total,Total,2016-03-01,2024,both,0.0,0.0,0.0,0.0
outlay,Total,Total,2016-03-01,2025,both,0.0,0.0,0.0,0.0
outlay,Total,Total,2017-06-01,2017,both,0.0,0.0,0.0,0.0
outlay,Total,Total,2017-06-01,2018,both,0.0,0.0,0.0,0.0
outlay,Total,Total,2017-06-01,2019,both,0.0,0.0,0.0,0.0
outlay,Total,Total,2017-06-01,2020,both,0.0,0.0,0.0,0.0
outlay,Total,Total,2017-06-01,2021,both,0.0,0.0,0.0,0.0
outlay,Total,Total,2017-06-01,2022,both,0.0,0.0,0.0,0.0
outlay,Total,Total,2017-06-01,2023,both,0.0,0.0,0.0,0.0
outlay,Total,Total,2017-06-01,2024,both,0.0,0.0,0.0,0.0
outlay,Total,Total,2017-06-01,2025,both,0.0,0.0,0.0,0.0
outlay,Total,Total,2018-05-01,2018,both,0.0,0.0,0.0,0.0
outlay,Total,Total,2018-05-01,2019,both,0.0,0.0,0.0,0.0
outlay,Total,Total,2018-05-01,2020,both,0.0,0.0,0.0,0.0
outlay,Total,Total,2018-05-01,2021,both,0.0,0.0,0.0,0.0
outlay,Total,Total,2018-05-01,2022,both,0.0,0.0,0.0,0.0
outlay,Total,Total,2018-05-01,2023,both,0.0,0.0,0.0,0.0
outlay,Total,Total,2018-05-01,2024,both,0.0,0.0,0.0,0.0
outlay,Total,Total,2018-05-01,2025,both,0.0,0.0,0.0,0.0
outlay,Total,Total,2019-05-01,2019,both,0.0,0.0,0.0,0.0
outlay,Total,Total,2019-05-01,2020,both,0.0,0.0,0.0,0.0
outlay,Total,Total,2019-05-01,2021,both,0.0,0.0,0.0,0.0
outlay,Total,Total,2019-05-01,2022,both,0.0,0.0,0.0,0.0
outlay,Total,Total,2019-05-01,2023,both,0.0,0.0,0.0,0.0
outlay,Total,Total,2019-05-01,2024,both,0.0,0.0,0.0,0.0
outlay,Total,Total,2019-05-01,2025,both,0.0,0.0,0.0,0.0
outlay,Total,Total,2020-03-01,2020,both,0.0,0.0,0.0,0.0
outlay,Total,Total,2020-03-01,2021,both,0.0,0.0,0.0,0.0
outlay,Total,Total,2020-03-01,2022,both,0.0,0.0,0.0,0.0
outlay,Total,Total,2020-03-01,2023,both,0.0,0.0,0.0,0.0
outlay,Total,Total,2020-03-01,2024,both,0.0,0.0,0.0,0.0
outlay,Total,Total,2020-03-01,2025,both,0.0,0.0,0.0,0.0
outlay,Total,Total,2021-07-01,2021,both,0.0,0.0,0.0,0.0
outlay,Total,Total,2021-07-01,2022,both,0.0,0.0,0.0,0.0
outlay,Total,Total,2021-07-01,2023,both,0.0,0.0,0.0,0.0
outlay,Total,Total,2021-07-01,2024,both,0.0,0.0,0.0,0.0
outlay,Total,Total,2021-07-01,2025,both,0.0,0.0,0.0,0.0
outlay,Total,Total,2022-05-01,2022,both,0.0,0.0,0.0,0.0
outlay,Total,Total,2022-05-01,2023,both,0.0,0.0,0.0,0.0
outlay,Total,Total,2022-05-01,2024,both,0.0,0.0,0.0,0.0
outlay,Total,Total,2022-05-01,2025,both,0.0,0.0,0.0,0.0
outlay,Total,Total,2023-05-01,2023,both,0.0,0.0,0.0,0.0
outlay,Total,Total,2023-05-01,2024,both,0.0,0.0,0.0,0.0
outlay,Total,Total,2023-05-01,2025,both,0.0,0.0,0.0,0.0
outlay,Total,Total,2024-06-01,2024,both,0.0,0.0,0.0,0.0
outlay,Total,Total,2024-06-01,2025,both,0.0,0.0,0.0,0.0
outlay,Total,Total,2025-01-01,2025,both,0.0,0.0,0.0,0.0
