component,category,subcategory,baseline_date,projected_fiscal_year,_merge,diff_projection_error,diff_projection_error_pct_GDP,diff_projection_error_pct_actual,max_abs_diff
revenue,Corporate Income Taxes,Corporate Income Taxes,1982-02-01,1982,both,0.0,0.0,0.0,0.0
revenue,Corporate Income Taxes,Corporate Income Taxes,1982-02-01,1983,both,0.0,0.0,0.0,0.0
revenue,Corporate Income Taxes,Corporate Income Taxes,1982-02-01,1984,both,0.0,0.0,0.0,0.0
revenue,Corporate Income Taxes,Corporate Income Taxes,1982-02-01,1985,both,0.0,0.0,0.0,0.0
revenue,Corporate Income Taxes,Corporate Income Taxes,1982-02-01,1986,both,0.0,0.0,0.0,0.0
revenue,Corporate Income Taxes,Corporate Income Taxes,1982-02-01,1987,both,0.0,0.0,0.0,0.0
revenue,Corporate Income Taxes,Corporate Income Taxes,1983-02-01,1983,both,0.0,0.0,0.0,0.0
revenue,Corporate Income Taxes,Corporate Income Taxes,1983-02-01,1984,both,0.0,0.0,0.0,0.0
revenue,Corporate Income Taxes,Corporate Income Taxes,1983-02-01,1985,both,0.0,0.0,0.0,0.0
revenue,Corporate Income Taxes,Corporate Income Taxes,1983-02-01,1986,both,0.0,0.0,0.0,0.0
revenue,Corporate Income Taxes,Corporate Income Taxes,1983-02-01,1987,both,0.0,0.0,0.0,0.0
revenue,Corporate Income Taxes,Corporate Income Taxes,1983-02-01,1988,both,0.0,0.0,0.0,0.0
revenue,Corporate Income Taxes,Corporate Income Taxes,1984-02-01,1984,both,0.0,0.0,0.0,0.0
revenue,Corporate Income Taxes,Corporate Income Taxes,1984-02-01,1985,both,0.0,0.0,0.0,0.0
revenue,Corporate Income Taxes,Corporate Income Taxes,1984-02-01,1986,both,0.0,0.0,0.0,0.0
revenue,Corporate Income Taxes,Corporate Income Taxes,1984-02-01,1987,both,0.0,0.0,0.0,0.0
revenue,Corporate Income Taxes,Corporate Income Taxes,1984-02-01,1988,both,0.0,0.0,0.0,0.0
revenue,Corporate Income Taxes,Corporate Income Taxes,1984-02-01,1989,both,0.0,0.0,0.0,0.0
revenue,Corporate Income Taxes,Corporate Income Taxes,1985-02-01,1985,both,0.0,0.0,0.0,0.0
revenue,Corporate Income Taxes,Corporate Income Taxes,1985-02-01,1986,both,0.0,0.0,0.0,0.0
revenue,Corporate Income Taxes,Corporate Income Taxes,1985-02-01,1987,both,0.0,0.0,0.0,0.0
revenue,Corporate Income Taxes,Corporate Income Taxes,1985-02-01,1988,both,0.0,0.0,0.0,0.0
revenue,Corporate Income Taxes,Corporate Income Taxes,1985-02-01,1989,both,0.0,0.0,0.0,0.0
revenue,Corporate Income Taxes,Corporate Income Taxes,1985-02-01,1990,both,0.0,0.0,0.0,0.0
revenue,Corporate Income Taxes,Corporate Income Taxes,1986-02-01,1986,both,0.0,0.0,0.0,0.0
revenue,Corporate Income Taxes,Corporate Income Taxes,1986-02-01,1987,both,0.0,0.0,0.0,0.0
revenue,Corporate Income Taxes,Corporate Income Taxes,1986-02-01,1988,both,0.0,0.0,0.0,0.0
revenue,Corporate Income Taxes,Corporate Income Taxes,1986-02-01,1989,both,0.0,0.0,0.0,0.0
revenue,Corporate Income Taxes,Corporate Income Taxes,1986-02-01,1990,both,0.0,0.0,0.0,0.0
revenue,Corporate Income Taxes,Corporate Income Taxes,1986-02-01,1991,both,0.0,0.0,0.0,0.0
revenue,Corporate Income Taxes,Corporate Income Taxes,1987-01-01,1987,both,0.0,0.0,0.0,0.0
revenue,Corporate Income Taxes,Corporate Income Taxes,1987-01-01,1988,both,0.0,0.0,0.0,0.0
revenue,Corporate Income Taxes,Corporate Income Taxes,1987-01-01,1989,both,0.0,0.0,0.0,0.0
revenue,Corporate Income Taxes,Corporate Income Taxes,1987-01-01,1990,both,0.0,0.0,0.0,0.0
revenue,Corporate Income Taxes,Corporate Income Taxes,1987-01-01,1991,both,0.0,0.0,0.0,0.0
revenue,Corporate Income Taxes,Corporate Income Taxes,1987-01-01,1992,both,0.0,0.0,0.0,0.0
revenue,Corporate Income Taxes,Corporate Income Taxes,1988-02-01,1988,both,0.0,0.0,0.0,0.0
revenue,Corporate Income Taxes,Corporate Income Taxes,1988-02-01,1989,both,0.0,0.0,0.0,0.0
revenue,Corporate Income Taxes,Corporate Income Taxes,1988-02-01,1990,both,0.0,0.0,0.0,0.0
revenue,Corporate Income Taxes,Corporate Income Taxes,1988-02-01,1991,both,0.0,0.0,0.0,0.0
revenue,Corporate Income Taxes,Corporate Income Taxes,1988-02-01,1992,both,0.0,0.0,0.0,0.0
revenue,Corporate Income Taxes,Corporate Income Taxes,1988-02-01,1993,both,0.0,0.0,0.0,0.0
revenue,Corporate Income Taxes,Corporate Income Taxes,1989-01-01,1989,both,0.0,0.0,0.0,0.0
revenue,Corporate Income Taxes,Corporate Income Taxes,1989-01-01,1990,both,0.0,0.0,0.0,0.0
revenue,Corporate Income Taxes,Corporate Income Taxes,1989-01-01,1991,both,0.0,0.0,0.0,0.0
revenue,Corporate Income Taxes,Corporate Income Taxes,1989-01-01,1992,both,0.0,0.0,0.0,0.0
revenue,Corporate Income Taxes,Corporate Income Taxes,1989-01-01,1993,both,0.0,0.0,0.0,0.0
revenue,Corporate Income Taxes,Corporate Income Taxes,1989-01-01,1994,both,0.0,0.0,0.0,0.0
revenue,Corporate Income Taxes,Corporate Income Taxes,1990-01-01,1990,both,0.0,0.0,0.0,0.0
revenue,Corporate Income Taxes,Corporate Income Taxes,1990-01-01,1991,both,0.0,0.0,0.0,0.0
revenue,Corporate Income Taxes,Corporate Income Taxes,1990-01-01,1992,both,0.0,0.0,0.0,0.0
revenue,Corporate Income Taxes,Corporate Income Taxes,1990-01-01,1993,both,0.0,0.0,0.0,0.0
revenue,Corporate Income Taxes,Corporate Income Taxes,1990-01-01,1994,both,0.0,0.0,0.0,0.0
revenue,Corporate Income Taxes,Corporate Income Taxes,1990-01-01,1995,both,0.0,0.0,0.0,0.0
revenue,Corporate Income Taxes,Corporate Income Taxes,1991-01-01,1991,both,0.0,0.0,0.0,0.0
revenue,Corporate Income Taxes,Corporate Income Taxes,1991-01-01,1992,both,0.0,0.0,0.0,0.0
revenue,Corporate Income Taxes,Corporate Income Taxes,1991-01-01,1993,both,0.0,0.0,0.0,0.0
revenue,Corporate Income Taxes,Corporate Income Taxes,1991-01-01,1994,both,0.0,0.0,0.0,0.0
revenue,Corporate Income Taxes,Corporate Income Taxes,1991-01-01,1995,both,0.0,0.0,0.0,0.0
revenue,Corporate Income Taxes,Corporate Income Taxes,1991-01-01,1996,both,0.0,0.0,0.0,0.0
revenue,Corporate Income Taxes,Corporate Income Taxes,1992-01-01,1992,both,0.0,0.0,0.0,0.0
revenue,Corporate Income Taxes,Corporate Income Taxes,1992-01-01,1993,both,0.0,0.0,0.0,0.0
revenue,Corporate Income Taxes,Corporate Income Taxes,1992-01-01,1994,both,0.0,0.0,0.0,0.0
revenue,Corporate Income Taxes,Corporate Income Taxes,1992-01-01,1995,both,0.0,0.0,0.0,0.0
revenue,Corporate Income Taxes,Corporate Income Taxes,1992-01-01,1996,both,0.0,0.0,0.0,0.0
revenue,Corporate Income Taxes,Corporate Income Taxes,1992-01-01,1997,both,0.0,0.0,0.0,0.0
revenue,Corporate Income Taxes,Corporate Income Taxes,1992-01-01,1998,both,0.0,0.0,0.0,0.0
revenue,Corporate Income Taxes,Corporate Income Taxes,1992-01-01,1999,both,0.0,0.0,0.0,0.0
revenue,Corporate Income Taxes,Corporate Income Taxes,1992-01-01,2000,both,0.0,0.0,0.0,0.0
revenue,Corporate Income Taxes,Corporate Income Taxes,1992-01-01,2001,both,0.0,0.0,0.0,0.0
revenue,Corporate Income Taxes,Corporate Income Taxes,1992-01-01,2002,both,0.0,0.0,0.0,0.0
revenue,Corporate Income Taxes,Corporate Income Taxes,1992-03-01,1992,both,0.0,0.0,0.0,0.0
revenue,Corporate Income Taxes,Corporate Income Taxes,1992-03-01,1993,both,0.0,0.0,0.0,0.0
revenue,Corporate Income Taxes,Corporate Income Taxes,1992-03-01,1994,both,0.0,0.0,0.0,0.0
revenue,Corporate Income Taxes,Corporate Income Taxes,1992-03-01,1995,both,0.0,0.0,0.0,0.0
revenue,Corporate Income Taxes,Corporate Income Taxes,1992-03-01,1996,both,0.0,0.0,0.0,0.0
revenue,Corporate Income Taxes,Corporate Income Taxes,1992-03-01,1997,both,0.0,0.0,0.0,0.0
revenue,Corporate Income Taxes,Corporate Income Taxes,1993-01-01,1993,both,0.0,0.0,0.0,0.0
revenue,Corporate Income Taxes,Corporate Income Taxes,1993-01-01,1994,both,0.0,0.0,0.0,0.0
revenue,Corporate Income Taxes,Corporate Income Taxes,1993-01-01,1995,both,0.0,0.0,0.0,0.0
revenue,Corporate Income Taxes,Corporate Income Taxes,1993-01-01,1996,both,0.0,0.0,0.0,0.0
revenue,Corporate Income Taxes,Corporate Income Taxes,1993-01-01,1997,both,0.0,0.0,0.0,0.0
revenue,Corporate Income Taxes,Corporate Income Taxes,1993-01-01,1998,both,0.0,0.0,0.0,0.0
revenue,Corporate Income Taxes,Corporate Income Taxes,1993-01-01,1999,both,0.0,0.0,0.0,0.0
revenue,Corporate Income Taxes,Corporate Income Taxes,1993-01-01,2000,both,0.0,0.0,0.0,0.0
revenue,Corporate Income Taxes,Corporate Income Taxes,1993-01-01,2001,both,0.0,0.0,0.0,0.0
revenue,Corporate Income Taxes,Corporate Income Taxes,1993-01-01,2002,both,0.0,0.0,0.0,0.0
revenue,Corporate Income Taxes,Corporate Income Taxes,1993-01-01,2003,both,0.0,0.0,0.0,0.0
revenue,Corporate Income Taxes,Corporate Income Taxes,1993-03-01,1993,both,0.0,0.0,0.0,0.0
revenue,Corporate Income Taxes,Corporate Income Taxes,1993-03-01,1994,both,0.0,0.0,0.0,0.0
revenue,Corporate Income Taxes,Corporate Income Taxes,1993-03-01,1995,both,0.0,0.0,0.0,0.0
revenue,Corporate Income Taxes,Corporate Income Taxes,1993-03-01,1996,both,0.0,0.0,0.0,0.0
revenue,Corporate Income Taxes,Corporate Income Taxes,1993-03-01,1997,both,0.0,0.0,0.0,0.0
revenue,Corporate Income Taxes,Corporate Income Taxes,1993-03-01,1998,both,0.0,0.0,0.0,0.0
revenue,Corporate Income Taxes,Corporate Income Taxes,1993-03-01,1999,both,0.0,0.0,0.0,0.0
revenue,Corporate Income Taxes,Corporate Income Taxes,1993-03-01,2000,both,0.0,0.0,0.0,0.0
revenue,Corporate Income Taxes,Corporate Income Taxes,1993-03-01,2001,both,0.0,0.0,0.0,0.0
revenue,Corporate Income Taxes,Corporate Income Taxes,1993-03-01,2002,both,0.0,0.0,0.0,0.0
revenue,Corporate Income Taxes,Corporate Income Taxes,1993-03-01,2003,both,0.0,0.0,0.0,0.0
revenue,Corporate Income Taxes,Corporate Income Taxes,1994-01-01,1994,both,0.0,0.0,0.0,0.0
revenue,Corporate Income Taxes,Corporate Income Taxes,1994-01-01,1995,both,0.0,0.0,0.0,0.0
revenue,Corporate Income Taxes,Corporate Income Taxes,1994-01-01,1996,both,0.0,0.0,0.0,0.0
revenue,Corporate Income Taxes,Corporate Income Taxes,1994-01-01,1997,both,0.0,0.0,0.0,0.0
revenue,Corporate Income Taxes,Corporate Income Taxes,1994-01-01,1998,both,0.0,0.0,0.0,0.0
revenue,Corporate Income Taxes,Corporate Income Taxes,1994-01-01,1999,both,0.0,0.0,0.0,0.0
revenue,Corporate Income Taxes,Corporate Income Taxes,1994-01-01,2000,both,0.0,0.0,0.0,0.0
revenue,Corporate Income Taxes,Corporate Income Taxes,1994-01-01,2001,both,0.0,0.0,0.0,0.0
revenue,Corporate Income Taxes,Corporate Income Taxes,1994-01-01,2002,both,0.0,0.0,0.0,0.0
revenue,Corporate Income Taxes,Corporate Income Taxes,1994-01-01,2003,both,0.0,0.0,0.0,0.0
revenue,Corporate Income Taxes,Corporate Income Taxes,1994-01-01,2004,both,0.0,0.0,0.0,0.0
revenue,Corporate Income Taxes,Corporate Income Taxes,1995-01-01,1995,both,0.0,0.0,0.0,0.0
revenue,Corporate Income Taxes,Corporate Income Taxes,1995-01-01,1996,both,0.0,0.0,0.0,0.0
revenue,Corporate Income Taxes,Corporate Income Taxes,1995-01-01,1997,both,0.0,0.0,0.0,0.0
revenue,Corporate Income Taxes,Corporate Income Taxes,1995-01-01,1998,both,0.0,0.0,0.0,0.0
revenue,Corporate Income Taxes,Corporate Income Taxes,1995-01-01,1999,both,0.0,0.0,0.0,0.0
revenue,Corporate Income Taxes,Corporate Income Taxes,1995-01-01,2000,both,0.0,0.0,0.0,0.0
revenue,Corporate Income Taxes,Corporate Income Taxes,1995-01-01,2001,both,0.0,0.0,0.0,0.0
revenue,Corporate Income Taxes,Corporate Income Taxes,1995-01-01,2002,both,0.0,0.0,0.0,0.0
revenue,Corporate Income Taxes,Corporate Income Taxes,1995-01-01,2003,both,0.0,0.0,0.0,0.0
revenue,Corporate Income Taxes,Corporate Income Taxes,1995-01-01,2004,both,0.0,0.0,0.0,0.0
revenue,Corporate Income Taxes,Corporate Income Taxes,1995-01-01,2005,both,0.0,0.0,0.0,0.0
revenue,Corporate Income Taxes,Corporate Income Taxes,1996-05-01,1996,both,0.0,0.0,0.0,0.0
revenue,Corporate Income Taxes,Corporate Income Taxes,1996-05-01,1997,both,0.0,0.0,0.0,0.0
revenue,Corporate Income Taxes,Corporate Income Taxes,1996-05-01,1998,both,0.0,0.0,0.0,0.0
revenue,Corporate Income Taxes,Corporate Income Taxes,1996-05-01,1999,both,0.0,0.0,0.0,0.0
revenue,Corporate Income Taxes,Corporate Income Taxes,1996-05-01,2000,both,0.0,0.0,0.0,0.0
revenue,Corporate Income Taxes,Corporate Income Taxes,1996-05-01,2001,both,0.0,0.0,0.0,0.0
revenue,Corporate Income Taxes,Corporate Income Taxes,1996-05-01,2002,both,0.0,0.0,0.0,0.0
revenue,Corporate Income Taxes,Corporate Income Taxes,1996-05-01,2003,both,0.0,0.0,0.0,0.0
revenue,Corporate Income Taxes,Corporate Income Taxes,1996-05-01,2004,both,0.0,0.0,0.0,0.0
revenue,Corporate Income Taxes,Corporate Income Taxes,1996-05-01,2005,both,0.0,0.0,0.0,0.0
revenue,Corporate Income Taxes,Corporate Income Taxes,1996-05-01,2006,both,0.0,0.0,0.0,0.0
revenue,Corporate Income Taxes,Corporate Income Taxes,1997-01-01,1997,both,0.0,0.0,0.0,0.0
revenue,Corporate Income Taxes,Corporate Income Taxes,1997-01-01,1998,both,0.0,0.0,0.0,0.0
revenue,Corporate Income Taxes,Corporate Income Taxes,1997-01-01,1999,both,0.0,0.0,0.0,0.0
revenue,Corporate Income Taxes,Corporate Income Taxes,1997-01-01,2000,both,0.0,0.0,0.0,0.0
revenue,Corporate Income Taxes,Corporate Income Taxes,1997-01-01,2001,both,0.0,0.0,0.0,0.0
revenue,Corporate Income Taxes,Corporate Income Taxes,1997-01-01,2002,both,0.0,0.0,0.0,0.0
revenue,Corporate Income Taxes,Corporate Income Taxes,1997-01-01,2003,both,0.0,0.0,0.0,0.0
revenue,Corporate Income Taxes,Corporate Income Taxes,1997-01-01,2004,both,0.0,0.0,0.0,0.0
revenue,Corporate Income Taxes,Corporate Income Taxes,1997-01-01,2005,both,0.0,0.0,0.0,0.0
revenue,Corporate Income Taxes,Corporate Income Taxes,1997-01-01,2006,both,0.0,0.0,0.0,0.0
revenue,Corporate Income Taxes,Corporate Income Taxes,1997-01-01,2007,both,0.0,0.0,0.0,0.0
revenue,Corporate Income Taxes,Corporate Income Taxes,1997-03-01,1997,both,0.0,0.0,0.0,0.0
revenue,Corporate Income Taxes,Corporate Income Taxes,1997-03-01,1998,both,0.0,0.0,0.0,0.0
revenue,Corporate Income Taxes,Corporate Income Taxes,1997-03-01,1999,both,0.0,0.0,0.0,0.0
revenue,Corporate Income Taxes,Corporate Income Taxes,1997-03-01,2000,both,0.0,0.0,0.0,0.0
revenue,Corporate Income Taxes,Corporate Income Taxes,1997-03-01,2001,both,0.0,0.0,0.0,0.0
revenue,Corporate Income Taxes,Corporate Income Taxes,1997-03-01,2002,both,0.0,0.0,0.0,0.0
revenue,Corporate Income Taxes,Corporate Income Taxes,1997-03-01,2003,both,0.0,0.0,0.0,0.0
revenue,Corporate Income Taxes,Corporate Income Taxes,1997-03-01,2004,both,0.0,0.0,0.0,0.0
revenue,Corporate Income Taxes,Corporate Income Taxes,1997-03-01,2005,both,0.0,0.0,0.0,0.0
revenue,Corporate Income Taxes,Corporate Income Taxes,1997-03-01,2006,both,0.0,0.0,0.0,0.0
revenue,Corporate Income Taxes,Corporate Income Taxes,1997-03-01,2007,both,0.0,0.0,0.0,0.0
revenue,Corporate Income Taxes,Corporate Income Taxes,1998-01-01,1998,both,0.0,0.0,0.0,0.0
revenue,Corporate Income Taxes,Corporate Income Taxes,1998-01-01,1999,both,0.0,0.0,0.0,0.0
revenue,Corporate Income Taxes,Corporate Income Taxes,1998-01-01,2000,both,0.0,0.0,0.0,0.0
revenue,Corporate Income Taxes,Corporate Income Taxes,1998-01-01,2001,both,0.0,0.0,0.0,0.0
revenue,Corporate Income Taxes,Corporate Income Taxes,1998-01-01,2002,both,0.0,0.0,0.0,0.0
revenue,Corporate Income Taxes,Corporate Income Taxes,1998-01-01,2003,both,0.0,0.0,0.0,0.0
revenue,Corporate Income Taxes,Corporate Income Taxes,1998-01-01,2004,both,0.0,0.0,0.0,0.0
revenue,Corporate Income Taxes,Corporate Income Taxes,1998-01-01,2005,both,0.0,0.0,0.0,0.0
revenue,Corporate Income Taxes,Corporate Income Taxes,1998-01-01,2006,both,0.0,0.0,0.0,0.0
revenue,Corporate Income Taxes,Corporate Income Taxes,1998-01-01,2007,both,0.0,0.0,0.0,0.0
revenue,Corporate Income Taxes,Corporate Income Taxes,1998-01-01,2008,both,0.0,0.0,0.0,0.0
revenue,Corporate Income Taxes,Corporate Income Taxes,1998-03-01,1998,both,0.0,0.0,0.0,0.0
revenue,Corporate Income Taxes,Corporate Income Taxes,1998-03-01,1999,both,0.0,0.0,0.0,0.0
revenue,Corporate Income Taxes,Corporate Income Taxes,1998-03-01,2000,both,0.0,0.0,0.0,0.0
revenue,Corporate Income Taxes,Corporate Income Taxes,1998-03-01,2001,both,0.0,0.0,0.0,0.0
revenue,Corporate Income Taxes,Corporate Income Taxes,1998-03-01,2002,both,0.0,0.0,0.0,0.0
revenue,Corporate Income Taxes,Corporate Income Taxes,1998-03-01,2003,both,0.0,0.0,0.0,0.0
revenue,Corporate Income Taxes,Corporate Income Taxes,1998-03-01,2004,both,0.0,0.0,0.0,0.0
revenue,Corporate Income Taxes,Corporate Income Taxes,1998-03-01,2005,both,0.0,0.0,0.0,0.0
revenue,Corporate Income Taxes,Corporate Income Taxes,1998-03-01,2006,both,0.0,0.0,0.0,0.0
revenue,Corporate Income Taxes,Corporate Income Taxes,1998-03-01,2007,both,0.0,0.0,0.0,0.0
revenue,Corporate Income Taxes,Corporate Income Taxes,1998-03-01,2008,both,0.0,0.0,0.0,0.0
revenue,Corporate Income Taxes,Corporate Income Taxes,1999-01-01,1999,both,0.0,0.0,0.0,0.0
revenue,Corporate Income Taxes,Corporate Income Taxes,1999-01-01,2000,both,0.0,0.0,0.0,0.0
revenue,Corporate Income Taxes,Corporate Income Taxes,1999-01-01,2001,both,0.0,0.0,0.0,0.0
revenue,Corporate Income Taxes,Corporate Income Taxes,1999-01-01,2002,both,0.0,0.0,0.0,0.0
revenue,Corporate Income Taxes,Corporate Income Taxes,1999-01-01,2003,both,0.0,0.0,0.0,0.0
revenue,Corporate Income Taxes,Corporate Income Taxes,1999-01-01,2004,both,0.0,0.0,0.0,0.0
revenue,Corporate Income Taxes,Corporate Income Taxes,1999-01-01,2005,both,0.0,0.0,0.0,0.0
revenue,Corporate Income Taxes,Corporate Income Taxes,1999-01-01,2006,both,0.0,0.0,0.0,0.0
revenue,Corporate Income Taxes,Corporate Income Taxes,1999-01-01,2007,both,0.0,0.0,0.0,0.0
revenue,Corporate Income Taxes,Corporate Income Taxes,1999-01-01,2008,both,0.0,0.0,0.0,0.0
revenue,Corporate Income Taxes,Corporate Income Taxes,1999-01-01,2009,both,0.0,0.0,0.0,0.0
revenue,Corporate Income Taxes,Corporate Income Taxes,2000-01-01,2000,both,0.0,0.0,0.0,0.0
revenue,Corporate Income Taxes,Corporate Income Taxes,2000-01-01,2001,both,0.0,0.0,0.0,0.0
revenue,Corporate Income Taxes,Corporate Income Taxes,2000-01-01,2002,both,0.0,0.0,0.0,0.0
revenue,Corporate Income Taxes,Corporate Income Taxes,2000-01-01,2003,both,0.0,0.0,0.0,0.0
revenue,Corporate Income Taxes,Corporate Income Taxes,2000-01-01,2004,both,0.0,0.0,0.0,0.0
revenue,Corporate Income Taxes,Corporate Income Taxes,2000-01-01,2005,both,0.0,0.0,0.0,0.0
revenue,Corporate Income Taxes,Corporate Income Taxes,2000-01-01,2006,both,0.0,0.0,0.0,0.0
revenue,Corporate Income Taxes,Corporate Income Taxes,2000-01-01,2007,both,0.0,0.0,0.0,0.0
revenue,Corporate Income Taxes,Corporate Income Taxes,2000-01-01,2008,both,0.0,0.0,0.0,0.0
revenue,Corporate Income Taxes,Corporate Income Taxes,2000-01-01,2009,both,0.0,0.0,0.0,0.0
revenue,Corporate Income Taxes,Corporate Income Taxes,2000-01-01,2010,both,0.0,0.0,0.0,0.0
revenue,Corporate Income Taxes,Corporate Income Taxes,2001-01-01,2001,both,0.0,0.0,0.0,0.0
revenue,Corporate Income Taxes,Corporate Income Taxes,2001-01-01,2002,both,0.0,0.0,0.0,0.0
revenue,Corporate Income Taxes,Corporate Income Taxes,2001-01-01,2003,both,0.0,0.0,0.0,0.0
revenue,Corporate Income Taxes,Corporate Income Taxes,2001-01-01,2004,both,0.0,0.0,0.0,0.0
revenue,Corporate Income Taxes,Corporate Income Taxes,2001-01-01,2005,both,0.0,0.0,0.0,0.0
revenue,Corporate Income Taxes,Corporate Income Taxes,2001-01-01,2006,both,0.0,0.0,0.0,0.0
revenue,Corporate Income Taxes,Corporate Income Taxes,2001-01-01,2007,both,0.0,0.0,0.0,0.0
revenue,Corporate Income Taxes,Corporate Income Taxes,2001-01-01,2008,both,0.0,0.0,0.0,0.0
revenue,Corporate Income Taxes,Corporate Income Taxes,2001-01-01,2009,both,0.0,0.0,0.0,0.0
revenue,Corporate Income Taxes,Corporate Income Taxes,2001-01-01,2010,both,0.0,0.0,0.0,0.0
revenue,Corporate Income Taxes,Corporate Income Taxes,2001-01-01,2011,both,0.0,0.0,0.0,0.0
revenue,Corporate Income Taxes,Corporate Income Taxes,2001-05-01,2001,both,0.0,0.0,0.0,0.0
revenue,Corporate Income Taxes,Corporate Income Taxes,2001-05-01,2002,both,0.0,0.0,0.0,0.0
revenue,Corporate Income Taxes,Corporate Income Taxes,2001-05-01,2003,both,0.0,0.0,0.0,0.0
revenue,Corporate Income Taxes,Corporate Income Taxes,2001-05-01,2004,both,0.0,0.0,0.0,0.0
revenue,Corporate Income Taxes,Corporate Income Taxes,2001-05-01,2005,both,0.0,0.0,0.0,0.0
revenue,Corporate Income Taxes,Corporate Income Taxes,2001-05-01,2006,both,0.0,0.0,0.0,0.0
revenue,Corporate Income Taxes,Corporate Income Taxes,2001-05-01,2007,both,0.0,0.0,0.0,0.0
revenue,Corporate Income Taxes,Corporate Income Taxes,2001-05-01,2008,both,0.0,0.0,0.0,0.0
revenue,Corporate Income Taxes,Corporate Income Taxes,2001-05-01,2009,both,0.0,0.0,0.0,0.0
revenue,Corporate Income Taxes,Corporate Income Taxes,2001-05-01,2010,both,0.0,0.0,0.0,0.0
revenue,Corporate Income Taxes,Corporate Income Taxes,2001-05-01,2011,both,0.0,0.0,0.0,0.0
revenue,Corporate Income Taxes,Corporate Income Taxes,2002-01-01,2002,both,0.0,0.0,0.0,0.0
revenue,Corporate Income Taxes,Corporate Income Taxes,2002-01-01,2003,both,0.0,0.0,0.0,0.0
revenue,Corporate Income Taxes,Corporate Income Taxes,2002-01-01,2004,both,0.0,0.0,0.0,0.0
revenue,Corporate Income Taxes,Corporate Income Taxes,2002-01-01,2005,both,0.0,0.0,0.0,0.0
revenue,Corporate Income Taxes,Corporate Income Taxes,2002-01-01,2006,both,0.0,0.0,0.0,0.0
revenue,Corporate Income Taxes,Corporate Income Taxes,2002-01-01,2007,both,0.0,0.0,0.0,0.0
revenue,Corporate Income Taxes,Corporate Income Taxes,2002-01-01,2008,both,0.0,0.0,0.0,0.0
revenue,Corporate Income Taxes,Corporate Income Taxes,2002-01-01,2009,both,0.0,0.0,0.0,0.0
revenue,Corporate Income Taxes,Corporate Income Taxes,2002-01-01,2010,both,0.0,0.0,0.0,0.0
revenue,Corporate Income Taxes,Corporate Income Taxes,2002-01-01,2011,both,0.0,0.0,0.0,0.0
revenue,Corporate Income Taxes,Corporate Income Taxes,2002-01-01,2012,both,0.0,0.0,0.0,0.0
revenue,Corporate Income Taxes,Corporate Income Taxes,2002-03-01,2002,both,0.0,0.0,0.0,0.0
revenue,Corporate Income Taxes,Corporate Income Taxes,2002-03-01,2003,both,0.0,0.0,0.0,0.0
revenue,Corporate Income Taxes,Corporate Income Taxes,2002-03-01,2004,both,0.0,0.0,0.0,0.0
revenue,Corporate Income Taxes,Corporate Income Taxes,2002-03-01,2005,both,0.0,0.0,0.0,0.0
revenue,Corporate Income Taxes,Corporate Income Taxes,2002-03-01,2006,both,0.0,0.0,0.0,0.0
revenue,Corporate Income Taxes,Corporate Income Taxes,2002-03-01,2007,both,0.0,0.0,0.0,0.0
revenue,Corporate Income Taxes,Corporate Income Taxes,2002-03-01,2008,both,0.0,0.0,0.0,0.0
revenue,Corporate Income Taxes,Corporate Income Taxes,2002-03-01,2009,both,0.0,0.0,0.0,0.0
revenue,Corporate Income Taxes,Corporate Income Taxes,2002-03-01,2010,both,0.0,0.0,0.0,0.0
revenue,Corporate Income Taxes,Corporate Income Taxes,2002-03-01,2011,both,0.0,0.0,0.0,0.0
revenue,Corporate Income Taxes,Corporate Income Taxes,2002-03-01,2012,both,0.0,0.0,0.0,0.0
revenue,Corporate Income Taxes,Corporate Income Taxes,2003-01-01,2003,both,0.0,0.0,0.0,0.0
revenue,Corporate Income Taxes,Corporate Income Taxes,2003-01-01,2004,both,0.0,0.0,0.0,0.0
revenue,Corporate Income Taxes,Corporate Income Taxes,2003-01-01,2005,both,0.0,0.0,0.0,0.0
revenue,Corporate Income Taxes,Corporate Income Taxes,2003-01-01,2006,both,0.0,0.0,0.0,0.0
revenue,Corporate Income Taxes,Corporate Income Taxes,2003-01-01,2007,both,0.0,0.0,0.0,0.0
revenue,Corporate Income Taxes,Corporate Income Taxes,2003-01-01,2008,both,0.0,0.0,0.0,0.0
revenue,Corporate Income Taxes,Corporate Income Taxes,2003-01-01,2009,both,0.0,0.0,0.0,0.0
revenue,Corporate Income Taxes,Corporate Income Taxes,2003-01-01,2010,both,0.0,0.0,0.0,0.0
revenue,Corporate Income Taxes,Corporate Income Taxes,2003-01-01,2011,both,0.0,0.0,0.0,0.0
revenue,Corporate Income Taxes,Corporate Income Taxes,2003-01-01,2012,both,0.0,0.0,0.0,0.0
revenue,Corporate Income Taxes,Corporate Income Taxes,2003-01-01,2013,both,0.0,0.0,0.0,0.0
revenue,Corporate Income Taxes,Corporate Income Taxes,2003-03-01,2003,both,0.0,0.0,0.0,0.0
revenue,Corporate Income Taxes,Corporate Income Taxes,2003-03-01,2004,both,0.0,0.0,0.0,0.0
revenue,Corporate Income Taxes,Corporate Income Taxes,2003-03-01,2005,both,0.0,0.0,0.0,0.0
revenue,Corporate Income Taxes,Corporate Income Taxes,2003-03-01,2006,both,0.0,0.0,0.0,0.0
revenue,Corporate Income Taxes,Corporate Income Taxes,2003-03-01,2007,both,0.0,0.0,0.0,0.0
revenue,Corporate Income Taxes,Corporate Income Taxes,2003-03-01,2008,both,0.0,0.0,0.0,0.0
revenue,Corporate Income Taxes,Corporate Income Taxes,2003-03-01,2009,both,0.0,0.0,0.0,0.0
revenue,Corporate Income Taxes,Corporate Income Taxes,2003-03-01,2010,both,0.0,0.0,0.0,0.0
revenue,Corporate Income Taxes,Corporate Income Taxes,2003-03-01,2011,both,0.0,0.0,0.0,0.0
revenue,Corporate Income Taxes,Corporate Income Taxes,2003-03-01,2012,both,0.0,0.0,0.0,0.0
revenue,Corporate Income Taxes,Corporate Income Taxes,2003-03-01,2013,both,0.0,0.0,0.0,0.0
revenue,Corporate Income Taxes,Corporate Income Taxes,2004-01-01,2004,both,0.0,0.0,0.0,0.0
revenue,Corporate Income Taxes,Corporate Income Taxes,2004-01-01,2005,both,0.0,0.0,0.0,0.0
revenue,Corporate Income Taxes,Corporate Income Taxes,2004-01-01,2006,both,0.0,0.0,0.0,0.0
revenue,Corporate Income Taxes,Corporate Income Taxes,2004-01-01,2007,both,0.0,0.0,0.0,0.0
revenue,Corporate Income Taxes,Corporate Income Taxes,2004-01-01,2008,both,0.0,0.0,0.0,0.0
revenue,Corporate Income Taxes,Corporate Income Taxes,2004-01-01,2009,both,0.0,0.0,0.0,0.0
revenue,Corporate Income Taxes,Corporate Income Taxes,2004-01-01,2010,both,0.0,0.0,0.0,0.0
revenue,Corporate Income Taxes,Corporate Income Taxes,2004-01-01,2011,both,0.0,0.0,0.0,0.0
revenue,Corporate Income Taxes,Corporate Income Taxes,2004-01-01,2012,both,0.0,0.0,0.0,0.0
revenue,Corporate Income Taxes,Corporate Income Taxes,2004-01-01,2013,both,0.0,0.0,0.0,0.0
revenue,Corporate Income Taxes,Corporate Income Taxes,2004-01-01,2014,both,0.0,0.0,0.0,0.0
revenue,Corporate Income Taxes,Corporate Income Taxes,2004-03-01,2004,both,0.0,0.0,0.0,0.0
revenue,Corporate Income Taxes,Corporate Income Taxes,2004-03-01,2005,both,0.0,0.0,0.0,0.0
revenue,Corporate Income Taxes,Corporate Income Taxes,2004-03-01,2006,both,0.0,0.0,0.0,0.0
revenue,Corporate Income Taxes,Corporate Income Taxes,2004-03-01,2007,both,0.0,0.0,0.0,0.0
revenue,Corporate Income Taxes,Corporate Income Taxes,2004-03-01,2008,both,0.0,0.0,0.0,0.0
revenue,Corporate Income Taxes,Corporate Income Taxes,2004-03-01,2009,both,0.0,0.0,0.0,0.0
revenue,Corporate Income Taxes,Corporate Income Taxes,2004-03-01,2010,both,0.0,0.0,0.0,0.0
revenue,Corporate Income Taxes,Corporate Income Taxes,2004-03-01,2011,both,0.0,0.0,0.0,0.0
revenue,Corporate Income Taxes,Corporate Income Taxes,2004-03-01,2012,both,0.0,0.0,0.0,0.0
revenue,Corporate Income Taxes,Corporate Income Taxes,2004-03-01,2013,both,0.0,0.0,0.0,0.0
revenue,Corporate Income Taxes,Corporate Income Taxes,2004-03-01,2014,both,0.0,0.0,0.0,0.0
revenue,Corporate Income Taxes,Corporate Income Taxes,2005-01-01,2005,both,0.0,0.0,0.0,0.0
revenue,Corporate Income Taxes,Corporate Income Taxes,2005-01-01,2006,both,0.0,0.0,0.0,0.0
revenue,Corporate Income Taxes,Corporate Income Taxes,2005-01-01,2007,both,0.0,0.0,0.0,0.0
revenue,Corporate Income Taxes,Corporate Income Taxes,2005-01-01,2008,both,0.0,0.0,0.0,0.0
revenue,Corporate Income Taxes,Corporate Income Taxes,2005-01-01,2009,both,0.0,0.0,0.0,0.0
revenue,Corporate Income Taxes,Corporate Income Taxes,2005-01-01,2010,both,0.0,0.0,0.0,0.0
revenue,Corporate Income Taxes,Corporate Income Taxes,2005-01-01,2011,both,0.0,0.0,0.0,0.0
revenue,Corporate Income Taxes,Corporate Income Taxes,2005-01-01,2012,both,0.0,0.0,0.0,0.0
revenue,Corporate Income Taxes,Corporate Income Taxes,2005-01-01,2013,both,0.0,0.0,0.0,0.0
revenue,Corporate Income Taxes,Corporate Income Taxes,2005-01-01,2014,both,0.0,0.0,0.0,0.0
revenue,Corporate Income Taxes,Corporate Income Taxes,2005-01-01,2015,both,0.0,0.0,0.0,0.0
revenue,Corporate Income Taxes,Corporate Income Taxes,2005-03-01,2005,both,0.0,0.0,0.0,0.0
revenue,Corporate Income Taxes,Corporate Income Taxes,2005-03-01,2006,both,0.0,0.0,0.0,0.0
revenue,Corporate Income Taxes,Corporate Income Taxes,2005-03-01,2007,both,0.0,0.0,0.0,0.0
revenue,Corporate Income Taxes,Corporate Income Taxes,2005-03-01,2008,both,0.0,0.0,0.0,0.0
revenue,Corporate Income Taxes,Corporate Income Taxes,2005-03-01,2009,both,0.0,0.0,0.0,0.0
revenue,Corporate Income Taxes,Corporate Income Taxes,2005-03-01,2010,both,0.0,0.0,0.0,0.0
revenue,Corporate Income Taxes,Corporate Income Taxes,2005-03-01,2011,both,0.0,0.0,0.0,0.0
revenue,Corporate Income Taxes,Corporate Income Taxes,2005-03-01,2012,both,0.0,0.0,0.0,0.0
revenue,Corporate Income Taxes,Corporate Income Taxes,2005-03-01,2013,both,0.0,0.0,0.0,0.0
revenue,Corporate Income Taxes,Corporate Income Taxes,2005-03-01,2014,both,0.0,0.0,0.0,0.0
revenue,Corporate Income Taxes,Corporate Income Taxes,2005-03-01,2015,both,0.0,0.0,0.0,0.0
revenue,Corporate Income Taxes,Corporate Income Taxes,2006-01-01,2006,both,0.0,0.0,0.0,0.0
revenue,Corporate Income Taxes,Corporate Income Taxes,2006-01-01,2007,both,0.0,0.0,0.0,0.0
revenue,Corporate Income Taxes,Corporate Income Taxes,2006-01-01,2008,both,0.0,0.0,0.0,0.0
revenue,Corporate Income Taxes,Corporate Income Taxes,2006-01-01,2009,both,0.0,0.0,0.0,0.0
revenue,Corporate Income Taxes,Corporate Income Taxes,2006-01-01,2010,both,0.0,0.0,0.0,0.0
revenue,Corporate Income Taxes,Corporate Income Taxes,2006-01-01,2011,both,0.0,0.0,0.0,0.0
revenue,Corporate Income Taxes,Corporate Income Taxes,2006-01-01,2012,both,0.0,0.0,0.0,0.0
revenue,Corporate Income Taxes,Corporate Income Taxes,2006-01-01,2013,both,0.0,0.0,0.0,0.0
revenue,Corporate Income Taxes,Corporate Income Taxes,2006-01-01,2014,both,0.0,0.0,0.0,0.0
revenue,Corporate Income Taxes,Corporate Income Taxes,2006-01-01,2015,both,0.0,0.0,0.0,0.0
revenue,Corporate Income Taxes,Corporate Income Taxes,2006-01-01,2016,both,0.0,0.0,0.0,0.0
revenue,Corporate Income Taxes,Corporate Income Taxes,2006-03-01,2006,both,0.0,0.0,0.0,0.0
revenue,Corporate Income Taxes,Corporate Income Taxes,2006-03-01,2007,both,0.0,0.0,0.0,0.0
revenue,Corporate Income Taxes,Corporate Income Taxes,2006-03-01,2008,both,0.0,0.0,0.0,0.0
revenue,Corporate Income Taxes,Corporate Income Taxes,2006-03-01,2009,both,0.0,0.0,0.0,0.0
revenue,Corporate Income Taxes,Corporate Income Taxes,2006-03-01,2010,both,0.0,0.0,0.0,0.0
revenue,Corporate Income Taxes,Corporate Income Taxes,2006-03-01,2011,both,0.0,0.0,0.0,0.0
revenue,Corporate Income Taxes,Corporate Income Taxes,2006-03-01,2012,both,0.0,0.0,0.0,0.0
revenue,Corporate Income Taxes,Corporate Income Taxes,2006-03-01,2013,both,0.0,0.0,0.0,0.0
revenue,Corporate Income Taxes,Corporate Income Taxes,2006-03-01,2014,both,0.0,0.0,0.0,0.0
revenue,Corporate Income Taxes,Corporate Income Taxes,2006-03-01,2015,both,0.0,0.0,0.0,0.0
revenue,Corporate Income Taxes,Corporate Income Taxes,2006-03-01,2016,both,0.0,0.0,0.0,0.0
revenue,Corporate Income Taxes,Corporate Income Taxes,2007-01-01,2007,both,0.0,0.0,0.0,0.0
revenue,Corporate Income Taxes,Corporate Income Taxes,2007-01-01,2008,both,0.0,0.0,0.0,0.0
revenue,Corporate Income Taxes,Corporate Income Taxes,2007-01-01,2009,both,0.0,0.0,0.0,0.0
revenue,Corporate Income Taxes,Corporate Income Taxes,2007-01-01,2010,both,0.0,0.0,0.0,0.0
revenue,Corporate Income Taxes,Corporate Income Taxes,2007-01-01,2011,both,0.0,0.0,0.0,0.0
revenue,Corporate Income Taxes,Corporate Income Taxes,2007-01-01,2012,both,0.0,0.0,0.0,0.0
revenue,Corporate Income Taxes,Corporate Income Taxes,2007-01-01,2013,both,0.0,0.0,0.0,0.0
revenue,Corporate Income Taxes,Corporate Income Taxes,2007-01-01,2014,both,0.0,0.0,0.0,0.0
revenue,Corporate Income Taxes,Corporate Income Taxes,2007-01-01,2015,both,0.0,0.0,0.0,0.0
revenue,Corporate Income Taxes,Corporate Income Taxes,2007-01-01,2016,both,0.0,0.0,0.0,0.0
revenue,Corporate Income Taxes,Corporate Income Taxes,2007-01-01,2017,both,0.0,0.0,0.0,0.0
revenue,Corporate Income Taxes,Corporate Income Taxes,2007-03-01,2007,both,0.0,0.0,0.0,0.0
revenue,Corporate Income Taxes,Corporate Income Taxes,2007-03-01,2008,both,0.0,0.0,0.0,0.0
revenue,Corporate Income Taxes,Corporate Income Taxes,2007-03-01,2009,both,0.0,0.0,0.0,0.0
revenue,Corporate Income Taxes,Corporate Income Taxes,2007-03-01,2010,both,0.0,0.0,0.0,0.0
revenue,Corporate Income Taxes,Corporate Income Taxes,2007-03-01,2011,both,0.0,0.0,0.0,0.0
revenue,Corporate Income Taxes,Corporate Income Taxes,2007-03-01,2012,both,0.0,0.0,0.0,0.0
revenue,Corporate Income Taxes,Corporate Income Taxes,2007-03-01,2013,both,0.0,0.0,0.0,0.0
revenue,Corporate Income Taxes,Corporate Income Taxes,2007-03-01,2014,both,0.0,0.0,0.0,0.0
revenue,Corporate Income Taxes,Corporate Income Taxes,2007-03-01,2015,both,0.0,0.0,0.0,0.0
revenue,Corporate Income Taxes,Corporate Income Taxes,2007-03-01,2016,both,0.0,0.0,0.0,0.0
revenue,Corporate Income Taxes,Corporate Income Taxes,2007-03-01,2017,both,0.0,0.0,0.0,0.0
revenue,Corporate Income Taxes,Corporate Income Taxes,2008-01-01,2008,both,0.0,0.0,0.0,0.0
revenue,Corporate Income Taxes,Corporate Income Taxes,2008-01-01,2009,both,0.0,0.0,0.0,0.0
revenue,Corporate Income Taxes,Corporate Income Taxes,2008-01-01,2010,both,0.0,0.0,0.0,0.0
revenue,Corporate Income Taxes,Corporate Income Taxes,2008-01-01,2011,both,0.0,0.0,0.0,0.0
revenue,Corporate Income Taxes,Corporate Income Taxes,2008-01-01,2012,both,0.0,0.0,0.0,0.0
revenue,Corporate Income Taxes,Corporate Income Taxes,2008-01-01,2013,both,0.0,0.0,0.0,0.0
revenue,Corporate Income Taxes,Corporate Income Taxes,2008-01-01,2014,both,0.0,0.0,0.0,0.0
revenue,Corporate Income Taxes,Corporate Income Taxes,2008-01-01,2015,both,0.0,0.0,0.0,0.0
revenue,Corporate Income Taxes,Corporate Income Taxes,2008-01-01,2016,both,0.0,0.0,0.0,0.0
revenue,Corporate Income Taxes,Corporate Income Taxes,2008-01-01,2017,both,0.0,0.0,0.0,0.0
revenue,Corporate Income Taxes,Corporate Income Taxes,2008-01-01,2018,both,0.0,0.0,0.0,0.0
revenue,Corporate Income Taxes,Corporate Income Taxes,2008-03-01,2008,both,0.0,0.0,0.0,0.0
revenue,Corporate Income Taxes,Corporate Income Taxes,2008-03-01,2009,both,0.0,0.0,0.0,0.0
revenue,Corporate Income Taxes,Corporate Income Taxes,2008-03-01,2010,both,0.0,0.0,0.0,0.0
revenue,Corporate Income Taxes,Corporate Income Taxes,2008-03-01,2011,both,0.0,0.0,0.0,0.0
revenue,Corporate Income Taxes,Corporate Income Taxes,2008-03-01,2012,both,0.0,0.0,0.0,0.0
revenue,Corporate Income Taxes,Corporate Income Taxes,2008-03-01,2013,both,0.0,0.0,0.0,0.0
revenue,Corporate Income Taxes,Corporate Income Taxes,2008-03-01,2014,both,0.0,0.0,0.0,0.0
revenue,Corporate Income Taxes,Corporate Income Taxes,2008-03-01,2015,both,0.0,0.0,0.0,0.0
revenue,Corporate Income Taxes,Corporate Income Taxes,2008-03-01,2016,both,0.0,0.0,0.0,0.0
revenue,Corporate Income Taxes,Corporate Income Taxes,2008-03-01,2017,both,0.0,0.0,0.0,0.0
revenue,Corporate Income Taxes,Corporate Income Taxes,2008-03-01,2018,both,0.0,0.0,0.0,0.0
revenue,Corporate Income Taxes,Corporate Income Taxes,2009-01-01,2009,both,0.0,0.0,0.0,0.0
revenue,Corporate Income Taxes,Corporate Income Taxes,2009-01-01,2010,both,0.0,0.0,0.0,0.0
revenue,Corporate Income Taxes,Corporate Income Taxes,2009-01-01,2011,both,0.0,0.0,0.0,0.0
revenue,Corporate Income Taxes,Corporate Income Taxes,2009-01-01,2012,both,0.0,0.0,0.0,0.0
revenue,Corporate Income Taxes,Corporate Income Taxes,2009-01-01,2013,both,0.0,0.0,0.0,0.0
revenue,Corporate Income Taxes,Corporate Income Taxes,2009-01-01,2014,both,0.0,0.0,0.0,0.0
revenue,Corporate Income Taxes,Corporate Income Taxes,2009-01-01,2015,both,0.0,0.0,0.0,0.0
revenue,Corporate Income Taxes,Corporate Income Taxes,2009-01-01,2016,both,0.0,0.0,0.0,0.0
revenue,Corporate Income Taxes,Corporate Income Taxes,2009-01-01,2017,both,0.0,0.0,0.0,0.0
revenue,Corporate Income Taxes,Corporate Income Taxes,2009-01-01,2018,both,0.0,0.0,0.0,0.0
revenue,Corporate Income Taxes,Corporate Income Taxes,2009-01-01,2019,both,0.0,0.0,0.0,0.0
revenue,Corporate Income Taxes,Corporate Income Taxes,2009-03-01,2009,both,0.0,0.0,0.0,0.0
revenue,Corporate Income Taxes,Corporate Income Taxes,2009-03-01,2010,both,0.0,0.0,0.0,0.0
revenue,Corporate Income Taxes,Corporate Income Taxes,2009-03-01,2011,both,0.0,0.0,0.0,0.0
revenue,Corporate Income Taxes,Corporate Income Taxes,2009-03-01,2012,both,0.0,0.0,0.0,0.0
revenue,Corporate Income Taxes,Corporate Income Taxes,2009-03-01,2013,both,0.0,0.0,0.0,0.0
revenue,Corporate Income Taxes,Corporate Income Taxes,2009-03-01,2014,both,0.0,0.0,0.0,0.0
revenue,Corporate Income Taxes,Corporate Income Taxes,2009-03-01,2015,both,0.0,0.0,0.0,0.0
revenue,Corporate Income Taxes,Corporate Income Taxes,2009-03-01,2016,both,0.0,0.0,0.0,0.0
revenue,Corporate Income Taxes,Corporate Income Taxes,2009-03-01,2017,both,0.0,0.0,0.0,0.0
revenue,Corporate Income Taxes,Corporate Income Taxes,2009-03-01,2018,both,0.0,0.0,0.0,0.0
revenue,Corporate Income Taxes,Corporate Income Taxes,2009-03-01,2019,both,0.0,0.0,0.0,0.0
revenue,Corporate Income Taxes,Corporate Income Taxes,2010-01-01,2010,both,0.0,0.0,0.0,0.0
revenue,Corporate Income Taxes,Corporate Income Taxes,2010-01-01,2011,both,0.0,0.0,0.0,0.0
revenue,Corporate Income Taxes,Corporate Income Taxes,2010-01-01,2012,both,0.0,0.0,0.0,0.0
revenue,Corporate Income Taxes,Corporate Income Taxes,2010-01-01,2013,both,0.0,0.0,0.0,0.0
revenue,Corporate Income Taxes,Corporate Income Taxes,2010-01-01,2014,both,0.0,0.0,0.0,0.0
revenue,Corporate Income Taxes,Corporate Income Taxes,2010-01-01,2015,both,0.0,0.0,0.0,0.0
revenue,Corporate Income Taxes,Corporate Income Taxes,2010-01-01,2016,both,0.0,0.0,0.0,0.0
revenue,Corporate Income Taxes,Corporate Income Taxes,2010-01-01,2017,both,0.0,0.0,0.0,0.0
revenue,Corporate Income Taxes,Corporate Income Taxes,2010-01-01,2018,both,0.0,0.0,0.0,0.0
revenue,Corporate Income Taxes,Corporate Income Taxes,2010-01-01,2019,both,0.0,0.0,0.0,0.0
revenue,Corporate Income Taxes,Corporate Income Taxes,2010-01-01,2020,both,0.0,0.0,0.0,0.0
revenue,Corporate Income Taxes,Corporate Income Taxes,2010-03-01,2010,both,0.0,0.0,0.0,0.0
revenue,Corporate Income Taxes,Corporate Income Taxes,2010-03-01,2011,both,0.0,0.0,0.0,0.0
revenue,Corporate Income Taxes,Corporate Income Taxes,2010-03-01,2012,both,0.0,0.0,0.0,0.0
revenue,Corporate Income Taxes,Corporate Income Taxes,2010-03-01,2013,both,0.0,0.0,0.0,0.0
revenue,Corporate Income Taxes,Corporate Income Taxes,2010-03-01,2014,both,0.0,0.0,0.0,0.0
revenue,Corporate Income Taxes,Corporate Income Taxes,2010-03-01,2015,both,0.0,0.0,0.0,0.0
revenue,Corporate Income Taxes,Corporate Income Taxes,2010-03-01,2016,both,0.0,0.0,0.0,0.0
revenue,Corporate Income Taxes,Corporate Income Taxes,2010-03-01,2017,both,0.0,0.0,0.0,0.0
revenue,Corporate Income Taxes,Corporate Income Taxes,2010-03-01,2018,both,0.0,0.0,0.0,0.0
revenue,Corporate Income Taxes,Corporate Income Taxes,2010-03-01,2019,both,0.0,0.0,0.0,0.0
revenue,Corporate Income Taxes,Corporate Income Taxes,2010-03-01,2020,both,0.0,0.0,0.0,0.0
revenue,Corporate Income Taxes,Corporate Income Taxes,2011-01-01,2011,both,0.0,0.0,0.0,0.0
revenue,Corporate Income Taxes,Corporate Income Taxes,2011-01-01,2012,both,0.0,0.0,0.0,0.0
revenue,Corporate Income Taxes,Corporate Income Taxes,2011-01-01,2013,both,0.0,0.0,0.0,0.0
revenue,Corporate Income Taxes,Corporate Income Taxes,2011-01-01,2014,both,0.0,0.0,0.0,0.0
revenue,Corporate Income Taxes,Corporate Income Taxes,2011-01-01,2015,both,0.0,0.0,0.0,0.0
revenue,Corporate Income Taxes,Corporate Income Taxes,2011-01-01,2016,both,0.0,0.0,0.0,0.0
revenue,Corporate Income Taxes,Corporate Income Taxes,2011-01-01,2017,both,0.0,0.0,0.0,0.0
revenue,Corporate Income Taxes,Corporate Income Taxes,2011-01-01,2018,both,0.0,0.0,0.0,0.0
revenue,Corporate Income Taxes,Corporate Income Taxes,2011-01-01,2019,both,0.0,0.0,0.0,0.0
revenue,Corporate Income Taxes,Corporate Income Taxes,2011-01-01,2020,both,0.0,0.0,0.0,0.0
revenue,Corporate Income Taxes,Corporate Income Taxes,2011-01-01,2021,both,0.0,0.0,0.0,0.0
revenue,Corporate Income Taxes,Corporate Income Taxes,2011-03-01,2011,both,0.0,0.0,0.0,0.0
revenue,Corporate Income Taxes,Corporate Income Taxes,2011-03-01,2012,both,0.0,0.0,0.0,0.0
revenue,Corporate Income Taxes,Corporate Income Taxes,2011-03-01,2013,both,0.0,0.0,0.0,0.0
revenue,Corporate Income Taxes,Corporate Income Taxes,2011-03-01,2014,both,0.0,0.0,0.0,0.0
revenue,Corporate Income Taxes,Corporate Income Taxes,2011-03-01,2015,both,0.0,0.0,0.0,0.0
revenue,Corporate Income Taxes,Corporate Income Taxes,2011-03-01,2016,both,0.0,0.0,0.0,0.0
revenue,Corporate Income Taxes,Corporate Income Taxes,2011-03-01,2017,both,0.0,0.0,0.0,0.0
revenue,Corporate Income Taxes,Corporate Income Taxes,2011-03-01,2018,both,0.0,0.0,0.0,0.0
revenue,Corporate Income Taxes,Corporate Income Taxes,2011-03-01,2019,both,0.0,0.0,0.0,0.0
revenue,Corporate Income Taxes,Corporate Income Taxes,2011-03-01,2020,both,0.0,0.0,0.0,0.0
revenue,Corporate Income Taxes,Corporate Income Taxes,2011-03-01,2021,both,0.0,0.0,0.0,0.0
revenue,Corporate Income Taxes,Corporate Income Taxes,2012-01-01,2012,both,0.0,0.0,0.0,0.0
revenue,Corporate Income Taxes,Corporate Income Taxes,2012-01-01,2013,both,0.0,0.0,0.0,0.0
revenue,Corporate Income Taxes,Corporate Income Taxes,2012-01-01,2014,both,0.0,0.0,0.0,0.0
revenue,Corporate Income Taxes,Corporate Income Taxes,2012-01-01,2015,both,0.0,0.0,0.0,0.0
revenue,Corporate Income Taxes,Corporate Income Taxes,2012-01-01,2016,both,0.0,0.0,0.0,0.0
revenue,Corporate Income Taxes,Corporate Income Taxes,2012-01-01,2017,both,0.0,0.0,0.0,0.0
revenue,Corporate Income Taxes,Corporate Income Taxes,2012-01-01,2018,both,0.0,0.0,0.0,0.0
revenue,Corporate Income Taxes,Corporate Income Taxes,2012-01-01,2019,both,0.0,0.0,0.0,0.0
revenue,Corporate Income Taxes,Corporate Income Taxes,2012-01-01,2020,both,0.0,0.0,0.0,0.0
revenue,Corporate Income Taxes,Corporate Income Taxes,2012-01-01,2021,both,0.0,0.0,0.0,0.0
revenue,Corporate Income Taxes,Corporate Income Taxes,2012-01-01,2022,both,0.0,0.0,0.0,0.0
revenue,Corporate Income Taxes,Corporate Income Taxes,2012-03-01,2012,both,0.0,0.0,0.0,0.0
revenue,Corporate Income Taxes,Corporate Income Taxes,2012-03-01,2013,both,0.0,0.0,0.0,0.0
revenue,Corporate Income Taxes,Corporate Income Taxes,2012-03-01,2014,both,0.0,0.0,0.0,0.0
revenue,Corporate Income Taxes,Corporate Income Taxes,2012-03-01,2015,both,0.0,0.0,0.0,0.0
revenue,Corporate Income Taxes,Corporate Income Taxes,2012-03-01,2016,both,0.0,0.0,0.0,0.0
revenue,Corporate Income Taxes,Corporate Income Taxes,2012-03-01,2017,both,0.0,0.0,0.0,0.0
revenue,Corporate Income Taxes,Corporate Income Taxes,2012-03-01,2018,both,0.0,0.0,0.0,0.0
revenue,Corporate Income Taxes,Corporate Income Taxes,2012-03-01,2019,both,0.0,0.0,0.0,0.0
revenue,Corporate Income Taxes,Corporate Income Taxes,2012-03-01,2020,both,0.0,0.0,0.0,0.0
revenue,Corporate Income Taxes,Corporate Income Taxes,2012-03-01,2021,both,0.0,0.0,0.0,0.0
revenue,Corporate Income Taxes,Corporate Income Taxes,2012-03-01,2022,both,0.0,0.0,0.0,0.0
revenue,Corporate Income Taxes,Corporate Income Taxes,2013-02-01,2013,both,0.0,0.0,0.0,0.0
revenue,Corporate Income Taxes,Corporate Income Taxes,2013-02-01,2014,both,0.0,0.0,0.0,0.0
revenue,Corporate Income Taxes,Corporate Income Taxes,2013-02-01,2015,both,0.0,0.0,0.0,0.0
revenue,Corporate Income Taxes,Corporate Income Taxes,2013-02-01,2016,both,0.0,0.0,0.0,0.0
revenue,Corporate Income Taxes,Corporate Income Taxes,2013-02-01,2017,both,0.0,0.0,0.0,0.0
revenue,Corporate Income Taxes,Corporate Income Taxes,2013-02-01,2018,both,0.0,0.0,0.0,0.0
revenue,Corporate Income Taxes,Corporate Income Taxes,2013-02-01,2019,both,0.0,0.0,0.0,0.0
revenue,Corporate Income Taxes,Corporate Income Taxes,2013-02-01,2020,both,0.0,0.0,0.0,0.0
revenue,Corporate Income Taxes,Corporate Income Taxes,2013-02-01,2021,both,0.0,0.0,0.0,0.0
revenue,Corporate Income Taxes,Corporate Income Taxes,2013-02-01,2022,both,0.0,0.0,0.0,0.0
revenue,Corporate Income Taxes,Corporate Income Taxes,2013-02-01,2023,both,0.0,0.0,0.0,0.0
revenue,Corporate Income Taxes,Corporate Income Taxes,2013-05-01,2013,both,0.0,0.0,0.0,0.0
revenue,Corporate Income Taxes,Corporate Income Taxes,2013-05-01,2014,both,0.0,0.0,0.0,0.0
revenue,Corporate Income Taxes,Corporate Income Taxes,2013-05-01,2015,both,0.0,0.0,0.0,0.0
revenue,Corporate Income Taxes,Corporate Income Taxes,2013-05-01,2016,both,0.0,0.0,0.0,0.0
revenue,Corporate Income Taxes,Corporate Income Taxes,2013-05-01,2017,both,0.0,0.0,0.0,0.0
revenue,Corporate Income Taxes,Corporate Income Taxes,2013-05-01,2018,both,0.0,0.0,0.0,0.0
revenue,Corporate Income Taxes,Corporate Income Taxes,2013-05-01,2019,both,0.0,0.0,0.0,0.0
revenue,Corporate Income Taxes,Corporate Income Taxes,2013-05-01,2020,both,0.0,0.0,0.0,0.0
revenue,Corporate Income Taxes,Corporate Income Taxes,2013-05-01,2021,both,0.0,0.0,0.0,0.0
revenue,Corporate Income Taxes,Corporate Income Taxes,2013-05-01,2022,both,0.0,0.0,0.0,0.0
revenue,Corporate Income Taxes,Corporate Income Taxes,2013-05-01,2023,both,0.0,0.0,0.0,0.0
revenue,Corporate Income Taxes,Corporate Income Taxes,2014-02-01,2014,both,0.0,0.0,0.0,0.0
revenue,Corporate Income Taxes,Corporate Income Taxes,2014-02-01,2015,both,0.0,0.0,0.0,0.0
revenue,Corporate Income Taxes,Corporate Income Taxes,2014-02-01,2016,both,0.0,0.0,0.0,0.0
revenue,Corporate Income Taxes,Corporate Income Taxes,2014-02-01,2017,both,0.0,0.0,0.0,0.0
revenue,Corporate Income Taxes,Corporate Income Taxes,2014-02-01,2018,both,0.0,0.0,0.0,0.0
revenue,Corporate Income Taxes,Corporate Income Taxes,2014-02-01,2019,both,0.0,0.0,0.0,0.0
revenue,Corporate Income Taxes,Corporate Income Taxes,2014-02-01,2020,both,0.0,0.0,0.0,0.0
revenue,Corporate Income Taxes,Corporate Income Taxes,2014-02-01,2021,both,0.0,0.0,0.0,0.0
revenue,Corporate Income Taxes,Corporate Income Taxes,2014-02-01,2022,both,0.0,0.0,0.0,0.0
revenue,Corporate Income Taxes,Corporate Income Taxes,2014-02-01,2023,both,0.0,0.0,0.0,0.0
revenue,Corporate Income Taxes,Corporate Income Taxes,2014-02-01,2024,both,0.0,0.0,0.0,0.0
revenue,Corporate Income Taxes,Corporate Income Taxes,2014-04-01,2014,both,0.0,0.0,0.0,0.0
revenue,Corporate Income Taxes,Corporate Income Taxes,2014-04-01,2015,both,0.0,0.0,0.0,0.0
revenue,Corporate Income Taxes,Corporate Income Taxes,2014-04-01,2016,both,0.0,0.0,0.0,0.0
revenue,Corporate Income Taxes,Corporate Income Taxes,2014-04-01,2017,both,0.0,0.0,0.0,0.0
revenue,Corporate Income Taxes,Corporate Income Taxes,2014-04-01,2018,both,0.0,0.0,0.0,0.0
revenue,Corporate Income Taxes,Corporate Income Taxes,2014-04-01,2019,both,0.0,0.0,0.0,0.0
revenue,Corporate Income Taxes,Corporate Income Taxes,2014-04-01,2020,both,0.0,0.0,0.0,0.0
revenue,Corporate Income Taxes,Corporate Income Taxes,2014-04-01,2021,both,0.0,0.0,0.0,0.0
revenue,Corporate Income Taxes,Corporate Income Taxes,2014-04-01,2022,both,0.0,0.0,0.0,0.0
revenue,Corporate Income Taxes,Corporate Income Taxes,2014-04-01,2023,both,0.0,0.0,0.0,0.0
revenue,Corporate Income Taxes,Corporate Income Taxes,2014-04-01,2024,both,0.0,0.0,0.0,0.0
revenue,Corporate Income Taxes,Corporate Income Taxes,2015-01-01,2015,both,0.0,0.0,0.0,0.0
revenue,Corporate Income Taxes,Corporate Income Taxes,2015-01-01,2016,both,0.0,0.0,0.0,0.0
revenue,Corporate Income Taxes,Corporate Income Taxes,2015-01-01,2017,both,0.0,0.0,0.0,0.0
revenue,Corporate Income Taxes,Corporate Income Taxes,2015-01-01,2018,both,0.0,0.0,0.0,0.0
revenue,Corporate Income Taxes,Corporate Income Taxes,2015-01-01,2019,both,0.0,0.0,0.0,0.0
revenue,Corporate Income Taxes,Corporate Income Taxes,2015-01-01,2020,both,0.0,0.0,0.0,0.0
revenue,Corporate Income Taxes,Corporate Income Taxes,2015-01-01,2021,both,0.0,0.0,0.0,0.0
revenue,Corporate Income Taxes,Corporate Income Taxes,2015-01-01,2022,both,0.0,0.0,0.0,0.0
revenue,Corporate Income Taxes,Corporate Income Taxes,2015-01-01,2023,both,0.0,0.0,0.0,0.0
revenue,Corporate Income Taxes,Corporate Income Taxes,2015-01-01,2024,both,0.0,0.0,0.0,0.0
revenue,Corporate Income Taxes,Corporate Income Taxes,2015-01-01,2025,both,0.0,0.0,0.0,0.0
revenue,Corporate Income Taxes,Corporate Income Taxes,2015-03-01,2015,both,0.0,0.0,0.0,0.0
revenue,Corporate Income Taxes,Corporate Income Taxes,2015-03-01,2016,both,0.0,0.0,0.0,0.0
revenue,Corporate Income Taxes,Corporate Income Taxes,2015-03-01,2017,both,0.0,0.0,0.0,0.0
revenue,Corporate Income Taxes,Corporate Income Taxes,2015-03-01,2018,both,0.0,0.0,0.0,0.0
revenue,Corporate Income Taxes,Corporate Income Taxes,2015-03-01,2019,both,0.0,0.0,0.0,0.0
revenue,Corporate Income Taxes,Corporate Income Taxes,2015-03-01,2020,both,0.0,0.0,0.0,0.0
revenue,Corporate Income Taxes,Corporate Income Taxes,2015-03-01,2021,both,0.0,0.0,0.0,0.0
revenue,Corporate Income Taxes,Corporate Income Taxes,2015-03-01,2022,both,0.0,0.0,0.0,0.0
revenue,Corporate Income Taxes,Corporate Income Taxes,2015-03-01,2023,both,0.0,0.0,0.0,0.0
revenue,Corporate Income Taxes,Corporate Income Taxes,2015-03-01,2024,both,0.0,0.0,0.0,0.0
revenue,Corporate Income Taxes,Corporate Income Taxes,2015-03-01,2025,both,0.0,0.0,0.0,0.0
revenue,Corporate Income Taxes,Corporate Income Taxes,2016-01-01,2016,both,0.0,0.0,0.0,0.0
revenue,Corporate Income Taxes,Corporate Income Taxes,2016-01-01,2017,both,0.0,0.0,0.0,0.0
revenue,Corporate Income Taxes,Corporate Income Taxes,2016-01-01,2018,both,0.0,0.0,0.0,0.0
revenue,Corporate Income Taxes,Corporate Income Taxes,2016-01-01,2019,both,0.0,0.0,0.0,0.0
revenue,Corporate Income Taxes,Corporate Income Taxes,2016-01-01,2020,both,0.0,0.0,0.0,0.0
revenue,Corporate Income Taxes,Corporate Income Taxes,2016-01-01,2021,both,0.0,0.0,0.0,0.0
revenue,Corporate Income Taxes,Corporate Income Taxes,2016-01-01,2022,both,0.0,0.0,0.0,0.0
revenue,Corporate Income Taxes,Corporate Income Taxes,2016-01-01,2023,both,0.0,0.0,0.0,0.0
revenue,Corporate Income Taxes,Corporate Income Taxes,2016-01-01,2024,both,0.0,0.0,0.0,0.0
revenue,Corporate Income Taxes,Corporate Income Taxes,2016-01-01,2025,both,0.0,0.0,0.0,0.0
revenue,Corporate Income Taxes,Corporate Income Taxes,2016-03-01,2016,both,0.0,0.0,0.0,0.0
revenue,Corporate Income Taxes,Corporate Income Taxes,2016-03-01,2017,both,0.0,0.0,0.0,0.0
revenue,Corporate Income Taxes,Corporate Income Taxes,2016-03-01,2018,both,0.0,0.0,0.0,0.0
revenue,Corporate Income Taxes,Corporate Income Taxes,2016-03-01,2019,both,0.0,0.0,0.0,0.0
revenue,Corporate Income Taxes,Corporate Income Taxes,2016-03-01,2020,both,0.0,0.0,0.0,0.0
revenue,Corporate Income Taxes,Corporate Income Taxes,2016-03-01,2021,both,0.0,0.0,0.0,0.0
revenue,Corporate Income Taxes,Corporate Income Taxes,2016-03-01,2022,both,0.0,0.0,0.0,0.0
revenue,Corporate Income Taxes,Corporate Income Taxes,2016-03-01,2023,both,0.0,0.0,0.0,0.0
revenue,Corporate Income Taxes,Corporate Income Taxes,2016-03-01,2024,both,0.0,0.0,0.0,0.0
revenue,Corporate Income Taxes,Corporate Income Taxes,2016-03-01,2025,both,0.0,0.0,0.0,0.0
revenue,Corporate Income Taxes,Corporate Income Taxes,2017-01-01,2017,both,0.0,0.0,0.0,0.0
revenue,Corporate Income Taxes,Corporate Income Taxes,2017-01-01,2018,both,0.0,0.0,0.0,0.0
revenue,Corporate Income Taxes,Corporate Income Taxes,2017-01-01,2019,both,0.0,0.0,0.0,0.0
revenue,Corporate Income Taxes,Corporate Income Taxes,2017-01-01,2020,both,0.0,0.0,0.0,0.0
revenue,Corporate Income Taxes,Corporate Income Taxes,2017-01-01,2021,both,0.0,0.0,0.0,0.0
revenue,Corporate Income Taxes,Corporate Income Taxes,2017-01-01,2022,both,0.0,0.0,0.0,0.0
revenue,Corporate Income Taxes,Corporate Income Taxes,2017-01-01,2023,both,0.0,0.0,0.0,0.0
revenue,Corporate Income Taxes,Corporate Income Taxes,2017-01-01,2024,both,0.0,0.0,0.0,0.0
revenue,Corporate Income Taxes,Corporate Income Taxes,2017-01-01,2025,both,0.0,0.0,0.0,0.0
revenue,Corporate Income Taxes,Corporate Income Taxes,2017-06-01,2017,both,0.0,0.0,0.0,0.0
revenue,Corporate Income Taxes,Corporate Income Taxes,2017-06-01,2018,both,0.0,0.0,0.0,0.0
revenue,Corporate Income Taxes,Corporate Income Taxes,2017-06-01,2019,both,0.0,0.0,0.0,0.0
revenue,Corporate Income Taxes,Corporate Income Taxes,2017-06-01,2020,both,0.0,0.0,0.0,0.0
revenue,Corporate Income Taxes,Corporate Income Taxes,2017-06-01,2021,both,0.0,0.0,0.0,0.0
revenue,Corporate Income Taxes,Corporate Income Taxes,2017-06-01,2022,both,0.0,0.0,0.0,0.0
revenue,Corporate Income Taxes,Corporate Income Taxes,2017-06-01,2023,both,0.0,0.0,0.0,0.0
revenue,Corporate Income Taxes,Corporate Income Taxes,2017-06-01,2024,both,0.0,0.0,0.0,0.0
revenue,Corporate Income Taxes,Corporate Income Taxes,2017-06-01,2025,both,0.0,0.0,0.0,0.0
revenue,Corporate Income Taxes,Corporate Income Taxes,2018-04-01,2018,both,0.0,0.0,0.0,0.0
revenue,Corporate Income Taxes,Corporate Income Taxes,2018-04-01,2019,both,0.0,0.0,0.0,0.0
revenue,Corporate Income Taxes,Corporate Income Taxes,2018-04-01,2020,both,0.0,0.0,0.0,0.0
revenue,Corporate Income Taxes,Corporate Income Taxes,2018-04-01,2021,both,0.0,0.0,0.0,0.0
revenue,Corporate Income Taxes,Corporate Income Taxes,2018-04-01,2022,both,0.0,0.0,0.0,0.0
revenue,Corporate Income Taxes,Corporate Income Taxes,2018-04-01,2023,both,0.0,0.0,0.0,0.0
revenue,Corporate Income Taxes,Corporate Income Taxes,2018-04-01,2024,both,0.0,0.0,0.0,0.0
revenue,Corporate Income Taxes,Corporate Income Taxes,2018-04-01,2025,both,0.0,0.0,0.0,0.0
revenue,Corporate Income Taxes,Corporate Income Taxes,2018-05-01,2018,both,0.0,0.0,0.0,0.0
revenue,Corporate Income Taxes,Corporate Income Taxes,2018-05-01,2019,both,0.0,0.0,0.0,0.0
revenue,Corporate Income Taxes,Corporate Income Taxes,2018-05-01,2020,both,0.0,0.0,0.0,0.0
revenue,Corporate Income Taxes,Corporate Income Taxes,2018-05-01,2021,both,0.0,0.0,0.0,0.0
revenue,Corporate Income Taxes,Corporate Income Taxes,2018-05-01,2022,both,0.0,0.0,0.0,0.0
revenue,Corporate Income Taxes,Corporate Income Taxes,2018-05-01,2023,both,0.0,0.0,0.0,0.0
revenue,Corporate Income Taxes,Corporate Income Taxes,2018-05-01,2024,both,0.0,0.0,0.0,0.0
revenue,Corporate Income Taxes,Corporate Income Taxes,2018-05-01,2025,both,0.0,0.0,0.0,0.0
revenue,Corporate Income Taxes,Corporate Income Taxes,2019-01-01,2019,both,0.0,0.0,0.0,0.0
revenue,Corporate Income Taxes,Corporate Income Taxes,2019-01-01,2020,both,0.0,0.0,0.0,0.0
revenue,Corporate Income Taxes,Corporate Income Taxes,2019-01-01,2021,both,0.0,0.0,0.0,0.0
revenue,Corporate Income Taxes,Corporate Income Taxes,2019-01-01,2022,both,0.0,0.0,0.0,0.0
revenue,Corporate Income Taxes,Corporate Income Taxes,2019-01-01,2023,both,0.0,0.0,0.0,0.0
revenue,Corporate Income Taxes,Corporate Income Taxes,2019-01-01,2024,both,0.0,0.0,0.0,0.0
revenue,Corporate Income Taxes,Corporate Income Taxes,2019-01-01,2025,both,0.0,0.0,0.0,0.0
revenue,Corporate Income Taxes,Corporate Income Taxes,2019-05-01,2019,both,0.0,0.0,0.0,0.0
revenue,Corporate Income Taxes,Corporate Income Taxes,2019-05-01,2020,both,0.0,0.0,0.0,0.0
revenue,Corporate Income Taxes,Corporate Income Taxes,2019-05-01,2021,both,0.0,0.0,0.0,0.0
revenue,Corporate Income Taxes,Corporate Income Taxes,2019-05-01,2022,both,0.0,0.0,0.0,0.0
revenue,Corporate Income Taxes,Corporate Income Taxes,2019-05-01,2023,both,0.0,0.0,0.0,0.0
revenue,Corporate Income Taxes,Corporate Income Taxes,2019-05-01,2024,both,0.0,0.0,0.0,0.0
revenue,Corporate Income Taxes,Corporate Income Taxes,2019-05-01,2025,both,0.0,0.0,0.0,0.0
revenue,Corporate Income Taxes,Corporate Income Taxes,2020-01-01,2020,both,0.0,0.0,0.0,0.0
revenue,Corporate Income Taxes,Corporate Income Taxes,2020-01-01,2021,both,0.0,0.0,0.0,0.0
revenue,Corporate Income Taxes,Corporate Income Taxes,2020-01-01,2022,both,0.0,0.0,0.0,0.0
revenue,Corporate Income Taxes,Corporate Income Taxes,2020-01-01,2023,both,0.0,0.0,0.0,0.0
revenue,Corporate Income Taxes,Corporate Income Taxes,2020-01-01,2024,both,0.0,0.0,0.0,0.0
revenue,Corporate Income Taxes,Corporate Income Taxes,2020-01-01,2025,both,0.0,0.0,0.0,0.0
revenue,Corporate Income Taxes,Corporate Income Taxes,2020-03-01,2020,both,0.0,0.0,0.0,0.0
revenue,Corporate Income Taxes,Corporate Income Taxes,2020-03-01,2021,both,0.0,0.0,0.0,0.0
revenue,Corporate Income Taxes,Corporate Income Taxes,2020-03-01,2022,both,0.0,0.0,0.0,0.0
revenue,Corporate Income Taxes,Corporate Income Taxes,2020-03-01,2023,both,0.0,0.0,0.0,0.0
revenue,Corporate Income Taxes,Corporate Income Taxes,2020-03-01,2024,both,0.0,0.0,0.0,0.0
revenue,Corporate Income Taxes,Corporate Income Taxes,2020-03-01,2025,both,0.0,0.0,0.0,0.0
revenue,Corporate Income Taxes,Corporate Income Taxes,2021-02-01,2021,both,0.0,0.0,0.0,0.0
revenue,Corporate Income Taxes,Corporate Income Taxes,2021-02-01,2022,both,0.0,0.0,0.0,0.0
revenue,Corporate Income Taxes,Corporate Income Taxes,2021-02-01,2023,both,0.0,0.0,0.0,0.0
revenue,Corporate Income Taxes,Corporate Income Taxes,2021-02-01,2024,both,0.0,0.0,0.0,0.0
revenue,Corporate Income Taxes,Corporate Income Taxes,2021-02-01,2025,both,0.0,0.0,0.0,0.0
revenue,Corporate Income Taxes,Corporate Income Taxes,2021-07-01,2021,both,0.0,0.0,0.0,0.0
revenue,Corporate Income Taxes,Corporate Income Taxes,2021-07-01,2022,both,0.0,0.0,0.0,0.0
revenue,Corporate Income Taxes,Corporate Income Taxes,2021-07-01,2023,both,0.0,0.0,0.0,0.0
revenue,Corporate Income Taxes,Corporate Income Taxes,2021-07-01,2024,both,0.0,0.0,0.0,0.0
revenue,Corporate Income Taxes,Corporate Income Taxes,2021-07-01,2025,both,0.0,0.0,0.0,0.0
revenue,Corporate Income Taxes,Corporate Income Taxes,2022-05-01,2022,both,0.0,0.0,0.0,0.0
revenue,Corporate Income Taxes,Corporate Income Taxes,2022-05-01,2023,both,0.0,0.0,0.0,0.0
revenue,Corporate Income Taxes,Corporate Income Taxes,2022-05-01,2024,both,0.0,0.0,0.0,0.0
revenue,Corporate Income Taxes,Corporate Income Taxes,2022-05-01,2025,both,0.0,0.0,0.0,0.0
revenue,Corporate Income Taxes,Corporate Income Taxes,2023-02-01,2023,both,0.0,0.0,0.0,0.0
revenue,Corporate Income Taxes,Corporate Income Taxes,2023-02-01,2024,both,0.0,0.0,0.0,0.0
revenue,Corporate Income Taxes,Corporate Income Taxes,2023-02-01,2025,both,0.0,0.0,0.0,0.0
revenue,Corporate Income Taxes,Corporate Income Taxes,2023-05-01,2023,both,0.0,0.0,0.0,0.0
revenue,Corporate Income Taxes,Corporate Income Taxes,2023-05-01,2024,both,0.0,0.0,0.0,0.0
revenue,Corporate Income Taxes,Corporate Income Taxes,2023-05-01,2025,both,0.0,0.0,0.0,0.0
revenue,Corporate Income Taxes,Corporate Income Taxes,2024-02-01,2024,both,0.0,0.0,0.0,0.0
revenue,Corporate Income Taxes,Corporate Income Taxes,2024-02-01,2025,both,0.0,0.0,0.0,0.0
revenue,Corporate Income Taxes,Corporate Income Taxes,2024-06-01,2024,both,0.0,0.0,0.0,0.0
revenue,Corporate Income Taxes,Corporate Income Taxes,2024-06-01,2025,both,0.0,0.0,0.0,0.0
revenue,Corporate Income Taxes,Corporate Income Taxes,2025-01-01,2025,both,0.0,0.0,0.0,0.0
revenue,Customs Duties,Customs Duties,1982-02-01,1982,both,0.0,0.0,0.0,0.0
revenue,Customs Duties,Customs Duties,1982-02-01,1983,both,0.0,0.0,0.0,0.0
revenue,Customs Duties,Customs Duties,1982-02-01,1984,both,0.0,0.0,0.0,0.0
revenue,Customs Duties,Customs Duties,1982-02-01,1985,both,0.0,0.0,0.0,0.0
revenue,Customs Duties,Customs Duties,1982-02-01,1986,both,0.0,0.0,0.0,0.0
revenue,Customs Duties,Customs Duties,1982-02-01,1987,both,0.0,0.0,0.0,0.0
revenue,Customs Duties,Customs Duties,1983-02-01,1983,both,0.0,0.0,0.0,0.0
revenue,Customs Duties,Customs Duties,1983-02-01,1984,both,0.0,0.0,0.0,0.0
revenue,Customs Duties,Customs Duties,1983-02-01,1985,both,0.0,0.0,0.0,0.0
revenue,Customs Duties,Customs Duties,1983-02-01,1986,both,0.0,0.0,0.0,0.0
revenue,Customs Duties,Customs Duties,1983-02-01,1987,both,0.0,0.0,0.0,0.0
revenue,Customs Duties,Customs Duties,1983-02-01,1988,both,0.0,0.0,0.0,0.0
revenue,Customs Duties,Customs Duties,1984-02-01,1984,both,0.0,0.0,0.0,0.0
revenue,Customs Duties,Customs Duties,1984-02-01,1985,both,0.0,0.0,0.0,0.0
revenue,Customs Duties,Customs Duties,1984-02-01,1986,both,0.0,0.0,0.0,0.0
revenue,Customs Duties,Customs Duties,1984-02-01,1987,both,0.0,0.0,0.0,0.0
revenue,Customs Duties,Customs Duties,1984-02-01,1988,both,0.0,0.0,0.0,0.0
revenue,Customs Duties,Customs Duties,1984-02-01,1989,both,0.0,0.0,0.0,0.0
revenue,Customs Duties,Customs Duties,1985-02-01,1985,both,0.0,0.0,0.0,0.0
revenue,Customs Duties,Customs Duties,1985-02-01,1986,both,0.0,0.0,0.0,0.0
revenue,Customs Duties,Customs Duties,1985-02-01,1987,both,0.0,0.0,0.0,0.0
revenue,Customs Duties,Customs Duties,1985-02-01,1988,both,0.0,0.0,0.0,0.0
revenue,Customs Duties,Customs Duties,1985-02-01,1989,both,0.0,0.0,0.0,0.0
revenue,Customs Duties,Customs Duties,1985-02-01,1990,both,0.0,0.0,0.0,0.0
revenue,Customs Duties,Customs Duties,1986-02-01,1986,both,0.0,0.0,0.0,0.0
revenue,Customs Duties,Customs Duties,1986-02-01,1987,both,0.0,0.0,0.0,0.0
revenue,Customs Duties,Customs Duties,1986-02-01,1988,both,0.0,0.0,0.0,0.0
revenue,Customs Duties,Customs Duties,1986-02-01,1989,both,0.0,0.0,0.0,0.0
revenue,Customs Duties,Customs Duties,1986-02-01,1990,both,0.0,0.0,0.0,0.0
revenue,Customs Duties,Customs Duties,1986-02-01,1991,both,0.0,0.0,0.0,0.0
revenue,Customs Duties,Customs Duties,1987-01-01,1987,both,0.0,0.0,0.0,0.0
revenue,Customs Duties,Customs Duties,1987-01-01,1988,both,0.0,0.0,0.0,0.0
revenue,Customs Duties,Customs Duties,1987-01-01,1989,both,0.0,0.0,0.0,0.0
revenue,Customs Duties,Customs Duties,1987-01-01,1990,both,0.0,0.0,0.0,0.0
revenue,Customs Duties,Customs Duties,1987-01-01,1991,both,0.0,0.0,0.0,0.0
revenue,Customs Duties,Customs Duties,1987-01-01,1992,both,0.0,0.0,0.0,0.0
revenue,Customs Duties,Customs Duties,1988-02-01,1988,both,0.0,0.0,0.0,0.0
revenue,Customs Duties,Customs Duties,1988-02-01,1989,both,0.0,0.0,0.0,0.0
revenue,Customs Duties,Customs Duties,1988-02-01,1990,both,0.0,0.0,0.0,0.0
revenue,Customs Duties,Customs Duties,1988-02-01,1991,both,0.0,0.0,0.0,0.0
revenue,Customs Duties,Customs Duties,1988-02-01,1992,both,0.0,0.0,0.0,0.0
revenue,Customs Duties,Customs Duties,1988-02-01,1993,both,0.0,0.0,0.0,0.0
revenue,Customs Duties,Customs Duties,1989-01-01,1989,both,0.0,0.0,0.0,0.0
revenue,Customs Duties,Customs Duties,1989-01-01,1990,both,0.0,0.0,0.0,0.0
revenue,Customs Duties,Customs Duties,1989-01-01,1991,both,0.0,0.0,0.0,0.0
revenue,Customs Duties,Customs Duties,1989-01-01,1992,both,0.0,0.0,0.0,0.0
revenue,Customs Duties,Customs Duties,1989-01-01,1993,both,0.0,0.0,0.0,0.0
revenue,Customs Duties,Customs Duties,1989-01-01,1994,both,0.0,0.0,0.0,0.0
revenue,Customs Duties,Customs Duties,1990-01-01,1990,both,0.0,0.0,0.0,0.0
revenue,Customs Duties,Customs Duties,1990-01-01,1991,both,0.0,0.0,0.0,0.0
revenue,Customs Duties,Customs Duties,1990-01-01,1992,both,0.0,0.0,0.0,0.0
revenue,Customs Duties,Customs Duties,1990-01-01,1993,both,0.0,0.0,0.0,0.0
revenue,Customs Duties,Customs Duties,1990-01-01,1994,both,0.0,0.0,0.0,0.0
revenue,Customs Duties,Customs Duties,1990-01-01,1995,both,0.0,0.0,0.0,0.0
revenue,Customs Duties,Customs Duties,1991-01-01,1991,both,0.0,0.0,0.0,0.0
revenue,Customs Duties,Customs Duties,1991-01-01,1992,both,0.0,0.0,0.0,0.0
revenue,Customs Duties,Customs Duties,1991-01-01,1993,both,0.0,0.0,0.0,0.0
revenue,Customs Duties,Customs Duties,1991-01-01,1994,both,0.0,0.0,0.0,0.0
revenue,Customs Duties,Customs Duties,1991-01-01,1995,both,0.0,0.0,0.0,0.0
revenue,Customs Duties,Customs Duties,1991-01-01,1996,both,0.0,0.0,0.0,0.0
revenue,Customs Duties,Customs Duties,1992-01-01,1992,both,0.0,0.0,0.0,0.0
revenue,Customs Duties,Customs Duties,1992-01-01,1993,both,0.0,0.0,0.0,0.0
revenue,Customs Duties,Customs Duties,1992-01-01,1994,both,0.0,0.0,0.0,0.0
revenue,Customs Duties,Customs Duties,1992-01-01,1995,both,0.0,0.0,0.0,0.0
revenue,Customs Duties,Customs Duties,1992-01-01,1996,both,0.0,0.0,0.0,0.0
revenue,Customs Duties,Customs Duties,1992-01-01,1997,both,0.0,0.0,0.0,0.0
revenue,Customs Duties,Customs Duties,1992-01-01,1998,both,0.0,0.0,0.0,0.0
revenue,Customs Duties,Customs Duties,1992-01-01,1999,both,0.0,0.0,0.0,0.0
revenue,Customs Duties,Customs Duties,1992-01-01,2000,both,0.0,0.0,0.0,0.0
revenue,Customs Duties,Customs Duties,1992-01-01,2001,both,0.0,0.0,0.0,0.0
revenue,Customs Duties,Customs Duties,1992-01-01,2002,both,0.0,0.0,0.0,0.0
revenue,Customs Duties,Customs Duties,1992-03-01,1992,both,0.0,0.0,0.0,0.0
revenue,Customs Duties,Customs Duties,1992-03-01,1993,both,0.0,0.0,0.0,0.0
revenue,Customs Duties,Customs Duties,1992-03-01,1994,both,0.0,0.0,0.0,0.0
revenue,Customs Duties,Customs Duties,1992-03-01,1995,both,0.0,0.0,0.0,0.0
revenue,Customs Duties,Customs Duties,1992-03-01,1996,both,0.0,0.0,0.0,0.0
revenue,Customs Duties,Customs Duties,1992-03-01,1997,both,0.0,0.0,0.0,0.0
revenue,Customs Duties,Customs Duties,1993-01-01,1993,both,0.0,0.0,0.0,0.0
revenue,Customs Duties,Customs Duties,1993-01-01,1994,both,0.0,0.0,0.0,0.0
revenue,Customs Duties,Customs Duties,1993-01-01,1995,both,0.0,0.0,0.0,0.0
revenue,Customs Duties,Customs Duties,1993-01-01,1996,both,0.0,0.0,0.0,0.0
revenue,Customs Duties,Customs Duties,1993-01-01,1997,both,0.0,0.0,0.0,0.0
revenue,Customs Duties,Customs Duties,1993-01-01,1998,both,0.0,0.0,0.0,0.0
revenue,Customs Duties,Customs Duties,1993-01-01,1999,both,0.0,0.0,0.0,0.0
revenue,Customs Duties,Customs Duties,1993-01-01,2000,both,0.0,0.0,0.0,0.0
revenue,Customs Duties,Customs Duties,1993-01-01,2001,both,0.0,0.0,0.0,0.0
revenue,Customs Duties,Customs Duties,1993-01-01,2002,both,0.0,0.0,0.0,0.0
revenue,Customs Duties,Customs Duties,1993-01-01,2003,both,0.0,0.0,0.0,0.0
revenue,Customs Duties,Customs Duties,1993-03-01,1993,both,0.0,0.0,0.0,0.0
revenue,Customs Duties,Customs Duties,1993-03-01,1994,both,0.0,0.0,0.0,0.0
revenue,Customs Duties,Customs Duties,1993-03-01,1995,both,0.0,0.0,0.0,0.0
revenue,Customs Duties,Customs Duties,1993-03-01,1996,both,0.0,0.0,0.0,0.0
revenue,Customs Duties,Customs Duties,1993-03-01,1997,both,0.0,0.0,0.0,0.0
revenue,Customs Duties,Customs Duties,1993-03-01,1998,both,0.0,0.0,0.0,0.0
revenue,Customs Duties,Customs Duties,1993-03-01,1999,both,0.0,0.0,0.0,0.0
revenue,Customs Duties,Customs Duties,1993-03-01,2000,both,0.0,0.0,0.0,0.0
revenue,Customs Duties,Customs Duties,1993-03-01,2001,both,0.0,0.0,0.0,0.0
revenue,Customs Duties,Customs Duties,1993-03-01,2002,both,0.0,0.0,0.0,0.0
revenue,Customs Duties,Customs Duties,1993-03-01,2003,both,0.0,0.0,0.0,0.0
revenue,Customs Duties,Customs Duties,1994-01-01,1994,both,0.0,0.0,0.0,0.0
revenue,Customs Duties,Customs Duties,1994-01-01,1995,both,0.0,0.0,0.0,0.0
revenue,Customs Duties,Customs Duties,1994-01-01,1996,both,0.0,0.0,0.0,0.0
revenue,Customs Duties,Customs Duties,1994-01-01,1997,both,0.0,0.0,0.0,0.0
revenue,Customs Duties,Customs Duties,1994-01-01,1998,both,0.0,0.0,0.0,0.0
revenue,Customs Duties,Customs Duties,1994-01-01,1999,both,0.0,0.0,0.0,0.0
revenue,Customs Duties,Customs Duties,1994-01-01,2000,both,0.0,0.0,0.0,0.0
revenue,Customs Duties,Customs Duties,1994-01-01,2001,both,0.0,0.0,0.0,0.0
revenue,Customs Duties,Customs Duties,1994-01-01,2002,both,0.0,0.0,0.0,0.0
revenue,Customs Duties,Customs Duties,1994-01-01,2003,both,0.0,0.0,0.0,0.0
revenue,Customs Duties,Customs Duties,1994-01-01,2004,both,0.0,0.0,0.0,0.0
revenue,Customs Duties,Customs Duties,1995-01-01,1995,both,0.0,0.0,0.0,0.0
revenue,Customs Duties,Customs Duties,1995-01-01,1996,both,0.0,0.0,0.0,0.0
revenue,Customs Duties,Customs Duties,1995-01-01,1997,both,0.0,0.0,0.0,0.0
revenue,Customs Duties,Customs Duties,1995-01-01,1998,both,0.0,0.0,0.0,0.0
revenue,Customs Duties,Customs Duties,1995-01-01,1999,both,0.0,0.0,0.0,0.0
revenue,Customs Duties,Customs Duties,1995-01-01,2000,both,0.0,0.0,0.0,0.0
revenue,Customs Duties,Customs Duties,1995-01-01,2001,both,0.0,0.0,0.0,0.0
revenue,Customs Duties,Customs Duties,1995-01-01,2002,both,0.0,0.0,0.0,0.0
revenue,Customs Duties,Customs Duties,1995-01-01,2003,both,0.0,0.0,0.0,0.0
revenue,Customs Duties,Customs Duties,1995-01-01,2004,both,0.0,0.0,0.0,0.0
revenue,Customs Duties,Customs Duties,1995-01-01,2005,both,0.0,0.0,0.0,0.0
revenue,Customs Duties,Customs Duties,1996-05-01,1996,both,0.0,0.0,0.0,0.0
revenue,Customs Duties,Customs Duties,1996-05-01,1997,both,0.0,0.0,0.0,0.0
revenue,Customs Duties,Customs Duties,1996-05-01,1998,both,0.0,0.0,0.0,0.0
revenue,Customs Duties,Customs Duties,1996-05-01,1999,both,0.0,0.0,0.0,0.0
revenue,Customs Duties,Customs Duties,1996-05-01,2000,both,0.0,0.0,0.0,0.0
revenue,Customs Duties,Customs Duties,1996-05-01,2001,both,0.0,0.0,0.0,0.0
revenue,Customs Duties,Customs Duties,1996-05-01,2002,both,0.0,0.0,0.0,0.0
revenue,Customs Duties,Customs Duties,1996-05-01,2003,both,0.0,0.0,0.0,0.0
revenue,Customs Duties,Customs Duties,1996-05-01,2004,both,0.0,0.0,0.0,0.0
revenue,Customs Duties,Customs Duties,1996-05-01,2005,both,0.0,0.0,0.0,0.0
revenue,Customs Duties,Customs Duties,1996-05-01,2006,both,0.0,0.0,0.0,0.0
revenue,Customs Duties,Customs Duties,1997-01-01,1997,both,0.0,0.0,0.0,0.0
revenue,Customs Duties,Customs Duties,1997-01-01,1998,both,0.0,0.0,0.0,0.0
revenue,Customs Duties,Customs Duties,1997-01-01,1999,both,0.0,0.0,0.0,0.0
revenue,Customs Duties,Customs Duties,1997-01-01,2000,both,0.0,0.0,0.0,0.0
revenue,Customs Duties,Customs Duties,1997-01-01,2001,both,0.0,0.0,0.0,0.0
revenue,Customs Duties,Customs Duties,1997-01-01,2002,both,0.0,0.0,0.0,0.0
revenue,Customs Duties,Customs Duties,1997-01-01,2003,both,0.0,0.0,0.0,0.0
revenue,Customs Duties,Customs Duties,1997-01-01,2004,both,0.0,0.0,0.0,0.0
revenue,Customs Duties,Customs Duties,1997-01-01,2005,both,0.0,0.0,0.0,0.0
revenue,Customs Duties,Customs Duties,1997-01-01,2006,both,0.0,0.0,0.0,0.0
revenue,Customs Duties,Customs Duties,1997-01-01,2007,both,0.0,0.0,0.0,0.0
revenue,Customs Duties,Customs Duties,1997-03-01,1997,both,0.0,0.0,0.0,0.0
revenue,Customs Duties,Customs Duties,1997-03-01,1998,both,0.0,0.0,0.0,0.0
revenue,Customs Duties,Customs Duties,1997-03-01,1999,both,0.0,0.0,0.0,0.0
revenue,Customs Duties,Customs Duties,1997-03-01,2000,both,0.0,0.0,0.0,0.0
revenue,Customs Duties,Customs Duties,1997-03-01,2001,both,0.0,0.0,0.0,0.0
revenue,Customs Duties,Customs Duties,1997-03-01,2002,both,0.0,0.0,0.0,0.0
revenue,Customs Duties,Customs Duties,1997-03-01,2003,both,0.0,0.0,0.0,0.0
revenue,Customs Duties,Customs Duties,1997-03-01,2004,both,0.0,0.0,0.0,0.0
revenue,Customs Duties,Customs Duties,1997-03-01,2005,both,0.0,0.0,0.0,0.0
revenue,Customs Duties,Customs Duties,1997-03-01,2006,both,0.0,0.0,0.0,0.0
revenue,Customs Duties,Customs Duties,1997-03-01,2007,both,0.0,0.0,0.0,0.0
revenue,Customs Duties,Customs Duties,1998-01-01,1998,both,0.0,0.0,0.0,0.0
revenue,Customs Duties,Customs Duties,1998-01-01,1999,both,0.0,0.0,0.0,0.0
revenue,Customs Duties,Customs Duties,1998-01-01,2000,both,0.0,0.0,0.0,0.0
revenue,Customs Duties,Customs Duties,1998-01-01,2001,both,0.0,0.0,0.0,0.0
revenue,Customs Duties,Customs Duties,1998-01-01,2002,both,0.0,0.0,0.0,0.0
revenue,Customs Duties,Customs Duties,1998-01-01,2003,both,0.0,0.0,0.0,0.0
revenue,Customs Duties,Customs Duties,1998-01-01,2004,both,0.0,0.0,0.0,0.0
revenue,Customs Duties,Customs Duties,1998-01-01,2005,both,0.0,0.0,0.0,0.0
revenue,Customs Duties,Customs Duties,1998-01-01,2006,both,0.0,0.0,0.0,0.0
revenue,Customs Duties,Customs Duties,1998-01-01,2007,both,0.0,0.0,0.0,0.0
revenue,Customs Duties,Customs Duties,1998-01-01,2008,both,0.0,0.0,0.0,0.0
revenue,Customs Duties,Customs Duties,1998-03-01,1998,both,0.0,0.0,0.0,0.0
revenue,Customs Duties,Customs Duties,1998-03-01,1999,both,0.0,0.0,0.0,0.0
revenue,Customs Duties,Customs Duties,1998-03-01,2000,both,0.0,0.0,0.0,0.0
revenue,Customs Duties,Customs Duties,1998-03-01,2001,both,0.0,0.0,0.0,0.0
revenue,Customs Duties,Customs Duties,1998-03-01,2002,both,0.0,0.0,0.0,0.0
revenue,Customs Duties,Customs Duties,1998-03-01,2003,both,0.0,0.0,0.0,0.0
revenue,Customs Duties,Customs Duties,1998-03-01,2004,both,0.0,0.0,0.0,0.0
revenue,Customs Duties,Customs Duties,1998-03-01,2005,both,0.0,0.0,0.0,0.0
revenue,Customs Duties,Customs Duties,1998-03-01,2006,both,0.0,0.0,0.0,0.0
revenue,Customs Duties,Customs Duties,1998-03-01,2007,both,0.0,0.0,0.0,0.0
revenue,Customs Duties,Customs Duties,1998-03-01,2008,both,0.0,0.0,0.0,0.0
revenue,Customs Duties,Customs Duties,1999-01-01,1999,both,0.0,0.0,0.0,0.0
revenue,Customs Duties,Customs Duties,1999-01-01,2000,both,0.0,0.0,0.0,0.0
revenue,Customs Duties,Customs Duties,1999-01-01,2001,both,0.0,0.0,0.0,0.0
revenue,Customs Duties,Customs Duties,1999-01-01,2002,both,0.0,0.0,0.0,0.0
revenue,Customs Duties,Customs Duties,1999-01-01,2003,both,0.0,0.0,0.0,0.0
revenue,Customs Duties,Customs Duties,1999-01-01,2004,both,0.0,0.0,0.0,0.0
revenue,Customs Duties,Customs Duties,1999-01-01,2005,both,0.0,0.0,0.0,0.0
revenue,Customs Duties,Customs Duties,1999-01-01,2006,both,0.0,0.0,0.0,0.0
revenue,Customs Duties,Customs Duties,1999-01-01,2007,both,0.0,0.0,0.0,0.0
revenue,Customs Duties,Customs Duties,1999-01-01,2008,both,0.0,0.0,0.0,0.0
revenue,Customs Duties,Customs Duties,1999-01-01,2009,both,0.0,0.0,0.0,0.0
revenue,Customs Duties,Customs Duties,2000-01-01,2000,both,0.0,0.0,0.0,0.0
revenue,Customs Duties,Customs Duties,2000-01-01,2001,both,0.0,0.0,0.0,0.0
revenue,Customs Duties,Customs Duties,2000-01-01,2002,both,0.0,0.0,0.0,0.0
revenue,Customs Duties,Customs Duties,2000-01-01,2003,both,0.0,0.0,0.0,0.0
revenue,Customs Duties,Customs Duties,2000-01-01,2004,both,0.0,0.0,0.0,0.0
revenue,Customs Duties,Customs Duties,2000-01-01,2005,both,0.0,0.0,0.0,0.0
revenue,Customs Duties,Customs Duties,2000-01-01,2006,both,0.0,0.0,0.0,0.0
revenue,Customs Duties,Customs Duties,2000-01-01,2007,both,0.0,0.0,0.0,0.0
revenue,Customs Duties,Customs Duties,2000-01-01,2008,both,0.0,0.0,0.0,0.0
revenue,Customs Duties,Customs Duties,2000-01-01,2009,both,0.0,0.0,0.0,0.0
revenue,Customs Duties,Customs Duties,2000-01-01,2010,both,0.0,0.0,0.0,0.0
revenue,Customs Duties,Customs Duties,2001-01-01,2001,both,0.0,0.0,0.0,0.0
revenue,Customs Duties,Customs Duties,2001-01-01,2002,both,0.0,0.0,0.0,0.0
revenue,Customs Duties,Customs Duties,2001-01-01,2003,both,0.0,0.0,0.0,0.0
revenue,Customs Duties,Customs Duties,2001-01-01,2004,both,0.0,0.0,0.0,0.0
revenue,Customs Duties,Customs Duties,2001-01-01,2005,both,0.0,0.0,0.0,0.0
revenue,Customs Duties,Customs Duties,2001-01-01,2006,both,0.0,0.0,0.0,0.0
revenue,Customs Duties,Customs Duties,2001-01-01,2007,both,0.0,0.0,0.0,0.0
revenue,Customs Duties,Customs Duties,2001-01-01,2008,both,0.0,0.0,0.0,0.0
revenue,Customs Duties,Customs Duties,2001-01-01,2009,both,0.0,0.0,0.0,0.0
revenue,Customs Duties,Customs Duties,2001-01-01,2010,both,0.0,0.0,0.0,0.0
revenue,Customs Duties,Customs Duties,2001-01-01,2011,both,0.0,0.0,0.0,0.0
revenue,Customs Duties,Customs Duties,2001-05-01,2001,both,0.0,0.0,0.0,0.0
revenue,Customs Duties,Customs Duties,2001-05-01,2002,both,0.0,0.0,0.0,0.0
revenue,Customs Duties,Customs Duties,2001-05-01,2003,both,0.0,0.0,0.0,0.0
revenue,Customs Duties,Customs Duties,2001-05-01,2004,both,0.0,0.0,0.0,0.0
revenue,Customs Duties,Customs Duties,2001-05-01,2005,both,0.0,0.0,0.0,0.0
revenue,Customs Duties,Customs Duties,2001-05-01,2006,both,0.0,0.0,0.0,0.0
revenue,Customs Duties,Customs Duties,2001-05-01,2007,both,0.0,0.0,0.0,0.0
revenue,Customs Duties,Customs Duties,2001-05-01,2008,both,0.0,0.0,0.0,0.0
revenue,Customs Duties,Customs Duties,2001-05-01,2009,both,0.0,0.0,0.0,0.0
revenue,Customs Duties,Customs Duties,2001-05-01,2010,both,0.0,0.0,0.0,0.0
revenue,Customs Duties,Customs Duties,2001-05-01,2011,both,0.0,0.0,0.0,0.0
revenue,Customs Duties,Customs Duties,2002-01-01,2002,both,0.0,0.0,0.0,0.0
revenue,Customs Duties,Customs Duties,2002-01-01,2003,both,0.0,0.0,0.0,0.0
revenue,Customs Duties,Customs Duties,2002-01-01,2004,both,0.0,0.0,0.0,0.0
revenue,Customs Duties,Customs Duties,2002-01-01,2005,both,0.0,0.0,0.0,0.0
revenue,Customs Duties,Customs Duties,2002-01-01,2006,both,0.0,0.0,0.0,0.0
revenue,Customs Duties,Customs Duties,2002-01-01,2007,both,0.0,0.0,0.0,0.0
revenue,Customs Duties,Customs Duties,2002-01-01,2008,both,0.0,0.0,0.0,0.0
revenue,Customs Duties,Customs Duties,2002-01-01,2009,both,0.0,0.0,0.0,0.0
revenue,Customs Duties,Customs Duties,2002-01-01,2010,both,0.0,0.0,0.0,0.0
revenue,Customs Duties,Customs Duties,2002-01-01,2011,both,0.0,0.0,0.0,0.0
revenue,Customs Duties,Customs Duties,2002-01-01,2012,both,0.0,0.0,0.0,0.0
revenue,Customs Duties,Customs Duties,2002-03-01,2002,both,0.0,0.0,0.0,0.0
revenue,Customs Duties,Customs Duties,2002-03-01,2003,both,0.0,0.0,0.0,0.0
revenue,Customs Duties,Customs Duties,2002-03-01,2004,both,0.0,0.0,0.0,0.0
revenue,Customs Duties,Customs Duties,2002-03-01,2005,both,0.0,0.0,0.0,0.0
revenue,Customs Duties,Customs Duties,2002-03-01,2006,both,0.0,0.0,0.0,0.0
revenue,Customs Duties,Customs Duties,2002-03-01,2007,both,0.0,0.0,0.0,0.0
revenue,Customs Duties,Customs Duties,2002-03-01,2008,both,0.0,0.0,0.0,0.0
revenue,Customs Duties,Customs Duties,2002-03-01,2009,both,0.0,0.0,0.0,0.0
revenue,Customs Duties,Customs Duties,2002-03-01,2010,both,0.0,0.0,0.0,0.0
revenue,Customs Duties,Customs Duties,2002-03-01,2011,both,0.0,0.0,0.0,0.0
revenue,Customs Duties,Customs Duties,2002-03-01,2012,both,0.0,0.0,0.0,0.0
revenue,Customs Duties,Customs Duties,2003-01-01,2003,both,0.0,0.0,0.0,0.0
revenue,Customs Duties,Customs Duties,2003-01-01,2004,both,0.0,0.0,0.0,0.0
revenue,Customs Duties,Customs Duties,2003-01-01,2005,both,0.0,0.0,0.0,0.0
revenue,Customs Duties,Customs Duties,2003-01-01,2006,both,0.0,0.0,0.0,0.0
revenue,Customs Duties,Customs Duties,2003-01-01,2007,both,0.0,0.0,0.0,0.0
revenue,Customs Duties,Customs Duties,2003-01-01,2008,both,0.0,0.0,0.0,0.0
revenue,Customs Duties,Customs Duties,2003-01-01,2009,both,0.0,0.0,0.0,0.0
revenue,Customs Duties,Customs Duties,2003-01-01,2010,both,0.0,0.0,0.0,0.0
revenue,Customs Duties,Customs Duties,2003-01-01,2011,both,0.0,0.0,0.0,0.0
revenue,Customs Duties,Customs Duties,2003-01-01,2012,both,0.0,0.0,0.0,0.0
revenue,Customs Duties,Customs Duties,2003-01-01,2013,both,0.0,0.0,0.0,0.0
revenue,Customs Duties,Customs Duties,2003-03-01,2003,both,0.0,0.0,0.0,0.0
revenue,Customs Duties,Customs Duties,2003-03-01,2004,both,0.0,0.0,0.0,0.0
revenue,Customs Duties,Customs Duties,2003-03-01,2005,both,0.0,0.0,0.0,0.0
revenue,Customs Duties,Customs Duties,2003-03-01,2006,both,0.0,0.0,0.0,0.0
revenue,Customs Duties,Customs Duties,2003-03-01,2007,both,0.0,0.0,0.0,0.0
revenue,Customs Duties,Customs Duties,2003-03-01,2008,both,0.0,0.0,0.0,0.0
revenue,Customs Duties,Customs Duties,2003-03-01,2009,both,0.0,0.0,0.0,0.0
revenue,Customs Duties,Customs Duties,2003-03-01,2010,both,0.0,0.0,0.0,0.0
revenue,Customs Duties,Customs Duties,2003-03-01,2011,both,0.0,0.0,0.0,0.0
revenue,Customs Duties,Customs Duties,2003-03-01,2012,both,0.0,0.0,0.0,0.0
revenue,Customs Duties,Customs Duties,2003-03-01,2013,both,0.0,0.0,0.0,0.0
revenue,Customs Duties,Customs Duties,2004-01-01,2004,both,0.0,0.0,0.0,0.0
revenue,Customs Duties,Customs Duties,2004-01-01,2005,both,0.0,0.0,0.0,0.0
revenue,Customs Duties,Customs Duties,2004-01-01,2006,both,0.0,0.0,0.0,0.0
revenue,Customs Duties,Customs Duties,2004-01-01,2007,both,0.0,0.0,0.0,0.0
revenue,Customs Duties,Customs Duties,2004-01-01,2008,both,0.0,0.0,0.0,0.0
revenue,Customs Duties,Customs Duties,2004-01-01,2009,both,0.0,0.0,0.0,0.0
revenue,Customs Duties,Customs Duties,2004-01-01,2010,both,0.0,0.0,0.0,0.0
revenue,Customs Duties,Customs Duties,2004-01-01,2011,both,0.0,0.0,0.0,0.0
revenue,Customs Duties,Customs Duties,2004-01-01,2012,both,0.0,0.0,0.0,0.0
revenue,Customs Duties,Customs Duties,2004-01-01,2013,both,0.0,0.0,0.0,0.0
revenue,Customs Duties,Customs Duties,2004-01-01,2014,both,0.0,0.0,0.0,0.0
revenue,Customs Duties,Customs Duties,2004-03-01,2004,both,0.0,0.0,0.0,0.0
revenue,Customs Duties,Customs Duties,2004-03-01,2005,both,0.0,0.0,0.0,0.0
revenue,Customs Duties,Customs Duties,2004-03-01,2006,both,0.0,0.0,0.0,0.0
revenue,Customs Duties,Customs Duties,2004-03-01,2007,both,0.0,0.0,0.0,0.0
revenue,Customs Duties,Customs Duties,2004-03-01,2008,both,0.0,0.0,0.0,0.0
revenue,Customs Duties,Customs Duties,2004-03-01,2009,both,0.0,0.0,0.0,0.0
revenue,Customs Duties,Customs Duties,2004-03-01,2010,both,0.0,0.0,0.0,0.0
revenue,Customs Duties,Customs Duties,2004-03-01,2011,both,0.0,0.0,0.0,0.0
revenue,Customs Duties,Customs Duties,2004-03-01,2012,both,0.0,0.0,0.0,0.0
revenue,Customs Duties,Customs Duties,2004-03-01,2013,both,0.0,0.0,0.0,0.0
revenue,Customs Duties,Customs Duties,2004-03-01,2014,both,0.0,0.0,0.0,0.0
revenue,Customs Duties,Customs Duties,2005-01-01,2005,both,0.0,0.0,0.0,0.0
revenue,Customs Duties,Customs Duties,2005-01-01,2006,both,0.0,0.0,0.0,0.0
revenue,Customs Duties,Customs Duties,2005-01-01,2007,both,0.0,0.0,0.0,0.0
revenue,Customs Duties,Customs Duties,2005-01-01,2008,both,0.0,0.0,0.0,0.0
revenue,Customs Duties,Customs Duties,2005-01-01,2009,both,0.0,0.0,0.0,0.0
revenue,Customs Duties,Customs Duties,2005-01-01,2010,both,0.0,0.0,0.0,0.0
revenue,Customs Duties,Customs Duties,2005-01-01,2011,both,0.0,0.0,0.0,0.0
revenue,Customs Duties,Customs Duties,2005-01-01,2012,both,0.0,0.0,0.0,0.0
revenue,Customs Duties,Customs Duties,2005-01-01,2013,both,0.0,0.0,0.0,0.0
revenue,Customs Duties,Customs Duties,2005-01-01,2014,both,0.0,0.0,0.0,0.0
revenue,Customs Duties,Customs Duties,2005-01-01,2015,both,0.0,0.0,0.0,0.0
revenue,Customs Duties,Customs Duties,2005-03-01,2005,both,0.0,0.0,0.0,0.0
revenue,Customs Duties,Customs Duties,2005-03-01,2006,both,0.0,0.0,0.0,0.0
revenue,Customs Duties,Customs Duties,2005-03-01,2007,both,0.0,0.0,0.0,0.0
revenue,Customs Duties,Customs Duties,2005-03-01,2008,both,0.0,0.0,0.0,0.0
revenue,Customs Duties,Customs Duties,2005-03-01,2009,both,0.0,0.0,0.0,0.0
revenue,Customs Duties,Customs Duties,2005-03-01,2010,both,0.0,0.0,0.0,0.0
revenue,Customs Duties,Customs Duties,2005-03-01,2011,both,0.0,0.0,0.0,0.0
revenue,Customs Duties,Customs Duties,2005-03-01,2012,both,0.0,0.0,0.0,0.0
revenue,Customs Duties,Customs Duties,2005-03-01,2013,both,0.0,0.0,0.0,0.0
revenue,Customs Duties,Customs Duties,2005-03-01,2014,both,0.0,0.0,0.0,0.0
revenue,Customs Duties,Customs Duties,2005-03-01,2015,both,0.0,0.0,0.0,0.0
revenue,Customs Duties,Customs Duties,2006-01-01,2006,both,0.0,0.0,0.0,0.0
revenue,Customs Duties,Customs Duties,2006-01-01,2007,both,0.0,0.0,0.0,0.0
revenue,Customs Duties,Customs Duties,2006-01-01,2008,both,0.0,0.0,0.0,0.0
revenue,Customs Duties,Customs Duties,2006-01-01,2009,both,0.0,0.0,0.0,0.0
revenue,Customs Duties,Customs Duties,2006-01-01,2010,both,0.0,0.0,0.0,0.0
revenue,Customs Duties,Customs Duties,2006-01-01,2011,both,0.0,0.0,0.0,0.0
revenue,Customs Duties,Customs Duties,2006-01-01,2012,both,0.0,0.0,0.0,0.0
revenue,Customs Duties,Customs Duties,2006-01-01,2013,both,0.0,0.0,0.0,0.0
revenue,Customs Duties,Customs Duties,2006-01-01,2014,both,0.0,0.0,0.0,0.0
revenue,Customs Duties,Customs Duties,2006-01-01,2015,both,0.0,0.0,0.0,0.0
revenue,Customs Duties,Customs Duties,2006-01-01,2016,both,0.0,0.0,0.0,0.0
revenue,Customs Duties,Customs Duties,2006-03-01,2006,both,0.0,0.0,0.0,0.0
revenue,Customs Duties,Customs Duties,2006-03-01,2007,both,0.0,0.0,0.0,0.0
revenue,Customs Duties,Customs Duties,2006-03-01,2008,both,0.0,0.0,0.0,0.0
revenue,Customs Duties,Customs Duties,2006-03-01,2009,both,0.0,0.0,0.0,0.0
revenue,Customs Duties,Customs Duties,2006-03-01,2010,both,0.0,0.0,0.0,0.0
revenue,Customs Duties,Customs Duties,2006-03-01,2011,both,0.0,0.0,0.0,0.0
revenue,Customs Duties,Customs Duties,2006-03-01,2012,both,0.0,0.0,0.0,0.0
revenue,Customs Duties,Customs Duties,2006-03-01,2013,both,0.0,0.0,0.0,0.0
revenue,Customs Duties,Customs Duties,2006-03-01,2014,both,0.0,0.0,0.0,0.0
revenue,Customs Duties,Customs Duties,2006-03-01,2015,both,0.0,0.0,0.0,0.0
revenue,Customs Duties,Customs Duties,2006-03-01,2016,both,0.0,0.0,0.0,0.0
revenue,Customs Duties,Customs Duties,2007-01-01,2007,both,0.0,0.0,0.0,0.0
revenue,Customs Duties,Customs Duties,2007-01-01,2008,both,0.0,0.0,0.0,0.0
revenue,Customs Duties,Customs Duties,2007-01-01,2009,both,0.0,0.0,0.0,0.0
revenue,Customs Duties,Customs Duties,2007-01-01,2010,both,0.0,0.0,0.0,0.0
revenue,Customs Duties,Customs Duties,2007-01-01,2011,both,0.0,0.0,0.0,0.0
revenue,Customs Duties,Customs Duties,2007-01-01,2012,both,0.0,0.0,0.0,0.0
revenue,Customs Duties,Customs Duties,2007-01-01,2013,both,0.0,0.0,0.0,0.0
revenue,Customs Duties,Customs Duties,2007-01-01,2014,both,0.0,0.0,0.0,0.0
revenue,Customs Duties,Customs Duties,2007-01-01,2015,both,0.0,0.0,0.0,0.0
revenue,Customs Duties,Customs Duties,2007-01-01,2016,both,0.0,0.0,0.0,0.0
revenue,Customs Duties,Customs Duties,2007-01-01,2017,both,0.0,0.0,0.0,0.0
revenue,Customs Duties,Customs Duties,2007-03-01,2007,both,0.0,0.0,0.0,0.0
revenue,Customs Duties,Customs Duties,2007-03-01,2008,both,0.0,0.0,0.0,0.0
revenue,Customs Duties,Customs Duties,2007-03-01,2009,both,0.0,0.0,0.0,0.0
revenue,Customs Duties,Customs Duties,2007-03-01,2010,both,0.0,0.0,0.0,0.0
revenue,Customs Duties,Customs Duties,2007-03-01,2011,both,0.0,0.0,0.0,0.0
revenue,Customs Duties,Customs Duties,2007-03-01,2012,both,0.0,0.0,0.0,0.0
revenue,Customs Duties,Customs Duties,2007-03-01,2013,both,0.0,0.0,0.0,0.0
revenue,Customs Duties,Customs Duties,2007-03-01,2014,both,0.0,0.0,0.0,0.0
revenue,Customs Duties,Customs Duties,2007-03-01,2015,both,0.0,0.0,0.0,0.0
revenue,Customs Duties,Customs Duties,2007-03-01,2016,both,0.0,0.0,0.0,0.0
revenue,Customs Duties,Customs Duties,2007-03-01,2017,both,0.0,0.0,0.0,0.0
revenue,Customs Duties,Customs Duties,2008-01-01,2008,both,0.0,0.0,0.0,0.0
revenue,Customs Duties,Customs Duties,2008-01-01,2009,both,0.0,0.0,0.0,0.0
revenue,Customs Duties,Customs Duties,2008-01-01,2010,both,0.0,0.0,0.0,0.0
revenue,Customs Duties,Customs Duties,2008-01-01,2011,both,0.0,0.0,0.0,0.0
revenue,Customs Duties,Customs Duties,2008-01-01,2012,both,0.0,0.0,0.0,0.0
revenue,Customs Duties,Customs Duties,2008-01-01,2013,both,0.0,0.0,0.0,0.0
revenue,Customs Duties,Customs Duties,2008-01-01,2014,both,0.0,0.0,0.0,0.0
revenue,Customs Duties,Customs Duties,2008-01-01,2015,both,0.0,0.0,0.0,0.0
revenue,Customs Duties,Customs Duties,2008-01-01,2016,both,0.0,0.0,0.0,0.0
revenue,Customs Duties,Customs Duties,2008-01-01,2017,both,0.0,0.0,0.0,0.0
revenue,Customs Duties,Customs Duties,2008-01-01,2018,both,0.0,0.0,0.0,0.0
revenue,Customs Duties,Customs Duties,2008-03-01,2008,both,0.0,0.0,0.0,0.0
revenue,Customs Duties,Customs Duties,2008-03-01,2009,both,0.0,0.0,0.0,0.0
revenue,Customs Duties,Customs Duties,2008-03-01,2010,both,0.0,0.0,0.0,0.0
revenue,Customs Duties,Customs Duties,2008-03-01,2011,both,0.0,0.0,0.0,0.0
revenue,Customs Duties,Customs Duties,2008-03-01,2012,both,0.0,0.0,0.0,0.0
revenue,Customs Duties,Customs Duties,2008-03-01,2013,both,0.0,0.0,0.0,0.0
revenue,Customs Duties,Customs Duties,2008-03-01,2014,both,0.0,0.0,0.0,0.0
revenue,Customs Duties,Customs Duties,2008-03-01,2015,both,0.0,0.0,0.0,0.0
revenue,Customs Duties,Customs Duties,2008-03-01,2016,both,0.0,0.0,0.0,0.0
revenue,Customs Duties,Customs Duties,2008-03-01,2017,both,0.0,0.0,0.0,0.0
revenue,Customs Duties,Customs Duties,2008-03-01,2018,both,0.0,0.0,0.0,0.0
revenue,Customs Duties,Customs Duties,2009-01-01,2009,both,0.0,0.0,0.0,0.0
revenue,Customs Duties,Customs Duties,2009-01-01,2010,both,0.0,0.0,0.0,0.0
revenue,Customs Duties,Customs Duties,2009-01-01,2011,both,0.0,0.0,0.0,0.0
revenue,Customs Duties,Customs Duties,2009-01-01,2012,both,0.0,0.0,0.0,0.0
revenue,Customs Duties,Customs Duties,2009-01-01,2013,both,0.0,0.0,0.0,0.0
revenue,Customs Duties,Customs Duties,2009-01-01,2014,both,0.0,0.0,0.0,0.0
revenue,Customs Duties,Customs Duties,2009-01-01,2015,both,0.0,0.0,0.0,0.0
revenue,Customs Duties,Customs Duties,2009-01-01,2016,both,0.0,0.0,0.0,0.0
revenue,Customs Duties,Customs Duties,2009-01-01,2017,both,0.0,0.0,0.0,0.0
revenue,Customs Duties,Customs Duties,2009-01-01,2018,both,0.0,0.0,0.0,0.0
revenue,Customs Duties,Customs Duties,2009-01-01,2019,both,0.0,0.0,0.0,0.0
revenue,Customs Duties,Customs Duties,2009-03-01,2009,both,0.0,0.0,0.0,0.0
revenue,Customs Duties,Customs Duties,2009-03-01,2010,both,0.0,0.0,0.0,0.0
revenue,Customs Duties,Customs Duties,2009-03-01,2011,both,0.0,0.0,0.0,0.0
revenue,Customs Duties,Customs Duties,2009-03-01,2012,both,0.0,0.0,0.0,0.0
revenue,Customs Duties,Customs Duties,2009-03-01,2013,both,0.0,0.0,0.0,0.0
revenue,Customs Duties,Customs Duties,2009-03-01,2014,both,0.0,0.0,0.0,0.0
revenue,Customs Duties,Customs Duties,2009-03-01,2015,both,0.0,0.0,0.0,0.0
revenue,Customs Duties,Customs Duties,2009-03-01,2016,both,0.0,0.0,0.0,0.0
revenue,Customs Duties,Customs Duties,2009-03-01,2017,both,0.0,0.0,0.0,0.0
revenue,Customs Duties,Customs Duties,2009-03-01,2018,both,0.0,0.0,0.0,0.0
revenue,Customs Duties,Customs Duties,2009-03-01,2019,both,0.0,0.0,0.0,0.0
revenue,Customs Duties,Customs Duties,2010-01-01,2010,both,0.0,0.0,0.0,0.0
revenue,Customs Duties,Customs Duties,2010-01-01,2011,both,0.0,0.0,0.0,0.0
revenue,Customs Duties,Customs Duties,2010-01-01,2012,both,0.0,0.0,0.0,0.0
revenue,Customs Duties,Customs Duties,2010-01-01,2013,both,0.0,0.0,0.0,0.0
revenue,Customs Duties,Customs Duties,2010-01-01,2014,both,0.0,0.0,0.0,0.0
revenue,Customs Duties,Customs Duties,2010-01-01,2015,both,0.0,0.0,0.0,0.0
revenue,Customs Duties,Customs Duties,2010-01-01,2016,both,0.0,0.0,0.0,0.0
revenue,Customs Duties,Customs Duties,2010-01-01,2017,both,0.0,0.0,0.0,0.0
revenue,Customs Duties,Customs Duties,2010-01-01,2018,both,0.0,0.0,0.0,0.0
revenue,Customs Duties,Customs Duties,2010-01-01,2019,both,0.0,0.0,0.0,0.0
revenue,Customs Duties,Customs Duties,2010-01-01,2020,both,0.0,0.0,0.0,0.0
revenue,Customs Duties,Customs Duties,2010-03-01,2010,both,0.0,0.0,0.0,0.0
revenue,Customs Duties,Customs Duties,2010-03-01,2011,both,0.0,0.0,0.0,0.0
revenue,Customs Duties,Customs Duties,2010-03-01,2012,both,0.0,0.0,0.0,0.0
revenue,Customs Duties,Customs Duties,2010-03-01,2013,both,0.0,0.0,0.0,0.0
revenue,Customs Duties,Customs Duties,2010-03-01,2014,both,0.0,0.0,0.0,0.0
revenue,Customs Duties,Customs Duties,2010-03-01,2015,both,0.0,0.0,0.0,0.0
revenue,Customs Duties,Customs Duties,2010-03-01,2016,both,0.0,0.0,0.0,0.0
revenue,Customs Duties,Customs Duties,2010-03-01,2017,both,0.0,0.0,0.0,0.0
revenue,Customs Duties,Customs Duties,2010-03-01,2018,both,0.0,0.0,0.0,0.0
revenue,Customs Duties,Customs Duties,2010-03-01,2019,both,0.0,0.0,0.0,0.0
revenue,Customs Duties,Customs Duties,2010-03-01,2020,both,0.0,0.0,0.0,0.0
revenue,Customs Duties,Customs Duties,2011-01-01,2011,both,0.0,0.0,0.0,0.0
revenue,Customs Duties,Customs Duties,2011-01-01,2012,both,0.0,0.0,0.0,0.0
revenue,Customs Duties,Customs Duties,2011-01-01,2013,both,0.0,0.0,0.0,0.0
revenue,Customs Duties,Customs Duties,2011-01-01,2014,both,0.0,0.0,0.0,0.0
revenue,Customs Duties,Customs Duties,2011-01-01,2015,both,0.0,0.0,0.0,0.0
revenue,Customs Duties,Customs Duties,2011-01-01,2016,both,0.0,0.0,0.0,0.0
revenue,Customs Duties,Customs Duties,2011-01-01,2017,both,0.0,0.0,0.0,0.0
revenue,Customs Duties,Customs Duties,2011-01-01,2018,both,0.0,0.0,0.0,0.0
revenue,Customs Duties,Customs Duties,2011-01-01,2019,both,0.0,0.0,0.0,0.0
revenue,Customs Duties,Customs Duties,2011-01-01,2020,both,0.0,0.0,0.0,0.0
revenue,Customs Duties,Customs Duties,2011-01-01,2021,both,0.0,0.0,0.0,0.0
revenue,Customs Duties,Customs Duties,2011-03-01,2011,both,0.0,0.0,0.0,0.0
revenue,Customs Duties,Customs Duties,2011-03-01,2012,both,0.0,0.0,0.0,0.0
revenue,Customs Duties,Customs Duties,2011-03-01,2013,both,0.0,0.0,0.0,0.0
revenue,Customs Duties,Customs Duties,2011-03-01,2014,both,0.0,0.0,0.0,0.0
revenue,Customs Duties,Customs Duties,2011-03-01,2015,both,0.0,0.0,0.0,0.0
revenue,Customs Duties,Customs Duties,2011-03-01,2016,both,0.0,0.0,0.0,0.0
revenue,Customs Duties,Customs Duties,2011-03-01,2017,both,0.0,0.0,0.0,0.0
revenue,Customs Duties,Customs Duties,2011-03-01,2018,both,0.0,0.0,0.0,0.0
revenue,Customs Duties,Customs Duties,2011-03-01,2019,both,0.0,0.0,0.0,0.0
revenue,Customs Duties,Customs Duties,2011-03-01,2020,both,0.0,0.0,0.0,0.0
revenue,Customs Duties,Customs Duties,2011-03-01,2021,both,0.0,0.0,0.0,0.0
revenue,Customs Duties,Customs Duties,2012-01-01,2012,both,0.0,0.0,0.0,0.0
revenue,Customs Duties,Customs Duties,2012-01-01,2013,both,0.0,0.0,0.0,0.0
revenue,Customs Duties,Customs Duties,2012-01-01,2014,both,0.0,0.0,0.0,0.0
revenue,Customs Duties,Customs Duties,2012-01-01,2015,both,0.0,0.0,0.0,0.0
revenue,Customs Duties,Customs Duties,2012-01-01,2016,both,0.0,0.0,0.0,0.0
revenue,Customs Duties,Customs Duties,2012-01-01,2017,both,0.0,0.0,0.0,0.0
revenue,Customs Duties,Customs Duties,2012-01-01,2018,both,0.0,0.0,0.0,0.0
revenue,Customs Duties,Customs Duties,2012-01-01,2019,both,0.0,0.0,0.0,0.0
revenue,Customs Duties,Customs Duties,2012-01-01,2020,both,0.0,0.0,0.0,0.0
revenue,Customs Duties,Customs Duties,2012-01-01,2021,both,0.0,0.0,0.0,0.0
revenue,Customs Duties,Customs Duties,2012-01-01,2022,both,0.0,0.0,0.0,0.0
revenue,Customs Duties,Customs Duties,2012-03-01,2012,both,0.0,0.0,0.0,0.0
revenue,Customs Duties,Customs Duties,2012-03-01,2013,both,0.0,0.0,0.0,0.0
revenue,Customs Duties,Customs Duties,2012-03-01,2014,both,0.0,0.0,0.0,0.0
revenue,Customs Duties,Customs Duties,2012-03-01,2015,both,0.0,0.0,0.0,0.0
revenue,Customs Duties,Customs Duties,2012-03-01,2016,both,0.0,0.0,0.0,0.0
revenue,Customs Duties,Customs Duties,2012-03-01,2017,both,0.0,0.0,0.0,0.0
revenue,Customs Duties,Customs Duties,2012-03-01,2018,both,0.0,0.0,0.0,0.0
revenue,Customs Duties,Customs Duties,2012-03-01,2019,both,0.0,0.0,0.0,0.0
revenue,Customs Duties,Customs Duties,2012-03-01,2020,both,0.0,0.0,0.0,0.0
revenue,Customs Duties,Customs Duties,2012-03-01,2021,both,0.0,0.0,0.0,0.0
revenue,Customs Duties,Customs Duties,2012-03-01,2022,both,0.0,0.0,0.0,0.0
revenue,Customs Duties,Customs Duties,2013-02-01,2013,both,0.0,0.0,0.0,0.0
revenue,Customs Duties,Customs Duties,2013-02-01,2014,both,0.0,0.0,0.0,0.0
revenue,Customs Duties,Customs Duties,2013-02-01,2015,both,0.0,0.0,0.0,0.0
revenue,Customs Duties,Customs Duties,2013-02-01,2016,both,0.0,0.0,0.0,0.0
revenue,Customs Duties,Customs Duties,2013-02-01,2017,both,0.0,0.0,0.0,0.0
revenue,Customs Duties,Customs Duties,2013-02-01,2018,both,0.0,0.0,0.0,0.0
revenue,Customs Duties,Customs Duties,2013-02-01,2019,both,0.0,0.0,0.0,0.0
revenue,Customs Duties,Customs Duties,2013-02-01,2020,both,0.0,0.0,0.0,0.0
revenue,Customs Duties,Customs Duties,2013-02-01,2021,both,0.0,0.0,0.0,0.0
revenue,Customs Duties,Customs Duties,2013-02-01,2022,both,0.0,0.0,0.0,0.0
revenue,Customs Duties,Customs Duties,2013-02-01,2023,both,0.0,0.0,0.0,0.0
revenue,Customs Duties,Customs Duties,2013-05-01,2013,both,0.0,0.0,0.0,0.0
revenue,Customs Duties,Customs Duties,2013-05-01,2014,both,0.0,0.0,0.0,0.0
revenue,Customs Duties,Customs Duties,2013-05-01,2015,both,0.0,0.0,0.0,0.0
revenue,Customs Duties,Customs Duties,2013-05-01,2016,both,0.0,0.0,0.0,0.0
revenue,Customs Duties,Customs Duties,2013-05-01,2017,both,0.0,0.0,0.0,0.0
revenue,Customs Duties,Customs Duties,2013-05-01,2018,both,0.0,0.0,0.0,0.0
revenue,Customs Duties,Customs Duties,2013-05-01,2019,both,0.0,0.0,0.0,0.0
revenue,Customs Duties,Customs Duties,2013-05-01,2020,both,0.0,0.0,0.0,0.0
revenue,Customs Duties,Customs Duties,2013-05-01,2021,both,0.0,0.0,0.0,0.0
revenue,Customs Duties,Customs Duties,2013-05-01,2022,both,0.0,0.0,0.0,0.0
revenue,Customs Duties,Customs Duties,2013-05-01,2023,both,0.0,0.0,0.0,0.0
revenue,Customs Duties,Customs Duties,2014-02-01,2014,both,0.0,0.0,0.0,0.0
revenue,Customs Duties,Customs Duties,2014-02-01,2015,both,0.0,0.0,0.0,0.0
revenue,Customs Duties,Customs Duties,2014-02-01,2016,both,0.0,0.0,0.0,0.0
revenue,Customs Duties,Customs Duties,2014-02-01,2017,both,0.0,0.0,0.0,0.0
revenue,Customs Duties,Customs Duties,2014-02-01,2018,both,0.0,0.0,0.0,0.0
revenue,Customs Duties,Customs Duties,2014-02-01,2019,both,0.0,0.0,0.0,0.0
revenue,Customs Duties,Customs Duties,2014-02-01,2020,both,0.0,0.0,0.0,0.0
revenue,Customs Duties,Customs Duties,2014-02-01,2021,both,0.0,0.0,0.0,0.0
revenue,Customs Duties,Customs Duties,2014-02-01,2022,both,0.0,0.0,0.0,0.0
revenue,Customs Duties,Customs Duties,2014-02-01,2023,both,0.0,0.0,0.0,0.0
revenue,Customs Duties,Customs Duties,2014-02-01,2024,both,0.0,0.0,0.0,0.0
revenue,Customs Duties,Customs Duties,2014-04-01,2014,both,0.0,0.0,0.0,0.0
revenue,Customs Duties,Customs Duties,2014-04-01,2015,both,0.0,0.0,0.0,0.0
revenue,Customs Duties,Customs Duties,2014-04-01,2016,both,0.0,0.0,0.0,0.0
revenue,Customs Duties,Customs Duties,2014-04-01,2017,both,0.0,0.0,0.0,0.0
revenue,Customs Duties,Customs Duties,2014-04-01,2018,both,0.0,0.0,0.0,0.0
revenue,Customs Duties,Customs Duties,2014-04-01,2019,both,0.0,0.0,0.0,0.0
revenue,Customs Duties,Customs Duties,2014-04-01,2020,both,0.0,0.0,0.0,0.0
revenue,Customs Duties,Customs Duties,2014-04-01,2021,both,0.0,0.0,0.0,0.0
revenue,Customs Duties,Customs Duties,2014-04-01,2022,both,0.0,0.0,0.0,0.0
revenue,Customs Duties,Customs Duties,2014-04-01,2023,both,0.0,0.0,0.0,0.0
revenue,Customs Duties,Customs Duties,2014-04-01,2024,both,0.0,0.0,0.0,0.0
revenue,Customs Duties,Customs Duties,2015-01-01,2015,both,0.0,0.0,0.0,0.0
revenue,Customs Duties,Customs Duties,2015-01-01,2016,both,0.0,0.0,0.0,0.0
revenue,Customs Duties,Customs Duties,2015-01-01,2017,both,0.0,0.0,0.0,0.0
revenue,Customs Duties,Customs Duties,2015-01-01,2018,both,0.0,0.0,0.0,0.0
revenue,Customs Duties,Customs Duties,2015-01-01,2019,both,0.0,0.0,0.0,0.0
revenue,Customs Duties,Customs Duties,2015-01-01,2020,both,0.0,0.0,0.0,0.0
revenue,Customs Duties,Customs Duties,2015-01-01,2021,both,0.0,0.0,0.0,0.0
revenue,Customs Duties,Customs Duties,2015-01-01,2022,both,0.0,0.0,0.0,0.0
revenue,Customs Duties,Customs Duties,2015-01-01,2023,both,0.0,0.0,0.0,0.0
revenue,Customs Duties,Customs Duties,2015-01-01,2024,both,0.0,0.0,0.0,0.0
revenue,Customs Duties,Customs Duties,2015-01-01,2025,both,0.0,0.0,0.0,0.0
revenue,Customs Duties,Customs Duties,2015-03-01,2015,both,0.0,0.0,0.0,0.0
revenue,Customs Duties,Customs Duties,2015-03-01,2016,both,0.0,0.0,0.0,0.0
revenue,Customs Duties,Customs Duties,2015-03-01,2017,both,0.0,0.0,0.0,0.0
revenue,Customs Duties,Customs Duties,2015-03-01,2018,both,0.0,0.0,0.0,0.0
revenue,Customs Duties,Customs Duties,2015-03-01,2019,both,0.0,0.0,0.0,0.0
revenue,Customs Duties,Customs Duties,2015-03-01,2020,both,0.0,0.0,0.0,0.0
revenue,Customs Duties,Customs Duties,2015-03-01,2021,both,0.0,0.0,0.0,0.0
revenue,Customs Duties,Customs Duties,2015-03-01,2022,both,0.0,0.0,0.0,0.0
revenue,Customs Duties,Customs Duties,2015-03-01,2023,both,0.0,0.0,0.0,0.0
revenue,Customs Duties,Customs Duties,2015-03-01,2024,both,0.0,0.0,0.0,0.0
revenue,Customs Duties,Customs Duties,2015-03-01,2025,both,0.0,0.0,0.0,0.0
revenue,Customs Duties,Customs Duties,2016-01-01,2016,both,0.0,0.0,0.0,0.0
revenue,Customs Duties,Customs Duties,2016-01-01,2017,both,0.0,0.0,0.0,0.0
revenue,Customs Duties,Customs Duties,2016-01-01,2018,both,0.0,0.0,0.0,0.0
revenue,Customs Duties,Customs Duties,2016-01-01,2019,both,0.0,0.0,0.0,0.0
revenue,Customs Duties,Customs Duties,2016-01-01,2020,both,0.0,0.0,0.0,0.0
revenue,Customs Duties,Customs Duties,2016-01-01,2021,both,0.0,0.0,0.0,0.0
revenue,Customs Duties,Customs Duties,2016-01-01,2022,both,0.0,0.0,0.0,0.0
revenue,Customs Duties,Customs Duties,2016-01-01,2023,both,0.0,0.0,0.0,0.0
revenue,Customs Duties,Customs Duties,2016-01-01,2024,both,0.0,0.0,0.0,0.0
revenue,Customs Duties,Customs Duties,2016-01-01,2025,both,0.0,0.0,0.0,0.0
revenue,Customs Duties,Customs Duties,2016-03-01,2016,both,0.0,0.0,0.0,0.0
revenue,Customs Duties,Customs Duties,2016-03-01,2017,both,0.0,0.0,0.0,0.0
revenue,Customs Duties,Customs Duties,2016-03-01,2018,both,0.0,0.0,0.0,0.0
revenue,Customs Duties,Customs Duties,2016-03-01,2019,both,0.0,0.0,0.0,0.0
revenue,Customs Duties,Customs Duties,2016-03-01,2020,both,0.0,0.0,0.0,0.0
revenue,Customs Duties,Customs Duties,2016-03-01,2021,both,0.0,0.0,0.0,0.0
revenue,Customs Duties,Customs Duties,2016-03-01,2022,both,0.0,0.0,0.0,0.0
revenue,Customs Duties,Customs Duties,2016-03-01,2023,both,0.0,0.0,0.0,0.0
revenue,Customs Duties,Customs Duties,2016-03-01,2024,both,0.0,0.0,0.0,0.0
revenue,Customs Duties,Customs Duties,2016-03-01,2025,both,0.0,0.0,0.0,0.0
revenue,Customs Duties,Customs Duties,2017-01-01,2017,both,0.0,0.0,0.0,0.0
revenue,Customs Duties,Customs Duties,2017-01-01,2018,both,0.0,0.0,0.0,0.0
revenue,Customs Duties,Customs Duties,2017-01-01,2019,both,0.0,0.0,0.0,0.0
revenue,Customs Duties,Customs Duties,2017-01-01,2020,both,0.0,0.0,0.0,0.0
revenue,Customs Duties,Customs Duties,2017-01-01,2021,both,0.0,0.0,0.0,0.0
revenue,Customs Duties,Customs Duties,2017-01-01,2022,both,0.0,0.0,0.0,0.0
revenue,Customs Duties,Customs Duties,2017-01-01,2023,both,0.0,0.0,0.0,0.0
revenue,Customs Duties,Customs Duties,2017-01-01,2024,both,0.0,0.0,0.0,0.0
revenue,Customs Duties,Customs Duties,2017-01-01,2025,both,0.0,0.0,0.0,0.0
revenue,Customs Duties,Customs Duties,2017-06-01,2017,both,0.0,0.0,0.0,0.0
revenue,Customs Duties,Customs Duties,2017-06-01,2018,both,0.0,0.0,0.0,0.0
revenue,Customs Duties,Customs Duties,2017-06-01,2019,both,0.0,0.0,0.0,0.0
revenue,Customs Duties,Customs Duties,2017-06-01,2020,both,0.0,0.0,0.0,0.0
revenue,Customs Duties,Customs Duties,2017-06-01,2021,both,0.0,0.0,0.0,0.0
revenue,Customs Duties,Customs Duties,2017-06-01,2022,both,0.0,0.0,0.0,0.0
revenue,Customs Duties,Customs Duties,2017-06-01,2023,both,0.0,0.0,0.0,0.0
revenue,Customs Duties,Customs Duties,2017-06-01,2024,both,0.0,0.0,0.0,0.0
revenue,Customs Duties,Customs Duties,2017-06-01,2025,both,0.0,0.0,0.0,0.0
revenue,Customs Duties,Customs Duties,2018-04-01,2018,both,0.0,0.0,0.0,0.0
revenue,Customs Duties,Customs Duties,2018-04-01,2019,both,0.0,0.0,0.0,0.0
revenue,Customs Duties,Customs Duties,2018-04-01,2020,both,0.0,0.0,0.0,0.0
revenue,Customs Duties,Customs Duties,2018-04-01,2021,both,0.0,0.0,0.0,0.0
revenue,Customs Duties,Customs Duties,2018-04-01,2022,both,0.0,0.0,0.0,0.0
revenue,Customs Duties,Customs Duties,2018-04-01,2023,both,0.0,0.0,0.0,0.0
revenue,Customs Duties,Customs Duties,2018-04-01,2024,both,0.0,0.0,0.0,0.0
revenue,Customs Duties,Customs Duties,2018-04-01,2025,both,0.0,0.0,0.0,0.0
revenue,Customs Duties,Customs Duties,2018-05-01,2018,both,0.0,0.0,0.0,0.0
revenue,Customs Duties,Customs Duties,2018-05-01,2019,both,0.0,0.0,0.0,0.0
revenue,Customs Duties,Customs Duties,2018-05-01,2020,both,0.0,0.0,0.0,0.0
revenue,Customs Duties,Customs Duties,2018-05-01,2021,both,0.0,0.0,0.0,0.0
revenue,Customs Duties,Customs Duties,2018-05-01,2022,both,0.0,0.0,0.0,0.0
revenue,Customs Duties,Customs Duties,2018-05-01,2023,both,0.0,0.0,0.0,0.0
revenue,Customs Duties,Customs Duties,2018-05-01,2024,both,0.0,0.0,0.0,0.0
revenue,Customs Duties,Customs Duties,2018-05-01,2025,both,0.0,0.0,0.0,0.0
revenue,Customs Duties,Customs Duties,2019-01-01,2019,both,0.0,0.0,0.0,0.0
revenue,Customs Duties,Customs Duties,2019-01-01,2020,both,0.0,0.0,0.0,0.0
revenue,Customs Duties,Customs Duties,2019-01-01,2021,both,0.0,0.0,0.0,0.0
revenue,Customs Duties,Customs Duties,2019-01-01,2022,both,0.0,0.0,0.0,0.0
revenue,Customs Duties,Customs Duties,2019-01-01,2023,both,0.0,0.0,0.0,0.0
revenue,Customs Duties,Customs Duties,2019-01-01,2024,both,0.0,0.0,0.0,0.0
revenue,Customs Duties,Customs Duties,2019-01-01,2025,both,0.0,0.0,0.0,0.0
revenue,Customs Duties,Customs Duties,2019-05-01,2019,both,0.0,0.0,0.0,0.0
revenue,Customs Duties,Customs Duties,2019-05-01,2020,both,0.0,0.0,0.0,0.0
revenue,Customs Duties,Customs Duties,2019-05-01,2021,both,0.0,0.0,0.0,0.0
revenue,Customs Duties,Customs Duties,2019-05-01,2022,both,0.0,0.0,0.0,0.0
revenue,Customs Duties,Customs Duties,2019-05-01,2023,both,0.0,0.0,0.0,0.0
revenue,Customs Duties,Customs Duties,2019-05-01,2024,both,0.0,0.0,0.0,0.0
revenue,Customs Duties,Customs Duties,2019-05-01,2025,both,0.0,0.0,0.0,0.0
revenue,Customs Duties,Customs Duties,2020-01-01,2020,both,0.0,0.0,0.0,0.0
revenue,Customs Duties,Customs Duties,2020-01-01,2021,both,0.0,0.0,0.0,0.0
revenue,Customs Duties,Customs Duties,2020-01-01,2022,both,0.0,0.0,0.0,0.0
revenue,Customs Duties,Customs Duties,2020-01-01,2023,both,0.0,0.0,0.0,0.0
revenue,Customs Duties,Customs Duties,2020-01-01,2024,both,0.0,0.0,0.0,0.0
revenue,Customs Duties,Customs Duties,2020-01-01,2025,both,0.0,0.0,0.0,0.0
revenue,Customs Duties,Customs Duties,2020-03-01,2020,both,0.0,0.0,0.0,0.0
revenue,Customs Duties,Customs Duties,2020-03-01,2021,both,0.0,0.0,0.0,0.0
revenue,Customs Duties,Customs Duties,2020-03-01,2022,both,0.0,0.0,0.0,0.0
revenue,Customs Duties,Customs Duties,2020-03-01,2023,both,0.0,0.0,0.0,0.0
revenue,Customs Duties,Customs Duties,2020-03-01,2024,both,0.0,0.0,0.0,0.0
revenue,Customs Duties,Customs Duties,2020-03-01,2025,both,0.0,0.0,0.0,0.0
revenue,Customs Duties,Customs Duties,2021-02-01,2021,both,0.0,0.0,0.0,0.0
revenue,Customs Duties,Customs Duties,2021-02-01,2022,both,0.0,0.0,0.0,0.0
revenue,Customs Duties,Customs Duties,2021-02-01,2023,both,0.0,0.0,0.0,0.0
revenue,Customs Duties,Customs Duties,2021-02-01,2024,both,0.0,0.0,0.0,0.0
revenue,Customs Duties,Customs Duties,2021-02-01,2025,both,0.0,0.0,0.0,0.0
revenue,Customs Duties,Customs Duties,2021-07-01,2021,both,0.0,0.0,0.0,0.0
revenue,Customs Duties,Customs Duties,2021-07-01,2022,both,0.0,0.0,0.0,0.0
revenue,Customs Duties,Customs Duties,2021-07-01,2023,both,0.0,0.0,0.0,0.0
revenue,Customs Duties,Customs Duties,2021-07-01,2024,both,0.0,0.0,0.0,0.0
revenue,Customs Duties,Customs Duties,2021-07-01,2025,both,0.0,0.0,0.0,0.0
revenue,Customs Duties,Customs Duties,2022-05-01,2022,both,0.0,0.0,0.0,0.0
revenue,Customs Duties,Customs Duties,2022-05-01,2023,both,0.0,0.0,0.0,0.0
revenue,Customs Duties,Customs Duties,2022-05-01,2024,both,0.0,0.0,0.0,0.0
revenue,Customs Duties,Customs Duties,2022-05-01,2025,both,0.0,0.0,0.0,0.0
revenue,Customs Duties,Customs Duties,2023-02-01,2023,both,0.0,0.0,0.0,0.0
revenue,Customs Duties,Customs Duties,2023-02-01,2024,both,0.0,0.0,0.0,0.0
revenue,Customs Duties,Customs Duties,2023-02-01,2025,both,0.0,0.0,0.0,0.0
revenue,Customs Duties,Customs Duties,2023-05-01,2023,both,0.0,0.0,0.0,0.0
revenue,Customs Duties,Customs Duties,2023-05-01,2024,both,0.0,0.0,0.0,0.0
revenue,Customs Duties,Customs Duties,2023-05-01,2025,both,0.0,0.0,0.0,0.0
revenue,Customs Duties,Customs Duties,2024-02-01,2024,both,0.0,0.0,0.0,0.0
revenue,Customs Duties,Customs Duties,2024-02-01,2025,both,0.0,0.0,0.0,0.0
revenue,Customs Duties,Customs Duties,2024-06-01,2024,both,0.0,0.0,0.0,0.0
revenue,Customs Duties,Customs Duties,2024-06-01,2025,both,0.0,0.0,0.0,0.0
revenue,Customs Duties,Customs Duties,2025-01-01,2025,both,0.0,0.0,0.0,0.0
revenue,Estate and Gift Taxes,Estate and Gift Taxes,1982-02-01,1982,both,0.0,0.0,0.0,0.0
revenue,Estate and Gift Taxes,Estate and Gift Taxes,1982-02-01,1983,both,0.0,0.0,0.0,0.0
revenue,Estate and Gift Taxes,Estate and Gift Taxes,1982-02-01,1984,both,0.0,0.0,0.0,0.0
revenue,Estate and Gift Taxes,Estate and Gift Taxes,1982-02-01,1985,both,0.0,0.0,0.0,0.0
revenue,Estate and Gift Taxes,Estate and Gift Taxes,1982-02-01,1986,both,0.0,0.0,0.0,0.0
revenue,Estate and Gift Taxes,Estate and Gift Taxes,1982-02-01,1987,both,0.0,0.0,0.0,0.0
revenue,Estate and Gift Taxes,Estate and Gift Taxes,1983-02-01,1983,both,0.0,0.0,0.0,0.0
revenue,Estate and Gift Taxes,Estate and Gift Taxes,1983-02-01,1984,both,0.0,0.0,0.0,0.0
revenue,Estate and Gift Taxes,Estate and Gift Taxes,1983-02-01,1985,both,0.0,0.0,0.0,0.0
revenue,Estate and Gift Taxes,Estate and Gift Taxes,1983-02-01,1986,both,0.0,0.0,0.0,0.0
revenue,Estate and Gift Taxes,Estate and Gift Taxes,1983-02-01,1987,both,0.0,0.0,0.0,0.0
revenue,Estate and Gift Taxes,Estate and Gift Taxes,1983-02-01,1988,both,0.0,0.0,0.0,0.0
revenue,Estate and Gift Taxes,Estate and Gift Taxes,1984-02-01,1984,both,0.0,0.0,0.0,0.0
revenue,Estate and Gift Taxes,Estate and Gift Taxes,1984-02-01,1985,both,0.0,0.0,0.0,0.0
revenue,Estate and Gift Taxes,Estate and Gift Taxes,1984-02-01,1986,both,0.0,0.0,0.0,0.0
revenue,Estate and Gift Taxes,Estate and Gift Taxes,1984-02-01,1987,both,0.0,0.0,0.0,0.0
revenue,Estate and Gift Taxes,Estate and Gift Taxes,1984-02-01,1988,both,0.0,0.0,0.0,0.0
revenue,Estate and Gift Taxes,Estate and Gift Taxes,1984-02-01,1989,both,0.0,0.0,0.0,0.0
revenue,Estate and Gift Taxes,Estate and Gift Taxes,1985-02-01,1985,both,0.0,0.0,0.0,0.0
revenue,Estate and Gift Taxes,Estate and Gift Taxes,1985-02-01,1986,both,0.0,0.0,0.0,0.0
revenue,Estate and Gift Taxes,Estate and Gift Taxes,1985-02-01,1987,both,0.0,0.0,0.0,0.0
revenue,Estate and Gift Taxes,Estate and Gift Taxes,1985-02-01,1988,both,0.0,0.0,0.0,0.0
revenue,Estate and Gift Taxes,Estate and Gift Taxes,1985-02-01,1989,both,0.0,0.0,0.0,0.0
revenue,Estate and Gift Taxes,Estate and Gift Taxes,1985-02-01,1990,both,0.0,0.0,0.0,0.0
revenue,Estate and Gift Taxes,Estate and Gift Taxes,1986-02-01,1986,both,0.0,0.0,0.0,0.0
revenue,Estate and Gift Taxes,Estate and Gift Taxes,1986-02-01,1987,both,0.0,0.0,0.0,0.0
revenue,Estate and Gift Taxes,Estate and Gift Taxes,1986-02-01,1988,both,0.0,0.0,0.0,0.0
revenue,Estate and Gift Taxes,Estate and Gift Taxes,1986-02-01,1989,both,0.0,0.0,0.0,0.0
revenue,Estate and Gift Taxes,Estate and Gift Taxes,1986-02-01,1990,both,0.0,0.0,0.0,0.0
revenue,Estate and Gift Taxes,Estate and Gift Taxes,1986-02-01,1991,both,0.0,0.0,0.0,0.0
revenue,Estate and Gift Taxes,Estate and Gift Taxes,1987-01-01,1987,both,0.0,0.0,0.0,0.0
revenue,Estate and Gift Taxes,Estate and Gift Taxes,1987-01-01,1988,both,0.0,0.0,0.0,0.0
revenue,Estate and Gift Taxes,Estate and Gift Taxes,1987-01-01,1989,both,0.0,0.0,0.0,0.0
revenue,Estate and Gift Taxes,Estate and Gift Taxes,1987-01-01,1990,both,0.0,0.0,0.0,0.0
revenue,Estate and Gift Taxes,Estate and Gift Taxes,1987-01-01,1991,both,0.0,0.0,0.0,0.0
revenue,Estate and Gift Taxes,Estate and Gift Taxes,1987-01-01,1992,both,0.0,0.0,0.0,0.0
revenue,Estate and Gift Taxes,Estate and Gift Taxes,1988-02-01,1988,both,0.0,0.0,0.0,0.0
revenue,Estate and Gift Taxes,Estate and Gift Taxes,1988-02-01,1989,both,0.0,0.0,0.0,0.0
revenue,Estate and Gift Taxes,Estate and Gift Taxes,1988-02-01,1990,both,0.0,0.0,0.0,0.0
revenue,Estate and Gift Taxes,Estate and Gift Taxes,1988-02-01,1991,both,0.0,0.0,0.0,0.0
revenue,Estate and Gift Taxes,Estate and Gift Taxes,1988-02-01,1992,both,0.0,0.0,0.0,0.0
revenue,Estate and Gift Taxes,Estate and Gift Taxes,1988-02-01,1993,both,0.0,0.0,0.0,0.0
revenue,Estate and Gift Taxes,Estate and Gift Taxes,1989-01-01,1989,both,0.0,0.0,0.0,0.0
revenue,Estate and Gift Taxes,Estate and Gift Taxes,1989-01-01,1990,both,0.0,0.0,0.0,0.0
revenue,Estate and Gift Taxes,Estate and Gift Taxes,1989-01-01,1991,both,0.0,0.0,0.0,0.0
revenue,Estate and Gift Taxes,Estate and Gift Taxes,1989-01-01,1992,both,0.0,0.0,0.0,0.0
revenue,Estate and Gift Taxes,Estate and Gift Taxes,1989-01-01,1993,both,0.0,0.0,0.0,0.0
revenue,Estate and Gift Taxes,Estate and Gift Taxes,1989-01-01,1994,both,0.0,0.0,0.0,0.0
revenue,Estate and Gift Taxes,Estate and Gift Taxes,1990-01-01,1990,both,0.0,0.0,0.0,0.0
revenue,Estate and Gift Taxes,Estate and Gift Taxes,1990-01-01,1991,both,0.0,0.0,0.0,0.0
revenue,Estate and Gift Taxes,Estate and Gift Taxes,1990-01-01,1992,both,0.0,0.0,0.0,0.0
revenue,Estate and Gift Taxes,Estate and Gift Taxes,1990-01-01,1993,both,0.0,0.0,0.0,0.0
revenue,Estate and Gift Taxes,Estate and Gift Taxes,1990-01-01,1994,both,0.0,0.0,0.0,0.0
revenue,Estate and Gift Taxes,Estate and Gift Taxes,1990-01-01,1995,both,0.0,0.0,0.0,0.0
revenue,Estate and Gift Taxes,Estate and Gift Taxes,1991-01-01,1991,both,0.0,0.0,0.0,0.0
revenue,Estate and Gift Taxes,Estate and Gift Taxes,1991-01-01,1992,both,0.0,0.0,0.0,0.0
revenue,Estate and Gift Taxes,Estate and Gift Taxes,1991-01-01,1993,both,0.0,0.0,0.0,0.0
revenue,Estate and Gift Taxes,Estate and Gift Taxes,1991-01-01,1994,both,0.0,0.0,0.0,0.0
revenue,Estate and Gift Taxes,Estate and Gift Taxes,1991-01-01,1995,both,0.0,0.0,0.0,0.0
revenue,Estate and Gift Taxes,Estate and Gift Taxes,1991-01-01,1996,both,0.0,0.0,0.0,0.0
revenue,Estate and Gift Taxes,Estate and Gift Taxes,1992-01-01,1992,both,0.0,0.0,0.0,0.0
revenue,Estate and Gift Taxes,Estate and Gift Taxes,1992-01-01,1993,both,0.0,0.0,0.0,0.0
revenue,Estate and Gift Taxes,Estate and Gift Taxes,1992-01-01,1994,both,0.0,0.0,0.0,0.0
revenue,Estate and Gift Taxes,Estate and Gift Taxes,1992-01-01,1995,both,0.0,0.0,0.0,0.0
revenue,Estate and Gift Taxes,Estate and Gift Taxes,1992-01-01,1996,both,0.0,0.0,0.0,0.0
revenue,Estate and Gift Taxes,Estate and Gift Taxes,1992-01-01,1997,both,0.0,0.0,0.0,0.0
revenue,Estate and Gift Taxes,Estate and Gift Taxes,1992-01-01,1998,both,0.0,0.0,0.0,0.0
revenue,Estate and Gift Taxes,Estate and Gift Taxes,1992-01-01,1999,both,0.0,0.0,0.0,0.0
revenue,Estate and Gift Taxes,Estate and Gift Taxes,1992-01-01,2000,both,0.0,0.0,0.0,0.0
revenue,Estate and Gift Taxes,Estate and Gift Taxes,1992-01-01,2001,both,0.0,0.0,0.0,0.0
revenue,Estate and Gift Taxes,Estate and Gift Taxes,1992-01-01,2002,both,0.0,0.0,0.0,0.0
revenue,Estate and Gift Taxes,Estate and Gift Taxes,1992-03-01,1992,both,0.0,0.0,0.0,0.0
revenue,Estate and Gift Taxes,Estate and Gift Taxes,1992-03-01,1993,both,0.0,0.0,0.0,0.0
revenue,Estate and Gift Taxes,Estate and Gift Taxes,1992-03-01,1994,both,0.0,0.0,0.0,0.0
revenue,Estate and Gift Taxes,Estate and Gift Taxes,1992-03-01,1995,both,0.0,0.0,0.0,0.0
revenue,Estate and Gift Taxes,Estate and Gift Taxes,1992-03-01,1996,both,0.0,0.0,0.0,0.0
revenue,Estate and Gift Taxes,Estate and Gift Taxes,1992-03-01,1997,both,0.0,0.0,0.0,0.0
revenue,Estate and Gift Taxes,Estate and Gift Taxes,1993-01-01,1993,both,0.0,0.0,0.0,0.0
revenue,Estate and Gift Taxes,Estate and Gift Taxes,1993-01-01,1994,both,0.0,0.0,0.0,0.0
revenue,Estate and Gift Taxes,Estate and Gift Taxes,1993-01-01,1995,both,0.0,0.0,0.0,0.0
revenue,Estate and Gift Taxes,Estate and Gift Taxes,1993-01-01,1996,both,0.0,0.0,0.0,0.0
revenue,Estate and Gift Taxes,Estate and Gift Taxes,1993-01-01,1997,both,0.0,0.0,0.0,0.0
revenue,Estate and Gift Taxes,Estate and Gift Taxes,1993-01-01,1998,both,0.0,0.0,0.0,0.0
revenue,Estate and Gift Taxes,Estate and Gift Taxes,1993-01-01,1999,both,0.0,0.0,0.0,0.0
revenue,Estate and Gift Taxes,Estate and Gift Taxes,1993-01-01,2000,both,0.0,0.0,0.0,0.0
revenue,Estate and Gift Taxes,Estate and Gift Taxes,1993-01-01,2001,both,0.0,0.0,0.0,0.0
revenue,Estate and Gift Taxes,Estate and Gift Taxes,1993-01-01,2002,both,0.0,0.0,0.0,0.0
revenue,Estate and Gift Taxes,Estate and Gift Taxes,1993-01-01,2003,both,0.0,0.0,0.0,0.0
revenue,Estate and Gift Taxes,Estate and Gift Taxes,1993-03-01,1993,both,0.0,0.0,0.0,0.0
revenue,Estate and Gift Taxes,Estate and Gift Taxes,1993-03-01,1994,both,0.0,0.0,0.0,0.0
revenue,Estate and Gift Taxes,Estate and Gift Taxes,1993-03-01,1995,both,0.0,0.0,0.0,0.0
revenue,Estate and Gift Taxes,Estate and Gift Taxes,1993-03-01,1996,both,0.0,0.0,0.0,0.0
revenue,Estate and Gift Taxes,Estate and Gift Taxes,1993-03-01,1997,both,0.0,0.0,0.0,0.0
revenue,Estate and Gift Taxes,Estate and Gift Taxes,1993-03-01,1998,both,0.0,0.0,0.0,0.0
revenue,Estate and Gift Taxes,Estate and Gift Taxes,1993-03-01,1999,both,0.0,0.0,0.0,0.0
revenue,Estate and Gift Taxes,Estate and Gift Taxes,1993-03-01,2000,both,0.0,0.0,0.0,0.0
revenue,Estate and Gift Taxes,Estate and Gift Taxes,1993-03-01,2001,both,0.0,0.0,0.0,0.0
revenue,Estate and Gift Taxes,Estate and Gift Taxes,1993-03-01,2002,both,0.0,0.0,0.0,0.0
revenue,Estate and Gift Taxes,Estate and Gift Taxes,1993-03-01,2003,both,0.0,0.0,0.0,0.0
revenue,Estate and Gift Taxes,Estate and Gift Taxes,1994-01-01,1994,both,0.0,0.0,0.0,0.0
revenue,Estate and Gift Taxes,Estate and Gift Taxes,1994-01-01,1995,both,0.0,0.0,0.0,0.0
revenue,Estate and Gift Taxes,Estate and Gift Taxes,1994-01-01,1996,both,0.0,0.0,0.0,0.0
revenue,Estate and Gift Taxes,Estate and Gift Taxes,1994-01-01,1997,both,0.0,0.0,0.0,0.0
revenue,Estate and Gift Taxes,Estate and Gift Taxes,1994-01-01,1998,both,0.0,0.0,0.0,0.0
revenue,Estate and Gift Taxes,Estate and Gift Taxes,1994-01-01,1999,both,0.0,0.0,0.0,0.0
revenue,Estate and Gift Taxes,Estate and Gift Taxes,1994-01-01,2000,both,0.0,0.0,0.0,0.0
revenue,Estate and Gift Taxes,Estate and Gift Taxes,1994-01-01,2001,both,0.0,0.0,0.0,0.0
revenue,Estate and Gift Taxes,Estate and Gift Taxes,1994-01-01,2002,both,0.0,0.0,0.0,0.0
revenue,Estate and Gift Taxes,Estate and Gift Taxes,1994-01-01,2003,both,0.0,0.0,0.0,0.0
revenue,Estate and Gift Taxes,Estate and Gift Taxes,1994-01-01,2004,both,0.0,0.0,0.0,0.0
revenue,Estate and Gift Taxes,Estate and Gift Taxes,1995-01-01,1995,both,0.0,0.0,0.0,0.0
revenue,Estate and Gift Taxes,Estate and Gift Taxes,1995-01-01,1996,both,0.0,0.0,0.0,0.0
revenue,Estate and Gift Taxes,Estate and Gift Taxes,1995-01-01,1997,both,0.0,0.0,0.0,0.0
revenue,Estate and Gift Taxes,Estate and Gift Taxes,1995-01-01,1998,both,0.0,0.0,0.0,0.0
revenue,Estate and Gift Taxes,Estate and Gift Taxes,1995-01-01,1999,both,0.0,0.0,0.0,0.0
revenue,Estate and Gift Taxes,Estate and Gift Taxes,1995-01-01,2000,both,0.0,0.0,0.0,0.0
revenue,Estate and Gift Taxes,Estate and Gift Taxes,1995-01-01,2001,both,0.0,0.0,0.0,0.0
revenue,Estate and Gift Taxes,Estate and Gift Taxes,1995-01-01,2002,both,0.0,0.0,0.0,0.0
revenue,Estate and Gift Taxes,Estate and Gift Taxes,1995-01-01,2003,both,0.0,0.0,0.0,0.0
revenue,Estate and Gift Taxes,Estate and Gift Taxes,1995-01-01,2004,both,0.0,0.0,0.0,0.0
revenue,Estate and Gift Taxes,Estate and Gift Taxes,1995-01-01,2005,both,0.0,0.0,0.0,0.0
revenue,Estate and Gift Taxes,Estate and Gift Taxes,1996-05-01,1996,both,0.0,0.0,0.0,0.0
revenue,Estate and Gift Taxes,Estate and Gift Taxes,1996-05-01,1997,both,0.0,0.0,0.0,0.0
revenue,Estate and Gift Taxes,Estate and Gift Taxes,1996-05-01,1998,both,0.0,0.0,0.0,0.0
revenue,Estate and Gift Taxes,Estate and Gift Taxes,1996-05-01,1999,both,0.0,0.0,0.0,0.0
revenue,Estate and Gift Taxes,Estate and Gift Taxes,1996-05-01,2000,both,0.0,0.0,0.0,0.0
revenue,Estate and Gift Taxes,Estate and Gift Taxes,1996-05-01,2001,both,0.0,0.0,0.0,0.0
revenue,Estate and Gift Taxes,Estate and Gift Taxes,1996-05-01,2002,both,0.0,0.0,0.0,0.0
revenue,Estate and Gift Taxes,Estate and Gift Taxes,1996-05-01,2003,both,0.0,0.0,0.0,0.0
revenue,Estate and Gift Taxes,Estate and Gift Taxes,1996-05-01,2004,both,0.0,0.0,0.0,0.0
revenue,Estate and Gift Taxes,Estate and Gift Taxes,1996-05-01,2005,both,0.0,0.0,0.0,0.0
revenue,Estate and Gift Taxes,Estate and Gift Taxes,1996-05-01,2006,both,0.0,0.0,0.0,0.0
revenue,Estate and Gift Taxes,Estate and Gift Taxes,1997-01-01,1997,both,0.0,0.0,0.0,0.0
revenue,Estate and Gift Taxes,Estate and Gift Taxes,1997-01-01,1998,both,0.0,0.0,0.0,0.0
revenue,Estate and Gift Taxes,Estate and Gift Taxes,1997-01-01,1999,both,0.0,0.0,0.0,0.0
revenue,Estate and Gift Taxes,Estate and Gift Taxes,1997-01-01,2000,both,0.0,0.0,0.0,0.0
revenue,Estate and Gift Taxes,Estate and Gift Taxes,1997-01-01,2001,both,0.0,0.0,0.0,0.0
revenue,Estate and Gift Taxes,Estate and Gift Taxes,1997-01-01,2002,both,0.0,0.0,0.0,0.0
revenue,Estate and Gift Taxes,Estate and Gift Taxes,1997-01-01,2003,both,0.0,0.0,0.0,0.0
revenue,Estate and Gift Taxes,Estate and Gift Taxes,1997-01-01,2004,both,0.0,0.0,0.0,0.0
revenue,Estate and Gift Taxes,Estate and Gift Taxes,1997-01-01,2005,both,0.0,0.0,0.0,0.0
revenue,Estate and Gift Taxes,Estate and Gift Taxes,1997-01-01,2006,both,0.0,0.0,0.0,0.0
revenue,Estate and Gift Taxes,Estate and Gift Taxes,1997-01-01,2007,both,0.0,0.0,0.0,0.0
revenue,Estate and Gift Taxes,Estate and Gift Taxes,1997-03-01,1997,both,0.0,0.0,0.0,0.0
revenue,Estate and Gift Taxes,Estate and Gift Taxes,1997-03-01,1998,both,0.0,0.0,0.0,0.0
revenue,Estate and Gift Taxes,Estate and Gift Taxes,1997-03-01,1999,both,0.0,0.0,0.0,0.0
revenue,Estate and Gift Taxes,Estate and Gift Taxes,1997-03-01,2000,both,0.0,0.0,0.0,0.0
revenue,Estate and Gift Taxes,Estate and Gift Taxes,1997-03-01,2001,both,0.0,0.0,0.0,0.0
revenue,Estate and Gift Taxes,Estate and Gift Taxes,1997-03-01,2002,both,0.0,0.0,0.0,0.0
revenue,Estate and Gift Taxes,Estate and Gift Taxes,1997-03-01,2003,both,0.0,0.0,0.0,0.0
revenue,Estate and Gift Taxes,Estate and Gift Taxes,1997-03-01,2004,both,0.0,0.0,0.0,0.0
revenue,Estate and Gift Taxes,Estate and Gift Taxes,1997-03-01,2005,both,0.0,0.0,0.0,0.0
revenue,Estate and Gift Taxes,Estate and Gift Taxes,1997-03-01,2006,both,0.0,0.0,0.0,0.0
revenue,Estate and Gift Taxes,Estate and Gift Taxes,1997-03-01,2007,both,0.0,0.0,0.0,0.0
revenue,Estate and Gift Taxes,Estate and Gift Taxes,1998-01-01,1998,both,0.0,0.0,0.0,0.0
revenue,Estate and Gift Taxes,Estate and Gift Taxes,1998-01-01,1999,both,0.0,0.0,0.0,0.0
revenue,Estate and Gift Taxes,Estate and Gift Taxes,1998-01-01,2000,both,0.0,0.0,0.0,0.0
revenue,Estate and Gift Taxes,Estate and Gift Taxes,1998-01-01,2001,both,0.0,0.0,0.0,0.0
revenue,Estate and Gift Taxes,Estate and Gift Taxes,1998-01-01,2002,both,0.0,0.0,0.0,0.0
revenue,Estate and Gift Taxes,Estate and Gift Taxes,1998-01-01,2003,both,0.0,0.0,0.0,0.0
revenue,Estate and Gift Taxes,Estate and Gift Taxes,1998-01-01,2004,both,0.0,0.0,0.0,0.0
revenue,Estate and Gift Taxes,Estate and Gift Taxes,1998-01-01,2005,both,0.0,0.0,0.0,0.0
revenue,Estate and Gift Taxes,Estate and Gift Taxes,1998-01-01,2006,both,0.0,0.0,0.0,0.0
revenue,Estate and Gift Taxes,Estate and Gift Taxes,1998-01-01,2007,both,0.0,0.0,0.0,0.0
revenue,Estate and Gift Taxes,Estate and Gift Taxes,1998-01-01,2008,both,0.0,0.0,0.0,0.0
revenue,Estate and Gift Taxes,Estate and Gift Taxes,1998-03-01,1998,both,0.0,0.0,0.0,0.0
revenue,Estate and Gift Taxes,Estate and Gift Taxes,1998-03-01,1999,both,0.0,0.0,0.0,0.0
revenue,Estate and Gift Taxes,Estate and Gift Taxes,1998-03-01,2000,both,0.0,0.0,0.0,0.0
revenue,Estate and Gift Taxes,Estate and Gift Taxes,1998-03-01,2001,both,0.0,0.0,0.0,0.0
revenue,Estate and Gift Taxes,Estate and Gift Taxes,1998-03-01,2002,both,0.0,0.0,0.0,0.0
revenue,Estate and Gift Taxes,Estate and Gift Taxes,1998-03-01,2003,both,0.0,0.0,0.0,0.0
revenue,Estate and Gift Taxes,Estate and Gift Taxes,1998-03-01,2004,both,0.0,0.0,0.0,0.0
revenue,Estate and Gift Taxes,Estate and Gift Taxes,1998-03-01,2005,both,0.0,0.0,0.0,0.0
revenue,Estate and Gift Taxes,Estate and Gift Taxes,1998-03-01,2006,both,0.0,0.0,0.0,0.0
revenue,Estate and Gift Taxes,Estate and Gift Taxes,1998-03-01,2007,both,0.0,0.0,0.0,0.0
revenue,Estate and Gift Taxes,Estate and Gift Taxes,1998-03-01,2008,both,0.0,0.0,0.0,0.0
revenue,Estate and Gift Taxes,Estate and Gift Taxes,1999-01-01,1999,both,0.0,0.0,0.0,0.0
revenue,Estate and Gift Taxes,Estate and Gift Taxes,1999-01-01,2000,both,0.0,0.0,0.0,0.0
revenue,Estate and Gift Taxes,Estate and Gift Taxes,1999-01-01,2001,both,0.0,0.0,0.0,0.0
revenue,Estate and Gift Taxes,Estate and Gift Taxes,1999-01-01,2002,both,0.0,0.0,0.0,0.0
revenue,Estate and Gift Taxes,Estate and Gift Taxes,1999-01-01,2003,both,0.0,0.0,0.0,0.0
revenue,Estate and Gift Taxes,Estate and Gift Taxes,1999-01-01,2004,both,0.0,0.0,0.0,0.0
revenue,Estate and Gift Taxes,Estate and Gift Taxes,1999-01-01,2005,both,0.0,0.0,0.0,0.0
revenue,Estate and Gift Taxes,Estate and Gift Taxes,1999-01-01,2006,both,0.0,0.0,0.0,0.0
revenue,Estate and Gift Taxes,Estate and Gift Taxes,1999-01-01,2007,both,0.0,0.0,0.0,0.0
revenue,Estate and Gift Taxes,Estate and Gift Taxes,1999-01-01,2008,both,0.0,0.0,0.0,0.0
revenue,Estate and Gift Taxes,Estate and Gift Taxes,1999-01-01,2009,both,0.0,0.0,0.0,0.0
revenue,Estate and Gift Taxes,Estate and Gift Taxes,2000-01-01,2000,both,0.0,0.0,0.0,0.0
revenue,Estate and Gift Taxes,Estate and Gift Taxes,2000-01-01,2001,both,0.0,0.0,0.0,0.0
revenue,Estate and Gift Taxes,Estate and Gift Taxes,2000-01-01,2002,both,0.0,0.0,0.0,0.0
revenue,Estate and Gift Taxes,Estate and Gift Taxes,2000-01-01,2003,both,0.0,0.0,0.0,0.0
revenue,Estate and Gift Taxes,Estate and Gift Taxes,2000-01-01,2004,both,0.0,0.0,0.0,0.0
revenue,Estate and Gift Taxes,Estate and Gift Taxes,2000-01-01,2005,both,0.0,0.0,0.0,0.0
revenue,Estate and Gift Taxes,Estate and Gift Taxes,2000-01-01,2006,both,0.0,0.0,0.0,0.0
revenue,Estate and Gift Taxes,Estate and Gift Taxes,2000-01-01,2007,both,0.0,0.0,0.0,0.0
revenue,Estate and Gift Taxes,Estate and Gift Taxes,2000-01-01,2008,both,0.0,0.0,0.0,0.0
revenue,Estate and Gift Taxes,Estate and Gift Taxes,2000-01-01,2009,both,0.0,0.0,0.0,0.0
revenue,Estate and Gift Taxes,Estate and Gift Taxes,2000-01-01,2010,both,0.0,0.0,0.0,0.0
revenue,Estate and Gift Taxes,Estate and Gift Taxes,2001-01-01,2001,both,0.0,0.0,0.0,0.0
revenue,Estate and Gift Taxes,Estate and Gift Taxes,2001-01-01,2002,both,0.0,0.0,0.0,0.0
revenue,Estate and Gift Taxes,Estate and Gift Taxes,2001-01-01,2003,both,0.0,0.0,0.0,0.0
revenue,Estate and Gift Taxes,Estate and Gift Taxes,2001-01-01,2004,both,0.0,0.0,0.0,0.0
revenue,Estate and Gift Taxes,Estate and Gift Taxes,2001-01-01,2005,both,0.0,0.0,0.0,0.0
revenue,Estate and Gift Taxes,Estate and Gift Taxes,2001-01-01,2006,both,0.0,0.0,0.0,0.0
revenue,Estate and Gift Taxes,Estate and Gift Taxes,2001-01-01,2007,both,0.0,0.0,0.0,0.0
revenue,Estate and Gift Taxes,Estate and Gift Taxes,2001-01-01,2008,both,0.0,0.0,0.0,0.0
revenue,Estate and Gift Taxes,Estate and Gift Taxes,2001-01-01,2009,both,0.0,0.0,0.0,0.0
revenue,Estate and Gift Taxes,Estate and Gift Taxes,2001-01-01,2010,both,0.0,0.0,0.0,0.0
revenue,Estate and Gift Taxes,Estate and Gift Taxes,2001-01-01,2011,both,0.0,0.0,0.0,0.0
revenue,Estate and Gift Taxes,Estate and Gift Taxes,2001-05-01,2001,both,0.0,0.0,0.0,0.0
revenue,Estate and Gift Taxes,Estate and Gift Taxes,2001-05-01,2002,both,0.0,0.0,0.0,0.0
revenue,Estate and Gift Taxes,Estate and Gift Taxes,2001-05-01,2003,both,0.0,0.0,0.0,0.0
revenue,Estate and Gift Taxes,Estate and Gift Taxes,2001-05-01,2004,both,0.0,0.0,0.0,0.0
revenue,Estate and Gift Taxes,Estate and Gift Taxes,2001-05-01,2005,both,0.0,0.0,0.0,0.0
revenue,Estate and Gift Taxes,Estate and Gift Taxes,2001-05-01,2006,both,0.0,0.0,0.0,0.0
revenue,Estate and Gift Taxes,Estate and Gift Taxes,2001-05-01,2007,both,0.0,0.0,0.0,0.0
revenue,Estate and Gift Taxes,Estate and Gift Taxes,2001-05-01,2008,both,0.0,0.0,0.0,0.0
revenue,Estate and Gift Taxes,Estate and Gift Taxes,2001-05-01,2009,both,0.0,0.0,0.0,0.0
revenue,Estate and Gift Taxes,Estate and Gift Taxes,2001-05-01,2010,both,0.0,0.0,0.0,0.0
revenue,Estate and Gift Taxes,Estate and Gift Taxes,2001-05-01,2011,both,0.0,0.0,0.0,0.0
revenue,Estate and Gift Taxes,Estate and Gift Taxes,2002-01-01,2002,both,0.0,0.0,0.0,0.0
revenue,Estate and Gift Taxes,Estate and Gift Taxes,2002-01-01,2003,both,0.0,0.0,0.0,0.0
revenue,Estate and Gift Taxes,Estate and Gift Taxes,2002-01-01,2004,both,0.0,0.0,0.0,0.0
revenue,Estate and Gift Taxes,Estate and Gift Taxes,2002-01-01,2005,both,0.0,0.0,0.0,0.0
revenue,Estate and Gift Taxes,Estate and Gift Taxes,2002-01-01,2006,both,0.0,0.0,0.0,0.0
revenue,Estate and Gift Taxes,Estate and Gift Taxes,2002-01-01,2007,both,0.0,0.0,0.0,0.0
revenue,Estate and Gift Taxes,Estate and Gift Taxes,2002-01-01,2008,both,0.0,0.0,0.0,0.0
revenue,Estate and Gift Taxes,Estate and Gift Taxes,2002-01-01,2009,both,0.0,0.0,0.0,0.0
revenue,Estate and Gift Taxes,Estate and Gift Taxes,2002-01-01,2010,both,0.0,0.0,0.0,0.0
revenue,Estate and Gift Taxes,Estate and Gift Taxes,2002-01-01,2011,both,0.0,0.0,0.0,0.0
revenue,Estate and Gift Taxes,Estate and Gift Taxes,2002-01-01,2012,both,0.0,0.0,0.0,0.0
revenue,Estate and Gift Taxes,Estate and Gift Taxes,2002-03-01,2002,both,0.0,0.0,0.0,0.0
revenue,Estate and Gift Taxes,Estate and Gift Taxes,2002-03-01,2003,both,0.0,0.0,0.0,0.0
revenue,Estate and Gift Taxes,Estate and Gift Taxes,2002-03-01,2004,both,0.0,0.0,0.0,0.0
revenue,Estate and Gift Taxes,Estate and Gift Taxes,2002-03-01,2005,both,0.0,0.0,0.0,0.0
revenue,Estate and Gift Taxes,Estate and Gift Taxes,2002-03-01,2006,both,0.0,0.0,0.0,0.0
revenue,Estate and Gift Taxes,Estate and Gift Taxes,2002-03-01,2007,both,0.0,0.0,0.0,0.0
revenue,Estate and Gift Taxes,Estate and Gift Taxes,2002-03-01,2008,both,0.0,0.0,0.0,0.0
revenue,Estate and Gift Taxes,Estate and Gift Taxes,2002-03-01,2009,both,0.0,0.0,0.0,0.0
revenue,Estate and Gift Taxes,Estate and Gift Taxes,2002-03-01,2010,both,0.0,0.0,0.0,0.0
revenue,Estate and Gift Taxes,Estate and Gift Taxes,2002-03-01,2011,both,0.0,0.0,0.0,0.0
revenue,Estate and Gift Taxes,Estate and Gift Taxes,2002-03-01,2012,both,0.0,0.0,0.0,0.0
revenue,Estate and Gift Taxes,Estate and Gift Taxes,2003-01-01,2003,both,0.0,0.0,0.0,0.0
revenue,Estate and Gift Taxes,Estate and Gift Taxes,2003-01-01,2004,both,0.0,0.0,0.0,0.0
revenue,Estate and Gift Taxes,Estate and Gift Taxes,2003-01-01,2005,both,0.0,0.0,0.0,0.0
revenue,Estate and Gift Taxes,Estate and Gift Taxes,2003-01-01,2006,both,0.0,0.0,0.0,0.0
revenue,Estate and Gift Taxes,Estate and Gift Taxes,2003-01-01,2007,both,0.0,0.0,0.0,0.0
revenue,Estate and Gift Taxes,Estate and Gift Taxes,2003-01-01,2008,both,0.0,0.0,0.0,0.0
revenue,Estate and Gift Taxes,Estate and Gift Taxes,2003-01-01,2009,both,0.0,0.0,0.0,0.0
revenue,Estate and Gift Taxes,Estate and Gift Taxes,2003-01-01,2010,both,0.0,0.0,0.0,0.0
revenue,Estate and Gift Taxes,Estate and Gift Taxes,2003-01-01,2011,both,0.0,0.0,0.0,0.0
revenue,Estate and Gift Taxes,Estate and Gift Taxes,2003-01-01,2012,both,0.0,0.0,0.0,0.0
revenue,Estate and Gift Taxes,Estate and Gift Taxes,2003-01-01,2013,both,0.0,0.0,0.0,0.0
revenue,Estate and Gift Taxes,Estate and Gift Taxes,2003-03-01,2003,both,0.0,0.0,0.0,0.0
revenue,Estate and Gift Taxes,Estate and Gift Taxes,2003-03-01,2004,both,0.0,0.0,0.0,0.0
revenue,Estate and Gift Taxes,Estate and Gift Taxes,2003-03-01,2005,both,0.0,0.0,0.0,0.0
revenue,Estate and Gift Taxes,Estate and Gift Taxes,2003-03-01,2006,both,0.0,0.0,0.0,0.0
revenue,Estate and Gift Taxes,Estate and Gift Taxes,2003-03-01,2007,both,0.0,0.0,0.0,0.0
revenue,Estate and Gift Taxes,Estate and Gift Taxes,2003-03-01,2008,both,0.0,0.0,0.0,0.0
revenue,Estate and Gift Taxes,Estate and Gift Taxes,2003-03-01,2009,both,0.0,0.0,0.0,0.0
revenue,Estate and Gift Taxes,Estate and Gift Taxes,2003-03-01,2010,both,0.0,0.0,0.0,0.0
revenue,Estate and Gift Taxes,Estate and Gift Taxes,2003-03-01,2011,both,0.0,0.0,0.0,0.0
revenue,Estate and Gift Taxes,Estate and Gift Taxes,2003-03-01,2012,both,0.0,0.0,0.0,0.0
revenue,Estate and Gift Taxes,Estate and Gift Taxes,2003-03-01,2013,both,0.0,0.0,0.0,0.0
revenue,Estate and Gift Taxes,Estate and Gift Taxes,2004-01-01,2004,both,0.0,0.0,0.0,0.0
revenue,Estate and Gift Taxes,Estate and Gift Taxes,2004-01-01,2005,both,0.0,0.0,0.0,0.0
revenue,Estate and Gift Taxes,Estate and Gift Taxes,2004-01-01,2006,both,0.0,0.0,0.0,0.0
revenue,Estate and Gift Taxes,Estate and Gift Taxes,2004-01-01,2007,both,0.0,0.0,0.0,0.0
revenue,Estate and Gift Taxes,Estate and Gift Taxes,2004-01-01,2008,both,0.0,0.0,0.0,0.0
revenue,Estate and Gift Taxes,Estate and Gift Taxes,2004-01-01,2009,both,0.0,0.0,0.0,0.0
revenue,Estate and Gift Taxes,Estate and Gift Taxes,2004-01-01,2010,both,0.0,0.0,0.0,0.0
revenue,Estate and Gift Taxes,Estate and Gift Taxes,2004-01-01,2011,both,0.0,0.0,0.0,0.0
revenue,Estate and Gift Taxes,Estate and Gift Taxes,2004-01-01,2012,both,0.0,0.0,0.0,0.0
revenue,Estate and Gift Taxes,Estate and Gift Taxes,2004-01-01,2013,both,0.0,0.0,0.0,0.0
revenue,Estate and Gift Taxes,Estate and Gift Taxes,2004-01-01,2014,both,0.0,0.0,0.0,0.0
revenue,Estate and Gift Taxes,Estate and Gift Taxes,2004-03-01,2004,both,0.0,0.0,0.0,0.0
revenue,Estate and Gift Taxes,Estate and Gift Taxes,2004-03-01,2005,both,0.0,0.0,0.0,0.0
revenue,Estate and Gift Taxes,Estate and Gift Taxes,2004-03-01,2006,both,0.0,0.0,0.0,0.0
revenue,Estate and Gift Taxes,Estate and Gift Taxes,2004-03-01,2007,both,0.0,0.0,0.0,0.0
revenue,Estate and Gift Taxes,Estate and Gift Taxes,2004-03-01,2008,both,0.0,0.0,0.0,0.0
revenue,Estate and Gift Taxes,Estate and Gift Taxes,2004-03-01,2009,both,0.0,0.0,0.0,0.0
revenue,Estate and Gift Taxes,Estate and Gift Taxes,2004-03-01,2010,both,0.0,0.0,0.0,0.0
revenue,Estate and Gift Taxes,Estate and Gift Taxes,2004-03-01,2011,both,0.0,0.0,0.0,0.0
revenue,Estate and Gift Taxes,Estate and Gift Taxes,2004-03-01,2012,both,0.0,0.0,0.0,0.0
revenue,Estate and Gift Taxes,Estate and Gift Taxes,2004-03-01,2013,both,0.0,0.0,0.0,0.0
revenue,Estate and Gift Taxes,Estate and Gift Taxes,2004-03-01,2014,both,0.0,0.0,0.0,0.0
revenue,Estate and Gift Taxes,Estate and Gift Taxes,2005-01-01,2005,both,0.0,0.0,0.0,0.0
revenue,Estate and Gift Taxes,Estate and Gift Taxes,2005-01-01,2006,both,0.0,0.0,0.0,0.0
revenue,Estate and Gift Taxes,Estate and Gift Taxes,2005-01-01,2007,both,0.0,0.0,0.0,0.0
revenue,Estate and Gift Taxes,Estate and Gift Taxes,2005-01-01,2008,both,0.0,0.0,0.0,0.0
revenue,Estate and Gift Taxes,Estate and Gift Taxes,2005-01-01,2009,both,0.0,0.0,0.0,0.0
revenue,Estate and Gift Taxes,Estate and Gift Taxes,2005-01-01,2010,both,0.0,0.0,0.0,0.0
revenue,Estate and Gift Taxes,Estate and Gift Taxes,2005-01-01,2011,both,0.0,0.0,0.0,0.0
revenue,Estate and Gift Taxes,Estate and Gift Taxes,2005-01-01,2012,both,0.0,0.0,0.0,0.0
revenue,Estate and Gift Taxes,Estate and Gift Taxes,2005-01-01,2013,both,0.0,0.0,0.0,0.0
revenue,Estate and Gift Taxes,Estate and Gift Taxes,2005-01-01,2014,both,0.0,0.0,0.0,0.0
revenue,Estate and Gift Taxes,Estate and Gift Taxes,2005-01-01,2015,both,0.0,0.0,0.0,0.0
revenue,Estate and Gift Taxes,Estate and Gift Taxes,2005-03-01,2005,both,0.0,0.0,0.0,0.0
revenue,Estate and Gift Taxes,Estate and Gift Taxes,2005-03-01,2006,both,0.0,0.0,0.0,0.0
revenue,Estate and Gift Taxes,Estate and Gift Taxes,2005-03-01,2007,both,0.0,0.0,0.0,0.0
revenue,Estate and Gift Taxes,Estate and Gift Taxes,2005-03-01,2008,both,0.0,0.0,0.0,0.0
revenue,Estate and Gift Taxes,Estate and Gift Taxes,2005-03-01,2009,both,0.0,0.0,0.0,0.0
revenue,Estate and Gift Taxes,Estate and Gift Taxes,2005-03-01,2010,both,0.0,0.0,0.0,0.0
revenue,Estate and Gift Taxes,Estate and Gift Taxes,2005-03-01,2011,both,0.0,0.0,0.0,0.0
revenue,Estate and Gift Taxes,Estate and Gift Taxes,2005-03-01,2012,both,0.0,0.0,0.0,0.0
revenue,Estate and Gift Taxes,Estate and Gift Taxes,2005-03-01,2013,both,0.0,0.0,0.0,0.0
revenue,Estate and Gift Taxes,Estate and Gift Taxes,2005-03-01,2014,both,0.0,0.0,0.0,0.0
revenue,Estate and Gift Taxes,Estate and Gift Taxes,2005-03-01,2015,both,0.0,0.0,0.0,0.0
revenue,Estate and Gift Taxes,Estate and Gift Taxes,2006-01-01,2006,both,0.0,0.0,0.0,0.0
revenue,Estate and Gift Taxes,Estate and Gift Taxes,2006-01-01,2007,both,0.0,0.0,0.0,0.0
revenue,Estate and Gift Taxes,Estate and Gift Taxes,2006-01-01,2008,both,0.0,0.0,0.0,0.0
revenue,Estate and Gift Taxes,Estate and Gift Taxes,2006-01-01,2009,both,0.0,0.0,0.0,0.0
revenue,Estate and Gift Taxes,Estate and Gift Taxes,2006-01-01,2010,both,0.0,0.0,0.0,0.0
revenue,Estate and Gift Taxes,Estate and Gift Taxes,2006-01-01,2011,both,0.0,0.0,0.0,0.0
revenue,Estate and Gift Taxes,Estate and Gift Taxes,2006-01-01,2012,both,0.0,0.0,0.0,0.0
revenue,Estate and Gift Taxes,Estate and Gift Taxes,2006-01-01,2013,both,0.0,0.0,0.0,0.0
revenue,Estate and Gift Taxes,Estate and Gift Taxes,2006-01-01,2014,both,0.0,0.0,0.0,0.0
revenue,Estate and Gift Taxes,Estate and Gift Taxes,2006-01-01,2015,both,0.0,0.0,0.0,0.0
revenue,Estate and Gift Taxes,Estate and Gift Taxes,2006-01-01,2016,both,0.0,0.0,0.0,0.0
revenue,Estate and Gift Taxes,Estate and Gift Taxes,2006-03-01,2006,both,0.0,0.0,0.0,0.0
revenue,Estate and Gift Taxes,Estate and Gift Taxes,2006-03-01,2007,both,0.0,0.0,0.0,0.0
revenue,Estate and Gift Taxes,Estate and Gift Taxes,2006-03-01,2008,both,0.0,0.0,0.0,0.0
revenue,Estate and Gift Taxes,Estate and Gift Taxes,2006-03-01,2009,both,0.0,0.0,0.0,0.0
revenue,Estate and Gift Taxes,Estate and Gift Taxes,2006-03-01,2010,both,0.0,0.0,0.0,0.0
revenue,Estate and Gift Taxes,Estate and Gift Taxes,2006-03-01,2011,both,0.0,0.0,0.0,0.0
revenue,Estate and Gift Taxes,Estate and Gift Taxes,2006-03-01,2012,both,0.0,0.0,0.0,0.0
revenue,Estate and Gift Taxes,Estate and Gift Taxes,2006-03-01,2013,both,0.0,0.0,0.0,0.0
revenue,Estate and Gift Taxes,Estate and Gift Taxes,2006-03-01,2014,both,0.0,0.0,0.0,0.0
revenue,Estate and Gift Taxes,Estate and Gift Taxes,2006-03-01,2015,both,0.0,0.0,0.0,0.0
revenue,Estate and Gift Taxes,Estate and Gift Taxes,2006-03-01,2016,both,0.0,0.0,0.0,0.0
revenue,Estate and Gift Taxes,Estate and Gift Taxes,2007-01-01,2007,both,0.0,0.0,0.0,0.0
revenue,Estate and Gift Taxes,Estate and Gift Taxes,2007-01-01,2008,both,0.0,0.0,0.0,0.0
revenue,Estate and Gift Taxes,Estate and Gift Taxes,2007-01-01,2009,both,0.0,0.0,0.0,0.0
revenue,Estate and Gift Taxes,Estate and Gift Taxes,2007-01-01,2010,both,0.0,0.0,0.0,0.0
revenue,Estate and Gift Taxes,Estate and Gift Taxes,2007-01-01,2011,both,0.0,0.0,0.0,0.0
revenue,Estate and Gift Taxes,Estate and Gift Taxes,2007-01-01,2012,both,0.0,0.0,0.0,0.0
revenue,Estate and Gift Taxes,Estate and Gift Taxes,2007-01-01,2013,both,0.0,0.0,0.0,0.0
revenue,Estate and Gift Taxes,Estate and Gift Taxes,2007-01-01,2014,both,0.0,0.0,0.0,0.0
revenue,Estate and Gift Taxes,Estate and Gift Taxes,2007-01-01,2015,both,0.0,0.0,0.0,0.0
revenue,Estate and Gift Taxes,Estate and Gift Taxes,2007-01-01,2016,both,0.0,0.0,0.0,0.0
revenue,Estate and Gift Taxes,Estate and Gift Taxes,2007-01-01,2017,both,0.0,0.0,0.0,0.0
revenue,Estate and Gift Taxes,Estate and Gift Taxes,2007-03-01,2007,both,0.0,0.0,0.0,0.0
revenue,Estate and Gift Taxes,Estate and Gift Taxes,2007-03-01,2008,both,0.0,0.0,0.0,0.0
revenue,Estate and Gift Taxes,Estate and Gift Taxes,2007-03-01,2009,both,0.0,0.0,0.0,0.0
revenue,Estate and Gift Taxes,Estate and Gift Taxes,2007-03-01,2010,both,0.0,0.0,0.0,0.0
revenue,Estate and Gift Taxes,Estate and Gift Taxes,2007-03-01,2011,both,0.0,0.0,0.0,0.0
revenue,Estate and Gift Taxes,Estate and Gift Taxes,2007-03-01,2012,both,0.0,0.0,0.0,0.0
revenue,Estate and Gift Taxes,Estate and Gift Taxes,2007-03-01,2013,both,0.0,0.0,0.0,0.0
revenue,Estate and Gift Taxes,Estate and Gift Taxes,2007-03-01,2014,both,0.0,0.0,0.0,0.0
revenue,Estate and Gift Taxes,Estate and Gift Taxes,2007-03-01,2015,both,0.0,0.0,0.0,0.0
revenue,Estate and Gift Taxes,Estate and Gift Taxes,2007-03-01,2016,both,0.0,0.0,0.0,0.0
revenue,Estate and Gift Taxes,Estate and Gift Taxes,2007-03-01,2017,both,0.0,0.0,0.0,0.0
revenue,Estate and Gift Taxes,Estate and Gift Taxes,2008-01-01,2008,both,0.0,0.0,0.0,0.0
revenue,Estate and Gift Taxes,Estate and Gift Taxes,2008-01-01,2009,both,0.0,0.0,0.0,0.0
revenue,Estate and Gift Taxes,Estate and Gift Taxes,2008-01-01,2010,both,0.0,0.0,0.0,0.0
revenue,Estate and Gift Taxes,Estate and Gift Taxes,2008-01-01,2011,both,0.0,0.0,0.0,0.0
revenue,Estate and Gift Taxes,Estate and Gift Taxes,2008-01-01,2012,both,0.0,0.0,0.0,0.0
revenue,Estate and Gift Taxes,Estate and Gift Taxes,2008-01-01,2013,both,0.0,0.0,0.0,0.0
revenue,Estate and Gift Taxes,Estate and Gift Taxes,2008-01-01,2014,both,0.0,0.0,0.0,0.0
revenue,Estate and Gift Taxes,Estate and Gift Taxes,2008-01-01,2015,both,0.0,0.0,0.0,0.0
revenue,Estate and Gift Taxes,Estate and Gift Taxes,2008-01-01,2016,both,0.0,0.0,0.0,0.0
revenue,Estate and Gift Taxes,Estate and Gift Taxes,2008-01-01,2017,both,0.0,0.0,0.0,0.0
revenue,Estate and Gift Taxes,Estate and Gift Taxes,2008-01-01,2018,both,0.0,0.0,0.0,0.0
revenue,Estate and Gift Taxes,Estate and Gift Taxes,2008-03-01,2008,both,0.0,0.0,0.0,0.0
revenue,Estate and Gift Taxes,Estate and Gift Taxes,2008-03-01,2009,both,0.0,0.0,0.0,0.0
revenue,Estate and Gift Taxes,Estate and Gift Taxes,2008-03-01,2010,both,0.0,0.0,0.0,0.0
revenue,Estate and Gift Taxes,Estate and Gift Taxes,2008-03-01,2011,both,0.0,0.0,0.0,0.0
revenue,Estate and Gift Taxes,Estate and Gift Taxes,2008-03-01,2012,both,0.0,0.0,0.0,0.0
revenue,Estate and Gift Taxes,Estate and Gift Taxes,2008-03-01,2013,both,0.0,0.0,0.0,0.0
revenue,Estate and Gift Taxes,Estate and Gift Taxes,2008-03-01,2014,both,0.0,0.0,0.0,0.0
revenue,Estate and Gift Taxes,Estate and Gift Taxes,2008-03-01,2015,both,0.0,0.0,0.0,0.0
revenue,Estate and Gift Taxes,Estate and Gift Taxes,2008-03-01,2016,both,0.0,0.0,0.0,0.0
revenue,Estate and Gift Taxes,Estate and Gift Taxes,2008-03-01,2017,both,0.0,0.0,0.0,0.0
revenue,Estate and Gift Taxes,Estate and Gift Taxes,2008-03-01,2018,both,0.0,0.0,0.0,0.0
revenue,Estate and Gift Taxes,Estate and Gift Taxes,2009-01-01,2009,both,0.0,0.0,0.0,0.0
revenue,Estate and Gift Taxes,Estate and Gift Taxes,2009-01-01,2010,both,0.0,0.0,0.0,0.0
revenue,Estate and Gift Taxes,Estate and Gift Taxes,2009-01-01,2011,both,0.0,0.0,0.0,0.0
revenue,Estate and Gift Taxes,Estate and Gift Taxes,2009-01-01,2012,both,0.0,0.0,0.0,0.0
revenue,Estate and Gift Taxes,Estate and Gift Taxes,2009-01-01,2013,both,0.0,0.0,0.0,0.0
revenue,Estate and Gift Taxes,Estate and Gift Taxes,2009-01-01,2014,both,0.0,0.0,0.0,0.0
revenue,Estate and Gift Taxes,Estate and Gift Taxes,2009-01-01,2015,both,0.0,0.0,0.0,0.0
revenue,Estate and Gift Taxes,Estate and Gift Taxes,2009-01-01,2016,both,0.0,0.0,0.0,0.0
revenue,Estate and Gift Taxes,Estate and Gift Taxes,2009-01-01,2017,both,0.0,0.0,0.0,0.0
revenue,Estate and Gift Taxes,Estate and Gift Taxes,2009-01-01,2018,both,0.0,0.0,0.0,0.0
revenue,Estate and Gift Taxes,Estate and Gift Taxes,2009-01-01,2019,both,0.0,0.0,0.0,0.0
revenue,Estate and Gift Taxes,Estate and Gift Taxes,2009-03-01,2009,both,0.0,0.0,0.0,0.0
revenue,Estate and Gift Taxes,Estate and Gift Taxes,2009-03-01,2010,both,0.0,0.0,0.0,0.0
revenue,Estate and Gift Taxes,Estate and Gift Taxes,2009-03-01,2011,both,0.0,0.0,0.0,0.0
revenue,Estate and Gift Taxes,Estate and Gift Taxes,2009-03-01,2012,both,0.0,0.0,0.0,0.0
revenue,Estate and Gift Taxes,Estate and Gift Taxes,2009-03-01,2013,both,0.0,0.0,0.0,0.0
revenue,Estate and Gift Taxes,Estate and Gift Taxes,2009-03-01,2014,both,0.0,0.0,0.0,0.0
revenue,Estate and Gift Taxes,Estate and Gift Taxes,2009-03-01,2015,both,0.0,0.0,0.0,0.0
revenue,Estate and Gift Taxes,Estate and Gift Taxes,2009-03-01,2016,both,0.0,0.0,0.0,0.0
revenue,Estate and Gift Taxes,Estate and Gift Taxes,2009-03-01,2017,both,0.0,0.0,0.0,0.0
revenue,Estate and Gift Taxes,Estate and Gift Taxes,2009-03-01,2018,both,0.0,0.0,0.0,0.0
revenue,Estate and Gift Taxes,Estate and Gift Taxes,2009-03-01,2019,both,0.0,0.0,0.0,0.0
revenue,Estate and Gift Taxes,Estate and Gift Taxes,2010-01-01,2010,both,0.0,0.0,0.0,0.0
revenue,Estate and Gift Taxes,Estate and Gift Taxes,2010-01-01,2011,both,0.0,0.0,0.0,0.0
revenue,Estate and Gift Taxes,Estate and Gift Taxes,2010-01-01,2012,both,0.0,0.0,0.0,0.0
revenue,Estate and Gift Taxes,Estate and Gift Taxes,2010-01-01,2013,both,0.0,0.0,0.0,0.0
revenue,Estate and Gift Taxes,Estate and Gift Taxes,2010-01-01,2014,both,0.0,0.0,0.0,0.0
revenue,Estate and Gift Taxes,Estate and Gift Taxes,2010-01-01,2015,both,0.0,0.0,0.0,0.0
revenue,Estate and Gift Taxes,Estate and Gift Taxes,2010-01-01,2016,both,0.0,0.0,0.0,0.0
revenue,Estate and Gift Taxes,Estate and Gift Taxes,2010-01-01,2017,both,0.0,0.0,0.0,0.0
revenue,Estate and Gift Taxes,Estate and Gift Taxes,2010-01-01,2018,both,0.0,0.0,0.0,0.0
revenue,Estate and Gift Taxes,Estate and Gift Taxes,2010-01-01,2019,both,0.0,0.0,0.0,0.0
revenue,Estate and Gift Taxes,Estate and Gift Taxes,2010-01-01,2020,both,0.0,0.0,0.0,0.0
revenue,Estate and Gift Taxes,Estate and Gift Taxes,2010-03-01,2010,both,0.0,0.0,0.0,0.0
revenue,Estate and Gift Taxes,Estate and Gift Taxes,2010-03-01,2011,both,0.0,0.0,0.0,0.0
revenue,Estate and Gift Taxes,Estate and Gift Taxes,2010-03-01,2012,both,0.0,0.0,0.0,0.0
revenue,Estate and Gift Taxes,Estate and Gift Taxes,2010-03-01,2013,both,0.0,0.0,0.0,0.0
revenue,Estate and Gift Taxes,Estate and Gift Taxes,2010-03-01,2014,both,0.0,0.0,0.0,0.0
revenue,Estate and Gift Taxes,Estate and Gift Taxes,2010-03-01,2015,both,0.0,0.0,0.0,0.0
revenue,Estate and Gift Taxes,Estate and Gift Taxes,2010-03-01,2016,both,0.0,0.0,0.0,0.0
revenue,Estate and Gift Taxes,Estate and Gift Taxes,2010-03-01,2017,both,0.0,0.0,0.0,0.0
revenue,Estate and Gift Taxes,Estate and Gift Taxes,2010-03-01,2018,both,0.0,0.0,0.0,0.0
revenue,Estate and Gift Taxes,Estate and Gift Taxes,2010-03-01,2019,both,0.0,0.0,0.0,0.0
revenue,Estate and Gift Taxes,Estate and Gift Taxes,2010-03-01,2020,both,0.0,0.0,0.0,0.0
revenue,Estate and Gift Taxes,Estate and Gift Taxes,2011-01-01,2011,both,0.0,0.0,0.0,0.0
revenue,Estate and Gift Taxes,Estate and Gift Taxes,2011-01-01,2012,both,0.0,0.0,0.0,0.0
revenue,Estate and Gift Taxes,Estate and Gift Taxes,2011-01-01,2013,both,0.0,0.0,0.0,0.0
revenue,Estate and Gift Taxes,Estate and Gift Taxes,2011-01-01,2014,both,0.0,0.0,0.0,0.0
revenue,Estate and Gift Taxes,Estate and Gift Taxes,2011-01-01,2015,both,0.0,0.0,0.0,0.0
revenue,Estate and Gift Taxes,Estate and Gift Taxes,2011-01-01,2016,both,0.0,0.0,0.0,0.0
revenue,Estate and Gift Taxes,Estate and Gift Taxes,2011-01-01,2017,both,0.0,0.0,0.0,0.0
revenue,Estate and Gift Taxes,Estate and Gift Taxes,2011-01-01,2018,both,0.0,0.0,0.0,0.0
revenue,Estate and Gift Taxes,Estate and Gift Taxes,2011-01-01,2019,both,0.0,0.0,0.0,0.0
revenue,Estate and Gift Taxes,Estate and Gift Taxes,2011-01-01,2020,both,0.0,0.0,0.0,0.0
revenue,Estate and Gift Taxes,Estate and Gift Taxes,2011-01-01,2021,both,0.0,0.0,0.0,0.0
revenue,Estate and Gift Taxes,Estate and Gift Taxes,2011-03-01,2011,both,0.0,0.0,0.0,0.0
revenue,Estate and Gift Taxes,Estate and Gift Taxes,2011-03-01,2012,both,0.0,0.0,0.0,0.0
revenue,Estate and Gift Taxes,Estate and Gift Taxes,2011-03-01,2013,both,0.0,0.0,0.0,0.0
revenue,Estate and Gift Taxes,Estate and Gift Taxes,2011-03-01,2014,both,0.0,0.0,0.0,0.0
revenue,Estate and Gift Taxes,Estate and Gift Taxes,2011-03-01,2015,both,0.0,0.0,0.0,0.0
revenue,Estate and Gift Taxes,Estate and Gift Taxes,2011-03-01,2016,both,0.0,0.0,0.0,0.0
revenue,Estate and Gift Taxes,Estate and Gift Taxes,2011-03-01,2017,both,0.0,0.0,0.0,0.0
revenue,Estate and Gift Taxes,Estate and Gift Taxes,2011-03-01,2018,both,0.0,0.0,0.0,0.0
revenue,Estate and Gift Taxes,Estate and Gift Taxes,2011-03-01,2019,both,0.0,0.0,0.0,0.0
revenue,Estate and Gift Taxes,Estate and Gift Taxes,2011-03-01,2020,both,0.0,0.0,0.0,0.0
revenue,Estate and Gift Taxes,Estate and Gift Taxes,2011-03-01,2021,both,0.0,0.0,0.0,0.0
revenue,Estate and Gift Taxes,Estate and Gift Taxes,2012-01-01,2012,both,0.0,0.0,0.0,0.0
revenue,Estate and Gift Taxes,Estate and Gift Taxes,2012-01-01,2013,both,0.0,0.0,0.0,0.0
revenue,Estate and Gift Taxes,Estate and Gift Taxes,2012-01-01,2014,both,0.0,0.0,0.0,0.0
revenue,Estate and Gift Taxes,Estate and Gift Taxes,2012-01-01,2015,both,0.0,0.0,0.0,0.0
revenue,Estate and Gift Taxes,Estate and Gift Taxes,2012-01-01,2016,both,0.0,0.0,0.0,0.0
revenue,Estate and Gift Taxes,Estate and Gift Taxes,2012-01-01,2017,both,0.0,0.0,0.0,0.0
revenue,Estate and Gift Taxes,Estate and Gift Taxes,2012-01-01,2018,both,0.0,0.0,0.0,0.0
revenue,Estate and Gift Taxes,Estate and Gift Taxes,2012-01-01,2019,both,0.0,0.0,0.0,0.0
revenue,Estate and Gift Taxes,Estate and Gift Taxes,2012-01-01,2020,both,0.0,0.0,0.0,0.0
revenue,Estate and Gift Taxes,Estate and Gift Taxes,2012-01-01,2021,both,0.0,0.0,0.0,0.0
revenue,Estate and Gift Taxes,Estate and Gift Taxes,2012-01-01,2022,both,0.0,0.0,0.0,0.0
revenue,Estate and Gift Taxes,Estate and Gift Taxes,2012-03-01,2012,both,0.0,0.0,0.0,0.0
revenue,Estate and Gift Taxes,Estate and Gift Taxes,2012-03-01,2013,both,0.0,0.0,0.0,0.0
revenue,Estate and Gift Taxes,Estate and Gift Taxes,2012-03-01,2014,both,0.0,0.0,0.0,0.0
revenue,Estate and Gift Taxes,Estate and Gift Taxes,2012-03-01,2015,both,0.0,0.0,0.0,0.0
revenue,Estate and Gift Taxes,Estate and Gift Taxes,2012-03-01,2016,both,0.0,0.0,0.0,0.0
revenue,Estate and Gift Taxes,Estate and Gift Taxes,2012-03-01,2017,both,0.0,0.0,0.0,0.0
revenue,Estate and Gift Taxes,Estate and Gift Taxes,2012-03-01,2018,both,0.0,0.0,0.0,0.0
revenue,Estate and Gift Taxes,Estate and Gift Taxes,2012-03-01,2019,both,0.0,0.0,0.0,0.0
revenue,Estate and Gift Taxes,Estate and Gift Taxes,2012-03-01,2020,both,0.0,0.0,0.0,0.0
revenue,Estate and Gift Taxes,Estate and Gift Taxes,2012-03-01,2021,both,0.0,0.0,0.0,0.0
revenue,Estate and Gift Taxes,Estate and Gift Taxes,2012-03-01,2022,both,0.0,0.0,0.0,0.0
revenue,Estate and Gift Taxes,Estate and Gift Taxes,2013-02-01,2013,both,0.0,0.0,0.0,0.0
revenue,Estate and Gift Taxes,Estate and Gift Taxes,2013-02-01,2014,both,0.0,0.0,0.0,0.0
revenue,Estate and Gift Taxes,Estate and Gift Taxes,2013-02-01,2015,both,0.0,0.0,0.0,0.0
revenue,Estate and Gift Taxes,Estate and Gift Taxes,2013-02-01,2016,both,0.0,0.0,0.0,0.0
revenue,Estate and Gift Taxes,Estate and Gift Taxes,2013-02-01,2017,both,0.0,0.0,0.0,0.0
revenue,Estate and Gift Taxes,Estate and Gift Taxes,2013-02-01,2018,both,0.0,0.0,0.0,0.0
revenue,Estate and Gift Taxes,Estate and Gift Taxes,2013-02-01,2019,both,0.0,0.0,0.0,0.0
revenue,Estate and Gift Taxes,Estate and Gift Taxes,2013-02-01,2020,both,0.0,0.0,0.0,0.0
revenue,Estate and Gift Taxes,Estate and Gift Taxes,2013-02-01,2021,both,0.0,0.0,0.0,0.0
revenue,Estate and Gift Taxes,Estate and Gift Taxes,2013-02-01,2022,both,0.0,0.0,0.0,0.0
revenue,Estate and Gift Taxes,Estate and Gift Taxes,2013-02-01,2023,both,0.0,0.0,0.0,0.0
revenue,Estate and Gift Taxes,Estate and Gift Taxes,2013-05-01,2013,both,0.0,0.0,0.0,0.0
revenue,Estate and Gift Taxes,Estate and Gift Taxes,2013-05-01,2014,both,0.0,0.0,0.0,0.0
revenue,Estate and Gift Taxes,Estate and Gift Taxes,2013-05-01,2015,both,0.0,0.0,0.0,0.0
revenue,Estate and Gift Taxes,Estate and Gift Taxes,2013-05-01,2016,both,0.0,0.0,0.0,0.0
revenue,Estate and Gift Taxes,Estate and Gift Taxes,2013-05-01,2017,both,0.0,0.0,0.0,0.0
revenue,Estate and Gift Taxes,Estate and Gift Taxes,2013-05-01,2018,both,0.0,0.0,0.0,0.0
revenue,Estate and Gift Taxes,Estate and Gift Taxes,2013-05-01,2019,both,0.0,0.0,0.0,0.0
revenue,Estate and Gift Taxes,Estate and Gift Taxes,2013-05-01,2020,both,0.0,0.0,0.0,0.0
revenue,Estate and Gift Taxes,Estate and Gift Taxes,2013-05-01,2021,both,0.0,0.0,0.0,0.0
revenue,Estate and Gift Taxes,Estate and Gift Taxes,2013-05-01,2022,both,0.0,0.0,0.0,0.0
revenue,Estate and Gift Taxes,Estate and Gift Taxes,2013-05-01,2023,both,0.0,0.0,0.0,0.0
revenue,Estate and Gift Taxes,Estate and Gift Taxes,2014-02-01,2014,both,0.0,0.0,0.0,0.0
revenue,Estate and Gift Taxes,Estate and Gift Taxes,2014-02-01,2015,both,0.0,0.0,0.0,0.0
revenue,Estate and Gift Taxes,Estate and Gift Taxes,2014-02-01,2016,both,0.0,0.0,0.0,0.0
revenue,Estate and Gift Taxes,Estate and Gift Taxes,2014-02-01,2017,both,0.0,0.0,0.0,0.0
revenue,Estate and Gift Taxes,Estate and Gift Taxes,2014-02-01,2018,both,0.0,0.0,0.0,0.0
revenue,Estate and Gift Taxes,Estate and Gift Taxes,2014-02-01,2019,both,0.0,0.0,0.0,0.0
revenue,Estate and Gift Taxes,Estate and Gift Taxes,2014-02-01,2020,both,0.0,0.0,0.0,0.0
revenue,Estate and Gift Taxes,Estate and Gift Taxes,2014-02-01,2021,both,0.0,0.0,0.0,0.0
revenue,Estate and Gift Taxes,Estate and Gift Taxes,2014-02-01,2022,both,0.0,0.0,0.0,0.0
revenue,Estate and Gift Taxes,Estate and Gift Taxes,2014-02-01,2023,both,0.0,0.0,0.0,0.0
revenue,Estate and Gift Taxes,Estate and Gift Taxes,2014-02-01,2024,both,0.0,0.0,0.0,0.0
revenue,Estate and Gift Taxes,Estate and Gift Taxes,2014-04-01,2014,both,0.0,0.0,0.0,0.0
revenue,Estate and Gift Taxes,Estate and Gift Taxes,2014-04-01,2015,both,0.0,0.0,0.0,0.0
revenue,Estate and Gift Taxes,Estate and Gift Taxes,2014-04-01,2016,both,0.0,0.0,0.0,0.0
revenue,Estate and Gift Taxes,Estate and Gift Taxes,2014-04-01,2017,both,0.0,0.0,0.0,0.0
revenue,Estate and Gift Taxes,Estate and Gift Taxes,2014-04-01,2018,both,0.0,0.0,0.0,0.0
revenue,Estate and Gift Taxes,Estate and Gift Taxes,2014-04-01,2019,both,0.0,0.0,0.0,0.0
revenue,Estate and Gift Taxes,Estate and Gift Taxes,2014-04-01,2020,both,0.0,0.0,0.0,0.0
revenue,Estate and Gift Taxes,Estate and Gift Taxes,2014-04-01,2021,both,0.0,0.0,0.0,0.0
revenue,Estate and Gift Taxes,Estate and Gift Taxes,2014-04-01,2022,both,0.0,0.0,0.0,0.0
revenue,Estate and Gift Taxes,Estate and Gift Taxes,2014-04-01,2023,both,0.0,0.0,0.0,0.0
revenue,Estate and Gift Taxes,Estate and Gift Taxes,2014-04-01,2024,both,0.0,0.0,0.0,0.0
revenue,Estate and Gift Taxes,Estate and Gift Taxes,2015-01-01,2015,both,0.0,0.0,0.0,0.0
revenue,Estate and Gift Taxes,Estate and Gift Taxes,2015-01-01,2016,both,0.0,0.0,0.0,0.0
revenue,Estate and Gift Taxes,Estate and Gift Taxes,2015-01-01,2017,both,0.0,0.0,0.0,0.0
revenue,Estate and Gift Taxes,Estate and Gift Taxes,2015-01-01,2018,both,0.0,0.0,0.0,0.0
revenue,Estate and Gift Taxes,Estate and Gift Taxes,2015-01-01,2019,both,0.0,0.0,0.0,0.0
revenue,Estate and Gift Taxes,Estate and Gift Taxes,2015-01-01,2020,both,0.0,0.0,0.0,0.0
revenue,Estate and Gift Taxes,Estate and Gift Taxes,2015-01-01,2021,both,0.0,0.0,0.0,0.0
revenue,Estate and Gift Taxes,Estate and Gift Taxes,2015-01-01,2022,both,0.0,0.0,0.0,0.0
revenue,Estate and Gift Taxes,Estate and Gift Taxes,2015-01-01,2023,both,0.0,0.0,0.0,0.0
revenue,Estate and Gift Taxes,Estate and Gift Taxes,2015-01-01,2024,both,0.0,0.0,0.0,0.0
revenue,Estate and Gift Taxes,Estate and Gift Taxes,2015-01-01,2025,both,0.0,0.0,0.0,0.0
revenue,Estate and Gift Taxes,Estate and Gift Taxes,2015-03-01,2015,both,0.0,0.0,0.0,0.0
revenue,Estate and Gift Taxes,Estate and Gift Taxes,2015-03-01,2016,both,0.0,0.0,0.0,0.0
revenue,Estate and Gift Taxes,Estate and Gift Taxes,2015-03-01,2017,both,0.0,0.0,0.0,0.0
revenue,Estate and Gift Taxes,Estate and Gift Taxes,2015-03-01,2018,both,0.0,0.0,0.0,0.0
revenue,Estate and Gift Taxes,Estate and Gift Taxes,2015-03-01,2019,both,0.0,0.0,0.0,0.0
revenue,Estate and Gift Taxes,Estate and Gift Taxes,2015-03-01,2020,both,0.0,0.0,0.0,0.0
revenue,Estate and Gift Taxes,Estate and Gift Taxes,2015-03-01,2021,both,0.0,0.0,0.0,0.0
revenue,Estate and Gift Taxes,Estate and Gift Taxes,2015-03-01,2022,both,0.0,0.0,0.0,0.0
revenue,Estate and Gift Taxes,Estate and Gift Taxes,2015-03-01,2023,both,0.0,0.0,0.0,0.0
revenue,Estate and Gift Taxes,Estate and Gift Taxes,2015-03-01,2024,both,0.0,0.0,0.0,0.0
revenue,Estate and Gift Taxes,Estate and Gift Taxes,2015-03-01,2025,both,0.0,0.0,0.0,0.0
revenue,Estate and Gift Taxes,Estate and Gift Taxes,2016-01-01,2016,both,0.0,0.0,0.0,0.0
revenue,Estate and Gift Taxes,Estate and Gift Taxes,2016-01-01,2017,both,0.0,0.0,0.0,0.0
revenue,Estate and Gift Taxes,Estate and Gift Taxes,2016-01-01,2018,both,0.0,0.0,0.0,0.0
revenue,Estate and Gift Taxes,Estate and Gift Taxes,2016-01-01,2019,both,0.0,0.0,0.0,0.0
revenue,Estate and Gift Taxes,Estate and Gift Taxes,2016-01-01,2020,both,0.0,0.0,0.0,0.0
revenue,Estate and Gift Taxes,Estate and Gift Taxes,2016-01-01,2021,both,0.0,0.0,0.0,0.0
revenue,Estate and Gift Taxes,Estate and Gift Taxes,2016-01-01,2022,both,0.0,0.0,0.0,0.0
revenue,Estate and Gift Taxes,Estate and Gift Taxes,2016-01-01,2023,both,0.0,0.0,0.0,0.0
revenue,Estate and Gift Taxes,Estate and Gift Taxes,2016-01-01,2024,both,0.0,0.0,0.0,0.0
revenue,Estate and Gift Taxes,Estate and Gift Taxes,2016-01-01,2025,both,0.0,0.0,0.0,0.0
revenue,Estate and Gift Taxes,Estate and Gift Taxes,2016-03-01,2016,both,0.0,0.0,0.0,0.0
revenue,Estate and Gift Taxes,Estate and Gift Taxes,2016-03-01,2017,both,0.0,0.0,0.0,0.0
revenue,Estate and Gift Taxes,Estate and Gift Taxes,2016-03-01,2018,both,0.0,0.0,0.0,0.0
revenue,Estate and Gift Taxes,Estate and Gift Taxes,2016-03-01,2019,both,0.0,0.0,0.0,0.0
revenue,Estate and Gift Taxes,Estate and Gift Taxes,2016-03-01,2020,both,0.0,0.0,0.0,0.0
revenue,Estate and Gift Taxes,Estate and Gift Taxes,2016-03-01,2021,both,0.0,0.0,0.0,0.0
revenue,Estate and Gift Taxes,Estate and Gift Taxes,2016-03-01,2022,both,0.0,0.0,0.0,0.0
revenue,Estate and Gift Taxes,Estate and Gift Taxes,2016-03-01,2023,both,0.0,0.0,0.0,0.0
revenue,Estate and Gift Taxes,Estate and Gift Taxes,2016-03-01,2024,both,0.0,0.0,0.0,0.0
revenue,Estate and Gift Taxes,Estate and Gift Taxes,2016-03-01,2025,both,0.0,0.0,0.0,0.0
revenue,Estate and Gift Taxes,Estate and Gift Taxes,2017-01-01,2017,both,0.0,0.0,0.0,0.0
revenue,Estate and Gift Taxes,Estate and Gift Taxes,2017-01-01,2018,both,0.0,0.0,0.0,0.0
revenue,Estate and Gift Taxes,Estate and Gift Taxes,2017-01-01,2019,both,0.0,0.0,0.0,0.0
revenue,Estate and Gift Taxes,Estate and Gift Taxes,2017-01-01,2020,both,0.0,0.0,0.0,0.0
revenue,Estate and Gift Taxes,Estate and Gift Taxes,2017-01-01,2021,both,0.0,0.0,0.0,0.0
revenue,Estate and Gift Taxes,Estate and Gift Taxes,2017-01-01,2022,both,0.0,0.0,0.0,0.0
revenue,Estate and Gift Taxes,Estate and Gift Taxes,2017-01-01,2023,both,0.0,0.0,0.0,0.0
revenue,Estate and Gift Taxes,Estate and Gift Taxes,2017-01-01,2024,both,0.0,0.0,0.0,0.0
revenue,Estate and Gift Taxes,Estate and Gift Taxes,2017-01-01,2025,both,0.0,0.0,0.0,0.0
revenue,Estate and Gift Taxes,Estate and Gift Taxes,2017-06-01,2017,both,0.0,0.0,0.0,0.0
revenue,Estate and Gift Taxes,Estate and Gift Taxes,2017-06-01,2018,both,0.0,0.0,0.0,0.0
revenue,Estate and Gift Taxes,Estate and Gift Taxes,2017-06-01,2019,both,0.0,0.0,0.0,0.0
revenue,Estate and Gift Taxes,Estate and Gift Taxes,2017-06-01,2020,both,0.0,0.0,0.0,0.0
revenue,Estate and Gift Taxes,Estate and Gift Taxes,2017-06-01,2021,both,0.0,0.0,0.0,0.0
revenue,Estate and Gift Taxes,Estate and Gift Taxes,2017-06-01,2022,both,0.0,0.0,0.0,0.0
revenue,Estate and Gift Taxes,Estate and Gift Taxes,2017-06-01,2023,both,0.0,0.0,0.0,0.0
revenue,Estate and Gift Taxes,Estate and Gift Taxes,2017-06-01,2024,both,0.0,0.0,0.0,0.0
revenue,Estate and Gift Taxes,Estate and Gift Taxes,2017-06-01,2025,both,0.0,0.0,0.0,0.0
revenue,Estate and Gift Taxes,Estate and Gift Taxes,2018-04-01,2018,both,0.0,0.0,0.0,0.0
revenue,Estate and Gift Taxes,Estate and Gift Taxes,2018-04-01,2019,both,0.0,0.0,0.0,0.0
revenue,Estate and Gift Taxes,Estate and Gift Taxes,2018-04-01,2020,both,0.0,0.0,0.0,0.0
revenue,Estate and Gift Taxes,Estate and Gift Taxes,2018-04-01,2021,both,0.0,0.0,0.0,0.0
revenue,Estate and Gift Taxes,Estate and Gift Taxes,2018-04-01,2022,both,0.0,0.0,0.0,0.0
revenue,Estate and Gift Taxes,Estate and Gift Taxes,2018-04-01,2023,both,0.0,0.0,0.0,0.0
revenue,Estate and Gift Taxes,Estate and Gift Taxes,2018-04-01,2024,both,0.0,0.0,0.0,0.0
revenue,Estate and Gift Taxes,Estate and Gift Taxes,2018-04-01,2025,both,0.0,0.0,0.0,0.0
revenue,Estate and Gift Taxes,Estate and Gift Taxes,2018-05-01,2018,both,0.0,0.0,0.0,0.0
revenue,Estate and Gift Taxes,Estate and Gift Taxes,2018-05-01,2019,both,0.0,0.0,0.0,0.0
revenue,Estate and Gift Taxes,Estate and Gift Taxes,2018-05-01,2020,both,0.0,0.0,0.0,0.0
revenue,Estate and Gift Taxes,Estate and Gift Taxes,2018-05-01,2021,both,0.0,0.0,0.0,0.0
revenue,Estate and Gift Taxes,Estate and Gift Taxes,2018-05-01,2022,both,0.0,0.0,0.0,0.0
revenue,Estate and Gift Taxes,Estate and Gift Taxes,2018-05-01,2023,both,0.0,0.0,0.0,0.0
revenue,Estate and Gift Taxes,Estate and Gift Taxes,2018-05-01,2024,both,0.0,0.0,0.0,0.0
revenue,Estate and Gift Taxes,Estate and Gift Taxes,2018-05-01,2025,both,0.0,0.0,0.0,0.0
revenue,Estate and Gift Taxes,Estate and Gift Taxes,2019-01-01,2019,both,0.0,0.0,0.0,0.0
revenue,Estate and Gift Taxes,Estate and Gift Taxes,2019-01-01,2020,both,0.0,0.0,0.0,0.0
revenue,Estate and Gift Taxes,Estate and Gift Taxes,2019-01-01,2021,both,0.0,0.0,0.0,0.0
revenue,Estate and Gift Taxes,Estate and Gift Taxes,2019-01-01,2022,both,0.0,0.0,0.0,0.0
revenue,Estate and Gift Taxes,Estate and Gift Taxes,2019-01-01,2023,both,0.0,0.0,0.0,0.0
revenue,Estate and Gift Taxes,Estate and Gift Taxes,2019-01-01,2024,both,0.0,0.0,0.0,0.0
revenue,Estate and Gift Taxes,Estate and Gift Taxes,2019-01-01,2025,both,0.0,0.0,0.0,0.0
revenue,Estate and Gift Taxes,Estate and Gift Taxes,2019-05-01,2019,both,0.0,0.0,0.0,0.0
revenue,Estate and Gift Taxes,Estate and Gift Taxes,2019-05-01,2020,both,0.0,0.0,0.0,0.0
revenue,Estate and Gift Taxes,Estate and Gift Taxes,2019-05-01,2021,both,0.0,0.0,0.0,0.0
revenue,Estate and Gift Taxes,Estate and Gift Taxes,2019-05-01,2022,both,0.0,0.0,0.0,0.0
revenue,Estate and Gift Taxes,Estate and Gift Taxes,2019-05-01,2023,both,0.0,0.0,0.0,0.0
revenue,Estate and Gift Taxes,Estate and Gift Taxes,2019-05-01,2024,both,0.0,0.0,0.0,0.0
revenue,Estate and Gift Taxes,Estate and Gift Taxes,2019-05-01,2025,both,0.0,0.0,0.0,0.0
revenue,Estate and Gift Taxes,Estate and Gift Taxes,2020-01-01,2020,both,0.0,0.0,0.0,0.0
revenue,Estate and Gift Taxes,Estate and Gift Taxes,2020-01-01,2021,both,0.0,0.0,0.0,0.0
revenue,Estate and Gift Taxes,Estate and Gift Taxes,2020-01-01,2022,both,0.0,0.0,0.0,0.0
revenue,Estate and Gift Taxes,Estate and Gift Taxes,2020-01-01,2023,both,0.0,0.0,0.0,0.0
revenue,Estate and Gift Taxes,Estate and Gift Taxes,2020-01-01,2024,both,0.0,0.0,0.0,0.0
revenue,Estate and Gift Taxes,Estate and Gift Taxes,2020-01-01,2025,both,0.0,0.0,0.0,0.0
revenue,Estate and Gift Taxes,Estate and Gift Taxes,2020-03-01,2020,both,0.0,0.0,0.0,0.0
revenue,Estate and Gift Taxes,Estate and Gift Taxes,2020-03-01,2021,both,0.0,0.0,0.0,0.0
revenue,Estate and Gift Taxes,Estate and Gift Taxes,2020-03-01,2022,both,0.0,0.0,0.0,0.0
revenue,Estate and Gift Taxes,Estate and Gift Taxes,2020-03-01,2023,both,0.0,0.0,0.0,0.0
revenue,Estate and Gift Taxes,Estate and Gift Taxes,2020-03-01,2024,both,0.0,0.0,0.0,0.0
revenue,Estate and Gift Taxes,Estate and Gift Taxes,2020-03-01,2025,both,0.0,0.0,0.0,0.0
revenue,Estate and Gift Taxes,Estate and Gift Taxes,2021-02-01,2021,both,0.0,0.0,0.0,0.0
revenue,Estate and Gift Taxes,Estate and Gift Taxes,2021-02-01,2022,both,0.0,0.0,0.0,0.0
revenue,Estate and Gift Taxes,Estate and Gift Taxes,2021-02-01,2023,both,0.0,0.0,0.0,0.0
revenue,Estate and Gift Taxes,Estate and Gift Taxes,2021-02-01,2024,both,0.0,0.0,0.0,0.0
revenue,Estate and Gift Taxes,Estate and Gift Taxes,2021-02-01,2025,both,0.0,0.0,0.0,0.0
revenue,Estate and Gift Taxes,Estate and Gift Taxes,2021-07-01,2021,both,0.0,0.0,0.0,0.0
revenue,Estate and Gift Taxes,Estate and Gift Taxes,2021-07-01,2022,both,0.0,0.0,0.0,0.0
revenue,Estate and Gift Taxes,Estate and Gift Taxes,2021-07-01,2023,both,0.0,0.0,0.0,0.0
revenue,Estate and Gift Taxes,Estate and Gift Taxes,2021-07-01,2024,both,0.0,0.0,0.0,0.0
revenue,Estate and Gift Taxes,Estate and Gift Taxes,2021-07-01,2025,both,0.0,0.0,0.0,0.0
revenue,Estate and Gift Taxes,Estate and Gift Taxes,2022-05-01,2022,both,0.0,0.0,0.0,0.0
revenue,Estate and Gift Taxes,Estate and Gift Taxes,2022-05-01,2023,both,0.0,0.0,0.0,0.0
revenue,Estate and Gift Taxes,Estate and Gift Taxes,2022-05-01,2024,both,0.0,0.0,0.0,0.0
revenue,Estate and Gift Taxes,Estate and Gift Taxes,2022-05-01,2025,both,0.0,0.0,0.0,0.0
revenue,Estate and Gift Taxes,Estate and Gift Taxes,2023-02-01,2023,both,0.0,0.0,0.0,0.0
revenue,Estate and Gift Taxes,Estate and Gift Taxes,2023-02-01,2024,both,0.0,0.0,0.0,0.0
revenue,Estate and Gift Taxes,Estate and Gift Taxes,2023-02-01,2025,both,0.0,0.0,0.0,0.0
revenue,Estate and Gift Taxes,Estate and Gift Taxes,2023-05-01,2023,both,0.0,0.0,0.0,0.0
revenue,Estate and Gift Taxes,Estate and Gift Taxes,2023-05-01,2024,both,0.0,0.0,0.0,0.0
revenue,Estate and Gift Taxes,Estate and Gift Taxes,2023-05-01,2025,both,0.0,0.0,0.0,0.0
revenue,Estate and Gift Taxes,Estate and Gift Taxes,2024-02-01,2024,both,0.0,0.0,0.0,0.0
revenue,Estate and Gift Taxes,Estate and Gift Taxes,2024-02-01,2025,both,0.0,0.0,0.0,0.0
revenue,Estate and Gift Taxes,Estate and Gift Taxes,2024-06-01,2024,both,0.0,0.0,0.0,0.0
revenue,Estate and Gift Taxes,Estate and Gift Taxes,2024-06-01,2025,both,0.0,0.0,0.0,0.0
revenue,Estate and Gift Taxes,Estate and Gift Taxes,2025-01-01,2025,both,0.0,0.0,0.0,0.0
revenue,Excise Taxes,Excise Taxes,1982-02-01,1982,both,0.0,0.0,0.0,0.0
revenue,Excise Taxes,Excise Taxes,1982-02-01,1983,both,0.0,0.0,0.0,0.0
revenue,Excise Taxes,Excise Taxes,1982-02-01,1984,both,0.0,0.0,0.0,0.0
revenue,Excise Taxes,Excise Taxes,1982-02-01,1985,both,0.0,0.0,0.0,0.0
revenue,Excise Taxes,Excise Taxes,1982-02-01,1986,both,0.0,0.0,0.0,0.0
revenue,Excise Taxes,Excise Taxes,1982-02-01,1987,both,0.0,0.0,0.0,0.0
revenue,Excise Taxes,Excise Taxes,1983-02-01,1983,both,0.0,0.0,0.0,0.0
revenue,Excise Taxes,Excise Taxes,1983-02-01,1984,both,0.0,0.0,0.0,0.0
revenue,Excise Taxes,Excise Taxes,1983-02-01,1985,both,0.0,0.0,0.0,0.0
revenue,Excise Taxes,Excise Taxes,1983-02-01,1986,both,0.0,0.0,0.0,0.0
revenue,Excise Taxes,Excise Taxes,1983-02-01,1987,both,0.0,0.0,0.0,0.0
revenue,Excise Taxes,Excise Taxes,1983-02-01,1988,both,0.0,0.0,0.0,0.0
revenue,Excise Taxes,Excise Taxes,1984-02-01,1984,both,0.0,0.0,0.0,0.0
revenue,Excise Taxes,Excise Taxes,1984-02-01,1985,both,0.0,0.0,0.0,0.0
revenue,Excise Taxes,Excise Taxes,1984-02-01,1986,both,0.0,0.0,0.0,0.0
revenue,Excise Taxes,Excise Taxes,1984-02-01,1987,both,0.0,0.0,0.0,0.0
revenue,Excise Taxes,Excise Taxes,1984-02-01,1988,both,0.0,0.0,0.0,0.0
revenue,Excise Taxes,Excise Taxes,1984-02-01,1989,both,0.0,0.0,0.0,0.0
revenue,Excise Taxes,Excise Taxes,1985-02-01,1985,both,0.0,0.0,0.0,0.0
revenue,Excise Taxes,Excise Taxes,1985-02-01,1986,both,0.0,0.0,0.0,0.0
revenue,Excise Taxes,Excise Taxes,1985-02-01,1987,both,0.0,0.0,0.0,0.0
revenue,Excise Taxes,Excise Taxes,1985-02-01,1988,both,0.0,0.0,0.0,0.0
revenue,Excise Taxes,Excise Taxes,1985-02-01,1989,both,0.0,0.0,0.0,0.0
revenue,Excise Taxes,Excise Taxes,1985-02-01,1990,both,0.0,0.0,0.0,0.0
revenue,Excise Taxes,Excise Taxes,1986-02-01,1986,both,0.0,0.0,0.0,0.0
revenue,Excise Taxes,Excise Taxes,1986-02-01,1987,both,0.0,0.0,0.0,0.0
revenue,Excise Taxes,Excise Taxes,1986-02-01,1988,both,0.0,0.0,0.0,0.0
revenue,Excise Taxes,Excise Taxes,1986-02-01,1989,both,0.0,0.0,0.0,0.0
revenue,Excise Taxes,Excise Taxes,1986-02-01,1990,both,0.0,0.0,0.0,0.0
revenue,Excise Taxes,Excise Taxes,1986-02-01,1991,both,0.0,0.0,0.0,0.0
revenue,Excise Taxes,Excise Taxes,1987-01-01,1987,both,0.0,0.0,0.0,0.0
revenue,Excise Taxes,Excise Taxes,1987-01-01,1988,both,0.0,0.0,0.0,0.0
revenue,Excise Taxes,Excise Taxes,1987-01-01,1989,both,0.0,0.0,0.0,0.0
revenue,Excise Taxes,Excise Taxes,1987-01-01,1990,both,0.0,0.0,0.0,0.0
revenue,Excise Taxes,Excise Taxes,1987-01-01,1991,both,0.0,0.0,0.0,0.0
revenue,Excise Taxes,Excise Taxes,1987-01-01,1992,both,0.0,0.0,0.0,0.0
revenue,Excise Taxes,Excise Taxes,1988-02-01,1988,both,0.0,0.0,0.0,0.0
revenue,Excise Taxes,Excise Taxes,1988-02-01,1989,both,0.0,0.0,0.0,0.0
revenue,Excise Taxes,Excise Taxes,1988-02-01,1990,both,0.0,0.0,0.0,0.0
revenue,Excise Taxes,Excise Taxes,1988-02-01,1991,both,0.0,0.0,0.0,0.0
revenue,Excise Taxes,Excise Taxes,1988-02-01,1992,both,0.0,0.0,0.0,0.0
revenue,Excise Taxes,Excise Taxes,1988-02-01,1993,both,0.0,0.0,0.0,0.0
revenue,Excise Taxes,Excise Taxes,1989-01-01,1989,both,0.0,0.0,0.0,0.0
revenue,Excise Taxes,Excise Taxes,1989-01-01,1990,both,0.0,0.0,0.0,0.0
revenue,Excise Taxes,Excise Taxes,1989-01-01,1991,both,0.0,0.0,0.0,0.0
revenue,Excise Taxes,Excise Taxes,1989-01-01,1992,both,0.0,0.0,0.0,0.0
revenue,Excise Taxes,Excise Taxes,1989-01-01,1993,both,0.0,0.0,0.0,0.0
revenue,Excise Taxes,Excise Taxes,1989-01-01,1994,both,0.0,0.0,0.0,0.0
revenue,Excise Taxes,Excise Taxes,1990-01-01,1990,both,0.0,0.0,0.0,0.0
revenue,Excise Taxes,Excise Taxes,1990-01-01,1991,both,0.0,0.0,0.0,0.0
revenue,Excise Taxes,Excise Taxes,1990-01-01,1992,both,0.0,0.0,0.0,0.0
revenue,Excise Taxes,Excise Taxes,1990-01-01,1993,both,0.0,0.0,0.0,0.0
revenue,Excise Taxes,Excise Taxes,1990-01-01,1994,both,0.0,0.0,0.0,0.0
revenue,Excise Taxes,Excise Taxes,1990-01-01,1995,both,0.0,0.0,0.0,0.0
revenue,Excise Taxes,Excise Taxes,1991-01-01,1991,both,0.0,0.0,0.0,0.0
revenue,Excise Taxes,Excise Taxes,1991-01-01,1992,both,0.0,0.0,0.0,0.0
revenue,Excise Taxes,Excise Taxes,1991-01-01,1993,both,0.0,0.0,0.0,0.0
revenue,Excise Taxes,Excise Taxes,1991-01-01,1994,both,0.0,0.0,0.0,0.0
revenue,Excise Taxes,Excise Taxes,1991-01-01,1995,both,0.0,0.0,0.0,0.0
revenue,Excise Taxes,Excise Taxes,1991-01-01,1996,both,0.0,0.0,0.0,0.0
revenue,Excise Taxes,Excise Taxes,1992-01-01,1992,both,0.0,0.0,0.0,0.0
revenue,Excise Taxes,Excise Taxes,1992-01-01,1993,both,0.0,0.0,0.0,0.0
revenue,Excise Taxes,Excise Taxes,1992-01-01,1994,both,0.0,0.0,0.0,0.0
revenue,Excise Taxes,Excise Taxes,1992-01-01,1995,both,0.0,0.0,0.0,0.0
revenue,Excise Taxes,Excise Taxes,1992-01-01,1996,both,0.0,0.0,0.0,0.0
revenue,Excise Taxes,Excise Taxes,1992-01-01,1997,both,0.0,0.0,0.0,0.0
revenue,Excise Taxes,Excise Taxes,1992-01-01,1998,both,0.0,0.0,0.0,0.0
revenue,Excise Taxes,Excise Taxes,1992-01-01,1999,both,0.0,0.0,0.0,0.0
revenue,Excise Taxes,Excise Taxes,1992-01-01,2000,both,0.0,0.0,0.0,0.0
revenue,Excise Taxes,Excise Taxes,1992-01-01,2001,both,0.0,0.0,0.0,0.0
revenue,Excise Taxes,Excise Taxes,1992-01-01,2002,both,0.0,0.0,0.0,0.0
revenue,Excise Taxes,Excise Taxes,1992-03-01,1992,both,0.0,0.0,0.0,0.0
revenue,Excise Taxes,Excise Taxes,1992-03-01,1993,both,0.0,0.0,0.0,0.0
revenue,Excise Taxes,Excise Taxes,1992-03-01,1994,both,0.0,0.0,0.0,0.0
revenue,Excise Taxes,Excise Taxes,1992-03-01,1995,both,0.0,0.0,0.0,0.0
revenue,Excise Taxes,Excise Taxes,1992-03-01,1996,both,0.0,0.0,0.0,0.0
revenue,Excise Taxes,Excise Taxes,1992-03-01,1997,both,0.0,0.0,0.0,0.0
revenue,Excise Taxes,Excise Taxes,1993-01-01,1993,both,0.0,0.0,0.0,0.0
revenue,Excise Taxes,Excise Taxes,1993-01-01,1994,both,0.0,0.0,0.0,0.0
revenue,Excise Taxes,Excise Taxes,1993-01-01,1995,both,0.0,0.0,0.0,0.0
revenue,Excise Taxes,Excise Taxes,1993-01-01,1996,both,0.0,0.0,0.0,0.0
revenue,Excise Taxes,Excise Taxes,1993-01-01,1997,both,0.0,0.0,0.0,0.0
revenue,Excise Taxes,Excise Taxes,1993-01-01,1998,both,0.0,0.0,0.0,0.0
revenue,Excise Taxes,Excise Taxes,1993-01-01,1999,both,0.0,0.0,0.0,0.0
revenue,Excise Taxes,Excise Taxes,1993-01-01,2000,both,0.0,0.0,0.0,0.0
revenue,Excise Taxes,Excise Taxes,1993-01-01,2001,both,0.0,0.0,0.0,0.0
revenue,Excise Taxes,Excise Taxes,1993-01-01,2002,both,0.0,0.0,0.0,0.0
revenue,Excise Taxes,Excise Taxes,1993-01-01,2003,both,0.0,0.0,0.0,0.0
revenue,Excise Taxes,Excise Taxes,1993-03-01,1993,both,0.0,0.0,0.0,0.0
revenue,Excise Taxes,Excise Taxes,1993-03-01,1994,both,0.0,0.0,0.0,0.0
revenue,Excise Taxes,Excise Taxes,1993-03-01,1995,both,0.0,0.0,0.0,0.0
revenue,Excise Taxes,Excise Taxes,1993-03-01,1996,both,0.0,0.0,0.0,0.0
revenue,Excise Taxes,Excise Taxes,1993-03-01,1997,both,0.0,0.0,0.0,0.0
revenue,Excise Taxes,Excise Taxes,1993-03-01,1998,both,0.0,0.0,0.0,0.0
revenue,Excise Taxes,Excise Taxes,1993-03-01,1999,both,0.0,0.0,0.0,0.0
revenue,Excise Taxes,Excise Taxes,1993-03-01,2000,both,0.0,0.0,0.0,0.0
revenue,Excise Taxes,Excise Taxes,1993-03-01,2001,both,0.0,0.0,0.0,0.0
revenue,Excise Taxes,Excise Taxes,1993-03-01,2002,both,0.0,0.0,0.0,0.0
revenue,Excise Taxes,Excise Taxes,1993-03-01,2003,both,0.0,0.0,0.0,0.0
revenue,Excise Taxes,Excise Taxes,1994-01-01,1994,both,0.0,0.0,0.0,0.0
revenue,Excise Taxes,Excise Taxes,1994-01-01,1995,both,0.0,0.0,0.0,0.0
revenue,Excise Taxes,Excise Taxes,1994-01-01,1996,both,0.0,0.0,0.0,0.0
revenue,Excise Taxes,Excise Taxes,1994-01-01,1997,both,0.0,0.0,0.0,0.0
revenue,Excise Taxes,Excise Taxes,1994-01-01,1998,both,0.0,0.0,0.0,0.0
revenue,Excise Taxes,Excise Taxes,1994-01-01,1999,both,0.0,0.0,0.0,0.0
revenue,Excise Taxes,Excise Taxes,1994-01-01,2000,both,0.0,0.0,0.0,0.0
revenue,Excise Taxes,Excise Taxes,1994-01-01,2001,both,0.0,0.0,0.0,0.0
revenue,Excise Taxes,Excise Taxes,1994-01-01,2002,both,0.0,0.0,0.0,0.0
revenue,Excise Taxes,Excise Taxes,1994-01-01,2003,both,0.0,0.0,0.0,0.0
revenue,Excise Taxes,Excise Taxes,1994-01-01,2004,both,0.0,0.0,0.0,0.0
revenue,Excise Taxes,Excise Taxes,1995-01-01,1995,both,0.0,0.0,0.0,0.0
revenue,Excise Taxes,Excise Taxes,1995-01-01,1996,both,0.0,0.0,0.0,0.0
revenue,Excise Taxes,Excise Taxes,1995-01-01,1997,both,0.0,0.0,0.0,0.0
revenue,Excise Taxes,Excise Taxes,1995-01-01,1998,both,0.0,0.0,0.0,0.0
revenue,Excise Taxes,Excise Taxes,1995-01-01,1999,both,0.0,0.0,0.0,0.0
revenue,Excise Taxes,Excise Taxes,1995-01-01,2000,both,0.0,0.0,0.0,0.0
revenue,Excise Taxes,Excise Taxes,1995-01-01,2001,both,0.0,0.0,0.0,0.0
revenue,Excise Taxes,Excise Taxes,1995-01-01,2002,both,0.0,0.0,0.0,0.0
revenue,Excise Taxes,Excise Taxes,1995-01-01,2003,both,0.0,0.0,0.0,0.0
revenue,Excise Taxes,Excise Taxes,1995-01-01,2004,both,0.0,0.0,0.0,0.0
revenue,Excise Taxes,Excise Taxes,1995-01-01,2005,both,0.0,0.0,0.0,0.0
revenue,Excise Taxes,Excise Taxes,1996-05-01,1996,both,0.0,0.0,0.0,0.0
revenue,Excise Taxes,Excise Taxes,1996-05-01,1997,both,0.0,0.0,0.0,0.0
revenue,Excise Taxes,Excise Taxes,1996-05-01,1998,both,0.0,0.0,0.0,0.0
revenue,Excise Taxes,Excise Taxes,1996-05-01,1999,both,0.0,0.0,0.0,0.0
revenue,Excise Taxes,Excise Taxes,1996-05-01,2000,both,0.0,0.0,0.0,0.0
revenue,Excise Taxes,Excise Taxes,1996-05-01,2001,both,0.0,0.0,0.0,0.0
revenue,Excise Taxes,Excise Taxes,1996-05-01,2002,both,0.0,0.0,0.0,0.0
revenue,Excise Taxes,Excise Taxes,1996-05-01,2003,both,0.0,0.0,0.0,0.0
revenue,Excise Taxes,Excise Taxes,1996-05-01,2004,both,0.0,0.0,0.0,0.0
revenue,Excise Taxes,Excise Taxes,1996-05-01,2005,both,0.0,0.0,0.0,0.0
revenue,Excise Taxes,Excise Taxes,1996-05-01,2006,both,0.0,0.0,0.0,0.0
revenue,Excise Taxes,Excise Taxes,1997-01-01,1997,both,0.0,0.0,0.0,0.0
revenue,Excise Taxes,Excise Taxes,1997-01-01,1998,both,0.0,0.0,0.0,0.0
revenue,Excise Taxes,Excise Taxes,1997-01-01,1999,both,0.0,0.0,0.0,0.0
revenue,Excise Taxes,Excise Taxes,1997-01-01,2000,both,0.0,0.0,0.0,0.0
revenue,Excise Taxes,Excise Taxes,1997-01-01,2001,both,0.0,0.0,0.0,0.0
revenue,Excise Taxes,Excise Taxes,1997-01-01,2002,both,0.0,0.0,0.0,0.0
revenue,Excise Taxes,Excise Taxes,1997-01-01,2003,both,0.0,0.0,0.0,0.0
revenue,Excise Taxes,Excise Taxes,1997-01-01,2004,both,0.0,0.0,0.0,0.0
revenue,Excise Taxes,Excise Taxes,1997-01-01,2005,both,0.0,0.0,0.0,0.0
revenue,Excise Taxes,Excise Taxes,1997-01-01,2006,both,0.0,0.0,0.0,0.0
revenue,Excise Taxes,Excise Taxes,1997-01-01,2007,both,0.0,0.0,0.0,0.0
revenue,Excise Taxes,Excise Taxes,1997-03-01,1997,both,0.0,0.0,0.0,0.0
revenue,Excise Taxes,Excise Taxes,1997-03-01,1998,both,0.0,0.0,0.0,0.0
revenue,Excise Taxes,Excise Taxes,1997-03-01,1999,both,0.0,0.0,0.0,0.0
revenue,Excise Taxes,Excise Taxes,1997-03-01,2000,both,0.0,0.0,0.0,0.0
revenue,Excise Taxes,Excise Taxes,1997-03-01,2001,both,0.0,0.0,0.0,0.0
revenue,Excise Taxes,Excise Taxes,1997-03-01,2002,both,0.0,0.0,0.0,0.0
revenue,Excise Taxes,Excise Taxes,1997-03-01,2003,both,0.0,0.0,0.0,0.0
revenue,Excise Taxes,Excise Taxes,1997-03-01,2004,both,0.0,0.0,0.0,0.0
revenue,Excise Taxes,Excise Taxes,1997-03-01,2005,both,0.0,0.0,0.0,0.0
revenue,Excise Taxes,Excise Taxes,1997-03-01,2006,both,0.0,0.0,0.0,0.0
revenue,Excise Taxes,Excise Taxes,1997-03-01,2007,both,0.0,0.0,0.0,0.0
revenue,Excise Taxes,Excise Taxes,1998-01-01,1998,both,0.0,0.0,0.0,0.0
revenue,Excise Taxes,Excise Taxes,1998-01-01,1999,both,0.0,0.0,0.0,0.0
revenue,Excise Taxes,Excise Taxes,1998-01-01,2000,both,0.0,0.0,0.0,0.0
revenue,Excise Taxes,Excise Taxes,1998-01-01,2001,both,0.0,0.0,0.0,0.0
revenue,Excise Taxes,Excise Taxes,1998-01-01,2002,both,0.0,0.0,0.0,0.0
revenue,Excise Taxes,Excise Taxes,1998-01-01,2003,both,0.0,0.0,0.0,0.0
revenue,Excise Taxes,Excise Taxes,1998-01-01,2004,both,0.0,0.0,0.0,0.0
revenue,Excise Taxes,Excise Taxes,1998-01-01,2005,both,0.0,0.0,0.0,0.0
revenue,Excise Taxes,Excise Taxes,1998-01-01,2006,both,0.0,0.0,0.0,0.0
revenue,Excise Taxes,Excise Taxes,1998-01-01,2007,both,0.0,0.0,0.0,0.0
revenue,Excise Taxes,Excise Taxes,1998-01-01,2008,both,0.0,0.0,0.0,0.0
revenue,Excise Taxes,Excise Taxes,1998-03-01,1998,both,0.0,0.0,0.0,0.0
revenue,Excise Taxes,Excise Taxes,1998-03-01,1999,both,0.0,0.0,0.0,0.0
revenue,Excise Taxes,Excise Taxes,1998-03-01,2000,both,0.0,0.0,0.0,0.0
revenue,Excise Taxes,Excise Taxes,1998-03-01,2001,both,0.0,0.0,0.0,0.0
revenue,Excise Taxes,Excise Taxes,1998-03-01,2002,both,0.0,0.0,0.0,0.0
revenue,Excise Taxes,Excise Taxes,1998-03-01,2003,both,0.0,0.0,0.0,0.0
revenue,Excise Taxes,Excise Taxes,1998-03-01,2004,both,0.0,0.0,0.0,0.0
revenue,Excise Taxes,Excise Taxes,1998-03-01,2005,both,0.0,0.0,0.0,0.0
revenue,Excise Taxes,Excise Taxes,1998-03-01,2006,both,0.0,0.0,0.0,0.0
revenue,Excise Taxes,Excise Taxes,1998-03-01,2007,both,0.0,0.0,0.0,0.0
revenue,Excise Taxes,Excise Taxes,1998-03-01,2008,both,0.0,0.0,0.0,0.0
revenue,Excise Taxes,Excise Taxes,1999-01-01,1999,both,0.0,0.0,0.0,0.0
revenue,Excise Taxes,Excise Taxes,1999-01-01,2000,both,0.0,0.0,0.0,0.0
revenue,Excise Taxes,Excise Taxes,1999-01-01,2001,both,0.0,0.0,0.0,0.0
revenue,Excise Taxes,Excise Taxes,1999-01-01,2002,both,0.0,0.0,0.0,0.0
revenue,Excise Taxes,Excise Taxes,1999-01-01,2003,both,0.0,0.0,0.0,0.0
revenue,Excise Taxes,Excise Taxes,1999-01-01,2004,both,0.0,0.0,0.0,0.0
revenue,Excise Taxes,Excise Taxes,1999-01-01,2005,both,0.0,0.0,0.0,0.0
revenue,Excise Taxes,Excise Taxes,1999-01-01,2006,both,0.0,0.0,0.0,0.0
revenue,Excise Taxes,Excise Taxes,1999-01-01,2007,both,0.0,0.0,0.0,0.0
revenue,Excise Taxes,Excise Taxes,1999-01-01,2008,both,0.0,0.0,0.0,0.0
revenue,Excise Taxes,Excise Taxes,1999-01-01,2009,both,0.0,0.0,0.0,0.0
revenue,Excise Taxes,Excise Taxes,2000-01-01,2000,both,0.0,0.0,0.0,0.0
revenue,Excise Taxes,Excise Taxes,2000-01-01,2001,both,0.0,0.0,0.0,0.0
revenue,Excise Taxes,Excise Taxes,2000-01-01,2002,both,0.0,0.0,0.0,0.0
revenue,Excise Taxes,Excise Taxes,2000-01-01,2003,both,0.0,0.0,0.0,0.0
revenue,Excise Taxes,Excise Taxes,2000-01-01,2004,both,0.0,0.0,0.0,0.0
revenue,Excise Taxes,Excise Taxes,2000-01-01,2005,both,0.0,0.0,0.0,0.0
revenue,Excise Taxes,Excise Taxes,2000-01-01,2006,both,0.0,0.0,0.0,0.0
revenue,Excise Taxes,Excise Taxes,2000-01-01,2007,both,0.0,0.0,0.0,0.0
revenue,Excise Taxes,Excise Taxes,2000-01-01,2008,both,0.0,0.0,0.0,0.0
revenue,Excise Taxes,Excise Taxes,2000-01-01,2009,both,0.0,0.0,0.0,0.0
revenue,Excise Taxes,Excise Taxes,2000-01-01,2010,both,0.0,0.0,0.0,0.0
revenue,Excise Taxes,Excise Taxes,2001-01-01,2001,both,0.0,0.0,0.0,0.0
revenue,Excise Taxes,Excise Taxes,2001-01-01,2002,both,0.0,0.0,0.0,0.0
revenue,Excise Taxes,Excise Taxes,2001-01-01,2003,both,0.0,0.0,0.0,0.0
revenue,Excise Taxes,Excise Taxes,2001-01-01,2004,both,0.0,0.0,0.0,0.0
revenue,Excise Taxes,Excise Taxes,2001-01-01,2005,both,0.0,0.0,0.0,0.0
revenue,Excise Taxes,Excise Taxes,2001-01-01,2006,both,0.0,0.0,0.0,0.0
revenue,Excise Taxes,Excise Taxes,2001-01-01,2007,both,0.0,0.0,0.0,0.0
revenue,Excise Taxes,Excise Taxes,2001-01-01,2008,both,0.0,0.0,0.0,0.0
revenue,Excise Taxes,Excise Taxes,2001-01-01,2009,both,0.0,0.0,0.0,0.0
revenue,Excise Taxes,Excise Taxes,2001-01-01,2010,both,0.0,0.0,0.0,0.0
revenue,Excise Taxes,Excise Taxes,2001-01-01,2011,both,0.0,0.0,0.0,0.0
revenue,Excise Taxes,Excise Taxes,2001-05-01,2001,both,0.0,0.0,0.0,0.0
revenue,Excise Taxes,Excise Taxes,2001-05-01,2002,both,0.0,0.0,0.0,0.0
revenue,Excise Taxes,Excise Taxes,2001-05-01,2003,both,0.0,0.0,0.0,0.0
revenue,Excise Taxes,Excise Taxes,2001-05-01,2004,both,0.0,0.0,0.0,0.0
revenue,Excise Taxes,Excise Taxes,2001-05-01,2005,both,0.0,0.0,0.0,0.0
revenue,Excise Taxes,Excise Taxes,2001-05-01,2006,both,0.0,0.0,0.0,0.0
revenue,Excise Taxes,Excise Taxes,2001-05-01,2007,both,0.0,0.0,0.0,0.0
revenue,Excise Taxes,Excise Taxes,2001-05-01,2008,both,0.0,0.0,0.0,0.0
revenue,Excise Taxes,Excise Taxes,2001-05-01,2009,both,0.0,0.0,0.0,0.0
revenue,Excise Taxes,Excise Taxes,2001-05-01,2010,both,0.0,0.0,0.0,0.0
revenue,Excise Taxes,Excise Taxes,2001-05-01,2011,both,0.0,0.0,0.0,0.0
revenue,Excise Taxes,Excise Taxes,2002-01-01,2002,both,0.0,0.0,0.0,0.0
revenue,Excise Taxes,Excise Taxes,2002-01-01,2003,both,0.0,0.0,0.0,0.0
revenue,Excise Taxes,Excise Taxes,2002-01-01,2004,both,0.0,0.0,0.0,0.0
revenue,Excise Taxes,Excise Taxes,2002-01-01,2005,both,0.0,0.0,0.0,0.0
revenue,Excise Taxes,Excise Taxes,2002-01-01,2006,both,0.0,0.0,0.0,0.0
revenue,Excise Taxes,Excise Taxes,2002-01-01,2007,both,0.0,0.0,0.0,0.0
revenue,Excise Taxes,Excise Taxes,2002-01-01,2008,both,0.0,0.0,0.0,0.0
revenue,Excise Taxes,Excise Taxes,2002-01-01,2009,both,0.0,0.0,0.0,0.0
revenue,Excise Taxes,Excise Taxes,2002-01-01,2010,both,0.0,0.0,0.0,0.0
revenue,Excise Taxes,Excise Taxes,2002-01-01,2011,both,0.0,0.0,0.0,0.0
revenue,Excise Taxes,Excise Taxes,2002-01-01,2012,both,0.0,0.0,0.0,0.0
revenue,Excise Taxes,Excise Taxes,2002-03-01,2002,both,0.0,0.0,0.0,0.0
revenue,Excise Taxes,Excise Taxes,2002-03-01,2003,both,0.0,0.0,0.0,0.0
revenue,Excise Taxes,Excise Taxes,2002-03-01,2004,both,0.0,0.0,0.0,0.0
revenue,Excise Taxes,Excise Taxes,2002-03-01,2005,both,0.0,0.0,0.0,0.0
revenue,Excise Taxes,Excise Taxes,2002-03-01,2006,both,0.0,0.0,0.0,0.0
revenue,Excise Taxes,Excise Taxes,2002-03-01,2007,both,0.0,0.0,0.0,0.0
revenue,Excise Taxes,Excise Taxes,2002-03-01,2008,both,0.0,0.0,0.0,0.0
revenue,Excise Taxes,Excise Taxes,2002-03-01,2009,both,0.0,0.0,0.0,0.0
revenue,Excise Taxes,Excise Taxes,2002-03-01,2010,both,0.0,0.0,0.0,0.0
revenue,Excise Taxes,Excise Taxes,2002-03-01,2011,both,0.0,0.0,0.0,0.0
revenue,Excise Taxes,Excise Taxes,2002-03-01,2012,both,0.0,0.0,0.0,0.0
revenue,Excise Taxes,Excise Taxes,2003-01-01,2003,both,0.0,0.0,0.0,0.0
revenue,Excise Taxes,Excise Taxes,2003-01-01,2004,both,0.0,0.0,0.0,0.0
revenue,Excise Taxes,Excise Taxes,2003-01-01,2005,both,0.0,0.0,0.0,0.0
revenue,Excise Taxes,Excise Taxes,2003-01-01,2006,both,0.0,0.0,0.0,0.0
revenue,Excise Taxes,Excise Taxes,2003-01-01,2007,both,0.0,0.0,0.0,0.0
revenue,Excise Taxes,Excise Taxes,2003-01-01,2008,both,0.0,0.0,0.0,0.0
revenue,Excise Taxes,Excise Taxes,2003-01-01,2009,both,0.0,0.0,0.0,0.0
revenue,Excise Taxes,Excise Taxes,2003-01-01,2010,both,0.0,0.0,0.0,0.0
revenue,Excise Taxes,Excise Taxes,2003-01-01,2011,both,0.0,0.0,0.0,0.0
revenue,Excise Taxes,Excise Taxes,2003-01-01,2012,both,0.0,0.0,0.0,0.0
revenue,Excise Taxes,Excise Taxes,2003-01-01,2013,both,0.0,0.0,0.0,0.0
revenue,Excise Taxes,Excise Taxes,2003-03-01,2003,both,0.0,0.0,0.0,0.0
revenue,Excise Taxes,Excise Taxes,2003-03-01,2004,both,0.0,0.0,0.0,0.0
revenue,Excise Taxes,Excise Taxes,2003-03-01,2005,both,0.0,0.0,0.0,0.0
revenue,Excise Taxes,Excise Taxes,2003-03-01,2006,both,0.0,0.0,0.0,0.0
revenue,Excise Taxes,Excise Taxes,2003-03-01,2007,both,0.0,0.0,0.0,0.0
revenue,Excise Taxes,Excise Taxes,2003-03-01,2008,both,0.0,0.0,0.0,0.0
revenue,Excise Taxes,Excise Taxes,2003-03-01,2009,both,0.0,0.0,0.0,0.0
revenue,Excise Taxes,Excise Taxes,2003-03-01,2010,both,0.0,0.0,0.0,0.0
revenue,Excise Taxes,Excise Taxes,2003-03-01,2011,both,0.0,0.0,0.0,0.0
revenue,Excise Taxes,Excise Taxes,2003-03-01,2012,both,0.0,0.0,0.0,0.0
revenue,Excise Taxes,Excise Taxes,2003-03-01,2013,both,0.0,0.0,0.0,0.0
revenue,Excise Taxes,Excise Taxes,2004-01-01,2004,both,0.0,0.0,0.0,0.0
revenue,Excise Taxes,Excise Taxes,2004-01-01,2005,both,0.0,0.0,0.0,0.0
revenue,Excise Taxes,Excise Taxes,2004-01-01,2006,both,0.0,0.0,0.0,0.0
revenue,Excise Taxes,Excise Taxes,2004-01-01,2007,both,0.0,0.0,0.0,0.0
revenue,Excise Taxes,Excise Taxes,2004-01-01,2008,both,0.0,0.0,0.0,0.0
revenue,Excise Taxes,Excise Taxes,2004-01-01,2009,both,0.0,0.0,0.0,0.0
revenue,Excise Taxes,Excise Taxes,2004-01-01,2010,both,0.0,0.0,0.0,0.0
revenue,Excise Taxes,Excise Taxes,2004-01-01,2011,both,0.0,0.0,0.0,0.0
revenue,Excise Taxes,Excise Taxes,2004-01-01,2012,both,0.0,0.0,0.0,0.0
revenue,Excise Taxes,Excise Taxes,2004-01-01,2013,both,0.0,0.0,0.0,0.0
revenue,Excise Taxes,Excise Taxes,2004-01-01,2014,both,0.0,0.0,0.0,0.0
revenue,Excise Taxes,Excise Taxes,2004-03-01,2004,both,0.0,0.0,0.0,0.0
revenue,Excise Taxes,Excise Taxes,2004-03-01,2005,both,0.0,0.0,0.0,0.0
revenue,Excise Taxes,Excise Taxes,2004-03-01,2006,both,0.0,0.0,0.0,0.0
revenue,Excise Taxes,Excise Taxes,2004-03-01,2007,both,0.0,0.0,0.0,0.0
revenue,Excise Taxes,Excise Taxes,2004-03-01,2008,both,0.0,0.0,0.0,0.0
revenue,Excise Taxes,Excise Taxes,2004-03-01,2009,both,0.0,0.0,0.0,0.0
revenue,Excise Taxes,Excise Taxes,2004-03-01,2010,both,0.0,0.0,0.0,0.0
revenue,Excise Taxes,Excise Taxes,2004-03-01,2011,both,0.0,0.0,0.0,0.0
revenue,Excise Taxes,Excise Taxes,2004-03-01,2012,both,0.0,0.0,0.0,0.0
revenue,Excise Taxes,Excise Taxes,2004-03-01,2013,both,0.0,0.0,0.0,0.0
revenue,Excise Taxes,Excise Taxes,2004-03-01,2014,both,0.0,0.0,0.0,0.0
revenue,Excise Taxes,Excise Taxes,2005-01-01,2005,both,0.0,0.0,0.0,0.0
revenue,Excise Taxes,Excise Taxes,2005-01-01,2006,both,0.0,0.0,0.0,0.0
revenue,Excise Taxes,Excise Taxes,2005-01-01,2007,both,0.0,0.0,0.0,0.0
revenue,Excise Taxes,Excise Taxes,2005-01-01,2008,both,0.0,0.0,0.0,0.0
revenue,Excise Taxes,Excise Taxes,2005-01-01,2009,both,0.0,0.0,0.0,0.0
revenue,Excise Taxes,Excise Taxes,2005-01-01,2010,both,0.0,0.0,0.0,0.0
revenue,Excise Taxes,Excise Taxes,2005-01-01,2011,both,0.0,0.0,0.0,0.0
revenue,Excise Taxes,Excise Taxes,2005-01-01,2012,both,0.0,0.0,0.0,0.0
revenue,Excise Taxes,Excise Taxes,2005-01-01,2013,both,0.0,0.0,0.0,0.0
revenue,Excise Taxes,Excise Taxes,2005-01-01,2014,both,0.0,0.0,0.0,0.0
revenue,Excise Taxes,Excise Taxes,2005-01-01,2015,both,0.0,0.0,0.0,0.0
revenue,Excise Taxes,Excise Taxes,2005-03-01,2005,both,0.0,0.0,0.0,0.0
revenue,Excise Taxes,Excise Taxes,2005-03-01,2006,both,0.0,0.0,0.0,0.0
revenue,Excise Taxes,Excise Taxes,2005-03-01,2007,both,0.0,0.0,0.0,0.0
revenue,Excise Taxes,Excise Taxes,2005-03-01,2008,both,0.0,0.0,0.0,0.0
revenue,Excise Taxes,Excise Taxes,2005-03-01,2009,both,0.0,0.0,0.0,0.0
revenue,Excise Taxes,Excise Taxes,2005-03-01,2010,both,0.0,0.0,0.0,0.0
revenue,Excise Taxes,Excise Taxes,2005-03-01,2011,both,0.0,0.0,0.0,0.0
revenue,Excise Taxes,Excise Taxes,2005-03-01,2012,both,0.0,0.0,0.0,0.0
revenue,Excise Taxes,Excise Taxes,2005-03-01,2013,both,0.0,0.0,0.0,0.0
revenue,Excise Taxes,Excise Taxes,2005-03-01,2014,both,0.0,0.0,0.0,0.0
revenue,Excise Taxes,Excise Taxes,2005-03-01,2015,both,0.0,0.0,0.0,0.0
revenue,Excise Taxes,Excise Taxes,2006-01-01,2006,both,0.0,0.0,0.0,0.0
revenue,Excise Taxes,Excise Taxes,2006-01-01,2007,both,0.0,0.0,0.0,0.0
revenue,Excise Taxes,Excise Taxes,2006-01-01,2008,both,0.0,0.0,0.0,0.0
revenue,Excise Taxes,Excise Taxes,2006-01-01,2009,both,0.0,0.0,0.0,0.0
revenue,Excise Taxes,Excise Taxes,2006-01-01,2010,both,0.0,0.0,0.0,0.0
revenue,Excise Taxes,Excise Taxes,2006-01-01,2011,both,0.0,0.0,0.0,0.0
revenue,Excise Taxes,Excise Taxes,2006-01-01,2012,both,0.0,0.0,0.0,0.0
revenue,Excise Taxes,Excise Taxes,2006-01-01,2013,both,0.0,0.0,0.0,0.0
revenue,Excise Taxes,Excise Taxes,2006-01-01,2014,both,0.0,0.0,0.0,0.0
revenue,Excise Taxes,Excise Taxes,2006-01-01,2015,both,0.0,0.0,0.0,0.0
revenue,Excise Taxes,Excise Taxes,2006-01-01,2016,both,0.0,0.0,0.0,0.0
revenue,Excise Taxes,Excise Taxes,2006-03-01,2006,both,0.0,0.0,0.0,0.0
revenue,Excise Taxes,Excise Taxes,2006-03-01,2007,both,0.0,0.0,0.0,0.0
revenue,Excise Taxes,Excise Taxes,2006-03-01,2008,both,0.0,0.0,0.0,0.0
revenue,Excise Taxes,Excise Taxes,2006-03-01,2009,both,0.0,0.0,0.0,0.0
revenue,Excise Taxes,Excise Taxes,2006-03-01,2010,both,0.0,0.0,0.0,0.0
revenue,Excise Taxes,Excise Taxes,2006-03-01,2011,both,0.0,0.0,0.0,0.0
revenue,Excise Taxes,Excise Taxes,2006-03-01,2012,both,0.0,0.0,0.0,0.0
revenue,Excise Taxes,Excise Taxes,2006-03-01,2013,both,0.0,0.0,0.0,0.0
revenue,Excise Taxes,Excise Taxes,2006-03-01,2014,both,0.0,0.0,0.0,0.0
revenue,Excise Taxes,Excise Taxes,2006-03-01,2015,both,0.0,0.0,0.0,0.0
revenue,Excise Taxes,Excise Taxes,2006-03-01,2016,both,0.0,0.0,0.0,0.0
revenue,Excise Taxes,Excise Taxes,2007-01-01,2007,both,0.0,0.0,0.0,0.0
revenue,Excise Taxes,Excise Taxes,2007-01-01,2008,both,0.0,0.0,0.0,0.0
revenue,Excise Taxes,Excise Taxes,2007-01-01,2009,both,0.0,0.0,0.0,0.0
revenue,Excise Taxes,Excise Taxes,2007-01-01,2010,both,0.0,0.0,0.0,0.0
revenue,Excise Taxes,Excise Taxes,2007-01-01,2011,both,0.0,0.0,0.0,0.0
revenue,Excise Taxes,Excise Taxes,2007-01-01,2012,both,0.0,0.0,0.0,0.0
revenue,Excise Taxes,Excise Taxes,2007-01-01,2013,both,0.0,0.0,0.0,0.0
revenue,Excise Taxes,Excise Taxes,2007-01-01,2014,both,0.0,0.0,0.0,0.0
revenue,Excise Taxes,Excise Taxes,2007-01-01,2015,both,0.0,0.0,0.0,0.0
revenue,Excise Taxes,Excise Taxes,2007-01-01,2016,both,0.0,0.0,0.0,0.0
revenue,Excise Taxes,Excise Taxes,2007-01-01,2017,both,0.0,0.0,0.0,0.0
revenue,Excise Taxes,Excise Taxes,2007-03-01,2007,both,0.0,0.0,0.0,0.0
revenue,Excise Taxes,Excise Taxes,2007-03-01,2008,both,0.0,0.0,0.0,0.0
revenue,Excise Taxes,Excise Taxes,2007-03-01,2009,both,0.0,0.0,0.0,0.0
revenue,Excise Taxes,Excise Taxes,2007-03-01,2010,both,0.0,0.0,0.0,0.0
revenue,Excise Taxes,Excise Taxes,2007-03-01,2011,both,0.0,0.0,0.0,0.0
revenue,Excise Taxes,Excise Taxes,2007-03-01,2012,both,0.0,0.0,0.0,0.0
revenue,Excise Taxes,Excise Taxes,2007-03-01,2013,both,0.0,0.0,0.0,0.0
revenue,Excise Taxes,Excise Taxes,2007-03-01,2014,both,0.0,0.0,0.0,0.0
revenue,Excise Taxes,Excise Taxes,2007-03-01,2015,both,0.0,0.0,0.0,0.0
revenue,Excise Taxes,Excise Taxes,2007-03-01,2016,both,0.0,0.0,0.0,0.0
revenue,Excise Taxes,Excise Taxes,2007-03-01,2017,both,0.0,0.0,0.0,0.0
revenue,Excise Taxes,Excise Taxes,2008-01-01,2008,both,0.0,0.0,0.0,0.0
revenue,Excise Taxes,Excise Taxes,2008-01-01,2009,both,0.0,0.0,0.0,0.0
revenue,Excise Taxes,Excise Taxes,2008-01-01,2010,both,0.0,0.0,0.0,0.0
revenue,Excise Taxes,Excise Taxes,2008-01-01,2011,both,0.0,0.0,0.0,0.0
revenue,Excise Taxes,Excise Taxes,2008-01-01,2012,both,0.0,0.0,0.0,0.0
revenue,Excise Taxes,Excise Taxes,2008-01-01,2013,both,0.0,0.0,0.0,0.0
revenue,Excise Taxes,Excise Taxes,2008-01-01,2014,both,0.0,0.0,0.0,0.0
revenue,Excise Taxes,Excise Taxes,2008-01-01,2015,both,0.0,0.0,0.0,0.0
revenue,Excise Taxes,Excise Taxes,2008-01-01,2016,both,0.0,0.0,0.0,0.0
revenue,Excise Taxes,Excise Taxes,2008-01-01,2017,both,0.0,0.0,0.0,0.0
revenue,Excise Taxes,Excise Taxes,2008-01-01,2018,both,0.0,0.0,0.0,0.0
revenue,Excise Taxes,Excise Taxes,2008-03-01,2008,both,0.0,0.0,0.0,0.0
revenue,Excise Taxes,Excise Taxes,2008-03-01,2009,both,0.0,0.0,0.0,0.0
revenue,Excise Taxes,Excise Taxes,2008-03-01,2010,both,0.0,0.0,0.0,0.0
revenue,Excise Taxes,Excise Taxes,2008-03-01,2011,both,0.0,0.0,0.0,0.0
revenue,Excise Taxes,Excise Taxes,2008-03-01,2012,both,0.0,0.0,0.0,0.0
revenue,Excise Taxes,Excise Taxes,2008-03-01,2013,both,0.0,0.0,0.0,0.0
revenue,Excise Taxes,Excise Taxes,2008-03-01,2014,both,0.0,0.0,0.0,0.0
revenue,Excise Taxes,Excise Taxes,2008-03-01,2015,both,0.0,0.0,0.0,0.0
revenue,Excise Taxes,Excise Taxes,2008-03-01,2016,both,0.0,0.0,0.0,0.0
revenue,Excise Taxes,Excise Taxes,2008-03-01,2017,both,0.0,0.0,0.0,0.0
revenue,Excise Taxes,Excise Taxes,2008-03-01,2018,both,0.0,0.0,0.0,0.0
revenue,Excise Taxes,Excise Taxes,2009-01-01,2009,both,0.0,0.0,0.0,0.0
revenue,Excise Taxes,Excise Taxes,2009-01-01,2010,both,0.0,0.0,0.0,0.0
revenue,Excise Taxes,Excise Taxes,2009-01-01,2011,both,0.0,0.0,0.0,0.0
revenue,Excise Taxes,Excise Taxes,2009-01-01,2012,both,0.0,0.0,0.0,0.0
revenue,Excise Taxes,Excise Taxes,2009-01-01,2013,both,0.0,0.0,0.0,0.0
revenue,Excise Taxes,Excise Taxes,2009-01-01,2014,both,0.0,0.0,0.0,0.0
revenue,Excise Taxes,Excise Taxes,2009-01-01,2015,both,0.0,0.0,0.0,0.0
revenue,Excise Taxes,Excise Taxes,2009-01-01,2016,both,0.0,0.0,0.0,0.0
revenue,Excise Taxes,Excise Taxes,2009-01-01,2017,both,0.0,0.0,0.0,0.0
revenue,Excise Taxes,Excise Taxes,2009-01-01,2018,both,0.0,0.0,0.0,0.0
revenue,Excise Taxes,Excise Taxes,2009-01-01,2019,both,0.0,0.0,0.0,0.0
revenue,Excise Taxes,Excise Taxes,2009-03-01,2009,both,0.0,0.0,0.0,0.0
revenue,Excise Taxes,Excise Taxes,2009-03-01,2010,both,0.0,0.0,0.0,0.0
revenue,Excise Taxes,Excise Taxes,2009-03-01,2011,both,0.0,0.0,0.0,0.0
revenue,Excise Taxes,Excise Taxes,2009-03-01,2012,both,0.0,0.0,0.0,0.0
revenue,Excise Taxes,Excise Taxes,2009-03-01,2013,both,0.0,0.0,0.0,0.0
revenue,Excise Taxes,Excise Taxes,2009-03-01,2014,both,0.0,0.0,0.0,0.0
revenue,Excise Taxes,Excise Taxes,2009-03-01,2015,both,0.0,0.0,0.0,0.0
revenue,Excise Taxes,Excise Taxes,2009-03-01,2016,both,0.0,0.0,0.0,0.0
revenue,Excise Taxes,Excise Taxes,2009-03-01,2017,both,0.0,0.0,0.0,0.0
revenue,Excise Taxes,Excise Taxes,2009-03-01,2018,both,0.0,0.0,0.0,0.0
revenue,Excise Taxes,Excise Taxes,2009-03-01,2019,both,0.0,0.0,0.0,0.0
revenue,Excise Taxes,Excise Taxes,2010-01-01,2010,both,0.0,0.0,0.0,0.0
revenue,Excise Taxes,Excise Taxes,2010-01-01,2011,both,0.0,0.0,0.0,0.0
revenue,Excise Taxes,Excise Taxes,2010-01-01,2012,both,0.0,0.0,0.0,0.0
revenue,Excise Taxes,Excise Taxes,2010-01-01,2013,both,0.0,0.0,0.0,0.0
revenue,Excise Taxes,Excise Taxes,2010-01-01,2014,both,0.0,0.0,0.0,0.0
revenue,Excise Taxes,Excise Taxes,2010-01-01,2015,both,0.0,0.0,0.0,0.0
revenue,Excise Taxes,Excise Taxes,2010-01-01,2016,both,0.0,0.0,0.0,0.0
revenue,Excise Taxes,Excise Taxes,2010-01-01,2017,both,0.0,0.0,0.0,0.0
revenue,Excise Taxes,Excise Taxes,2010-01-01,2018,both,0.0,0.0,0.0,0.0
revenue,Excise Taxes,Excise Taxes,2010-01-01,2019,both,0.0,0.0,0.0,0.0
revenue,Excise Taxes,Excise Taxes,2010-01-01,2020,both,0.0,0.0,0.0,0.0
revenue,Excise Taxes,Excise Taxes,2010-03-01,2010,both,0.0,0.0,0.0,0.0
revenue,Excise Taxes,Excise Taxes,2010-03-01,2011,both,0.0,0.0,0.0,0.0
revenue,Excise Taxes,Excise Taxes,2010-03-01,2012,both,0.0,0.0,0.0,0.0
revenue,Excise Taxes,Excise Taxes,2010-03-01,2013,both,0.0,0.0,0.0,0.0
revenue,Excise Taxes,Excise Taxes,2010-03-01,2014,both,0.0,0.0,0.0,0.0
revenue,Excise Taxes,Excise Taxes,2010-03-01,2015,both,0.0,0.0,0.0,0.0
revenue,Excise Taxes,Excise Taxes,2010-03-01,2016,both,0.0,0.0,0.0,0.0
revenue,Excise Taxes,Excise Taxes,2010-03-01,2017,both,0.0,0.0,0.0,0.0
revenue,Excise Taxes,Excise Taxes,2010-03-01,2018,both,0.0,0.0,0.0,0.0
revenue,Excise Taxes,Excise Taxes,2010-03-01,2019,both,0.0,0.0,0.0,0.0
revenue,Excise Taxes,Excise Taxes,2010-03-01,2020,both,0.0,0.0,0.0,0.0
revenue,Excise Taxes,Excise Taxes,2011-01-01,2011,both,0.0,0.0,0.0,0.0
revenue,Excise Taxes,Excise Taxes,2011-01-01,2012,both,0.0,0.0,0.0,0.0
revenue,Excise Taxes,Excise Taxes,2011-01-01,2013,both,0.0,0.0,0.0,0.0
revenue,Excise Taxes,Excise Taxes,2011-01-01,2014,both,0.0,0.0,0.0,0.0
revenue,Excise Taxes,Excise Taxes,2011-01-01,2015,both,0.0,0.0,0.0,0.0
revenue,Excise Taxes,Excise Taxes,2011-01-01,2016,both,0.0,0.0,0.0,0.0
revenue,Excise Taxes,Excise Taxes,2011-01-01,2017,both,0.0,0.0,0.0,0.0
revenue,Excise Taxes,Excise Taxes,2011-01-01,2018,both,0.0,0.0,0.0,0.0
revenue,Excise Taxes,Excise Taxes,2011-01-01,2019,both,0.0,0.0,0.0,0.0
revenue,Excise Taxes,Excise Taxes,2011-01-01,2020,both,0.0,0.0,0.0,0.0
revenue,Excise Taxes,Excise Taxes,2011-01-01,2021,both,0.0,0.0,0.0,0.0
revenue,Excise Taxes,Excise Taxes,2011-03-01,2011,both,0.0,0.0,0.0,0.0
revenue,Excise Taxes,Excise Taxes,2011-03-01,2012,both,0.0,0.0,0.0,0.0
revenue,Excise Taxes,Excise Taxes,2011-03-01,2013,both,0.0,0.0,0.0,0.0
revenue,Excise Taxes,Excise Taxes,2011-03-01,2014,both,0.0,0.0,0.0,0.0
revenue,Excise Taxes,Excise Taxes,2011-03-01,2015,both,0.0,0.0,0.0,0.0
revenue,Excise Taxes,Excise Taxes,2011-03-01,2016,both,0.0,0.0,0.0,0.0
revenue,Excise Taxes,Excise Taxes,2011-03-01,2017,both,0.0,0.0,0.0,0.0
revenue,Excise Taxes,Excise Taxes,2011-03-01,2018,both,0.0,0.0,0.0,0.0
revenue,Excise Taxes,Excise Taxes,2011-03-01,2019,both,0.0,0.0,0.0,0.0
revenue,Excise Taxes,Excise Taxes,2011-03-01,2020,both,0.0,0.0,0.0,0.0
revenue,Excise Taxes,Excise Taxes,2011-03-01,2021,both,0.0,0.0,0.0,0.0
revenue,Excise Taxes,Excise Taxes,2012-01-01,2012,both,0.0,0.0,0.0,0.0
revenue,Excise Taxes,Excise Taxes,2012-01-01,2013,both,0.0,0.0,0.0,0.0
revenue,Excise Taxes,Excise Taxes,2012-01-01,2014,both,0.0,0.0,0.0,0.0
revenue,Excise Taxes,Excise Taxes,2012-01-01,2015,both,0.0,0.0,0.0,0.0
revenue,Excise Taxes,Excise Taxes,2012-01-01,2016,both,0.0,0.0,0.0,0.0
revenue,Excise Taxes,Excise Taxes,2012-01-01,2017,both,0.0,0.0,0.0,0.0
revenue,Excise Taxes,Excise Taxes,2012-01-01,2018,both,0.0,0.0,0.0,0.0
revenue,Excise Taxes,Excise Taxes,2012-01-01,2019,both,0.0,0.0,0.0,0.0
revenue,Excise Taxes,Excise Taxes,2012-01-01,2020,both,0.0,0.0,0.0,0.0
revenue,Excise Taxes,Excise Taxes,2012-01-01,2021,both,0.0,0.0,0.0,0.0
revenue,Excise Taxes,Excise Taxes,2012-01-01,2022,both,0.0,0.0,0.0,0.0
revenue,Excise Taxes,Excise Taxes,2012-03-01,2012,both,0.0,0.0,0.0,0.0
revenue,Excise Taxes,Excise Taxes,2012-03-01,2013,both,0.0,0.0,0.0,0.0
revenue,Excise Taxes,Excise Taxes,2012-03-01,2014,both,0.0,0.0,0.0,0.0
revenue,Excise Taxes,Excise Taxes,2012-03-01,2015,both,0.0,0.0,0.0,0.0
revenue,Excise Taxes,Excise Taxes,2012-03-01,2016,both,0.0,0.0,0.0,0.0
revenue,Excise Taxes,Excise Taxes,2012-03-01,2017,both,0.0,0.0,0.0,0.0
revenue,Excise Taxes,Excise Taxes,2012-03-01,2018,both,0.0,0.0,0.0,0.0
revenue,Excise Taxes,Excise Taxes,2012-03-01,2019,both,0.0,0.0,0.0,0.0
revenue,Excise Taxes,Excise Taxes,2012-03-01,2020,both,0.0,0.0,0.0,0.0
revenue,Excise Taxes,Excise Taxes,2012-03-01,2021,both,0.0,0.0,0.0,0.0
revenue,Excise Taxes,Excise Taxes,2012-03-01,2022,both,0.0,0.0,0.0,0.0
revenue,Excise Taxes,Excise Taxes,2013-02-01,2013,both,0.0,0.0,0.0,0.0
revenue,Excise Taxes,Excise Taxes,2013-02-01,2014,both,0.0,0.0,0.0,0.0
revenue,Excise Taxes,Excise Taxes,2013-02-01,2015,both,0.0,0.0,0.0,0.0
revenue,Excise Taxes,Excise Taxes,2013-02-01,2016,both,0.0,0.0,0.0,0.0
revenue,Excise Taxes,Excise Taxes,2013-02-01,2017,both,0.0,0.0,0.0,0.0
revenue,Excise Taxes,Excise Taxes,2013-02-01,2018,both,0.0,0.0,0.0,0.0
revenue,Excise Taxes,Excise Taxes,2013-02-01,2019,both,0.0,0.0,0.0,0.0
revenue,Excise Taxes,Excise Taxes,2013-02-01,2020,both,0.0,0.0,0.0,0.0
revenue,Excise Taxes,Excise Taxes,2013-02-01,2021,both,0.0,0.0,0.0,0.0
revenue,Excise Taxes,Excise Taxes,2013-02-01,2022,both,0.0,0.0,0.0,0.0
revenue,Excise Taxes,Excise Taxes,2013-02-01,2023,both,0.0,0.0,0.0,0.0
revenue,Excise Taxes,Excise Taxes,2013-05-01,2013,both,0.0,0.0,0.0,0.0
revenue,Excise Taxes,Excise Taxes,2013-05-01,2014,both,0.0,0.0,0.0,0.0
revenue,Excise Taxes,Excise Taxes,2013-05-01,2015,both,0.0,0.0,0.0,0.0
revenue,Excise Taxes,Excise Taxes,2013-05-01,2016,both,0.0,0.0,0.0,0.0
revenue,Excise Taxes,Excise Taxes,2013-05-01,2017,both,0.0,0.0,0.0,0.0
revenue,Excise Taxes,Excise Taxes,2013-05-01,2018,both,0.0,0.0,0.0,0.0
revenue,Excise Taxes,Excise Taxes,2013-05-01,2019,both,0.0,0.0,0.0,0.0
revenue,Excise Taxes,Excise Taxes,2013-05-01,2020,both,0.0,0.0,0.0,0.0
revenue,Excise Taxes,Excise Taxes,2013-05-01,2021,both,0.0,0.0,0.0,0.0
revenue,Excise Taxes,Excise Taxes,2013-05-01,2022,both,0.0,0.0,0.0,0.0
revenue,Excise Taxes,Excise Taxes,2013-05-01,2023,both,0.0,0.0,0.0,0.0
revenue,Excise Taxes,Excise Taxes,2014-02-01,2014,both,0.0,0.0,0.0,0.0
revenue,Excise Taxes,Excise Taxes,2014-02-01,2015,both,0.0,0.0,0.0,0.0
revenue,Excise Taxes,Excise Taxes,2014-02-01,2016,both,0.0,0.0,0.0,0.0
revenue,Excise Taxes,Excise Taxes,2014-02-01,2017,both,0.0,0.0,0.0,0.0
revenue,Excise Taxes,Excise Taxes,2014-02-01,2018,both,0.0,0.0,0.0,0.0
revenue,Excise Taxes,Excise Taxes,2014-02-01,2019,both,0.0,0.0,0.0,0.0
revenue,Excise Taxes,Excise Taxes,2014-02-01,2020,both,0.0,0.0,0.0,0.0
revenue,Excise Taxes,Excise Taxes,2014-02-01,2021,both,0.0,0.0,0.0,0.0
revenue,Excise Taxes,Excise Taxes,2014-02-01,2022,both,0.0,0.0,0.0,0.0
revenue,Excise Taxes,Excise Taxes,2014-02-01,2023,both,0.0,0.0,0.0,0.0
revenue,Excise Taxes,Excise Taxes,2014-02-01,2024,both,0.0,0.0,0.0,0.0
revenue,Excise Taxes,Excise Taxes,2014-04-01,2014,both,0.0,0.0,0.0,0.0
revenue,Excise Taxes,Excise Taxes,2014-04-01,2015,both,0.0,0.0,0.0,0.0
revenue,Excise Taxes,Excise Taxes,2014-04-01,2016,both,0.0,0.0,0.0,0.0
revenue,Excise Taxes,Excise Taxes,2014-04-01,2017,both,0.0,0.0,0.0,0.0
revenue,Excise Taxes,Excise Taxes,2014-04-01,2018,both,0.0,0.0,0.0,0.0
revenue,Excise Taxes,Excise Taxes,2014-04-01,2019,both,0.0,0.0,0.0,0.0
revenue,Excise Taxes,Excise Taxes,2014-04-01,2020,both,0.0,0.0,0.0,0.0
revenue,Excise Taxes,Excise Taxes,2014-04-01,2021,both,0.0,0.0,0.0,0.0
revenue,Excise Taxes,Excise Taxes,2014-04-01,2022,both,0.0,0.0,0.0,0.0
revenue,Excise Taxes,Excise Taxes,2014-04-01,2023,both,0.0,0.0,0.0,0.0
revenue,Excise Taxes,Excise Taxes,2014-04-01,2024,both,0.0,0.0,0.0,0.0
revenue,Excise Taxes,Excise Taxes,2015-01-01,2015,both,0.0,0.0,0.0,0.0
revenue,Excise Taxes,Excise Taxes,2015-01-01,2016,both,0.0,0.0,0.0,0.0
revenue,Excise Taxes,Excise Taxes,2015-01-01,2017,both,0.0,0.0,0.0,0.0
revenue,Excise Taxes,Excise Taxes,2015-01-01,2018,both,0.0,0.0,0.0,0.0
revenue,Excise Taxes,Excise Taxes,2015-01-01,2019,both,0.0,0.0,0.0,0.0
revenue,Excise Taxes,Excise Taxes,2015-01-01,2020,both,0.0,0.0,0.0,0.0
revenue,Excise Taxes,Excise Taxes,2015-01-01,2021,both,0.0,0.0,0.0,0.0
revenue,Excise Taxes,Excise Taxes,2015-01-01,2022,both,0.0,0.0,0.0,0.0
revenue,Excise Taxes,Excise Taxes,2015-01-01,2023,both,0.0,0.0,0.0,0.0
revenue,Excise Taxes,Excise Taxes,2015-01-01,2024,both,0.0,0.0,0.0,0.0
revenue,Excise Taxes,Excise Taxes,2015-01-01,2025,both,0.0,0.0,0.0,0.0
revenue,Excise Taxes,Excise Taxes,2015-03-01,2015,both,0.0,0.0,0.0,0.0
revenue,Excise Taxes,Excise Taxes,2015-03-01,2016,both,0.0,0.0,0.0,0.0
revenue,Excise Taxes,Excise Taxes,2015-03-01,2017,both,0.0,0.0,0.0,0.0
revenue,Excise Taxes,Excise Taxes,2015-03-01,2018,both,0.0,0.0,0.0,0.0
revenue,Excise Taxes,Excise Taxes,2015-03-01,2019,both,0.0,0.0,0.0,0.0
revenue,Excise Taxes,Excise Taxes,2015-03-01,2020,both,0.0,0.0,0.0,0.0
revenue,Excise Taxes,Excise Taxes,2015-03-01,2021,both,0.0,0.0,0.0,0.0
revenue,Excise Taxes,Excise Taxes,2015-03-01,2022,both,0.0,0.0,0.0,0.0
revenue,Excise Taxes,Excise Taxes,2015-03-01,2023,both,0.0,0.0,0.0,0.0
revenue,Excise Taxes,Excise Taxes,2015-03-01,2024,both,0.0,0.0,0.0,0.0
revenue,Excise Taxes,Excise Taxes,2015-03-01,2025,both,0.0,0.0,0.0,0.0
revenue,Excise Taxes,Excise Taxes,2016-01-01,2016,both,0.0,0.0,0.0,0.0
revenue,Excise Taxes,Excise Taxes,2016-01-01,2017,both,0.0,0.0,0.0,0.0
revenue,Excise Taxes,Excise Taxes,2016-01-01,2018,both,0.0,0.0,0.0,0.0
revenue,Excise Taxes,Excise Taxes,2016-01-01,2019,both,0.0,0.0,0.0,0.0
revenue,Excise Taxes,Excise Taxes,2016-01-01,2020,both,0.0,0.0,0.0,0.0
revenue,Excise Taxes,Excise Taxes,2016-01-01,2021,both,0.0,0.0,0.0,0.0
revenue,Excise Taxes,Excise Taxes,2016-01-01,2022,both,0.0,0.0,0.0,0.0
revenue,Excise Taxes,Excise Taxes,2016-01-01,2023,both,0.0,0.0,0.0,0.0
revenue,Excise Taxes,Excise Taxes,2016-01-01,2024,both,0.0,0.0,0.0,0.0
revenue,Excise Taxes,Excise Taxes,2016-01-01,2025,both,0.0,0.0,0.0,0.0
revenue,Excise Taxes,Excise Taxes,2016-03-01,2016,both,0.0,0.0,0.0,0.0
revenue,Excise Taxes,Excise Taxes,2016-03-01,2017,both,0.0,0.0,0.0,0.0
revenue,Excise Taxes,Excise Taxes,2016-03-01,2018,both,0.0,0.0,0.0,0.0
revenue,Excise Taxes,Excise Taxes,2016-03-01,2019,both,0.0,0.0,0.0,0.0
revenue,Excise Taxes,Excise Taxes,2016-03-01,2020,both,0.0,0.0,0.0,0.0
revenue,Excise Taxes,Excise Taxes,2016-03-01,2021,both,0.0,0.0,0.0,0.0
revenue,Excise Taxes,Excise Taxes,2016-03-01,2022,both,0.0,0.0,0.0,0.0
revenue,Excise Taxes,Excise Taxes,2016-03-01,2023,both,0.0,0.0,0.0,0.0
revenue,Excise Taxes,Excise Taxes,2016-03-01,2024,both,0.0,0.0,0.0,0.0
revenue,Excise Taxes,Excise Taxes,2016-03-01,2025,both,0.0,0.0,0.0,0.0
revenue,Excise Taxes,Excise Taxes,2017-01-01,2017,both,0.0,0.0,0.0,0.0
revenue,Excise Taxes,Excise Taxes,2017-01-01,2018,both,0.0,0.0,0.0,0.0
revenue,Excise Taxes,Excise Taxes,2017-01-01,2019,both,0.0,0.0,0.0,0.0
revenue,Excise Taxes,Excise Taxes,2017-01-01,2020,both,0.0,0.0,0.0,0.0
revenue,Excise Taxes,Excise Taxes,2017-01-01,2021,both,0.0,0.0,0.0,0.0
revenue,Excise Taxes,Excise Taxes,2017-01-01,2022,both,0.0,0.0,0.0,0.0
revenue,Excise Taxes,Excise Taxes,2017-01-01,2023,both,0.0,0.0,0.0,0.0
revenue,Excise Taxes,Excise Taxes,2017-01-01,2024,both,0.0,0.0,0.0,0.0
revenue,Excise Taxes,Excise Taxes,2017-01-01,2025,both,0.0,0.0,0.0,0.0
revenue,Excise Taxes,Excise Taxes,2017-06-01,2017,both,0.0,0.0,0.0,0.0
revenue,Excise Taxes,Excise Taxes,2017-06-01,2018,both,0.0,0.0,0.0,0.0
revenue,Excise Taxes,Excise Taxes,2017-06-01,2019,both,0.0,0.0,0.0,0.0
revenue,Excise Taxes,Excise Taxes,2017-06-01,2020,both,0.0,0.0,0.0,0.0
revenue,Excise Taxes,Excise Taxes,2017-06-01,2021,both,0.0,0.0,0.0,0.0
revenue,Excise Taxes,Excise Taxes,2017-06-01,2022,both,0.0,0.0,0.0,0.0
revenue,Excise Taxes,Excise Taxes,2017-06-01,2023,both,0.0,0.0,0.0,0.0
revenue,Excise Taxes,Excise Taxes,2017-06-01,2024,both,0.0,0.0,0.0,0.0
revenue,Excise Taxes,Excise Taxes,2017-06-01,2025,both,0.0,0.0,0.0,0.0
revenue,Excise Taxes,Excise Taxes,2018-04-01,2018,both,0.0,0.0,0.0,0.0
revenue,Excise Taxes,Excise Taxes,2018-04-01,2019,both,0.0,0.0,0.0,0.0
revenue,Excise Taxes,Excise Taxes,2018-04-01,2020,both,0.0,0.0,0.0,0.0
revenue,Excise Taxes,Excise Taxes,2018-04-01,2021,both,0.0,0.0,0.0,0.0
revenue,Excise Taxes,Excise Taxes,2018-04-01,2022,both,0.0,0.0,0.0,0.0
revenue,Excise Taxes,Excise Taxes,2018-04-01,2023,both,0.0,0.0,0.0,0.0
revenue,Excise Taxes,Excise Taxes,2018-04-01,2024,both,0.0,0.0,0.0,0.0
revenue,Excise Taxes,Excise Taxes,2018-04-01,2025,both,0.0,0.0,0.0,0.0
revenue,Excise Taxes,Excise Taxes,2018-05-01,2018,both,0.0,0.0,0.0,0.0
revenue,Excise Taxes,Excise Taxes,2018-05-01,2019,both,0.0,0.0,0.0,0.0
revenue,Excise Taxes,Excise Taxes,2018-05-01,2020,both,0.0,0.0,0.0,0.0
revenue,Excise Taxes,Excise Taxes,2018-05-01,2021,both,0.0,0.0,0.0,0.0
revenue,Excise Taxes,Excise Taxes,2018-05-01,2022,both,0.0,0.0,0.0,0.0
revenue,Excise Taxes,Excise Taxes,2018-05-01,2023,both,0.0,0.0,0.0,0.0
revenue,Excise Taxes,Excise Taxes,2018-05-01,2024,both,0.0,0.0,0.0,0.0
revenue,Excise Taxes,Excise Taxes,2018-05-01,2025,both,0.0,0.0,0.0,0.0
revenue,Excise Taxes,Excise Taxes,2019-01-01,2019,both,0.0,0.0,0.0,0.0
revenue,Excise Taxes,Excise Taxes,2019-01-01,2020,both,0.0,0.0,0.0,0.0
revenue,Excise Taxes,Excise Taxes,2019-01-01,2021,both,0.0,0.0,0.0,0.0
revenue,Excise Taxes,Excise Taxes,2019-01-01,2022,both,0.0,0.0,0.0,0.0
revenue,Excise Taxes,Excise Taxes,2019-01-01,2023,both,0.0,0.0,0.0,0.0
revenue,Excise Taxes,Excise Taxes,2019-01-01,2024,both,0.0,0.0,0.0,0.0
revenue,Excise Taxes,Excise Taxes,2019-01-01,2025,both,0.0,0.0,0.0,0.0
revenue,Excise Taxes,Excise Taxes,2019-05-01,2019,both,0.0,0.0,0.0,0.0
revenue,Excise Taxes,Excise Taxes,2019-05-01,2020,both,0.0,0.0,0.0,0.0
revenue,Excise Taxes,Excise Taxes,2019-05-01,2021,both,0.0,0.0,0.0,0.0
revenue,Excise Taxes,Excise Taxes,2019-05-01,2022,both,0.0,0.0,0.0,0.0
revenue,Excise Taxes,Excise Taxes,2019-05-01,2023,both,0.0,0.0,0.0,0.0
revenue,Excise Taxes,Excise Taxes,2019-05-01,2024,both,0.0,0.0,0.0,0.0
revenue,Excise Taxes,Excise Taxes,2019-05-01,2025,both,0.0,0.0,0.0,0.0
revenue,Excise Taxes,Excise Taxes,2020-01-01,2020,both,0.0,0.0,0.0,0.0
revenue,Excise Taxes,Excise Taxes,2020-01-01,2021,both,0.0,0.0,0.0,0.0
revenue,Excise Taxes,Excise Taxes,2020-01-01,2022,both,0.0,0.0,0.0,0.0
revenue,Excise Taxes,Excise Taxes,2020-01-01,2023,both,0.0,0.0,0.0,0.0
revenue,Excise Taxes,Excise Taxes,2020-01-01,2024,both,0.0,0.0,0.0,0.0
revenue,Excise Taxes,Excise Taxes,2020-01-01,2025,both,0.0,0.0,0.0,0.0
revenue,Excise Taxes,Excise Taxes,2020-03-01,2020,both,0.0,0.0,0.0,0.0
revenue,Excise Taxes,Excise Taxes,2020-03-01,2021,both,0.0,0.0,0.0,0.0
revenue,Excise Taxes,Excise Taxes,2020-03-01,2022,both,0.0,0.0,0.0,0.0
revenue,Excise Taxes,Excise Taxes,2020-03-01,2023,both,0.0,0.0,0.0,0.0
revenue,Excise Taxes,Excise Taxes,2020-03-01,2024,both,0.0,0.0,0.0,0.0
revenue,Excise Taxes,Excise Taxes,2020-03-01,2025,both,0.0,0.0,0.0,0.0
revenue,Excise Taxes,Excise Taxes,2021-02-01,2021,both,0.0,0.0,0.0,0.0
revenue,Excise Taxes,Excise Taxes,2021-02-01,2022,both,0.0,0.0,0.0,0.0
revenue,Excise Taxes,Excise Taxes,2021-02-01,2023,both,0.0,0.0,0.0,0.0
revenue,Excise Taxes,Excise Taxes,2021-02-01,2024,both,0.0,0.0,0.0,0.0
revenue,Excise Taxes,Excise Taxes,2021-02-01,2025,both,0.0,0.0,0.0,0.0
revenue,Excise Taxes,Excise Taxes,2021-07-01,2021,both,0.0,0.0,0.0,0.0
revenue,Excise Taxes,Excise Taxes,2021-07-01,2022,both,0.0,0.0,0.0,0.0
revenue,Excise Taxes,Excise Taxes,2021-07-01,2023,both,0.0,0.0,0.0,0.0
revenue,Excise Taxes,Excise Taxes,2021-07-01,2024,both,0.0,0.0,0.0,0.0
revenue,Excise Taxes,Excise Taxes,2021-07-01,2025,both,0.0,0.0,0.0,0.0
revenue,Excise Taxes,Excise Taxes,2022-05-01,2022,both,0.0,0.0,0.0,0.0
revenue,Excise Taxes,Excise Taxes,2022-05-01,2023,both,0.0,0.0,0.0,0.0
revenue,Excise Taxes,Excise Taxes,2022-05-01,2024,both,0.0,0.0,0.0,0.0
revenue,Excise Taxes,Excise Taxes,2022-05-01,2025,both,0.0,0.0,0.0,0.0
revenue,Excise Taxes,Excise Taxes,2023-02-01,2023,both,0.0,0.0,0.0,0.0
revenue,Excise Taxes,Excise Taxes,2023-02-01,2024,both,0.0,0.0,0.0,0.0
revenue,Excise Taxes,Excise Taxes,2023-02-01,2025,both,0.0,0.0,0.0,0.0
revenue,Excise Taxes,Excise Taxes,2023-05-01,2023,both,0.0,0.0,0.0,0.0
revenue,Excise Taxes,Excise Taxes,2023-05-01,2024,both,0.0,0.0,0.0,0.0
revenue,Excise Taxes,Excise Taxes,2023-05-01,2025,both,0.0,0.0,0.0,0.0
revenue,Excise Taxes,Excise Taxes,2024-02-01,2024,both,0.0,0.0,0.0,0.0
revenue,Excise Taxes,Excise Taxes,2024-02-01,2025,both,0.0,0.0,0.0,0.0
revenue,Excise Taxes,Excise Taxes,2024-06-01,2024,both,0.0,0.0,0.0,0.0
revenue,Excise Taxes,Excise Taxes,2024-06-01,2025,both,0.0,0.0,0.0,0.0
revenue,Excise Taxes,Excise Taxes,2025-01-01,2025,both,0.0,0.0,0.0,0.0
revenue,Individual Income Taxes,Individual Income Taxes,1982-02-01,1982,both,0.0,0.0,0.0,0.0
revenue,Individual Income Taxes,Individual Income Taxes,1982-02-01,1983,both,0.0,0.0,0.0,0.0
revenue,Individual Income Taxes,Individual Income Taxes,1982-02-01,1984,both,0.0,0.0,0.0,0.0
revenue,Individual Income Taxes,Individual Income Taxes,1982-02-01,1985,both,0.0,0.0,0.0,0.0
revenue,Individual Income Taxes,Individual Income Taxes,1982-02-01,1986,both,0.0,0.0,0.0,0.0
revenue,Individual Income Taxes,Individual Income Taxes,1982-02-01,1987,both,0.0,0.0,0.0,0.0
revenue,Individual Income Taxes,Individual Income Taxes,1983-02-01,1983,both,0.0,0.0,0.0,0.0
revenue,Individual Income Taxes,Individual Income Taxes,1983-02-01,1984,both,0.0,0.0,0.0,0.0
revenue,Individual Income Taxes,Individual Income Taxes,1983-02-01,1985,both,0.0,0.0,0.0,0.0
revenue,Individual Income Taxes,Individual Income Taxes,1983-02-01,1986,both,0.0,0.0,0.0,0.0
revenue,Individual Income Taxes,Individual Income Taxes,1983-02-01,1987,both,0.0,0.0,0.0,0.0
revenue,Individual Income Taxes,Individual Income Taxes,1983-02-01,1988,both,0.0,0.0,0.0,0.0
revenue,Individual Income Taxes,Individual Income Taxes,1984-02-01,1984,both,0.0,0.0,0.0,0.0
revenue,Individual Income Taxes,Individual Income Taxes,1984-02-01,1985,both,0.0,0.0,0.0,0.0
revenue,Individual Income Taxes,Individual Income Taxes,1984-02-01,1986,both,0.0,0.0,0.0,0.0
revenue,Individual Income Taxes,Individual Income Taxes,1984-02-01,1987,both,0.0,0.0,0.0,0.0
revenue,Individual Income Taxes,Individual Income Taxes,1984-02-01,1988,both,0.0,0.0,0.0,0.0
revenue,Individual Income Taxes,Individual Income Taxes,1984-02-01,1989,both,0.0,0.0,0.0,0.0
revenue,Individual Income Taxes,Individual Income Taxes,1985-02-01,1985,both,0.0,0.0,0.0,0.0
revenue,Individual Income Taxes,Individual Income Taxes,1985-02-01,1986,both,0.0,0.0,0.0,0.0
revenue,Individual Income Taxes,Individual Income Taxes,1985-02-01,1987,both,0.0,0.0,0.0,0.0
revenue,Individual Income Taxes,Individual Income Taxes,1985-02-01,1988,both,0.0,0.0,0.0,0.0
revenue,Individual Income Taxes,Individual Income Taxes,1985-02-01,1989,both,0.0,0.0,0.0,0.0
revenue,Individual Income Taxes,Individual Income Taxes,1985-02-01,1990,both,0.0,0.0,0.0,0.0
revenue,Individual Income Taxes,Individual Income Taxes,1986-02-01,1986,both,0.0,0.0,0.0,0.0
revenue,Individual Income Taxes,Individual Income Taxes,1986-02-01,1987,both,0.0,0.0,0.0,0.0
revenue,Individual Income Taxes,Individual Income Taxes,1986-02-01,1988,both,0.0,0.0,0.0,0.0
revenue,Individual Income Taxes,Individual Income Taxes,1986-02-01,1989,both,0.0,0.0,0.0,0.0
revenue,Individual Income Taxes,Individual Income Taxes,1986-02-01,1990,both,0.0,0.0,0.0,0.0
revenue,Individual Income Taxes,Individual Income Taxes,1986-02-01,1991,both,0.0,0.0,0.0,0.0
revenue,Individual Income Taxes,Individual Income Taxes,1987-01-01,1987,both,0.0,0.0,0.0,0.0
revenue,Individual Income Taxes,Individual Income Taxes,1987-01-01,1988,both,0.0,0.0,0.0,0.0
revenue,Individual Income Taxes,Individual Income Taxes,1987-01-01,1989,both,0.0,0.0,0.0,0.0
revenue,Individual Income Taxes,Individual Income Taxes,1987-01-01,1990,both,0.0,0.0,0.0,0.0
revenue,Individual Income Taxes,Individual Income Taxes,1987-01-01,1991,both,0.0,0.0,0.0,0.0
revenue,Individual Income Taxes,Individual Income Taxes,1987-01-01,1992,both,0.0,0.0,0.0,0.0
revenue,Individual Income Taxes,Individual Income Taxes,1988-02-01,1988,both,0.0,0.0,0.0,0.0
revenue,Individual Income Taxes,Individual Income Taxes,1988-02-01,1989,both,0.0,0.0,0.0,0.0
revenue,Individual Income Taxes,Individual Income Taxes,1988-02-01,1990,both,0.0,0.0,0.0,0.0
revenue,Individual Income Taxes,Individual Income Taxes,1988-02-01,1991,both,0.0,0.0,0.0,0.0
revenue,Individual Income Taxes,Individual Income Taxes,1988-02-01,1992,both,0.0,0.0,0.0,0.0
revenue,Individual Income Taxes,Individual Income Taxes,1988-02-01,1993,both,0.0,0.0,0.0,0.0
revenue,Individual Income Taxes,Individual Income Taxes,1989-01-01,1989,both,0.0,0.0,0.0,0.0
revenue,Individual Income Taxes,Individual Income Taxes,1989-01-01,1990,both,0.0,0.0,0.0,0.0
revenue,Individual Income Taxes,Individual Income Taxes,1989-01-01,1991,both,0.0,0.0,0.0,0.0
revenue,Individual Income Taxes,Individual Income Taxes,1989-01-01,1992,both,0.0,0.0,0.0,0.0
revenue,Individual Income Taxes,Individual Income Taxes,1989-01-01,1993,both,0.0,0.0,0.0,0.0
revenue,Individual Income Taxes,Individual Income Taxes,1989-01-01,1994,both,0.0,0.0,0.0,0.0
revenue,Individual Income Taxes,Individual Income Taxes,1990-01-01,1990,both,0.0,0.0,0.0,0.0
revenue,Individual Income Taxes,Individual Income Taxes,1990-01-01,1991,both,0.0,0.0,0.0,0.0
revenue,Individual Income Taxes,Individual Income Taxes,1990-01-01,1992,both,0.0,0.0,0.0,0.0
revenue,Individual Income Taxes,Individual Income Taxes,1990-01-01,1993,both,0.0,0.0,0.0,0.0
revenue,Individual Income Taxes,Individual Income Taxes,1990-01-01,1994,both,0.0,0.0,0.0,0.0
revenue,Individual Income Taxes,Individual Income Taxes,1990-01-01,1995,both,0.0,0.0,0.0,0.0
revenue,Individual Income Taxes,Individual Income Taxes,1991-01-01,1991,both,0.0,0.0,0.0,0.0
revenue,Individual Income Taxes,Individual Income Taxes,1991-01-01,1992,both,0.0,0.0,0.0,0.0
revenue,Individual Income Taxes,Individual Income Taxes,1991-01-01,1993,both,0.0,0.0,0.0,0.0
revenue,Individual Income Taxes,Individual Income Taxes,1991-01-01,1994,both,0.0,0.0,0.0,0.0
revenue,Individual Income Taxes,Individual Income Taxes,1991-01-01,1995,both,0.0,0.0,0.0,0.0
revenue,Individual Income Taxes,Individual Income Taxes,1991-01-01,1996,both,0.0,0.0,0.0,0.0
revenue,Individual Income Taxes,Individual Income Taxes,1992-01-01,1992,both,0.0,0.0,0.0,0.0
revenue,Individual Income Taxes,Individual Income Taxes,1992-01-01,1993,both,0.0,0.0,0.0,0.0
revenue,Individual Income Taxes,Individual Income Taxes,1992-01-01,1994,both,0.0,0.0,0.0,0.0
revenue,Individual Income Taxes,Individual Income Taxes,1992-01-01,1995,both,0.0,0.0,0.0,0.0
revenue,Individual Income Taxes,Individual Income Taxes,1992-01-01,1996,both,0.0,0.0,0.0,0.0
revenue,Individual Income Taxes,Individual Income Taxes,1992-01-01,1997,both,0.0,0.0,0.0,0.0
revenue,Individual Income Taxes,Individual Income Taxes,1992-01-01,1998,both,0.0,0.0,0.0,0.0
revenue,Individual Income Taxes,Individual Income Taxes,1992-01-01,1999,both,0.0,0.0,0.0,0.0
revenue,Individual Income Taxes,Individual Income Taxes,1992-01-01,2000,both,0.0,0.0,0.0,0.0
revenue,Individual Income Taxes,Individual Income Taxes,1992-01-01,2001,both,0.0,0.0,0.0,0.0
revenue,Individual Income Taxes,Individual Income Taxes,1992-01-01,2002,both,0.0,0.0,0.0,0.0
revenue,Individual Income Taxes,Individual Income Taxes,1992-03-01,1992,both,0.0,0.0,0.0,0.0
revenue,Individual Income Taxes,Individual Income Taxes,1992-03-01,1993,both,0.0,0.0,0.0,0.0
revenue,Individual Income Taxes,Individual Income Taxes,1992-03-01,1994,both,0.0,0.0,0.0,0.0
revenue,Individual Income Taxes,Individual Income Taxes,1992-03-01,1995,both,0.0,0.0,0.0,0.0
revenue,Individual Income Taxes,Individual Income Taxes,1992-03-01,1996,both,0.0,0.0,0.0,0.0
revenue,Individual Income Taxes,Individual Income Taxes,1992-03-01,1997,both,0.0,0.0,0.0,0.0
revenue,Individual Income Taxes,Individual Income Taxes,1993-01-01,1993,both,0.0,0.0,0.0,0.0
revenue,Individual Income Taxes,Individual Income Taxes,1993-01-01,1994,both,0.0,0.0,0.0,0.0
revenue,Individual Income Taxes,Individual Income Taxes,1993-01-01,1995,both,0.0,0.0,0.0,0.0
revenue,Individual Income Taxes,Individual Income Taxes,1993-01-01,1996,both,0.0,0.0,0.0,0.0
revenue,Individual Income Taxes,Individual Income Taxes,1993-01-01,1997,both,0.0,0.0,0.0,0.0
revenue,Individual Income Taxes,Individual Income Taxes,1993-01-01,1998,both,0.0,0.0,0.0,0.0
revenue,Individual Income Taxes,Individual Income Taxes,1993-01-01,1999,both,0.0,0.0,0.0,0.0
revenue,Individual Income Taxes,Individual Income Taxes,1993-01-01,2000,both,0.0,0.0,0.0,0.0
revenue,Individual Income Taxes,Individual Income Taxes,1993-01-01,2001,both,0.0,0.0,0.0,0.0
revenue,Individual Income Taxes,Individual Income Taxes,1993-01-01,2002,both,0.0,0.0,0.0,0.0
revenue,Individual Income Taxes,Individual Income Taxes,1993-01-01,2003,both,0.0,0.0,0.0,0.0
revenue,Individual Income Taxes,Individual Income Taxes,1993-03-01,1993,both,0.0,0.0,0.0,0.0
revenue,Individual Income Taxes,Individual Income Taxes,1993-03-01,1994,both,0.0,0.0,0.0,0.0
revenue,Individual Income Taxes,Individual Income Taxes,1993-03-01,1995,both,0.0,0.0,0.0,0.0
revenue,Individual Income Taxes,Individual Income Taxes,1993-03-01,1996,both,0.0,0.0,0.0,0.0
revenue,Individual Income Taxes,Individual Income Taxes,1993-03-01,1997,both,0.0,0.0,0.0,0.0
revenue,Individual Income Taxes,Individual Income Taxes,1993-03-01,1998,both,0.0,0.0,0.0,0.0
revenue,Individual Income Taxes,Individual Income Taxes,1993-03-01,1999,both,0.0,0.0,0.0,0.0
revenue,Individual Income Taxes,Individual Income Taxes,1993-03-01,2000,both,0.0,0.0,0.0,0.0
revenue,Individual Income Taxes,Individual Income Taxes,1993-03-01,2001,both,0.0,0.0,0.0,0.0
revenue,Individual Income Taxes,Individual Income Taxes,1993-03-01,2002,both,0.0,0.0,0.0,0.0
revenue,Individual Income Taxes,Individual Income Taxes,1993-03-01,2003,both,0.0,0.0,0.0,0.0
revenue,Individual Income Taxes,Individual Income Taxes,1994-01-01,1994,both,0.0,0.0,0.0,0.0
revenue,Individual Income Taxes,Individual Income Taxes,1994-01-01,1995,both,0.0,0.0,0.0,0.0
revenue,Individual Income Taxes,Individual Income Taxes,1994-01-01,1996,both,0.0,0.0,0.0,0.0
revenue,Individual Income Taxes,Individual Income Taxes,1994-01-01,1997,both,0.0,0.0,0.0,0.0
revenue,Individual Income Taxes,Individual Income Taxes,1994-01-01,1998,both,0.0,0.0,0.0,0.0
revenue,Individual Income Taxes,Individual Income Taxes,1994-01-01,1999,both,0.0,0.0,0.0,0.0
revenue,Individual Income Taxes,Individual Income Taxes,1994-01-01,2000,both,0.0,0.0,0.0,0.0
revenue,Individual Income Taxes,Individual Income Taxes,1994-01-01,2001,both,0.0,0.0,0.0,0.0
revenue,Individual Income Taxes,Individual Income Taxes,1994-01-01,2002,both,0.0,0.0,0.0,0.0
revenue,Individual Income Taxes,Individual Income Taxes,1994-01-01,2003,both,0.0,0.0,0.0,0.0
revenue,Individual Income Taxes,Individual Income Taxes,1994-01-01,2004,both,0.0,0.0,0.0,0.0
revenue,Individual Income Taxes,Individual Income Taxes,1995-01-01,1995,both,0.0,0.0,0.0,0.0
revenue,Individual Income Taxes,Individual Income Taxes,1995-01-01,1996,both,0.0,0.0,0.0,0.0
revenue,Individual Income Taxes,Individual Income Taxes,1995-01-01,1997,both,0.0,0.0,0.0,0.0
revenue,Individual Income Taxes,Individual Income Taxes,1995-01-01,1998,both,0.0,0.0,0.0,0.0
revenue,Individual Income Taxes,Individual Income Taxes,1995-01-01,1999,both,0.0,0.0,0.0,0.0
revenue,Individual Income Taxes,Individual Income Taxes,1995-01-01,2000,both,0.0,0.0,0.0,0.0
revenue,Individual Income Taxes,Individual Income Taxes,1995-01-01,2001,both,0.0,0.0,0.0,0.0
revenue,Individual Income Taxes,Individual Income Taxes,1995-01-01,2002,both,0.0,0.0,0.0,0.0
revenue,Individual Income Taxes,Individual Income Taxes,1995-01-01,2003,both,0.0,0.0,0.0,0.0
revenue,Individual Income Taxes,Individual Income Taxes,1995-01-01,2004,both,0.0,0.0,0.0,0.0
revenue,Individual Income Taxes,Individual Income Taxes,1995-01-01,2005,both,0.0,0.0,0.0,0.0
revenue,Individual Income Taxes,Individual Income Taxes,1996-05-01,1996,both,0.0,0.0,0.0,0.0
revenue,Individual Income Taxes,Individual Income Taxes,1996-05-01,1997,both,0.0,0.0,0.0,0.0
revenue,Individual Income Taxes,Individual Income Taxes,1996-05-01,1998,both,0.0,0.0,0.0,0.0
revenue,Individual Income Taxes,Individual Income Taxes,1996-05-01,1999,both,0.0,0.0,0.0,0.0
revenue,Individual Income Taxes,Individual Income Taxes,1996-05-01,2000,both,0.0,0.0,0.0,0.0
revenue,Individual Income Taxes,Individual Income Taxes,1996-05-01,2001,both,0.0,0.0,0.0,0.0
revenue,Individual Income Taxes,Individual Income Taxes,1996-05-01,2002,both,0.0,0.0,0.0,0.0
revenue,Individual Income Taxes,Individual Income Taxes,1996-05-01,2003,both,0.0,0.0,0.0,0.0
revenue,Individual Income Taxes,Individual Income Taxes,1996-05-01,2004,both,0.0,0.0,0.0,0.0
revenue,Individual Income Taxes,Individual Income Taxes,1996-05-01,2005,both,0.0,0.0,0.0,0.0
revenue,Individual Income Taxes,Individual Income Taxes,1996-05-01,2006,both,0.0,0.0,0.0,0.0
revenue,Individual Income Taxes,Individual Income Taxes,1997-01-01,1997,both,0.0,0.0,0.0,0.0
revenue,Individual Income Taxes,Individual Income Taxes,1997-01-01,1998,both,0.0,0.0,0.0,0.0
revenue,Individual Income Taxes,Individual Income Taxes,1997-01-01,1999,both,0.0,0.0,0.0,0.0
revenue,Individual Income Taxes,Individual Income Taxes,1997-01-01,2000,both,0.0,0.0,0.0,0.0
revenue,Individual Income Taxes,Individual Income Taxes,1997-01-01,2001,both,0.0,0.0,0.0,0.0
revenue,Individual Income Taxes,Individual Income Taxes,1997-01-01,2002,both,0.0,0.0,0.0,0.0
revenue,Individual Income Taxes,Individual Income Taxes,1997-01-01,2003,both,0.0,0.0,0.0,0.0
revenue,Individual Income Taxes,Individual Income Taxes,1997-01-01,2004,both,0.0,0.0,0.0,0.0
revenue,Individual Income Taxes,Individual Income Taxes,1997-01-01,2005,both,0.0,0.0,0.0,0.0
revenue,Individual Income Taxes,Individual Income Taxes,1997-01-01,2006,both,0.0,0.0,0.0,0.0
revenue,Individual Income Taxes,Individual Income Taxes,1997-01-01,2007,both,0.0,0.0,0.0,0.0
revenue,Individual Income Taxes,Individual Income Taxes,1997-03-01,1997,both,0.0,0.0,0.0,0.0
revenue,Individual Income Taxes,Individual Income Taxes,1997-03-01,1998,both,0.0,0.0,0.0,0.0
revenue,Individual Income Taxes,Individual Income Taxes,1997-03-01,1999,both,0.0,0.0,0.0,0.0
revenue,Individual Income Taxes,Individual Income Taxes,1997-03-01,2000,both,0.0,0.0,0.0,0.0
revenue,Individual Income Taxes,Individual Income Taxes,1997-03-01,2001,both,0.0,0.0,0.0,0.0
revenue,Individual Income Taxes,Individual Income Taxes,1997-03-01,2002,both,0.0,0.0,0.0,0.0
revenue,Individual Income Taxes,Individual Income Taxes,1997-03-01,2003,both,0.0,0.0,0.0,0.0
revenue,Individual Income Taxes,Individual Income Taxes,1997-03-01,2004,both,0.0,0.0,0.0,0.0
revenue,Individual Income Taxes,Individual Income Taxes,1997-03-01,2005,both,0.0,0.0,0.0,0.0
revenue,Individual Income Taxes,Individual Income Taxes,1997-03-01,2006,both,0.0,0.0,0.0,0.0
revenue,Individual Income Taxes,Individual Income Taxes,1997-03-01,2007,both,0.0,0.0,0.0,0.0
revenue,Individual Income Taxes,Individual Income Taxes,1998-01-01,1998,both,0.0,0.0,0.0,0.0
revenue,Individual Income Taxes,Individual Income Taxes,1998-01-01,1999,both,0.0,0.0,0.0,0.0
revenue,Individual Income Taxes,Individual Income Taxes,1998-01-01,2000,both,0.0,0.0,0.0,0.0
revenue,Individual Income Taxes,Individual Income Taxes,1998-01-01,2001,both,0.0,0.0,0.0,0.0
revenue,Individual Income Taxes,Individual Income Taxes,1998-01-01,2002,both,0.0,0.0,0.0,0.0
revenue,Individual Income Taxes,Individual Income Taxes,1998-01-01,2003,both,0.0,0.0,0.0,0.0
revenue,Individual Income Taxes,Individual Income Taxes,1998-01-01,2004,both,0.0,0.0,0.0,0.0
revenue,Individual Income Taxes,Individual Income Taxes,1998-01-01,2005,both,0.0,0.0,0.0,0.0
revenue,Individual Income Taxes,Individual Income Taxes,1998-01-01,2006,both,0.0,0.0,0.0,0.0
revenue,Individual Income Taxes,Individual Income Taxes,1998-01-01,2007,both,0.0,0.0,0.0,0.0
revenue,Individual Income Taxes,Individual Income Taxes,1998-01-01,2008,both,0.0,0.0,0.0,0.0
revenue,Individual Income Taxes,Individual Income Taxes,1998-03-01,1998,both,0.0,0.0,0.0,0.0
revenue,Individual Income Taxes,Individual Income Taxes,1998-03-01,1999,both,0.0,0.0,0.0,0.0
revenue,Individual Income Taxes,Individual Income Taxes,1998-03-01,2000,both,0.0,0.0,0.0,0.0
revenue,Individual Income Taxes,Individual Income Taxes,1998-03-01,2001,both,0.0,0.0,0.0,0.0
revenue,Individual Income Taxes,Individual Income Taxes,1998-03-01,2002,both,0.0,0.0,0.0,0.0
revenue,Individual Income Taxes,Individual Income Taxes,1998-03-01,2003,both,0.0,0.0,0.0,0.0
revenue,Individual Income Taxes,Individual Income Taxes,1998-03-01,2004,both,0.0,0.0,0.0,0.0
revenue,Individual Income Taxes,Individual Income Taxes,1998-03-01,2005,both,0.0,0.0,0.0,0.0
revenue,Individual Income Taxes,Individual Income Taxes,1998-03-01,2006,both,0.0,0.0,0.0,0.0
revenue,Individual Income Taxes,Individual Income Taxes,1998-03-01,2007,both,0.0,0.0,0.0,0.0
revenue,Individual Income Taxes,Individual Income Taxes,1998-03-01,2008,both,0.0,0.0,0.0,0.0
revenue,Individual Income Taxes,Individual Income Taxes,1999-01-01,1999,both,0.0,0.0,0.0,0.0
revenue,Individual Income Taxes,Individual Income Taxes,1999-01-01,2000,both,0.0,0.0,0.0,0.0
revenue,Individual Income Taxes,Individual Income Taxes,1999-01-01,2001,both,0.0,0.0,0.0,0.0
revenue,Individual Income Taxes,Individual Income Taxes,1999-01-01,2002,both,0.0,0.0,0.0,0.0
revenue,Individual Income Taxes,Individual Income Taxes,1999-01-01,2003,both,0.0,0.0,0.0,0.0
revenue,Individual Income Taxes,Individual Income Taxes,1999-01-01,2004,both,0.0,0.0,0.0,0.0
revenue,Individual Income Taxes,Individual Income Taxes,1999-01-01,2005,both,0.0,0.0,0.0,0.0
revenue,Individual Income Taxes,Individual Income Taxes,1999-01-01,2006,both,0.0,0.0,0.0,0.0
revenue,Individual Income Taxes,Individual Income Taxes,1999-01-01,2007,both,0.0,0.0,0.0,0.0
revenue,Individual Income Taxes,Individual Income Taxes,1999-01-01,2008,both,0.0,0.0,0.0,0.0
revenue,Individual Income Taxes,Individual Income Taxes,1999-01-01,2009,both,0.0,0.0,0.0,0.0
revenue,Individual Income Taxes,Individual Income Taxes,2000-01-01,2000,both,0.0,0.0,0.0,0.0
revenue,Individual Income Taxes,Individual Income Taxes,2000-01-01,2001,both,0.0,0.0,0.0,0.0
revenue,Individual Income Taxes,Individual Income Taxes,2000-01-01,2002,both,0.0,0.0,0.0,0.0
revenue,Individual Income Taxes,Individual Income Taxes,2000-01-01,2003,both,0.0,0.0,0.0,0.0
revenue,Individual Income Taxes,Individual Income Taxes,2000-01-01,2004,both,0.0,0.0,0.0,0.0
revenue,Individual Income Taxes,Individual Income Taxes,2000-01-01,2005,both,0.0,0.0,0.0,0.0
revenue,Individual Income Taxes,Individual Income Taxes,2000-01-01,2006,both,0.0,0.0,0.0,0.0
revenue,Individual Income Taxes,Individual Income Taxes,2000-01-01,2007,both,0.0,0.0,0.0,0.0
revenue,Individual Income Taxes,Individual Income Taxes,2000-01-01,2008,both,0.0,0.0,0.0,0.0
revenue,Individual Income Taxes,Individual Income Taxes,2000-01-01,2009,both,0.0,0.0,0.0,0.0
revenue,Individual Income Taxes,Individual Income Taxes,2000-01-01,2010,both,0.0,0.0,0.0,0.0
revenue,Individual Income Taxes,Individual Income Taxes,2001-01-01,2001,both,0.0,0.0,0.0,0.0
revenue,Individual Income Taxes,Individual Income Taxes,2001-01-01,2002,both,0.0,0.0,0.0,0.0
revenue,Individual Income Taxes,Individual Income Taxes,2001-01-01,2003,both,0.0,0.0,0.0,0.0
revenue,Individual Income Taxes,Individual Income Taxes,2001-01-01,2004,both,0.0,0.0,0.0,0.0
revenue,Individual Income Taxes,Individual Income Taxes,2001-01-01,2005,both,0.0,0.0,0.0,0.0
revenue,Individual Income Taxes,Individual Income Taxes,2001-01-01,2006,both,0.0,0.0,0.0,0.0
revenue,Individual Income Taxes,Individual Income Taxes,2001-01-01,2007,both,0.0,0.0,0.0,0.0
revenue,Individual Income Taxes,Individual Income Taxes,2001-01-01,2008,both,0.0,0.0,0.0,0.0
revenue,Individual Income Taxes,Individual Income Taxes,2001-01-01,2009,both,0.0,0.0,0.0,0.0
revenue,Individual Income Taxes,Individual Income Taxes,2001-01-01,2010,both,0.0,0.0,0.0,0.0
revenue,Individual Income Taxes,Individual Income Taxes,2001-01-01,2011,both,0.0,0.0,0.0,0.0
revenue,Individual Income Taxes,Individual Income Taxes,2001-05-01,2001,both,0.0,0.0,0.0,0.0
revenue,Individual Income Taxes,Individual Income Taxes,2001-05-01,2002,both,0.0,0.0,0.0,0.0
revenue,Individual Income Taxes,Individual Income Taxes,2001-05-01,2003,both,0.0,0.0,0.0,0.0
revenue,Individual Income Taxes,Individual Income Taxes,2001-05-01,2004,both,0.0,0.0,0.0,0.0
revenue,Individual Income Taxes,Individual Income Taxes,2001-05-01,2005,both,0.0,0.0,0.0,0.0
revenue,Individual Income Taxes,Individual Income Taxes,2001-05-01,2006,both,0.0,0.0,0.0,0.0
revenue,Individual Income Taxes,Individual Income Taxes,2001-05-01,2007,both,0.0,0.0,0.0,0.0
revenue,Individual Income Taxes,Individual Income Taxes,2001-05-01,2008,both,0.0,0.0,0.0,0.0
revenue,Individual Income Taxes,Individual Income Taxes,2001-05-01,2009,both,0.0,0.0,0.0,0.0
revenue,Individual Income Taxes,Individual Income Taxes,2001-05-01,2010,both,0.0,0.0,0.0,0.0
revenue,Individual Income Taxes,Individual Income Taxes,2001-05-01,2011,both,0.0,0.0,0.0,0.0
revenue,Individual Income Taxes,Individual Income Taxes,2002-01-01,2002,both,0.0,0.0,0.0,0.0
revenue,Individual Income Taxes,Individual Income Taxes,2002-01-01,2003,both,0.0,0.0,0.0,0.0
revenue,Individual Income Taxes,Individual Income Taxes,2002-01-01,2004,both,0.0,0.0,0.0,0.0
revenue,Individual Income Taxes,Individual Income Taxes,2002-01-01,2005,both,0.0,0.0,0.0,0.0
revenue,Individual Income Taxes,Individual Income Taxes,2002-01-01,2006,both,0.0,0.0,0.0,0.0
revenue,Individual Income Taxes,Individual Income Taxes,2002-01-01,2007,both,0.0,0.0,0.0,0.0
revenue,Individual Income Taxes,Individual Income Taxes,2002-01-01,2008,both,0.0,0.0,0.0,0.0
revenue,Individual Income Taxes,Individual Income Taxes,2002-01-01,2009,both,0.0,0.0,0.0,0.0
revenue,Individual Income Taxes,Individual Income Taxes,2002-01-01,2010,both,0.0,0.0,0.0,0.0
revenue,Individual Income Taxes,Individual Income Taxes,2002-01-01,2011,both,0.0,0.0,0.0,0.0
revenue,Individual Income Taxes,Individual Income Taxes,2002-01-01,2012,both,0.0,0.0,0.0,0.0
revenue,Individual Income Taxes,Individual Income Taxes,2002-03-01,2002,both,0.0,0.0,0.0,0.0
revenue,Individual Income Taxes,Individual Income Taxes,2002-03-01,2003,both,0.0,0.0,0.0,0.0
revenue,Individual Income Taxes,Individual Income Taxes,2002-03-01,2004,both,0.0,0.0,0.0,0.0
revenue,Individual Income Taxes,Individual Income Taxes,2002-03-01,2005,both,0.0,0.0,0.0,0.0
revenue,Individual Income Taxes,Individual Income Taxes,2002-03-01,2006,both,0.0,0.0,0.0,0.0
revenue,Individual Income Taxes,Individual Income Taxes,2002-03-01,2007,both,0.0,0.0,0.0,0.0
revenue,Individual Income Taxes,Individual Income Taxes,2002-03-01,2008,both,0.0,0.0,0.0,0.0
revenue,Individual Income Taxes,Individual Income Taxes,2002-03-01,2009,both,0.0,0.0,0.0,0.0
revenue,Individual Income Taxes,Individual Income Taxes,2002-03-01,2010,both,0.0,0.0,0.0,0.0
revenue,Individual Income Taxes,Individual Income Taxes,2002-03-01,2011,both,0.0,0.0,0.0,0.0
revenue,Individual Income Taxes,Individual Income Taxes,2002-03-01,2012,both,0.0,0.0,0.0,0.0
revenue,Individual Income Taxes,Individual Income Taxes,2003-01-01,2003,both,0.0,0.0,0.0,0.0
revenue,Individual Income Taxes,Individual Income Taxes,2003-01-01,2004,both,0.0,0.0,0.0,0.0
revenue,Individual Income Taxes,Individual Income Taxes,2003-01-01,2005,both,0.0,0.0,0.0,0.0
revenue,Individual Income Taxes,Individual Income Taxes,2003-01-01,2006,both,0.0,0.0,0.0,0.0
revenue,Individual Income Taxes,Individual Income Taxes,2003-01-01,2007,both,0.0,0.0,0.0,0.0
revenue,Individual Income Taxes,Individual Income Taxes,2003-01-01,2008,both,0.0,0.0,0.0,0.0
revenue,Individual Income Taxes,Individual Income Taxes,2003-01-01,2009,both,0.0,0.0,0.0,0.0
revenue,Individual Income Taxes,Individual Income Taxes,2003-01-01,2010,both,0.0,0.0,0.0,0.0
revenue,Individual Income Taxes,Individual Income Taxes,2003-01-01,2011,both,0.0,0.0,0.0,0.0
revenue,Individual Income Taxes,Individual Income Taxes,2003-01-01,2012,both,0.0,0.0,0.0,0.0
revenue,Individual Income Taxes,Individual Income Taxes,2003-01-01,2013,both,0.0,0.0,0.0,0.0
revenue,Individual Income Taxes,Individual Income Taxes,2003-03-01,2003,both,0.0,0.0,0.0,0.0
revenue,Individual Income Taxes,Individual Income Taxes,2003-03-01,2004,both,0.0,0.0,0.0,0.0
revenue,Individual Income Taxes,Individual Income Taxes,2003-03-01,2005,both,0.0,0.0,0.0,0.0
revenue,Individual Income Taxes,Individual Income Taxes,2003-03-01,2006,both,0.0,0.0,0.0,0.0
revenue,Individual Income Taxes,Individual Income Taxes,2003-03-01,2007,both,0.0,0.0,0.0,0.0
revenue,Individual Income Taxes,Individual Income Taxes,2003-03-01,2008,both,0.0,0.0,0.0,0.0
revenue,Individual Income Taxes,Individual Income Taxes,2003-03-01,2009,both,0.0,0.0,0.0,0.0
revenue,Individual Income Taxes,Individual Income Taxes,2003-03-01,2010,both,0.0,0.0,0.0,0.0
revenue,Individual Income Taxes,Individual Income Taxes,2003-03-01,2011,both,0.0,0.0,0.0,0.0
revenue,Individual Income Taxes,Individual Income Taxes,2003-03-01,2012,both,0.0,0.0,0.0,0.0
revenue,Individual Income Taxes,Individual Income Taxes,2003-03-01,2013,both,0.0,0.0,0.0,0.0
revenue,Individual Income Taxes,Individual Income Taxes,2004-01-01,2004,both,0.0,0.0,0.0,0.0
revenue,Individual Income Taxes,Individual Income Taxes,2004-01-01,2005,both,0.0,0.0,0.0,0.0
revenue,Individual Income Taxes,Individual Income Taxes,2004-01-01,2006,both,0.0,0.0,0.0,0.0
revenue,Individual Income Taxes,Individual Income Taxes,2004-01-01,2007,both,0.0,0.0,0.0,0.0
revenue,Individual Income Taxes,Individual Income Taxes,2004-01-01,2008,both,0.0,0.0,0.0,0.0
revenue,Individual Income Taxes,Individual Income Taxes,2004-01-01,2009,both,0.0,0.0,0.0,0.0
revenue,Individual Income Taxes,Individual Income Taxes,2004-01-01,2010,both,0.0,0.0,0.0,0.0
revenue,Individual Income Taxes,Individual Income Taxes,2004-01-01,2011,both,0.0,0.0,0.0,0.0
revenue,Individual Income Taxes,Individual Income Taxes,2004-01-01,2012,both,0.0,0.0,0.0,0.0
revenue,Individual Income Taxes,Individual Income Taxes,2004-01-01,2013,both,0.0,0.0,0.0,0.0
revenue,Individual Income Taxes,Individual Income Taxes,2004-01-01,2014,both,0.0,0.0,0.0,0.0
revenue,Individual Income Taxes,Individual Income Taxes,2004-03-01,2004,both,0.0,0.0,0.0,0.0
revenue,Individual Income Taxes,Individual Income Taxes,2004-03-01,2005,both,0.0,0.0,0.0,0.0
revenue,Individual Income Taxes,Individual Income Taxes,2004-03-01,2006,both,0.0,0.0,0.0,0.0
revenue,Individual Income Taxes,Individual Income Taxes,2004-03-01,2007,both,0.0,0.0,0.0,0.0
revenue,Individual Income Taxes,Individual Income Taxes,2004-03-01,2008,both,0.0,0.0,0.0,0.0
revenue,Individual Income Taxes,Individual Income Taxes,2004-03-01,2009,both,0.0,0.0,0.0,0.0
revenue,Individual Income Taxes,Individual Income Taxes,2004-03-01,2010,both,0.0,0.0,0.0,0.0
revenue,Individual Income Taxes,Individual Income Taxes,2004-03-01,2011,both,0.0,0.0,0.0,0.0
revenue,Individual Income Taxes,Individual Income Taxes,2004-03-01,2012,both,0.0,0.0,0.0,0.0
revenue,Individual Income Taxes,Individual Income Taxes,2004-03-01,2013,both,0.0,0.0,0.0,0.0
revenue,Individual Income Taxes,Individual Income Taxes,2004-03-01,2014,both,0.0,0.0,0.0,0.0
revenue,Individual Income Taxes,Individual Income Taxes,2005-01-01,2005,both,0.0,0.0,0.0,0.0
revenue,Individual Income Taxes,Individual Income Taxes,2005-01-01,2006,both,0.0,0.0,0.0,0.0
revenue,Individual Income Taxes,Individual Income Taxes,2005-01-01,2007,both,0.0,0.0,0.0,0.0
revenue,Individual Income Taxes,Individual Income Taxes,2005-01-01,2008,both,0.0,0.0,0.0,0.0
revenue,Individual Income Taxes,Individual Income Taxes,2005-01-01,2009,both,0.0,0.0,0.0,0.0
revenue,Individual Income Taxes,Individual Income Taxes,2005-01-01,2010,both,0.0,0.0,0.0,0.0
revenue,Individual Income Taxes,Individual Income Taxes,2005-01-01,2011,both,0.0,0.0,0.0,0.0
revenue,Individual Income Taxes,Individual Income Taxes,2005-01-01,2012,both,0.0,0.0,0.0,0.0
revenue,Individual Income Taxes,Individual Income Taxes,2005-01-01,2013,both,0.0,0.0,0.0,0.0
revenue,Individual Income Taxes,Individual Income Taxes,2005-01-01,2014,both,0.0,0.0,0.0,0.0
revenue,Individual Income Taxes,Individual Income Taxes,2005-01-01,2015,both,0.0,0.0,0.0,0.0
revenue,Individual Income Taxes,Individual Income Taxes,2005-03-01,2005,both,0.0,0.0,0.0,0.0
revenue,Individual Income Taxes,Individual Income Taxes,2005-03-01,2006,both,0.0,0.0,0.0,0.0
revenue,Individual Income Taxes,Individual Income Taxes,2005-03-01,2007,both,0.0,0.0,0.0,0.0
revenue,Individual Income Taxes,Individual Income Taxes,2005-03-01,2008,both,0.0,0.0,0.0,0.0
revenue,Individual Income Taxes,Individual Income Taxes,2005-03-01,2009,both,0.0,0.0,0.0,0.0
revenue,Individual Income Taxes,Individual Income Taxes,2005-03-01,2010,both,0.0,0.0,0.0,0.0
revenue,Individual Income Taxes,Individual Income Taxes,2005-03-01,2011,both,0.0,0.0,0.0,0.0
revenue,Individual Income Taxes,Individual Income Taxes,2005-03-01,2012,both,0.0,0.0,0.0,0.0
revenue,Individual Income Taxes,Individual Income Taxes,2005-03-01,2013,both,0.0,0.0,0.0,0.0
revenue,Individual Income Taxes,Individual Income Taxes,2005-03-01,2014,both,0.0,0.0,0.0,0.0
revenue,Individual Income Taxes,Individual Income Taxes,2005-03-01,2015,both,0.0,0.0,0.0,0.0
revenue,Individual Income Taxes,Individual Income Taxes,2006-01-01,2006,both,0.0,0.0,0.0,0.0
revenue,Individual Income Taxes,Individual Income Taxes,2006-01-01,2007,both,0.0,0.0,0.0,0.0
revenue,Individual Income Taxes,Individual Income Taxes,2006-01-01,2008,both,0.0,0.0,0.0,0.0
revenue,Individual Income Taxes,Individual Income Taxes,2006-01-01,2009,both,0.0,0.0,0.0,0.0
revenue,Individual Income Taxes,Individual Income Taxes,2006-01-01,2010,both,0.0,0.0,0.0,0.0
revenue,Individual Income Taxes,Individual Income Taxes,2006-01-01,2011,both,0.0,0.0,0.0,0.0
revenue,Individual Income Taxes,Individual Income Taxes,2006-01-01,2012,both,0.0,0.0,0.0,0.0
revenue,Individual Income Taxes,Individual Income Taxes,2006-01-01,2013,both,0.0,0.0,0.0,0.0
revenue,Individual Income Taxes,Individual Income Taxes,2006-01-01,2014,both,0.0,0.0,0.0,0.0
revenue,Individual Income Taxes,Individual Income Taxes,2006-01-01,2015,both,0.0,0.0,0.0,0.0
revenue,Individual Income Taxes,Individual Income Taxes,2006-01-01,2016,both,0.0,0.0,0.0,0.0
revenue,Individual Income Taxes,Individual Income Taxes,2006-03-01,2006,both,0.0,0.0,0.0,0.0
revenue,Individual Income Taxes,Individual Income Taxes,2006-03-01,2007,both,0.0,0.0,0.0,0.0
revenue,Individual Income Taxes,Individual Income Taxes,2006-03-01,2008,both,0.0,0.0,0.0,0.0
revenue,Individual Income Taxes,Individual Income Taxes,2006-03-01,2009,both,0.0,0.0,0.0,0.0
revenue,Individual Income Taxes,Individual Income Taxes,2006-03-01,2010,both,0.0,0.0,0.0,0.0
revenue,Individual Income Taxes,Individual Income Taxes,2006-03-01,2011,both,0.0,0.0,0.0,0.0
revenue,Individual Income Taxes,Individual Income Taxes,2006-03-01,2012,both,0.0,0.0,0.0,0.0
revenue,Individual Income Taxes,Individual Income Taxes,2006-03-01,2013,both,0.0,0.0,0.0,0.0
revenue,Individual Income Taxes,Individual Income Taxes,2006-03-01,2014,both,0.0,0.0,0.0,0.0
revenue,Individual Income Taxes,Individual Income Taxes,2006-03-01,2015,both,0.0,0.0,0.0,0.0
revenue,Individual Income Taxes,Individual Income Taxes,2006-03-01,2016,both,0.0,0.0,0.0,0.0
revenue,Individual Income Taxes,Individual Income Taxes,2007-01-01,2007,both,0.0,0.0,0.0,0.0
revenue,Individual Income Taxes,Individual Income Taxes,2007-01-01,2008,both,0.0,0.0,0.0,0.0
revenue,Individual Income Taxes,Individual Income Taxes,2007-01-01,2009,both,0.0,0.0,0.0,0.0
revenue,Individual Income Taxes,Individual Income Taxes,2007-01-01,2010,both,0.0,0.0,0.0,0.0
revenue,Individual Income Taxes,Individual Income Taxes,2007-01-01,2011,both,0.0,0.0,0.0,0.0
revenue,Individual Income Taxes,Individual Income Taxes,2007-01-01,2012,both,0.0,0.0,0.0,0.0
revenue,Individual Income Taxes,Individual Income Taxes,2007-01-01,2013,both,0.0,0.0,0.0,0.0
revenue,Individual Income Taxes,Individual Income Taxes,2007-01-01,2014,both,0.0,0.0,0.0,0.0
revenue,Individual Income Taxes,Individual Income Taxes,2007-01-01,2015,both,0.0,0.0,0.0,0.0
revenue,Individual Income Taxes,Individual Income Taxes,2007-01-01,2016,both,0.0,0.0,0.0,0.0
revenue,Individual Income Taxes,Individual Income Taxes,2007-01-01,2017,both,0.0,0.0,0.0,0.0
revenue,Individual Income Taxes,Individual Income Taxes,2007-03-01,2007,both,0.0,0.0,0.0,0.0
revenue,Individual Income Taxes,Individual Income Taxes,2007-03-01,2008,both,0.0,0.0,0.0,0.0
revenue,Individual Income Taxes,Individual Income Taxes,2007-03-01,2009,both,0.0,0.0,0.0,0.0
revenue,Individual Income Taxes,Individual Income Taxes,2007-03-01,2010,both,0.0,0.0,0.0,0.0
revenue,Individual Income Taxes,Individual Income Taxes,2007-03-01,2011,both,0.0,0.0,0.0,0.0
revenue,Individual Income Taxes,Individual Income Taxes,2007-03-01,2012,both,0.0,0.0,0.0,0.0
revenue,Individual Income Taxes,Individual Income Taxes,2007-03-01,2013,both,0.0,0.0,0.0,0.0
revenue,Individual Income Taxes,Individual Income Taxes,2007-03-01,2014,both,0.0,0.0,0.0,0.0
revenue,Individual Income Taxes,Individual Income Taxes,2007-03-01,2015,both,0.0,0.0,0.0,0.0
revenue,Individual Income Taxes,Individual Income Taxes,2007-03-01,2016,both,0.0,0.0,0.0,0.0
revenue,Individual Income Taxes,Individual Income Taxes,2007-03-01,2017,both,0.0,0.0,0.0,0.0
revenue,Individual Income Taxes,Individual Income Taxes,2008-01-01,2008,both,0.0,0.0,0.0,0.0
revenue,Individual Income Taxes,Individual Income Taxes,2008-01-01,2009,both,0.0,0.0,0.0,0.0
revenue,Individual Income Taxes,Individual Income Taxes,2008-01-01,2010,both,0.0,0.0,0.0,0.0
revenue,Individual Income Taxes,Individual Income Taxes,2008-01-01,2011,both,0.0,0.0,0.0,0.0
revenue,Individual Income Taxes,Individual Income Taxes,2008-01-01,2012,both,0.0,0.0,0.0,0.0
revenue,Individual Income Taxes,Individual Income Taxes,2008-01-01,2013,both,0.0,0.0,0.0,0.0
revenue,Individual Income Taxes,Individual Income Taxes,2008-01-01,2014,both,0.0,0.0,0.0,0.0
revenue,Individual Income Taxes,Individual Income Taxes,2008-01-01,2015,both,0.0,0.0,0.0,0.0
revenue,Individual Income Taxes,Individual Income Taxes,2008-01-01,2016,both,0.0,0.0,0.0,0.0
revenue,Individual Income Taxes,Individual Income Taxes,2008-01-01,2017,both,0.0,0.0,0.0,0.0
revenue,Individual Income Taxes,Individual Income Taxes,2008-01-01,2018,both,0.0,0.0,0.0,0.0
revenue,Individual Income Taxes,Individual Income Taxes,2008-03-01,2008,both,0.0,0.0,0.0,0.0
revenue,Individual Income Taxes,Individual Income Taxes,2008-03-01,2009,both,0.0,0.0,0.0,0.0
revenue,Individual Income Taxes,Individual Income Taxes,2008-03-01,2010,both,0.0,0.0,0.0,0.0
revenue,Individual Income Taxes,Individual Income Taxes,2008-03-01,2011,both,0.0,0.0,0.0,0.0
revenue,Individual Income Taxes,Individual Income Taxes,2008-03-01,2012,both,0.0,0.0,0.0,0.0
revenue,Individual Income Taxes,Individual Income Taxes,2008-03-01,2013,both,0.0,0.0,0.0,0.0
revenue,Individual Income Taxes,Individual Income Taxes,2008-03-01,2014,both,0.0,0.0,0.0,0.0
revenue,Individual Income Taxes,Individual Income Taxes,2008-03-01,2015,both,0.0,0.0,0.0,0.0
revenue,Individual Income Taxes,Individual Income Taxes,2008-03-01,2016,both,0.0,0.0,0.0,0.0
revenue,Individual Income Taxes,Individual Income Taxes,2008-03-01,2017,both,0.0,0.0,0.0,0.0
revenue,Individual Income Taxes,Individual Income Taxes,2008-03-01,2018,both,0.0,0.0,0.0,0.0
revenue,Individual Income Taxes,Individual Income Taxes,2009-01-01,2009,both,0.0,0.0,0.0,0.0
revenue,Individual Income Taxes,Individual Income Taxes,2009-01-01,2010,both,0.0,0.0,0.0,0.0
revenue,Individual Income Taxes,Individual Income Taxes,2009-01-01,2011,both,0.0,0.0,0.0,0.0
revenue,Individual Income Taxes,Individual Income Taxes,2009-01-01,2012,both,0.0,0.0,0.0,0.0
revenue,Individual Income Taxes,Individual Income Taxes,2009-01-01,2013,both,0.0,0.0,0.0,0.0
revenue,Individual Income Taxes,Individual Income Taxes,2009-01-01,2014,both,0.0,0.0,0.0,0.0
revenue,Individual Income Taxes,Individual Income Taxes,2009-01-01,2015,both,0.0,0.0,0.0,0.0
revenue,Individual Income Taxes,Individual Income Taxes,2009-01-01,2016,both,0.0,0.0,0.0,0.0
revenue,Individual Income Taxes,Individual Income Taxes,2009-01-01,2017,both,0.0,0.0,0.0,0.0
revenue,Individual Income Taxes,Individual Income Taxes,2009-01-01,2018,both,0.0,0.0,0.0,0.0
revenue,Individual Income Taxes,Individual Income Taxes,2009-01-01,2019,both,0.0,0.0,0.0,0.0
revenue,Individual Income Taxes,Individual Income Taxes,2009-03-01,2009,both,0.0,0.0,0.0,0.0
revenue,Individual Income Taxes,Individual Income Taxes,2009-03-01,2010,both,0.0,0.0,0.0,0.0
revenue,Individual Income Taxes,Individual Income Taxes,2009-03-01,2011,both,0.0,0.0,0.0,0.0
revenue,Individual Income Taxes,Individual Income Taxes,2009-03-01,2012,both,0.0,0.0,0.0,0.0
revenue,Individual Income Taxes,Individual Income Taxes,2009-03-01,2013,both,0.0,0.0,0.0,0.0
revenue,Individual Income Taxes,Individual Income Taxes,2009-03-01,2014,both,0.0,0.0,0.0,0.0
revenue,Individual Income Taxes,Individual Income Taxes,2009-03-01,2015,both,0.0,0.0,0.0,0.0
revenue,Individual Income Taxes,Individual Income Taxes,2009-03-01,2016,both,0.0,0.0,0.0,0.0
revenue,Individual Income Taxes,Individual Income Taxes,2009-03-01,2017,both,0.0,0.0,0.0,0.0
revenue,Individual Income Taxes,Individual Income Taxes,2009-03-01,2018,both,0.0,0.0,0.0,0.0
revenue,Individual Income Taxes,Individual Income Taxes,2009-03-01,2019,both,0.0,0.0,0.0,0.0
revenue,Individual Income Taxes,Individual Income Taxes,2010-01-01,2010,both,0.0,0.0,0.0,0.0
revenue,Individual Income Taxes,Individual Income Taxes,2010-01-01,2011,both,0.0,0.0,0.0,0.0
revenue,Individual Income Taxes,Individual Income Taxes,2010-01-01,2012,both,0.0,0.0,0.0,0.0
revenue,Individual Income Taxes,Individual Income Taxes,2010-01-01,2013,both,0.0,0.0,0.0,0.0
revenue,Individual Income Taxes,Individual Income Taxes,2010-01-01,2014,both,0.0,0.0,0.0,0.0
revenue,Individual Income Taxes,Individual Income Taxes,2010-01-01,2015,both,0.0,0.0,0.0,0.0
revenue,Individual Income Taxes,Individual Income Taxes,2010-01-01,2016,both,0.0,0.0,0.0,0.0
revenue,Individual Income Taxes,Individual Income Taxes,2010-01-01,2017,both,0.0,0.0,0.0,0.0
revenue,Individual Income Taxes,Individual Income Taxes,2010-01-01,2018,both,0.0,0.0,0.0,0.0
revenue,Individual Income Taxes,Individual Income Taxes,2010-01-01,2019,both,0.0,0.0,0.0,0.0
revenue,Individual Income Taxes,Individual Income Taxes,2010-01-01,2020,both,0.0,0.0,0.0,0.0
revenue,Individual Income Taxes,Individual Income Taxes,2010-03-01,2010,both,0.0,0.0,0.0,0.0
revenue,Individual Income Taxes,Individual Income Taxes,2010-03-01,2011,both,0.0,0.0,0.0,0.0
revenue,Individual Income Taxes,Individual Income Taxes,2010-03-01,2012,both,0.0,0.0,0.0,0.0
revenue,Individual Income Taxes,Individual Income Taxes,2010-03-01,2013,both,0.0,0.0,0.0,0.0
revenue,Individual Income Taxes,Individual Income Taxes,2010-03-01,2014,both,0.0,0.0,0.0,0.0
revenue,Individual Income Taxes,Individual Income Taxes,2010-03-01,2015,both,0.0,0.0,0.0,0.0
revenue,Individual Income Taxes,Individual Income Taxes,2010-03-01,2016,both,0.0,0.0,0.0,0.0
revenue,Individual Income Taxes,Individual Income Taxes,2010-03-01,2017,both,0.0,0.0,0.0,0.0
revenue,Individual Income Taxes,Individual Income Taxes,2010-03-01,2018,both,0.0,0.0,0.0,0.0
revenue,Individual Income Taxes,Individual Income Taxes,2010-03-01,2019,both,0.0,0.0,0.0,0.0
revenue,Individual Income Taxes,Individual Income Taxes,2010-03-01,2020,both,0.0,0.0,0.0,0.0
revenue,Individual Income Taxes,Individual Income Taxes,2011-01-01,2011,both,0.0,0.0,0.0,0.0
revenue,Individual Income Taxes,Individual Income Taxes,2011-01-01,2012,both,0.0,0.0,0.0,0.0
revenue,Individual Income Taxes,Individual Income Taxes,2011-01-01,2013,both,0.0,0.0,0.0,0.0
revenue,Individual Income Taxes,Individual Income Taxes,2011-01-01,2014,both,0.0,0.0,0.0,0.0
revenue,Individual Income Taxes,Individual Income Taxes,2011-01-01,2015,both,0.0,0.0,0.0,0.0
revenue,Individual Income Taxes,Individual Income Taxes,2011-01-01,2016,both,0.0,0.0,0.0,0.0
revenue,Individual Income Taxes,Individual Income Taxes,2011-01-01,2017,both,0.0,0.0,0.0,0.0
revenue,Individual Income Taxes,Individual Income Taxes,2011-01-01,2018,both,0.0,0.0,0.0,0.0
revenue,Individual Income Taxes,Individual Income Taxes,2011-01-01,2019,both,0.0,0.0,0.0,0.0
revenue,Individual Income Taxes,Individual Income Taxes,2011-01-01,2020,both,0.0,0.0,0.0,0.0
revenue,Individual Income Taxes,Individual Income Taxes,2011-01-01,2021,both,0.0,0.0,0.0,0.0
revenue,Individual Income Taxes,Individual Income Taxes,2011-03-01,2011,both,0.0,0.0,0.0,0.0
revenue,Individual Income Taxes,Individual Income Taxes,2011-03-01,2012,both,0.0,0.0,0.0,0.0
revenue,Individual Income Taxes,Individual Income Taxes,2011-03-01,2013,both,0.0,0.0,0.0,0.0
revenue,Individual Income Taxes,Individual Income Taxes,2011-03-01,2014,both,0.0,0.0,0.0,0.0
revenue,Individual Income Taxes,Individual Income Taxes,2011-03-01,2015,both,0.0,0.0,0.0,0.0
revenue,Individual Income Taxes,Individual Income Taxes,2011-03-01,2016,both,0.0,0.0,0.0,0.0
revenue,Individual Income Taxes,Individual Income Taxes,2011-03-01,2017,both,0.0,0.0,0.0,0.0
revenue,Individual Income Taxes,Individual Income Taxes,2011-03-01,2018,both,0.0,0.0,0.0,0.0
revenue,Individual Income Taxes,Individual Income Taxes,2011-03-01,2019,both,0.0,0.0,0.0,0.0
revenue,Individual Income Taxes,Individual Income Taxes,2011-03-01,2020,both,0.0,0.0,0.0,0.0
revenue,Individual Income Taxes,Individual Income Taxes,2011-03-01,2021,both,0.0,0.0,0.0,0.0
revenue,Individual Income Taxes,Individual Income Taxes,2012-01-01,2012,both,0.0,0.0,0.0,0.0
revenue,Individual Income Taxes,Individual Income Taxes,2012-01-01,2013,both,0.0,0.0,0.0,0.0
revenue,Individual Income Taxes,Individual Income Taxes,2012-01-01,2014,both,0.0,0.0,0.0,0.0
revenue,Individual Income Taxes,Individual Income Taxes,2012-01-01,2015,both,0.0,0.0,0.0,0.0
revenue,Individual Income Taxes,Individual Income Taxes,2012-01-01,2016,both,0.0,0.0,0.0,0.0
revenue,Individual Income Taxes,Individual Income Taxes,2012-01-01,2017,both,0.0,0.0,0.0,0.0
revenue,Individual Income Taxes,Individual Income Taxes,2012-01-01,2018,both,0.0,0.0,0.0,0.0
revenue,Individual Income Taxes,Individual Income Taxes,2012-01-01,2019,both,0.0,0.0,0.0,0.0
revenue,Individual Income Taxes,Individual Income Taxes,2012-01-01,2020,both,0.0,0.0,0.0,0.0
revenue,Individual Income Taxes,Individual Income Taxes,2012-01-01,2021,both,0.0,0.0,0.0,0.0
revenue,Individual Income Taxes,Individual Income Taxes,2012-01-01,2022,both,0.0,0.0,0.0,0.0
revenue,Individual Income Taxes,Individual Income Taxes,2012-03-01,2012,both,0.0,0.0,0.0,0.0
revenue,Individual Income Taxes,Individual Income Taxes,2012-03-01,2013,both,0.0,0.0,0.0,0.0
revenue,Individual Income Taxes,Individual Income Taxes,2012-03-01,2014,both,0.0,0.0,0.0,0.0
revenue,Individual Income Taxes,Individual Income Taxes,2012-03-01,2015,both,0.0,0.0,0.0,0.0
revenue,Individual Income Taxes,Individual Income Taxes,2012-03-01,2016,both,0.0,0.0,0.0,0.0
revenue,Individual Income Taxes,Individual Income Taxes,2012-03-01,2017,both,0.0,0.0,0.0,0.0
revenue,Individual Income Taxes,Individual Income Taxes,2012-03-01,2018,both,0.0,0.0,0.0,0.0
revenue,Individual Income Taxes,Individual Income Taxes,2012-03-01,2019,both,0.0,0.0,0.0,0.0
revenue,Individual Income Taxes,Individual Income Taxes,2012-03-01,2020,both,0.0,0.0,0.0,0.0
revenue,Individual Income Taxes,Individual Income Taxes,2012-03-01,2021,both,0.0,0.0,0.0,0.0
revenue,Individual Income Taxes,Individual Income Taxes,2012-03-01,2022,both,0.0,0.0,0.0,0.0
revenue,Individual Income Taxes,Individual Income Taxes,2013-02-01,2013,both,0.0,0.0,0.0,0.0
revenue,Individual Income Taxes,Individual Income Taxes,2013-02-01,2014,both,0.0,0.0,0.0,0.0
revenue,Individual Income Taxes,Individual Income Taxes,2013-02-01,2015,both,0.0,0.0,0.0,0.0
revenue,Individual Income Taxes,Individual Income Taxes,2013-02-01,2016,both,0.0,0.0,0.0,0.0
revenue,Individual Income Taxes,Individual Income Taxes,2013-02-01,2017,both,0.0,0.0,0.0,0.0
revenue,Individual Income Taxes,Individual Income Taxes,2013-02-01,2018,both,0.0,0.0,0.0,0.0
revenue,Individual Income Taxes,Individual Income Taxes,2013-02-01,2019,both,0.0,0.0,0.0,0.0
revenue,Individual Income Taxes,Individual Income Taxes,2013-02-01,2020,both,0.0,0.0,0.0,0.0
revenue,Individual Income Taxes,Individual Income Taxes,2013-02-01,2021,both,0.0,0.0,0.0,0.0
revenue,Individual Income Taxes,Individual Income Taxes,2013-02-01,2022,both,0.0,0.0,0.0,0.0
revenue,Individual Income Taxes,Individual Income Taxes,2013-02-01,2023,both,0.0,0.0,0.0,0.0
revenue,Individual Income Taxes,Individual Income Taxes,2013-05-01,2013,both,0.0,0.0,0.0,0.0
revenue,Individual Income Taxes,Individual Income Taxes,2013-05-01,2014,both,0.0,0.0,0.0,0.0
revenue,Individual Income Taxes,Individual Income Taxes,2013-05-01,2015,both,0.0,0.0,0.0,0.0
revenue,Individual Income Taxes,Individual Income Taxes,2013-05-01,2016,both,0.0,0.0,0.0,0.0
revenue,Individual Income Taxes,Individual Income Taxes,2013-05-01,2017,both,0.0,0.0,0.0,0.0
revenue,Individual Income Taxes,Individual Income Taxes,2013-05-01,2018,both,0.0,0.0,0.0,0.0
revenue,Individual Income Taxes,Individual Income Taxes,2013-05-01,2019,both,0.0,0.0,0.0,0.0
revenue,Individual Income Taxes,Individual Income Taxes,2013-05-01,2020,both,0.0,0.0,0.0,0.0
revenue,Individual Income Taxes,Individual Income Taxes,2013-05-01,2021,both,0.0,0.0,0.0,0.0
revenue,Individual Income Taxes,Individual Income Taxes,2013-05-01,2022,both,0.0,0.0,0.0,0.0
revenue,Individual Income Taxes,Individual Income Taxes,2013-05-01,2023,both,0.0,0.0,0.0,0.0
revenue,Individual Income Taxes,Individual Income Taxes,2014-02-01,2014,both,0.0,0.0,0.0,0.0
revenue,Individual Income Taxes,Individual Income Taxes,2014-02-01,2015,both,0.0,0.0,0.0,0.0
revenue,Individual Income Taxes,Individual Income Taxes,2014-02-01,2016,both,0.0,0.0,0.0,0.0
revenue,Individual Income Taxes,Individual Income Taxes,2014-02-01,2017,both,0.0,0.0,0.0,0.0
revenue,Individual Income Taxes,Individual Income Taxes,2014-02-01,2018,both,0.0,0.0,0.0,0.0
revenue,Individual Income Taxes,Individual Income Taxes,2014-02-01,2019,both,0.0,0.0,0.0,0.0
revenue,Individual Income Taxes,Individual Income Taxes,2014-02-01,2020,both,0.0,0.0,0.0,0.0
revenue,Individual Income Taxes,Individual Income Taxes,2014-02-01,2021,both,0.0,0.0,0.0,0.0
revenue,Individual Income Taxes,Individual Income Taxes,2014-02-01,2022,both,0.0,0.0,0.0,0.0
revenue,Individual Income Taxes,Individual Income Taxes,2014-02-01,2023,both,0.0,0.0,0.0,0.0
revenue,Individual Income Taxes,Individual Income Taxes,2014-02-01,2024,both,0.0,0.0,0.0,0.0
revenue,Individual Income Taxes,Individual Income Taxes,2014-04-01,2014,both,0.0,0.0,0.0,0.0
revenue,Individual Income Taxes,Individual Income Taxes,2014-04-01,2015,both,0.0,0.0,0.0,0.0
revenue,Individual Income Taxes,Individual Income Taxes,2014-04-01,2016,both,0.0,0.0,0.0,0.0
revenue,Individual Income Taxes,Individual Income Taxes,2014-04-01,2017,both,0.0,0.0,0.0,0.0
revenue,Individual Income Taxes,Individual Income Taxes,2014-04-01,2018,both,0.0,0.0,0.0,0.0
revenue,Individual Income Taxes,Individual Income Taxes,2014-04-01,2019,both,0.0,0.0,0.0,0.0
revenue,Individual Income Taxes,Individual Income Taxes,2014-04-01,2020,both,0.0,0.0,0.0,0.0
revenue,Individual Income Taxes,Individual Income Taxes,2014-04-01,2021,both,0.0,0.0,0.0,0.0
revenue,Individual Income Taxes,Individual Income Taxes,2014-04-01,2022,both,0.0,0.0,0.0,0.0
revenue,Individual Income Taxes,Individual Income Taxes,2014-04-01,2023,both,0.0,0.0,0.0,0.0
revenue,Individual Income Taxes,Individual Income Taxes,2014-04-01,2024,both,0.0,0.0,0.0,0.0
revenue,Individual Income Taxes,Individual Income Taxes,2015-01-01,2015,both,0.0,0.0,0.0,0.0
revenue,Individual Income Taxes,Individual Income Taxes,2015-01-01,2016,both,0.0,0.0,0.0,0.0
revenue,Individual Income Taxes,Individual Income Taxes,2015-01-01,2017,both,0.0,0.0,0.0,0.0
revenue,Individual Income Taxes,Individual Income Taxes,2015-01-01,2018,both,0.0,0.0,0.0,0.0
revenue,Individual Income Taxes,Individual Income Taxes,2015-01-01,2019,both,0.0,0.0,0.0,0.0
revenue,Individual Income Taxes,Individual Income Taxes,2015-01-01,2020,both,0.0,0.0,0.0,0.0
revenue,Individual Income Taxes,Individual Income Taxes,2015-01-01,2021,both,0.0,0.0,0.0,0.0
revenue,Individual Income Taxes,Individual Income Taxes,2015-01-01,2022,both,0.0,0.0,0.0,0.0
revenue,Individual Income Taxes,Individual Income Taxes,2015-01-01,2023,both,0.0,0.0,0.0,0.0
revenue,Individual Income Taxes,Individual Income Taxes,2015-01-01,2024,both,0.0,0.0,0.0,0.0
revenue,Individual Income Taxes,Individual Income Taxes,2015-01-01,2025,both,0.0,0.0,0.0,0.0
revenue,Individual Income Taxes,Individual Income Taxes,2015-03-01,2015,both,0.0,0.0,0.0,0.0
revenue,Individual Income Taxes,Individual Income Taxes,2015-03-01,2016,both,0.0,0.0,0.0,0.0
revenue,Individual Income Taxes,Individual Income Taxes,2015-03-01,2017,both,0.0,0.0,0.0,0.0
revenue,Individual Income Taxes,Individual Income Taxes,2015-03-01,2018,both,0.0,0.0,0.0,0.0
revenue,Individual Income Taxes,Individual Income Taxes,2015-03-01,2019,both,0.0,0.0,0.0,0.0
revenue,Individual Income Taxes,Individual Income Taxes,2015-03-01,2020,both,0.0,0.0,0.0,0.0
revenue,Individual Income Taxes,Individual Income Taxes,2015-03-01,2021,both,0.0,0.0,0.0,0.0
revenue,Individual Income Taxes,Individual Income Taxes,2015-03-01,2022,both,0.0,0.0,0.0,0.0
revenue,Individual Income Taxes,Individual Income Taxes,2015-03-01,2023,both,0.0,0.0,0.0,0.0
revenue,Individual Income Taxes,Individual Income Taxes,2015-03-01,2024,both,0.0,0.0,0.0,0.0
revenue,Individual Income Taxes,Individual Income Taxes,2015-03-01,2025,both,0.0,0.0,0.0,0.0
revenue,Individual Income Taxes,Individual Income Taxes,2016-01-01,2016,both,0.0,0.0,0.0,0.0
revenue,Individual Income Taxes,Individual Income Taxes,2016-01-01,2017,both,0.0,0.0,0.0,0.0
revenue,Individual Income Taxes,Individual Income Taxes,2016-01-01,2018,both,0.0,0.0,0.0,0.0
revenue,Individual Income Taxes,Individual Income Taxes,2016-01-01,2019,both,0.0,0.0,0.0,0.0
revenue,Individual Income Taxes,Individual Income Taxes,2016-01-01,2020,both,0.0,0.0,0.0,0.0
revenue,Individual Income Taxes,Individual Income Taxes,2016-01-01,2021,both,0.0,0.0,0.0,0.0
revenue,Individual Income Taxes,Individual Income Taxes,2016-01-01,2022,both,0.0,0.0,0.0,0.0
revenue,Individual Income Taxes,Individual Income Taxes,2016-01-01,2023,both,0.0,0.0,0.0,0.0
revenue,Individual Income Taxes,Individual Income Taxes,2016-01-01,2024,both,0.0,0.0,0.0,0.0
revenue,Individual Income Taxes,Individual Income Taxes,2016-01-01,2025,both,0.0,0.0,0.0,0.0
revenue,Individual Income Taxes,Individual Income Taxes,2016-03-01,2016,both,0.0,0.0,0.0,0.0
revenue,Individual Income Taxes,Individual Income Taxes,2016-03-01,2017,both,0.0,0.0,0.0,0.0
revenue,Individual Income Taxes,Individual Income Taxes,2016-03-01,2018,both,0.0,0.0,0.0,0.0
revenue,Individual Income Taxes,Individual Income Taxes,2016-03-01,2019,both,0.0,0.0,0.0,0.0
revenue,Individual Income Taxes,Individual Income Taxes,2016-03-01,2020,both,0.0,0.0,0.0,0.0
revenue,Individual Income Taxes,Individual Income Taxes,2016-03-01,2021,both,0.0,0.0,0.0,0.0
revenue,Individual Income Taxes,Individual Income Taxes,2016-03-01,2022,both,0.0,0.0,0.0,0.0
revenue,Individual Income Taxes,Individual Income Taxes,2016-03-01,2023,both,0.0,0.0,0.0,0.0
revenue,Individual Income Taxes,Individual Income Taxes,2016-03-01,2024,both,0.0,0.0,0.0,0.0
revenue,Individual Income Taxes,Individual Income Taxes,2016-03-01,2025,both,0.0,0.0,0.0,0.0
revenue,Individual Income Taxes,Individual Income Taxes,2017-01-01,2017,both,0.0,0.0,0.0,0.0
revenue,Individual Income Taxes,Individual Income Taxes,2017-01-01,2018,both,0.0,0.0,0.0,0.0
revenue,Individual Income Taxes,Individual Income Taxes,2017-01-01,2019,both,0.0,0.0,0.0,0.0
revenue,Individual Income Taxes,Individual Income Taxes,2017-01-01,2020,both,0.0,0.0,0.0,0.0
revenue,Individual Income Taxes,Individual Income Taxes,2017-01-01,2021,both,0.0,0.0,0.0,0.0
revenue,Individual Income Taxes,Individual Income Taxes,2017-01-01,2022,both,0.0,0.0,0.0,0.0
revenue,Individual Income Taxes,Individual Income Taxes,2017-01-01,2023,both,0.0,0.0,0.0,0.0
revenue,Individual Income Taxes,Individual Income Taxes,2017-01-01,2024,both,0.0,0.0,0.0,0.0
revenue,Individual Income Taxes,Individual Income Taxes,2017-01-01,2025,both,0.0,0.0,0.0,0.0
revenue,Individual Income Taxes,Individual Income Taxes,2017-06-01,2017,both,0.0,0.0,0.0,0.0
revenue,Individual Income Taxes,Individual Income Taxes,2017-06-01,2018,both,0.0,0.0,0.0,0.0
revenue,Individual Income Taxes,Individual Income Taxes,2017-06-01,2019,both,0.0,0.0,0.0,0.0
revenue,Individual Income Taxes,Individual Income Taxes,2017-06-01,2020,both,0.0,0.0,0.0,0.0
revenue,Individual Income Taxes,Individual Income Taxes,2017-06-01,2021,both,0.0,0.0,0.0,0.0
revenue,Individual Income Taxes,Individual Income Taxes,2017-06-01,2022,both,0.0,0.0,0.0,0.0
revenue,Individual Income Taxes,Individual Income Taxes,2017-06-01,2023,both,0.0,0.0,0.0,0.0
revenue,Individual Income Taxes,Individual Income Taxes,2017-06-01,2024,both,0.0,0.0,0.0,0.0
revenue,Individual Income Taxes,Individual Income Taxes,2017-06-01,2025,both,0.0,0.0,0.0,0.0
revenue,Individual Income Taxes,Individual Income Taxes,2018-04-01,2018,both,0.0,0.0,0.0,0.0
revenue,Individual Income Taxes,Individual Income Taxes,2018-04-01,2019,both,0.0,0.0,0.0,0.0
revenue,Individual Income Taxes,Individual Income Taxes,2018-04-01,2020,both,0.0,0.0,0.0,0.0
revenue,Individual Income Taxes,Individual Income Taxes,2018-04-01,2021,both,0.0,0.0,0.0,0.0
revenue,Individual Income Taxes,Individual Income Taxes,2018-04-01,2022,both,0.0,0.0,0.0,0.0
revenue,Individual Income Taxes,Individual Income Taxes,2018-04-01,2023,both,0.0,0.0,0.0,0.0
revenue,Individual Income Taxes,Individual Income Taxes,2018-04-01,2024,both,0.0,0.0,0.0,0.0
revenue,Individual Income Taxes,Individual Income Taxes,2018-04-01,2025,both,0.0,0.0,0.0,0.0
revenue,Individual Income Taxes,Individual Income Taxes,2018-05-01,2018,both,0.0,0.0,0.0,0.0
revenue,Individual Income Taxes,Individual Income Taxes,2018-05-01,2019,both,0.0,0.0,0.0,0.0
revenue,Individual Income Taxes,Individual Income Taxes,2018-05-01,2020,both,0.0,0.0,0.0,0.0
revenue,Individual Income Taxes,Individual Income Taxes,2018-05-01,2021,both,0.0,0.0,0.0,0.0
revenue,Individual Income Taxes,Individual Income Taxes,2018-05-01,2022,both,0.0,0.0,0.0,0.0
revenue,Individual Income Taxes,Individual Income Taxes,2018-05-01,2023,both,0.0,0.0,0.0,0.0
revenue,Individual Income Taxes,Individual Income Taxes,2018-05-01,2024,both,0.0,0.0,0.0,0.0
revenue,Individual Income Taxes,Individual Income Taxes,2018-05-01,2025,both,0.0,0.0,0.0,0.0
revenue,Individual Income Taxes,Individual Income Taxes,2019-01-01,2019,both,0.0,0.0,0.0,0.0
revenue,Individual Income Taxes,Individual Income Taxes,2019-01-01,2020,both,0.0,0.0,0.0,0.0
revenue,Individual Income Taxes,Individual Income Taxes,2019-01-01,2021,both,0.0,0.0,0.0,0.0
revenue,Individual Income Taxes,Individual Income Taxes,2019-01-01,2022,both,0.0,0.0,0.0,0.0
revenue,Individual Income Taxes,Individual Income Taxes,2019-01-01,2023,both,0.0,0.0,0.0,0.0
revenue,Individual Income Taxes,Individual Income Taxes,2019-01-01,2024,both,0.0,0.0,0.0,0.0
revenue,Individual Income Taxes,Individual Income Taxes,2019-01-01,2025,both,0.0,0.0,0.0,0.0
revenue,Individual Income Taxes,Individual Income Taxes,2019-05-01,2019,both,0.0,0.0,0.0,0.0
revenue,Individual Income Taxes,Individual Income Taxes,2019-05-01,2020,both,0.0,0.0,0.0,0.0
revenue,Individual Income Taxes,Individual Income Taxes,2019-05-01,2021,both,0.0,0.0,0.0,0.0
revenue,Individual Income Taxes,Individual Income Taxes,2019-05-01,2022,both,0.0,0.0,0.0,0.0
revenue,Individual Income Taxes,Individual Income Taxes,2019-05-01,2023,both,0.0,0.0,0.0,0.0
revenue,Individual Income Taxes,Individual Income Taxes,2019-05-01,2024,both,0.0,0.0,0.0,0.0
revenue,Individual Income Taxes,Individual Income Taxes,2019-05-01,2025,both,0.0,0.0,0.0,0.0
revenue,Individual Income Taxes,Individual Income Taxes,2020-01-01,2020,both,0.0,0.0,0.0,0.0
revenue,Individual Income Taxes,Individual Income Taxes,2020-01-01,2021,both,0.0,0.0,0.0,0.0
revenue,Individual Income Taxes,Individual Income Taxes,2020-01-01,2022,both,0.0,0.0,0.0,0.0
revenue,Individual Income Taxes,Individual Income Taxes,2020-01-01,2023,both,0.0,0.0,0.0,0.0
revenue,Individual Income Taxes,Individual Income Taxes,2020-01-01,2024,both,0.0,0.0,0.0,0.0
revenue,Individual Income Taxes,Individual Income Taxes,2020-01-01,2025,both,0.0,0.0,0.0,0.0
revenue,Individual Income Taxes,Individual Income Taxes,2020-03-01,2020,both,0.0,0.0,0.0,0.0
revenue,Individual Income Taxes,Individual Income Taxes,2020-03-01,2021,both,0.0,0.0,0.0,0.0
revenue,Individual Income Taxes,Individual Income Taxes,2020-03-01,2022,both,0.0,0.0,0.0,0.0
revenue,Individual Income Taxes,Individual Income Taxes,2020-03-01,2023,both,0.0,0.0,0.0,0.0
revenue,Individual Income Taxes,Individual Income Taxes,2020-03-01,2024,both,0.0,0.0,0.0,0.0
revenue,Individual Income Taxes,Individual Income Taxes,2020-03-01,2025,both,0.0,0.0,0.0,0.0
revenue,Individual Income Taxes,Individual Income Taxes,2021-02-01,2021,both,0.0,0.0,0.0,0.0
revenue,Individual Income Taxes,Individual Income Taxes,2021-02-01,2022,both,0.0,0.0,0.0,0.0
revenue,Individual Income Taxes,Individual Income Taxes,2021-02-01,2023,both,0.0,0.0,0.0,0.0
revenue,Individual Income Taxes,Individual Income Taxes,2021-02-01,2024,both,0.0,0.0,0.0,0.0
revenue,Individual Income Taxes,Individual Income Taxes,2021-02-01,2025,both,0.0,0.0,0.0,0.0
revenue,Individual Income Taxes,Individual Income Taxes,2021-07-01,2021,both,0.0,0.0,0.0,0.0
revenue,Individual Income Taxes,Individual Income Taxes,2021-07-01,2022,both,0.0,0.0,0.0,0.0
revenue,Individual Income Taxes,Individual Income Taxes,2021-07-01,2023,both,0.0,0.0,0.0,0.0
revenue,Individual Income Taxes,Individual Income Taxes,2021-07-01,2024,both,0.0,0.0,0.0,0.0
revenue,Individual Income Taxes,Individual Income Taxes,2021-07-01,2025,both,0.0,0.0,0.0,0.0
revenue,Individual Income Taxes,Individual Income Taxes,2022-05-01,2022,both,0.0,0.0,0.0,0.0
revenue,Individual Income Taxes,Individual Income Taxes,2022-05-01,2023,both,0.0,0.0,0.0,0.0
revenue,Individual Income Taxes,Individual Income Taxes,2022-05-01,2024,both,0.0,0.0,0.0,0.0
revenue,Individual Income Taxes,Individual Income Taxes,2022-05-01,2025,both,0.0,0.0,0.0,0.0
revenue,Individual Income Taxes,Individual Income Taxes,2023-02-01,2023,both,0.0,0.0,0.0,0.0
revenue,Individual Income Taxes,Individual Income Taxes,2023-02-01,2024,both,0.0,0.0,0.0,0.0
revenue,Individual Income Taxes,Individual Income Taxes,2023-02-01,2025,both,0.0,0.0,0.0,0.0
revenue,Individual Income Taxes,Individual Income Taxes,2023-05-01,2023,both,0.0,0.0,0.0,0.0
revenue,Individual Income Taxes,Individual Income Taxes,2023-05-01,2024,both,0.0,0.0,0.0,0.0
revenue,Individual Income Taxes,Individual Income Taxes,2023-05-01,2025,both,0.0,0.0,0.0,0.0
revenue,Individual Income Taxes,Individual Income Taxes,2024-02-01,2024,both,0.0,0.0,0.0,0.0
revenue,Individual Income Taxes,Individual Income Taxes,2024-02-01,2025,both,0.0,0.0,0.0,0.0
revenue,Individual Income Taxes,Individual Income Taxes,2024-06-01,2024,both,0.0,0.0,0.0,0.0
revenue,Individual Income Taxes,Individual Income Taxes,2024-06-01,2025,both,0.0,0.0,0.0,0.0
revenue,Individual Income Taxes,Individual Income Taxes,2025-01-01,2025,both,0.0,0.0,0.0,0.0
revenue,Miscellaneous Receipts,Miscellaneous Receipts,1982-02-01,1982,both,0.0,0.0,0.0,0.0
revenue,Miscellaneous Receipts,Miscellaneous Receipts,1982-02-01,1983,both,0.0,0.0,0.0,0.0
revenue,Miscellaneous Receipts,Miscellaneous Receipts,1982-02-01,1984,both,0.0,0.0,0.0,0.0
revenue,Miscellaneous Receipts,Miscellaneous Receipts,1982-02-01,1985,both,0.0,0.0,0.0,0.0
revenue,Miscellaneous Receipts,Miscellaneous Receipts,1982-02-01,1986,both,0.0,0.0,0.0,0.0
revenue,Miscellaneous Receipts,Miscellaneous Receipts,1982-02-01,1987,both,0.0,0.0,0.0,0.0
revenue,Miscellaneous Receipts,Miscellaneous Receipts,1983-02-01,1983,both,0.0,0.0,0.0,0.0
revenue,Miscellaneous Receipts,Miscellaneous Receipts,1983-02-01,1984,both,0.0,0.0,0.0,0.0
revenue,Miscellaneous Receipts,Miscellaneous Receipts,1983-02-01,1985,both,0.0,0.0,0.0,0.0
revenue,Miscellaneous Receipts,Miscellaneous Receipts,1983-02-01,1986,both,0.0,0.0,0.0,0.0
revenue,Miscellaneous Receipts,Miscellaneous Receipts,1983-02-01,1987,both,0.0,0.0,0.0,0.0
revenue,Miscellaneous Receipts,Miscellaneous Receipts,1983-02-01,1988,both,0.0,0.0,0.0,0.0
revenue,Miscellaneous Receipts,Miscellaneous Receipts,1984-02-01,1984,both,0.0,0.0,0.0,0.0
revenue,Miscellaneous Receipts,Miscellaneous Receipts,1984-02-01,1985,both,0.0,0.0,0.0,0.0
revenue,Miscellaneous Receipts,Miscellaneous Receipts,1984-02-01,1986,both,0.0,0.0,0.0,0.0
revenue,Miscellaneous Receipts,Miscellaneous Receipts,1984-02-01,1987,both,0.0,0.0,0.0,0.0
revenue,Miscellaneous Receipts,Miscellaneous Receipts,1984-02-01,1988,both,0.0,0.0,0.0,0.0
revenue,Miscellaneous Receipts,Miscellaneous Receipts,1984-02-01,1989,both,0.0,0.0,0.0,0.0
revenue,Miscellaneous Receipts,Miscellaneous Receipts,1985-02-01,1985,both,0.0,0.0,0.0,0.0
revenue,Miscellaneous Receipts,Miscellaneous Receipts,1985-02-01,1986,both,0.0,0.0,0.0,0.0
revenue,Miscellaneous Receipts,Miscellaneous Receipts,1985-02-01,1987,both,0.0,0.0,0.0,0.0
revenue,Miscellaneous Receipts,Miscellaneous Receipts,1985-02-01,1988,both,0.0,0.0,0.0,0.0
revenue,Miscellaneous Receipts,Miscellaneous Receipts,1985-02-01,1989,both,0.0,0.0,0.0,0.0
revenue,Miscellaneous Receipts,Miscellaneous Receipts,1985-02-01,1990,both,0.0,0.0,0.0,0.0
revenue,Miscellaneous Receipts,Miscellaneous Receipts,1986-02-01,1986,both,0.0,0.0,0.0,0.0
revenue,Miscellaneous Receipts,Miscellaneous Receipts,1986-02-01,1987,both,0.0,0.0,0.0,0.0
revenue,Miscellaneous Receipts,Miscellaneous Receipts,1986-02-01,1988,both,0.0,0.0,0.0,0.0
revenue,Miscellaneous Receipts,Miscellaneous Receipts,1986-02-01,1989,both,0.0,0.0,0.0,0.0
revenue,Miscellaneous Receipts,Miscellaneous Receipts,1986-02-01,1990,both,0.0,0.0,0.0,0.0
revenue,Miscellaneous Receipts,Miscellaneous Receipts,1986-02-01,1991,both,0.0,0.0,0.0,0.0
revenue,Miscellaneous Receipts,Miscellaneous Receipts,1987-01-01,1987,both,0.0,0.0,0.0,0.0
revenue,Miscellaneous Receipts,Miscellaneous Receipts,1987-01-01,1988,both,0.0,0.0,0.0,0.0
revenue,Miscellaneous Receipts,Miscellaneous Receipts,1987-01-01,1989,both,0.0,0.0,0.0,0.0
revenue,Miscellaneous Receipts,Miscellaneous Receipts,1987-01-01,1990,both,0.0,0.0,0.0,0.0
revenue,Miscellaneous Receipts,Miscellaneous Receipts,1987-01-01,1991,both,0.0,0.0,0.0,0.0
revenue,Miscellaneous Receipts,Miscellaneous Receipts,1987-01-01,1992,both,0.0,0.0,0.0,0.0
revenue,Miscellaneous Receipts,Miscellaneous Receipts,1988-02-01,1988,both,0.0,0.0,0.0,0.0
revenue,Miscellaneous Receipts,Miscellaneous Receipts,1988-02-01,1989,both,0.0,0.0,0.0,0.0
revenue,Miscellaneous Receipts,Miscellaneous Receipts,1988-02-01,1990,both,0.0,0.0,0.0,0.0
revenue,Miscellaneous Receipts,Miscellaneous Receipts,1988-02-01,1991,both,0.0,0.0,0.0,0.0
revenue,Miscellaneous Receipts,Miscellaneous Receipts,1988-02-01,1992,both,0.0,0.0,0.0,0.0
revenue,Miscellaneous Receipts,Miscellaneous Receipts,1988-02-01,1993,both,0.0,0.0,0.0,0.0
revenue,Miscellaneous Receipts,Miscellaneous Receipts,1989-01-01,1989,both,0.0,0.0,0.0,0.0
revenue,Miscellaneous Receipts,Miscellaneous Receipts,1989-01-01,1990,both,0.0,0.0,0.0,0.0
revenue,Miscellaneous Receipts,Miscellaneous Receipts,1989-01-01,1991,both,0.0,0.0,0.0,0.0
revenue,Miscellaneous Receipts,Miscellaneous Receipts,1989-01-01,1992,both,0.0,0.0,0.0,0.0
revenue,Miscellaneous Receipts,Miscellaneous Receipts,1989-01-01,1993,both,0.0,0.0,0.0,0.0
revenue,Miscellaneous Receipts,Miscellaneous Receipts,1989-01-01,1994,both,0.0,0.0,0.0,0.0
revenue,Miscellaneous Receipts,Miscellaneous Receipts,1990-01-01,1990,both,0.0,0.0,0.0,0.0
revenue,Miscellaneous Receipts,Miscellaneous Receipts,1990-01-01,1991,both,0.0,0.0,0.0,0.0
revenue,Miscellaneous Receipts,Miscellaneous Receipts,1990-01-01,1992,both,0.0,0.0,0.0,0.0
revenue,Miscellaneous Receipts,Miscellaneous Receipts,1990-01-01,1993,both,0.0,0.0,0.0,0.0
revenue,Miscellaneous Receipts,Miscellaneous Receipts,1990-01-01,1994,both,0.0,0.0,0.0,0.0
revenue,Miscellaneous Receipts,Miscellaneous Receipts,1990-01-01,1995,both,0.0,0.0,0.0,0.0
revenue,Miscellaneous Receipts,Miscellaneous Receipts,1991-01-01,1991,both,0.0,0.0,0.0,0.0
revenue,Miscellaneous Receipts,Miscellaneous Receipts,1991-01-01,1992,both,0.0,0.0,0.0,0.0
revenue,Miscellaneous Receipts,Miscellaneous Receipts,1991-01-01,1993,both,0.0,0.0,0.0,0.0
revenue,Miscellaneous Receipts,Miscellaneous Receipts,1991-01-01,1994,both,0.0,0.0,0.0,0.0
revenue,Miscellaneous Receipts,Miscellaneous Receipts,1991-01-01,1995,both,0.0,0.0,0.0,0.0
revenue,Miscellaneous Receipts,Miscellaneous Receipts,1991-01-01,1996,both,0.0,0.0,0.0,0.0
revenue,Miscellaneous Receipts,Miscellaneous Receipts,1992-01-01,1992,both,0.0,0.0,0.0,0.0
revenue,Miscellaneous Receipts,Miscellaneous Receipts,1992-01-01,1993,both,0.0,0.0,0.0,0.0
revenue,Miscellaneous Receipts,Miscellaneous Receipts,1992-01-01,1994,both,0.0,0.0,0.0,0.0
revenue,Miscellaneous Receipts,Miscellaneous Receipts,1992-01-01,1995,both,0.0,0.0,0.0,0.0
revenue,Miscellaneous Receipts,Miscellaneous Receipts,1992-01-01,1996,both,0.0,0.0,0.0,0.0
revenue,Miscellaneous Receipts,Miscellaneous Receipts,1992-01-01,1997,both,0.0,0.0,0.0,0.0
revenue,Miscellaneous Receipts,Miscellaneous Receipts,1992-01-01,1998,both,0.0,0.0,0.0,0.0
revenue,Miscellaneous Receipts,Miscellaneous Receipts,1992-01-01,1999,both,0.0,0.0,0.0,0.0
revenue,Miscellaneous Receipts,Miscellaneous Receipts,1992-01-01,2000,both,0.0,0.0,0.0,0.0
revenue,Miscellaneous Receipts,Miscellaneous Receipts,1992-01-01,2001,both,0.0,0.0,0.0,0.0
revenue,Miscellaneous Receipts,Miscellaneous Receipts,1992-01-01,2002,both,0.0,0.0,0.0,0.0
revenue,Miscellaneous Receipts,Miscellaneous Receipts,1992-03-01,1992,both,0.0,0.0,0.0,0.0
revenue,Miscellaneous Receipts,Miscellaneous Receipts,1992-03-01,1993,both,0.0,0.0,0.0,0.0
revenue,Miscellaneous Receipts,Miscellaneous Receipts,1992-03-01,1994,both,0.0,0.0,0.0,0.0
revenue,Miscellaneous Receipts,Miscellaneous Receipts,1992-03-01,1995,both,0.0,0.0,0.0,0.0
revenue,Miscellaneous Receipts,Miscellaneous Receipts,1992-03-01,1996,both,0.0,0.0,0.0,0.0
revenue,Miscellaneous Receipts,Miscellaneous Receipts,1992-03-01,1997,both,0.0,0.0,0.0,0.0
revenue,Miscellaneous Receipts,Miscellaneous Receipts,1993-01-01,1993,both,0.0,0.0,0.0,0.0
revenue,Miscellaneous Receipts,Miscellaneous Receipts,1993-01-01,1994,both,0.0,0.0,0.0,0.0
revenue,Miscellaneous Receipts,Miscellaneous Receipts,1993-01-01,1995,both,0.0,0.0,0.0,0.0
revenue,Miscellaneous Receipts,Miscellaneous Receipts,1993-01-01,1996,both,0.0,0.0,0.0,0.0
revenue,Miscellaneous Receipts,Miscellaneous Receipts,1993-01-01,1997,both,0.0,0.0,0.0,0.0
revenue,Miscellaneous Receipts,Miscellaneous Receipts,1993-01-01,1998,both,0.0,0.0,0.0,0.0
revenue,Miscellaneous Receipts,Miscellaneous Receipts,1993-01-01,1999,both,0.0,0.0,0.0,0.0
revenue,Miscellaneous Receipts,Miscellaneous Receipts,1993-01-01,2000,both,0.0,0.0,0.0,0.0
revenue,Miscellaneous Receipts,Miscellaneous Receipts,1993-01-01,2001,both,0.0,0.0,0.0,0.0
revenue,Miscellaneous Receipts,Miscellaneous Receipts,1993-01-01,2002,both,0.0,0.0,0.0,0.0
revenue,Miscellaneous Receipts,Miscellaneous Receipts,1993-01-01,2003,both,0.0,0.0,0.0,0.0
revenue,Miscellaneous Receipts,Miscellaneous Receipts,1993-03-01,1993,both,0.0,0.0,0.0,0.0
revenue,Miscellaneous Receipts,Miscellaneous Receipts,1993-03-01,1994,both,0.0,0.0,0.0,0.0
revenue,Miscellaneous Receipts,Miscellaneous Receipts,1993-03-01,1995,both,0.0,0.0,0.0,0.0
revenue,Miscellaneous Receipts,Miscellaneous Receipts,1993-03-01,1996,both,0.0,0.0,0.0,0.0
revenue,Miscellaneous Receipts,Miscellaneous Receipts,1993-03-01,1997,both,0.0,0.0,0.0,0.0
revenue,Miscellaneous Receipts,Miscellaneous Receipts,1993-03-01,1998,both,0.0,0.0,0.0,0.0
revenue,Miscellaneous Receipts,Miscellaneous Receipts,1993-03-01,1999,both,0.0,0.0,0.0,0.0
revenue,Miscellaneous Receipts,Miscellaneous Receipts,1993-03-01,2000,both,0.0,0.0,0.0,0.0
revenue,Miscellaneous Receipts,Miscellaneous Receipts,1993-03-01,2001,both,0.0,0.0,0.0,0.0
revenue,Miscellaneous Receipts,Miscellaneous Receipts,1993-03-01,2002,both,0.0,0.0,0.0,0.0
revenue,Miscellaneous Receipts,Miscellaneous Receipts,1993-03-01,2003,both,0.0,0.0,0.0,0.0
revenue,Miscellaneous Receipts,Miscellaneous Receipts,1994-01-01,1994,both,0.0,0.0,0.0,0.0
revenue,Miscellaneous Receipts,Miscellaneous Receipts,1994-01-01,1995,both,0.0,0.0,0.0,0.0
revenue,Miscellaneous Receipts,Miscellaneous Receipts,1994-01-01,1996,both,0.0,0.0,0.0,0.0
revenue,Miscellaneous Receipts,Miscellaneous Receipts,1994-01-01,1997,both,0.0,0.0,0.0,0.0
revenue,Miscellaneous Receipts,Miscellaneous Receipts,1994-01-01,1998,both,0.0,0.0,0.0,0.0
revenue,Miscellaneous Receipts,Miscellaneous Receipts,1994-01-01,1999,both,0.0,0.0,0.0,0.0
revenue,Miscellaneous Receipts,Miscellaneous Receipts,1994-01-01,2000,both,0.0,0.0,0.0,0.0
revenue,Miscellaneous Receipts,Miscellaneous Receipts,1994-01-01,2001,both,0.0,0.0,0.0,0.0
revenue,Miscellaneous Receipts,Miscellaneous Receipts,1994-01-01,2002,both,0.0,0.0,0.0,0.0
revenue,Miscellaneous Receipts,Miscellaneous Receipts,1994-01-01,2003,both,0.0,0.0,0.0,0.0
revenue,Miscellaneous Receipts,Miscellaneous Receipts,1994-01-01,2004,both,0.0,0.0,0.0,0.0
revenue,Miscellaneous Receipts,Miscellaneous Receipts,1995-01-01,1995,both,0.0,0.0,0.0,0.0
revenue,Miscellaneous Receipts,Miscellaneous Receipts,1995-01-01,1996,both,0.0,0.0,0.0,0.0
revenue,Miscellaneous Receipts,Miscellaneous Receipts,1995-01-01,1997,both,0.0,0.0,0.0,0.0
revenue,Miscellaneous Receipts,Miscellaneous Receipts,1995-01-01,1998,both,0.0,0.0,0.0,0.0
revenue,Miscellaneous Receipts,Miscellaneous Receipts,1995-01-01,1999,both,0.0,0.0,0.0,0.0
revenue,Miscellaneous Receipts,Miscellaneous Receipts,1995-01-01,2000,both,0.0,0.0,0.0,0.0
revenue,Miscellaneous Receipts,Miscellaneous Receipts,1995-01-01,2001,both,0.0,0.0,0.0,0.0
revenue,Miscellaneous Receipts,Miscellaneous Receipts,1995-01-01,2002,both,0.0,0.0,0.0,0.0
revenue,Miscellaneous Receipts,Miscellaneous Receipts,1995-01-01,2003,both,0.0,0.0,0.0,0.0
revenue,Miscellaneous Receipts,Miscellaneous Receipts,1995-01-01,2004,both,0.0,0.0,0.0,0.0
revenue,Miscellaneous Receipts,Miscellaneous Receipts,1995-01-01,2005,both,0.0,0.0,0.0,0.0
revenue,Miscellaneous Receipts,Miscellaneous Receipts,1996-05-01,1996,both,0.0,0.0,0.0,0.0
revenue,Miscellaneous Receipts,Miscellaneous Receipts,1996-05-01,1997,both,0.0,0.0,0.0,0.0
revenue,Miscellaneous Receipts,Miscellaneous Receipts,1996-05-01,1998,both,0.0,0.0,0.0,0.0
revenue,Miscellaneous Receipts,Miscellaneous Receipts,1996-05-01,1999,both,0.0,0.0,0.0,0.0
revenue,Miscellaneous Receipts,Miscellaneous Receipts,1996-05-01,2000,both,0.0,0.0,0.0,0.0
revenue,Miscellaneous Receipts,Miscellaneous Receipts,1996-05-01,2001,both,0.0,0.0,0.0,0.0
revenue,Miscellaneous Receipts,Miscellaneous Receipts,1996-05-01,2002,both,0.0,0.0,0.0,0.0
revenue,Miscellaneous Receipts,Miscellaneous Receipts,1996-05-01,2003,both,0.0,0.0,0.0,0.0
revenue,Miscellaneous Receipts,Miscellaneous Receipts,1996-05-01,2004,both,0.0,0.0,0.0,0.0
revenue,Miscellaneous Receipts,Miscellaneous Receipts,1996-05-01,2005,both,0.0,0.0,0.0,0.0
revenue,Miscellaneous Receipts,Miscellaneous Receipts,1996-05-01,2006,both,0.0,0.0,0.0,0.0
revenue,Miscellaneous Receipts,Miscellaneous Receipts,1997-01-01,1997,both,0.0,0.0,0.0,0.0
revenue,Miscellaneous Receipts,Miscellaneous Receipts,1997-01-01,1998,both,0.0,0.0,0.0,0.0
revenue,Miscellaneous Receipts,Miscellaneous Receipts,1997-01-01,1999,both,0.0,0.0,0.0,0.0
revenue,Miscellaneous Receipts,Miscellaneous Receipts,1997-01-01,2000,both,0.0,0.0,0.0,0.0
revenue,Miscellaneous Receipts,Miscellaneous Receipts,1997-01-01,2001,both,0.0,0.0,0.0,0.0
revenue,Miscellaneous Receipts,Miscellaneous Receipts,1997-01-01,2002,both,0.0,0.0,0.0,0.0
revenue,Miscellaneous Receipts,Miscellaneous Receipts,1997-01-01,2003,both,0.0,0.0,0.0,0.0
revenue,Miscellaneous Receipts,Miscellaneous Receipts,1997-01-01,2004,both,0.0,0.0,0.0,0.0
revenue,Miscellaneous Receipts,Miscellaneous Receipts,1997-01-01,2005,both,0.0,0.0,0.0,0.0
revenue,Miscellaneous Receipts,Miscellaneous Receipts,1997-01-01,2006,both,0.0,0.0,0.0,0.0
revenue,Miscellaneous Receipts,Miscellaneous Receipts,1997-01-01,2007,both,0.0,0.0,0.0,0.0
revenue,Miscellaneous Receipts,Miscellaneous Receipts,1997-03-01,1997,both,0.0,0.0,0.0,0.0
revenue,Miscellaneous Receipts,Miscellaneous Receipts,1997-03-01,1998,both,0.0,0.0,0.0,0.0
revenue,Miscellaneous Receipts,Miscellaneous Receipts,1997-03-01,1999,both,0.0,0.0,0.0,0.0
revenue,Miscellaneous Receipts,Miscellaneous Receipts,1997-03-01,2000,both,0.0,0.0,0.0,0.0
revenue,Miscellaneous Receipts,Miscellaneous Receipts,1997-03-01,2001,both,0.0,0.0,0.0,0.0
revenue,Miscellaneous Receipts,Miscellaneous Receipts,1997-03-01,2002,both,0.0,0.0,0.0,0.0
revenue,Miscellaneous Receipts,Miscellaneous Receipts,1997-03-01,2003,both,0.0,0.0,0.0,0.0
revenue,Miscellaneous Receipts,Miscellaneous Receipts,1997-03-01,2004,both,0.0,0.0,0.0,0.0
revenue,Miscellaneous Receipts,Miscellaneous Receipts,1997-03-01,2005,both,0.0,0.0,0.0,0.0
revenue,Miscellaneous Receipts,Miscellaneous Receipts,1997-03-01,2006,both,0.0,0.0,0.0,0.0
revenue,Miscellaneous Receipts,Miscellaneous Receipts,1997-03-01,2007,both,0.0,0.0,0.0,0.0
revenue,Miscellaneous Receipts,Miscellaneous Receipts,1998-01-01,1998,both,0.0,0.0,0.0,0.0
revenue,Miscellaneous Receipts,Miscellaneous Receipts,1998-01-01,1999,both,0.0,0.0,0.0,0.0
revenue,Miscellaneous Receipts,Miscellaneous Receipts,1998-01-01,2000,both,0.0,0.0,0.0,0.0
revenue,Miscellaneous Receipts,Miscellaneous Receipts,1998-01-01,2001,both,0.0,0.0,0.0,0.0
revenue,Miscellaneous Receipts,Miscellaneous Receipts,1998-01-01,2002,both,0.0,0.0,0.0,0.0
revenue,Miscellaneous Receipts,Miscellaneous Receipts,1998-01-01,2003,both,0.0,0.0,0.0,0.0
revenue,Miscellaneous Receipts,Miscellaneous Receipts,1998-01-01,2004,both,0.0,0.0,0.0,0.0
revenue,Miscellaneous Receipts,Miscellaneous Receipts,1998-01-01,2005,both,0.0,0.0,0.0,0.0
revenue,Miscellaneous Receipts,Miscellaneous Receipts,1998-01-01,2006,both,0.0,0.0,0.0,0.0
revenue,Miscellaneous Receipts,Miscellaneous Receipts,1998-01-01,2007,both,0.0,0.0,0.0,0.0
revenue,Miscellaneous Receipts,Miscellaneous Receipts,1998-01-01,2008,both,0.0,0.0,0.0,0.0
revenue,Miscellaneous Receipts,Miscellaneous Receipts,1998-03-01,1998,both,0.0,0.0,0.0,0.0
revenue,Miscellaneous Receipts,Miscellaneous Receipts,1998-03-01,1999,both,0.0,0.0,0.0,0.0
revenue,Miscellaneous Receipts,Miscellaneous Receipts,1998-03-01,2000,both,0.0,0.0,0.0,0.0
revenue,Miscellaneous Receipts,Miscellaneous Receipts,1998-03-01,2001,both,0.0,0.0,0.0,0.0
revenue,Miscellaneous Receipts,Miscellaneous Receipts,1998-03-01,2002,both,0.0,0.0,0.0,0.0
revenue,Miscellaneous Receipts,Miscellaneous Receipts,1998-03-01,2003,both,0.0,0.0,0.0,0.0
revenue,Miscellaneous Receipts,Miscellaneous Receipts,1998-03-01,2004,both,0.0,0.0,0.0,0.0
revenue,Miscellaneous Receipts,Miscellaneous Receipts,1998-03-01,2005,both,0.0,0.0,0.0,0.0
revenue,Miscellaneous Receipts,Miscellaneous Receipts,1998-03-01,2006,both,0.0,0.0,0.0,0.0
revenue,Miscellaneous Receipts,Miscellaneous Receipts,1998-03-01,2007,both,0.0,0.0,0.0,0.0
revenue,Miscellaneous Receipts,Miscellaneous Receipts,1998-03-01,2008,both,0.0,0.0,0.0,0.0
revenue,Miscellaneous Receipts,Miscellaneous Receipts,1999-01-01,1999,both,0.0,0.0,0.0,0.0
revenue,Miscellaneous Receipts,Miscellaneous Receipts,1999-01-01,2000,both,0.0,0.0,0.0,0.0
revenue,Miscellaneous Receipts,Miscellaneous Receipts,1999-01-01,2001,both,0.0,0.0,0.0,0.0
revenue,Miscellaneous Receipts,Miscellaneous Receipts,1999-01-01,2002,both,0.0,0.0,0.0,0.0
revenue,Miscellaneous Receipts,Miscellaneous Receipts,1999-01-01,2003,both,0.0,0.0,0.0,0.0
revenue,Miscellaneous Receipts,Miscellaneous Receipts,1999-01-01,2004,both,0.0,0.0,0.0,0.0
revenue,Miscellaneous Receipts,Miscellaneous Receipts,1999-01-01,2005,both,0.0,0.0,0.0,0.0
revenue,Miscellaneous Receipts,Miscellaneous Receipts,1999-01-01,2006,both,0.0,0.0,0.0,0.0
revenue,Miscellaneous Receipts,Miscellaneous Receipts,1999-01-01,2007,both,0.0,0.0,0.0,0.0
revenue,Miscellaneous Receipts,Miscellaneous Receipts,1999-01-01,2008,both,0.0,0.0,0.0,0.0
revenue,Miscellaneous Receipts,Miscellaneous Receipts,1999-01-01,2009,both,0.0,0.0,0.0,0.0
revenue,Miscellaneous Receipts,Miscellaneous Receipts,2000-01-01,2000,both,0.0,0.0,0.0,0.0
revenue,Miscellaneous Receipts,Miscellaneous Receipts,2000-01-01,2001,both,0.0,0.0,0.0,0.0
revenue,Miscellaneous Receipts,Miscellaneous Receipts,2000-01-01,2002,both,0.0,0.0,0.0,0.0
revenue,Miscellaneous Receipts,Miscellaneous Receipts,2000-01-01,2003,both,0.0,0.0,0.0,0.0
revenue,Miscellaneous Receipts,Miscellaneous Receipts,2000-01-01,2004,both,0.0,0.0,0.0,0.0
revenue,Miscellaneous Receipts,Miscellaneous Receipts,2000-01-01,2005,both,0.0,0.0,0.0,0.0
revenue,Miscellaneous Receipts,Miscellaneous Receipts,2000-01-01,2006,both,0.0,0.0,0.0,0.0
revenue,Miscellaneous Receipts,Miscellaneous Receipts,2000-01-01,2007,both,0.0,0.0,0.0,0.0
revenue,Miscellaneous Receipts,Miscellaneous Receipts,2000-01-01,2008,both,0.0,0.0,0.0,0.0
revenue,Miscellaneous Receipts,Miscellaneous Receipts,2000-01-01,2009,both,0.0,0.0,0.0,0.0
revenue,Miscellaneous Receipts,Miscellaneous Receipts,2000-01-01,2010,both,0.0,0.0,0.0,0.0
revenue,Miscellaneous Receipts,Miscellaneous Receipts,2001-01-01,2001,both,0.0,0.0,0.0,0.0
revenue,Miscellaneous Receipts,Miscellaneous Receipts,2001-01-01,2002,both,0.0,0.0,0.0,0.0
revenue,Miscellaneous Receipts,Miscellaneous Receipts,2001-01-01,2003,both,0.0,0.0,0.0,0.0
revenue,Miscellaneous Receipts,Miscellaneous Receipts,2001-01-01,2004,both,0.0,0.0,0.0,0.0
revenue,Miscellaneous Receipts,Miscellaneous Receipts,2001-01-01,2005,both,0.0,0.0,0.0,0.0
revenue,Miscellaneous Receipts,Miscellaneous Receipts,2001-01-01,2006,both,0.0,0.0,0.0,0.0
revenue,Miscellaneous Receipts,Miscellaneous Receipts,2001-01-01,2007,both,0.0,0.0,0.0,0.0
revenue,Miscellaneous Receipts,Miscellaneous Receipts,2001-01-01,2008,both,0.0,0.0,0.0,0.0
revenue,Miscellaneous Receipts,Miscellaneous Receipts,2001-01-01,2009,both,0.0,0.0,0.0,0.0
revenue,Miscellaneous Receipts,Miscellaneous Receipts,2001-01-01,2010,both,0.0,0.0,0.0,0.0
revenue,Miscellaneous Receipts,Miscellaneous Receipts,2001-01-01,2011,both,0.0,0.0,0.0,0.0
revenue,Miscellaneous Receipts,Miscellaneous Receipts,2001-05-01,2001,both,0.0,0.0,0.0,0.0
revenue,Miscellaneous Receipts,Miscellaneous Receipts,2001-05-01,2002,both,0.0,0.0,0.0,0.0
revenue,Miscellaneous Receipts,Miscellaneous Receipts,2001-05-01,2003,both,0.0,0.0,0.0,0.0
revenue,Miscellaneous Receipts,Miscellaneous Receipts,2001-05-01,2004,both,0.0,0.0,0.0,0.0
revenue,Miscellaneous Receipts,Miscellaneous Receipts,2001-05-01,2005,both,0.0,0.0,0.0,0.0
revenue,Miscellaneous Receipts,Miscellaneous Receipts,2001-05-01,2006,both,0.0,0.0,0.0,0.0
revenue,Miscellaneous Receipts,Miscellaneous Receipts,2001-05-01,2007,both,0.0,0.0,0.0,0.0
revenue,Miscellaneous Receipts,Miscellaneous Receipts,2001-05-01,2008,both,0.0,0.0,0.0,0.0
revenue,Miscellaneous Receipts,Miscellaneous Receipts,2001-05-01,2009,both,0.0,0.0,0.0,0.0
revenue,Miscellaneous Receipts,Miscellaneous Receipts,2001-05-01,2010,both,0.0,0.0,0.0,0.0
revenue,Miscellaneous Receipts,Miscellaneous Receipts,2001-05-01,2011,both,0.0,0.0,0.0,0.0
revenue,Miscellaneous Receipts,Miscellaneous Receipts,2002-01-01,2002,both,0.0,0.0,0.0,0.0
revenue,Miscellaneous Receipts,Miscellaneous Receipts,2002-01-01,2003,both,0.0,0.0,0.0,0.0
revenue,Miscellaneous Receipts,Miscellaneous Receipts,2002-01-01,2004,both,0.0,0.0,0.0,0.0
revenue,Miscellaneous Receipts,Miscellaneous Receipts,2002-01-01,2005,both,0.0,0.0,0.0,0.0
revenue,Miscellaneous Receipts,Miscellaneous Receipts,2002-01-01,2006,both,0.0,0.0,0.0,0.0
revenue,Miscellaneous Receipts,Miscellaneous Receipts,2002-01-01,2007,both,0.0,0.0,0.0,0.0
revenue,Miscellaneous Receipts,Miscellaneous Receipts,2002-01-01,2008,both,0.0,0.0,0.0,0.0
revenue,Miscellaneous Receipts,Miscellaneous Receipts,2002-01-01,2009,both,0.0,0.0,0.0,0.0
revenue,Miscellaneous Receipts,Miscellaneous Receipts,2002-01-01,2010,both,0.0,0.0,0.0,0.0
revenue,Miscellaneous Receipts,Miscellaneous Receipts,2002-01-01,2011,both,0.0,0.0,0.0,0.0
revenue,Miscellaneous Receipts,Miscellaneous Receipts,2002-01-01,2012,both,0.0,0.0,0.0,0.0
revenue,Miscellaneous Receipts,Miscellaneous Receipts,2002-03-01,2002,both,0.0,0.0,0.0,0.0
revenue,Miscellaneous Receipts,Miscellaneous Receipts,2002-03-01,2003,both,0.0,0.0,0.0,0.0
revenue,Miscellaneous Receipts,Miscellaneous Receipts,2002-03-01,2004,both,0.0,0.0,0.0,0.0
revenue,Miscellaneous Receipts,Miscellaneous Receipts,2002-03-01,2005,both,0.0,0.0,0.0,0.0
revenue,Miscellaneous Receipts,Miscellaneous Receipts,2002-03-01,2006,both,0.0,0.0,0.0,0.0
revenue,Miscellaneous Receipts,Miscellaneous Receipts,2002-03-01,2007,both,0.0,0.0,0.0,0.0
revenue,Miscellaneous Receipts,Miscellaneous Receipts,2002-03-01,2008,both,0.0,0.0,0.0,0.0
revenue,Miscellaneous Receipts,Miscellaneous Receipts,2002-03-01,2009,both,0.0,0.0,0.0,0.0
revenue,Miscellaneous Receipts,Miscellaneous Receipts,2002-03-01,2010,both,0.0,0.0,0.0,0.0
revenue,Miscellaneous Receipts,Miscellaneous Receipts,2002-03-01,2011,both,0.0,0.0,0.0,0.0
revenue,Miscellaneous Receipts,Miscellaneous Receipts,2002-03-01,2012,both,0.0,0.0,0.0,0.0
revenue,Miscellaneous Receipts,Miscellaneous Receipts,2003-01-01,2003,both,0.0,0.0,0.0,0.0
revenue,Miscellaneous Receipts,Miscellaneous Receipts,2003-01-01,2004,both,0.0,0.0,0.0,0.0
revenue,Miscellaneous Receipts,Miscellaneous Receipts,2003-01-01,2005,both,0.0,0.0,0.0,0.0
revenue,Miscellaneous Receipts,Miscellaneous Receipts,2003-01-01,2006,both,0.0,0.0,0.0,0.0
revenue,Miscellaneous Receipts,Miscellaneous Receipts,2003-01-01,2007,both,0.0,0.0,0.0,0.0
revenue,Miscellaneous Receipts,Miscellaneous Receipts,2003-01-01,2008,both,0.0,0.0,0.0,0.0
revenue,Miscellaneous Receipts,Miscellaneous Receipts,2003-01-01,2009,both,0.0,0.0,0.0,0.0
revenue,Miscellaneous Receipts,Miscellaneous Receipts,2003-01-01,2010,both,0.0,0.0,0.0,0.0
revenue,Miscellaneous Receipts,Miscellaneous Receipts,2003-01-01,2011,both,0.0,0.0,0.0,0.0
revenue,Miscellaneous Receipts,Miscellaneous Receipts,2003-01-01,2012,both,0.0,0.0,0.0,0.0
revenue,Miscellaneous Receipts,Miscellaneous Receipts,2003-01-01,2013,both,0.0,0.0,0.0,0.0
revenue,Miscellaneous Receipts,Miscellaneous Receipts,2003-03-01,2003,both,0.0,0.0,0.0,0.0
revenue,Miscellaneous Receipts,Miscellaneous Receipts,2003-03-01,2004,both,0.0,0.0,0.0,0.0
revenue,Miscellaneous Receipts,Miscellaneous Receipts,2003-03-01,2005,both,0.0,0.0,0.0,0.0
revenue,Miscellaneous Receipts,Miscellaneous Receipts,2003-03-01,2006,both,0.0,0.0,0.0,0.0
revenue,Miscellaneous Receipts,Miscellaneous Receipts,2003-03-01,2007,both,0.0,0.0,0.0,0.0
revenue,Miscellaneous Receipts,Miscellaneous Receipts,2003-03-01,2008,both,0.0,0.0,0.0,0.0
revenue,Miscellaneous Receipts,Miscellaneous Receipts,2003-03-01,2009,both,0.0,0.0,0.0,0.0
revenue,Miscellaneous Receipts,Miscellaneous Receipts,2003-03-01,2010,both,0.0,0.0,0.0,0.0
revenue,Miscellaneous Receipts,Miscellaneous Receipts,2003-03-01,2011,both,0.0,0.0,0.0,0.0
revenue,Miscellaneous Receipts,Miscellaneous Receipts,2003-03-01,2012,both,0.0,0.0,0.0,0.0
revenue,Miscellaneous Receipts,Miscellaneous Receipts,2003-03-01,2013,both,0.0,0.0,0.0,0.0
revenue,Miscellaneous Receipts,Miscellaneous Receipts,2004-01-01,2004,both,0.0,0.0,0.0,0.0
revenue,Miscellaneous Receipts,Miscellaneous Receipts,2004-01-01,2005,both,0.0,0.0,0.0,0.0
revenue,Miscellaneous Receipts,Miscellaneous Receipts,2004-01-01,2006,both,0.0,0.0,0.0,0.0
revenue,Miscellaneous Receipts,Miscellaneous Receipts,2004-01-01,2007,both,0.0,0.0,0.0,0.0
revenue,Miscellaneous Receipts,Miscellaneous Receipts,2004-01-01,2008,both,0.0,0.0,0.0,0.0
revenue,Miscellaneous Receipts,Miscellaneous Receipts,2004-01-01,2009,both,0.0,0.0,0.0,0.0
revenue,Miscellaneous Receipts,Miscellaneous Receipts,2004-01-01,2010,both,0.0,0.0,0.0,0.0
revenue,Miscellaneous Receipts,Miscellaneous Receipts,2004-01-01,2011,both,0.0,0.0,0.0,0.0
revenue,Miscellaneous Receipts,Miscellaneous Receipts,2004-01-01,2012,both,0.0,0.0,0.0,0.0
revenue,Miscellaneous Receipts,Miscellaneous Receipts,2004-01-01,2013,both,0.0,0.0,0.0,0.0
revenue,Miscellaneous Receipts,Miscellaneous Receipts,2004-01-01,2014,both,0.0,0.0,0.0,0.0
revenue,Miscellaneous Receipts,Miscellaneous Receipts,2004-03-01,2004,both,0.0,0.0,0.0,0.0
revenue,Miscellaneous Receipts,Miscellaneous Receipts,2004-03-01,2005,both,0.0,0.0,0.0,0.0
revenue,Miscellaneous Receipts,Miscellaneous Receipts,2004-03-01,2006,both,0.0,0.0,0.0,0.0
revenue,Miscellaneous Receipts,Miscellaneous Receipts,2004-03-01,2007,both,0.0,0.0,0.0,0.0
revenue,Miscellaneous Receipts,Miscellaneous Receipts,2004-03-01,2008,both,0.0,0.0,0.0,0.0
revenue,Miscellaneous Receipts,Miscellaneous Receipts,2004-03-01,2009,both,0.0,0.0,0.0,0.0
revenue,Miscellaneous Receipts,Miscellaneous Receipts,2004-03-01,2010,both,0.0,0.0,0.0,0.0
revenue,Miscellaneous Receipts,Miscellaneous Receipts,2004-03-01,2011,both,0.0,0.0,0.0,0.0
revenue,Miscellaneous Receipts,Miscellaneous Receipts,2004-03-01,2012,both,0.0,0.0,0.0,0.0
revenue,Miscellaneous Receipts,Miscellaneous Receipts,2004-03-01,2013,both,0.0,0.0,0.0,0.0
revenue,Miscellaneous Receipts,Miscellaneous Receipts,2004-03-01,2014,both,0.0,0.0,0.0,0.0
revenue,Miscellaneous Receipts,Miscellaneous Receipts,2005-01-01,2005,both,0.0,0.0,0.0,0.0
revenue,Miscellaneous Receipts,Miscellaneous Receipts,2005-01-01,2006,both,0.0,0.0,0.0,0.0
revenue,Miscellaneous Receipts,Miscellaneous Receipts,2005-01-01,2007,both,0.0,0.0,0.0,0.0
revenue,Miscellaneous Receipts,Miscellaneous Receipts,2005-01-01,2008,both,0.0,0.0,0.0,0.0
revenue,Miscellaneous Receipts,Miscellaneous Receipts,2005-01-01,2009,both,0.0,0.0,0.0,0.0
revenue,Miscellaneous Receipts,Miscellaneous Receipts,2005-01-01,2010,both,0.0,0.0,0.0,0.0
revenue,Miscellaneous Receipts,Miscellaneous Receipts,2005-01-01,2011,both,0.0,0.0,0.0,0.0
revenue,Miscellaneous Receipts,Miscellaneous Receipts,2005-01-01,2012,both,0.0,0.0,0.0,0.0
revenue,Miscellaneous Receipts,Miscellaneous Receipts,2005-01-01,2013,both,0.0,0.0,0.0,0.0
revenue,Miscellaneous Receipts,Miscellaneous Receipts,2005-01-01,2014,both,0.0,0.0,0.0,0.0
revenue,Miscellaneous Receipts,Miscellaneous Receipts,2005-01-01,2015,both,0.0,0.0,0.0,0.0
revenue,Miscellaneous Receipts,Miscellaneous Receipts,2005-03-01,2005,both,0.0,0.0,0.0,0.0
revenue,Miscellaneous Receipts,Miscellaneous Receipts,2005-03-01,2006,both,0.0,0.0,0.0,0.0
revenue,Miscellaneous Receipts,Miscellaneous Receipts,2005-03-01,2007,both,0.0,0.0,0.0,0.0
revenue,Miscellaneous Receipts,Miscellaneous Receipts,2005-03-01,2008,both,0.0,0.0,0.0,0.0
revenue,Miscellaneous Receipts,Miscellaneous Receipts,2005-03-01,2009,both,0.0,0.0,0.0,0.0
revenue,Miscellaneous Receipts,Miscellaneous Receipts,2005-03-01,2010,both,0.0,0.0,0.0,0.0
revenue,Miscellaneous Receipts,Miscellaneous Receipts,2005-03-01,2011,both,0.0,0.0,0.0,0.0
revenue,Miscellaneous Receipts,Miscellaneous Receipts,2005-03-01,2012,both,0.0,0.0,0.0,0.0
revenue,Miscellaneous Receipts,Miscellaneous Receipts,2005-03-01,2013,both,0.0,0.0,0.0,0.0
revenue,Miscellaneous Receipts,Miscellaneous Receipts,2005-03-01,2014,both,0.0,0.0,0.0,0.0
revenue,Miscellaneous Receipts,Miscellaneous Receipts,2005-03-01,2015,both,0.0,0.0,0.0,0.0
revenue,Miscellaneous Receipts,Miscellaneous Receipts,2006-01-01,2006,both,0.0,0.0,0.0,0.0
revenue,Miscellaneous Receipts,Miscellaneous Receipts,2006-01-01,2007,both,0.0,0.0,0.0,0.0
revenue,Miscellaneous Receipts,Miscellaneous Receipts,2006-01-01,2008,both,0.0,0.0,0.0,0.0
revenue,Miscellaneous Receipts,Miscellaneous Receipts,2006-01-01,2009,both,0.0,0.0,0.0,0.0
revenue,Miscellaneous Receipts,Miscellaneous Receipts,2006-01-01,2010,both,0.0,0.0,0.0,0.0
revenue,Miscellaneous Receipts,Miscellaneous Receipts,2006-01-01,2011,both,0.0,0.0,0.0,0.0
revenue,Miscellaneous Receipts,Miscellaneous Receipts,2006-01-01,2012,both,0.0,0.0,0.0,0.0
revenue,Miscellaneous Receipts,Miscellaneous Receipts,2006-01-01,2013,both,0.0,0.0,0.0,0.0
revenue,Miscellaneous Receipts,Miscellaneous Receipts,2006-01-01,2014,both,0.0,0.0,0.0,0.0
revenue,Miscellaneous Receipts,Miscellaneous Receipts,2006-01-01,2015,both,0.0,0.0,0.0,0.0
revenue,Miscellaneous Receipts,Miscellaneous Receipts,2006-01-01,2016,both,0.0,0.0,0.0,0.0
revenue,Miscellaneous Receipts,Miscellaneous Receipts,2006-03-01,2006,both,0.0,0.0,0.0,0.0
revenue,Miscellaneous Receipts,Miscellaneous Receipts,2006-03-01,2007,both,0.0,0.0,0.0,0.0
revenue,Miscellaneous Receipts,Miscellaneous Receipts,2006-03-01,2008,both,0.0,0.0,0.0,0.0
revenue,Miscellaneous Receipts,Miscellaneous Receipts,2006-03-01,2009,both,0.0,0.0,0.0,0.0
revenue,Miscellaneous Receipts,Miscellaneous Receipts,2006-03-01,2010,both,0.0,0.0,0.0,0.0
revenue,Miscellaneous Receipts,Miscellaneous Receipts,2006-03-01,2011,both,0.0,0.0,0.0,0.0
revenue,Miscellaneous Receipts,Miscellaneous Receipts,2006-03-01,2012,both,0.0,0.0,0.0,0.0
revenue,Miscellaneous Receipts,Miscellaneous Receipts,2006-03-01,2013,both,0.0,0.0,0.0,0.0
revenue,Miscellaneous Receipts,Miscellaneous Receipts,2006-03-01,2014,both,0.0,0.0,0.0,0.0
revenue,Miscellaneous Receipts,Miscellaneous Receipts,2006-03-01,2015,both,0.0,0.0,0.0,0.0
revenue,Miscellaneous Receipts,Miscellaneous Receipts,2006-03-01,2016,both,0.0,0.0,0.0,0.0
revenue,Miscellaneous Receipts,Miscellaneous Receipts,2007-01-01,2007,both,0.0,0.0,0.0,0.0
revenue,Miscellaneous Receipts,Miscellaneous Receipts,2007-01-01,2008,both,0.0,0.0,0.0,0.0
revenue,Miscellaneous Receipts,Miscellaneous Receipts,2007-01-01,2009,both,0.0,0.0,0.0,0.0
revenue,Miscellaneous Receipts,Miscellaneous Receipts,2007-01-01,2010,both,0.0,0.0,0.0,0.0
revenue,Miscellaneous Receipts,Miscellaneous Receipts,2007-01-01,2011,both,0.0,0.0,0.0,0.0
revenue,Miscellaneous Receipts,Miscellaneous Receipts,2007-01-01,2012,both,0.0,0.0,0.0,0.0
revenue,Miscellaneous Receipts,Miscellaneous Receipts,2007-01-01,2013,both,0.0,0.0,0.0,0.0
revenue,Miscellaneous Receipts,Miscellaneous Receipts,2007-01-01,2014,both,0.0,0.0,0.0,0.0
revenue,Miscellaneous Receipts,Miscellaneous Receipts,2007-01-01,2015,both,0.0,0.0,0.0,0.0
revenue,Miscellaneous Receipts,Miscellaneous Receipts,2007-01-01,2016,both,0.0,0.0,0.0,0.0
revenue,Miscellaneous Receipts,Miscellaneous Receipts,2007-01-01,2017,both,0.0,0.0,0.0,0.0
revenue,Miscellaneous Receipts,Miscellaneous Receipts,2007-03-01,2007,both,0.0,0.0,0.0,0.0
revenue,Miscellaneous Receipts,Miscellaneous Receipts,2007-03-01,2008,both,0.0,0.0,0.0,0.0
revenue,Miscellaneous Receipts,Miscellaneous Receipts,2007-03-01,2009,both,0.0,0.0,0.0,0.0
revenue,Miscellaneous Receipts,Miscellaneous Receipts,2007-03-01,2010,both,0.0,0.0,0.0,0.0
revenue,Miscellaneous Receipts,Miscellaneous Receipts,2007-03-01,2011,both,0.0,0.0,0.0,0.0
revenue,Miscellaneous Receipts,Miscellaneous Receipts,2007-03-01,2012,both,0.0,0.0,0.0,0.0
revenue,Miscellaneous Receipts,Miscellaneous Receipts,2007-03-01,2013,both,0.0,0.0,0.0,0.0
revenue,Miscellaneous Receipts,Miscellaneous Receipts,2007-03-01,2014,both,0.0,0.0,0.0,0.0
revenue,Miscellaneous Receipts,Miscellaneous Receipts,2007-03-01,2015,both,0.0,0.0,0.0,0.0
revenue,Miscellaneous Receipts,Miscellaneous Receipts,2007-03-01,2016,both,0.0,0.0,0.0,0.0
revenue,Miscellaneous Receipts,Miscellaneous Receipts,2007-03-01,2017,both,0.0,0.0,0.0,0.0
revenue,Miscellaneous Receipts,Miscellaneous Receipts,2008-01-01,2008,both,0.0,0.0,0.0,0.0
revenue,Miscellaneous Receipts,Miscellaneous Receipts,2008-01-01,2009,both,0.0,0.0,0.0,0.0
revenue,Miscellaneous Receipts,Miscellaneous Receipts,2008-01-01,2010,both,0.0,0.0,0.0,0.0
revenue,Miscellaneous Receipts,Miscellaneous Receipts,2008-01-01,2011,both,0.0,0.0,0.0,0.0
revenue,Miscellaneous Receipts,Miscellaneous Receipts,2008-01-01,2012,both,0.0,0.0,0.0,0.0
revenue,Miscellaneous Receipts,Miscellaneous Receipts,2008-01-01,2013,both,0.0,0.0,0.0,0.0
revenue,Miscellaneous Receipts,Miscellaneous Receipts,2008-01-01,2014,both,0.0,0.0,0.0,0.0
revenue,Miscellaneous Receipts,Miscellaneous Receipts,2008-01-01,2015,both,0.0,0.0,0.0,0.0
revenue,Miscellaneous Receipts,Miscellaneous Receipts,2008-01-01,2016,both,0.0,0.0,0.0,0.0
revenue,Miscellaneous Receipts,Miscellaneous Receipts,2008-01-01,2017,both,0.0,0.0,0.0,0.0
revenue,Miscellaneous Receipts,Miscellaneous Receipts,2008-01-01,2018,both,0.0,0.0,0.0,0.0
revenue,Miscellaneous Receipts,Miscellaneous Receipts,2008-03-01,2008,both,0.0,0.0,0.0,0.0
revenue,Miscellaneous Receipts,Miscellaneous Receipts,2008-03-01,2009,both,0.0,0.0,0.0,0.0
revenue,Miscellaneous Receipts,Miscellaneous Receipts,2008-03-01,2010,both,0.0,0.0,0.0,0.0
revenue,Miscellaneous Receipts,Miscellaneous Receipts,2008-03-01,2011,both,0.0,0.0,0.0,0.0
revenue,Miscellaneous Receipts,Miscellaneous Receipts,2008-03-01,2012,both,0.0,0.0,0.0,0.0
revenue,Miscellaneous Receipts,Miscellaneous Receipts,2008-03-01,2013,both,0.0,0.0,0.0,0.0
revenue,Miscellaneous Receipts,Miscellaneous Receipts,2008-03-01,2014,both,0.0,0.0,0.0,0.0
revenue,Miscellaneous Receipts,Miscellaneous Receipts,2008-03-01,2015,both,0.0,0.0,0.0,0.0
revenue,Miscellaneous Receipts,Miscellaneous Receipts,2008-03-01,2016,both,0.0,0.0,0.0,0.0
revenue,Miscellaneous Receipts,Miscellaneous Receipts,2008-03-01,2017,both,0.0,0.0,0.0,0.0
revenue,Miscellaneous Receipts,Miscellaneous Receipts,2008-03-01,2018,both,0.0,0.0,0.0,0.0
revenue,Miscellaneous Receipts,Miscellaneous Receipts,2009-01-01,2009,both,0.0,0.0,0.0,0.0
revenue,Miscellaneous Receipts,Miscellaneous Receipts,2009-01-01,2010,both,0.0,0.0,0.0,0.0
revenue,Miscellaneous Receipts,Miscellaneous Receipts,2009-01-01,2011,both,0.0,0.0,0.0,0.0
revenue,Miscellaneous Receipts,Miscellaneous Receipts,2009-01-01,2012,both,0.0,0.0,0.0,0.0
revenue,Miscellaneous Receipts,Miscellaneous Receipts,2009-01-01,2013,both,0.0,0.0,0.0,0.0
revenue,Miscellaneous Receipts,Miscellaneous Receipts,2009-01-01,2014,both,0.0,0.0,0.0,0.0
revenue,Miscellaneous Receipts,Miscellaneous Receipts,2009-01-01,2015,both,0.0,0.0,0.0,0.0
revenue,Miscellaneous Receipts,Miscellaneous Receipts,2009-01-01,2016,both,0.0,0.0,0.0,0.0
revenue,Miscellaneous Receipts,Miscellaneous Receipts,2009-01-01,2017,both,0.0,0.0,0.0,0.0
revenue,Miscellaneous Receipts,Miscellaneous Receipts,2009-01-01,2018,both,0.0,0.0,0.0,0.0
revenue,Miscellaneous Receipts,Miscellaneous Receipts,2009-01-01,2019,both,0.0,0.0,0.0,0.0
revenue,Miscellaneous Receipts,Miscellaneous Receipts,2009-03-01,2009,both,0.0,0.0,0.0,0.0
revenue,Miscellaneous Receipts,Miscellaneous Receipts,2009-03-01,2010,both,0.0,0.0,0.0,0.0
revenue,Miscellaneous Receipts,Miscellaneous Receipts,2009-03-01,2011,both,0.0,0.0,0.0,0.0
revenue,Miscellaneous Receipts,Miscellaneous Receipts,2009-03-01,2012,both,0.0,0.0,0.0,0.0
revenue,Miscellaneous Receipts,Miscellaneous Receipts,2009-03-01,2013,both,0.0,0.0,0.0,0.0
revenue,Miscellaneous Receipts,Miscellaneous Receipts,2009-03-01,2014,both,0.0,0.0,0.0,0.0
revenue,Miscellaneous Receipts,Miscellaneous Receipts,2009-03-01,2015,both,0.0,0.0,0.0,0.0
revenue,Miscellaneous Receipts,Miscellaneous Receipts,2009-03-01,2016,both,0.0,0.0,0.0,0.0
revenue,Miscellaneous Receipts,Miscellaneous Receipts,2009-03-01,2017,both,0.0,0.0,0.0,0.0
revenue,Miscellaneous Receipts,Miscellaneous Receipts,2009-03-01,2018,both,0.0,0.0,0.0,0.0
revenue,Miscellaneous Receipts,Miscellaneous Receipts,2009-03-01,2019,both,0.0,0.0,0.0,0.0
revenue,Miscellaneous Receipts,Miscellaneous Receipts,2010-01-01,2010,both,0.0,0.0,0.0,0.0
revenue,Miscellaneous Receipts,Miscellaneous Receipts,2010-01-01,2011,both,0.0,0.0,0.0,0.0
revenue,Miscellaneous Receipts,Miscellaneous Receipts,2010-01-01,2012,both,0.0,0.0,0.0,0.0
revenue,Miscellaneous Receipts,Miscellaneous Receipts,2010-01-01,2013,both,0.0,0.0,0.0,0.0
revenue,Miscellaneous Receipts,Miscellaneous Receipts,2010-01-01,2014,both,0.0,0.0,0.0,0.0
revenue,Miscellaneous Receipts,Miscellaneous Receipts,2010-01-01,2015,both,0.0,0.0,0.0,0.0
revenue,Miscellaneous Receipts,Miscellaneous Receipts,2010-01-01,2016,both,0.0,0.0,0.0,0.0
revenue,Miscellaneous Receipts,Miscellaneous Receipts,2010-01-01,2017,both,0.0,0.0,0.0,0.0
revenue,Miscellaneous Receipts,Miscellaneous Receipts,2010-01-01,2018,both,0.0,0.0,0.0,0.0
revenue,Miscellaneous Receipts,Miscellaneous Receipts,2010-01-01,2019,both,0.0,0.0,0.0,0.0
revenue,Miscellaneous Receipts,Miscellaneous Receipts,2010-01-01,2020,both,0.0,0.0,0.0,0.0
revenue,Miscellaneous Receipts,Miscellaneous Receipts,2010-03-01,2010,both,0.0,0.0,0.0,0.0
revenue,Miscellaneous Receipts,Miscellaneous Receipts,2010-03-01,2011,both,0.0,0.0,0.0,0.0
revenue,Miscellaneous Receipts,Miscellaneous Receipts,2010-03-01,2012,both,0.0,0.0,0.0,0.0
revenue,Miscellaneous Receipts,Miscellaneous Receipts,2010-03-01,2013,both,0.0,0.0,0.0,0.0
revenue,Miscellaneous Receipts,Miscellaneous Receipts,2010-03-01,2014,both,0.0,0.0,0.0,0.0
revenue,Miscellaneous Receipts,Miscellaneous Receipts,2010-03-01,2015,both,0.0,0.0,0.0,0.0
revenue,Miscellaneous Receipts,Miscellaneous Receipts,2010-03-01,2016,both,0.0,0.0,0.0,0.0
revenue,Miscellaneous Receipts,Miscellaneous Receipts,2010-03-01,2017,both,0.0,0.0,0.0,0.0
revenue,Miscellaneous Receipts,Miscellaneous Receipts,2010-03-01,2018,both,0.0,0.0,0.0,0.0
revenue,Miscellaneous Receipts,Miscellaneous Receipts,2010-03-01,2019,both,0.0,0.0,0.0,0.0
revenue,Miscellaneous Receipts,Miscellaneous Receipts,2010-03-01,2020,both,0.0,0.0,0.0,0.0
revenue,Miscellaneous Receipts,Miscellaneous Receipts,2011-01-01,2011,both,0.0,0.0,0.0,0.0
revenue,Miscellaneous Receipts,Miscellaneous Receipts,2011-01-01,2012,both,0.0,0.0,0.0,0.0
revenue,Miscellaneous Receipts,Miscellaneous Receipts,2011-01-01,2013,both,0.0,0.0,0.0,0.0
revenue,Miscellaneous Receipts,Miscellaneous Receipts,2011-01-01,2014,both,0.0,0.0,0.0,0.0
revenue,Miscellaneous Receipts,Miscellaneous Receipts,2011-01-01,2015,both,0.0,0.0,0.0,0.0
revenue,Miscellaneous Receipts,Miscellaneous Receipts,2011-01-01,2016,both,0.0,0.0,0.0,0.0
revenue,Miscellaneous Receipts,Miscellaneous Receipts,2011-01-01,2017,both,0.0,0.0,0.0,0.0
revenue,Miscellaneous Receipts,Miscellaneous Receipts,2011-01-01,2018,both,0.0,0.0,0.0,0.0
revenue,Miscellaneous Receipts,Miscellaneous Receipts,2011-01-01,2019,both,0.0,0.0,0.0,0.0
revenue,Miscellaneous Receipts,Miscellaneous Receipts,2011-01-01,2020,both,0.0,0.0,0.0,0.0
revenue,Miscellaneous Receipts,Miscellaneous Receipts,2011-01-01,2021,both,0.0,0.0,0.0,0.0
revenue,Miscellaneous Receipts,Miscellaneous Receipts,2011-03-01,2011,both,0.0,0.0,0.0,0.0
revenue,Miscellaneous Receipts,Miscellaneous Receipts,2011-03-01,2012,both,0.0,0.0,0.0,0.0
revenue,Miscellaneous Receipts,Miscellaneous Receipts,2011-03-01,2013,both,0.0,0.0,0.0,0.0
revenue,Miscellaneous Receipts,Miscellaneous Receipts,2011-03-01,2014,both,0.0,0.0,0.0,0.0
revenue,Miscellaneous Receipts,Miscellaneous Receipts,2011-03-01,2015,both,0.0,0.0,0.0,0.0
revenue,Miscellaneous Receipts,Miscellaneous Receipts,2011-03-01,2016,both,0.0,0.0,0.0,0.0
revenue,Miscellaneous Receipts,Miscellaneous Receipts,2011-03-01,2017,both,0.0,0.0,0.0,0.0
revenue,Miscellaneous Receipts,Miscellaneous Receipts,2011-03-01,2018,both,0.0,0.0,0.0,0.0
revenue,Miscellaneous Receipts,Miscellaneous Receipts,2011-03-01,2019,both,0.0,0.0,0.0,0.0
revenue,Miscellaneous Receipts,Miscellaneous Receipts,2011-03-01,2020,both,0.0,0.0,0.0,0.0
revenue,Miscellaneous Receipts,Miscellaneous Receipts,2011-03-01,2021,both,0.0,0.0,0.0,0.0
revenue,Miscellaneous Receipts,Miscellaneous Receipts,2012-01-01,2012,both,0.0,0.0,0.0,0.0
revenue,Miscellaneous Receipts,Miscellaneous Receipts,2012-01-01,2013,both,0.0,0.0,0.0,0.0
revenue,Miscellaneous Receipts,Miscellaneous Receipts,2012-01-01,2014,both,0.0,0.0,0.0,0.0
revenue,Miscellaneous Receipts,Miscellaneous Receipts,2012-01-01,2015,both,0.0,0.0,0.0,0.0
revenue,Miscellaneous Receipts,Miscellaneous Receipts,2012-01-01,2016,both,0.0,0.0,0.0,0.0
revenue,Miscellaneous Receipts,Miscellaneous Receipts,2012-01-01,2017,both,0.0,0.0,0.0,0.0
revenue,Miscellaneous Receipts,Miscellaneous Receipts,2012-01-01,2018,both,0.0,0.0,0.0,0.0
revenue,Miscellaneous Receipts,Miscellaneous Receipts,2012-01-01,2019,both,0.0,0.0,0.0,0.0
revenue,Miscellaneous Receipts,Miscellaneous Receipts,2012-01-01,2020,both,0.0,0.0,0.0,0.0
revenue,Miscellaneous Receipts,Miscellaneous Receipts,2012-01-01,2021,both,0.0,0.0,0.0,0.0
revenue,Miscellaneous Receipts,Miscellaneous Receipts,2012-01-01,2022,both,0.0,0.0,0.0,0.0
revenue,Miscellaneous Receipts,Miscellaneous Receipts,2012-03-01,2012,both,0.0,0.0,0.0,0.0
revenue,Miscellaneous Receipts,Miscellaneous Receipts,2012-03-01,2013,both,0.0,0.0,0.0,0.0
revenue,Miscellaneous Receipts,Miscellaneous Receipts,2012-03-01,2014,both,0.0,0.0,0.0,0.0
revenue,Miscellaneous Receipts,Miscellaneous Receipts,2012-03-01,2015,both,0.0,0.0,0.0,0.0
revenue,Miscellaneous Receipts,Miscellaneous Receipts,2012-03-01,2016,both,0.0,0.0,0.0,0.0
revenue,Miscellaneous Receipts,Miscellaneous Receipts,2012-03-01,2017,both,0.0,0.0,0.0,0.0
revenue,Miscellaneous Receipts,Miscellaneous Receipts,2012-03-01,2018,both,0.0,0.0,0.0,0.0
revenue,Miscellaneous Receipts,Miscellaneous Receipts,2012-03-01,2019,both,0.0,0.0,0.0,0.0
revenue,Miscellaneous Receipts,Miscellaneous Receipts,2012-03-01,2020,both,0.0,0.0,0.0,0.0
revenue,Miscellaneous Receipts,Miscellaneous Receipts,2012-03-01,2021,both,0.0,0.0,0.0,0.0
revenue,Miscellaneous Receipts,Miscellaneous Receipts,2012-03-01,2022,both,0.0,0.0,0.0,0.0
revenue,Miscellaneous Receipts,Miscellaneous Receipts,2013-02-01,2013,both,0.0,0.0,0.0,0.0
revenue,Miscellaneous Receipts,Miscellaneous Receipts,2013-02-01,2014,both,0.0,0.0,0.0,0.0
revenue,Miscellaneous Receipts,Miscellaneous Receipts,2013-02-01,2015,both,0.0,0.0,0.0,0.0
revenue,Miscellaneous Receipts,Miscellaneous Receipts,2013-02-01,2016,both,0.0,0.0,0.0,0.0
revenue,Miscellaneous Receipts,Miscellaneous Receipts,2013-02-01,2017,both,0.0,0.0,0.0,0.0
revenue,Miscellaneous Receipts,Miscellaneous Receipts,2013-02-01,2018,both,0.0,0.0,0.0,0.0
revenue,Miscellaneous Receipts,Miscellaneous Receipts,2013-02-01,2019,both,0.0,0.0,0.0,0.0
revenue,Miscellaneous Receipts,Miscellaneous Receipts,2013-02-01,2020,both,0.0,0.0,0.0,0.0
revenue,Miscellaneous Receipts,Miscellaneous Receipts,2013-02-01,2021,both,0.0,0.0,0.0,0.0
revenue,Miscellaneous Receipts,Miscellaneous Receipts,2013-02-01,2022,both,0.0,0.0,0.0,0.0
revenue,Miscellaneous Receipts,Miscellaneous Receipts,2013-02-01,2023,both,0.0,0.0,0.0,0.0
revenue,Miscellaneous Receipts,Miscellaneous Receipts,2013-05-01,2013,both,0.0,0.0,0.0,0.0
revenue,Miscellaneous Receipts,Miscellaneous Receipts,2013-05-01,2014,both,0.0,0.0,0.0,0.0
revenue,Miscellaneous Receipts,Miscellaneous Receipts,2013-05-01,2015,both,0.0,0.0,0.0,0.0
revenue,Miscellaneous Receipts,Miscellaneous Receipts,2013-05-01,2016,both,0.0,0.0,0.0,0.0
revenue,Miscellaneous Receipts,Miscellaneous Receipts,2013-05-01,2017,both,0.0,0.0,0.0,0.0
revenue,Miscellaneous Receipts,Miscellaneous Receipts,2013-05-01,2018,both,0.0,0.0,0.0,0.0
revenue,Miscellaneous Receipts,Miscellaneous Receipts,2013-05-01,2019,both,0.0,0.0,0.0,0.0
revenue,Miscellaneous Receipts,Miscellaneous Receipts,2013-05-01,2020,both,0.0,0.0,0.0,0.0
revenue,Miscellaneous Receipts,Miscellaneous Receipts,2013-05-01,2021,both,0.0,0.0,0.0,0.0
revenue,Miscellaneous Receipts,Miscellaneous Receipts,2013-05-01,2022,both,0.0,0.0,0.0,0.0
revenue,Miscellaneous Receipts,Miscellaneous Receipts,2013-05-01,2023,both,0.0,0.0,0.0,0.0
revenue,Miscellaneous Receipts,Miscellaneous Receipts,2014-02-01,2014,both,0.0,0.0,0.0,0.0
revenue,Miscellaneous Receipts,Miscellaneous Receipts,2014-02-01,2015,both,0.0,0.0,0.0,0.0
revenue,Miscellaneous Receipts,Miscellaneous Receipts,2014-02-01,2016,both,0.0,0.0,0.0,0.0
revenue,Miscellaneous Receipts,Miscellaneous Receipts,2014-02-01,2017,both,0.0,0.0,0.0,0.0
revenue,Miscellaneous Receipts,Miscellaneous Receipts,2014-02-01,2018,both,0.0,0.0,0.0,0.0
revenue,Miscellaneous Receipts,Miscellaneous Receipts,2014-02-01,2019,both,0.0,0.0,0.0,0.0
revenue,Miscellaneous Receipts,Miscellaneous Receipts,2014-02-01,2020,both,0.0,0.0,0.0,0.0
revenue,Miscellaneous Receipts,Miscellaneous Receipts,2014-02-01,2021,both,0.0,0.0,0.0,0.0
revenue,Miscellaneous Receipts,Miscellaneous Receipts,2014-02-01,2022,both,0.0,0.0,0.0,0.0
revenue,Miscellaneous Receipts,Miscellaneous Receipts,2014-02-01,2023,both,0.0,0.0,0.0,0.0
revenue,Miscellaneous Receipts,Miscellaneous Receipts,2014-02-01,2024,both,0.0,0.0,0.0,0.0
revenue,Miscellaneous Receipts,Miscellaneous Receipts,2014-04-01,2014,both,0.0,0.0,0.0,0.0
revenue,Miscellaneous Receipts,Miscellaneous Receipts,2014-04-01,2015,both,0.0,0.0,0.0,0.0
revenue,Miscellaneous Receipts,Miscellaneous Receipts,2014-04-01,2016,both,0.0,0.0,0.0,0.0
revenue,Miscellaneous Receipts,Miscellaneous Receipts,2014-04-01,2017,both,0.0,0.0,0.0,0.0
revenue,Miscellaneous Receipts,Miscellaneous Receipts,2014-04-01,2018,both,0.0,0.0,0.0,0.0
revenue,Miscellaneous Receipts,Miscellaneous Receipts,2014-04-01,2019,both,0.0,0.0,0.0,0.0
revenue,Miscellaneous Receipts,Miscellaneous Receipts,2014-04-01,2020,both,0.0,0.0,0.0,0.0
revenue,Miscellaneous Receipts,Miscellaneous Receipts,2014-04-01,2021,both,0.0,0.0,0.0,0.0
revenue,Miscellaneous Receipts,Miscellaneous Receipts,2014-04-01,2022,both,0.0,0.0,0.0,0.0
revenue,Miscellaneous Receipts,Miscellaneous Receipts,2014-04-01,2023,both,0.0,0.0,0.0,0.0
revenue,Miscellaneous Receipts,Miscellaneous Receipts,2014-04-01,2024,both,0.0,0.0,0.0,0.0
revenue,Miscellaneous Receipts,Miscellaneous Receipts,2015-01-01,2015,both,0.0,0.0,0.0,0.0
revenue,Miscellaneous Receipts,Miscellaneous Receipts,2015-01-01,2016,both,0.0,0.0,0.0,0.0
revenue,Miscellaneous Receipts,Miscellaneous Receipts,2015-01-01,2017,both,0.0,0.0,0.0,0.0
revenue,Miscellaneous Receipts,Miscellaneous Receipts,2015-01-01,2018,both,0.0,0.0,0.0,0.0
revenue,Miscellaneous Receipts,Miscellaneous Receipts,2015-01-01,2019,both,0.0,0.0,0.0,0.0
revenue,Miscellaneous Receipts,Miscellaneous Receipts,2015-01-01,2020,both,0.0,0.0,0.0,0.0
revenue,Miscellaneous Receipts,Miscellaneous Receipts,2015-01-01,2021,both,0.0,0.0,0.0,0.0
revenue,Miscellaneous Receipts,Miscellaneous Receipts,2015-01-01,2022,both,0.0,0.0,0.0,0.0
revenue,Miscellaneous Receipts,Miscellaneous Receipts,2015-01-01,2023,both,0.0,0.0,0.0,0.0
revenue,Miscellaneous Receipts,Miscellaneous Receipts,2015-01-01,2024,both,0.0,0.0,0.0,0.0
revenue,Miscellaneous Receipts,Miscellaneous Receipts,2015-01-01,2025,both,0.0,0.0,0.0,0.0
revenue,Miscellaneous Receipts,Miscellaneous Receipts,2015-03-01,2015,both,0.0,0.0,0.0,0.0
revenue,Miscellaneous Receipts,Miscellaneous Receipts,2015-03-01,2016,both,0.0,0.0,0.0,0.0
revenue,Miscellaneous Receipts,Miscellaneous Receipts,2015-03-01,2017,both,0.0,0.0,0.0,0.0
revenue,Miscellaneous Receipts,Miscellaneous Receipts,2015-03-01,2018,both,0.0,0.0,0.0,0.0
revenue,Miscellaneous Receipts,Miscellaneous Receipts,2015-03-01,2019,both,0.0,0.0,0.0,0.0
revenue,Miscellaneous Receipts,Miscellaneous Receipts,2015-03-01,2020,both,0.0,0.0,0.0,0.0
revenue,Miscellaneous Receipts,Miscellaneous Receipts,2015-03-01,2021,both,0.0,0.0,0.0,0.0
revenue,Miscellaneous Receipts,Miscellaneous Receipts,2015-03-01,2022,both,0.0,0.0,0.0,0.0
revenue,Miscellaneous Receipts,Miscellaneous Receipts,2015-03-01,2023,both,0.0,0.0,0.0,0.0
revenue,Miscellaneous Receipts,Miscellaneous Receipts,2015-03-01,2024,both,0.0,0.0,0.0,0.0
revenue,Miscellaneous Receipts,Miscellaneous Receipts,2015-03-01,2025,both,0.0,0.0,0.0,0.0
revenue,Miscellaneous Receipts,Miscellaneous Receipts,2016-01-01,2016,both,0.0,0.0,0.0,0.0
revenue,Miscellaneous Receipts,Miscellaneous Receipts,2016-01-01,2017,both,0.0,0.0,0.0,0.0
revenue,Miscellaneous Receipts,Miscellaneous Receipts,2016-01-01,2018,both,0.0,0.0,0.0,0.0
revenue,Miscellaneous Receipts,Miscellaneous Receipts,2016-01-01,2019,both,0.0,0.0,0.0,0.0
revenue,Miscellaneous Receipts,Miscellaneous Receipts,2016-01-01,2020,both,0.0,0.0,0.0,0.0
revenue,Miscellaneous Receipts,Miscellaneous Receipts,2016-01-01,2021,both,0.0,0.0,0.0,0.0
revenue,Miscellaneous Receipts,Miscellaneous Receipts,2016-01-01,2022,both,0.0,0.0,0.0,0.0
revenue,Miscellaneous Receipts,Miscellaneous Receipts,2016-01-01,2023,both,0.0,0.0,0.0,0.0
revenue,Miscellaneous Receipts,Miscellaneous Receipts,2016-01-01,2024,both,0.0,0.0,0.0,0.0
revenue,Miscellaneous Receipts,Miscellaneous Receipts,2016-01-01,2025,both,0.0,0.0,0.0,0.0
revenue,Miscellaneous Receipts,Miscellaneous Receipts,2016-03-01,2016,both,0.0,0.0,0.0,0.0
revenue,Miscellaneous Receipts,Miscellaneous Receipts,2016-03-01,2017,both,0.0,0.0,0.0,0.0
revenue,Miscellaneous Receipts,Miscellaneous Receipts,2016-03-01,2018,both,0.0,0.0,0.0,0.0
revenue,Miscellaneous Receipts,Miscellaneous Receipts,2016-03-01,2019,both,0.0,0.0,0.0,0.0
revenue,Miscellaneous Receipts,Miscellaneous Receipts,2016-03-01,2020,both,0.0,0.0,0.0,0.0
revenue,Miscellaneous Receipts,Miscellaneous Receipts,2016-03-01,2021,both,0.0,0.0,0.0,0.0
revenue,Miscellaneous Receipts,Miscellaneous Receipts,2016-03-01,2022,both,0.0,0.0,0.0,0.0
revenue,Miscellaneous Receipts,Miscellaneous Receipts,2016-03-01,2023,both,0.0,0.0,0.0,0.0
revenue,Miscellaneous Receipts,Miscellaneous Receipts,2016-03-01,2024,both,0.0,0.0,0.0,0.0
revenue,Miscellaneous Receipts,Miscellaneous Receipts,2016-03-01,2025,both,0.0,0.0,0.0,0.0
revenue,Miscellaneous Receipts,Miscellaneous Receipts,2017-01-01,2017,both,0.0,0.0,0.0,0.0
revenue,Miscellaneous Receipts,Miscellaneous Receipts,2017-01-01,2018,both,0.0,0.0,0.0,0.0
revenue,Miscellaneous Receipts,Miscellaneous Receipts,2017-01-01,2019,both,0.0,0.0,0.0,0.0
revenue,Miscellaneous Receipts,Miscellaneous Receipts,2017-01-01,2020,both,0.0,0.0,0.0,0.0
revenue,Miscellaneous Receipts,Miscellaneous Receipts,2017-01-01,2021,both,0.0,0.0,0.0,0.0
revenue,Miscellaneous Receipts,Miscellaneous Receipts,2017-01-01,2022,both,0.0,0.0,0.0,0.0
revenue,Miscellaneous Receipts,Miscellaneous Receipts,2017-01-01,2023,both,0.0,0.0,0.0,0.0
revenue,Miscellaneous Receipts,Miscellaneous Receipts,2017-01-01,2024,both,0.0,0.0,0.0,0.0
revenue,Miscellaneous Receipts,Miscellaneous Receipts,2017-01-01,2025,both,0.0,0.0,0.0,0.0
revenue,Miscellaneous Receipts,Miscellaneous Receipts,2017-06-01,2017,both,0.0,0.0,0.0,0.0
revenue,Miscellaneous Receipts,Miscellaneous Receipts,2017-06-01,2018,both,0.0,0.0,0.0,0.0
revenue,Miscellaneous Receipts,Miscellaneous Receipts,2017-06-01,2019,both,0.0,0.0,0.0,0.0
revenue,Miscellaneous Receipts,Miscellaneous Receipts,2017-06-01,2020,both,0.0,0.0,0.0,0.0
revenue,Miscellaneous Receipts,Miscellaneous Receipts,2017-06-01,2021,both,0.0,0.0,0.0,0.0
revenue,Miscellaneous Receipts,Miscellaneous Receipts,2017-06-01,2022,both,0.0,0.0,0.0,0.0
revenue,Miscellaneous Receipts,Miscellaneous Receipts,2017-06-01,2023,both,0.0,0.0,0.0,0.0
revenue,Miscellaneous Receipts,Miscellaneous Receipts,2017-06-01,2024,both,0.0,0.0,0.0,0.0
revenue,Miscellaneous Receipts,Miscellaneous Receipts,2017-06-01,2025,both,0.0,0.0,0.0,0.0
revenue,Miscellaneous Receipts,Miscellaneous Receipts,2018-04-01,2018,both,0.0,0.0,0.0,0.0
revenue,Miscellaneous Receipts,Miscellaneous Receipts,2018-04-01,2019,both,0.0,0.0,0.0,0.0
revenue,Miscellaneous Receipts,Miscellaneous Receipts,2018-04-01,2020,both,0.0,0.0,0.0,0.0
revenue,Miscellaneous Receipts,Miscellaneous Receipts,2018-04-01,2021,both,0.0,0.0,0.0,0.0
revenue,Miscellaneous Receipts,Miscellaneous Receipts,2018-04-01,2022,both,0.0,0.0,0.0,0.0
revenue,Miscellaneous Receipts,Miscellaneous Receipts,2018-04-01,2023,both,0.0,0.0,0.0,0.0
revenue,Miscellaneous Receipts,Miscellaneous Receipts,2018-04-01,2024,both,0.0,0.0,0.0,0.0
revenue,Miscellaneous Receipts,Miscellaneous Receipts,2018-04-01,2025,both,0.0,0.0,0.0,0.0
revenue,Miscellaneous Receipts,Miscellaneous Receipts,2018-05-01,2018,both,0.0,0.0,0.0,0.0
revenue,Miscellaneous Receipts,Miscellaneous Receipts,2018-05-01,2019,both,0.0,0.0,0.0,0.0
revenue,Miscellaneous Receipts,Miscellaneous Receipts,2018-05-01,2020,both,0.0,0.0,0.0,0.0
revenue,Miscellaneous Receipts,Miscellaneous Receipts,2018-05-01,2021,both,0.0,0.0,0.0,0.0
revenue,Miscellaneous Receipts,Miscellaneous Receipts,2018-05-01,2022,both,0.0,0.0,0.0,0.0
revenue,Miscellaneous Receipts,Miscellaneous Receipts,2018-05-01,2023,both,0.0,0.0,0.0,0.0
revenue,Miscellaneous Receipts,Miscellaneous Receipts,2018-05-01,2024,both,0.0,0.0,0.0,0.0
revenue,Miscellaneous Receipts,Miscellaneous Receipts,2018-05-01,2025,both,0.0,0.0,0.0,0.0
revenue,Miscellaneous Receipts,Miscellaneous Receipts,2019-01-01,2019,both,0.0,0.0,0.0,0.0
revenue,Miscellaneous Receipts,Miscellaneous Receipts,2019-01-01,2020,both,0.0,0.0,0.0,0.0
revenue,Miscellaneous Receipts,Miscellaneous Receipts,2019-01-01,2021,both,0.0,0.0,0.0,0.0
revenue,Miscellaneous Receipts,Miscellaneous Receipts,2019-01-01,2022,both,0.0,0.0,0.0,0.0
revenue,Miscellaneous Receipts,Miscellaneous Receipts,2019-01-01,2023,both,0.0,0.0,0.0,0.0
revenue,Miscellaneous Receipts,Miscellaneous Receipts,2019-01-01,2024,both,0.0,0.0,0.0,0.0
revenue,Miscellaneous Receipts,Miscellaneous Receipts,2019-01-01,2025,both,0.0,0.0,0.0,0.0
revenue,Miscellaneous Receipts,Miscellaneous Receipts,2019-05-01,2019,both,0.0,0.0,0.0,0.0
revenue,Miscellaneous Receipts,Miscellaneous Receipts,2019-05-01,2020,both,0.0,0.0,0.0,0.0
revenue,Miscellaneous Receipts,Miscellaneous Receipts,2019-05-01,2021,both,0.0,0.0,0.0,0.0
revenue,Miscellaneous Receipts,Miscellaneous Receipts,2019-05-01,2022,both,0.0,0.0,0.0,0.0
revenue,Miscellaneous Receipts,Miscellaneous Receipts,2019-05-01,2023,both,0.0,0.0,0.0,0.0
revenue,Miscellaneous Receipts,Miscellaneous Receipts,2019-05-01,2024,both,0.0,0.0,0.0,0.0
revenue,Miscellaneous Receipts,Miscellaneous Receipts,2019-05-01,2025,both,0.0,0.0,0.0,0.0
revenue,Miscellaneous Receipts,Miscellaneous Receipts,2020-01-01,2020,both,0.0,0.0,0.0,0.0
revenue,Miscellaneous Receipts,Miscellaneous Receipts,2020-01-01,2021,both,0.0,0.0,0.0,0.0
revenue,Miscellaneous Receipts,Miscellaneous Receipts,2020-01-01,2022,both,0.0,0.0,0.0,0.0
revenue,Miscellaneous Receipts,Miscellaneous Receipts,2020-01-01,2023,both,0.0,0.0,0.0,0.0
revenue,Miscellaneous Receipts,Miscellaneous Receipts,2020-01-01,2024,both,0.0,0.0,0.0,0.0
revenue,Miscellaneous Receipts,Miscellaneous Receipts,2020-01-01,2025,both,0.0,0.0,0.0,0.0
revenue,Miscellaneous Receipts,Miscellaneous Receipts,2020-03-01,2020,both,0.0,0.0,0.0,0.0
revenue,Miscellaneous Receipts,Miscellaneous Receipts,2020-03-01,2021,both,0.0,0.0,0.0,0.0
revenue,Miscellaneous Receipts,Miscellaneous Receipts,2020-03-01,2022,both,0.0,0.0,0.0,0.0
revenue,Miscellaneous Receipts,Miscellaneous Receipts,2020-03-01,2023,both,0.0,0.0,0.0,0.0
revenue,Miscellaneous Receipts,Miscellaneous Receipts,2020-03-01,2024,both,0.0,0.0,0.0,0.0
revenue,Miscellaneous Receipts,Miscellaneous Receipts,2020-03-01,2025,both,0.0,0.0,0.0,0.0
revenue,Miscellaneous Receipts,Miscellaneous Receipts,2021-02-01,2021,both,0.0,0.0,0.0,0.0
revenue,Miscellaneous Receipts,Miscellaneous Receipts,2021-02-01,2022,both,0.0,0.0,0.0,0.0
revenue,Miscellaneous Receipts,Miscellaneous Receipts,2021-02-01,2023,both,0.0,0.0,0.0,0.0
revenue,Miscellaneous Receipts,Miscellaneous Receipts,2021-02-01,2024,both,0.0,0.0,0.0,0.0
revenue,Miscellaneous Receipts,Miscellaneous Receipts,2021-02-01,2025,both,0.0,0.0,0.0,0.0
revenue,Miscellaneous Receipts,Miscellaneous Receipts,2021-07-01,2021,both,0.0,0.0,0.0,0.0
revenue,Miscellaneous Receipts,Miscellaneous Receipts,2021-07-01,2022,both,0.0,0.0,0.0,0.0
revenue,Miscellaneous Receipts,Miscellaneous Receipts,2021-07-01,2023,both,0.0,0.0,0.0,0.0
revenue,Miscellaneous Receipts,Miscellaneous Receipts,2021-07-01,2024,both,0.0,0.0,0.0,0.0
revenue,Miscellaneous Receipts,Miscellaneous Receipts,2021-07-01,2025,both,0.0,0.0,0.0,0.0
revenue,Miscellaneous Receipts,Miscellaneous Receipts,2022-05-01,2022,both,0.0,0.0,0.0,0.0
revenue,Miscellaneous Receipts,Miscellaneous Receipts,2022-05-01,2023,both,0.0,0.0,0.0,0.0
revenue,Miscellaneous Receipts,Miscellaneous Receipts,2022-05-01,2024,both,0.0,0.0,0.0,0.0
revenue,Miscellaneous Receipts,Miscellaneous Receipts,2022-05-01,2025,both,0.0,0.0,0.0,0.0
revenue,Miscellaneous Receipts,Miscellaneous Receipts,2023-02-01,2023,both,0.0,0.0,0.0,0.0
revenue,Miscellaneous Receipts,Miscellaneous Receipts,2023-02-01,2024,both,0.0,0.0,0.0,0.0
revenue,Miscellaneous Receipts,Miscellaneous Receipts,2023-02-01,2025,both,0.0,0.0,0.0,0.0
revenue,Miscellaneous Receipts,Miscellaneous Receipts,2023-05-01,2023,both,0.0,0.0,0.0,0.0
revenue,Miscellaneous Receipts,Miscellaneous Receipts,2023-05-01,2024,both,0.0,0.0,0.0,0.0
revenue,Miscellaneous Receipts,Miscellaneous Receipts,2023-05-01,2025,both,0.0,0.0,0.0,0.0
revenue,Miscellaneous Receipts,Miscellaneous Receipts,2024-02-01,2024,both,0.0,0.0,0.0,0.0
revenue,Miscellaneous Receipts,Miscellaneous Receipts,2024-02-01,2025,both,0.0,0.0,0.0,0.0
revenue,Miscellaneous Receipts,Miscellaneous Receipts,2024-06-01,2024,both,0.0,0.0,0.0,0.0
revenue,Miscellaneous Receipts,Miscellaneous Receipts,2024-06-01,2025,both,0.0,0.0,0.0,0.0
revenue,Miscellaneous Receipts,Miscellaneous Receipts,2025-01-01,2025,both,0.0,0.0,0.0,0.0
revenue,Payroll Taxes,Payroll Taxes,1982-02-01,1982,both,0.0,0.0,0.0,0.0
revenue,Payroll Taxes,Payroll Taxes,1982-02-01,1983,both,0.0,0.0,0.0,0.0
revenue,Payroll Taxes,Payroll Taxes,1982-02-01,1984,both,0.0,0.0,0.0,0.0
revenue,Payroll Taxes,Payroll Taxes,1982-02-01,1985,both,0.0,0.0,0.0,0.0
revenue,Payroll Taxes,Payroll Taxes,1982-02-01,1986,both,0.0,0.0,0.0,0.0
revenue,Payroll Taxes,Payroll Taxes,1982-02-01,1987,both,0.0,0.0,0.0,0.0
revenue,Payroll Taxes,Payroll Taxes,1983-02-01,1983,both,0.0,0.0,0.0,0.0
revenue,Payroll Taxes,Payroll Taxes,1983-02-01,1984,both,0.0,0.0,0.0,0.0
revenue,Payroll Taxes,Payroll Taxes,1983-02-01,1985,both,0.0,0.0,0.0,0.0
revenue,Payroll Taxes,Payroll Taxes,1983-02-01,1986,both,0.0,0.0,0.0,0.0
revenue,Payroll Taxes,Payroll Taxes,1983-02-01,1987,both,0.0,0.0,0.0,0.0
revenue,Payroll Taxes,Payroll Taxes,1983-02-01,1988,both,0.0,0.0,0.0,0.0
revenue,Payroll Taxes,Payroll Taxes,1984-02-01,1984,both,0.0,0.0,0.0,0.0
revenue,Payroll Taxes,Payroll Taxes,1984-02-01,1985,both,0.0,0.0,0.0,0.0
revenue,Payroll Taxes,Payroll Taxes,1984-02-01,1986,both,0.0,0.0,0.0,0.0
revenue,Payroll Taxes,Payroll Taxes,1984-02-01,1987,both,0.0,0.0,0.0,0.0
revenue,Payroll Taxes,Payroll Taxes,1984-02-01,1988,both,0.0,0.0,0.0,0.0
revenue,Payroll Taxes,Payroll Taxes,1984-02-01,1989,both,0.0,0.0,0.0,0.0
revenue,Payroll Taxes,Payroll Taxes,1985-02-01,1985,both,0.0,0.0,0.0,0.0
revenue,Payroll Taxes,Payroll Taxes,1985-02-01,1986,both,0.0,0.0,0.0,0.0
revenue,Payroll Taxes,Payroll Taxes,1985-02-01,1987,both,0.0,0.0,0.0,0.0
revenue,Payroll Taxes,Payroll Taxes,1985-02-01,1988,both,0.0,0.0,0.0,0.0
revenue,Payroll Taxes,Payroll Taxes,1985-02-01,1989,both,0.0,0.0,0.0,0.0
revenue,Payroll Taxes,Payroll Taxes,1985-02-01,1990,both,0.0,0.0,0.0,0.0
revenue,Payroll Taxes,Payroll Taxes,1986-02-01,1986,both,0.0,0.0,0.0,0.0
revenue,Payroll Taxes,Payroll Taxes,1986-02-01,1987,both,0.0,0.0,0.0,0.0
revenue,Payroll Taxes,Payroll Taxes,1986-02-01,1988,both,0.0,0.0,0.0,0.0
revenue,Payroll Taxes,Payroll Taxes,1986-02-01,1989,both,0.0,0.0,0.0,0.0
revenue,Payroll Taxes,Payroll Taxes,1986-02-01,1990,both,0.0,0.0,0.0,0.0
revenue,Payroll Taxes,Payroll Taxes,1986-02-01,1991,both,0.0,0.0,0.0,0.0
revenue,Payroll Taxes,Payroll Taxes,1987-01-01,1987,both,0.0,0.0,0.0,0.0
revenue,Payroll Taxes,Payroll Taxes,1987-01-01,1988,both,0.0,0.0,0.0,0.0
revenue,Payroll Taxes,Payroll Taxes,1987-01-01,1989,both,0.0,0.0,0.0,0.0
revenue,Payroll Taxes,Payroll Taxes,1987-01-01,1990,both,0.0,0.0,0.0,0.0
revenue,Payroll Taxes,Payroll Taxes,1987-01-01,1991,both,0.0,0.0,0.0,0.0
revenue,Payroll Taxes,Payroll Taxes,1987-01-01,1992,both,0.0,0.0,0.0,0.0
revenue,Payroll Taxes,Payroll Taxes,1988-02-01,1988,both,0.0,0.0,0.0,0.0
revenue,Payroll Taxes,Payroll Taxes,1988-02-01,1989,both,0.0,0.0,0.0,0.0
revenue,Payroll Taxes,Payroll Taxes,1988-02-01,1990,both,0.0,0.0,0.0,0.0
revenue,Payroll Taxes,Payroll Taxes,1988-02-01,1991,both,0.0,0.0,0.0,0.0
revenue,Payroll Taxes,Payroll Taxes,1988-02-01,1992,both,0.0,0.0,0.0,0.0
revenue,Payroll Taxes,Payroll Taxes,1988-02-01,1993,both,0.0,0.0,0.0,0.0
revenue,Payroll Taxes,Payroll Taxes,1989-01-01,1989,both,0.0,0.0,0.0,0.0
revenue,Payroll Taxes,Payroll Taxes,1989-01-01,1990,both,0.0,0.0,0.0,0.0
revenue,Payroll Taxes,Payroll Taxes,1989-01-01,1991,both,0.0,0.0,0.0,0.0
revenue,Payroll Taxes,Payroll Taxes,1989-01-01,1992,both,0.0,0.0,0.0,0.0
revenue,Payroll Taxes,Payroll Taxes,1989-01-01,1993,both,0.0,0.0,0.0,0.0
revenue,Payroll Taxes,Payroll Taxes,1989-01-01,1994,both,0.0,0.0,0.0,0.0
revenue,Payroll Taxes,Payroll Taxes,1990-01-01,1990,both,0.0,0.0,0.0,0.0
revenue,Payroll Taxes,Payroll Taxes,1990-01-01,1991,both,0.0,0.0,0.0,0.0
revenue,Payroll Taxes,Payroll Taxes,1990-01-01,1992,both,0.0,0.0,0.0,0.0
revenue,Payroll Taxes,Payroll Taxes,1990-01-01,1993,both,0.0,0.0,0.0,0.0
revenue,Payroll Taxes,Payroll Taxes,1990-01-01,1994,both,0.0,0.0,0.0,0.0
revenue,Payroll Taxes,Payroll Taxes,1990-01-01,1995,both,0.0,0.0,0.0,0.0
revenue,Payroll Taxes,Payroll Taxes,1991-01-01,1991,both,0.0,0.0,0.0,0.0
revenue,Payroll Taxes,Payroll Taxes,1991-01-01,1992,both,0.0,0.0,0.0,0.0
revenue,Payroll Taxes,Payroll Taxes,1991-01-01,1993,both,0.0,0.0,0.0,0.0
revenue,Payroll Taxes,Payroll Taxes,1991-01-01,1994,both,0.0,0.0,0.0,0.0
revenue,Payroll Taxes,Payroll Taxes,1991-01-01,1995,both,0.0,0.0,0.0,0.0
revenue,Payroll Taxes,Payroll Taxes,1991-01-01,1996,both,0.0,0.0,0.0,0.0
revenue,Payroll Taxes,Payroll Taxes,1992-01-01,1992,both,0.0,0.0,0.0,0.0
revenue,Payroll Taxes,Payroll Taxes,1992-01-01,1993,both,0.0,0.0,0.0,0.0
revenue,Payroll Taxes,Payroll Taxes,1992-01-01,1994,both,0.0,0.0,0.0,0.0
revenue,Payroll Taxes,Payroll Taxes,1992-01-01,1995,both,0.0,0.0,0.0,0.0
revenue,Payroll Taxes,Payroll Taxes,1992-01-01,1996,both,0.0,0.0,0.0,0.0
revenue,Payroll Taxes,Payroll Taxes,1992-01-01,1997,both,0.0,0.0,0.0,0.0
revenue,Payroll Taxes,Payroll Taxes,1992-01-01,1998,both,0.0,0.0,0.0,0.0
revenue,Payroll Taxes,Payroll Taxes,1992-01-01,1999,both,0.0,0.0,0.0,0.0
revenue,Payroll Taxes,Payroll Taxes,1992-01-01,2000,both,0.0,0.0,0.0,0.0
revenue,Payroll Taxes,Payroll Taxes,1992-01-01,2001,both,0.0,0.0,0.0,0.0
revenue,Payroll Taxes,Payroll Taxes,1992-01-01,2002,both,0.0,0.0,0.0,0.0
revenue,Payroll Taxes,Payroll Taxes,1992-03-01,1992,both,0.0,0.0,0.0,0.0
revenue,Payroll Taxes,Payroll Taxes,1992-03-01,1993,both,0.0,0.0,0.0,0.0
revenue,Payroll Taxes,Payroll Taxes,1992-03-01,1994,both,0.0,0.0,0.0,0.0
revenue,Payroll Taxes,Payroll Taxes,1992-03-01,1995,both,0.0,0.0,0.0,0.0
revenue,Payroll Taxes,Payroll Taxes,1992-03-01,1996,both,0.0,0.0,0.0,0.0
revenue,Payroll Taxes,Payroll Taxes,1992-03-01,1997,both,0.0,0.0,0.0,0.0
revenue,Payroll Taxes,Payroll Taxes,1993-01-01,1993,both,0.0,0.0,0.0,0.0
revenue,Payroll Taxes,Payroll Taxes,1993-01-01,1994,both,0.0,0.0,0.0,0.0
revenue,Payroll Taxes,Payroll Taxes,1993-01-01,1995,both,0.0,0.0,0.0,0.0
revenue,Payroll Taxes,Payroll Taxes,1993-01-01,1996,both,0.0,0.0,0.0,0.0
revenue,Payroll Taxes,Payroll Taxes,1993-01-01,1997,both,0.0,0.0,0.0,0.0
revenue,Payroll Taxes,Payroll Taxes,1993-01-01,1998,both,0.0,0.0,0.0,0.0
revenue,Payroll Taxes,Payroll Taxes,1993-01-01,1999,both,0.0,0.0,0.0,0.0
revenue,Payroll Taxes,Payroll Taxes,1993-01-01,2000,both,0.0,0.0,0.0,0.0
revenue,Payroll Taxes,Payroll Taxes,1993-01-01,2001,both,0.0,0.0,0.0,0.0
revenue,Payroll Taxes,Payroll Taxes,1993-01-01,2002,both,0.0,0.0,0.0,0.0
revenue,Payroll Taxes,Payroll Taxes,1993-01-01,2003,both,0.0,0.0,0.0,0.0
revenue,Payroll Taxes,Payroll Taxes,1993-03-01,1993,both,0.0,0.0,0.0,0.0
revenue,Payroll Taxes,Payroll Taxes,1993-03-01,1994,both,0.0,0.0,0.0,0.0
revenue,Payroll Taxes,Payroll Taxes,1993-03-01,1995,both,0.0,0.0,0.0,0.0
revenue,Payroll Taxes,Payroll Taxes,1993-03-01,1996,both,0.0,0.0,0.0,0.0
revenue,Payroll Taxes,Payroll Taxes,1993-03-01,1997,both,0.0,0.0,0.0,0.0
revenue,Payroll Taxes,Payroll Taxes,1993-03-01,1998,both,0.0,0.0,0.0,0.0
revenue,Payroll Taxes,Payroll Taxes,1993-03-01,1999,both,0.0,0.0,0.0,0.0
revenue,Payroll Taxes,Payroll Taxes,1993-03-01,2000,both,0.0,0.0,0.0,0.0
revenue,Payroll Taxes,Payroll Taxes,1993-03-01,2001,both,0.0,0.0,0.0,0.0
revenue,Payroll Taxes,Payroll Taxes,1993-03-01,2002,both,0.0,0.0,0.0,0.0
revenue,Payroll Taxes,Payroll Taxes,1993-03-01,2003,both,0.0,0.0,0.0,0.0
revenue,Payroll Taxes,Payroll Taxes,1994-01-01,1994,both,0.0,0.0,0.0,0.0
revenue,Payroll Taxes,Payroll Taxes,1994-01-01,1995,both,0.0,0.0,0.0,0.0
revenue,Payroll Taxes,Payroll Taxes,1994-01-01,1996,both,0.0,0.0,0.0,0.0
revenue,Payroll Taxes,Payroll Taxes,1994-01-01,1997,both,0.0,0.0,0.0,0.0
revenue,Payroll Taxes,Payroll Taxes,1994-01-01,1998,both,0.0,0.0,0.0,0.0
revenue,Payroll Taxes,Payroll Taxes,1994-01-01,1999,both,0.0,0.0,0.0,0.0
revenue,Payroll Taxes,Payroll Taxes,1994-01-01,2000,both,0.0,0.0,0.0,0.0
revenue,Payroll Taxes,Payroll Taxes,1994-01-01,2001,both,0.0,0.0,0.0,0.0
revenue,Payroll Taxes,Payroll Taxes,1994-01-01,2002,both,0.0,0.0,0.0,0.0
revenue,Payroll Taxes,Payroll Taxes,1994-01-01,2003,both,0.0,0.0,0.0,0.0
revenue,Payroll Taxes,Payroll Taxes,1994-01-01,2004,both,0.0,0.0,0.0,0.0
revenue,Payroll Taxes,Payroll Taxes,1995-01-01,1995,both,0.0,0.0,0.0,0.0
revenue,Payroll Taxes,Payroll Taxes,1995-01-01,1996,both,0.0,0.0,0.0,0.0
revenue,Payroll Taxes,Payroll Taxes,1995-01-01,1997,both,0.0,0.0,0.0,0.0
revenue,Payroll Taxes,Payroll Taxes,1995-01-01,1998,both,0.0,0.0,0.0,0.0
revenue,Payroll Taxes,Payroll Taxes,1995-01-01,1999,both,0.0,0.0,0.0,0.0
revenue,Payroll Taxes,Payroll Taxes,1995-01-01,2000,both,0.0,0.0,0.0,0.0
revenue,Payroll Taxes,Payroll Taxes,1995-01-01,2001,both,0.0,0.0,0.0,0.0
revenue,Payroll Taxes,Payroll Taxes,1995-01-01,2002,both,0.0,0.0,0.0,0.0
revenue,Payroll Taxes,Payroll Taxes,1995-01-01,2003,both,0.0,0.0,0.0,0.0
revenue,Payroll Taxes,Payroll Taxes,1995-01-01,2004,both,0.0,0.0,0.0,0.0
revenue,Payroll Taxes,Payroll Taxes,1995-01-01,2005,both,0.0,0.0,0.0,0.0
revenue,Payroll Taxes,Payroll Taxes,1996-05-01,1996,both,0.0,0.0,0.0,0.0
revenue,Payroll Taxes,Payroll Taxes,1996-05-01,1997,both,0.0,0.0,0.0,0.0
revenue,Payroll Taxes,Payroll Taxes,1996-05-01,1998,both,0.0,0.0,0.0,0.0
revenue,Payroll Taxes,Payroll Taxes,1996-05-01,1999,both,0.0,0.0,0.0,0.0
revenue,Payroll Taxes,Payroll Taxes,1996-05-01,2000,both,0.0,0.0,0.0,0.0
revenue,Payroll Taxes,Payroll Taxes,1996-05-01,2001,both,0.0,0.0,0.0,0.0
revenue,Payroll Taxes,Payroll Taxes,1996-05-01,2002,both,0.0,0.0,0.0,0.0
revenue,Payroll Taxes,Payroll Taxes,1996-05-01,2003,both,0.0,0.0,0.0,0.0
revenue,Payroll Taxes,Payroll Taxes,1996-05-01,2004,both,0.0,0.0,0.0,0.0
revenue,Payroll Taxes,Payroll Taxes,1996-05-01,2005,both,0.0,0.0,0.0,0.0
revenue,Payroll Taxes,Payroll Taxes,1996-05-01,2006,both,0.0,0.0,0.0,0.0
revenue,Payroll Taxes,Payroll Taxes,1997-01-01,1997,both,0.0,0.0,0.0,0.0
revenue,Payroll Taxes,Payroll Taxes,1997-01-01,1998,both,0.0,0.0,0.0,0.0
revenue,Payroll Taxes,Payroll Taxes,1997-01-01,1999,both,0.0,0.0,0.0,0.0
revenue,Payroll Taxes,Payroll Taxes,1997-01-01,2000,both,0.0,0.0,0.0,0.0
revenue,Payroll Taxes,Payroll Taxes,1997-01-01,2001,both,0.0,0.0,0.0,0.0
revenue,Payroll Taxes,Payroll Taxes,1997-01-01,2002,both,0.0,0.0,0.0,0.0
revenue,Payroll Taxes,Payroll Taxes,1997-01-01,2003,both,0.0,0.0,0.0,0.0
revenue,Payroll Taxes,Payroll Taxes,1997-01-01,2004,both,0.0,0.0,0.0,0.0
revenue,Payroll Taxes,Payroll Taxes,1997-01-01,2005,both,0.0,0.0,0.0,0.0
revenue,Payroll Taxes,Payroll Taxes,1997-01-01,2006,both,0.0,0.0,0.0,0.0
revenue,Payroll Taxes,Payroll Taxes,1997-01-01,2007,both,0.0,0.0,0.0,0.0
revenue,Payroll Taxes,Payroll Taxes,1997-03-01,1997,both,0.0,0.0,0.0,0.0
revenue,Payroll Taxes,Payroll Taxes,1997-03-01,1998,both,0.0,0.0,0.0,0.0
revenue,Payroll Taxes,Payroll Taxes,1997-03-01,1999,both,0.0,0.0,0.0,0.0
revenue,Payroll Taxes,Payroll Taxes,1997-03-01,2000,both,0.0,0.0,0.0,0.0
revenue,Payroll Taxes,Payroll Taxes,1997-03-01,2001,both,0.0,0.0,0.0,0.0
revenue,Payroll Taxes,Payroll Taxes,1997-03-01,2002,both,0.0,0.0,0.0,0.0
revenue,Payroll Taxes,Payroll Taxes,1997-03-01,2003,both,0.0,0.0,0.0,0.0
revenue,Payroll Taxes,Payroll Taxes,1997-03-01,2004,both,0.0,0.0,0.0,0.0
revenue,Payroll Taxes,Payroll Taxes,1997-03-01,2005,both,0.0,0.0,0.0,0.0
revenue,Payroll Taxes,Payroll Taxes,1997-03-01,2006,both,0.0,0.0,0.0,0.0
revenue,Payroll Taxes,Payroll Taxes,1997-03-01,2007,both,0.0,0.0,0.0,0.0
revenue,Payroll Taxes,Payroll Taxes,1998-01-01,1998,both,0.0,0.0,0.0,0.0
revenue,Payroll Taxes,Payroll Taxes,1998-01-01,1999,both,0.0,0.0,0.0,0.0
revenue,Payroll Taxes,Payroll Taxes,1998-01-01,2000,both,0.0,0.0,0.0,0.0
revenue,Payroll Taxes,Payroll Taxes,1998-01-01,2001,both,0.0,0.0,0.0,0.0
revenue,Payroll Taxes,Payroll Taxes,1998-01-01,2002,both,0.0,0.0,0.0,0.0
revenue,Payroll Taxes,Payroll Taxes,1998-01-01,2003,both,0.0,0.0,0.0,0.0
revenue,Payroll Taxes,Payroll Taxes,1998-01-01,2004,both,0.0,0.0,0.0,0.0
revenue,Payroll Taxes,Payroll Taxes,1998-01-01,2005,both,0.0,0.0,0.0,0.0
revenue,Payroll Taxes,Payroll Taxes,1998-01-01,2006,both,0.0,0.0,0.0,0.0
revenue,Payroll Taxes,Payroll Taxes,1998-01-01,2007,both,0.0,0.0,0.0,0.0
revenue,Payroll Taxes,Payroll Taxes,1998-01-01,2008,both,0.0,0.0,0.0,0.0
revenue,Payroll Taxes,Payroll Taxes,1998-03-01,1998,both,0.0,0.0,0.0,0.0
revenue,Payroll Taxes,Payroll Taxes,1998-03-01,1999,both,0.0,0.0,0.0,0.0
revenue,Payroll Taxes,Payroll Taxes,1998-03-01,2000,both,0.0,0.0,0.0,0.0
revenue,Payroll Taxes,Payroll Taxes,1998-03-01,2001,both,0.0,0.0,0.0,0.0
revenue,Payroll Taxes,Payroll Taxes,1998-03-01,2002,both,0.0,0.0,0.0,0.0
revenue,Payroll Taxes,Payroll Taxes,1998-03-01,2003,both,0.0,0.0,0.0,0.0
revenue,Payroll Taxes,Payroll Taxes,1998-03-01,2004,both,0.0,0.0,0.0,0.0
revenue,Payroll Taxes,Payroll Taxes,1998-03-01,2005,both,0.0,0.0,0.0,0.0
revenue,Payroll Taxes,Payroll Taxes,1998-03-01,2006,both,0.0,0.0,0.0,0.0
revenue,Payroll Taxes,Payroll Taxes,1998-03-01,2007,both,0.0,0.0,0.0,0.0
revenue,Payroll Taxes,Payroll Taxes,1998-03-01,2008,both,0.0,0.0,0.0,0.0
revenue,Payroll Taxes,Payroll Taxes,1999-01-01,1999,both,0.0,0.0,0.0,0.0
revenue,Payroll Taxes,Payroll Taxes,1999-01-01,2000,both,0.0,0.0,0.0,0.0
revenue,Payroll Taxes,Payroll Taxes,1999-01-01,2001,both,0.0,0.0,0.0,0.0
revenue,Payroll Taxes,Payroll Taxes,1999-01-01,2002,both,0.0,0.0,0.0,0.0
revenue,Payroll Taxes,Payroll Taxes,1999-01-01,2003,both,0.0,0.0,0.0,0.0
revenue,Payroll Taxes,Payroll Taxes,1999-01-01,2004,both,0.0,0.0,0.0,0.0
revenue,Payroll Taxes,Payroll Taxes,1999-01-01,2005,both,0.0,0.0,0.0,0.0
revenue,Payroll Taxes,Payroll Taxes,1999-01-01,2006,both,0.0,0.0,0.0,0.0
revenue,Payroll Taxes,Payroll Taxes,1999-01-01,2007,both,0.0,0.0,0.0,0.0
revenue,Payroll Taxes,Payroll Taxes,1999-01-01,2008,both,0.0,0.0,0.0,0.0
revenue,Payroll Taxes,Payroll Taxes,1999-01-01,2009,both,0.0,0.0,0.0,0.0
revenue,Payroll Taxes,Payroll Taxes,2000-01-01,2000,both,0.0,0.0,0.0,0.0
revenue,Payroll Taxes,Payroll Taxes,2000-01-01,2001,both,0.0,0.0,0.0,0.0
revenue,Payroll Taxes,Payroll Taxes,2000-01-01,2002,both,0.0,0.0,0.0,0.0
revenue,Payroll Taxes,Payroll Taxes,2000-01-01,2003,both,0.0,0.0,0.0,0.0
revenue,Payroll Taxes,Payroll Taxes,2000-01-01,2004,both,0.0,0.0,0.0,0.0
revenue,Payroll Taxes,Payroll Taxes,2000-01-01,2005,both,0.0,0.0,0.0,0.0
revenue,Payroll Taxes,Payroll Taxes,2000-01-01,2006,both,0.0,0.0,0.0,0.0
revenue,Payroll Taxes,Payroll Taxes,2000-01-01,2007,both,0.0,0.0,0.0,0.0
revenue,Payroll Taxes,Payroll Taxes,2000-01-01,2008,both,0.0,0.0,0.0,0.0
revenue,Payroll Taxes,Payroll Taxes,2000-01-01,2009,both,0.0,0.0,0.0,0.0
revenue,Payroll Taxes,Payroll Taxes,2000-01-01,2010,both,0.0,0.0,0.0,0.0
revenue,Payroll Taxes,Payroll Taxes,2001-01-01,2001,both,0.0,0.0,0.0,0.0
revenue,Payroll Taxes,Payroll Taxes,2001-01-01,2002,both,0.0,0.0,0.0,0.0
revenue,Payroll Taxes,Payroll Taxes,2001-01-01,2003,both,0.0,0.0,0.0,0.0
revenue,Payroll Taxes,Payroll Taxes,2001-01-01,2004,both,0.0,0.0,0.0,0.0
revenue,Payroll Taxes,Payroll Taxes,2001-01-01,2005,both,0.0,0.0,0.0,0.0
revenue,Payroll Taxes,Payroll Taxes,2001-01-01,2006,both,0.0,0.0,0.0,0.0
revenue,Payroll Taxes,Payroll Taxes,2001-01-01,2007,both,0.0,0.0,0.0,0.0
revenue,Payroll Taxes,Payroll Taxes,2001-01-01,2008,both,0.0,0.0,0.0,0.0
revenue,Payroll Taxes,Payroll Taxes,2001-01-01,2009,both,0.0,0.0,0.0,0.0
revenue,Payroll Taxes,Payroll Taxes,2001-01-01,2010,both,0.0,0.0,0.0,0.0
revenue,Payroll Taxes,Payroll Taxes,2001-01-01,2011,both,0.0,0.0,0.0,0.0
revenue,Payroll Taxes,Payroll Taxes,2001-05-01,2001,both,0.0,0.0,0.0,0.0
revenue,Payroll Taxes,Payroll Taxes,2001-05-01,2002,both,0.0,0.0,0.0,0.0
revenue,Payroll Taxes,Payroll Taxes,2001-05-01,2003,both,0.0,0.0,0.0,0.0
revenue,Payroll Taxes,Payroll Taxes,2001-05-01,2004,both,0.0,0.0,0.0,0.0
revenue,Payroll Taxes,Payroll Taxes,2001-05-01,2005,both,0.0,0.0,0.0,0.0
revenue,Payroll Taxes,Payroll Taxes,2001-05-01,2006,both,0.0,0.0,0.0,0.0
revenue,Payroll Taxes,Payroll Taxes,2001-05-01,2007,both,0.0,0.0,0.0,0.0
revenue,Payroll Taxes,Payroll Taxes,2001-05-01,2008,both,0.0,0.0,0.0,0.0
revenue,Payroll Taxes,Payroll Taxes,2001-05-01,2009,both,0.0,0.0,0.0,0.0
revenue,Payroll Taxes,Payroll Taxes,2001-05-01,2010,both,0.0,0.0,0.0,0.0
revenue,Payroll Taxes,Payroll Taxes,2001-05-01,2011,both,0.0,0.0,0.0,0.0
revenue,Payroll Taxes,Payroll Taxes,2002-01-01,2002,both,0.0,0.0,0.0,0.0
revenue,Payroll Taxes,Payroll Taxes,2002-01-01,2003,both,0.0,0.0,0.0,0.0
revenue,Payroll Taxes,Payroll Taxes,2002-01-01,2004,both,0.0,0.0,0.0,0.0
revenue,Payroll Taxes,Payroll Taxes,2002-01-01,2005,both,0.0,0.0,0.0,0.0
revenue,Payroll Taxes,Payroll Taxes,2002-01-01,2006,both,0.0,0.0,0.0,0.0
revenue,Payroll Taxes,Payroll Taxes,2002-01-01,2007,both,0.0,0.0,0.0,0.0
revenue,Payroll Taxes,Payroll Taxes,2002-01-01,2008,both,0.0,0.0,0.0,0.0
revenue,Payroll Taxes,Payroll Taxes,2002-01-01,2009,both,0.0,0.0,0.0,0.0
revenue,Payroll Taxes,Payroll Taxes,2002-01-01,2010,both,0.0,0.0,0.0,0.0
revenue,Payroll Taxes,Payroll Taxes,2002-01-01,2011,both,0.0,0.0,0.0,0.0
revenue,Payroll Taxes,Payroll Taxes,2002-01-01,2012,both,0.0,0.0,0.0,0.0
revenue,Payroll Taxes,Payroll Taxes,2002-03-01,2002,both,0.0,0.0,0.0,0.0
revenue,Payroll Taxes,Payroll Taxes,2002-03-01,2003,both,0.0,0.0,0.0,0.0
revenue,Payroll Taxes,Payroll Taxes,2002-03-01,2004,both,0.0,0.0,0.0,0.0
revenue,Payroll Taxes,Payroll Taxes,2002-03-01,2005,both,0.0,0.0,0.0,0.0
revenue,Payroll Taxes,Payroll Taxes,2002-03-01,2006,both,0.0,0.0,0.0,0.0
revenue,Payroll Taxes,Payroll Taxes,2002-03-01,2007,both,0.0,0.0,0.0,0.0
revenue,Payroll Taxes,Payroll Taxes,2002-03-01,2008,both,0.0,0.0,0.0,0.0
revenue,Payroll Taxes,Payroll Taxes,2002-03-01,2009,both,0.0,0.0,0.0,0.0
revenue,Payroll Taxes,Payroll Taxes,2002-03-01,2010,both,0.0,0.0,0.0,0.0
revenue,Payroll Taxes,Payroll Taxes,2002-03-01,2011,both,0.0,0.0,0.0,0.0
revenue,Payroll Taxes,Payroll Taxes,2002-03-01,2012,both,0.0,0.0,0.0,0.0
revenue,Payroll Taxes,Payroll Taxes,2003-01-01,2003,both,0.0,0.0,0.0,0.0
revenue,Payroll Taxes,Payroll Taxes,2003-01-01,2004,both,0.0,0.0,0.0,0.0
revenue,Payroll Taxes,Payroll Taxes,2003-01-01,2005,both,0.0,0.0,0.0,0.0
revenue,Payroll Taxes,Payroll Taxes,2003-01-01,2006,both,0.0,0.0,0.0,0.0
revenue,Payroll Taxes,Payroll Taxes,2003-01-01,2007,both,0.0,0.0,0.0,0.0
revenue,Payroll Taxes,Payroll Taxes,2003-01-01,2008,both,0.0,0.0,0.0,0.0
revenue,Payroll Taxes,Payroll Taxes,2003-01-01,2009,both,0.0,0.0,0.0,0.0
revenue,Payroll Taxes,Payroll Taxes,2003-01-01,2010,both,0.0,0.0,0.0,0.0
revenue,Payroll Taxes,Payroll Taxes,2003-01-01,2011,both,0.0,0.0,0.0,0.0
revenue,Payroll Taxes,Payroll Taxes,2003-01-01,2012,both,0.0,0.0,0.0,0.0
revenue,Payroll Taxes,Payroll Taxes,2003-01-01,2013,both,0.0,0.0,0.0,0.0
revenue,Payroll Taxes,Payroll Taxes,2003-03-01,2003,both,0.0,0.0,0.0,0.0
revenue,Payroll Taxes,Payroll Taxes,2003-03-01,2004,both,0.0,0.0,0.0,0.0
revenue,Payroll Taxes,Payroll Taxes,2003-03-01,2005,both,0.0,0.0,0.0,0.0
revenue,Payroll Taxes,Payroll Taxes,2003-03-01,2006,both,0.0,0.0,0.0,0.0
revenue,Payroll Taxes,Payroll Taxes,2003-03-01,2007,both,0.0,0.0,0.0,0.0
revenue,Payroll Taxes,Payroll Taxes,2003-03-01,2008,both,0.0,0.0,0.0,0.0
revenue,Payroll Taxes,Payroll Taxes,2003-03-01,2009,both,0.0,0.0,0.0,0.0
revenue,Payroll Taxes,Payroll Taxes,2003-03-01,2010,both,0.0,0.0,0.0,0.0
revenue,Payroll Taxes,Payroll Taxes,2003-03-01,2011,both,0.0,0.0,0.0,0.0
revenue,Payroll Taxes,Payroll Taxes,2003-03-01,2012,both,0.0,0.0,0.0,0.0
revenue,Payroll Taxes,Payroll Taxes,2003-03-01,2013,both,0.0,0.0,0.0,0.0
revenue,Payroll Taxes,Payroll Taxes,2004-01-01,2004,both,0.0,0.0,0.0,0.0
revenue,Payroll Taxes,Payroll Taxes,2004-01-01,2005,both,0.0,0.0,0.0,0.0
revenue,Payroll Taxes,Payroll Taxes,2004-01-01,2006,both,0.0,0.0,0.0,0.0
revenue,Payroll Taxes,Payroll Taxes,2004-01-01,2007,both,0.0,0.0,0.0,0.0
revenue,Payroll Taxes,Payroll Taxes,2004-01-01,2008,both,0.0,0.0,0.0,0.0
revenue,Payroll Taxes,Payroll Taxes,2004-01-01,2009,both,0.0,0.0,0.0,0.0
revenue,Payroll Taxes,Payroll Taxes,2004-01-01,2010,both,0.0,0.0,0.0,0.0
revenue,Payroll Taxes,Payroll Taxes,2004-01-01,2011,both,0.0,0.0,0.0,0.0
revenue,Payroll Taxes,Payroll Taxes,2004-01-01,2012,both,0.0,0.0,0.0,0.0
revenue,Payroll Taxes,Payroll Taxes,2004-01-01,2013,both,0.0,0.0,0.0,0.0
revenue,Payroll Taxes,Payroll Taxes,2004-01-01,2014,both,0.0,0.0,0.0,0.0
revenue,Payroll Taxes,Payroll Taxes,2004-03-01,2004,both,0.0,0.0,0.0,0.0
revenue,Payroll Taxes,Payroll Taxes,2004-03-01,2005,both,0.0,0.0,0.0,0.0
revenue,Payroll Taxes,Payroll Taxes,2004-03-01,2006,both,0.0,0.0,0.0,0.0
revenue,Payroll Taxes,Payroll Taxes,2004-03-01,2007,both,0.0,0.0,0.0,0.0
revenue,Payroll Taxes,Payroll Taxes,2004-03-01,2008,both,0.0,0.0,0.0,0.0
revenue,Payroll Taxes,Payroll Taxes,2004-03-01,2009,both,0.0,0.0,0.0,0.0
revenue,Payroll Taxes,Payroll Taxes,2004-03-01,2010,both,0.0,0.0,0.0,0.0
revenue,Payroll Taxes,Payroll Taxes,2004-03-01,2011,both,0.0,0.0,0.0,0.0
revenue,Payroll Taxes,Payroll Taxes,2004-03-01,2012,both,0.0,0.0,0.0,0.0
revenue,Payroll Taxes,Payroll Taxes,2004-03-01,2013,both,0.0,0.0,0.0,0.0
revenue,Payroll Taxes,Payroll Taxes,2004-03-01,2014,both,0.0,0.0,0.0,0.0
revenue,Payroll Taxes,Payroll Taxes,2005-01-01,2005,both,0.0,0.0,0.0,0.0
revenue,Payroll Taxes,Payroll Taxes,2005-01-01,2006,both,0.0,0.0,0.0,0.0
revenue,Payroll Taxes,Payroll Taxes,2005-01-01,2007,both,0.0,0.0,0.0,0.0
revenue,Payroll Taxes,Payroll Taxes,2005-01-01,2008,both,0.0,0.0,0.0,0.0
revenue,Payroll Taxes,Payroll Taxes,2005-01-01,2009,both,0.0,0.0,0.0,0.0
revenue,Payroll Taxes,Payroll Taxes,2005-01-01,2010,both,0.0,0.0,0.0,0.0
revenue,Payroll Taxes,Payroll Taxes,2005-01-01,2011,both,0.0,0.0,0.0,0.0
revenue,Payroll Taxes,Payroll Taxes,2005-01-01,2012,both,0.0,0.0,0.0,0.0
revenue,Payroll Taxes,Payroll Taxes,2005-01-01,2013,both,0.0,0.0,0.0,0.0
revenue,Payroll Taxes,Payroll Taxes,2005-01-01,2014,both,0.0,0.0,0.0,0.0
revenue,Payroll Taxes,Payroll Taxes,2005-01-01,2015,both,0.0,0.0,0.0,0.0
revenue,Payroll Taxes,Payroll Taxes,2005-03-01,2005,both,0.0,0.0,0.0,0.0
revenue,Payroll Taxes,Payroll Taxes,2005-03-01,2006,both,0.0,0.0,0.0,0.0
revenue,Payroll Taxes,Payroll Taxes,2005-03-01,2007,both,0.0,0.0,0.0,0.0
revenue,Payroll Taxes,Payroll Taxes,2005-03-01,2008,both,0.0,0.0,0.0,0.0
revenue,Payroll Taxes,Payroll Taxes,2005-03-01,2009,both,0.0,0.0,0.0,0.0
revenue,Payroll Taxes,Payroll Taxes,2005-03-01,2010,both,0.0,0.0,0.0,0.0
revenue,Payroll Taxes,Payroll Taxes,2005-03-01,2011,both,0.0,0.0,0.0,0.0
revenue,Payroll Taxes,Payroll Taxes,2005-03-01,2012,both,0.0,0.0,0.0,0.0
revenue,Payroll Taxes,Payroll Taxes,2005-03-01,2013,both,0.0,0.0,0.0,0.0
revenue,Payroll Taxes,Payroll Taxes,2005-03-01,2014,both,0.0,0.0,0.0,0.0
revenue,Payroll Taxes,Payroll Taxes,2005-03-01,2015,both,0.0,0.0,0.0,0.0
revenue,Payroll Taxes,Payroll Taxes,2006-01-01,2006,both,0.0,0.0,0.0,0.0
revenue,Payroll Taxes,Payroll Taxes,2006-01-01,2007,both,0.0,0.0,0.0,0.0
revenue,Payroll Taxes,Payroll Taxes,2006-01-01,2008,both,0.0,0.0,0.0,0.0
revenue,Payroll Taxes,Payroll Taxes,2006-01-01,2009,both,0.0,0.0,0.0,0.0
revenue,Payroll Taxes,Payroll Taxes,2006-01-01,2010,both,0.0,0.0,0.0,0.0
revenue,Payroll Taxes,Payroll Taxes,2006-01-01,2011,both,0.0,0.0,0.0,0.0
revenue,Payroll Taxes,Payroll Taxes,2006-01-01,2012,both,0.0,0.0,0.0,0.0
revenue,Payroll Taxes,Payroll Taxes,2006-01-01,2013,both,0.0,0.0,0.0,0.0
revenue,Payroll Taxes,Payroll Taxes,2006-01-01,2014,both,0.0,0.0,0.0,0.0
revenue,Payroll Taxes,Payroll Taxes,2006-01-01,2015,both,0.0,0.0,0.0,0.0
revenue,Payroll Taxes,Payroll Taxes,2006-01-01,2016,both,0.0,0.0,0.0,0.0
revenue,Payroll Taxes,Payroll Taxes,2006-03-01,2006,both,0.0,0.0,0.0,0.0
revenue,Payroll Taxes,Payroll Taxes,2006-03-01,2007,both,0.0,0.0,0.0,0.0
revenue,Payroll Taxes,Payroll Taxes,2006-03-01,2008,both,0.0,0.0,0.0,0.0
revenue,Payroll Taxes,Payroll Taxes,2006-03-01,2009,both,0.0,0.0,0.0,0.0
revenue,Payroll Taxes,Payroll Taxes,2006-03-01,2010,both,0.0,0.0,0.0,0.0
revenue,Payroll Taxes,Payroll Taxes,2006-03-01,2011,both,0.0,0.0,0.0,0.0
revenue,Payroll Taxes,Payroll Taxes,2006-03-01,2012,both,0.0,0.0,0.0,0.0
revenue,Payroll Taxes,Payroll Taxes,2006-03-01,2013,both,0.0,0.0,0.0,0.0
revenue,Payroll Taxes,Payroll Taxes,2006-03-01,2014,both,0.0,0.0,0.0,0.0
revenue,Payroll Taxes,Payroll Taxes,2006-03-01,2015,both,0.0,0.0,0.0,0.0
revenue,Payroll Taxes,Payroll Taxes,2006-03-01,2016,both,0.0,0.0,0.0,0.0
revenue,Payroll Taxes,Payroll Taxes,2007-01-01,2007,both,0.0,0.0,0.0,0.0
revenue,Payroll Taxes,Payroll Taxes,2007-01-01,2008,both,0.0,0.0,0.0,0.0
revenue,Payroll Taxes,Payroll Taxes,2007-01-01,2009,both,0.0,0.0,0.0,0.0
revenue,Payroll Taxes,Payroll Taxes,2007-01-01,2010,both,0.0,0.0,0.0,0.0
revenue,Payroll Taxes,Payroll Taxes,2007-01-01,2011,both,0.0,0.0,0.0,0.0
revenue,Payroll Taxes,Payroll Taxes,2007-01-01,2012,both,0.0,0.0,0.0,0.0
revenue,Payroll Taxes,Payroll Taxes,2007-01-01,2013,both,0.0,0.0,0.0,0.0
revenue,Payroll Taxes,Payroll Taxes,2007-01-01,2014,both,0.0,0.0,0.0,0.0
revenue,Payroll Taxes,Payroll Taxes,2007-01-01,2015,both,0.0,0.0,0.0,0.0
revenue,Payroll Taxes,Payroll Taxes,2007-01-01,2016,both,0.0,0.0,0.0,0.0
revenue,Payroll Taxes,Payroll Taxes,2007-01-01,2017,both,0.0,0.0,0.0,0.0
revenue,Payroll Taxes,Payroll Taxes,2007-03-01,2007,both,0.0,0.0,0.0,0.0
revenue,Payroll Taxes,Payroll Taxes,2007-03-01,2008,both,0.0,0.0,0.0,0.0
revenue,Payroll Taxes,Payroll Taxes,2007-03-01,2009,both,0.0,0.0,0.0,0.0
revenue,Payroll Taxes,Payroll Taxes,2007-03-01,2010,both,0.0,0.0,0.0,0.0
revenue,Payroll Taxes,Payroll Taxes,2007-03-01,2011,both,0.0,0.0,0.0,0.0
revenue,Payroll Taxes,Payroll Taxes,2007-03-01,2012,both,0.0,0.0,0.0,0.0
revenue,Payroll Taxes,Payroll Taxes,2007-03-01,2013,both,0.0,0.0,0.0,0.0
revenue,Payroll Taxes,Payroll Taxes,2007-03-01,2014,both,0.0,0.0,0.0,0.0
revenue,Payroll Taxes,Payroll Taxes,2007-03-01,2015,both,0.0,0.0,0.0,0.0
revenue,Payroll Taxes,Payroll Taxes,2007-03-01,2016,both,0.0,0.0,0.0,0.0
revenue,Payroll Taxes,Payroll Taxes,2007-03-01,2017,both,0.0,0.0,0.0,0.0
revenue,Payroll Taxes,Payroll Taxes,2008-01-01,2008,both,0.0,0.0,0.0,0.0
revenue,Payroll Taxes,Payroll Taxes,2008-01-01,2009,both,0.0,0.0,0.0,0.0
revenue,Payroll Taxes,Payroll Taxes,2008-01-01,2010,both,0.0,0.0,0.0,0.0
revenue,Payroll Taxes,Payroll Taxes,2008-01-01,2011,both,0.0,0.0,0.0,0.0
revenue,Payroll Taxes,Payroll Taxes,2008-01-01,2012,both,0.0,0.0,0.0,0.0
revenue,Payroll Taxes,Payroll Taxes,2008-01-01,2013,both,0.0,0.0,0.0,0.0
revenue,Payroll Taxes,Payroll Taxes,2008-01-01,2014,both,0.0,0.0,0.0,0.0
revenue,Payroll Taxes,Payroll Taxes,2008-01-01,2015,both,0.0,0.0,0.0,0.0
revenue,Payroll Taxes,Payroll Taxes,2008-01-01,2016,both,0.0,0.0,0.0,0.0
revenue,Payroll Taxes,Payroll Taxes,2008-01-01,2017,both,0.0,0.0,0.0,0.0
revenue,Payroll Taxes,Payroll Taxes,2008-01-01,2018,both,0.0,0.0,0.0,0.0
revenue,Payroll Taxes,Payroll Taxes,2008-03-01,2008,both,0.0,0.0,0.0,0.0
revenue,Payroll Taxes,Payroll Taxes,2008-03-01,2009,both,0.0,0.0,0.0,0.0
revenue,Payroll Taxes,Payroll Taxes,2008-03-01,2010,both,0.0,0.0,0.0,0.0
revenue,Payroll Taxes,Payroll Taxes,2008-03-01,2011,both,0.0,0.0,0.0,0.0
revenue,Payroll Taxes,Payroll Taxes,2008-03-01,2012,both,0.0,0.0,0.0,0.0
revenue,Payroll Taxes,Payroll Taxes,2008-03-01,2013,both,0.0,0.0,0.0,0.0
revenue,Payroll Taxes,Payroll Taxes,2008-03-01,2014,both,0.0,0.0,0.0,0.0
revenue,Payroll Taxes,Payroll Taxes,2008-03-01,2015,both,0.0,0.0,0.0,0.0
revenue,Payroll Taxes,Payroll Taxes,2008-03-01,2016,both,0.0,0.0,0.0,0.0
revenue,Payroll Taxes,Payroll Taxes,2008-03-01,2017,both,0.0,0.0,0.0,0.0
revenue,Payroll Taxes,Payroll Taxes,2008-03-01,2018,both,0.0,0.0,0.0,0.0
revenue,Payroll Taxes,Payroll Taxes,2009-01-01,2009,both,0.0,0.0,0.0,0.0
revenue,Payroll Taxes,Payroll Taxes,2009-01-01,2010,both,0.0,0.0,0.0,0.0
revenue,Payroll Taxes,Payroll Taxes,2009-01-01,2011,both,0.0,0.0,0.0,0.0
revenue,Payroll Taxes,Payroll Taxes,2009-01-01,2012,both,0.0,0.0,0.0,0.0
revenue,Payroll Taxes,Payroll Taxes,2009-01-01,2013,both,0.0,0.0,0.0,0.0
revenue,Payroll Taxes,Payroll Taxes,2009-01-01,2014,both,0.0,0.0,0.0,0.0
revenue,Payroll Taxes,Payroll Taxes,2009-01-01,2015,both,0.0,0.0,0.0,0.0
revenue,Payroll Taxes,Payroll Taxes,2009-01-01,2016,both,0.0,0.0,0.0,0.0
revenue,Payroll Taxes,Payroll Taxes,2009-01-01,2017,both,0.0,0.0,0.0,0.0
revenue,Payroll Taxes,Payroll Taxes,2009-01-01,2018,both,0.0,0.0,0.0,0.0
revenue,Payroll Taxes,Payroll Taxes,2009-01-01,2019,both,0.0,0.0,0.0,0.0
revenue,Payroll Taxes,Payroll Taxes,2009-03-01,2009,both,0.0,0.0,0.0,0.0
revenue,Payroll Taxes,Payroll Taxes,2009-03-01,2010,both,0.0,0.0,0.0,0.0
revenue,Payroll Taxes,Payroll Taxes,2009-03-01,2011,both,0.0,0.0,0.0,0.0
revenue,Payroll Taxes,Payroll Taxes,2009-03-01,2012,both,0.0,0.0,0.0,0.0
revenue,Payroll Taxes,Payroll Taxes,2009-03-01,2013,both,0.0,0.0,0.0,0.0
revenue,Payroll Taxes,Payroll Taxes,2009-03-01,2014,both,0.0,0.0,0.0,0.0
revenue,Payroll Taxes,Payroll Taxes,2009-03-01,2015,both,0.0,0.0,0.0,0.0
revenue,Payroll Taxes,Payroll Taxes,2009-03-01,2016,both,0.0,0.0,0.0,0.0
revenue,Payroll Taxes,Payroll Taxes,2009-03-01,2017,both,0.0,0.0,0.0,0.0
revenue,Payroll Taxes,Payroll Taxes,2009-03-01,2018,both,0.0,0.0,0.0,0.0
revenue,Payroll Taxes,Payroll Taxes,2009-03-01,2019,both,0.0,0.0,0.0,0.0
revenue,Payroll Taxes,Payroll Taxes,2010-01-01,2010,both,0.0,0.0,0.0,0.0
revenue,Payroll Taxes,Payroll Taxes,2010-01-01,2011,both,0.0,0.0,0.0,0.0
revenue,Payroll Taxes,Payroll Taxes,2010-01-01,2012,both,0.0,0.0,0.0,0.0
revenue,Payroll Taxes,Payroll Taxes,2010-01-01,2013,both,0.0,0.0,0.0,0.0
revenue,Payroll Taxes,Payroll Taxes,2010-01-01,2014,both,0.0,0.0,0.0,0.0
revenue,Payroll Taxes,Payroll Taxes,2010-01-01,2015,both,0.0,0.0,0.0,0.0
revenue,Payroll Taxes,Payroll Taxes,2010-01-01,2016,both,0.0,0.0,0.0,0.0
revenue,Payroll Taxes,Payroll Taxes,2010-01-01,2017,both,0.0,0.0,0.0,0.0
revenue,Payroll Taxes,Payroll Taxes,2010-01-01,2018,both,0.0,0.0,0.0,0.0
revenue,Payroll Taxes,Payroll Taxes,2010-01-01,2019,both,0.0,0.0,0.0,0.0
revenue,Payroll Taxes,Payroll Taxes,2010-01-01,2020,both,0.0,0.0,0.0,0.0
revenue,Payroll Taxes,Payroll Taxes,2010-03-01,2010,both,0.0,0.0,0.0,0.0
revenue,Payroll Taxes,Payroll Taxes,2010-03-01,2011,both,0.0,0.0,0.0,0.0
revenue,Payroll Taxes,Payroll Taxes,2010-03-01,2012,both,0.0,0.0,0.0,0.0
revenue,Payroll Taxes,Payroll Taxes,2010-03-01,2013,both,0.0,0.0,0.0,0.0
revenue,Payroll Taxes,Payroll Taxes,2010-03-01,2014,both,0.0,0.0,0.0,0.0
revenue,Payroll Taxes,Payroll Taxes,2010-03-01,2015,both,0.0,0.0,0.0,0.0
revenue,Payroll Taxes,Payroll Taxes,2010-03-01,2016,both,0.0,0.0,0.0,0.0
revenue,Payroll Taxes,Payroll Taxes,2010-03-01,2017,both,0.0,0.0,0.0,0.0
revenue,Payroll Taxes,Payroll Taxes,2010-03-01,2018,both,0.0,0.0,0.0,0.0
revenue,Payroll Taxes,Payroll Taxes,2010-03-01,2019,both,0.0,0.0,0.0,0.0
revenue,Payroll Taxes,Payroll Taxes,2010-03-01,2020,both,0.0,0.0,0.0,0.0
revenue,Payroll Taxes,Payroll Taxes,2011-01-01,2011,both,0.0,0.0,0.0,0.0
revenue,Payroll Taxes,Payroll Taxes,2011-01-01,2012,both,0.0,0.0,0.0,0.0
revenue,Payroll Taxes,Payroll Taxes,2011-01-01,2013,both,0.0,0.0,0.0,0.0
revenue,Payroll Taxes,Payroll Taxes,2011-01-01,2014,both,0.0,0.0,0.0,0.0
revenue,Payroll Taxes,Payroll Taxes,2011-01-01,2015,both,0.0,0.0,0.0,0.0
revenue,Payroll Taxes,Payroll Taxes,2011-01-01,2016,both,0.0,0.0,0.0,0.0
revenue,Payroll Taxes,Payroll Taxes,2011-01-01,2017,both,0.0,0.0,0.0,0.0
revenue,Payroll Taxes,Payroll Taxes,2011-01-01,2018,both,0.0,0.0,0.0,0.0
revenue,Payroll Taxes,Payroll Taxes,2011-01-01,2019,both,0.0,0.0,0.0,0.0
revenue,Payroll Taxes,Payroll Taxes,2011-01-01,2020,both,0.0,0.0,0.0,0.0
revenue,Payroll Taxes,Payroll Taxes,2011-01-01,2021,both,0.0,0.0,0.0,0.0
revenue,Payroll Taxes,Payroll Taxes,2011-03-01,2011,both,0.0,0.0,0.0,0.0
revenue,Payroll Taxes,Payroll Taxes,2011-03-01,2012,both,0.0,0.0,0.0,0.0
revenue,Payroll Taxes,Payroll Taxes,2011-03-01,2013,both,0.0,0.0,0.0,0.0
revenue,Payroll Taxes,Payroll Taxes,2011-03-01,2014,both,0.0,0.0,0.0,0.0
revenue,Payroll Taxes,Payroll Taxes,2011-03-01,2015,both,0.0,0.0,0.0,0.0
revenue,Payroll Taxes,Payroll Taxes,2011-03-01,2016,both,0.0,0.0,0.0,0.0
revenue,Payroll Taxes,Payroll Taxes,2011-03-01,2017,both,0.0,0.0,0.0,0.0
revenue,Payroll Taxes,Payroll Taxes,2011-03-01,2018,both,0.0,0.0,0.0,0.0
revenue,Payroll Taxes,Payroll Taxes,2011-03-01,2019,both,0.0,0.0,0.0,0.0
revenue,Payroll Taxes,Payroll Taxes,2011-03-01,2020,both,0.0,0.0,0.0,0.0
revenue,Payroll Taxes,Payroll Taxes,2011-03-01,2021,both,0.0,0.0,0.0,0.0
revenue,Payroll Taxes,Payroll Taxes,2012-01-01,2012,both,0.0,0.0,0.0,0.0
revenue,Payroll Taxes,Payroll Taxes,2012-01-01,2013,both,0.0,0.0,0.0,0.0
revenue,Payroll Taxes,Payroll Taxes,2012-01-01,2014,both,0.0,0.0,0.0,0.0
revenue,Payroll Taxes,Payroll Taxes,2012-01-01,2015,both,0.0,0.0,0.0,0.0
revenue,Payroll Taxes,Payroll Taxes,2012-01-01,2016,both,0.0,0.0,0.0,0.0
revenue,Payroll Taxes,Payroll Taxes,2012-01-01,2017,both,0.0,0.0,0.0,0.0
revenue,Payroll Taxes,Payroll Taxes,2012-01-01,2018,both,0.0,0.0,0.0,0.0
revenue,Payroll Taxes,Payroll Taxes,2012-01-01,2019,both,0.0,0.0,0.0,0.0
revenue,Payroll Taxes,Payroll Taxes,2012-01-01,2020,both,0.0,0.0,0.0,0.0
revenue,Payroll Taxes,Payroll Taxes,2012-01-01,2021,both,0.0,0.0,0.0,0.0
revenue,Payroll Taxes,Payroll Taxes,2012-01-01,2022,both,0.0,0.0,0.0,0.0
revenue,Payroll Taxes,Payroll Taxes,2012-03-01,2012,both,0.0,0.0,0.0,0.0
revenue,Payroll Taxes,Payroll Taxes,2012-03-01,2013,both,0.0,0.0,0.0,0.0
revenue,Payroll Taxes,Payroll Taxes,2012-03-01,2014,both,0.0,0.0,0.0,0.0
revenue,Payroll Taxes,Payroll Taxes,2012-03-01,2015,both,0.0,0.0,0.0,0.0
revenue,Payroll Taxes,Payroll Taxes,2012-03-01,2016,both,0.0,0.0,0.0,0.0
revenue,Payroll Taxes,Payroll Taxes,2012-03-01,2017,both,0.0,0.0,0.0,0.0
revenue,Payroll Taxes,Payroll Taxes,2012-03-01,2018,both,0.0,0.0,0.0,0.0
revenue,Payroll Taxes,Payroll Taxes,2012-03-01,2019,both,0.0,0.0,0.0,0.0
revenue,Payroll Taxes,Payroll Taxes,2012-03-01,2020,both,0.0,0.0,0.0,0.0
revenue,Payroll Taxes,Payroll Taxes,2012-03-01,2021,both,0.0,0.0,0.0,0.0
revenue,Payroll Taxes,Payroll Taxes,2012-03-01,2022,both,0.0,0.0,0.0,0.0
revenue,Payroll Taxes,Payroll Taxes,2013-02-01,2013,both,0.0,0.0,0.0,0.0
revenue,Payroll Taxes,Payroll Taxes,2013-02-01,2014,both,0.0,0.0,0.0,0.0
revenue,Payroll Taxes,Payroll Taxes,2013-02-01,2015,both,0.0,0.0,0.0,0.0
revenue,Payroll Taxes,Payroll Taxes,2013-02-01,2016,both,0.0,0.0,0.0,0.0
revenue,Payroll Taxes,Payroll Taxes,2013-02-01,2017,both,0.0,0.0,0.0,0.0
revenue,Payroll Taxes,Payroll Taxes,2013-02-01,2018,both,0.0,0.0,0.0,0.0
revenue,Payroll Taxes,Payroll Taxes,2013-02-01,2019,both,0.0,0.0,0.0,0.0
revenue,Payroll Taxes,Payroll Taxes,2013-02-01,2020,both,0.0,0.0,0.0,0.0
revenue,Payroll Taxes,Payroll Taxes,2013-02-01,2021,both,0.0,0.0,0.0,0.0
revenue,Payroll Taxes,Payroll Taxes,2013-02-01,2022,both,0.0,0.0,0.0,0.0
revenue,Payroll Taxes,Payroll Taxes,2013-02-01,2023,both,0.0,0.0,0.0,0.0
revenue,Payroll Taxes,Payroll Taxes,2013-05-01,2013,both,0.0,0.0,0.0,0.0
revenue,Payroll Taxes,Payroll Taxes,2013-05-01,2014,both,0.0,0.0,0.0,0.0
revenue,Payroll Taxes,Payroll Taxes,2013-05-01,2015,both,0.0,0.0,0.0,0.0
revenue,Payroll Taxes,Payroll Taxes,2013-05-01,2016,both,0.0,0.0,0.0,0.0
revenue,Payroll Taxes,Payroll Taxes,2013-05-01,2017,both,0.0,0.0,0.0,0.0
revenue,Payroll Taxes,Payroll Taxes,2013-05-01,2018,both,0.0,0.0,0.0,0.0
revenue,Payroll Taxes,Payroll Taxes,2013-05-01,2019,both,0.0,0.0,0.0,0.0
revenue,Payroll Taxes,Payroll Taxes,2013-05-01,2020,both,0.0,0.0,0.0,0.0
revenue,Payroll Taxes,Payroll Taxes,2013-05-01,2021,both,0.0,0.0,0.0,0.0
revenue,Payroll Taxes,Payroll Taxes,2013-05-01,2022,both,0.0,0.0,0.0,0.0
revenue,Payroll Taxes,Payroll Taxes,2013-05-01,2023,both,0.0,0.0,0.0,0.0
revenue,Payroll Taxes,Payroll Taxes,2014-02-01,2014,both,0.0,0.0,0.0,0.0
revenue,Payroll Taxes,Payroll Taxes,2014-02-01,2015,both,0.0,0.0,0.0,0.0
revenue,Payroll Taxes,Payroll Taxes,2014-02-01,2016,both,0.0,0.0,0.0,0.0
revenue,Payroll Taxes,Payroll Taxes,2014-02-01,2017,both,0.0,0.0,0.0,0.0
revenue,Payroll Taxes,Payroll Taxes,2014-02-01,2018,both,0.0,0.0,0.0,0.0
revenue,Payroll Taxes,Payroll Taxes,2014-02-01,2019,both,0.0,0.0,0.0,0.0
revenue,Payroll Taxes,Payroll Taxes,2014-02-01,2020,both,0.0,0.0,0.0,0.0
revenue,Payroll Taxes,Payroll Taxes,2014-02-01,2021,both,0.0,0.0,0.0,0.0
revenue,Payroll Taxes,Payroll Taxes,2014-02-01,2022,both,0.0,0.0,0.0,0.0
revenue,Payroll Taxes,Payroll Taxes,2014-02-01,2023,both,0.0,0.0,0.0,0.0
revenue,Payroll Taxes,Payroll Taxes,2014-02-01,2024,both,0.0,0.0,0.0,0.0
revenue,Payroll Taxes,Payroll Taxes,2014-04-01,2014,both,0.0,0.0,0.0,0.0
revenue,Payroll Taxes,Payroll Taxes,2014-04-01,2015,both,0.0,0.0,0.0,0.0
revenue,Payroll Taxes,Payroll Taxes,2014-04-01,2016,both,0.0,0.0,0.0,0.0
revenue,Payroll Taxes,Payroll Taxes,2014-04-01,2017,both,0.0,0.0,0.0,0.0
revenue,Payroll Taxes,Payroll Taxes,2014-04-01,2018,both,0.0,0.0,0.0,0.0
revenue,Payroll Taxes,Payroll Taxes,2014-04-01,2019,both,0.0,0.0,0.0,0.0
revenue,Payroll Taxes,Payroll Taxes,2014-04-01,2020,both,0.0,0.0,0.0,0.0
revenue,Payroll Taxes,Payroll Taxes,2014-04-01,2021,both,0.0,0.0,0.0,0.0
revenue,Payroll Taxes,Payroll Taxes,2014-04-01,2022,both,0.0,0.0,0.0,0.0
revenue,Payroll Taxes,Payroll Taxes,2014-04-01,2023,both,0.0,0.0,0.0,0.0
revenue,Payroll Taxes,Payroll Taxes,2014-04-01,2024,both,0.0,0.0,0.0,0.0
revenue,Payroll Taxes,Payroll Taxes,2015-01-01,2015,both,0.0,0.0,0.0,0.0
revenue,Payroll Taxes,Payroll Taxes,2015-01-01,2016,both,0.0,0.0,0.0,0.0
revenue,Payroll Taxes,Payroll Taxes,2015-01-01,2017,both,0.0,0.0,0.0,0.0
revenue,Payroll Taxes,Payroll Taxes,2015-01-01,2018,both,0.0,0.0,0.0,0.0
revenue,Payroll Taxes,Payroll Taxes,2015-01-01,2019,both,0.0,0.0,0.0,0.0
revenue,Payroll Taxes,Payroll Taxes,2015-01-01,2020,both,0.0,0.0,0.0,0.0
revenue,Payroll Taxes,Payroll Taxes,2015-01-01,2021,both,0.0,0.0,0.0,0.0
revenue,Payroll Taxes,Payroll Taxes,2015-01-01,2022,both,0.0,0.0,0.0,0.0
revenue,Payroll Taxes,Payroll Taxes,2015-01-01,2023,both,0.0,0.0,0.0,0.0
revenue,Payroll Taxes,Payroll Taxes,2015-01-01,2024,both,0.0,0.0,0.0,0.0
revenue,Payroll Taxes,Payroll Taxes,2015-01-01,2025,both,0.0,0.0,0.0,0.0
revenue,Payroll Taxes,Payroll Taxes,2015-03-01,2015,both,0.0,0.0,0.0,0.0
revenue,Payroll Taxes,Payroll Taxes,2015-03-01,2016,both,0.0,0.0,0.0,0.0
revenue,Payroll Taxes,Payroll Taxes,2015-03-01,2017,both,0.0,0.0,0.0,0.0
revenue,Payroll Taxes,Payroll Taxes,2015-03-01,2018,both,0.0,0.0,0.0,0.0
revenue,Payroll Taxes,Payroll Taxes,2015-03-01,2019,both,0.0,0.0,0.0,0.0
revenue,Payroll Taxes,Payroll Taxes,2015-03-01,2020,both,0.0,0.0,0.0,0.0
revenue,Payroll Taxes,Payroll Taxes,2015-03-01,2021,both,0.0,0.0,0.0,0.0
revenue,Payroll Taxes,Payroll Taxes,2015-03-01,2022,both,0.0,0.0,0.0,0.0
revenue,Payroll Taxes,Payroll Taxes,2015-03-01,2023,both,0.0,0.0,0.0,0.0
revenue,Payroll Taxes,Payroll Taxes,2015-03-01,2024,both,0.0,0.0,0.0,0.0
revenue,Payroll Taxes,Payroll Taxes,2015-03-01,2025,both,0.0,0.0,0.0,0.0
revenue,Payroll Taxes,Payroll Taxes,2016-01-01,2016,both,0.0,0.0,0.0,0.0
revenue,Payroll Taxes,Payroll Taxes,2016-01-01,2017,both,0.0,0.0,0.0,0.0
revenue,Payroll Taxes,Payroll Taxes,2016-01-01,2018,both,0.0,0.0,0.0,0.0
revenue,Payroll Taxes,Payroll Taxes,2016-01-01,2019,both,0.0,0.0,0.0,0.0
revenue,Payroll Taxes,Payroll Taxes,2016-01-01,2020,both,0.0,0.0,0.0,0.0
revenue,Payroll Taxes,Payroll Taxes,2016-01-01,2021,both,0.0,0.0,0.0,0.0
revenue,Payroll Taxes,Payroll Taxes,2016-01-01,2022,both,0.0,0.0,0.0,0.0
revenue,Payroll Taxes,Payroll Taxes,2016-01-01,2023,both,0.0,0.0,0.0,0.0
revenue,Payroll Taxes,Payroll Taxes,2016-01-01,2024,both,0.0,0.0,0.0,0.0
revenue,Payroll Taxes,Payroll Taxes,2016-01-01,2025,both,0.0,0.0,0.0,0.0
revenue,Payroll Taxes,Payroll Taxes,2016-03-01,2016,both,0.0,0.0,0.0,0.0
revenue,Payroll Taxes,Payroll Taxes,2016-03-01,2017,both,0.0,0.0,0.0,0.0
revenue,Payroll Taxes,Payroll Taxes,2016-03-01,2018,both,0.0,0.0,0.0,0.0
revenue,Payroll Taxes,Payroll Taxes,2016-03-01,2019,both,0.0,0.0,0.0,0.0
revenue,Payroll Taxes,Payroll Taxes,2016-03-01,2020,both,0.0,0.0,0.0,0.0
revenue,Payroll Taxes,Payroll Taxes,2016-03-01,2021,both,0.0,0.0,0.0,0.0
revenue,Payroll Taxes,Payroll Taxes,2016-03-01,2022,both,0.0,0.0,0.0,0.0
revenue,Payroll Taxes,Payroll Taxes,2016-03-01,2023,both,0.0,0.0,0.0,0.0
revenue,Payroll Taxes,Payroll Taxes,2016-03-01,2024,both,0.0,0.0,0.0,0.0
revenue,Payroll Taxes,Payroll Taxes,2016-03-01,2025,both,0.0,0.0,0.0,0.0
revenue,Payroll Taxes,Payroll Taxes,2017-01-01,2017,both,0.0,0.0,0.0,0.0
revenue,Payroll Taxes,Payroll Taxes,2017-01-01,2018,both,0.0,0.0,0.0,0.0
revenue,Payroll Taxes,Payroll Taxes,2017-01-01,2019,both,0.0,0.0,0.0,0.0
revenue,Payroll Taxes,Payroll Taxes,2017-01-01,2020,both,0.0,0.0,0.0,0.0
revenue,Payroll Taxes,Payroll Taxes,2017-01-01,2021,both,0.0,0.0,0.0,0.0
revenue,Payroll Taxes,Payroll Taxes,2017-01-01,2022,both,0.0,0.0,0.0,0.0
revenue,Payroll Taxes,Payroll Taxes,2017-01-01,2023,both,0.0,0.0,0.0,0.0
revenue,Payroll Taxes,Payroll Taxes,2017-01-01,2024,both,0.0,0.0,0.0,0.0
revenue,Payroll Taxes,Payroll Taxes,2017-01-01,2025,both,0.0,0.0,0.0,0.0
revenue,Payroll Taxes,Payroll Taxes,2017-06-01,2017,both,0.0,0.0,0.0,0.0
revenue,Payroll Taxes,Payroll Taxes,2017-06-01,2018,both,0.0,0.0,0.0,0.0
revenue,Payroll Taxes,Payroll Taxes,2017-06-01,2019,both,0.0,0.0,0.0,0.0
revenue,Payroll Taxes,Payroll Taxes,2017-06-01,2020,both,0.0,0.0,0.0,0.0
revenue,Payroll Taxes,Payroll Taxes,2017-06-01,2021,both,0.0,0.0,0.0,0.0
revenue,Payroll Taxes,Payroll Taxes,2017-06-01,2022,both,0.0,0.0,0.0,0.0
revenue,Payroll Taxes,Payroll Taxes,2017-06-01,2023,both,0.0,0.0,0.0,0.0
revenue,Payroll Taxes,Payroll Taxes,2017-06-01,2024,both,0.0,0.0,0.0,0.0
revenue,Payroll Taxes,Payroll Taxes,2017-06-01,2025,both,0.0,0.0,0.0,0.0
revenue,Payroll Taxes,Payroll Taxes,2018-04-01,2018,both,0.0,0.0,0.0,0.0
revenue,Payroll Taxes,Payroll Taxes,2018-04-01,2019,both,0.0,0.0,0.0,0.0
revenue,Payroll Taxes,Payroll Taxes,2018-04-01,2020,both,0.0,0.0,0.0,0.0
revenue,Payroll Taxes,Payroll Taxes,2018-04-01,2021,both,0.0,0.0,0.0,0.0
revenue,Payroll Taxes,Payroll Taxes,2018-04-01,2022,both,0.0,0.0,0.0,0.0
revenue,Payroll Taxes,Payroll Taxes,2018-04-01,2023,both,0.0,0.0,0.0,0.0
revenue,Payroll Taxes,Payroll Taxes,2018-04-01,2024,both,0.0,0.0,0.0,0.0
revenue,Payroll Taxes,Payroll Taxes,2018-04-01,2025,both,0.0,0.0,0.0,0.0
revenue,Payroll Taxes,Payroll Taxes,2018-05-01,2018,both,0.0,0.0,0.0,0.0
revenue,Payroll Taxes,Payroll Taxes,2018-05-01,2019,both,0.0,0.0,0.0,0.0
revenue,Payroll Taxes,Payroll Taxes,2018-05-01,2020,both,0.0,0.0,0.0,0.0
revenue,Payroll Taxes,Payroll Taxes,2018-05-01,2021,both,0.0,0.0,0.0,0.0
revenue,Payroll Taxes,Payroll Taxes,2018-05-01,2022,both,0.0,0.0,0.0,0.0
revenue,Payroll Taxes,Payroll Taxes,2018-05-01,2023,both,0.0,0.0,0.0,0.0
revenue,Payroll Taxes,Payroll Taxes,2018-05-01,2024,both,0.0,0.0,0.0,0.0
revenue,Payroll Taxes,Payroll Taxes,2018-05-01,2025,both,0.0,0.0,0.0,0.0
revenue,Payroll Taxes,Payroll Taxes,2019-01-01,2019,both,0.0,0.0,0.0,0.0
revenue,Payroll Taxes,Payroll Taxes,2019-01-01,2020,both,0.0,0.0,0.0,0.0
revenue,Payroll Taxes,Payroll Taxes,2019-01-01,2021,both,0.0,0.0,0.0,0.0
revenue,Payroll Taxes,Payroll Taxes,2019-01-01,2022,both,0.0,0.0,0.0,0.0
revenue,Payroll Taxes,Payroll Taxes,2019-01-01,2023,both,0.0,0.0,0.0,0.0
revenue,Payroll Taxes,Payroll Taxes,2019-01-01,2024,both,0.0,0.0,0.0,0.0
revenue,Payroll Taxes,Payroll Taxes,2019-01-01,2025,both,0.0,0.0,0.0,0.0
revenue,Payroll Taxes,Payroll Taxes,2019-05-01,2019,both,0.0,0.0,0.0,0.0
revenue,Payroll Taxes,Payroll Taxes,2019-05-01,2020,both,0.0,0.0,0.0,0.0
revenue,Payroll Taxes,Payroll Taxes,2019-05-01,2021,both,0.0,0.0,0.0,0.0
revenue,Payroll Taxes,Payroll Taxes,2019-05-01,2022,both,0.0,0.0,0.0,0.0
revenue,Payroll Taxes,Payroll Taxes,2019-05-01,2023,both,0.0,0.0,0.0,0.0
revenue,Payroll Taxes,Payroll Taxes,2019-05-01,2024,both,0.0,0.0,0.0,0.0
revenue,Payroll Taxes,Payroll Taxes,2019-05-01,2025,both,0.0,0.0,0.0,0.0
revenue,Payroll Taxes,Payroll Taxes,2020-01-01,2020,both,0.0,0.0,0.0,0.0
revenue,Payroll Taxes,Payroll Taxes,2020-01-01,2021,both,0.0,0.0,0.0,0.0
revenue,Payroll Taxes,Payroll Taxes,2020-01-01,2022,both,0.0,0.0,0.0,0.0
revenue,Payroll Taxes,Payroll Taxes,2020-01-01,2023,both,0.0,0.0,0.0,0.0
revenue,Payroll Taxes,Payroll Taxes,2020-01-01,2024,both,0.0,0.0,0.0,0.0
revenue,Payroll Taxes,Payroll Taxes,2020-01-01,2025,both,0.0,0.0,0.0,0.0
revenue,Payroll Taxes,Payroll Taxes,2020-03-01,2020,both,0.0,0.0,0.0,0.0
revenue,Payroll Taxes,Payroll Taxes,2020-03-01,2021,both,0.0,0.0,0.0,0.0
revenue,Payroll Taxes,Payroll Taxes,2020-03-01,2022,both,0.0,0.0,0.0,0.0
revenue,Payroll Taxes,Payroll Taxes,2020-03-01,2023,both,0.0,0.0,0.0,0.0
revenue,Payroll Taxes,Payroll Taxes,2020-03-01,2024,both,0.0,0.0,0.0,0.0
revenue,Payroll Taxes,Payroll Taxes,2020-03-01,2025,both,0.0,0.0,0.0,0.0
revenue,Payroll Taxes,Payroll Taxes,2021-02-01,2021,both,0.0,0.0,0.0,0.0
revenue,Payroll Taxes,Payroll Taxes,2021-02-01,2022,both,0.0,0.0,0.0,0.0
revenue,Payroll Taxes,Payroll Taxes,2021-02-01,2023,both,0.0,0.0,0.0,0.0
revenue,Payroll Taxes,Payroll Taxes,2021-02-01,2024,both,0.0,0.0,0.0,0.0
revenue,Payroll Taxes,Payroll Taxes,2021-02-01,2025,both,0.0,0.0,0.0,0.0
revenue,Payroll Taxes,Payroll Taxes,2021-07-01,2021,both,0.0,0.0,0.0,0.0
revenue,Payroll Taxes,Payroll Taxes,2021-07-01,2022,both,0.0,0.0,0.0,0.0
revenue,Payroll Taxes,Payroll Taxes,2021-07-01,2023,both,0.0,0.0,0.0,0.0
revenue,Payroll Taxes,Payroll Taxes,2021-07-01,2024,both,0.0,0.0,0.0,0.0
revenue,Payroll Taxes,Payroll Taxes,2021-07-01,2025,both,0.0,0.0,0.0,0.0
revenue,Payroll Taxes,Payroll Taxes,2022-05-01,2022,both,0.0,0.0,0.0,0.0
revenue,Payroll Taxes,Payroll Taxes,2022-05-01,2023,both,0.0,0.0,0.0,0.0
revenue,Payroll Taxes,Payroll Taxes,2022-05-01,2024,both,0.0,0.0,0.0,0.0
revenue,Payroll Taxes,Payroll Taxes,2022-05-01,2025,both,0.0,0.0,0.0,0.0
revenue,Payroll Taxes,Payroll Taxes,2023-02-01,2023,both,0.0,0.0,0.0,0.0
revenue,Payroll Taxes,Payroll Taxes,2023-02-01,2024,both,0.0,0.0,0.0,0.0
revenue,Payroll Taxes,Payroll Taxes,2023-02-01,2025,both,0.0,0.0,0.0,0.0
revenue,Payroll Taxes,Payroll Taxes,2023-05-01,2023,both,0.0,0.0,0.0,0.0
revenue,Payroll Taxes,Payroll Taxes,2023-05-01,2024,both,0.0,0.0,0.0,0.0
revenue,Payroll Taxes,Payroll Taxes,2023-05-01,2025,both,0.0,0.0,0.0,0.0
revenue,Payroll Taxes,Payroll Taxes,2024-02-01,2024,both,0.0,0.0,0.0,0.0
revenue,Payroll Taxes,Payroll Taxes,2024-02-01,2025,both,0.0,0.0,0.0,0.0
revenue,Payroll Taxes,Payroll Taxes,2024-06-01,2024,both,0.0,0.0,0.0,0.0
revenue,Payroll Taxes,Payroll Taxes,2024-06-01,2025,both,0.0,0.0,0.0,0.0
revenue,Payroll Taxes,Payroll Taxes,2025-01-01,2025,both,0.0,0.0,0.0,0.0
revenue,Total,Total,1982-02-01,1982,both,0.0,0.0,0.0,0.0
revenue,Total,Total,1982-02-01,1983,both,0.0,0.0,0.0,0.0
revenue,Total,Total,1982-02-01,1984,both,0.0,0.0,0.0,0.0
revenue,Total,Total,1982-02-01,1985,both,0.0,0.0,0.0,0.0
revenue,Total,Total,1982-02-01,1986,both,0.0,0.0,0.0,0.0
revenue,Total,Total,1982-02-01,1987,both,0.0,0.0,0.0,0.0
revenue,Total,Total,1983-02-01,1983,both,0.0,0.0,0.0,0.0
revenue,Total,Total,1983-02-01,1984,both,0.0,0.0,0.0,0.0
revenue,Total,Total,1983-02-01,1985,both,0.0,0.0,0.0,0.0
revenue,Total,Total,1983-02-01,1986,both,0.0,0.0,0.0,0.0
revenue,Total,Total,1983-02-01,1987,both,0.0,0.0,0.0,0.0
revenue,Total,Total,1983-02-01,1988,both,0.0,0.0,0.0,0.0
revenue,Total,Total,1984-02-01,1984,both,0.0,0.0,0.0,0.0
revenue,Total,Total,1984-02-01,1985,both,0.0,0.0,0.0,0.0
revenue,Total,Total,1984-02-01,1986,both,0.0,0.0,0.0,0.0
revenue,Total,Total,1984-02-01,1987,both,0.0,0.0,0.0,0.0
revenue,Total,Total,1984-02-01,1988,both,0.0,0.0,0.0,0.0
revenue,Total,Total,1984-02-01,1989,both,0.0,0.0,0.0,0.0
revenue,Total,Total,1985-02-01,1985,both,0.0,0.0,0.0,0.0
revenue,Total,Total,1985-02-01,1986,both,0.0,0.0,0.0,0.0
revenue,Total,Total,1985-02-01,1987,both,0.0,0.0,0.0,0.0
revenue,Total,Total,1985-02-01,1988,both,0.0,0.0,0.0,0.0
revenue,Total,Total,1985-02-01,1989,both,0.0,0.0,0.0,0.0
revenue,Total,Total,1985-02-01,1990,both,0.0,0.0,0.0,0.0
revenue,Total,Total,1986-02-01,1986,both,0.0,0.0,0.0,0.0
revenue,Total,Total,1986-02-01,1987,both,0.0,0.0,0.0,0.0
revenue,Total,Total,1986-02-01,1988,both,0.0,0.0,0.0,0.0
revenue,Total,Total,1986-02-01,1989,both,0.0,0.0,0.0,0.0
revenue,Total,Total,1986-02-01,1990,both,0.0,0.0,0.0,0.0
revenue,Total,Total,1986-02-01,1991,both,0.0,0.0,0.0,0.0
revenue,Total,Total,1987-01-01,1987,both,0.0,0.0,0.0,0.0
revenue,Total,Total,1987-01-01,1988,both,0.0,0.0,0.0,0.0
revenue,Total,Total,1987-01-01,1989,both,0.0,0.0,0.0,0.0
revenue,Total,Total,1987-01-01,1990,both,0.0,0.0,0.0,0.0
revenue,Total,Total,1987-01-01,1991,both,0.0,0.0,0.0,0.0
revenue,Total,Total,1987-01-01,1992,both,0.0,0.0,0.0,0.0
revenue,Total,Total,1987-02-01,1987,both,0.0,0.0,0.0,0.0
revenue,Total,Total,1987-02-01,1988,both,0.0,0.0,0.0,0.0
revenue,Total,Total,1987-02-01,1989,both,0.0,0.0,0.0,0.0
revenue,Total,Total,1987-02-01,1990,both,0.0,0.0,0.0,0.0
revenue,Total,Total,1987-02-01,1991,both,0.0,0.0,0.0,0.0
revenue,Total,Total,1987-02-01,1992,both,0.0,0.0,0.0,0.0
revenue,Total,Total,1988-02-01,1988,both,0.0,0.0,0.0,0.0
revenue,Total,Total,1988-02-01,1989,both,0.0,0.0,0.0,0.0
revenue,Total,Total,1988-02-01,1990,both,0.0,0.0,0.0,0.0
revenue,Total,Total,1988-02-01,1991,both,0.0,0.0,0.0,0.0
revenue,Total,Total,1988-02-01,1992,both,0.0,0.0,0.0,0.0
revenue,Total,Total,1988-02-01,1993,both,0.0,0.0,0.0,0.0
revenue,Total,Total,1988-03-01,1988,both,0.0,0.0,0.0,0.0
revenue,Total,Total,1988-03-01,1989,both,0.0,0.0,0.0,0.0
revenue,Total,Total,1988-03-01,1990,both,0.0,0.0,0.0,0.0
revenue,Total,Total,1988-03-01,1991,both,0.0,0.0,0.0,0.0
revenue,Total,Total,1988-03-01,1992,both,0.0,0.0,0.0,0.0
revenue,Total,Total,1988-03-01,1993,both,0.0,0.0,0.0,0.0
revenue,Total,Total,1989-01-01,1989,both,0.0,0.0,0.0,0.0
revenue,Total,Total,1989-01-01,1990,both,0.0,0.0,0.0,0.0
revenue,Total,Total,1989-01-01,1991,both,0.0,0.0,0.0,0.0
revenue,Total,Total,1989-01-01,1992,both,0.0,0.0,0.0,0.0
revenue,Total,Total,1989-01-01,1993,both,0.0,0.0,0.0,0.0
revenue,Total,Total,1989-01-01,1994,both,0.0,0.0,0.0,0.0
revenue,Total,Total,1990-01-01,1990,both,0.0,0.0,0.0,0.0
revenue,Total,Total,1990-01-01,1991,both,0.0,0.0,0.0,0.0
revenue,Total,Total,1990-01-01,1992,both,0.0,0.0,0.0,0.0
revenue,Total,Total,1990-01-01,1993,both,0.0,0.0,0.0,0.0
revenue,Total,Total,1990-01-01,1994,both,0.0,0.0,0.0,0.0
revenue,Total,Total,1990-01-01,1995,both,0.0,0.0,0.0,0.0
revenue,Total,Total,1991-01-01,1991,both,0.0,0.0,0.0,0.0
revenue,Total,Total,1991-01-01,1992,both,0.0,0.0,0.0,0.0
revenue,Total,Total,1991-01-01,1993,both,0.0,0.0,0.0,0.0
revenue,Total,Total,1991-01-01,1994,both,0.0,0.0,0.0,0.0
revenue,Total,Total,1991-01-01,1995,both,0.0,0.0,0.0,0.0
revenue,Total,Total,1991-01-01,1996,both,0.0,0.0,0.0,0.0
revenue,Total,Total,1991-03-01,1991,both,0.0,0.0,0.0,0.0
revenue,Total,Total,1991-03-01,1992,both,0.0,0.0,0.0,0.0
revenue,Total,Total,1991-03-01,1993,both,0.0,0.0,0.0,0.0
revenue,Total,Total,1991-03-01,1994,both,0.0,0.0,0.0,0.0
revenue,Total,Total,1991-03-01,1995,both,0.0,0.0,0.0,0.0
revenue,Total,Total,1991-03-01,1996,both,0.0,0.0,0.0,0.0
revenue,Total,Total,1992-01-01,1992,both,0.0,0.0,0.0,0.0
revenue,Total,Total,1992-01-01,1993,both,0.0,0.0,0.0,0.0
revenue,Total,Total,1992-01-01,1994,both,0.0,0.0,0.0,0.0
revenue,Total,Total,1992-01-01,1995,both,0.0,0.0,0.0,0.0
revenue,Total,Total,1992-01-01,1996,both,0.0,0.0,0.0,0.0
revenue,Total,Total,1992-01-01,1997,both,0.0,0.0,0.0,0.0
revenue,Total,Total,1992-01-01,1998,both,0.0,0.0,0.0,0.0
revenue,Total,Total,1992-01-01,1999,both,0.0,0.0,0.0,0.0
revenue,Total,Total,1992-01-01,2000,both,0.0,0.0,0.0,0.0
revenue,Total,Total,1992-01-01,2001,both,0.0,0.0,0.0,0.0
revenue,Total,Total,1992-01-01,2002,both,0.0,0.0,0.0,0.0
revenue,Total,Total,1992-03-01,1992,both,0.0,0.0,0.0,0.0
revenue,Total,Total,1992-03-01,1993,both,0.0,0.0,0.0,0.0
revenue,Total,Total,1992-03-01,1994,both,0.0,0.0,0.0,0.0
revenue,Total,Total,1992-03-01,1995,both,0.0,0.0,0.0,0.0
revenue,Total,Total,1992-03-01,1996,both,0.0,0.0,0.0,0.0
revenue,Total,Total,1992-03-01,1997,both,0.0,0.0,0.0,0.0
revenue,Total,Total,1993-01-01,1993,both,0.0,0.0,0.0,0.0
revenue,Total,Total,1993-01-01,1994,both,0.0,0.0,0.0,0.0
revenue,Total,Total,1993-01-01,1995,both,0.0,0.0,0.0,0.0
revenue,Total,Total,1993-01-01,1996,both,0.0,0.0,0.0,0.0
revenue,Total,Total,1993-01-01,1997,both,0.0,0.0,0.0,0.0
revenue,Total,Total,1993-01-01,1998,both,0.0,0.0,0.0,0.0
revenue,Total,Total,1993-01-01,1999,both,0.0,0.0,0.0,0.0
revenue,Total,Total,1993-01-01,2000,both,0.0,0.0,0.0,0.0
revenue,Total,Total,1993-01-01,2001,both,0.0,0.0,0.0,0.0
revenue,Total,Total,1993-01-01,2002,both,0.0,0.0,0.0,0.0
revenue,Total,Total,1993-01-01,2003,both,0.0,0.0,0.0,0.0
revenue,Total,Total,1993-03-01,1993,both,0.0,0.0,0.0,0.0
revenue,Total,Total,1993-03-01,1994,both,0.0,0.0,0.0,0.0
revenue,Total,Total,1993-03-01,1995,both,0.0,0.0,0.0,0.0
revenue,Total,Total,1993-03-01,1996,both,0.0,0.0,0.0,0.0
revenue,Total,Total,1993-03-01,1997,both,0.0,0.0,0.0,0.0
revenue,Total,Total,1993-03-01,1998,both,0.0,0.0,0.0,0.0
revenue,Total,Total,1993-03-01,1999,both,0.0,0.0,0.0,0.0
revenue,Total,Total,1993-03-01,2000,both,0.0,0.0,0.0,0.0
revenue,Total,Total,1993-03-01,2001,both,0.0,0.0,0.0,0.0
revenue,Total,Total,1993-03-01,2002,both,0.0,0.0,0.0,0.0
revenue,Total,Total,1993-03-01,2003,both,0.0,0.0,0.0,0.0
revenue,Total,Total,1994-01-01,1994,both,0.0,0.0,0.0,0.0
revenue,Total,Total,1994-01-01,1995,both,0.0,0.0,0.0,0.0
revenue,Total,Total,1994-01-01,1996,both,0.0,0.0,0.0,0.0
revenue,Total,Total,1994-01-01,1997,both,0.0,0.0,0.0,0.0
revenue,Total,Total,1994-01-01,1998,both,0.0,0.0,0.0,0.0
revenue,Total,Total,1994-01-01,1999,both,0.0,0.0,0.0,0.0
revenue,Total,Total,1994-01-01,2000,both,0.0,0.0,0.0,0.0
revenue,Total,Total,1994-01-01,2001,both,0.0,0.0,0.0,0.0
revenue,Total,Total,1994-01-01,2002,both,0.0,0.0,0.0,0.0
revenue,Total,Total,1994-01-01,2003,both,0.0,0.0,0.0,0.0
revenue,Total,Total,1994-01-01,2004,both,0.0,0.0,0.0,0.0
revenue,Total,Total,1995-01-01,1995,both,0.0,0.0,0.0,0.0
revenue,Total,Total,1995-01-01,1996,both,0.0,0.0,0.0,0.0
revenue,Total,Total,1995-01-01,1997,both,0.0,0.0,0.0,0.0
revenue,Total,Total,1995-01-01,1998,both,0.0,0.0,0.0,0.0
revenue,Total,Total,1995-01-01,1999,both,0.0,0.0,0.0,0.0
revenue,Total,Total,1995-01-01,2000,both,0.0,0.0,0.0,0.0
revenue,Total,Total,1995-01-01,2001,both,0.0,0.0,0.0,0.0
revenue,Total,Total,1995-01-01,2002,both,0.0,0.0,0.0,0.0
revenue,Total,Total,1995-01-01,2003,both,0.0,0.0,0.0,0.0
revenue,Total,Total,1995-01-01,2004,both,0.0,0.0,0.0,0.0
revenue,Total,Total,1995-01-01,2005,both,0.0,0.0,0.0,0.0
revenue,Total,Total,1996-05-01,1996,both,0.0,0.0,0.0,0.0
revenue,Total,Total,1996-05-01,1997,both,0.0,0.0,0.0,0.0
revenue,Total,Total,1996-05-01,1998,both,0.0,0.0,0.0,0.0
revenue,Total,Total,1996-05-01,1999,both,0.0,0.0,0.0,0.0
revenue,Total,Total,1996-05-01,2000,both,0.0,0.0,0.0,0.0
revenue,Total,Total,1996-05-01,2001,both,0.0,0.0,0.0,0.0
revenue,Total,Total,1996-05-01,2002,both,0.0,0.0,0.0,0.0
revenue,Total,Total,1996-05-01,2003,both,0.0,0.0,0.0,0.0
revenue,Total,Total,1996-05-01,2004,both,0.0,0.0,0.0,0.0
revenue,Total,Total,1996-05-01,2005,both,0.0,0.0,0.0,0.0
revenue,Total,Total,1996-05-01,2006,both,0.0,0.0,0.0,0.0
revenue,Total,Total,1997-01-01,1997,both,0.0,0.0,0.0,0.0
revenue,Total,Total,1997-01-01,1998,both,0.0,0.0,0.0,0.0
revenue,Total,Total,1997-01-01,1999,both,0.0,0.0,0.0,0.0
revenue,Total,Total,1997-01-01,2000,both,0.0,0.0,0.0,0.0
revenue,Total,Total,1997-01-01,2001,both,0.0,0.0,0.0,0.0
revenue,Total,Total,1997-01-01,2002,both,0.0,0.0,0.0,0.0
revenue,Total,Total,1997-01-01,2003,both,0.0,0.0,0.0,0.0
revenue,Total,Total,1997-01-01,2004,both,0.0,0.0,0.0,0.0
revenue,Total,Total,1997-01-01,2005,both,0.0,0.0,0.0,0.0
revenue,Total,Total,1997-01-01,2006,both,0.0,0.0,0.0,0.0
revenue,Total,Total,1997-01-01,2007,both,0.0,0.0,0.0,0.0
revenue,Total,Total,1997-03-01,1997,both,0.0,0.0,0.0,0.0
revenue,Total,Total,1997-03-01,1998,both,0.0,0.0,0.0,0.0
revenue,Total,Total,1997-03-01,1999,both,0.0,0.0,0.0,0.0
revenue,Total,Total,1997-03-01,2000,both,0.0,0.0,0.0,0.0
revenue,Total,Total,1997-03-01,2001,both,0.0,0.0,0.0,0.0
revenue,Total,Total,1997-03-01,2002,both,0.0,0.0,0.0,0.0
revenue,Total,Total,1997-03-01,2003,both,0.0,0.0,0.0,0.0
revenue,Total,Total,1997-03-01,2004,both,0.0,0.0,0.0,0.0
revenue,Total,Total,1997-03-01,2005,both,0.0,0.0,0.0,0.0
revenue,Total,Total,1997-03-01,2006,both,0.0,0.0,0.0,0.0
revenue,Total,Total,1997-03-01,2007,both,0.0,0.0,0.0,0.0
revenue,Total,Total,1998-01-01,1998,both,0.0,0.0,0.0,0.0
revenue,Total,Total,1998-01-01,1999,both,0.0,0.0,0.0,0.0
revenue,Total,Total,1998-01-01,2000,both,0.0,0.0,0.0,0.0
revenue,Total,Total,1998-01-01,2001,both,0.0,0.0,0.0,0.0
revenue,Total,Total,1998-01-01,2002,both,0.0,0.0,0.0,0.0
revenue,Total,Total,1998-01-01,2003,both,0.0,0.0,0.0,0.0
revenue,Total,Total,1998-01-01,2004,both,0.0,0.0,0.0,0.0
revenue,Total,Total,1998-01-01,2005,both,0.0,0.0,0.0,0.0
revenue,Total,Total,1998-01-01,2006,both,0.0,0.0,0.0,0.0
revenue,Total,Total,1998-01-01,2007,both,0.0,0.0,0.0,0.0
revenue,Total,Total,1998-01-01,2008,both,0.0,0.0,0.0,0.0
revenue,Total,Total,1998-03-01,1998,both,0.0,0.0,0.0,0.0
revenue,Total,Total,1998-03-01,1999,both,0.0,0.0,0.0,0.0
revenue,Total,Total,1998-03-01,2000,both,0.0,0.0,0.0,0.0
revenue,Total,Total,1998-03-01,2001,both,0.0,0.0,0.0,0.0
revenue,Total,Total,1998-03-01,2002,both,0.0,0.0,0.0,0.0
revenue,Total,Total,1998-03-01,2003,both,0.0,0.0,0.0,0.0
revenue,Total,Total,1998-03-01,2004,both,0.0,0.0,0.0,0.0
revenue,Total,Total,1998-03-01,2005,both,0.0,0.0,0.0,0.0
revenue,Total,Total,1998-03-01,2006,both,0.0,0.0,0.0,0.0
revenue,Total,Total,1998-03-01,2007,both,0.0,0.0,0.0,0.0
revenue,Total,Total,1998-03-01,2008,both,0.0,0.0,0.0,0.0
revenue,Total,Total,1999-01-01,1999,both,0.0,0.0,0.0,0.0
revenue,Total,Total,1999-01-01,2000,both,0.0,0.0,0.0,0.0
revenue,Total,Total,1999-01-01,2001,both,0.0,0.0,0.0,0.0
revenue,Total,Total,1999-01-01,2002,both,0.0,0.0,0.0,0.0
revenue,Total,Total,1999-01-01,2003,both,0.0,0.0,0.0,0.0
revenue,Total,Total,1999-01-01,2004,both,0.0,0.0,0.0,0.0
revenue,Total,Total,1999-01-01,2005,both,0.0,0.0,0.0,0.0
revenue,Total,Total,1999-01-01,2006,both,0.0,0.0,0.0,0.0
revenue,Total,Total,1999-01-01,2007,both,0.0,0.0,0.0,0.0
revenue,Total,Total,1999-01-01,2008,both,0.0,0.0,0.0,0.0
revenue,Total,Total,1999-01-01,2009,both,0.0,0.0,0.0,0.0
revenue,Total,Total,2000-01-01,2000,both,0.0,0.0,0.0,0.0
revenue,Total,Total,2000-01-01,2001,both,0.0,0.0,0.0,0.0
revenue,Total,Total,2000-01-01,2002,both,0.0,0.0,0.0,0.0
revenue,Total,Total,2000-01-01,2003,both,0.0,0.0,0.0,0.0
revenue,Total,Total,2000-01-01,2004,both,0.0,0.0,0.0,0.0
revenue,Total,Total,2000-01-01,2005,both,0.0,0.0,0.0,0.0
revenue,Total,Total,2000-01-01,2006,both,0.0,0.0,0.0,0.0
revenue,Total,Total,2000-01-01,2007,both,0.0,0.0,0.0,0.0
revenue,Total,Total,2000-01-01,2008,both,0.0,0.0,0.0,0.0
revenue,Total,Total,2000-01-01,2009,both,0.0,0.0,0.0,0.0
revenue,Total,Total,2000-01-01,2010,both,0.0,0.0,0.0,0.0
revenue,Total,Total,2001-01-01,2001,both,0.0,0.0,0.0,0.0
revenue,Total,Total,2001-01-01,2002,both,0.0,0.0,0.0,0.0
revenue,Total,Total,2001-01-01,2003,both,0.0,0.0,0.0,0.0
revenue,Total,Total,2001-01-01,2004,both,0.0,0.0,0.0,0.0
revenue,Total,Total,2001-01-01,2005,both,0.0,0.0,0.0,0.0
revenue,Total,Total,2001-01-01,2006,both,0.0,0.0,0.0,0.0
revenue,Total,Total,2001-01-01,2007,both,0.0,0.0,0.0,0.0
revenue,Total,Total,2001-01-01,2008,both,0.0,0.0,0.0,0.0
revenue,Total,Total,2001-01-01,2009,both,0.0,0.0,0.0,0.0
revenue,Total,Total,2001-01-01,2010,both,0.0,0.0,0.0,0.0
revenue,Total,Total,2001-01-01,2011,both,0.0,0.0,0.0,0.0
revenue,Total,Total,2001-05-01,2001,both,0.0,0.0,0.0,0.0
revenue,Total,Total,2001-05-01,2002,both,0.0,0.0,0.0,0.0
revenue,Total,Total,2001-05-01,2003,both,0.0,0.0,0.0,0.0
revenue,Total,Total,2001-05-01,2004,both,0.0,0.0,0.0,0.0
revenue,Total,Total,2001-05-01,2005,both,0.0,0.0,0.0,0.0
revenue,Total,Total,2001-05-01,2006,both,0.0,0.0,0.0,0.0
revenue,Total,Total,2001-05-01,2007,both,0.0,0.0,0.0,0.0
revenue,Total,Total,2001-05-01,2008,both,0.0,0.0,0.0,0.0
revenue,Total,Total,2001-05-01,2009,both,0.0,0.0,0.0,0.0
revenue,Total,Total,2001-05-01,2010,both,0.0,0.0,0.0,0.0
revenue,Total,Total,2001-05-01,2011,both,0.0,0.0,0.0,0.0
revenue,Total,Total,2002-01-01,2002,both,0.0,0.0,0.0,0.0
revenue,Total,Total,2002-01-01,2003,both,0.0,0.0,0.0,0.0
revenue,Total,Total,2002-01-01,2004,both,0.0,0.0,0.0,0.0
revenue,Total,Total,2002-01-01,2005,both,0.0,0.0,0.0,0.0
revenue,Total,Total,2002-01-01,2006,both,0.0,0.0,0.0,0.0
revenue,Total,Total,2002-01-01,2007,both,0.0,0.0,0.0,0.0
revenue,Total,Total,2002-01-01,2008,both,0.0,0.0,0.0,0.0
revenue,Total,Total,2002-01-01,2009,both,0.0,0.0,0.0,0.0
revenue,Total,Total,2002-01-01,2010,both,0.0,0.0,0.0,0.0
revenue,Total,Total,2002-01-01,2011,both,0.0,0.0,0.0,0.0
revenue,Total,Total,2002-01-01,2012,both,0.0,0.0,0.0,0.0
revenue,Total,Total,2002-03-01,2002,both,0.0,0.0,0.0,0.0
revenue,Total,Total,2002-03-01,2003,both,0.0,0.0,0.0,0.0
revenue,Total,Total,2002-03-01,2004,both,0.0,0.0,0.0,0.0
revenue,Total,Total,2002-03-01,2005,both,0.0,0.0,0.0,0.0
revenue,Total,Total,2002-03-01,2006,both,0.0,0.0,0.0,0.0
revenue,Total,Total,2002-03-01,2007,both,0.0,0.0,0.0,0.0
revenue,Total,Total,2002-03-01,2008,both,0.0,0.0,0.0,0.0
revenue,Total,Total,2002-03-01,2009,both,0.0,0.0,0.0,0.0
revenue,Total,Total,2002-03-01,2010,both,0.0,0.0,0.0,0.0
revenue,Total,Total,2002-03-01,2011,both,0.0,0.0,0.0,0.0
revenue,Total,Total,2002-03-01,2012,both,0.0,0.0,0.0,0.0
revenue,Total,Total,2003-01-01,2003,both,0.0,0.0,0.0,0.0
revenue,Total,Total,2003-01-01,2004,both,0.0,0.0,0.0,0.0
revenue,Total,Total,2003-01-01,2005,both,0.0,0.0,0.0,0.0
revenue,Total,Total,2003-01-01,2006,both,0.0,0.0,0.0,0.0
revenue,Total,Total,2003-01-01,2007,both,0.0,0.0,0.0,0.0
revenue,Total,Total,2003-01-01,2008,both,0.0,0.0,0.0,0.0
revenue,Total,Total,2003-01-01,2009,both,0.0,0.0,0.0,0.0
revenue,Total,Total,2003-01-01,2010,both,0.0,0.0,0.0,0.0
revenue,Total,Total,2003-01-01,2011,both,0.0,0.0,0.0,0.0
revenue,Total,Total,2003-01-01,2012,both,0.0,0.0,0.0,0.0
revenue,Total,Total,2003-01-01,2013,both,0.0,0.0,0.0,0.0
revenue,Total,Total,2003-03-01,2003,both,0.0,0.0,0.0,0.0
revenue,Total,Total,2003-03-01,2004,both,0.0,0.0,0.0,0.0
revenue,Total,Total,2003-03-01,2005,both,0.0,0.0,0.0,0.0
revenue,Total,Total,2003-03-01,2006,both,0.0,0.0,0.0,0.0
revenue,Total,Total,2003-03-01,2007,both,0.0,0.0,0.0,0.0
revenue,Total,Total,2003-03-01,2008,both,0.0,0.0,0.0,0.0
revenue,Total,Total,2003-03-01,2009,both,0.0,0.0,0.0,0.0
revenue,Total,Total,2003-03-01,2010,both,0.0,0.0,0.0,0.0
revenue,Total,Total,2003-03-01,2011,both,0.0,0.0,0.0,0.0
revenue,Total,Total,2003-03-01,2012,both,0.0,0.0,0.0,0.0
revenue,Total,Total,2003-03-01,2013,both,0.0,0.0,0.0,0.0
revenue,Total,Total,2004-01-01,2004,both,0.0,0.0,0.0,0.0
revenue,Total,Total,2004-01-01,2005,both,0.0,0.0,0.0,0.0
revenue,Total,Total,2004-01-01,2006,both,0.0,0.0,0.0,0.0
revenue,Total,Total,2004-01-01,2007,both,0.0,0.0,0.0,0.0
revenue,Total,Total,2004-01-01,2008,both,0.0,0.0,0.0,0.0
revenue,Total,Total,2004-01-01,2009,both,0.0,0.0,0.0,0.0
revenue,Total,Total,2004-01-01,2010,both,0.0,0.0,0.0,0.0
revenue,Total,Total,2004-01-01,2011,both,0.0,0.0,0.0,0.0
revenue,Total,Total,2004-01-01,2012,both,0.0,0.0,0.0,0.0
revenue,Total,Total,2004-01-01,2013,both,0.0,0.0,0.0,0.0
revenue,Total,Total,2004-01-01,2014,both,0.0,0.0,0.0,0.0
revenue,Total,Total,2004-03-01,2004,both,0.0,0.0,0.0,0.0
revenue,Total,Total,2004-03-01,2005,both,0.0,0.0,0.0,0.0
revenue,Total,Total,2004-03-01,2006,both,0.0,0.0,0.0,0.0
revenue,Total,Total,2004-03-01,2007,both,0.0,0.0,0.0,0.0
revenue,Total,Total,2004-03-01,2008,both,0.0,0.0,0.0,0.0
revenue,Total,Total,2004-03-01,2009,both,0.0,0.0,0.0,0.0
revenue,Total,Total,2004-03-01,2010,both,0.0,0.0,0.0,0.0
revenue,Total,Total,2004-03-01,2011,both,0.0,0.0,0.0,0.0
revenue,Total,Total,2004-03-01,2012,both,0.0,0.0,0.0,0.0
revenue,Total,Total,2004-03-01,2013,both,0.0,0.0,0.0,0.0
revenue,Total,Total,2004-03-01,2014,both,0.0,0.0,0.0,0.0
revenue,Total,Total,2005-01-01,2005,both,0.0,0.0,0.0,0.0
revenue,Total,Total,2005-01-01,2006,both,0.0,0.0,0.0,0.0
revenue,Total,Total,2005-01-01,2007,both,0.0,0.0,0.0,0.0
revenue,Total,Total,2005-01-01,2008,both,0.0,0.0,0.0,0.0
revenue,Total,Total,2005-01-01,2009,both,0.0,0.0,0.0,0.0
revenue,Total,Total,2005-01-01,2010,both,0.0,0.0,0.0,0.0
revenue,Total,Total,2005-01-01,2011,both,0.0,0.0,0.0,0.0
revenue,Total,Total,2005-01-01,2012,both,0.0,0.0,0.0,0.0
revenue,Total,Total,2005-01-01,2013,both,0.0,0.0,0.0,0.0
revenue,Total,Total,2005-01-01,2014,both,0.0,0.0,0.0,0.0
revenue,Total,Total,2005-01-01,2015,both,0.0,0.0,0.0,0.0
revenue,Total,Total,2005-03-01,2005,both,0.0,0.0,0.0,0.0
revenue,Total,Total,2005-03-01,2006,both,0.0,0.0,0.0,0.0
revenue,Total,Total,2005-03-01,2007,both,0.0,0.0,0.0,0.0
revenue,Total,Total,2005-03-01,2008,both,0.0,0.0,0.0,0.0
revenue,Total,Total,2005-03-01,2009,both,0.0,0.0,0.0,0.0
revenue,Total,Total,2005-03-01,2010,both,0.0,0.0,0.0,0.0
revenue,Total,Total,2005-03-01,2011,both,0.0,0.0,0.0,0.0
revenue,Total,Total,2005-03-01,2012,both,0.0,0.0,0.0,0.0
revenue,Total,Total,2005-03-01,2013,both,0.0,0.0,0.0,0.0
revenue,Total,Total,2005-03-01,2014,both,0.0,0.0,0.0,0.0
revenue,Total,Total,2005-03-01,2015,both,0.0,0.0,0.0,0.0
revenue,Total,Total,2006-01-01,2006,both,0.0,0.0,0.0,0.0
revenue,Total,Total,2006-01-01,2007,both,0.0,0.0,0.0,0.0
revenue,Total,Total,2006-01-01,2008,both,0.0,0.0,0.0,0.0
revenue,Total,Total,2006-01-01,2009,both,0.0,0.0,0.0,0.0
revenue,Total,Total,2006-01-01,2010,both,0.0,0.0,0.0,0.0
revenue,Total,Total,2006-01-01,2011,both,0.0,0.0,0.0,0.0
revenue,Total,Total,2006-01-01,2012,both,0.0,0.0,0.0,0.0
revenue,Total,Total,2006-01-01,2013,both,0.0,0.0,0.0,0.0
revenue,Total,Total,2006-01-01,2014,both,0.0,0.0,0.0,0.0
revenue,Total,Total,2006-01-01,2015,both,0.0,0.0,0.0,0.0
revenue,Total,Total,2006-01-01,2016,both,0.0,0.0,0.0,0.0
revenue,Total,Total,2006-03-01,2006,both,0.0,0.0,0.0,0.0
revenue,Total,Total,2006-03-01,2007,both,0.0,0.0,0.0,0.0
revenue,Total,Total,2006-03-01,2008,both,0.0,0.0,0.0,0.0
revenue,Total,Total,2006-03-01,2009,both,0.0,0.0,0.0,0.0
revenue,Total,Total,2006-03-01,2010,both,0.0,0.0,0.0,0.0
revenue,Total,Total,2006-03-01,2011,both,0.0,0.0,0.0,0.0
revenue,Total,Total,2006-03-01,2012,both,0.0,0.0,0.0,0.0
revenue,Total,Total,2006-03-01,2013,both,0.0,0.0,0.0,0.0
revenue,Total,Total,2006-03-01,2014,both,0.0,0.0,0.0,0.0
revenue,Total,Total,2006-03-01,2015,both,0.0,0.0,0.0,0.0
revenue,Total,Total,2006-03-01,2016,both,0.0,0.0,0.0,0.0
revenue,Total,Total,2007-01-01,2007,both,0.0,0.0,0.0,0.0
revenue,Total,Total,2007-01-01,2008,both,0.0,0.0,0.0,0.0
revenue,Total,Total,2007-01-01,2009,both,0.0,0.0,0.0,0.0
revenue,Total,Total,2007-01-01,2010,both,0.0,0.0,0.0,0.0
revenue,Total,Total,2007-01-01,2011,both,0.0,0.0,0.0,0.0
revenue,Total,Total,2007-01-01,2012,both,0.0,0.0,0.0,0.0
revenue,Total,Total,2007-01-01,2013,both,0.0,0.0,0.0,0.0
revenue,Total,Total,2007-01-01,2014,both,0.0,0.0,0.0,0.0
revenue,Total,Total,2007-01-01,2015,both,0.0,0.0,0.0,0.0
revenue,Total,Total,2007-01-01,2016,both,0.0,0.0,0.0,0.0
revenue,Total,Total,2007-01-01,2017,both,0.0,0.0,0.0,0.0
revenue,Total,Total,2007-03-01,2007,both,0.0,0.0,0.0,0.0
revenue,Total,Total,2007-03-01,2008,both,0.0,0.0,0.0,0.0
revenue,Total,Total,2007-03-01,2009,both,0.0,0.0,0.0,0.0
revenue,Total,Total,2007-03-01,2010,both,0.0,0.0,0.0,0.0
revenue,Total,Total,2007-03-01,2011,both,0.0,0.0,0.0,0.0
revenue,Total,Total,2007-03-01,2012,both,0.0,0.0,0.0,0.0
revenue,Total,Total,2007-03-01,2013,both,0.0,0.0,0.0,0.0
revenue,Total,Total,2007-03-01,2014,both,0.0,0.0,0.0,0.0
revenue,Total,Total,2007-03-01,2015,both,0.0,0.0,0.0,0.0
revenue,Total,Total,2007-03-01,2016,both,0.0,0.0,0.0,0.0
revenue,Total,Total,2007-03-01,2017,both,0.0,0.0,0.0,0.0
revenue,Total,Total,2008-01-01,2008,both,0.0,0.0,0.0,0.0
revenue,Total,Total,2008-01-01,2009,both,0.0,0.0,0.0,0.0
revenue,Total,Total,2008-01-01,2010,both,0.0,0.0,0.0,0.0
revenue,Total,Total,2008-01-01,2011,both,0.0,0.0,0.0,0.0
revenue,Total,Total,2008-01-01,2012,both,0.0,0.0,0.0,0.0
revenue,Total,Total,2008-01-01,2013,both,0.0,0.0,0.0,0.0
revenue,Total,Total,2008-01-01,2014,both,0.0,0.0,0.0,0.0
revenue,Total,Total,2008-01-01,2015,both,0.0,0.0,0.0,0.0
revenue,Total,Total,2008-01-01,2016,both,0.0,0.0,0.0,0.0
revenue,Total,Total,2008-01-01,2017,both,0.0,0.0,0.0,0.0
revenue,Total,Total,2008-01-01,2018,both,0.0,0.0,0.0,0.0
revenue,Total,Total,2008-03-01,2008,both,0.0,0.0,0.0,0.0
revenue,Total,Total,2008-03-01,2009,both,0.0,0.0,0.0,0.0
revenue,Total,Total,2008-03-01,2010,both,0.0,0.0,0.0,0.0
revenue,Total,Total,2008-03-01,2011,both,0.0,0.0,0.0,0.0
revenue,Total,Total,2008-03-01,2012,both,0.0,0.0,0.0,0.0
revenue,Total,Total,2008-03-01,2013,both,0.0,0.0,0.0,0.0
revenue,Total,Total,2008-03-01,2014,both,0.0,0.0,0.0,0.0
revenue,Total,Total,2008-03-01,2015,both,0.0,0.0,0.0,0.0
revenue,Total,Total,2008-03-01,2016,both,0.0,0.0,0.0,0.0
revenue,Total,Total,2008-03-01,2017,both,0.0,0.0,0.0,0.0
revenue,Total,Total,2008-03-01,2018,both,0.0,0.0,0.0,0.0
revenue,Total,Total,2009-01-01,2009,both,0.0,0.0,0.0,0.0
revenue,Total,Total,2009-01-01,2010,both,0.0,0.0,0.0,0.0
revenue,Total,Total,2009-01-01,2011,both,0.0,0.0,0.0,0.0
revenue,Total,Total,2009-01-01,2012,both,0.0,0.0,0.0,0.0
revenue,Total,Total,2009-01-01,2013,both,0.0,0.0,0.0,0.0
revenue,Total,Total,2009-01-01,2014,both,0.0,0.0,0.0,0.0
revenue,Total,Total,2009-01-01,2015,both,0.0,0.0,0.0,0.0
revenue,Total,Total,2009-01-01,2016,both,0.0,0.0,0.0,0.0
revenue,Total,Total,2009-01-01,2017,both,0.0,0.0,0.0,0.0
revenue,Total,Total,2009-01-01,2018,both,0.0,0.0,0.0,0.0
revenue,Total,Total,2009-01-01,2019,both,0.0,0.0,0.0,0.0
revenue,Total,Total,2009-03-01,2009,both,0.0,0.0,0.0,0.0
revenue,Total,Total,2009-03-01,2010,both,0.0,0.0,0.0,0.0
revenue,Total,Total,2009-03-01,2011,both,0.0,0.0,0.0,0.0
revenue,Total,Total,2009-03-01,2012,both,0.0,0.0,0.0,0.0
revenue,Total,Total,2009-03-01,2013,both,0.0,0.0,0.0,0.0
revenue,Total,Total,2009-03-01,2014,both,0.0,0.0,0.0,0.0
revenue,Total,Total,2009-03-01,2015,both,0.0,0.0,0.0,0.0
revenue,Total,Total,2009-03-01,2016,both,0.0,0.0,0.0,0.0
revenue,Total,Total,2009-03-01,2017,both,0.0,0.0,0.0,0.0
revenue,Total,Total,2009-03-01,2018,both,0.0,0.0,0.0,0.0
revenue,Total,Total,2009-03-01,2019,both,0.0,0.0,0.0,0.0
revenue,Total,Total,2010-01-01,2010,both,0.0,0.0,0.0,0.0
revenue,Total,Total,2010-01-01,2011,both,0.0,0.0,0.0,0.0
revenue,Total,Total,2010-01-01,2012,both,0.0,0.0,0.0,0.0
revenue,Total,Total,2010-01-01,2013,both,0.0,0.0,0.0,0.0
revenue,Total,Total,2010-01-01,2014,both,0.0,0.0,0.0,0.0
revenue,Total,Total,2010-01-01,2015,both,0.0,0.0,0.0,0.0
revenue,Total,Total,2010-01-01,2016,both,0.0,0.0,0.0,0.0
revenue,Total,Total,2010-01-01,2017,both,0.0,0.0,0.0,0.0
revenue,Total,Total,2010-01-01,2018,both,0.0,0.0,0.0,0.0
revenue,Total,Total,2010-01-01,2019,both,0.0,0.0,0.0,0.0
revenue,Total,Total,2010-01-01,2020,both,0.0,0.0,0.0,0.0
revenue,Total,Total,2010-03-01,2010,both,0.0,0.0,0.0,0.0
revenue,Total,Total,2010-03-01,2011,both,0.0,0.0,0.0,0.0
revenue,Total,Total,2010-03-01,2012,both,0.0,0.0,0.0,0.0
revenue,Total,Total,2010-03-01,2013,both,0.0,0.0,0.0,0.0
revenue,Total,Total,2010-03-01,2014,both,0.0,0.0,0.0,0.0
revenue,Total,Total,2010-03-01,2015,both,0.0,0.0,0.0,0.0
revenue,Total,Total,2010-03-01,2016,both,0.0,0.0,0.0,0.0
revenue,Total,Total,2010-03-01,2017,both,0.0,0.0,0.0,0.0
revenue,Total,Total,2010-03-01,2018,both,0.0,0.0,0.0,0.0
revenue,Total,Total,2010-03-01,2019,both,0.0,0.0,0.0,0.0
revenue,Total,Total,2010-03-01,2020,both,0.0,0.0,0.0,0.0
revenue,Total,Total,2011-01-01,2011,both,0.0,0.0,0.0,0.0
revenue,Total,Total,2011-01-01,2012,both,0.0,0.0,0.0,0.0
revenue,Total,Total,2011-01-01,2013,both,0.0,0.0,0.0,0.0
revenue,Total,Total,2011-01-01,2014,both,0.0,0.0,0.0,0.0
revenue,Total,Total,2011-01-01,2015,both,0.0,0.0,0.0,0.0
revenue,Total,Total,2011-01-01,2016,both,0.0,0.0,0.0,0.0
revenue,Total,Total,2011-01-01,2017,both,0.0,0.0,0.0,0.0
revenue,Total,Total,2011-01-01,2018,both,0.0,0.0,0.0,0.0
revenue,Total,Total,2011-01-01,2019,both,0.0,0.0,0.0,0.0
revenue,Total,Total,2011-01-01,2020,both,0.0,0.0,0.0,0.0
revenue,Total,Total,2011-01-01,2021,both,0.0,0.0,0.0,0.0
revenue,Total,Total,2011-03-01,2011,both,0.0,0.0,0.0,0.0
revenue,Total,Total,2011-03-01,2012,both,0.0,0.0,0.0,0.0
revenue,Total,Total,2011-03-01,2013,both,0.0,0.0,0.0,0.0
revenue,Total,Total,2011-03-01,2014,both,0.0,0.0,0.0,0.0
revenue,Total,Total,2011-03-01,2015,both,0.0,0.0,0.0,0.0
revenue,Total,Total,2011-03-01,2016,both,0.0,0.0,0.0,0.0
revenue,Total,Total,2011-03-01,2017,both,0.0,0.0,0.0,0.0
revenue,Total,Total,2011-03-01,2018,both,0.0,0.0,0.0,0.0
revenue,Total,Total,2011-03-01,2019,both,0.0,0.0,0.0,0.0
revenue,Total,Total,2011-03-01,2020,both,0.0,0.0,0.0,0.0
revenue,Total,Total,2011-03-01,2021,both,0.0,0.0,0.0,0.0
revenue,Total,Total,2012-01-01,2012,both,0.0,0.0,0.0,0.0
revenue,Total,Total,2012-01-01,2013,both,0.0,0.0,0.0,0.0
revenue,Total,Total,2012-01-01,2014,both,0.0,0.0,0.0,0.0
revenue,Total,Total,2012-01-01,2015,both,0.0,0.0,0.0,0.0
revenue,Total,Total,2012-01-01,2016,both,0.0,0.0,0.0,0.0
revenue,Total,Total,2012-01-01,2017,both,0.0,0.0,0.0,0.0
revenue,Total,Total,2012-01-01,2018,both,0.0,0.0,0.0,0.0
revenue,Total,Total,2012-01-01,2019,both,0.0,0.0,0.0,0.0
revenue,Total,Total,2012-01-01,2020,both,0.0,0.0,0.0,0.0
revenue,Total,Total,2012-01-01,2021,both,0.0,0.0,0.0,0.0
revenue,Total,Total,2012-01-01,2022,both,0.0,0.0,0.0,0.0
revenue,Total,Total,2012-03-01,2012,both,0.0,0.0,0.0,0.0
revenue,Total,Total,2012-03-01,2013,both,0.0,0.0,0.0,0.0
revenue,Total,Total,2012-03-01,2014,both,0.0,0.0,0.0,0.0
revenue,Total,Total,2012-03-01,2015,both,0.0,0.0,0.0,0.0
revenue,Total,Total,2012-03-01,2016,both,0.0,0.0,0.0,0.0
revenue,Total,Total,2012-03-01,2017,both,0.0,0.0,0.0,0.0
revenue,Total,Total,2012-03-01,2018,both,0.0,0.0,0.0,0.0
revenue,Total,Total,2012-03-01,2019,both,0.0,0.0,0.0,0.0
revenue,Total,Total,2012-03-01,2020,both,0.0,0.0,0.0,0.0
revenue,Total,Total,2012-03-01,2021,both,0.0,0.0,0.0,0.0
revenue,Total,Total,2012-03-01,2022,both,0.0,0.0,0.0,0.0
revenue,Total,Total,2013-02-01,2013,both,0.0,0.0,0.0,0.0
revenue,Total,Total,2013-02-01,2014,both,0.0,0.0,0.0,0.0
revenue,Total,Total,2013-02-01,2015,both,0.0,0.0,0.0,0.0
revenue,Total,Total,2013-02-01,2016,both,0.0,0.0,0.0,0.0
revenue,Total,Total,2013-02-01,2017,both,0.0,0.0,0.0,0.0
revenue,Total,Total,2013-02-01,2018,both,0.0,0.0,0.0,0.0
revenue,Total,Total,2013-02-01,2019,both,0.0,0.0,0.0,0.0
revenue,Total,Total,2013-02-01,2020,both,0.0,0.0,0.0,0.0
revenue,Total,Total,2013-02-01,2021,both,0.0,0.0,0.0,0.0
revenue,Total,Total,2013-02-01,2022,both,0.0,0.0,0.0,0.0
revenue,Total,Total,2013-02-01,2023,both,0.0,0.0,0.0,0.0
revenue,Total,Total,2013-05-01,2013,both,0.0,0.0,0.0,0.0
revenue,Total,Total,2013-05-01,2014,both,0.0,0.0,0.0,0.0
revenue,Total,Total,2013-05-01,2015,both,0.0,0.0,0.0,0.0
revenue,Total,Total,2013-05-01,2016,both,0.0,0.0,0.0,0.0
revenue,Total,Total,2013-05-01,2017,both,0.0,0.0,0.0,0.0
revenue,Total,Total,2013-05-01,2018,both,0.0,0.0,0.0,0.0
revenue,Total,Total,2013-05-01,2019,both,0.0,0.0,0.0,0.0
revenue,Total,Total,2013-05-01,2020,both,0.0,0.0,0.0,0.0
revenue,Total,Total,2013-05-01,2021,both,0.0,0.0,0.0,0.0
revenue,Total,Total,2013-05-01,2022,both,0.0,0.0,0.0,0.0
revenue,Total,Total,2013-05-01,2023,both,0.0,0.0,0.0,0.0
revenue,Total,Total,2014-02-01,2014,both,0.0,0.0,0.0,0.0
revenue,Total,Total,2014-02-01,2015,both,0.0,0.0,0.0,0.0
revenue,Total,Total,2014-02-01,2016,both,0.0,0.0,0.0,0.0
revenue,Total,Total,2014-02-01,2017,both,0.0,0.0,0.0,0.0
revenue,Total,Total,2014-02-01,2018,both,0.0,0.0,0.0,0.0
revenue,Total,Total,2014-02-01,2019,both,0.0,0.0,0.0,0.0
revenue,Total,Total,2014-02-01,2020,both,0.0,0.0,0.0,0.0
revenue,Total,Total,2014-02-01,2021,both,0.0,0.0,0.0,0.0
revenue,Total,Total,2014-02-01,2022,both,0.0,0.0,0.0,0.0
revenue,Total,Total,2014-02-01,2023,both,0.0,0.0,0.0,0.0
revenue,Total,Total,2014-02-01,2024,both,0.0,0.0,0.0,0.0
revenue,Total,Total,2014-04-01,2014,both,0.0,0.0,0.0,0.0
revenue,Total,Total,2014-04-01,2015,both,0.0,0.0,0.0,0.0
revenue,Total,Total,2014-04-01,2016,both,0.0,0.0,0.0,0.0
revenue,Total,Total,2014-04-01,2017,both,0.0,0.0,0.0,0.0
revenue,Total,Total,2014-04-01,2018,both,0.0,0.0,0.0,0.0
revenue,Total,Total,2014-04-01,2019,both,0.0,0.0,0.0,0.0
revenue,Total,Total,2014-04-01,2020,both,0.0,0.0,0.0,0.0
revenue,Total,Total,2014-04-01,2021,both,0.0,0.0,0.0,0.0
revenue,Total,Total,2014-04-01,2022,both,0.0,0.0,0.0,0.0
revenue,Total,Total,2014-04-01,2023,both,0.0,0.0,0.0,0.0
revenue,Total,Total,2014-04-01,2024,both,0.0,0.0,0.0,0.0
revenue,Total,Total,2015-01-01,2015,both,0.0,0.0,0.0,0.0
revenue,Total,Total,2015-01-01,2016,both,0.0,0.0,0.0,0.0
revenue,Total,Total,2015-01-01,2017,both,0.0,0.0,0.0,0.0
revenue,Total,Total,2015-01-01,2018,both,0.0,0.0,0.0,0.0
revenue,Total,Total,2015-01-01,2019,both,0.0,0.0,0.0,0.0
revenue,Total,Total,2015-01-01,2020,both,0.0,0.0,0.0,0.0
revenue,Total,Total,2015-01-01,2021,both,0.0,0.0,0.0,0.0
revenue,Total,Total,2015-01-01,2022,both,0.0,0.0,0.0,0.0
revenue,Total,Total,2015-01-01,2023,both,0.0,0.0,0.0,0.0
revenue,Total,Total,2015-01-01,2024,both,0.0,0.0,0.0,0.0
revenue,Total,Total,2015-01-01,2025,both,0.0,0.0,0.0,0.0
revenue,Total,Total,2015-03-01,2015,both,0.0,0.0,0.0,0.0
revenue,Total,Total,2015-03-01,2016,both,0.0,0.0,0.0,0.0
revenue,Total,Total,2015-03-01,2017,both,0.0,0.0,0.0,0.0
revenue,Total,Total,2015-03-01,2018,both,0.0,0.0,0.0,0.0
revenue,Total,Total,2015-03-01,2019,both,0.0,0.0,0.0,0.0
revenue,Total,Total,2015-03-01,2020,both,0.0,0.0,0.0,0.0
revenue,Total,Total,2015-03-01,2021,both,0.0,0.0,0.0,0.0
revenue,Total,Total,2015-03-01,2022,both,0.0,0.0,0.0,0.0
revenue,Total,Total,2015-03-01,2023,both,0.0,0.0,0.0,0.0
revenue,Total,Total,2015-03-01,2024,both,0.0,0.0,0.0,0.0
revenue,Total,Total,2015-03-01,2025,both,0.0,0.0,0.0,0.0
revenue,Total,Total,2016-01-01,2016,both,0.0,0.0,0.0,0.0
revenue,Total,Total,2016-01-01,2017,both,0.0,0.0,0.0,0.0
revenue,Total,Total,2016-01-01,2018,both,0.0,0.0,0.0,0.0
revenue,Total,Total,2016-01-01,2019,both,0.0,0.0,0.0,0.0
revenue,Total,Total,2016-01-01,2020,both,0.0,0.0,0.0,0.0
revenue,Total,Total,2016-01-01,2021,both,0.0,0.0,0.0,0.0
revenue,Total,Total,2016-01-01,2022,both,0.0,0.0,0.0,0.0
revenue,Total,Total,2016-01-01,2023,both,0.0,0.0,0.0,0.0
revenue,Total,Total,2016-01-01,2024,both,0.0,0.0,0.0,0.0
revenue,Total,Total,2016-01-01,2025,both,0.0,0.0,0.0,0.0
revenue,Total,Total,2016-03-01,2016,both,0.0,0.0,0.0,0.0
revenue,Total,Total,2016-03-01,2017,both,0.0,0.0,0.0,0.0
revenue,Total,Total,2016-03-01,2018,both,0.0,0.0,0.0,0.0
revenue,Total,Total,2016-03-01,2019,both,0.0,0.0,0.0,0.0
revenue,Total,Total,2016-03-01,2020,both,0.0,0.0,0.0,0.0
revenue,Total,Total,2016-03-01,2021,both,0.0,0.0,0.0,0.0
revenue,Total,Total,2016-03-01,2022,both,0.0,0.0,0.0,0.0
revenue,Total,Total,2016-03-01,2023,both,0.0,0.0,0.0,0.0
revenue,Total,Total,2016-03-01,2024,both,0.0,0.0,0.0,0.0
revenue,Total,Total,2016-03-01,2025,both,0.0,0.0,0.0,0.0
revenue,Total,Total,2017-01-01,2017,both,0.0,0.0,0.0,0.0
revenue,Total,Total,2017-01-01,2018,both,0.0,0.0,0.0,0.0
revenue,Total,Total,2017-01-01,2019,both,0.0,0.0,0.0,0.0
revenue,Total,Total,2017-01-01,2020,both,0.0,0.0,0.0,0.0
revenue,Total,Total,2017-01-01,2021,both,0.0,0.0,0.0,0.0
revenue,Total,Total,2017-01-01,2022,both,0.0,0.0,0.0,0.0
revenue,Total,Total,2017-01-01,2023,both,0.0,0.0,0.0,0.0
revenue,Total,Total,2017-01-01,2024,both,0.0,0.0,0.0,0.0
revenue,Total,Total,2017-01-01,2025,both,0.0,0.0,0.0,0.0
revenue,Total,Total,2017-06-01,2017,both,0.0,0.0,0.0,0.0
revenue,Total,Total,2017-06-01,2018,both,0.0,0.0,0.0,0.0
revenue,Total,Total,2017-06-01,2019,both,0.0,0.0,0.0,0.0
revenue,Total,Total,2017-06-01,2020,both,0.0,0.0,0.0,0.0
revenue,Total,Total,2017-06-01,2021,both,0.0,0.0,0.0,0.0
revenue,Total,Total,2017-06-01,2022,both,0.0,0.0,0.0,0.0
revenue,Total,Total,2017-06-01,2023,both,0.0,0.0,0.0,0.0
revenue,Total,Total,2017-06-01,2024,both,0.0,0.0,0.0,0.0
revenue,Total,Total,2017-06-01,2025,both,0.0,0.0,0.0,0.0
revenue,Total,Total,2018-04-01,2018,both,0.0,0.0,0.0,0.0
revenue,Total,Total,2018-04-01,2019,both,0.0,0.0,0.0,0.0
revenue,Total,Total,2018-04-01,2020,both,0.0,0.0,0.0,0.0
revenue,Total,Total,2018-04-01,2021,both,0.0,0.0,0.0,0.0
revenue,Total,Total,2018-04-01,2022,both,0.0,0.0,0.0,0.0
revenue,Total,Total,2018-04-01,2023,both,0.0,0.0,0.0,0.0
revenue,Total,Total,2018-04-01,2024,both,0.0,0.0,0.0,0.0
revenue,Total,Total,2018-04-01,2025,both,0.0,0.0,0.0,0.0
revenue,Total,Total,2018-05-01,2018,both,0.0,0.0,0.0,0.0
revenue,Total,Total,2018-05-01,2019,both,0.0,0.0,0.0,0.0
revenue,Total,Total,2018-05-01,2020,both,0.0,0.0,0.0,0.0
revenue,Total,Total,2018-05-01,2021,both,0.0,0.0,0.0,0.0
revenue,Total,Total,2018-05-01,2022,both,0.0,0.0,0.0,0.0
revenue,Total,Total,2018-05-01,2023,both,0.0,0.0,0.0,0.0
revenue,Total,Total,2018-05-01,2024,both,0.0,0.0,0.0,0.0
revenue,Total,Total,2018-05-01,2025,both,0.0,0.0,0.0,0.0
revenue,Total,Total,2019-01-01,2019,both,0.0,0.0,0.0,0.0
revenue,Total,Total,2019-01-01,2020,both,0.0,0.0,0.0,0.0
revenue,Total,Total,2019-01-01,2021,both,0.0,0.0,0.0,0.0
revenue,Total,Total,2019-01-01,2022,both,0.0,0.0,0.0,0.0
revenue,Total,Total,2019-01-01,2023,both,0.0,0.0,0.0,0.0
revenue,Total,Total,2019-01-01,2024,both,0.0,0.0,0.0,0.0
revenue,Total,Total,2019-01-01,2025,both,0.0,0.0,0.0,0.0
revenue,Total,Total,2019-05-01,2019,both,0.0,0.0,0.0,0.0
revenue,Total,Total,2019-05-01,2020,both,0.0,0.0,0.0,0.0
revenue,Total,Total,2019-05-01,2021,both,0.0,0.0,0.0,0.0
revenue,Total,Total,2019-05-01,2022,both,0.0,0.0,0.0,0.0
revenue,Total,Total,2019-05-01,2023,both,0.0,0.0,0.0,0.0
revenue,Total,Total,2019-05-01,2024,both,0.0,0.0,0.0,0.0
revenue,Total,Total,2019-05-01,2025,both,0.0,0.0,0.0,0.0
revenue,Total,Total,2020-01-01,2020,both,0.0,0.0,0.0,0.0
revenue,Total,Total,2020-01-01,2021,both,0.0,0.0,0.0,0.0
revenue,Total,Total,2020-01-01,2022,both,0.0,0.0,0.0,0.0
revenue,Total,Total,2020-01-01,2023,both,0.0,0.0,0.0,0.0
revenue,Total,Total,2020-01-01,2024,both,0.0,0.0,0.0,0.0
revenue,Total,Total,2020-01-01,2025,both,0.0,0.0,0.0,0.0
revenue,Total,Total,2020-03-01,2020,both,0.0,0.0,0.0,0.0
revenue,Total,Total,2020-03-01,2021,both,0.0,0.0,0.0,0.0
revenue,Total,Total,2020-03-01,2022,both,0.0,0.0,0.0,0.0
revenue,Total,Total,2020-03-01,2023,both,0.0,0.0,0.0,0.0
revenue,Total,Total,2020-03-01,2024,both,0.0,0.0,0.0,0.0
revenue,Total,Total,2020-03-01,2025,both,0.0,0.0,0.0,0.0
revenue,Total,Total,2021-02-01,2021,both,0.0,0.0,0.0,0.0
revenue,Total,Total,2021-02-01,2022,both,0.0,0.0,0.0,0.0
revenue,Total,Total,2021-02-01,2023,both,0.0,0.0,0.0,0.0
revenue,Total,Total,2021-02-01,2024,both,0.0,0.0,0.0,0.0
revenue,Total,Total,2021-02-01,2025,both,0.0,0.0,0.0,0.0
revenue,Total,Total,2021-07-01,2021,both,0.0,0.0,0.0,0.0
revenue,Total,Total,2021-07-01,2022,both,0.0,0.0,0.0,0.0
revenue,Total,Total,2021-07-01,2023,both,0.0,0.0,0.0,0.0
revenue,Total,Total,2021-07-01,2024,both,0.0,0.0,0.0,0.0
revenue,Total,Total,2021-07-01,2025,both,0.0,0.0,0.0,0.0
revenue,Total,Total,2022-05-01,2022,both,0.0,0.0,0.0,0.0
revenue,Total,Total,2022-05-01,2023,both,0.0,0.0,0.0,0.0
revenue,Total,Total,2022-05-01,2024,both,0.0,0.0,0.0,0.0
revenue,Total,Total,2022-05-01,2025,both,0.0,0.0,0.0,0.0
revenue,Total,Total,2023-02-01,2023,both,0.0,0.0,0.0,0.0
revenue,Total,Total,2023-02-01,2024,both,0.0,0.0,0.0,0.0
revenue,Total,Total,2023-02-01,2025,both,0.0,0.0,0.0,0.0
revenue,Total,Total,2023-05-01,2023,both,0.0,0.0,0.0,0.0
revenue,Total,Total,2023-05-01,2024,both,0.0,0.0,0.0,0.0
revenue,Total,Total,2023-05-01,2025,both,0.0,0.0,0.0,0.0
revenue,Total,Total,2024-02-01,2024,both,0.0,0.0,0.0,0.0
revenue,Total,Total,2024-02-01,2025,both,0.0,0.0,0.0,0.0
revenue,Total,Total,2024-06-01,2024,both,0.0,0.0,0.0,0.0
revenue,Total,Total,2024-06-01,2025,both,0.0,0.0,0.0,0.0
revenue,Total,Total,2025-01-01,2025,both,0.0,0.0,0.0,0.0
