doc_id,role,source,collection,doc_type,title,url,publication_date,date_certainty,trajectories
cbo_7ddb1b1774,corpus,CBO,cbo_beo,forecast_narrative,Budget and Economic Outlook and Updates (Feb 2013),https://www.cbo.gov/publication/43907,2013-02-05,exact,cbo.outlay.other_mandatory__2023;cbo.revenue.miscellaneous_receipts__2023
cbo_61ec851505,corpus,CBO,cbo_mbr,in_period_commentary,Monthly Budget Review (Feb 2013),https://www.cbo.gov/publication/43915,2013-02-07,exact,cbo.outlay.other_mandatory__2023;cbo.revenue.miscellaneous_receipts__2023
cbo_d5100f0340,corpus,CBO,cbo_mbr,in_period_commentary,Monthly Budget Review (Mar 2013),https://www.cbo.gov/publication/43975,2013-03-07,exact,cbo.outlay.other_mandatory__2023;cbo.revenue.miscellaneous_receipts__2023
cbo_ebb092bf76,corpus,CBO,cbo_mbr,in_period_commentary,Monthly Budget Review (Apr 2013),https://www.cbo.gov/publication/44061,2013-04-05,exact,cbo.outlay.other_mandatory__2023;cbo.revenue.miscellaneous_receipts__2023
cbo_25f9fee626,corpus,CBO,cbo_mbr,in_period_commentary,Monthly Budget Review (May 2013),https://www.cbo.gov/publication/44144,2013-05-07,exact,cbo.outlay.other_mandatory__2023;cbo.revenue.miscellaneous_receipts__2023
cbo_ad7a886ed0,corpus,CBO,cbo_beo,forecast_narrative,Budget and Economic Outlook and Updates (May 2013),https://www.cbo.gov/publication/44172,2013-05-14,exact,cbo.outlay.other_mandatory__2023;cbo.revenue.miscellaneous_receipts__2023
cbo_b5d46b8a72,corpus,CBO,cbo_apb,forecast_narrative,Analysis of the President's Budget (May 2013),https://www.cbo.gov/publication/44173,2013-05-17,exact,cbo.outlay.other_mandatory__2023;cbo.revenue.miscellaneous_receipts__2023
cbo_90afd1ad59,corpus,CBO,cbo_mbr,in_period_commentary,Monthly Budget Review (Jun 2013),https://www.cbo.gov/publication/44320,2013-06-07,exact,cbo.outlay.other_mandatory__2023;cbo.revenue.miscellaneous_receipts__2023
cbo_e78e83928c,corpus,CBO,cbo_mbr,in_period_commentary,Monthly Budget Review (Jul 2013),https://www.cbo.gov/publication/44400,2013-07-09,exact,cbo.outlay.other_mandatory__2023;cbo.revenue.miscellaneous_receipts__2023
cbo_63384310c3,corpus,CBO,cbo_mbr,in_period_commentary,Monthly Budget Review (Aug 2013),https://www.cbo.gov/publication/44495,2013-08-07,exact,cbo.outlay.other_mandatory__2023;cbo.revenue.miscellaneous_receipts__2023
cbo_39354a6ea2,corpus,CBO,cbo_mbr,in_period_commentary,Monthly Budget Review (Sep 2013),https://www.cbo.gov/publication/44552,2013-09-09,exact,cbo.outlay.other_mandatory__2023;cbo.revenue.miscellaneous_receipts__2023
cbo_25c424bcb8,corpus,CBO,cbo_mbr,in_period_commentary,Monthly Budget Review (Nov 2013),https://www.cbo.gov/publication/44716,2013-11-07,exact,cbo.outlay.other_mandatory__2023;cbo.revenue.miscellaneous_receipts__2023
cbo_7b3cc469a6,corpus,CBO,cbo_mbr,in_period_commentary,Monthly Budget Review (Dec 2013),https://www.cbo.gov/publication/44938,2013-12-06,exact,cbo.outlay.other_mandatory__2023;cbo.revenue.miscellaneous_receipts__2023
cbo_a48d23bf57,corpus,CBO,cbo_mbr,in_period_commentary,Monthly Budget Review (Jan 2014),https://www.cbo.gov/publication/44999,2014-01-08,exact,cbo.outlay.other_mandatory__2023;cbo.revenue.miscellaneous_receipts__2023
cbo_5ed147fb5a,corpus,CBO,cbo_beo,forecast_narrative,Budget and Economic Outlook and Updates (Feb 2014),https://www.cbo.gov/publication/45010,2014-02-04,exact,cbo.outlay.other_mandatory__2023;cbo.revenue.miscellaneous_receipts__2023
cbo_f56e10febf,corpus,CBO,cbo_mbr,in_period_commentary,Monthly Budget Review (Feb 2014),https://www.cbo.gov/publication/45091,2014-02-07,exact,cbo.outlay.other_mandatory__2023;cbo.revenue.miscellaneous_receipts__2023
cbo_f3b02fce80,corpus,CBO,cbo_mbr,in_period_commentary,Monthly Budget Review (Mar 2014),https://www.cbo.gov/publication/45174,2014-03-10,exact,cbo.outlay.other_mandatory__2023;cbo.revenue.miscellaneous_receipts__2023
cbo_55d893e151,corpus,CBO,cbo_mbr,in_period_commentary,Monthly Budget Review (Apr 2014),https://www.cbo.gov/publication/45237,2014-04-07,exact,cbo.outlay.other_mandatory__2023;cbo.revenue.miscellaneous_receipts__2023
cbo_d11a0da2b3,corpus,CBO,cbo_beo,forecast_narrative,Budget and Economic Outlook and Updates (Apr 2014),https://www.cbo.gov/publication/45229,2014-04-14,exact,cbo.outlay.other_mandatory__2023;cbo.revenue.miscellaneous_receipts__2023
cbo_07d6acaaec,corpus,CBO,cbo_apb,forecast_narrative,Analysis of the President's Budget (Apr 2014),https://www.cbo.gov/publication/45230,2014-04-17,exact,cbo.outlay.other_mandatory__2023;cbo.revenue.miscellaneous_receipts__2023
cbo_dbf661ca19,corpus,CBO,cbo_mbr,in_period_commentary,Monthly Budget Review (May 2014),https://www.cbo.gov/publication/45334,2014-05-07,exact,cbo.outlay.other_mandatory__2023;cbo.revenue.miscellaneous_receipts__2023
cbo_931a3f7865,corpus,CBO,cbo_mbr,in_period_commentary,Monthly Budget Review (Jun 2014),https://www.cbo.gov/publication/45426,2014-06-06,exact,cbo.outlay.other_mandatory__2023;cbo.revenue.miscellaneous_receipts__2023
cbo_004010a628,corpus,CBO,cbo_mbr,in_period_commentary,Monthly Budget Review (Jul 2014),https://www.cbo.gov/publication/45504,2014-07-08,exact,cbo.outlay.other_mandatory__2023;cbo.revenue.miscellaneous_receipts__2023
cbo_5872dc6348,corpus,CBO,cbo_apb,forecast_narrative,Analysis of the President's Budget (Jul 2014),https://www.cbo.gov/publication/45540,2014-07-22,exact,cbo.outlay.other_mandatory__2023;cbo.revenue.miscellaneous_receipts__2023
cbo_1d23aa02ff,corpus,CBO,cbo_mbr,in_period_commentary,Monthly Budget Review (Aug 2014),https://www.cbo.gov/publication/45629,2014-08-07,exact,cbo.outlay.other_mandatory__2023;cbo.revenue.miscellaneous_receipts__2023
cbo_650247df4d,corpus,CBO,cbo_beo,forecast_narrative,Budget and Economic Outlook and Updates (Aug 2014),https://www.cbo.gov/publication/45653,2014-08-27,exact,cbo.outlay.other_mandatory__2023;cbo.revenue.miscellaneous_receipts__2023
cbo_887f8e542f,corpus,CBO,cbo_mbr,in_period_commentary,Monthly Budget Review (Sep 2014),https://www.cbo.gov/publication/45694,2014-09-08,exact,cbo.outlay.other_mandatory__2023;cbo.revenue.miscellaneous_receipts__2023
cbo_a4a09fbd35,corpus,CBO,cbo_mbr,in_period_commentary,Monthly Budget Review (Oct 2014),https://www.cbo.gov/publication/49450,2014-10-08,exact,cbo.outlay.other_mandatory__2023;cbo.revenue.miscellaneous_receipts__2023
cbo_b4c80c6403,corpus,CBO,cbo_mbr,in_period_commentary,Monthly Budget Review (Nov 2014),https://www.cbo.gov/publication/49759,2014-11-10,exact,cbo.outlay.other_mandatory__2023;cbo.revenue.miscellaneous_receipts__2023
cbo_6adfd46832,corpus,CBO,cbo_mbr,in_period_commentary,Monthly Budget Review (Dec 2014),https://www.cbo.gov/publication/49806,2014-12-05,exact,cbo.outlay.other_mandatory__2023;cbo.revenue.miscellaneous_receipts__2023
cbo_e5dcda3187,corpus,CBO,cbo_mbr,in_period_commentary,Monthly Budget Review (Jan 2015),https://www.cbo.gov/publication/49867,2015-01-08,exact,cbo.outlay.other_mandatory__2023;cbo.revenue.miscellaneous_receipts__2023
cbo_a0d7d4564e,corpus,CBO,cbo_beo,forecast_narrative,Budget and Economic Outlook and Updates (Jan 2015),https://www.cbo.gov/publication/49892,2015-01-26,exact,cbo.revenue.customs_duties__2025;cbo.outlay.other_mandatory__2023;cbo.revenue.miscellaneous_receipts__2023
cbo_f4a825b7e6,corpus,CBO,cbo_mbr,in_period_commentary,Monthly Budget Review (Feb 2015),https://www.cbo.gov/publication/49924,2015-02-06,exact,cbo.revenue.customs_duties__2025;cbo.outlay.other_mandatory__2023;cbo.revenue.miscellaneous_receipts__2023
cbo_3b1f04fbf5,corpus,CBO,cbo_beo,forecast_narrative,Budget and Economic Outlook and Updates (Mar 2015),https://www.cbo.gov/publication/49973,2015-03-09,exact,cbo.revenue.customs_duties__2025;cbo.outlay.other_mandatory__2023;cbo.revenue.miscellaneous_receipts__2023
cbo_5e6703b94f,corpus,CBO,cbo_mbr,in_period_commentary,Monthly Budget Review (Mar 2015),https://www.cbo.gov/publication/50000,2015-03-09,exact,cbo.revenue.customs_duties__2025;cbo.outlay.other_mandatory__2023;cbo.revenue.miscellaneous_receipts__2023
cbo_6a39d7aa13,corpus,CBO,cbo_apb,forecast_narrative,Analysis of the President's Budget (Mar 2015),https://www.cbo.gov/publication/49979,2015-03-12,exact,cbo.revenue.customs_duties__2025;cbo.outlay.other_mandatory__2023;cbo.revenue.miscellaneous_receipts__2023
cbo_b2b0783046,corpus,CBO,cbo_mbr,in_period_commentary,Monthly Budget Review (Apr 2015),https://www.cbo.gov/publication/50095,2015-04-08,exact,cbo.revenue.customs_duties__2025;cbo.outlay.other_mandatory__2023;cbo.revenue.miscellaneous_receipts__2023
cbo_959375ca38,corpus,CBO,cbo_mbr,in_period_commentary,Monthly Budget Review (May 2015),https://www.cbo.gov/publication/50151,2015-05-07,exact,cbo.revenue.customs_duties__2025;cbo.outlay.other_mandatory__2023;cbo.revenue.miscellaneous_receipts__2023
cbo_30f5e6c838,corpus,CBO,cbo_mbr,in_period_commentary,Monthly Budget Review (Jun 2015),https://www.cbo.gov/publication/50272,2015-06-05,exact,cbo.revenue.customs_duties__2025;cbo.outlay.other_mandatory__2023;cbo.revenue.miscellaneous_receipts__2023
cbo_dcc4231bdb,corpus,CBO,cbo_mbr,in_period_commentary,Monthly Budget Review (Jul 2015),https://www.cbo.gov/publication/50362,2015-07-08,exact,cbo.revenue.customs_duties__2025;cbo.outlay.other_mandatory__2023;cbo.revenue.miscellaneous_receipts__2023
cbo_8c857d1d0c,corpus,CBO,cbo_mbr,in_period_commentary,Monthly Budget Review (Aug 2015),https://www.cbo.gov/publication/50720,2015-08-07,exact,cbo.revenue.customs_duties__2025;cbo.outlay.other_mandatory__2023;cbo.revenue.miscellaneous_receipts__2023
cbo_a50ea12916,corpus,CBO,cbo_apb,forecast_narrative,Analysis of the President's Budget (Aug 2015),https://www.cbo.gov/publication/50734,2015-08-21,exact,cbo.revenue.customs_duties__2025;cbo.outlay.other_mandatory__2023;cbo.revenue.miscellaneous_receipts__2023
cbo_216d2ee23d,corpus,CBO,cbo_beo,forecast_narrative,Budget and Economic Outlook and Updates (Aug 2015),https://www.cbo.gov/publication/50724,2015-08-25,exact,cbo.revenue.customs_duties__2025;cbo.outlay.other_mandatory__2023;cbo.revenue.miscellaneous_receipts__2023
cbo_9610f4f4a6,corpus,CBO,cbo_mbr,in_period_commentary,Monthly Budget Review (Sep 2015),https://www.cbo.gov/publication/50808,2015-09-08,exact,cbo.revenue.customs_duties__2025;cbo.outlay.other_mandatory__2023;cbo.revenue.miscellaneous_receipts__2023
cbo_e554407f37,corpus,CBO,cbo_mbr,in_period_commentary,Monthly Budget Review (Oct 2015),https://www.cbo.gov/publication/50878,2015-10-07,exact,cbo.revenue.customs_duties__2025;cbo.outlay.other_mandatory__2023;cbo.revenue.miscellaneous_receipts__2023
cbo_8a80c617c2,corpus,CBO,cbo_mbr,in_period_commentary,Monthly Budget Review (Nov 2015),https://www.cbo.gov/publication/50974,2015-11-06,exact,cbo.revenue.customs_duties__2025;cbo.outlay.other_mandatory__2023;cbo.revenue.miscellaneous_receipts__2023
cbo_e6e8911ed6,corpus,CBO,cbo_mbr,in_period_commentary,Monthly Budget Review (Dec 2015),https://www.cbo.gov/publication/51048,2015-12-07,exact,cbo.revenue.customs_duties__2025;cbo.outlay.other_mandatory__2023;cbo.revenue.miscellaneous_receipts__2023
cbo_a2f67c6060,corpus,CBO,cbo_mbr,in_period_commentary,Monthly Budget Review (Jan 2016),https://www.cbo.gov/publication/51108,2016-01-08,exact,cbo.revenue.customs_duties__2025;cbo.outlay.other_mandatory__2023;cbo.revenue.miscellaneous_receipts__2023
cbo_6ff08bf9a3,corpus,CBO,cbo_beo,forecast_narrative,Budget and Economic Outlook and Updates (Jan 2016),https://www.cbo.gov/publication/51129,2016-01-25,exact,cbo.revenue.customs_duties__2025;cbo.outlay.other_mandatory__2023;cbo.revenue.miscellaneous_receipts__2023
cbo_723d0dd1b2,corpus,CBO,cbo_mbr,in_period_commentary,Monthly Budget Review (Feb 2016),https://www.cbo.gov/publication/51222,2016-02-05,exact,cbo.revenue.customs_duties__2025;cbo.outlay.other_mandatory__2023;cbo.revenue.miscellaneous_receipts__2023
cbo_e8fabce490,corpus,CBO,cbo_mbr,in_period_commentary,Monthly Budget Review (Mar 2016),https://www.cbo.gov/publication/51352,2016-03-07,exact,cbo.revenue.customs_duties__2025;cbo.outlay.other_mandatory__2023;cbo.revenue.miscellaneous_receipts__2023
cbo_78ec67bffd,corpus,CBO,cbo_beo,forecast_narrative,Budget and Economic Outlook and Updates (Mar 2016),https://www.cbo.gov/publication/51384,2016-03-24,exact,cbo.revenue.customs_duties__2025;cbo.outlay.other_mandatory__2023;cbo.revenue.miscellaneous_receipts__2023
cbo_6d5086209e,corpus,CBO,cbo_apb,forecast_narrative,Analysis of the President's Budget (Mar 2016),https://www.cbo.gov/publication/51383,2016-03-29,exact,cbo.revenue.customs_duties__2025;cbo.outlay.other_mandatory__2023;cbo.revenue.miscellaneous_receipts__2023
cbo_6c1aed116a,corpus,CBO,cbo_mbr,in_period_commentary,Monthly Budget Review (Apr 2016),https://www.cbo.gov/publication/51442,2016-04-07,exact,cbo.revenue.customs_duties__2025;cbo.outlay.other_mandatory__2023;cbo.revenue.miscellaneous_receipts__2023
cbo_5c0ba8a074,corpus,CBO,cbo_mbr,in_period_commentary,Monthly Budget Review (May 2016),https://www.cbo.gov/publication/51534,2016-05-06,exact,cbo.revenue.customs_duties__2025;cbo.outlay.other_mandatory__2023;cbo.revenue.miscellaneous_receipts__2023
cbo_90bf203d9a,corpus,CBO,cbo_apb,forecast_narrative,Analysis of the President's Budget (Jun 2016),https://www.cbo.gov/publication/51625,2016-06-06,exact,cbo.revenue.customs_duties__2025;cbo.outlay.other_mandatory__2023;cbo.revenue.miscellaneous_receipts__2023
cbo_11b525ee76,corpus,CBO,cbo_mbr,in_period_commentary,Monthly Budget Review (Jun 2016),https://www.cbo.gov/publication/51665,2016-06-07,exact,cbo.revenue.customs_duties__2025;cbo.outlay.other_mandatory__2023;cbo.revenue.miscellaneous_receipts__2023
cbo_f0b34e2f76,corpus,CBO,cbo_mbr,in_period_commentary,Monthly Budget Review (Jul 2016),https://www.cbo.gov/publication/51766,2016-07-08,exact,cbo.revenue.customs_duties__2025;cbo.outlay.other_mandatory__2023;cbo.revenue.miscellaneous_receipts__2023
cbo_8813a6bc20,corpus,CBO,cbo_mbr,in_period_commentary,Monthly Budget Review (Aug 2016),https://www.cbo.gov/publication/51861,2016-08-05,exact,cbo.revenue.customs_duties__2025;cbo.outlay.other_mandatory__2023;cbo.revenue.miscellaneous_receipts__2023
cbo_72a4742108,corpus,CBO,cbo_beo,forecast_narrative,Budget and Economic Outlook and Updates (Aug 2016),https://www.cbo.gov/publication/51908,2016-08-23,exact,cbo.revenue.customs_duties__2025;cbo.outlay.other_mandatory__2023;cbo.revenue.miscellaneous_receipts__2023
cbo_18cb125f45,corpus,CBO,cbo_mbr,in_period_commentary,Monthly Budget Review (Sep 2016),https://www.cbo.gov/publication/51978,2016-09-08,exact,cbo.revenue.customs_duties__2025;cbo.outlay.other_mandatory__2023;cbo.revenue.miscellaneous_receipts__2023
cbo_b33a4b07b7,corpus,CBO,cbo_mbr,in_period_commentary,Monthly Budget Review (Oct 2016),https://www.cbo.gov/publication/52086,2016-10-07,exact,cbo.revenue.customs_duties__2025;cbo.outlay.other_mandatory__2023;cbo.revenue.miscellaneous_receipts__2023
cbo_13c138f6e1,corpus,CBO,cbo_mbr,in_period_commentary,Monthly Budget Review (Nov 2016),https://www.cbo.gov/publication/52152,2016-11-07,exact,cbo.revenue.customs_duties__2025;cbo.outlay.other_mandatory__2023;cbo.revenue.miscellaneous_receipts__2023
cbo_491df07f80,corpus,CBO,cbo_mbr,in_period_commentary,Monthly Budget Review (Dec 2016),https://www.cbo.gov/publication/52319,2016-12-07,exact,cbo.revenue.customs_duties__2025;cbo.outlay.other_mandatory__2023;cbo.revenue.miscellaneous_receipts__2023
cbo_d9fce6ef58,corpus,CBO,cbo_mbr,in_period_commentary,Monthly Budget Review (Jan 2017),https://www.cbo.gov/publication/52362,2017-01-09,exact,cbo.revenue.customs_duties__2025;cbo.outlay.other_mandatory__2023;cbo.revenue.miscellaneous_receipts__2023
cbo_88449d080f,corpus,CBO,cbo_beo,forecast_narrative,Budget and Economic Outlook and Updates (Jan 2017),https://www.cbo.gov/publication/52370,2017-01-24,exact,cbo.revenue.customs_duties__2025;cbo.outlay.other_mandatory__2023;cbo.revenue.miscellaneous_receipts__2023
cbo_cbb182a919,corpus,CBO,cbo_mbr,in_period_commentary,Monthly Budget Review (Feb 2017),https://www.cbo.gov/publication/52403,2017-02-07,exact,cbo.revenue.customs_duties__2025;cbo.outlay.other_mandatory__2023;cbo.revenue.miscellaneous_receipts__2023
cbo_3d1bbd7260,corpus,CBO,cbo_mbr,in_period_commentary,Monthly Budget Review (Mar 2017),https://www.cbo.gov/publication/52479,2017-03-07,exact,cbo.revenue.customs_duties__2025;cbo.outlay.other_mandatory__2023;cbo.revenue.miscellaneous_receipts__2023
cbo_c24642d88b,corpus,CBO,cbo_mbr,in_period_commentary,Monthly Budget Review (Apr 2017),https://www.cbo.gov/publication/52543,2017-04-07,exact,cbo.revenue.customs_duties__2025;cbo.outlay.other_mandatory__2023;cbo.revenue.miscellaneous_receipts__2023
cbo_a80fa201fc,corpus,CBO,cbo_mbr,in_period_commentary,Monthly Budget Review (May 2017),https://www.cbo.gov/publication/52692,2017-05-05,exact,cbo.revenue.customs_duties__2025;cbo.outlay.other_mandatory__2023;cbo.revenue.miscellaneous_receipts__2023
cbo_a91edc7876,corpus,CBO,cbo_mbr,in_period_commentary,Monthly Budget Review (Jun 2017),https://www.cbo.gov/publication/52791,2017-06-07,exact,cbo.revenue.customs_duties__2025;cbo.outlay.other_mandatory__2023;cbo.revenue.miscellaneous_receipts__2023
cbo_a32de21b17,corpus,CBO,cbo_beo,forecast_narrative,Budget and Economic Outlook and Updates (Jun 2017),https://www.cbo.gov/publication/52801,2017-06-29,exact,cbo.revenue.customs_duties__2025;cbo.outlay.other_mandatory__2023;cbo.revenue.miscellaneous_receipts__2023
cbo_7b61bd5d37,corpus,CBO,cbo_mbr,in_period_commentary,Monthly Budget Review (Jul 2017),https://www.cbo.gov/publication/52882,2017-07-10,exact,cbo.revenue.customs_duties__2025;cbo.outlay.other_mandatory__2023;cbo.revenue.miscellaneous_receipts__2023
cbo_0802613fe4,corpus,CBO,cbo_apb,forecast_narrative,Analysis of the President's Budget (Jul 2017),https://www.cbo.gov/publication/52846,2017-07-13,exact,cbo.revenue.customs_duties__2025;cbo.outlay.other_mandatory__2023;cbo.revenue.miscellaneous_receipts__2023
cbo_3869d85991,corpus,CBO,cbo_mbr,in_period_commentary,Monthly Budget Review (Aug 2017),https://www.cbo.gov/publication/52993,2017-08-07,exact,cbo.revenue.customs_duties__2025;cbo.outlay.other_mandatory__2023;cbo.revenue.miscellaneous_receipts__2023
cbo_e69d950593,corpus,CBO,cbo_mbr,in_period_commentary,Monthly Budget Review (Sep 2017),https://www.cbo.gov/publication/53078,2017-09-08,exact,cbo.revenue.customs_duties__2025;cbo.outlay.other_mandatory__2023;cbo.revenue.miscellaneous_receipts__2023
cbo_34807c5193,corpus,CBO,cbo_mbr,in_period_commentary,Monthly Budget Review (Oct 2017),https://www.cbo.gov/publication/53181,2017-10-06,exact,cbo.revenue.customs_duties__2025;cbo.outlay.other_mandatory__2023;cbo.revenue.miscellaneous_receipts__2023
cbo_fb93371ad3,corpus,CBO,cbo_mbr,in_period_commentary,Monthly Budget Review (Nov 2017),https://www.cbo.gov/publication/53286,2017-11-07,exact,cbo.revenue.customs_duties__2025;cbo.outlay.other_mandatory__2023;cbo.revenue.miscellaneous_receipts__2023
cbo_cb99713cee,corpus,CBO,cbo_mbr,in_period_commentary,Monthly Budget Review (Dec 2017),https://www.cbo.gov/publication/53363,2017-12-07,exact,cbo.revenue.customs_duties__2025;cbo.outlay.other_mandatory__2023;cbo.revenue.miscellaneous_receipts__2023
cbo_24f1c24ed6,corpus,CBO,cbo_mbr,in_period_commentary,Monthly Budget Review (Jan 2018),https://www.cbo.gov/publication/53443,2018-01-08,exact,cbo.revenue.customs_duties__2025;cbo.outlay.other_mandatory__2023;cbo.revenue.miscellaneous_receipts__2023
cbo_4cce4fe5cb,corpus,CBO,cbo_mbr,in_period_commentary,Monthly Budget Review (Feb 2018),https://www.cbo.gov/publication/53549,2018-02-07,exact,cbo.revenue.customs_duties__2025;cbo.outlay.other_mandatory__2023;cbo.revenue.miscellaneous_receipts__2023
cbo_1a2cb71765,corpus,CBO,cbo_mbr,in_period_commentary,Monthly Budget Review (Mar 2018),https://www.cbo.gov/publication/53638,2018-03-07,exact,cbo.revenue.customs_duties__2025;cbo.outlay.other_mandatory__2023;cbo.revenue.miscellaneous_receipts__2023
cbo_b561832545,corpus,CBO,cbo_mbr,in_period_commentary,Monthly Budget Review (Apr 2018),https://www.cbo.gov/publication/53718,2018-04-06,exact,cbo.revenue.customs_duties__2025;cbo.outlay.other_mandatory__2023;cbo.revenue.miscellaneous_receipts__2023
cbo_c788cbb348,corpus,CBO,cbo_beo,forecast_narrative,Budget and Economic Outlook and Updates (Apr 2018),https://www.cbo.gov/publication/53651,2018-04-09,exact,cbo.revenue.customs_duties__2025;cbo.outlay.other_mandatory__2023;cbo.revenue.miscellaneous_receipts__2023
cbo_c7cd04f74b,corpus,CBO,cbo_mbr,in_period_commentary,Monthly Budget Review (May 2018),https://www.cbo.gov/publication/53821,2018-05-07,exact,cbo.revenue.customs_duties__2025;cbo.outlay.other_mandatory__2023;cbo.revenue.miscellaneous_receipts__2023
cbo_02f040dac1,corpus,CBO,cbo_apb,forecast_narrative,Analysis of the President's Budget (May 2018),https://www.cbo.gov/publication/53884,2018-05-24,exact,cbo.revenue.customs_duties__2025;cbo.outlay.other_mandatory__2023;cbo.revenue.miscellaneous_receipts__2023
cbo_fbc07ca56b,corpus,CBO,cbo_mbr,in_period_commentary,Monthly Budget Review (Jun 2018),https://www.cbo.gov/publication/53950,2018-06-07,exact,cbo.revenue.customs_duties__2025;cbo.outlay.other_mandatory__2023;cbo.revenue.miscellaneous_receipts__2023
cbo_cdb540e4f4,corpus,CBO,cbo_mbr,in_period_commentary,Monthly Budget Review (Jul 2018),https://www.cbo.gov/publication/54156,2018-07-09,exact,cbo.revenue.customs_duties__2025;cbo.outlay.other_mandatory__2023;cbo.revenue.miscellaneous_receipts__2023
cbo_eaa9478ff3,corpus,CBO,cbo_mbr,in_period_commentary,Monthly Budget Review (Aug 2018),https://www.cbo.gov/publication/54339,2018-08-07,exact,cbo.revenue.customs_duties__2025;cbo.outlay.other_mandatory__2023;cbo.revenue.miscellaneous_receipts__2023
cbo_52e9e966ff,corpus,CBO,cbo_beo,forecast_narrative,Budget and Economic Outlook and Updates (Aug 2018),https://www.cbo.gov/publication/54318,2018-08-13,exact,cbo.revenue.customs_duties__2025;cbo.outlay.other_mandatory__2023;cbo.revenue.miscellaneous_receipts__2023
cbo_289301512f,corpus,CBO,cbo_mbr,in_period_commentary,Monthly Budget Review (Sep 2018),https://www.cbo.gov/publication/54442,2018-09-10,exact,cbo.revenue.customs_duties__2025;cbo.outlay.other_mandatory__2023;cbo.revenue.miscellaneous_receipts__2023
cbo_dff45546a1,corpus,CBO,cbo_mbr,in_period_commentary,Monthly Budget Review (Oct 2018),https://www.cbo.gov/publication/54551,2018-10-05,exact,cbo.revenue.customs_duties__2025;cbo.outlay.other_mandatory__2023;cbo.revenue.miscellaneous_receipts__2023
cbo_080e257c2b,corpus,CBO,cbo_mbr,in_period_commentary,Monthly Budget Review (Nov 2018),https://www.cbo.gov/publication/54647,2018-11-07,exact,cbo.revenue.customs_duties__2025;cbo.outlay.other_mandatory__2023;cbo.revenue.miscellaneous_receipts__2023
cbo_190a199d7c,corpus,CBO,cbo_mbr,in_period_commentary,Monthly Budget Review (Dec 2018),https://www.cbo.gov/publication/54861,2018-12-10,exact,cbo.revenue.customs_duties__2025;cbo.outlay.other_mandatory__2023;cbo.revenue.miscellaneous_receipts__2023
cbo_224a064778,corpus,CBO,cbo_mbr,in_period_commentary,Monthly Budget Review (Jan 2019),https://www.cbo.gov/publication/54905,2019-01-08,exact,cbo.revenue.customs_duties__2025;cbo.outlay.other_mandatory__2023;cbo.revenue.miscellaneous_receipts__2023
cbo_8e4f2bc301,corpus,CBO,cbo_beo,forecast_narrative,Budget and Economic Outlook and Updates (Jan 2019),https://www.cbo.gov/publication/54918,2019-01-28,exact,cbo.revenue.customs_duties__2025;cbo.outlay.other_mandatory__2023;cbo.revenue.miscellaneous_receipts__2023
cbo_ee13cefbb4,corpus,CBO,cbo_mbr,in_period_commentary,Monthly Budget Review (Feb 2019),https://www.cbo.gov/publication/54961,2019-02-07,exact,cbo.revenue.customs_duties__2025;cbo.outlay.other_mandatory__2023;cbo.revenue.miscellaneous_receipts__2023
cbo_1ce48423d4,corpus,CBO,cbo_mbr,in_period_commentary,Monthly Budget Review (Mar 2019),https://www.cbo.gov/publication/55017,2019-03-07,exact,cbo.revenue.customs_duties__2025;cbo.outlay.other_mandatory__2023;cbo.revenue.miscellaneous_receipts__2023
cbo_d6611299ce,corpus,CBO,cbo_mbr,in_period_commentary,Monthly Budget Review (Apr 2019),https://www.cbo.gov/publication/55095,2019-04-05,exact,cbo.revenue.customs_duties__2025;cbo.outlay.other_mandatory__2023;cbo.revenue.miscellaneous_receipts__2023
cbo_14f5fb2509,corpus,CBO,cbo_beo,forecast_narrative,Budget and Economic Outlook and Updates (May 2019),https://www.cbo.gov/publication/55151,2019-05-02,exact,cbo.revenue.customs_duties__2025;cbo.outlay.other_mandatory__2023;cbo.revenue.miscellaneous_receipts__2023
cbo_5143dec3e3,corpus,CBO,cbo_mbr,in_period_commentary,Monthly Budget Review (May 2019),https://www.cbo.gov/publication/55219,2019-05-07,exact,cbo.revenue.customs_duties__2025;cbo.outlay.other_mandatory__2023;cbo.revenue.miscellaneous_receipts__2023
cbo_a584c7e02c,corpus,CBO,cbo_apb,forecast_narrative,Analysis of the President's Budget (May 2019),https://www.cbo.gov/publication/55195,2019-05-09,exact,cbo.revenue.customs_duties__2025;cbo.outlay.other_mandatory__2023;cbo.revenue.miscellaneous_receipts__2023
cbo_51f22aa407,corpus,CBO,cbo_mbr,in_period_commentary,Monthly Budget Review (Jun 2019),https://www.cbo.gov/publication/55329,2019-06-07,exact,cbo.revenue.customs_duties__2025;cbo.outlay.other_mandatory__2023;cbo.revenue.miscellaneous_receipts__2023
cbo_49754bc660,corpus,CBO,cbo_mbr,in_period_commentary,Monthly Budget Review (Jul 2019),https://www.cbo.gov/publication/55415,2019-07-08,exact,cbo.revenue.customs_duties__2025;cbo.outlay.other_mandatory__2023;cbo.revenue.miscellaneous_receipts__2023
cbo_c13a854ea9,corpus,CBO,cbo_mbr,in_period_commentary,Monthly Budget Review (Aug 2019),https://www.cbo.gov/publication/55527,2019-08-07,exact,cbo.revenue.customs_duties__2025;cbo.outlay.other_mandatory__2023;cbo.revenue.miscellaneous_receipts__2023
cbo_8a457ab353,corpus,CBO,cbo_beo,forecast_narrative,Budget and Economic Outlook and Updates (Aug 2019),https://www.cbo.gov/publication/55551,2019-08-21,exact,cbo.revenue.customs_duties__2025;cbo.outlay.other_mandatory__2023;cbo.revenue.miscellaneous_receipts__2023
cbo_40c82c3a06,corpus,CBO,cbo_mbr,in_period_commentary,Monthly Budget Review (Sep 2019),https://www.cbo.gov/publication/55598,2019-09-09,exact,cbo.revenue.customs_duties__2025;cbo.outlay.other_mandatory__2023;cbo.revenue.miscellaneous_receipts__2023
cbo_8f275f4762,corpus,CBO,cbo_mbr,in_period_commentary,Monthly Budget Review (Oct 2019),https://www.cbo.gov/publication/55699,2019-10-07,exact,cbo.revenue.customs_duties__2025;cbo.outlay.other_mandatory__2023;cbo.revenue.miscellaneous_receipts__2023
cbo_e4a1e83b59,corpus,CBO,cbo_mbr,in_period_commentary,Monthly Budget Review (Nov 2019),https://www.cbo.gov/publication/55824,2019-11-07,exact,cbo.revenue.customs_duties__2025;cbo.outlay.other_mandatory__2023;cbo.revenue.miscellaneous_receipts__2023
cbo_4cab2fa166,corpus,CBO,cbo_mbr,in_period_commentary,Monthly Budget Review (Dec 2019),https://www.cbo.gov/publication/55926,2019-12-09,exact,cbo.revenue.customs_duties__2025;cbo.outlay.other_mandatory__2023;cbo.revenue.miscellaneous_receipts__2023
cbo_ff0e83d88e,corpus,CBO,cbo_mbr,in_period_commentary,Monthly Budget Review (Jan 2020),https://www.cbo.gov/publication/55997,2020-01-08,exact,cbo.revenue.customs_duties__2025;cbo.outlay.other_mandatory__2023;cbo.revenue.miscellaneous_receipts__2023
cbo_d22b498ad0,corpus,CBO,cbo_beo,forecast_narrative,Budget and Economic Outlook and Updates (Jan 2020),https://www.cbo.gov/publication/56020,2020-01-28,exact,cbo.revenue.customs_duties__2025;cbo.outlay.other_mandatory__2023;cbo.revenue.miscellaneous_receipts__2023
cbo_f6b7631809,corpus,CBO,cbo_mbr,in_period_commentary,Monthly Budget Review (Feb 2020),https://www.cbo.gov/publication/56118,2020-02-07,exact,cbo.revenue.customs_duties__2025;cbo.outlay.other_mandatory__2023;cbo.revenue.miscellaneous_receipts__2023
cbo_79dbadf7ea,corpus,CBO,cbo_mbr,in_period_commentary,Monthly Budget Review (Mar 2020),https://www.cbo.gov/publication/56223,2020-03-06,exact,cbo.revenue.customs_duties__2025;cbo.outlay.other_mandatory__2023;cbo.revenue.miscellaneous_receipts__2023
cbo_cb544d41f4,corpus,CBO,cbo_beo,forecast_narrative,Budget and Economic Outlook and Updates (Mar 2020),https://www.cbo.gov/publication/56268,2020-03-19,exact,cbo.revenue.customs_duties__2025;cbo.outlay.other_mandatory__2023;cbo.revenue.miscellaneous_receipts__2023
cbo_d6b1ca9080,corpus,CBO,cbo_apb,forecast_narrative,Analysis of the President's Budget (Mar 2020),https://www.cbo.gov/publication/56278,2020-03-30,exact,cbo.revenue.customs_duties__2025;cbo.outlay.other_mandatory__2023;cbo.revenue.miscellaneous_receipts__2023
cbo_2c8aa15c29,corpus,CBO,cbo_mbr,in_period_commentary,Monthly Budget Review (Apr 2020),https://www.cbo.gov/publication/56317,2020-04-07,exact,cbo.revenue.customs_duties__2025;cbo.outlay.other_mandatory__2023;cbo.revenue.miscellaneous_receipts__2023
cbo_315f43b0b9,corpus,CBO,cbo_mbr,in_period_commentary,Monthly Budget Review (May 2020),https://www.cbo.gov/publication/56350,2020-05-08,exact,cbo.revenue.customs_duties__2025;cbo.outlay.other_mandatory__2023;cbo.revenue.miscellaneous_receipts__2023
cbo_e4af493178,corpus,CBO,cbo_beo,forecast_narrative,Budget and Economic Outlook and Updates (May 2020),https://www.cbo.gov/publication/56351,2020-05-19,exact,cbo.revenue.customs_duties__2025;cbo.outlay.other_mandatory__2023;cbo.revenue.miscellaneous_receipts__2023
cbo_507e058f52,corpus,CBO,cbo_mbr,in_period_commentary,Monthly Budget Review (Jun 2020),https://www.cbo.gov/publication/56390,2020-06-08,exact,cbo.revenue.customs_duties__2025;cbo.outlay.other_mandatory__2023;cbo.revenue.miscellaneous_receipts__2023
cbo_5829717fa6,corpus,CBO,cbo_beo,forecast_narrative,Budget and Economic Outlook and Updates (Jul 2020),https://www.cbo.gov/publication/56442,2020-07-02,exact,cbo.revenue.customs_duties__2025;cbo.outlay.other_mandatory__2023;cbo.revenue.miscellaneous_receipts__2023
cbo_da90da7df3,corpus,CBO,cbo_mbr,in_period_commentary,Monthly Budget Review (Jul 2020),https://www.cbo.gov/publication/56458,2020-07-08,exact,cbo.revenue.customs_duties__2025;cbo.outlay.other_mandatory__2023;cbo.revenue.miscellaneous_receipts__2023
cbo_f54a56be7a,corpus,CBO,cbo_mbr,in_period_commentary,Monthly Budget Review (Aug 2020),https://www.cbo.gov/publication/56497,2020-08-10,exact,cbo.revenue.customs_duties__2025;cbo.outlay.other_mandatory__2023;cbo.revenue.miscellaneous_receipts__2023
cbo_67dc949f34,corpus,CBO,cbo_beo,forecast_narrative,Budget and Economic Outlook and Updates (Sep 2020),https://www.cbo.gov/publication/56517,2020-09-02,exact,cbo.revenue.customs_duties__2025;cbo.outlay.other_mandatory__2023;cbo.revenue.miscellaneous_receipts__2023
cbo_f38356ed80,corpus,CBO,cbo_mbr,in_period_commentary,Monthly Budget Review (Sep 2020),https://www.cbo.gov/publication/56552,2020-09-08,exact,cbo.revenue.customs_duties__2025;cbo.outlay.other_mandatory__2023;cbo.revenue.miscellaneous_receipts__2023
cbo_57b27df7b9,corpus,CBO,cbo_mbr,in_period_commentary,Monthly Budget Review (Oct 2020),https://www.cbo.gov/publication/56661,2020-10-08,exact,cbo.revenue.customs_duties__2025;cbo.outlay.other_mandatory__2023;cbo.revenue.miscellaneous_receipts__2023
cbo_fdde1955d2,corpus,CBO,cbo_mbr,in_period_commentary,Monthly Budget Review (Nov 2020),https://www.cbo.gov/publication/56746,2020-11-09,exact,cbo.revenue.customs_duties__2025;cbo.outlay.other_mandatory__2023;cbo.revenue.miscellaneous_receipts__2023
cbo_0a530659ea,corpus,CBO,cbo_mbr,in_period_commentary,Monthly Budget Review (Dec 2020),https://www.cbo.gov/publication/56886,2020-12-08,exact,cbo.revenue.customs_duties__2025;cbo.outlay.other_mandatory__2023;cbo.revenue.miscellaneous_receipts__2023
cbo_c3d0918ba6,corpus,CBO,cbo_mbr,in_period_commentary,Monthly Budget Review (Jan 2021),https://www.cbo.gov/publication/56953,2021-01-11,exact,cbo.revenue.customs_duties__2025;cbo.outlay.other_mandatory__2023;cbo.revenue.miscellaneous_receipts__2023
cbo_25b08e9bd3,corpus,CBO,cbo_mbr,in_period_commentary,Monthly Budget Review (Feb 2021),https://www.cbo.gov/publication/56976,2021-02-08,exact,cbo.revenue.customs_duties__2025;cbo.outlay.other_mandatory__2023;cbo.revenue.miscellaneous_receipts__2023
cbo_78f99b6cea,corpus,CBO,cbo_beo,forecast_narrative,Budget and Economic Outlook and Updates (Feb 2021),https://www.cbo.gov/publication/56970,2021-02-11,exact,cbo.revenue.customs_duties__2025;cbo.outlay.other_mandatory__2023;cbo.revenue.miscellaneous_receipts__2023
cbo_66822823c0,corpus,CBO,cbo_beo,forecast_narrative,Budget and Economic Outlook and Updates (Feb 2021),https://www.cbo.gov/publication/56989,2021-02-23,exact,cbo.revenue.customs_duties__2025;cbo.outlay.other_mandatory__2023;cbo.revenue.miscellaneous_receipts__2023
cbo_53f0812c7b,corpus,CBO,cbo_beo,forecast_narrative,Budget and Economic Outlook and Updates (Mar 2021),https://www.cbo.gov/publication/56996,2021-03-05,exact,cbo.revenue.customs_duties__2025;cbo.outlay.other_mandatory__2023;cbo.revenue.miscellaneous_receipts__2023
cbo_95c8de100b,corpus,CBO,cbo_mbr,in_period_commentary,Monthly Budget Review (Mar 2021),https://www.cbo.gov/publication/57031,2021-03-08,exact,cbo.revenue.customs_duties__2025;cbo.outlay.other_mandatory__2023;cbo.revenue.miscellaneous_receipts__2023
cbo_56b7b59df2,corpus,CBO,cbo_mbr,in_period_commentary,Monthly Budget Review (Apr 2021),https://www.cbo.gov/publication/57018,2021-04-08,exact,cbo.revenue.customs_duties__2025;cbo.outlay.other_mandatory__2023;cbo.revenue.miscellaneous_receipts__2023
cbo_a50ffbce73,corpus,CBO,cbo_mbr,in_period_commentary,Monthly Budget Review (May 2021),https://www.cbo.gov/publication/57127,2021-05-10,exact,cbo.revenue.customs_duties__2025;cbo.outlay.other_mandatory__2023;cbo.revenue.miscellaneous_receipts__2023
cbo_f6893e5e04,corpus,CBO,cbo_mbr,in_period_commentary,Monthly Budget Review (Jun 2021),https://www.cbo.gov/publication/57193,2021-06-08,exact,cbo.revenue.customs_duties__2025;cbo.outlay.other_mandatory__2023;cbo.revenue.miscellaneous_receipts__2023
cbo_2d6a97e68e,corpus,CBO,cbo_beo,forecast_narrative,Budget and Economic Outlook and Updates (Jul 2021),https://www.cbo.gov/publication/57218,2021-07-01,exact,cbo.revenue.customs_duties__2025;cbo.outlay.other_mandatory__2023;cbo.revenue.miscellaneous_receipts__2023
cbo_d52064278e,corpus,CBO,cbo_mbr,in_period_commentary,Monthly Budget Review (Jul 2021),https://www.cbo.gov/publication/57288,2021-07-09,exact,cbo.revenue.customs_duties__2025;cbo.outlay.other_mandatory__2023;cbo.revenue.miscellaneous_receipts__2023
cbo_dd97059bce,corpus,CBO,cbo_beo,forecast_narrative,Budget and Economic Outlook and Updates (Jul 2021),https://www.cbo.gov/publication/57263,2021-07-21,exact,cbo.revenue.customs_duties__2025;cbo.outlay.other_mandatory__2023;cbo.revenue.miscellaneous_receipts__2023
cbo_768c7ceb9b,corpus,CBO,cbo_apb,forecast_narrative,Analysis of the President's Budget (Jul 2021),https://www.cbo.gov/publication/57358,2021-07-30,exact,cbo.revenue.customs_duties__2025;cbo.outlay.other_mandatory__2023;cbo.revenue.miscellaneous_receipts__2023
cbo_9982a803ae,corpus,CBO,cbo_mbr,in_period_commentary,Monthly Budget Review (Aug 2021),https://www.cbo.gov/publication/57349,2021-08-09,exact,cbo.revenue.customs_duties__2025;cbo.outlay.other_mandatory__2023;cbo.revenue.miscellaneous_receipts__2023
cbo_a72367d9b2,corpus,CBO,cbo_mbr,in_period_commentary,Monthly Budget Review (Sep 2021),https://www.cbo.gov/publication/57419,2021-09-09,exact,cbo.revenue.customs_duties__2025;cbo.outlay.other_mandatory__2023;cbo.revenue.miscellaneous_receipts__2023
cbo_ad0a6f62d0,corpus,CBO,cbo_mbr,in_period_commentary,Monthly Budget Review (Oct 2021),https://www.cbo.gov/publication/57476,2021-10-08,exact,cbo.revenue.customs_duties__2025;cbo.outlay.other_mandatory__2023;cbo.revenue.miscellaneous_receipts__2023
cbo_0ce3cfa915,corpus,CBO,cbo_mbr,in_period_commentary,Monthly Budget Review (Nov 2021),https://www.cbo.gov/publication/57539,2021-11-08,exact,cbo.revenue.customs_duties__2025;cbo.outlay.other_mandatory__2023;cbo.revenue.miscellaneous_receipts__2023
cbo_66857e4056,corpus,CBO,cbo_mbr,in_period_commentary,Monthly Budget Review (Dec 2021),https://www.cbo.gov/publication/57613,2021-12-08,exact,cbo.revenue.customs_duties__2025;cbo.outlay.other_mandatory__2023;cbo.revenue.miscellaneous_receipts__2023
cbo_44341f820d,corpus,CBO,cbo_mbr,in_period_commentary,Monthly Budget Review (Jan 2022),https://www.cbo.gov/publication/57667,2022-01-10,exact,cbo.revenue.customs_duties__2025;cbo.outlay.other_mandatory__2023;cbo.revenue.miscellaneous_receipts__2023
cbo_6037869821,corpus,CBO,cbo_mbr,in_period_commentary,Monthly Budget Review (Feb 2022),https://www.cbo.gov/publication/57759,2022-02-08,exact,cbo.revenue.customs_duties__2025;cbo.outlay.other_mandatory__2023;cbo.revenue.miscellaneous_receipts__2023
cbo_d3bf6db2c6,corpus,CBO,cbo_mbr,in_period_commentary,Monthly Budget Review (Mar 2022),https://www.cbo.gov/publication/57841,2022-03-08,exact,cbo.revenue.customs_duties__2025;cbo.outlay.other_mandatory__2023;cbo.revenue.miscellaneous_receipts__2023
cbo_738b86b88c,corpus,CBO,cbo_mbr,in_period_commentary,Monthly Budget Review (Apr 2022),https://www.cbo.gov/publication/57909,2022-04-08,exact,cbo.revenue.customs_duties__2025;cbo.outlay.other_mandatory__2023;cbo.revenue.miscellaneous_receipts__2023
cbo_6dda5a0b73,corpus,CBO,cbo_mbr,in_period_commentary,Monthly Budget Review (May 2022),https://www.cbo.gov/publication/57974,2022-05-09,exact,cbo.revenue.customs_duties__2025;cbo.outlay.other_mandatory__2023;cbo.revenue.miscellaneous_receipts__2023
cbo_8b1555ccc3,corpus,CBO,cbo_beo,forecast_narrative,Budget and Economic Outlook and Updates (May 2022),https://www.cbo.gov/publication/57950,2022-05-25,exact,cbo.revenue.customs_duties__2025;cbo.outlay.other_mandatory__2023;cbo.revenue.miscellaneous_receipts__2023
cbo_324a4e4817,corpus,CBO,cbo_mbr,in_period_commentary,Monthly Budget Review (Jun 2022),https://www.cbo.gov/publication/58111,2022-06-08,exact,cbo.revenue.customs_duties__2025;cbo.outlay.other_mandatory__2023
cbo_711c54b7bc,corpus,CBO,cbo_apb,forecast_narrative,Analysis of the President's Budget (Jul 2022),https://www.cbo.gov/publication/57972,2022-07-01,exact,cbo.revenue.customs_duties__2025;cbo.outlay.other_mandatory__2023
cbo_7fd0044550,corpus,CBO,cbo_mbr,in_period_commentary,Monthly Budget Review (Jul 2022),https://www.cbo.gov/publication/58219,2022-07-11,exact,cbo.revenue.customs_duties__2025;cbo.outlay.other_mandatory__2023
cbo_8f8c9ce88c,corpus,CBO,cbo_mbr,in_period_commentary,Monthly Budget Review (Aug 2022),https://www.cbo.gov/publication/58266,2022-08-08,exact,cbo.revenue.customs_duties__2025;cbo.outlay.other_mandatory__2023
cbo_c4793abc5c,corpus,CBO,cbo_mbr,in_period_commentary,Monthly Budget Review (Sep 2022),https://www.cbo.gov/publication/58416,2022-09-09,exact,cbo.revenue.customs_duties__2025;cbo.outlay.other_mandatory__2023
cbo_75db85f070,corpus,CBO,cbo_apb,forecast_narrative,Analysis of the President's Budget (Sep 2022),https://www.cbo.gov/publication/58417,2022-09-13,exact,cbo.revenue.customs_duties__2025;cbo.outlay.other_mandatory__2023
cbo_4bcd138c89,corpus,CBO,cbo_mbr,in_period_commentary,Monthly Budget Review (Oct 2022),https://www.cbo.gov/publication/58493,2022-10-11,exact,cbo.revenue.customs_duties__2025;cbo.outlay.other_mandatory__2023
cbo_69dd9f8e8d,corpus,CBO,cbo_mbr,in_period_commentary,Monthly Budget Review (Nov 2022),https://www.cbo.gov/publication/58592,2022-11-08,exact,cbo.revenue.customs_duties__2025;cbo.outlay.other_mandatory__2023
cbo_28226b6b2e,corpus,CBO,cbo_beo,forecast_narrative,Budget and Economic Outlook and Updates (Nov 2022),https://www.cbo.gov/publication/58757,2022-11-30,exact,cbo.revenue.customs_duties__2025;cbo.outlay.other_mandatory__2023
cbo_e0b42f2b55,corpus,CBO,cbo_mbr,in_period_commentary,Monthly Budget Review (Dec 2022),https://www.cbo.gov/publication/58756,2022-12-08,exact,cbo.revenue.customs_duties__2025;cbo.outlay.other_mandatory__2023
cbo_27749de204,corpus,CBO,cbo_mbr,in_period_commentary,Monthly Budget Review (Jan 2023),https://www.cbo.gov/publication/58862,2023-01-10,exact,cbo.revenue.customs_duties__2025;cbo.outlay.other_mandatory__2023
cbo_5435e848ae,corpus,CBO,cbo_mbr,in_period_commentary,Monthly Budget Review (Feb 2023),https://www.cbo.gov/publication/58882,2023-02-08,exact,cbo.revenue.customs_duties__2025;cbo.outlay.other_mandatory__2023
cbo_72234d6054,corpus,CBO,cbo_beo,forecast_narrative,Budget and Economic Outlook and Updates (Feb 2023),https://www.cbo.gov/publication/58848,2023-02-15,exact,cbo.revenue.customs_duties__2025;cbo.outlay.other_mandatory__2023
cbo_e24218830c,corpus,CBO,cbo_mbr,in_period_commentary,Monthly Budget Review (Mar 2023),https://www.cbo.gov/publication/58938,2023-03-08,exact,cbo.revenue.customs_duties__2025;cbo.outlay.other_mandatory__2023
cbo_93ef56495d,corpus,CBO,cbo_mbr,in_period_commentary,Monthly Budget Review (Apr 2023),https://www.cbo.gov/publication/58995,2023-04-10,exact,cbo.revenue.customs_duties__2025;cbo.outlay.other_mandatory__2023
cbo_b81869f7f8,corpus,CBO,cbo_mbr,in_period_commentary,Monthly Budget Review (May 2023),https://www.cbo.gov/publication/59053,2023-05-08,exact,cbo.revenue.customs_duties__2025;cbo.outlay.other_mandatory__2023
cbo_910aabd4f6,corpus,CBO,cbo_beo,forecast_narrative,Budget and Economic Outlook and Updates (May 2023),https://www.cbo.gov/publication/59096,2023-05-12,exact,cbo.revenue.customs_duties__2025;cbo.outlay.other_mandatory__2023
cbo_860e6fd039,corpus,CBO,cbo_apb,forecast_narrative,Analysis of the President's Budget (May 2023),https://www.cbo.gov/publication/59097,2023-05-18,exact,cbo.revenue.customs_duties__2025
cbo_851b25e94b,corpus,CBO,cbo_mbr,in_period_commentary,Monthly Budget Review (Jun 2023),https://www.cbo.gov/publication/59134,2023-06-08,exact,cbo.revenue.customs_duties__2025
cbo_10df642e93,corpus,CBO,cbo_mbr,in_period_commentary,Monthly Budget Review (Jul 2023),https://www.cbo.gov/publication/59255,2023-07-11,exact,cbo.revenue.customs_duties__2025
cbo_54158258da,corpus,CBO,cbo_beo,forecast_narrative,Budget and Economic Outlook and Updates (Jul 2023),https://www.cbo.gov/publication/59258,2023-07-26,exact,cbo.revenue.customs_duties__2025
cbo_178e64da34,corpus,CBO,cbo_mbr,in_period_commentary,Monthly Budget Review (Aug 2023),https://www.cbo.gov/publication/59377,2023-08-08,exact,cbo.revenue.customs_duties__2025
cbo_846aa38fb7,corpus,CBO,cbo_mbr,in_period_commentary,Monthly Budget Review (Sep 2023),https://www.cbo.gov/publication/59474,2023-09-11,exact,cbo.revenue.customs_duties__2025
cbo_971f3a5f0b,corpus,CBO,cbo_mbr,in_period_commentary,Monthly Budget Review (Oct 2023),https://www.cbo.gov/publication/59544,2023-10-10,exact,cbo.revenue.customs_duties__2025
cbo_f6890b6c2e,corpus,CBO,cbo_mbr,in_period_commentary,Monthly Budget Review (Nov 2023),https://www.cbo.gov/publication/59640,2023-11-08,exact,cbo.revenue.customs_duties__2025
cbo_f7fa358f7b,corpus,CBO,cbo_mbr,in_period_commentary,Monthly Budget Review (Dec 2023),https://www.cbo.gov/publication/59726,2023-12-08,exact,cbo.revenue.customs_duties__2025
cbo_82ff4429a0,corpus,CBO,cbo_beo,forecast_narrative,Budget and Economic Outlook and Updates (Dec 2023),https://www.cbo.gov/publication/59837,2023-12-15,exact,cbo.revenue.customs_duties__2025
cbo_03c0bc8687,corpus,CBO,cbo_mbr,in_period_commentary,Monthly Budget Review (Jan 2024),https://www.cbo.gov/publication/59821,2024-01-09,exact,cbo.revenue.customs_duties__2025
cbo_dee9824f61,corpus,CBO,cbo_beo,forecast_narrative,Budget and Economic Outlook and Updates (Feb 2024),https://www.cbo.gov/publication/59710,2024-02-07,exact,cbo.revenue.customs_duties__2025
cbo_ea4040e789,corpus,CBO,cbo_mbr,in_period_commentary,Monthly Budget Review (Feb 2024),https://www.cbo.gov/publication/59822,2024-02-08,exact,cbo.revenue.customs_duties__2025
cbo_3ce25c16ef,corpus,CBO,cbo_mbr,in_period_commentary,Monthly Budget Review (Mar 2024),https://www.cbo.gov/publication/59973,2024-03-08,exact,cbo.revenue.customs_duties__2025
cbo_8067cb2d89,corpus,CBO,cbo_mbr,in_period_commentary,Monthly Budget Review (Apr 2024),https://www.cbo.gov/publication/60115,2024-04-08,exact,cbo.revenue.customs_duties__2025
cbo_efb486a2da,corpus,CBO,cbo_mbr,in_period_commentary,Monthly Budget Review (May 2024),https://www.cbo.gov/publication/60193,2024-05-08,exact,cbo.revenue.customs_duties__2025
cbo_6fc108d204,corpus,CBO,cbo_mbr,in_period_commentary,Monthly Budget Review (Jun 2024),https://www.cbo.gov/publication/60280,2024-06-10,exact,cbo.revenue.customs_duties__2025
cbo_545b4c4173,corpus,CBO,cbo_beo,forecast_narrative,Budget and Economic Outlook and Updates (Jun 2024),https://www.cbo.gov/publication/60039,2024-06-18,exact,cbo.revenue.customs_duties__2025
cbo_0238676e18,corpus,CBO,cbo_apb,forecast_narrative,Analysis of the President's Budget (Jun 2024),https://www.cbo.gov/publication/60041,2024-06-27,exact,cbo.revenue.customs_duties__2025
cbo_b194307082,corpus,CBO,cbo_mbr,in_period_commentary,Monthly Budget Review (Jul 2024),https://www.cbo.gov/publication/60361,2024-07-09,exact,cbo.revenue.customs_duties__2025
cbo_d41534f0d9,corpus,CBO,cbo_mbr,in_period_commentary,Monthly Budget Review (Aug 2024),https://www.cbo.gov/publication/60479,2024-08-08,exact,cbo.revenue.customs_duties__2025
cbo_9c9a9e3be3,corpus,CBO,cbo_mbr,in_period_commentary,Monthly Budget Review (Sep 2024),https://www.cbo.gov/publication/60592,2024-09-10,exact,cbo.revenue.customs_duties__2025
cbo_5bd20984d5,corpus,CBO,cbo_apb,forecast_narrative,Analysis of the President's Budget (Oct 2024),https://www.cbo.gov/publication/60438,2024-10-04,exact,cbo.revenue.customs_duties__2025
cbo_3112e1a26a,corpus,CBO,cbo_mbr,in_period_commentary,Monthly Budget Review (Oct 2024),https://www.cbo.gov/publication/60730,2024-10-08,exact,cbo.revenue.customs_duties__2025
cbo_d35aa72e64,corpus,CBO,cbo_mbr,in_period_commentary,Monthly Budget Review (Nov 2024),https://www.cbo.gov/publication/60843,2024-11-08,exact,cbo.revenue.customs_duties__2025
cbo_a72f4a4920,corpus,CBO,cbo_mbr,in_period_commentary,Monthly Budget Review (Dec 2024),https://www.cbo.gov/publication/60844,2024-12-09,exact,cbo.revenue.customs_duties__2025
cbo_4cedef42fb,corpus,CBO,cbo_beo,forecast_narrative,Budget and Economic Outlook and Updates (Dec 2024),https://www.cbo.gov/publication/60890,2024-12-18,exact,cbo.revenue.customs_duties__2025
cbo_854675c0a6,corpus,CBO,cbo_mbr,in_period_commentary,Monthly Budget Review (Jan 2025),https://www.cbo.gov/publication/61151,2025-01-10,exact,cbo.revenue.customs_duties__2025
cbo_852c91278f,corpus,CBO,cbo_beo,forecast_narrative,Budget and Economic Outlook and Updates (Jan 2025),https://www.cbo.gov/publication/60870,2025-01-17,exact,cbo.revenue.customs_duties__2025
cbo_9c10e4359f,post_hoc,CBO,cbo_accuracy,post_hoc_evaluation,Accuracy of CBO’s Baseline Projections (Dec 2023),https://www.cbo.gov/publication/59682,2023-12-15,exact,cbo.outlay.other_mandatory__2023;cbo.revenue.miscellaneous_receipts__2023
cbo_21d1ff1083,post_hoc,CBO,cbo_accuracy,post_hoc_evaluation,Accuracy of CBO’s Baseline Projections (Jan 2026),https://www.cbo.gov/publication/61916,2026-01-16,exact,cbo.revenue.customs_duties__2025
cbo_a955150a23,post_hoc,CBO,cbo_accuracy,post_hoc_evaluation,Accuracy of CBO’s Baseline Projections (Aug 2026),https://www.cbo.gov/publication/62552,2026-08-20,exact,cbo.revenue.customs_duties__2025
obr_03aa93526e,corpus,OBR,efo,other,Executive Summary - July 2015,https://obr.uk/download/executive-summary-july-2015/,2015-07-08,exact,obr.apd__2020-21;obr.fuel__2020-21
obr_07712e2fb4,corpus,OBR,efo,other,Devolved taxes forecast – July 2015,https://obr.uk/download/devolved-taxes-forecast-july-2015/,2015-07-08,exact,obr.apd__2020-21;obr.fuel__2020-21
obr_1a9d727a7a,corpus,OBR,efo,other,Student numbers - July 2015 Economic and fiscal outlook,https://obr.uk/download/student-numbers-july-2015-economic-and-fiscal-outlook/,2015-07-08,exact,obr.apd__2020-21;obr.fuel__2020-21
obr_26a1d627e3,corpus,OBR,efo,other,EFO speaking notes – July 2015,https://obr.uk/download/efo-speaking-notes-july-2015/,2015-07-08,exact,obr.apd__2020-21;obr.fuel__2020-21
obr_2ca0564ec4,corpus,OBR,efo,other,Economic and fiscal outlook press notice - July 2015,https://obr.uk/download/economic-and-fiscal-outlook-press-notice-july-2015/,2015-07-08,exact,obr.apd__2020-21;obr.fuel__2020-21
obr_31b2746b23,corpus,OBR,efo,other,Climate Change Levy - July 2015 Economic and fiscal outlook,https://obr.uk/download/climate-change-levy-july-2015-economic-and-fiscal-outlook/,2015-07-08,exact,obr.apd__2020-21;obr.fuel__2020-21
obr_3be51c36cc,corpus,OBR,efo,other,"Log of substantive contact between the OBR and Treasury Ministers, Special Advisers and their private office staff between 18 March 2015 and 7 July 2015",https://obr.uk/download/log-of-substantive-contact-between-the-obr-and-treasury-ministers-special-advisers-and-their-private-office-staff-between-18-march-2015-and-7-july-2015/,2015-07-08,exact,obr.apd__2020-21;obr.fuel__2020-21
obr_42eb821484,corpus,OBR,efo,other,Overview – July 2015,https://obr.uk/download/overview-july-2015/,2015-07-08,exact,obr.apd__2020-21;obr.fuel__2020-21
obr_454038c0fd,corpus,OBR,efo,other,Correction to Table 1.2 - July 2015 Economic and fiscal outlook,https://obr.uk/download/correction-to-table-1-2-july-2015-economic-and-fiscal-outlook/,2015-07-08,exact,obr.apd__2020-21;obr.fuel__2020-21
obr_49954183d8,corpus,OBR,efo,other,Student loans forecast - July 2015 Economic and fiscal outlook,https://obr.uk/download/student-loans-forecast-july-2015-economic-and-fiscal-outlook/,2015-07-08,exact,obr.apd__2020-21;obr.fuel__2020-21
obr_6197712455,corpus,OBR,efo,other,"EU transactions forecast (€, calendar years) - July 2015 Economic and fiscal outlook",https://obr.uk/download/eu-transactions-forecast-e-calendar-years-july-2015-economic-and-fiscal-outlook/,2015-07-08,exact,obr.apd__2020-21;obr.fuel__2020-21
obr_84c5f9e016,corpus,OBR,efo,other,Correction to Table 4.19 July 2015 Economic and fiscal outlook,https://obr.uk/download/correction-to-table-4-19-july-2015-economic-and-fiscal-outlook/,2015-07-08,exact,obr.apd__2020-21;obr.fuel__2020-21
obr_b4569a3a6d,corpus,OBR,efo,other,EFO presentation slides – July 2015,https://obr.uk/download/efo-presentation-slides-july-2015/,2015-07-08,exact,obr.apd__2020-21;obr.fuel__2020-21
obr_b551bac32e,corpus,OBR,efo,forecast_narrative,Economic and fiscal outlook - July 2015,https://obr.uk/download/economic-and-fiscal-outlook-july-2015/,2015-07-08,exact,obr.apd__2020-21;obr.fuel__2020-21
obr_f0cd4a637e,corpus,OBR,efo,other,Data sources - July 2015,https://obr.uk/download/data-sources-july-2015/,2015-07-08,exact,obr.apd__2020-21;obr.fuel__2020-21
obr_e8a368627e,corpus,OBR,psf_commentary,in_period_commentary,Commentary on the public sector finances - June 2015,https://obr.uk/download/commentary-on-the-public-sector-finances-25/,2015-07-31,month_only,obr.apd__2020-21;obr.fuel__2020-21
obr_caa1f1677a,corpus,OBR,psf_commentary,in_period_commentary,Commentary on the public sector finances - July 2015,https://obr.uk/download/commentary-on-the-public-sector-finances-26/,2015-08-31,month_only,obr.apd__2020-21;obr.fuel__2020-21
obr_d9396c3f78,corpus,OBR,psf_commentary,in_period_commentary,Commentary on the public sector finances - August 2015,https://obr.uk/download/commentary-on-the-public-sector-finances-27/,2015-09-30,month_only,obr.apd__2020-21;obr.fuel__2020-21
obr_d647f464fe,corpus,OBR,psf_commentary,in_period_commentary,Commentary on the public sector finances - September 2015,https://obr.uk/download/commentary-on-the-public-sector-finances-28/,2015-10-31,month_only,obr.apd__2020-21;obr.fuel__2020-21
obr_03e0695c95,corpus,OBR,efo,other,Economic and fiscal outlook press notice - November 2015,https://obr.uk/download/economic-and-fiscal-outlook-press-notice-november-2015/,2015-11-25,exact,obr.apd__2020-21;obr.fuel__2020-21
obr_1203ad6f57,corpus,OBR,efo,other,"Log of substantive contact between the OBR and Treasury Ministers, Special Advisers and their private office staff between 8 July 2015 and 24 November 2015",https://obr.uk/download/log-of-substantive-contact-between-the-obr-and-treasury-ministers-special-advisers-and-their-private-office-staff-between-8-july-2015-and-24-november-2015/,2015-11-25,exact,obr.apd__2020-21;obr.fuel__2020-21
obr_236125478a,corpus,OBR,efo,other,Renewable heat incentive – November 2015 Economic and fiscal outlook,https://obr.uk/download/renewable-heat-incentive-november-2015-economic-and-fiscal-outlook/,2015-11-25,exact,obr.apd__2020-21;obr.fuel__2020-21
obr_339c9bbe10,corpus,OBR,efo,other,Year-by-year changes in the cyclically adjusted current budget (data) – November 2015 Economic and fiscal outlook,https://obr.uk/download/year-by-year-changes-in-the-cyclically-adjusted-current-budget-data-november-2015-economic-and-fiscal-outlook/,2015-11-25,exact,obr.apd__2020-21;obr.fuel__2020-21
obr_6ed90647dd,corpus,OBR,efo,other,Tax credits costings – November 2015 Economic and fiscal outlook,https://obr.uk/download/tax-credits-costings-november-2015-economic-and-fiscal-outlook/,2015-11-25,exact,obr.apd__2020-21;obr.fuel__2020-21
obr_7146b754e5,corpus,OBR,efo,other,Data sources - November 2015,https://obr.uk/download/data-sources-november-2015/,2015-11-25,exact,obr.apd__2020-21;obr.fuel__2020-21
obr_8ee2b5010a,corpus,OBR,efo,other,Overview – November 2015,https://obr.uk/download/overview-november-2015/,2015-11-25,exact,obr.apd__2020-21;obr.fuel__2020-21
obr_93d60934f3,corpus,OBR,efo,other,Correction to Table 4.32 - November 2015 Economic and fiscal outlook,https://obr.uk/download/correction-to-table-4-32-november-2015-economic-and-fiscal-outlook/,2015-11-25,exact,obr.apd__2020-21;obr.fuel__2020-21
obr_b011b118ae,corpus,OBR,efo,forecast_narrative,Economic and fiscal outlook - November 2015,https://obr.uk/download/economic-and-fiscal-outlook-november-2015/,2015-11-25,exact,obr.apd__2020-21;obr.fuel__2020-21
obr_cb88a4729c,corpus,OBR,efo,other,Year-by-year changes in the cyclically adjusted current budget – November 2015 Economic and fiscal outlook,https://obr.uk/download/year-by-year-changes-in-the-cyclically-adjusted-current-budget-november-2015-economic-and-fiscal-outlook/,2015-11-25,exact,obr.apd__2020-21;obr.fuel__2020-21
obr_cb9fe3bbe8,corpus,OBR,efo,other,Executive Summary - November 2015,https://obr.uk/download/executive-summary-november-2015/,2015-11-25,exact,obr.apd__2020-21;obr.fuel__2020-21
obr_e8144f5e8f,corpus,OBR,efo,other,EFO speaking notes – November 2015,https://obr.uk/download/efo-speaking-notes-november-2015/,2015-11-25,exact,obr.apd__2020-21;obr.fuel__2020-21
obr_ed2aa6953a,corpus,OBR,efo,other,Number of employees paid the National Living Wage - November 2015 Economic and fiscal outlook,https://obr.uk/download/number-of-employees-paid-the-national-living-wage/,2015-11-25,exact,obr.apd__2020-21;obr.fuel__2020-21
obr_f0b744dfca,corpus,OBR,efo,other,EFO presentation slides – November 2015,https://obr.uk/download/efo-presentation-slides-november-2015/,2015-11-25,exact,obr.apd__2020-21;obr.fuel__2020-21
obr_f34002a5ae,corpus,OBR,efo,other,Devolved taxes forecast – November 2015,https://obr.uk/download/devolved-taxes-forecast-november-2015/,2015-11-25,exact,obr.apd__2020-21;obr.fuel__2020-21
obr_872a1ace89,corpus,OBR,psf_commentary,in_period_commentary,Commentary on the public sector finances - November 2015,https://obr.uk/download/commentary-on-the-public-sector-finances-29/,2015-12-31,month_only,obr.apd__2020-21;obr.fuel__2020-21
obr_0d26f7efc2,corpus,OBR,psf_commentary,in_period_commentary,Commentary on the public sector finances - December 2015,https://obr.uk/download/commentary-on-the-public-sector-finances-december-2015/,2016-01-31,month_only,obr.apd__2020-21;obr.fuel__2020-21
obr_74f8084e3a,corpus,OBR,psf_commentary,in_period_commentary,Commentary on the public sector finances - January 2016,https://obr.uk/download/commentary-public-sector-finances-january-2016/,2016-02-29,month_only,obr.apd__2020-21;obr.fuel__2020-21
obr_0b7ca35872,corpus,OBR,efo,other,Overview - March 2016,https://obr.uk/download/overview-march-2016/,2016-03-16,exact,obr.apd__2020-21;obr.fuel__2020-21
obr_11ddd0cc0e,corpus,OBR,efo,other,Economic and fiscal outlook speaking notes - March 2016,https://obr.uk/download/economic-and-fiscal-outlook-speaking-notes-march-2016/,2016-03-16,exact,obr.apd__2020-21;obr.fuel__2020-21
obr_235572f72b,corpus,OBR,efo,other,Economic and fiscal outlook presentation slides - March 2016,https://obr.uk/download/economic-fiscal-outlook-presentation-slides-march-2016/,2016-03-16,exact,obr.apd__2020-21;obr.fuel__2020-21
obr_27fed0de34,corpus,OBR,efo,other,Non-residential SDLT elasticities - March 2016 Economic and fiscal outlook,https://obr.uk/download/non-residential-sdlt-elasticities-march-2017-economic-fiscal-outlook/,2016-03-16,exact,obr.apd__2020-21;obr.fuel__2020-21
obr_2bb3a19006,corpus,OBR,efo,other,Executive Summary - March 2016,https://obr.uk/download/executive-summary-march-2016/,2016-03-16,exact,obr.apd__2020-21;obr.fuel__2020-21
obr_84bc258f7b,corpus,OBR,efo,other,Data sources - March 2016,https://obr.uk/download/data-sources-march-2016/,2016-03-16,exact,obr.apd__2020-21;obr.fuel__2020-21
obr_a2c016780d,corpus,OBR,efo,other,Economic and fiscal outlook press notice - March 2016,https://obr.uk/download/economic-and-fiscal-outlook-press-notice-march-2016/,2016-03-16,exact,obr.apd__2020-21;obr.fuel__2020-21
obr_bb5b0f11c0,corpus,OBR,efo,other,"Log of substantive contact between the OBR and Treasury Ministers, Special Advisers and their private office staff between 25 November 2015 and 15 March 2016",https://obr.uk/download/log-of-substantive-contact-between-the-obr-and-treasury-ministers-special-advisers-and-their-private-office-staff-between-25-november-2015-and-15-march-2016/,2016-03-16,exact,obr.apd__2020-21;obr.fuel__2020-21
obr_c94d151322,corpus,OBR,efo,forecast_narrative,Economic and fiscal outlook - March 2016,https://obr.uk/download/economic-and-fiscal-outlook-march-2016/,2016-03-16,exact,obr.apd__2020-21;obr.fuel__2020-21
obr_d28891892b,corpus,OBR,efo,other,Universal credit (UC) caseload forecasts - March 2016 Economic and fiscal outlook,https://obr.uk/download/universal-credit-uc-caseload-forecasts-march-2016-economic-fiscal-outlook/,2016-03-16,exact,obr.apd__2020-21;obr.fuel__2020-21
obr_e56bd68aeb,corpus,OBR,efo,other,Devolved taxes forecast - March 2016,https://obr.uk/download/devolved-taxes-forecast-march-2016/,2016-03-16,exact,obr.apd__2020-21;obr.fuel__2020-21
obr_af84e63b51,corpus,OBR,psf_commentary,in_period_commentary,Commentary on the public sector finances - March 2016,https://obr.uk/download/commentary-public-sector-finances-march-2016/,2016-04-30,month_only,obr.apd__2020-21;obr.fuel__2020-21
obr_6438b6a5d8,corpus,OBR,psf_commentary,in_period_commentary,Commentary on the public sector finances – April 2016,https://obr.uk/download/commentary-public-sector-finances-april-2016/,2016-05-31,month_only,obr.apd__2020-21;obr.fuel__2020-21
obr_27d0ca5c39,corpus,OBR,psf_commentary,in_period_commentary,Commentary on the public sector finances – May 2016,https://obr.uk/download/commentary-public-sector-finances-may-2016/,2016-06-30,month_only,obr.apd__2020-21;obr.fuel__2020-21
obr_222c582aea,corpus,OBR,psf_commentary,in_period_commentary,Commentary on the public sector finances – June 2016,https://obr.uk/download/commentary-public-sector-finances-june-2016/,2016-07-31,month_only,obr.apd__2020-21;obr.fuel__2020-21
obr_33b1b62860,corpus,OBR,psf_commentary,in_period_commentary,Commentary on the public sector finances – July 2016,https://obr.uk/download/commentary-public-sector-finances-july-2016/,2016-08-31,month_only,obr.apd__2020-21;obr.fuel__2020-21
obr_58296129b5,corpus,OBR,psf_commentary,in_period_commentary,Commentary on the public sector finances – August 2016,https://obr.uk/download/commentary-public-sector-finances-august-2016/,2016-09-30,month_only,obr.apd__2020-21;obr.fuel__2020-21
obr_e6b1cacff7,corpus,OBR,psf_commentary,in_period_commentary,Commentary on the public sector finances – September 2016,https://obr.uk/download/commentary-public-sector-finances-september-2016/,2016-10-31,month_only,obr.apd__2020-21;obr.fuel__2020-21
obr_012819dad1,corpus,OBR,efo,other,Economic and fiscal outlook press notice - November 2016,https://obr.uk/download/economic-and-fiscal-outlook-press-notice-november-2016/,2016-11-23,exact,obr.apd__2020-21;obr.fuel__2020-21
obr_19c3787c16,corpus,OBR,efo,other,Data sources - November 2016,https://obr.uk/download/data-sources-november-2016/,2016-11-23,exact,obr.apd__2020-21;obr.fuel__2020-21
obr_21ffbf9cf0,corpus,OBR,efo,other,"Log of substantive contact between the OBR and Treasury Ministers, Special Advisers and their private office staff between 16 March 2016 and 22 November 2016",https://obr.uk/download/log-of-substantive-contact-between-the-obr-and-treasury-ministers-special-advisers-and-their-private-office-staff-november-2016/,2016-11-23,exact,obr.apd__2020-21;obr.fuel__2020-21
obr_24e2bc2911,corpus,OBR,efo,other,Letter from Robert Chote to Sir Dave Ramsden on pre-release access to November 2016 Economic and fiscal outlook,https://obr.uk/download/letter-robert-chote-sir-dave-ramsden-pre-release-access-november-2016-economic-fiscal-outlook/,2016-11-23,exact,obr.apd__2020-21;obr.fuel__2020-21
obr_50ab1ea0f3,corpus,OBR,efo,other,Letter from Sir Dave Ramsden to Robert Chote on pre-release access to November 2016 Economic and fiscal outlook,https://obr.uk/download/letter-sir-dave-ramsden-robert-chote-pre-release-access-november-2016-economic-fiscal-outlook/,2016-11-23,exact,obr.apd__2020-21;obr.fuel__2020-21
obr_5c48606fb7,corpus,OBR,efo,other,Further decomposition of the referendum counterfactual - November 2016 Economic and fiscal outlook,https://obr.uk/download/decomposition-th-referendum-counterfactual/,2016-11-23,exact,obr.apd__2020-21;obr.fuel__2020-21
obr_611c82c177,corpus,OBR,efo,other,Oil and gas receipts forecast changes diagnostic - November 2016 Economic and fiscal outlook,https://obr.uk/download/oil-gas-receipts-forecast-changes-diagnostic/,2016-11-23,exact,obr.apd__2020-21;obr.fuel__2020-21
obr_7adfda00a0,corpus,OBR,efo,other,Alternative productivity scenarios - November 2016 Economic and fiscal outlook,https://obr.uk/download/alternative-productivity-scenarios-november-2016-economic-fiscal-outlook/,2016-11-23,exact,obr.apd__2020-21;obr.fuel__2020-21
obr_ace07cb2e6,corpus,OBR,efo,other,Economic and fiscal outlook presentation slides - November 2016,https://obr.uk/download/economic-and-fiscal-outlook-presentation-slides-november-2016/,2016-11-23,exact,obr.apd__2020-21;obr.fuel__2020-21
obr_ad2123e1dc,corpus,OBR,efo,forecast_narrative,Economic and fiscal outlook - November 2016,https://obr.uk/download/economic-and-fiscal-outlook-november-2016/,2016-11-23,exact,obr.apd__2020-21;obr.fuel__2020-21
obr_cfd529db2e,corpus,OBR,efo,other,Executive Summary - November 2016,https://obr.uk/download/executive-summary-november-2016/,2016-11-23,exact,obr.apd__2020-21;obr.fuel__2020-21
obr_e7e55492b3,corpus,OBR,efo,other,Devolved taxes forecast - November 2016,https://obr.uk/download/devolved-taxes-forecast-november-2016/,2016-11-23,exact,obr.apd__2020-21;obr.fuel__2020-21
obr_f1793ed00a,corpus,OBR,efo,other,Economic and fiscal outlook speaking notes - November 2016,https://obr.uk/download/economic-and-fiscal-outlook-speaking-notes-november-2016/,2016-11-23,exact,obr.apd__2020-21;obr.fuel__2020-21
obr_1a661c6fa1,corpus,OBR,psf_commentary,in_period_commentary,Commentary on the public sector finances – November 2016,https://obr.uk/download/commentary-public-sector-finances-november-2016/,2016-12-31,month_only,obr.apd__2020-21;obr.fuel__2020-21
obr_8338619c4e,corpus,OBR,psf_commentary,in_period_commentary,Commentary on the public sector finances – December 2016,https://obr.uk/download/commentary-public-sector-finances-december-2016/,2017-01-31,month_only,obr.apd__2020-21;obr.fuel__2020-21
obr_03e03aedbf,corpus,OBR,psf_commentary,in_period_commentary,Commentary on the public sector finances – January 2017,https://obr.uk/download/commentary-public-sector-finances-january-2017/,2017-02-28,month_only,obr.apd__2020-21;obr.fuel__2020-21
obr_09356791e4,corpus,OBR,efo,other,"Log of substantive contact between the OBR and Treasury Ministers, Special Advisers and their private office staff between 23 November 2016 and 7 March 2017",https://obr.uk/download/log-substantive-contact-obr-treasury-ministers-special-advisers-private-office-staff-23-november-2016-7-march-2017/,2017-03-08,exact,obr.apd__2020-21;obr.fuel__2020-21
obr_09ce2db508,corpus,OBR,efo,other,Business rates appeals - March 2017 Economic and fiscal outlook,https://obr.uk/download/business-rates-appeals-march-2017-economic-fiscal-outlook/,2017-03-08,exact,obr.apd__2020-21;obr.fuel__2020-21
obr_41c19ec5d5,corpus,OBR,efo,other,March 2017 Economic and fiscal outlook – Executive Summary,https://obr.uk/download/march-2017-economic-and-fiscal-outlook-executive-summary/,2017-03-08,exact,obr.apd__2020-21;obr.fuel__2020-21
obr_9a7ae381d2,corpus,OBR,efo,forecast_narrative,Economic and fiscal outlook – March 2017,https://obr.uk/download/economic-and-fiscal-outlook-march-2017/,2017-03-08,exact,obr.apd__2020-21;obr.fuel__2020-21
obr_9fe2437b90,corpus,OBR,efo,other,March 2017 Economic and fiscal outlook – speaking notes,https://obr.uk/download/march-2017-economic-and-fiscal-outlook-speaking-notes/,2017-03-08,exact,obr.apd__2020-21;obr.fuel__2020-21
obr_a6c61a856d,corpus,OBR,efo,other,March 2017 Economic and fiscal outlook – press notice,https://obr.uk/download/march-2017-economic-fiscal-outlook-press-notice/,2017-03-08,exact,obr.apd__2020-21;obr.fuel__2020-21
obr_cadb14d96f,corpus,OBR,efo,other,March 2017 Economic and fiscal outlook – data sources,https://obr.uk/download/march-2017-economic-fiscal-outlook-data-sources/,2017-03-08,exact,obr.apd__2020-21;obr.fuel__2020-21
obr_e8336eaa4b,corpus,OBR,efo,other,March 2017 Economic and fiscal outlook – presentation slides,https://obr.uk/download/march-2017-economic-and-fiscal-outlook-presentation-slides/,2017-03-08,exact,obr.apd__2020-21;obr.fuel__2020-21
obr_f8280aa1c2,corpus,OBR,efo,other,March 2017 Devolved taxes forecast,https://obr.uk/download/march-2017-devolved-taxes-forecast/,2017-03-08,exact,obr.apd__2020-21;obr.fuel__2020-21
obr_d669bfa3b2,corpus,OBR,psf_commentary,in_period_commentary,Commentary on the public sector finances – February 2017,https://obr.uk/download/pdf-commentary-public-sector-finances-february-2017/,2017-03-31,month_only,obr.apd__2020-21;obr.fuel__2020-21
obr_677cfa272d,corpus,OBR,psf_commentary,in_period_commentary,Commentary on the public sector finances – March 2017,https://obr.uk/download/commentary-public-sector-finances-march-2017/,2017-04-30,month_only,obr.apd__2020-21;obr.fuel__2020-21
obr_5c98b7089f,corpus,OBR,psf_commentary,in_period_commentary,Commentary on the public sector finances – April 2017,https://obr.uk/download/commentary-public-sector-finances-april-2017/,2017-05-31,month_only,obr.apd__2020-21;obr.fuel__2020-21
obr_bbe491cf16,corpus,OBR,psf_commentary,in_period_commentary,Commentary on the public sector finances – May 2017,https://obr.uk/download/commentary-public-sector-finances-may-2017/,2017-06-30,month_only,obr.apd__2020-21;obr.fuel__2020-21
obr_7a577a333d,corpus,OBR,psf_commentary,in_period_commentary,Commentary on the public sector finances – June 2017,https://obr.uk/download/commentary-public-sector-finances-june-2017/,2017-07-31,month_only,obr.apd__2020-21;obr.fuel__2020-21
obr_f1b917be9c,corpus,OBR,psf_commentary,in_period_commentary,Commentary on the public sector finances – July 2017,https://obr.uk/download/commentary-public-sector-finances-july-2017/,2017-08-31,month_only,obr.apd__2020-21;obr.fuel__2020-21
obr_7684c6409a,corpus,OBR,psf_commentary,in_period_commentary,Commentary on the public sector finances – August 2017,https://obr.uk/download/commentary-public-sector-finances-august-2017/,2017-09-30,month_only,obr.apd__2020-21;obr.fuel__2020-21
obr_2c4424510b,corpus,OBR,psf_commentary,in_period_commentary,Commentary on the public sector finances – September 2017,https://obr.uk/download/commentary-public-sector-finances-september-2017/,2017-10-31,month_only,obr.apd__2020-21;obr.fuel__2020-21
obr_0191ec00a0,corpus,OBR,efo,other,November 2017 Economic and fiscal outlook – data sources,https://obr.uk/download/november-2017-economic-fiscal-outlook-data-sources/,2017-11-22,exact,obr.apd__2020-21;obr.fuel__2020-21
obr_063321e19f,corpus,OBR,efo,other,November 2017 Economic and fiscal outlook – presentation slides,https://obr.uk/download/economic-fiscal-outlook-presentation-slides-november-2017/,2017-11-22,exact,obr.apd__2020-21;obr.fuel__2020-21
obr_2f830c0e85,corpus,OBR,efo,other,Housing supply forecast – November 2017 Economic and fiscal outlook,https://obr.uk/download/housing-supply-forecast-november-2017-economic-fiscal-outlook/,2017-11-22,exact,obr.apd__2020-21;obr.fuel__2020-21
obr_456eb37f9e,corpus,OBR,efo,other,"Log of substantive contact between the OBR and Treasury Ministers, Special Advisers and their private office staff between 8 March 2017 and 21 November 2017",https://obr.uk/download/log-substantive-contact-obr-treasury-ministers-special-advisers-private-office-staff-8-march-2017-21-november-2017/,2017-11-22,exact,obr.apd__2020-21;obr.fuel__2020-21
obr_4c0de36398,corpus,OBR,efo,other,November 2017 Economic and fiscal outlook – speaking notes,https://obr.uk/download/november-2017-economic-fiscal-outlook-speaking-notes/,2017-11-22,exact,obr.apd__2020-21;obr.fuel__2020-21
obr_62a8318b28,corpus,OBR,efo,other,November 2017 Devolved taxes forecast,https://obr.uk/download/november-2017-devolved-taxes-forecast/,2017-11-22,exact,obr.apd__2020-21;obr.fuel__2020-21
obr_b75e608040,corpus,OBR,efo,other,Household debt servicing costs – November 2017 Economic and fiscal outlook,https://obr.uk/download/household-debt-servicing-costs-november-2017-economic-fiscal-outlook/,2017-11-22,exact,obr.apd__2020-21;obr.fuel__2020-21
obr_ba14db8f1d,corpus,OBR,efo,forecast_narrative,Economic and fiscal outlook – November 2017,https://obr.uk/download/economic-and-fiscal-outlook-november-2017/,2017-11-22,exact,obr.apd__2020-21;obr.fuel__2020-21
obr_c100f8ccf7,corpus,OBR,efo,other,November 2017 Economic and fiscal outlook – Executive Summary,https://obr.uk/download/november-2017-economic-and-fiscal-outlook-executive-summary/,2017-11-22,exact,obr.apd__2020-21;obr.fuel__2020-21
obr_d219ba24c8,corpus,OBR,efo,other,November 2017 Economic and fiscal outlook – press notice,https://obr.uk/download/november-2017-economic-fiscal-outlook-press-notice/,2017-11-22,exact,obr.apd__2020-21;obr.fuel__2020-21
obr_d93932aea2,corpus,OBR,psf_commentary,in_period_commentary,Commentary on the public sector finances – November 2017,https://obr.uk/download/commentary-public-sector-finances-november-2017/,2017-12-31,month_only,obr.apd__2020-21;obr.fuel__2020-21
obr_8a28b091d9,corpus,OBR,psf_commentary,in_period_commentary,Commentary on the public sector finances – December 2017,https://obr.uk/download/commentary-public-sector-finances-december-2017/,2018-01-31,month_only,obr.apd__2020-21;obr.fuel__2020-21
obr_cb3afee81f,corpus,OBR,psf_commentary,in_period_commentary,Commentary on the public sector finances – January 2018,https://obr.uk/download/commentary-public-sector-finances-january-2018/,2018-02-28,month_only,obr.apd__2020-21;obr.fuel__2020-21
obr_1938020e80,corpus,OBR,efo,other,March 2018 Economic and fiscal outlook – presentation slides,https://obr.uk/download/march-2018-economic-and-fiscal-outlook-presentation-slides/,2018-03-13,exact,obr.apd__2020-21;obr.fuel__2020-21
obr_2d53c5ce4f,corpus,OBR,efo,other,March 2018 Economic and fiscal outlook – data sources,https://obr.uk/download/march-2018-economic-fiscal-outlook-data-sources/,2018-03-13,exact,obr.apd__2020-21;obr.fuel__2020-21
obr_43794645fb,corpus,OBR,efo,other,March 2018 Devolved tax and spending forecasts,https://obr.uk/download/march-2018-devolved-tax-and-spending-forecasts/,2018-03-13,exact,obr.apd__2020-21;obr.fuel__2020-21
obr_55d0956bbf,corpus,OBR,efo,other,"Log of substantive contact between the OBR and Treasury Ministers, Special Advisers and their private office staff between 22 November 2017 and 12 March 2018",https://obr.uk/download/log-of-substantive-contact-between-the-obr-and-treasury-ministers-special-advisers-and-their-private-office-staff-between-22-november-2017-and-12-march-2018/,2018-03-13,exact,obr.apd__2020-21;obr.fuel__2020-21
obr_671d5488e7,corpus,OBR,efo,other,March 2018 Economic and fiscal outlook – press notice,https://obr.uk/download/march-2018-economic-and-fiscal-outlook-press-notice/,2018-03-13,exact,obr.apd__2020-21;obr.fuel__2020-21
obr_9f16fdbc54,corpus,OBR,efo,forecast_narrative,Economic and fiscal outlook – March 2018,https://obr.uk/download/economic-and-fiscal-outlook-march-2018/,2018-03-13,exact,obr.apd__2020-21;obr.fuel__2020-21
obr_bce4d13a4a,corpus,OBR,efo,other,March 2018 Economic and fiscal outlook – Executive Summary,https://obr.uk/download/march-2018-economic-and-fiscal-outlook-executive-summary/,2018-03-13,exact,obr.apd__2020-21;obr.fuel__2020-21
obr_f6cc4642ad,corpus,OBR,efo,other,March 2018 Economic and fiscal outlook – speaking notes,https://obr.uk/download/march-2018-economic-and-fiscal-outlook-speaking-notes/,2018-03-13,exact,obr.apd__2020-21;obr.fuel__2020-21
obr_5ae03ec16d,corpus,OBR,psf_commentary,in_period_commentary,Commentary on the public sector finances – February 2018,https://obr.uk/download/commentary-public-sector-finances-february-2018/,2018-03-31,month_only,obr.apd__2020-21;obr.fuel__2020-21
obr_ee60c1684b,corpus,OBR,psf_commentary,in_period_commentary,Commentary on the public sector finances - March 2018,https://obr.uk/download/commentary-public-sector-finances-march-2018/,2018-04-30,month_only,obr.apd__2020-21;obr.fuel__2020-21
obr_9723ad2ee9,corpus,OBR,psf_commentary,in_period_commentary,Commentary on the public sector finances - April 2018,https://obr.uk/download/commentary-public-sector-finances-april-2018/,2018-05-31,month_only,obr.apd__2020-21;obr.fuel__2020-21
obr_3e693c49b7,corpus,OBR,psf_commentary,in_period_commentary,Commentary on the public sector finances – May 2018,https://obr.uk/download/commentary-public-sector-finances-may-2018/,2018-06-30,month_only,obr.apd__2020-21;obr.fuel__2020-21
obr_14b0eafa94,corpus,OBR,psf_commentary,in_period_commentary,Commentary on the public sector finances - June 2018,https://obr.uk/download/commentary-public-sector-finances-june-2018/,2018-07-31,month_only,obr.apd__2020-21;obr.fuel__2020-21
obr_dd9407a4a4,corpus,OBR,psf_commentary,in_period_commentary,Commentary on the public sector finances – July 2018,https://obr.uk/download/commentary-public-sector-finances-july-2018/,2018-08-31,month_only,obr.apd__2020-21;obr.fuel__2020-21
obr_ccddb05d08,corpus,OBR,psf_commentary,in_period_commentary,Commentary on the public sector finances – August 2018,https://obr.uk/download/commentary-public-sector-finances-august-2018/,2018-09-30,month_only,obr.apd__2020-21;obr.fuel__2020-21
obr_1aa86b1ab1,corpus,OBR,efo,other,"Log of substantive contact between the OBR and Treasury Ministers, Special Advisers and their private office staff between 13 March 2018 and 28 October 2018",https://obr.uk/download/log-of-substantive-contact-between-the-obr-and-treasury-ministers-special-advisers-and-their-private-office-staff-between-13-march-2018-and-28-october-2018/,2018-10-29,exact,obr.apd__2020-21;obr.fuel__2020-21
obr_35098fbe71,corpus,OBR,efo,forecast_narrative,Economic and fiscal outlook - October 2018,https://obr.uk/download/economic-and-fiscal-outlook-october-2018/,2018-10-29,exact,obr.apd__2020-21;obr.fuel__2020-21
obr_45495d264d,corpus,OBR,efo,other,October 2018 Devolved tax and spending forecasts,https://obr.uk/download/october-2018-devolved-tax-and-spending-forecasts/,2018-10-29,exact,obr.apd__2020-21;obr.fuel__2020-21
obr_46f2634727,corpus,OBR,efo,other,Economic and fiscal outlook speaking notes - October 2018,https://obr.uk/download/economic-and-fiscal-outlook-speaking-notes-october-2018/,2018-10-29,exact,obr.apd__2020-21;obr.fuel__2020-21
obr_501a78fbf3,corpus,OBR,efo,other,October 2018 Economic and fiscal outlook – Student entrants: forecast methodology change,https://obr.uk/download/october-2018-economic-fiscal-outlook-student-entrants-forecast-methodology-change/,2018-10-29,exact,obr.apd__2020-21;obr.fuel__2020-21
obr_a8351302c2,corpus,OBR,efo,other,October 2018 Economic and fiscal outlook – Executive summary,https://obr.uk/download/october-2018-economic-and-fiscal-outlook-executive-summary/,2018-10-29,exact,obr.apd__2020-21;obr.fuel__2020-21
obr_ad8004c673,corpus,OBR,efo,other,October 2018 Economic and fiscal outlook – press notice,https://obr.uk/download/october-2018-economic-and-fiscal-outlook-press-notice/,2018-10-29,exact,obr.apd__2020-21;obr.fuel__2020-21
obr_d1ebdf9c75,corpus,OBR,efo,other,Economic and fiscal outlook presentation slides - October 2018,https://obr.uk/download/economic-and-fiscal-outlook-presentation-slides-october-2018/,2018-10-29,exact,obr.apd__2020-21;obr.fuel__2020-21
obr_dd518f445f,corpus,OBR,efo,other,October 2018 Economic and fiscal outlook – HMRC tax reliefs,https://obr.uk/download/october-2018-economic-fiscal-outlook-hmrc-tax-reliefs/,2018-10-29,exact,obr.apd__2020-21;obr.fuel__2020-21
obr_e9a2e5a99a,corpus,OBR,efo,other,October 2018 Economic and fiscal outlook – Marriage allowance,https://obr.uk/download/october-2018-economic-fiscal-outlook-marriage-allowance/,2018-10-29,exact,obr.apd__2020-21;obr.fuel__2020-21
obr_6d2508689b,corpus,OBR,psf_commentary,in_period_commentary,Commentary on the public sector finances – September 2018,https://obr.uk/download/commentary-public-sector-finances-september-2018/,2018-10-31,month_only,obr.apd__2020-21;obr.fuel__2020-21
obr_456ddad309,corpus,OBR,psf_commentary,in_period_commentary,Commentary on the public sector finances – October 2018,https://obr.uk/download/commentary-public-sector-finances-october-2018/,2018-11-30,month_only,obr.apd__2020-21;obr.fuel__2020-21
obr_f4ed42487d,corpus,OBR,psf_commentary,in_period_commentary,Commentary on the public sector finances – November 2018,https://obr.uk/download/commentary-public-sector-finances-november-2018/,2018-12-31,month_only,obr.apd__2020-21;obr.fuel__2020-21
obr_59f1197387,corpus,OBR,psf_commentary,in_period_commentary,Commentary on the public sector finances - December 2018,https://obr.uk/download/commentary-public-sector-finances-december-2018/,2019-01-31,month_only,obr.apd__2020-21;obr.fuel__2020-21
obr_f94da83f0c,corpus,OBR,psf_commentary,in_period_commentary,Commentary on the public sector finances – January 2019,https://obr.uk/download/commentary-public-sector-finances-january-2019/,2019-02-28,month_only,obr.apd__2020-21;obr.fuel__2020-21
obr_0e38ccc143,corpus,OBR,efo,other,VAT standard rated share - March 2019 Economic and fiscal outlook,https://obr.uk/download/vat-standard-rated-share-march-2019-economic-fiscal-outlook/,2019-03-13,exact,obr.apd__2020-21;obr.fuel__2020-21
obr_5f6a0f9d18,corpus,OBR,efo,other,Economic and fiscal outlook presentation slides - March 2019,https://obr.uk/download/economic-fiscal-outlook-presentation-slides-march-2019/,2019-03-13,exact,obr.apd__2020-21;obr.fuel__2020-21
obr_951e44435a,corpus,OBR,efo,other,March 2019 Devolved tax and spending forecasts,https://obr.uk/download/march-2019-devolved-tax-and-spending-forecasts/,2019-03-13,exact,obr.apd__2020-21;obr.fuel__2020-21
obr_a194fe9c2f,corpus,OBR,efo,other,"Log of substantive contact between the Office for Budget Responsibility and Treasury Ministers and their Special Advisers and private office staff, between 29 October 2018 and 12 March 2019",https://obr.uk/download/log-of-substantive-contact-between-the-office-for-budget-responsibility-and-treasury-ministers-and-their-special-advisers-and-private-office-staff-between-29-october-2018-and-12-march-2019/,2019-03-13,exact,obr.apd__2020-21;obr.fuel__2020-21
obr_a333c0a070,corpus,OBR,efo,other,The direct fiscal consequences of unconventional monetary policies,https://obr.uk/download/direct-fiscal-consequences-unconventional-monetary-policies/,2019-03-13,exact,obr.apd__2020-21;obr.fuel__2020-21
obr_a34b082f1c,corpus,OBR,efo,forecast_narrative,Economic and fiscal outlook - March 2019,https://obr.uk/download/economic-and-fiscal-outlook-march-2019/,2019-03-13,exact,obr.apd__2020-21;obr.fuel__2020-21
obr_a4c1d8b20a,corpus,OBR,efo,other,March 2019 Economic and fiscal outlook – press notice,https://obr.uk/download/march-2019-economic-and-fiscal-outlook-press-notice/,2019-03-13,exact,obr.apd__2020-21;obr.fuel__2020-21
obr_bdbcf2cb78,corpus,OBR,efo,other,March 2019 Economic and fiscal outlook – Executive summary,https://obr.uk/download/march-2019-economic-and-fiscal-outlook-executive-summary/,2019-03-13,exact,obr.apd__2020-21;obr.fuel__2020-21
obr_e36f679bc2,corpus,OBR,efo,other,Economic and fiscal outlook speaking notes - March 2019,https://obr.uk/download/economic-fiscal-outlook-speaking-notes-march-2019/,2019-03-13,exact,obr.apd__2020-21;obr.fuel__2020-21
obr_eaf2a0bb89,corpus,OBR,efo,other,Restated March 2019 forecast,https://obr.uk/download/restated-march-2019-forecast/,2019-03-13,exact,obr.apd__2020-21;obr.fuel__2020-21
obr_6dc31cbf2b,corpus,OBR,psf_commentary,in_period_commentary,Commentary on the public sector finances – February 2019,https://obr.uk/download/commentary-public-sector-finances-february-2019/,2019-03-31,month_only,obr.apd__2020-21;obr.fuel__2020-21
obr_d3975db605,corpus,OBR,psf_commentary,in_period_commentary,Commentary on the public sector finances – March 2019,https://obr.uk/download/commentary-public-sector-finances-march-2019/,2019-04-30,month_only,obr.apd__2020-21;obr.fuel__2020-21
obr_0a8d957e34,corpus,OBR,psf_commentary,in_period_commentary,Commentary on the public sector finances – April 2019,https://obr.uk/download/commentary-public-sector-finances-april-2019/,2019-05-31,month_only,obr.apd__2020-21;obr.fuel__2020-21
obr_8d70b7d49f,corpus,OBR,psf_commentary,in_period_commentary,Commentary on the public sector finances - May 2019,https://obr.uk/download/commentary-public-sector-finances-may-2019/,2019-06-30,month_only,obr.apd__2020-21;obr.fuel__2020-21
obr_4c57c8bbf7,corpus,OBR,psf_commentary,in_period_commentary,Commentary on the public sector finances – June 2019,https://obr.uk/download/commentary-public-sector-finances-june-2019/,2019-07-31,month_only,obr.apd__2020-21;obr.fuel__2020-21
obr_e95617e3a8,corpus,OBR,psf_commentary,in_period_commentary,Commentary on the public sector finances – July 2019,https://obr.uk/download/commentary-public-sector-finances-july-2019/,2019-08-31,month_only,obr.apd__2020-21;obr.fuel__2020-21
obr_2fe36d6e85,corpus,OBR,psf_commentary,in_period_commentary,Commentary on the public sector finances – August 2019,https://obr.uk/download/commentary-public-sector-finances-august-2019/,2019-09-30,month_only,obr.apd__2020-21;obr.fuel__2020-21
obr_d014ec518f,corpus,OBR,psf_commentary,in_period_commentary,Commentary on the public sector finances – September 2019,https://obr.uk/download/commentary-public-sector-finances-september-2019/,2019-10-31,month_only,obr.apd__2020-21;obr.fuel__2020-21
obr_a7b5ae9287,corpus,OBR,psf_commentary,in_period_commentary,Commentary on the public sector finances – October 2019,https://obr.uk/download/commentary-public-sector-finances-october-2019/,2019-11-30,month_only,obr.apd__2020-21;obr.fuel__2020-21
obr_3bce833d7a,corpus,OBR,psf_commentary,in_period_commentary,Commentary on the public sector finances – November 2019,https://obr.uk/download/commentary-public-sector-finances-november-2019/,2019-12-31,month_only,obr.apd__2020-21;obr.fuel__2020-21
obr_70267ad8ad,corpus,OBR,psf_commentary,in_period_commentary,Commentary on the public sector finances – December 2019,https://obr.uk/download/commentary-public-sector-finances-december-2019/,2020-01-31,month_only,obr.apd__2020-21;obr.fuel__2020-21
obr_14651f7714,corpus,OBR,psf_commentary,in_period_commentary,Commentary on the public sector finances – January 2020,https://obr.uk/download/commentary-public-sector-finances-january-2020/,2020-02-29,month_only,obr.apd__2020-21;obr.fuel__2020-21
obr_0b933748f9,corpus,OBR,efo,other,Economic and fiscal outlook presentation slides - March 2020,https://obr.uk/download/economic-and-fiscal-outlook-presentation-slides-march-2020/,2020-03-11,exact,obr.apd__2020-21;obr.studentloans__2022-23;obr.fuel__2020-21
obr_1b37e85996,corpus,OBR,efo,other,"Log of substantive contact between the OBR and Treasury Ministers, Special Advisers and their private office staff between 13 March 2019 and 10 March 2020",https://obr.uk/download/log-of-substantive-contact-between-the-obr-and-treasury-ministers-special-advisers-and-their-private-office-staff-between-13-march-2019-and-10-march-2020/,2020-03-11,exact,obr.apd__2020-21;obr.studentloans__2022-23;obr.fuel__2020-21
obr_478c58477e,corpus,OBR,efo,other,March 2020 Devolved tax and spending forecasts,https://obr.uk/download/march-2020-devolved-tax-and-spending-forecasts/,2020-03-11,exact,obr.apd__2020-21;obr.studentloans__2022-23;obr.fuel__2020-21
obr_91b9a91ae6,corpus,OBR,efo,other,March 2020 Economic and fiscal outlook – press notice,https://obr.uk/download/march-2020-economic-and-fiscal-outlook-press-notice/,2020-03-11,exact,obr.apd__2020-21;obr.studentloans__2022-23;obr.fuel__2020-21
obr_936f6d2141,corpus,OBR,efo,other,Economic and fiscal outlook speaking notes - March 2020,https://obr.uk/download/economic-and-fiscal-outlook-speaking-notes-march-2020/,2020-03-11,exact,obr.apd__2020-21;obr.studentloans__2022-23;obr.fuel__2020-21
obr_b0e050a0d5,corpus,OBR,efo,forecast_narrative,Economic and fiscal outlook – March 2020,https://obr.uk/download/economic-and-fiscal-outlook-march-2020/,2020-03-11,exact,obr.apd__2020-21;obr.studentloans__2022-23;obr.fuel__2020-21
obr_db5eb3c574,corpus,OBR,efo,other,Executive summary,https://obr.uk/download/march-2020-economic-and-fiscal-outlook-executive-summary/,2020-03-11,exact,obr.apd__2020-21;obr.studentloans__2022-23;obr.fuel__2020-21
obr_1212484fd1,corpus,OBR,psf_commentary,in_period_commentary,Commentary on the public sector finances – February 2020,https://obr.uk/download/commentary-public-sector-finances-february-2020/,2020-03-31,month_only,obr.apd__2020-21;obr.studentloans__2022-23;obr.fuel__2020-21
obr_f304e45d22,corpus,OBR,psf_commentary,in_period_commentary,Commentary on the public sector finances – March 2020,https://obr.uk/download/commentary-public-sector-finances-march-2020/,2020-04-30,month_only,obr.apd__2020-21;obr.studentloans__2022-23;obr.fuel__2020-21
obr_15d9da76aa,corpus,OBR,psf_commentary,in_period_commentary,Commentary on the public sector finances – April 2020,https://obr.uk/download/commentary-public-sector-finances-april-2020/,2020-05-31,month_only,obr.apd__2020-21;obr.studentloans__2022-23;obr.fuel__2020-21
obr_d7b29665e2,corpus,OBR,psf_commentary,in_period_commentary,Commentary on the public sector finances – May 2020,https://obr.uk/download/commentary-public-sector-finances-may-2020/,2020-06-30,month_only,obr.apd__2020-21;obr.studentloans__2022-23;obr.fuel__2020-21
obr_4795e52e15,corpus,OBR,psf_commentary,in_period_commentary,Commentary on the public sector finances – June 2020,https://obr.uk/download/commentary-public-sector-finances-june-2020/,2020-07-31,month_only,obr.apd__2020-21;obr.studentloans__2022-23;obr.fuel__2020-21
obr_32985de825,corpus,OBR,psf_commentary,in_period_commentary,Commentary on the public sector finances – July 2020,https://obr.uk/download/commentary-on-the-public-sector-finances-july-2020/,2020-08-31,month_only,obr.apd__2020-21;obr.studentloans__2022-23;obr.fuel__2020-21
obr_dc0dd97e37,corpus,OBR,psf_commentary,in_period_commentary,Commentary on the public sector finances – August 2020,https://obr.uk/download/commentary-on-the-public-sector-finances-august-2020/,2020-09-30,month_only,obr.apd__2020-21;obr.studentloans__2022-23;obr.fuel__2020-21
obr_54422c45c0,corpus,OBR,psf_commentary,in_period_commentary,Commentary on the public sector finances – September 2020,https://obr.uk/download/commentary-on-the-public-sector-finances-september-2020/,2020-10-31,month_only,obr.apd__2020-21;obr.studentloans__2022-23;obr.fuel__2020-21
obr_2091042773,corpus,OBR,efo,other,November 2020 Economic and fiscal outlook – Executive summary,https://obr.uk/download/november-2020-economic-and-fiscal-outlook-executive-summary/,2020-11-25,exact,obr.apd__2020-21;obr.studentloans__2022-23;obr.fuel__2020-21
obr_4015866f51,corpus,OBR,efo,other,"Log of substantive contact between the OBR and Treasury Ministers, Special Advisers and their private office staff between 14 July and 24 November 2020.",https://obr.uk/download/log-of-substantive-contact-between-the-obr-and-treasury-ministers-special-advisers-and-their-private-office-staff-between-14-july-and-24-november-2020/,2020-11-25,exact,obr.apd__2020-21;obr.studentloans__2022-23;obr.fuel__2020-21
obr_86ae0e0186,corpus,OBR,efo,other,November 2020 Economic and fiscal outlook – press notice,https://obr.uk/download/november-2020-economic-and-fiscal-outlook-press-notice/,2020-11-25,exact,obr.apd__2020-21;obr.studentloans__2022-23;obr.fuel__2020-21
obr_8cd6700e85,corpus,OBR,efo,other,November 2020 Devolved tax and spending forecasts,https://obr.uk/download/november-2020-devolved-tax-and-spending-forecasts/,2020-11-25,exact,obr.apd__2020-21;obr.studentloans__2022-23;obr.fuel__2020-21
obr_96867f7159,corpus,OBR,efo,other,November 2020 Economic and fiscal outlook – presentation slides,https://obr.uk/download/november-2020-economic-and-fiscal-outlook-presentation-slides/,2020-11-25,exact,obr.apd__2020-21;obr.studentloans__2022-23;obr.fuel__2020-21
obr_be526fbaaf,corpus,OBR,efo,forecast_narrative,Economic and fiscal outlook - November 2020,https://obr.uk/download/economic-and-fiscal-outlook-november-2020/,2020-11-25,exact,obr.apd__2020-21;obr.studentloans__2022-23;obr.fuel__2020-21
obr_f0cd6ec3c2,corpus,OBR,efo,other,November 2020 Economic and fiscal outlook – speaking notes,https://obr.uk/download/november-2020-economic-and-fiscal-outlook-speaking-notes/,2020-11-25,exact,obr.apd__2020-21;obr.studentloans__2022-23;obr.fuel__2020-21
obr_32d8773eeb,corpus,OBR,psf_commentary,in_period_commentary,Commentary on the public sector finances – November 2020,https://obr.uk/download/commentary-on-the-public-sector-finances-november-2020/,2020-12-31,month_only,obr.studentloans__2022-23
obr_05fb9c4275,corpus,OBR,psf_commentary,in_period_commentary,Commentary on the public sector finances – December 2020,https://obr.uk/download/commentary-on-the-public-sector-finances-december-2020/,2021-01-31,month_only,obr.studentloans__2022-23
obr_72dd43f077,corpus,OBR,psf_commentary,in_period_commentary,Commentary on the public sector finances – January 2021,https://obr.uk/download/commentary-on-the-public-sector-finances-january-2021/,2021-02-28,month_only,obr.studentloans__2022-23
obr_29fd00107b,corpus,OBR,efo,other,"Log of substantive contact between the OBR and Treasury Ministers, Special Advisers and their private office staff between 25 November 2020 and 2 March 2021.",https://obr.uk/download/log-of-substantive-contact-between-the-obr-and-treasury-ministers-special-advisers-and-their-private-office-staff-between-25-november-2020-and-2-march-2021/,2021-03-03,exact,obr.studentloans__2022-23
obr_338872f58c,corpus,OBR,efo,other,March 2021 Economic and fiscal outlook - Fuel duty,https://obr.uk/download/march-2021-economic-and-fiscal-outlook-fuel-duty/,2021-03-03,exact,obr.studentloans__2022-23
obr_615274cefe,corpus,OBR,efo,other,Economic and fiscal outlook presentation slides - March 2021,https://obr.uk/download/economic-and-fiscal-outlook-presentation-slides-march-2021/,2021-03-03,exact,obr.studentloans__2022-23
obr_6f5299fe27,corpus,OBR,efo,other,Economic and fiscal outlook speaking notes - March 2021,https://obr.uk/download/economic-and-fiscal-outlook-speaking-notes-march-2021/,2021-03-03,exact,obr.studentloans__2022-23
obr_72b69c810b,corpus,OBR,efo,other,March 2021 Devolved tax and spending forecasts,https://obr.uk/download/march-2021-devolved-tax-and-spending-forecasts/,2021-03-03,exact,obr.studentloans__2022-23
obr_7885b5dff8,corpus,OBR,efo,forecast_narrative,Economic and fiscal outlook - March 2021,https://obr.uk/download/economic-and-fiscal-outlook-march-2021/,2021-03-03,exact,obr.studentloans__2022-23
obr_9de25c1c32,corpus,OBR,efo,other,March 2021 Economic and fiscal outlook - CJRS,https://obr.uk/download/march-2021-economic-and-fiscal-outlook-cjrs/,2021-03-03,exact,obr.studentloans__2022-23
obr_c7dfad18c7,corpus,OBR,efo,other,March 2021 Economic and fiscal outlook - EU financial settlement,https://obr.uk/download/march-2021-economic-and-fiscal-outlook-eu-financial-settlement/,2021-03-03,exact,obr.studentloans__2022-23
obr_d4f745db17,corpus,OBR,efo,other,March 2021 Economic and fiscal outlook – State pension underpayment correction,https://obr.uk/download/march-2021-economic-and-fiscal-outlook-state-pension-underpayment-correction/,2021-03-03,exact,obr.studentloans__2022-23
obr_dd072e4708,corpus,OBR,efo,other,March 2021 Economic and fiscal outlook – Executive summary,https://obr.uk/download/march-2021-economic-and-fiscal-outlook-executive-summary/,2021-03-03,exact,obr.studentloans__2022-23
obr_ee4650191b,corpus,OBR,efo,other,March 2021 Economic and fiscal outlook – Betting and gaming duties,https://obr.uk/download/march-2021-economic-and-fiscal-outlook-betting-and-gaming-duties/,2021-03-03,exact,obr.studentloans__2022-23
obr_f28d8c2c4b,corpus,OBR,efo,other,March 2021 Economic and fiscal outlook - Corporation tax rate increase,https://obr.uk/download/march-2021-economic-and-fiscal-outlook-corporation-tax-rate-increase/,2021-03-03,exact,obr.studentloans__2022-23
obr_d6beecfe6c,corpus,OBR,psf_commentary,in_period_commentary,Commentary on the public sector finances – February 2021,https://obr.uk/download/commentary-on-the-public-sector-finances-february-2021/,2021-03-31,month_only,obr.studentloans__2022-23
obr_e3c188bd98,corpus,OBR,psf_commentary,in_period_commentary,Commentary on the public sector finances – March 2021,https://obr.uk/download/commentary-on-the-public-sector-finances-march-2021/,2021-04-30,month_only,obr.studentloans__2022-23
obr_17e1a1cf54,corpus,OBR,psf_commentary,in_period_commentary,Commentary on the public sector finances – April 2021,https://obr.uk/download/commentary-on-the-public-sector-finances-april-2021/,2021-05-31,month_only,obr.studentloans__2022-23
obr_13b1fe1c11,corpus,OBR,psf_commentary,in_period_commentary,Commentary on the public sector finances – May 2021,https://obr.uk/download/commentary-on-the-public-sector-finances-may-2021/,2021-06-30,month_only,obr.studentloans__2022-23
obr_31b787abf4,corpus,OBR,psf_commentary,in_period_commentary,Commentary on the public sector finances – June 2021,https://obr.uk/download/commentary-on-the-public-sector-finances-june-2021/,2021-07-31,month_only,obr.studentloans__2022-23
obr_e0a7222b2a,corpus,OBR,psf_commentary,in_period_commentary,Commentary on the public sector finances – July 2021,https://obr.uk/download/commentary-on-the-public-sector-finances-july-2021/,2021-08-31,month_only,obr.studentloans__2022-23
obr_028a9d25a2,corpus,OBR,psf_commentary,in_period_commentary,Commentary on the public sector finances – August 2021,https://obr.uk/download/commentary-on-the-public-sector-finances-august-2021/,2021-09-30,month_only,obr.studentloans__2022-23
obr_3fcc1f5743,corpus,OBR,efo,other,Letter from Richard Hughes to Bridget Phillipson MP on the October 2021 Economic and fiscal outlook forecast timetable,https://obr.uk/download/letter-from-richard-hughes-to-bridget-phillipson-mp-on-the-october-2021-economic-and-fiscal-outlook-forecast-timetable/,2021-10-27,exact,obr.studentloans__2022-23
obr_45e57d4dc6,corpus,OBR,efo,other,"Log of substantive contact between the Office for Budget Responsibility and Treasury Ministers and their Special Advisers and private office staff, between 3 March 2021 and 26 October 2021",https://obr.uk/download/log-of-substantive-contact/,2021-10-27,exact,obr.studentloans__2022-23
obr_5055d0d562,corpus,OBR,efo,other,Economic and fiscal outlook presentation slides - October 2021,https://obr.uk/download/economic-and-fiscal-outlook-presentation-slides-october-2021/,2021-10-27,exact,obr.studentloans__2022-23
obr_5147a62478,corpus,OBR,efo,other,Executive summary,https://obr.uk/docs/dlm_uploads/Executive_summary_Economic_and_fiscal_outlook_October_2021.pdf,2021-10-27,exact,obr.studentloans__2022-23
obr_518ad1416c,corpus,OBR,efo,other,October 2021 Economic and fiscal outlook – Health and social care levy costing breakdown,https://obr.uk/download/october-2021-economic-and-fiscal-outlook-health-and-social-care-levy-costing-breakdown/,2021-10-27,exact,obr.studentloans__2022-23
obr_60ce85329f,corpus,OBR,efo,other,Working paper No.16: Forecasting the balance sheet: Public sector net worth,https://obr.uk/download/working-paper-no-16-forecasting-the-balance-sheet-public-sector-net-worth/,2021-10-27,exact,obr.studentloans__2022-23
obr_a3690d7d35,corpus,OBR,efo,other,October 2021 Economic and fiscal outlook – Personal allowance and higher rate threshold freeze,https://obr.uk/download/october-2021-economic-and-fiscal-outlook-personal-allowance-and-higher-rate-threshold-freeze/,2021-10-27,exact,obr.studentloans__2022-23
obr_afaa215f19,corpus,OBR,efo,other,Annex A – Policy measures announced since March 2021,https://obr.uk/download/annex-a-policy-measures-announced-since-march-2021/,2021-10-27,exact,obr.studentloans__2022-23
obr_b43affc4b2,corpus,OBR,efo,other,October 2021 Economic and fiscal outlook – Executive summary,https://obr.uk/download/october-2021-economic-and-fiscal-outlook-executive-summary/,2021-10-27,exact,obr.studentloans__2022-23
obr_b9cff6c1d5,corpus,OBR,efo,other,October 2021 Economic and fiscal outlook – Capital allowances super-deduction costing,https://obr.uk/download/october-2021-economic-and-fiscal-outlook-capital-allowances-super-deduction-costing/,2021-10-27,exact,obr.studentloans__2022-23
obr_c48693c2b9,corpus,OBR,efo,other,Correction slip: Economic and fiscal outlook – October 2021,https://obr.uk/download/correction-slip-economic-and-fiscal-outlook-october-2021/,2021-10-27,exact,obr.studentloans__2022-23
obr_ce8e8a3bb8,corpus,OBR,efo,forecast_narrative,Economic and fiscal outlook - October 2021,https://obr.uk/download/economic-and-fiscal-outlook-october-2021/,2021-10-27,exact,obr.studentloans__2022-23
obr_d376aa647c,corpus,OBR,efo,other,October 2021 Devolved tax and spending forecasts,https://obr.uk/download/october-2021-devolved-tax-and-spending-forecasts/,2021-10-27,exact,obr.studentloans__2022-23
obr_f13de2f653,corpus,OBR,efo,other,October 2021 Economic and fiscal outlook – press notice,https://obr.uk/download/october-2021-economic-and-fiscal-outlook-press-notice/,2021-10-27,exact,obr.studentloans__2022-23
obr_f944389f78,corpus,OBR,efo,other,Economic and fiscal outlook speaking notes - October 2021,https://obr.uk/download/economic-and-fiscal-outlook-speaking-notes-october-2021/,2021-10-27,exact,obr.studentloans__2022-23
obr_6138091c11,corpus,OBR,psf_commentary,in_period_commentary,Commentary on the public sector finances – October 2021,https://obr.uk/download/commentary-on-the-public-sector-finances-october-2021/,2021-11-30,month_only,obr.studentloans__2022-23
obr_18abb98b39,corpus,OBR,psf_commentary,in_period_commentary,Commentary on the public sector finances – November 2021,https://obr.uk/download/commentary-on-the-public-sector-finances-november-2021/,2021-12-31,month_only,obr.studentloans__2022-23
obr_6c3b5d0505,corpus,OBR,psf_commentary,in_period_commentary,Commentary on the public sector finances – December 2021,https://obr.uk/download/commentary-on-the-public-sector-finances-december-2021/,2022-01-31,month_only,obr.studentloans__2022-23
obr_4c91f99e32,corpus,OBR,psf_commentary,in_period_commentary,Commentary on the public sector finances – January 2022,https://obr.uk/download/commentary-on-the-public-sector-finances-january-2022/,2022-02-28,month_only,obr.studentloans__2022-23
obr_20db15098f,corpus,OBR,efo,other,Economic and fiscal outlook speaking notes - March 2022,https://obr.uk/download/economic-and-fiscal-outlook-speaking-notes-march-2022/,2022-03-23,exact,obr.studentloans__2022-23
obr_44be64271b,corpus,OBR,efo,other,Economic and fiscal outlook presentation slides - March 2022,https://obr.uk/download/economic-and-fiscal-outlook-presentation-slides-march-2022/,2022-03-23,exact,obr.studentloans__2022-23
obr_7d41c83e8b,corpus,OBR,efo,other,"Log of substantive contact between the OBR and Treasury Ministers, Special Advisers and their private office staff between 27 October 2021 and 22 March 2022.",https://obr.uk/download/log-of-substantive-contact-between-the-obr-and-treasury-ministers-special-advisers-and-their-private-office-staff-between-27-october-2021-and-22-march-2022/,2022-03-23,exact,obr.studentloans__2022-23
obr_93254a99a0,corpus,OBR,efo,other,March 2022 Economic and fiscal outlook – Executive summary,https://obr.uk/download/march-2022-economic-and-fiscal-outlook-executive-summary/,2022-03-23,exact,obr.studentloans__2022-23
obr_ae3a135846,corpus,OBR,efo,other,March 2022 Economic and fiscal outlook – Non-residential SDLT elasticities,https://obr.uk/download/march-2022-economic-and-fiscal-outlook-non-residential-sdlt-elasticities/,2022-03-23,exact,obr.studentloans__2022-23
obr_b7447f4085,corpus,OBR,efo,other,March 2022 Devolved tax and spending forecasts,https://obr.uk/download/march-2022-devolved-tax-and-spending-forecasts/,2022-03-23,exact,obr.studentloans__2022-23
obr_cdd10fe743,corpus,OBR,efo,other,Executive summary,https://obr.uk/docs/dlm_uploads/Exec-sum.pdf,2022-03-23,exact,obr.studentloans__2022-23
obr_d272caca2f,corpus,OBR,efo,forecast_narrative,Economic and fiscal outlook - March 2022,https://obr.uk/download/economic-and-fiscal-outlook-march-2022/,2022-03-23,exact,obr.studentloans__2022-23
obr_f0078a6fdd,corpus,OBR,efo,other,March 2022 Economic and fiscal outlook – Income streams subject to self-assessment income tax,https://obr.uk/download/march-2022-economic-and-fiscal-outlook-income-streams-subject-to-self-assessment-income-tax/,2022-03-23,exact,obr.studentloans__2022-23
obr_f444cfd7f0,corpus,OBR,psf_commentary,in_period_commentary,Commentary on the public sector finances – March 2022,https://obr.uk/download/commentary-on-the-public-sector-finances-march-2022/,2022-04-30,month_only,obr.studentloans__2022-23
obr_fbf472b3c2,corpus,OBR,psf_commentary,in_period_commentary,Commentary on the public sector finances – April 2022,https://obr.uk/download/commentary-on-the-public-sector-finances-april-2022/,2022-05-31,month_only,obr.studentloans__2022-23
obr_160808d935,corpus,OBR,psf_commentary,in_period_commentary,Commentary on the public sector finances – May 2022,https://obr.uk/download/commentary-on-the-public-sector-finances-may-2022/,2022-06-30,month_only,obr.studentloans__2022-23
obr_39edbdfe99,corpus,OBR,psf_commentary,in_period_commentary,Commentary on the public sector finances – June 2022,https://obr.uk/download/commentary-on-the-public-sector-finances-june-2022/,2022-07-31,month_only,obr.studentloans__2022-23
obr_7a5d10842c,corpus,OBR,psf_commentary,in_period_commentary,Commentary on the public sector finances – July 2022,https://obr.uk/download/commentary-on-the-public-sector-finances-july-2022/,2022-08-31,month_only,obr.studentloans__2022-23
obr_cc2ad6bee0,corpus,OBR,psf_commentary,in_period_commentary,Commentary on the public sector finances – August 2022,https://obr.uk/download/commentary-on-the-public-sector-finances-august-2022/,2022-09-30,month_only,obr.studentloans__2022-23
obr_26d5f80b1c,corpus,OBR,efo,other,"Log of substantive contact between the OBR and Treasury Ministers, Special Advisers and their private office staff between 7 July 2022 and 16 November 2022.",https://obr.uk/download/log-of-substantive-contact-between-the-obr-and-treasury-ministers-special-advisers-and-their-private-office-staff-between-7-july-2022-and-16-november-2022/,2022-11-16,exact,obr.studentloans__2022-23
obr_415b46c022,corpus,OBR,efo,forecast_narrative,Economic and fiscal outlook - November 2022,https://obr.uk/download/economic-and-fiscal-outlook-november-2022/,2022-11-16,exact,obr.studentloans__2022-23
obr_5f60eb0a1e,corpus,OBR,efo,other,November 2022 Economic and fiscal outlook – welfare spending,https://obr.uk/download/november-2022-economic-and-fiscal-outlook-welfare-spending/,2022-11-16,exact,obr.studentloans__2022-23
obr_8dc67086a7,corpus,OBR,efo,other,November 2022 Economic and fiscal outlook – emissions trading scheme receipts,https://obr.uk/download/november-2022-economic-and-fiscal-outlook-emissions-trading-scheme-receipts/,2022-11-16,exact,obr.studentloans__2022-23
obr_93cfbb7f01,corpus,OBR,efo,other,November 2022 Economic and fiscal outlook – Income streams subject to self-assessment income tax,https://obr.uk/download/november-2022-economic-and-fiscal-outlook-income-streams-subject-to-self-assessment-income-tax/,2022-11-16,exact,obr.studentloans__2022-23
obr_9a550e25be,corpus,OBR,efo,other,November 2022 Economic and fiscal outlook – Ofgem price cap,https://obr.uk/download/november-2022-economic-and-fiscal-outlook-ofgem-price-cap/,2022-11-16,exact,obr.studentloans__2022-23
obr_b1baa64137,corpus,OBR,efo,other,November 2022 Economic and fiscal outlook – speaking notes,https://obr.uk/download/november-2022-economic-and-fiscal-outlook-speaking-notes/,2022-11-16,exact,obr.studentloans__2022-23
obr_b4136e6b31,corpus,OBR,efo,other,November 2022 Economic and fiscal outlook – press notice,https://obr.uk/download/november-2022-economic-and-fiscal-outlook-press-notice/,2022-11-16,exact,obr.studentloans__2022-23
obr_bf8cf7ec74,corpus,OBR,efo,other,November 2022 Economic and fiscal outlook – presentation slides,https://obr.uk/download/november-2022-economic-and-fiscal-outlook-presentation-slides/,2022-11-16,exact,obr.studentloans__2022-23
obr_f74a4a5dd5,corpus,OBR,efo,other,November 2022 Devolved tax and spending forecasts,https://obr.uk/download/november-2022-devolved-tax-and-spending-forecasts/,2022-11-16,exact,obr.studentloans__2022-23
obr_f7b9352464,corpus,OBR,efo,other,November 2022 Economic and fiscal outlook – income tax and National Insurance contributions,https://obr.uk/download/november-2022-economic-and-fiscal-outlook-income-tax-and-national-insurance-contributions/,2022-11-16,exact,obr.studentloans__2022-23
obr_9c2ca0da43,corpus,OBR,psf_commentary,in_period_commentary,Commentary on the public sector finances – October 2022,https://obr.uk/download/commentary-on-the-public-sector-finances-october-2022/,2022-11-30,month_only,obr.studentloans__2022-23
obr_ba6bb1c13e,corpus,OBR,psf_commentary,in_period_commentary,Commentary on the public sector finances – November 2022,https://obr.uk/download/commentary-on-the-public-sector-finances-november-2022/,2022-12-31,month_only,obr.studentloans__2022-23
obr_e9bc2e9a44,corpus,OBR,psf_commentary,in_period_commentary,Commentary on the public sector finances – December 2022,https://obr.uk/download/commentary-on-the-public-sector-finances-december-2022/,2023-01-31,month_only,obr.studentloans__2022-23
obr_422c483c1e,corpus,OBR,psf_commentary,in_period_commentary,Commentary on the public sector finances – January 2023,https://obr.uk/download/commentary-on-the-public-sector-finances-january-2023/,2023-02-28,month_only,obr.studentloans__2022-23
obr_0e60f97e11,corpus,OBR,efo,other,March 2023 Devolved tax and spending forecasts,https://obr.uk/download/march-2023-devolved-tax-and-spending-forecasts/,2023-03-15,exact,obr.studentloans__2022-23
obr_213c70cc78,corpus,OBR,efo,other,March 2023  Economic and fiscal outlook – speaking notes,https://obr.uk/download/march-2023-economic-and-fiscal-outlook-speaking-notes/,2023-03-15,exact,obr.studentloans__2022-23
obr_5e9980b881,corpus,OBR,efo,forecast_narrative,Economic and fiscal outlook – March 2023,https://obr.uk/download/economic-and-fiscal-outlook-march-2023/,2023-03-15,exact,obr.studentloans__2022-23
obr_6fb3fae558,corpus,OBR,efo,other,Major balance sheet interventions,https://obr.uk/download/annex-c-major-balance-sheet-interventions/,2023-03-15,exact,obr.studentloans__2022-23
obr_7ce1f6bcc2,corpus,OBR,efo,other,March 2023 Economic and fiscal outlook – wholesale electricity prices,https://obr.uk/download/march-2023-economic-and-fiscal-outlook-wholesale-electricity-prices/,2023-03-15,exact,obr.studentloans__2022-23
obr_7fc02655c7,corpus,OBR,efo,other,March 2023 Economic and fiscal outlook – presentation slides,https://obr.uk/download/march-2023-economic-and-fiscal-outlook-presentation-slides/,2023-03-15,exact,obr.studentloans__2022-23
obr_81d779a514,corpus,OBR,efo,other,"Log of substantive contact between the OBR and Treasury Ministers, Special Advisers and their private office staff between 17 November 2022 and 14 March 2023.",https://obr.uk/download/log-of-substantive-contact-between-the-obr-and-treasury-ministers-special-advisers-and-their-private-office-staff-between-17-november-2022-and-14-march-2023/,2023-03-15,exact,obr.studentloans__2022-23
obr_9d79fd5288,corpus,OBR,efo,other,March 2023 Economic and fiscal outlook – CPI inflation categories,https://obr.uk/download/march-2023-economic-and-fiscal-outlook-cpi-inflation-categories/,2023-03-15,exact,obr.studentloans__2022-23
obr_c4d07da0d5,corpus,OBR,psf_commentary,in_period_commentary,Commentary on the public sector finances – February 2023,https://obr.uk/download/commentary-on-the-public-sector-finances-february-2023/,2023-03-31,month_only,obr.studentloans__2022-23
obr_b3510d4f27,corpus,OBR,psf_commentary,in_period_commentary,Commentary on the public sector finances – March 2023,https://obr.uk/download/commentary-on-the-public-sector-finances-march-2023/,2023-04-30,month_only,obr.studentloans__2022-23
obr_0ecb0a4704,corpus,OBR,psf_commentary,in_period_commentary,Commentary on the public sector finances – April 2023,https://obr.uk/download/commentary-on-the-public-sector-finances-april-2023/,2023-05-31,month_only,obr.studentloans__2022-23
obr_b001c97076,corpus,OBR,psf_commentary,in_period_commentary,Commentary on the public sector finances – May 2023,https://obr.uk/download/commentary-on-the-public-sector-finances-may-2023/,2023-06-30,month_only,obr.studentloans__2022-23
obr_0151f06dfc,corpus,OBR,psf_commentary,in_period_commentary,Commentary on the public sector finances – June 2023,https://obr.uk/download/commentary-on-the-public-sector-finances-june-2023/,2023-07-31,month_only,obr.studentloans__2022-23
obr_16f011276e,corpus,OBR,psf_commentary,in_period_commentary,Commentary on the public sector finances – July 2023,https://obr.uk/download/commentary-on-the-public-sector-finances-july-2023/,2023-08-31,month_only,obr.studentloans__2022-23
obr_79ea6285ed,corpus,OBR,psf_commentary,in_period_commentary,Commentary on the public sector finances – August 2023,https://obr.uk/download/commentary-on-the-public-sector-finances-august-2023/,2023-09-30,month_only,obr.studentloans__2022-23
obr_71a4cd5454,corpus,OBR,psf_commentary,in_period_commentary,Commentary on the public sector finances – September 2023,https://obr.uk/download/commentary-on-the-public-sector-finances-september-2023/,2023-10-31,month_only,obr.studentloans__2022-23
obr_0daf80287c,corpus,OBR,efo,other,November 2023 Economic and fiscal outlook – National Living Wage,https://obr.uk/download/november-2023-economic-and-fiscal-outlook-national-living-wage/,2023-11-22,exact,obr.studentloans__2022-23
obr_17e8f6aa2a,corpus,OBR,efo,other,November 2023 Economic and fiscal outlook – additional taxpayers by tax rate band,https://obr.uk/download/november-2023-economic-and-fiscal-outlook-additional-taxpayers-by-tax-rate-band/,2023-11-22,exact,obr.studentloans__2022-23
obr_23f1c5fbf1,corpus,OBR,efo,other,November 2023  Economic and fiscal outlook – presentation slides,https://obr.uk/download/november-2023-economic-and-fiscal-outlook-presentation-slides/,2023-11-22,exact,obr.studentloans__2022-23
obr_26e91917c6,corpus,OBR,efo,other,November 2023 Economic and fiscal outlook - WCA reform,https://obr.uk/download/november-2023-economic-and-fiscal-outlook-wca-reform/,2023-11-22,exact,obr.studentloans__2022-23
obr_2e053811a6,corpus,OBR,efo,other,November 2023  Economic and fiscal outlook – speaking notes,https://obr.uk/download/march-2023-economic-and-fiscal-outlook-speaking-notes-2/,2023-11-22,exact,obr.studentloans__2022-23
obr_30b248eea2,corpus,OBR,efo,other,November 2023 Devolved tax and spending forecasts,https://obr.uk/download/november-2023-devolved-tax-and-spending-forecasts/,2023-11-22,exact,obr.studentloans__2022-23
obr_32758c643a,corpus,OBR,efo,other,November 2023 Economic and fiscal outlook – electricity price forecast,https://obr.uk/download/november-2023-economic-and-fiscal-outlook-electricity-price-forecast/,2023-11-22,exact,obr.studentloans__2022-23
obr_af281b4b8b,corpus,OBR,efo,other,The economic effects of full expensing,https://obr.uk/download/the-economic-effects-of-full-expensing/,2023-11-22,exact,obr.studentloans__2022-23
obr_b2d8a37f0c,corpus,OBR,efo,other,"Log of substantive contact between the Office for Budget Responsibility and Treasury Ministers and their Special Advisers and private office staff, between 13 July 2023 and 21 November 2023",https://obr.uk/download/log-of-substantive-contact-between-the-office-for-budget-responsibility-and-treasury-ministers-and-their-special-advisers-and-private-office-staff-between-13-july-2023-and-21-november-2023/,2023-11-22,exact,obr.studentloans__2022-23
obr_c4fcf6014a,corpus,OBR,efo,other,November 2023  Economic and fiscal outlook – 5 things video transcription,https://obr.uk/download/november-2023-economic-and-fiscal-outlook-5-things-video-transcription/,2023-11-22,exact,obr.studentloans__2022-23
obr_db94902c39,corpus,OBR,efo,other,The labour supply effects of the Autumn 2023 National Insurance Contributions cut,https://obr.uk/download/the-labour-supply-effects-of-the-autumn-2023-national-insurance-contributions-cut/,2023-11-22,exact,obr.studentloans__2022-23
obr_e5a36b985f,corpus,OBR,efo,other,November 2023 Economic and fiscal outlook - Deposit rate forecast,https://obr.uk/download/november-2023-economic-and-fiscal-outlook-deposit-rate-forecast/,2023-11-22,exact,obr.studentloans__2022-23
obr_ea891ae18b,corpus,OBR,efo,forecast_narrative,Economic and fiscal outlook – November 2023,https://obr.uk/download/economic-and-fiscal-outlook-november-2023/,2023-11-22,exact,obr.studentloans__2022-23
obr_913193d785,post_hoc,OBR,fer,post_hoc_evaluation,Forecast evaluation report - December 2021,https://obr.uk/download/forecast-evaluation-report-december-2021/,2021-12-09,exact,obr.apd__2020-21;obr.fuel__2020-21
obr_928bd20e8e,post_hoc,OBR,fer,post_hoc_evaluation,Forecast evaluation report – October 2023,https://obr.uk/download/forecast-evaluation-report-october-2023/,2023-10-19,exact,obr.studentloans__2022-23
