doc_id,source,collection,doc_type,role,title,url,publication_date,date_certainty,trajectories,vintage_id,path,how,sha256,last_modified,available_from,possibly_revised,file_type,extraction_status,n_passages,n_pages,chars_per_page,empty_pages
cbo_7ddb1b1774,CBO,cbo_beo,forecast_narrative,corpus,Budget and Economic Outlook and Updates (Feb 2013),https://www.cbo.gov/publication/43907,2013-02-05,exact,cbo.outlay.other_mandatory__2023;cbo.revenue.miscellaneous_receipts__2023,cbo_2013-02,raw/documents/cbo/pilot/cbo_beo/43907-BudgetOutlook.pdf,PDF https://www.cbo.gov/sites/default/files/113th-congress-2013-2014/reports/43907-BudgetOutlook.pdf,e64be9f66c8e584955077a10bd0fe60ca7ec8a5387899d1e47d8e8d498fda066,2025-04-29,2013-02-05,True,pdf,ok,889,77,3303,3
cbo_61ec851505,CBO,cbo_mbr,in_period_commentary,corpus,Monthly Budget Review (Feb 2013),https://www.cbo.gov/publication/43915,2013-02-07,exact,cbo.outlay.other_mandatory__2023;cbo.revenue.miscellaneous_receipts__2023,,raw/documents/cbo/pilot/cbo_mbr/43915-mbr201301.pdf,PDF https://www.cbo.gov/sites/default/files/113th-congress-2013-2014/reports/43915-mbr201301.pdf,1b7527dd954cef1057ae795e3271ed2b84265d77699ab69f2fa3f8d74a4b2d09,2025-04-29,2013-02-07,True,pdf,ok,18,2,4324,0
cbo_d5100f0340,CBO,cbo_mbr,in_period_commentary,corpus,Monthly Budget Review (Mar 2013),https://www.cbo.gov/publication/43975,2013-03-07,exact,cbo.outlay.other_mandatory__2023;cbo.revenue.miscellaneous_receipts__2023,,raw/documents/cbo/pilot/cbo_mbr/43975_MBR.pdf,PDF https://www.cbo.gov/sites/default/files/113th-congress-2013-2014/reports/43975_MBR.pdf,a3b39adde4886d4555c654d41c7a471f56d2538a6caae294140b569e6cfbfd15,2022-07-04,2013-03-07,True,pdf,ok,21,2,4080,0
cbo_ebb092bf76,CBO,cbo_mbr,in_period_commentary,corpus,Monthly Budget Review (Apr 2013),https://www.cbo.gov/publication/44061,2013-04-05,exact,cbo.outlay.other_mandatory__2023;cbo.revenue.miscellaneous_receipts__2023,,raw/documents/cbo/pilot/cbo_mbr/44061-MBR.pdf,PDF https://www.cbo.gov/sites/default/files/113th-congress-2013-2014/reports/44061-MBR.pdf,64f2a5c7db56ed46c05cc6fb9ac2ec3fc8bc05ae1f91c3acf89740f30dda2e51,2022-07-04,2013-04-05,True,pdf,ok,17,2,4460,0
cbo_25f9fee626,CBO,cbo_mbr,in_period_commentary,corpus,Monthly Budget Review (May 2013),https://www.cbo.gov/publication/44144,2013-05-07,exact,cbo.outlay.other_mandatory__2023;cbo.revenue.miscellaneous_receipts__2023,,raw/documents/cbo/pilot/cbo_mbr/44144-MBR.pdf,PDF https://www.cbo.gov/sites/default/files/113th-congress-2013-2014/reports/44144-MBR.pdf,22fbcf3dd52509f07b890289de154b44265e692157fa0fad9f3198b7cc8d4d94,2022-07-04,2013-05-07,True,pdf,ok,52,4,2658,0
cbo_ad7a886ed0,CBO,cbo_beo,forecast_narrative,corpus,Budget and Economic Outlook and Updates (May 2013),https://www.cbo.gov/publication/44172,2013-05-14,exact,cbo.outlay.other_mandatory__2023;cbo.revenue.miscellaneous_receipts__2023,cbo_2013-05,raw/documents/cbo/pilot/cbo_beo/44172-Baseline-OneColumn.pdf,PDF https://www.cbo.gov/sites/default/files/113th-congress-2013-2014/reports/44172-Baseline-OneColumn.pdf,07be3d49443cbd0e55ad368b063759bc2f604597d84b862b92e6e42cf2800c90,2022-07-04,2013-05-14,True,pdf,ok,200,22,2690,0
cbo_b5d46b8a72,CBO,cbo_apb,forecast_narrative,corpus,Analysis of the President's Budget (May 2013),https://www.cbo.gov/publication/44173,2013-05-17,exact,cbo.outlay.other_mandatory__2023;cbo.revenue.miscellaneous_receipts__2023,,raw/documents/cbo/pilot/cbo_apb/44173-apb0.pdf,PDF https://www.cbo.gov/sites/default/files/113th-congress-2013-2014/reports/44173-apb0.pdf,a83d0abdebfaabeece67cbb25c064057b934c7d7f8368a7e495723192de62a32,2025-04-29,2013-05-17,True,pdf,ok,211,21,2963,1
cbo_90afd1ad59,CBO,cbo_mbr,in_period_commentary,corpus,Monthly Budget Review (Jun 2013),https://www.cbo.gov/publication/44320,2013-06-07,exact,cbo.outlay.other_mandatory__2023;cbo.revenue.miscellaneous_receipts__2023,,raw/documents/cbo/pilot/cbo_mbr/44320-MBR3.pdf,PDF https://www.cbo.gov/sites/default/files/113th-congress-2013-2014/reports/44320-MBR3.pdf,8062d3116adc7bd5ac873c7833bec8b9bb36405fc236a07b790e2923ce560fc0,2022-07-04,2013-06-07,True,pdf,ok,35,4,2267,0
cbo_e78e83928c,CBO,cbo_mbr,in_period_commentary,corpus,Monthly Budget Review (Jul 2013),https://www.cbo.gov/publication/44400,2013-07-09,exact,cbo.outlay.other_mandatory__2023;cbo.revenue.miscellaneous_receipts__2023,,raw/documents/cbo/pilot/cbo_mbr/44400-June2013MBR.pdf,PDF https://www.cbo.gov/sites/default/files/113th-congress-2013-2014/reports/44400-June2013MBR.pdf,885c8f4523c37eb7b29df19ca24b9c0ca790bc9733bdc1235d94be396771ce09,2025-04-29,2013-07-09,True,pdf,ok,41,4,2545,0
cbo_63384310c3,CBO,cbo_mbr,in_period_commentary,corpus,Monthly Budget Review (Aug 2013),https://www.cbo.gov/publication/44495,2013-08-07,exact,cbo.outlay.other_mandatory__2023;cbo.revenue.miscellaneous_receipts__2023,,raw/documents/cbo/pilot/cbo_mbr/44495-MBR.pdf,PDF https://www.cbo.gov/sites/default/files/113th-congress-2013-2014/reports/44495-MBR.pdf,c33e99fe3ab6d4dc3bb1c555fff00872bf0db9dafb87e178e72e82b725c9c6e8,2025-04-29,2013-08-07,True,pdf,ok,42,4,2454,0
cbo_39354a6ea2,CBO,cbo_mbr,in_period_commentary,corpus,Monthly Budget Review (Sep 2013),https://www.cbo.gov/publication/44552,2013-09-09,exact,cbo.outlay.other_mandatory__2023;cbo.revenue.miscellaneous_receipts__2023,,raw/documents/cbo/pilot/cbo_mbr/44552-MBR_2013_08.pdf,PDF https://www.cbo.gov/system/files/2018-10/44552-MBR_2013_08.pdf,dee9b86a969ccfa2a494c5fe53b7427c710961f100030111b7ea6409863b854b,2025-05-09,2013-09-09,True,pdf,ok,46,4,2536,0
cbo_25c424bcb8,CBO,cbo_mbr,in_period_commentary,corpus,Monthly Budget Review (Nov 2013),https://www.cbo.gov/publication/44716,2013-11-07,exact,cbo.outlay.other_mandatory__2023;cbo.revenue.miscellaneous_receipts__2023,,raw/documents/cbo/pilot/cbo_mbr/44716-MBR_FY2013.pdf,PDF https://www.cbo.gov/system/files/2018-09/44716-MBR_FY2013.pdf,5b054cc604e9ff300b5b65c163a16f144b276fa224ae0449aada893b4c7c415a,2022-07-04,2013-11-07,True,pdf,ok,26,4,2269,0
cbo_7b3cc469a6,CBO,cbo_mbr,in_period_commentary,corpus,Monthly Budget Review (Dec 2013),https://www.cbo.gov/publication/44938,2013-12-06,exact,cbo.outlay.other_mandatory__2023;cbo.revenue.miscellaneous_receipts__2023,,raw/documents/cbo/pilot/cbo_mbr/44938-MBR.pdf,PDF https://www.cbo.gov/sites/default/files/113th-congress-2013-2014/reports/44938-MBR.pdf,123b90246b393b4e847d33f0085adc062c42e848015b710371635b31a2d6c3c9,2022-07-04,2013-12-06,True,pdf,ok,30,4,1983,0
cbo_a48d23bf57,CBO,cbo_mbr,in_period_commentary,corpus,Monthly Budget Review (Jan 2014),https://www.cbo.gov/publication/44999,2014-01-08,exact,cbo.outlay.other_mandatory__2023;cbo.revenue.miscellaneous_receipts__2023,,raw/documents/cbo/pilot/cbo_mbr/44999-MBR.pdf,PDF https://www.cbo.gov/sites/default/files/113th-congress-2013-2014/reports/44999-MBR.pdf,24d4c33fe640e3e3f4f19b5f188811591867239de7a8d58eece48e701a0ec9c1,2022-07-04,2014-01-08,True,pdf,ok,33,4,2264,0
cbo_5ed147fb5a,CBO,cbo_beo,forecast_narrative,corpus,Budget and Economic Outlook and Updates (Feb 2014),https://www.cbo.gov/publication/45010,2014-02-04,exact,cbo.outlay.other_mandatory__2023;cbo.revenue.miscellaneous_receipts__2023,cbo_2014-02,raw/documents/cbo/pilot/cbo_beo/45010-outlook2014feb0.pdf,PDF https://www.cbo.gov/sites/default/files/113th-congress-2013-2014/reports/45010-outlook2014feb0.pdf,787a902f978f3a51b1eab37db06edea3861b9e2624c9f78c449c4515a3fb6d82,2025-04-29,2014-02-04,True,pdf,ok,1887,182,3303,10
cbo_f56e10febf,CBO,cbo_mbr,in_period_commentary,corpus,Monthly Budget Review (Feb 2014),https://www.cbo.gov/publication/45091,2014-02-07,exact,cbo.outlay.other_mandatory__2023;cbo.revenue.miscellaneous_receipts__2023,,raw/documents/cbo/pilot/cbo_mbr/45091-MBR.pdf,PDF https://www.cbo.gov/sites/default/files/113th-congress-2013-2014/reports/45091-MBR.pdf,2e4bd2483c1daacd3a05aeab3987ae013980dff01beecfdb946e7d1d4e053eea,2022-07-04,2014-02-07,True,pdf,ok,37,4,2815,0
cbo_f3b02fce80,CBO,cbo_mbr,in_period_commentary,corpus,Monthly Budget Review (Mar 2014),https://www.cbo.gov/publication/45174,2014-03-10,exact,cbo.outlay.other_mandatory__2023;cbo.revenue.miscellaneous_receipts__2023,,raw/documents/cbo/pilot/cbo_mbr/45174-MBR.pdf,PDF https://www.cbo.gov/sites/default/files/113th-congress-2013-2014/reports/45174-MBR.pdf,f2af1b28c630d7f55097e047bfb77f38dfb2fb985d1df46ddd1cd41c489324ff,2022-07-04,2014-03-10,True,pdf,ok,38,4,2626,0
cbo_55d893e151,CBO,cbo_mbr,in_period_commentary,corpus,Monthly Budget Review (Apr 2014),https://www.cbo.gov/publication/45237,2014-04-07,exact,cbo.outlay.other_mandatory__2023;cbo.revenue.miscellaneous_receipts__2023,,raw/documents/cbo/pilot/cbo_mbr/45237-mbr.pdf,PDF https://www.cbo.gov/sites/default/files/113th-congress-2013-2014/reports/45237-mbr.pdf,c38466237f7b1776f602ef50a7393243d745f07178b7c0e7a1cf9df55bd2f05b,2022-07-04,2014-04-07,True,pdf,ok,39,4,2660,0
cbo_d11a0da2b3,CBO,cbo_beo,forecast_narrative,corpus,Budget and Economic Outlook and Updates (Apr 2014),https://www.cbo.gov/publication/45229,2014-04-14,exact,cbo.outlay.other_mandatory__2023;cbo.revenue.miscellaneous_receipts__2023,cbo_2014-04,raw/documents/cbo/pilot/cbo_beo/45229-UpdatedBudgetProjections_OneColumn.pdf,PDF https://www.cbo.gov/sites/default/files/113th-congress-2013-2014/reports/45229-UpdatedBudgetProjections_OneColumn.pdf,ec560b106a5d6e7a8e01417f4e3eca4379bcec148a3f095b10d73fd1aaef356c,2025-04-29,2014-04-14,True,pdf,ok,181,21,2619,0
cbo_07d6acaaec,CBO,cbo_apb,forecast_narrative,corpus,Analysis of the President's Budget (Apr 2014),https://www.cbo.gov/publication/45230,2014-04-17,exact,cbo.outlay.other_mandatory__2023;cbo.revenue.miscellaneous_receipts__2023,,raw/documents/cbo/pilot/cbo_apb/45230-APB_OneColumn.pdf,PDF https://www.cbo.gov/sites/default/files/113th-congress-2013-2014/reports/45230-APB_OneColumn.pdf,0d80978fdeee218025f0f7da27fe73d40239cd1b19de8f367dddac13ecede339,2022-07-04,2014-04-17,True,pdf,ok,237,27,2607,0
cbo_dbf661ca19,CBO,cbo_mbr,in_period_commentary,corpus,Monthly Budget Review (May 2014),https://www.cbo.gov/publication/45334,2014-05-07,exact,cbo.outlay.other_mandatory__2023;cbo.revenue.miscellaneous_receipts__2023,,raw/documents/cbo/pilot/cbo_mbr/45334-201404-mbr.pdf,PDF https://www.cbo.gov/sites/default/files/113th-congress-2013-2014/reports/45334-201404-mbr.pdf,40d96706911579a93fdf2b0b33a2eabd1426321f50d376df782b7a954b7b7fab,2022-07-04,2014-05-07,True,pdf,ok,38,5,2215,0
cbo_931a3f7865,CBO,cbo_mbr,in_period_commentary,corpus,Monthly Budget Review (Jun 2014),https://www.cbo.gov/publication/45426,2014-06-06,exact,cbo.outlay.other_mandatory__2023;cbo.revenue.miscellaneous_receipts__2023,,raw/documents/cbo/pilot/cbo_mbr/45426-MBR.pdf,PDF https://www.cbo.gov/sites/default/files/113th-congress-2013-2014/reports/45426-MBR.pdf,da5b7550bdbfdeaa29c58afe01b35af91477091453f11d1c7ce35b9f43965c71,2025-04-29,2014-06-06,True,pdf,ok,36,5,2100,0
cbo_004010a628,CBO,cbo_mbr,in_period_commentary,corpus,Monthly Budget Review (Jul 2014),https://www.cbo.gov/publication/45504,2014-07-08,exact,cbo.outlay.other_mandatory__2023;cbo.revenue.miscellaneous_receipts__2023,,raw/documents/cbo/pilot/cbo_mbr/45504-MBR.pdf,PDF https://www.cbo.gov/sites/default/files/113th-congress-2013-2014/reports/45504-MBR.pdf,5bc6f379d4a35d1c8d2416c7315041d9f0403d8ba97357cf9fa0e8e401215279,2022-07-04,2014-07-08,True,pdf,ok,37,5,2396,0
cbo_5872dc6348,CBO,cbo_apb,forecast_narrative,corpus,Analysis of the President's Budget (Jul 2014),https://www.cbo.gov/publication/45540,2014-07-22,exact,cbo.outlay.other_mandatory__2023;cbo.revenue.miscellaneous_receipts__2023,,raw/documents/cbo/pilot/cbo_apb/45540-Economic_APB.pdf,PDF https://www.cbo.gov/sites/default/files/113th-congress-2013-2014/reports/45540-Economic_APB.pdf,5f22e12ad197c0fc704c49d74373edb11036d8c3b19b4b1d0db8f064ba7ad5ef,2025-04-29,2014-07-22,True,pdf,ok,170,19,3391,0
cbo_1d23aa02ff,CBO,cbo_mbr,in_period_commentary,corpus,Monthly Budget Review (Aug 2014),https://www.cbo.gov/publication/45629,2014-08-07,exact,cbo.outlay.other_mandatory__2023;cbo.revenue.miscellaneous_receipts__2023,,raw/documents/cbo/pilot/cbo_mbr/45629-MBR.pdf,PDF https://www.cbo.gov/sites/default/files/113th-congress-2013-2014/reports/45629-MBR.pdf,b8c7a04575bea02ec288b47e5c3236b8c3b96fe1380ac7db0cd2515dd4d7618b,2025-04-29,2014-08-07,True,pdf,ok,35,4,2550,0
cbo_650247df4d,CBO,cbo_beo,forecast_narrative,corpus,Budget and Economic Outlook and Updates (Aug 2014),https://www.cbo.gov/publication/45653,2014-08-27,exact,cbo.outlay.other_mandatory__2023;cbo.revenue.miscellaneous_receipts__2023,cbo_2014-08,raw/documents/cbo/pilot/cbo_beo/45653-outlookupdate2014aug.pdf,PDF https://www.cbo.gov/sites/default/files/113th-congress-2013-2014/reports/45653-outlookupdate2014aug.pdf,a4f369315bf81d658e29575175a247c03e542f6362f07f63ff085bef0af02cd8,2022-07-04,2014-08-27,True,pdf,ok,879,81,2992,6
cbo_887f8e542f,CBO,cbo_mbr,in_period_commentary,corpus,Monthly Budget Review (Sep 2014),https://www.cbo.gov/publication/45694,2014-09-08,exact,cbo.outlay.other_mandatory__2023;cbo.revenue.miscellaneous_receipts__2023,,raw/documents/cbo/pilot/cbo_mbr/45694-mbr0.pdf,PDF https://www.cbo.gov/sites/default/files/113th-congress-2013-2014/reports/45694-mbr0.pdf,de7d573b0bd9806b3789fca82245ee6721ba7ea51897c1d55fdb8e7fb8fe96ec,2025-04-29,2014-09-08,True,pdf,ok,36,4,2743,0
cbo_a4a09fbd35,CBO,cbo_mbr,in_period_commentary,corpus,Monthly Budget Review (Oct 2014),https://www.cbo.gov/publication/49450,2014-10-08,exact,cbo.outlay.other_mandatory__2023;cbo.revenue.miscellaneous_receipts__2023,,raw/documents/cbo/pilot/cbo_mbr/49450-MBR.pdf,PDF https://www.cbo.gov/sites/default/files/113th-congress-2013-2014/reports/49450-MBR.pdf,f8d9e91d3af785e84351656e5dc594ed71eea6335116c1233c455ade773c55fb,2022-07-04,2014-10-08,True,pdf,ok,40,5,2695,0
cbo_b4c80c6403,CBO,cbo_mbr,in_period_commentary,corpus,Monthly Budget Review (Nov 2014),https://www.cbo.gov/publication/49759,2014-11-10,exact,cbo.outlay.other_mandatory__2023;cbo.revenue.miscellaneous_receipts__2023,,raw/documents/cbo/pilot/cbo_mbr/49759-MBR.pdf,PDF https://www.cbo.gov/sites/default/files/113th-congress-2013-2014/reports/49759-MBR.pdf,504d907b02dc55f704db623427efd693285a90acd3a2bf532bb7efaafc7c8f4c,2025-04-29,2014-11-10,True,pdf,ok,41,4,2750,0
cbo_6adfd46832,CBO,cbo_mbr,in_period_commentary,corpus,Monthly Budget Review (Dec 2014),https://www.cbo.gov/publication/49806,2014-12-05,exact,cbo.outlay.other_mandatory__2023;cbo.revenue.miscellaneous_receipts__2023,,raw/documents/cbo/pilot/cbo_mbr/49806-MBR-November.pdf,PDF https://www.cbo.gov/sites/default/files/113th-congress-2013-2014/reports/49806-MBR-November.pdf,e1b3eca9e90ad0821b35201fafaa45ad5b4f107b7c946c4fd7f0d4a734cbb3d0,2025-04-29,2014-12-05,True,pdf,ok,37,4,2126,0
cbo_e5dcda3187,CBO,cbo_mbr,in_period_commentary,corpus,Monthly Budget Review (Jan 2015),https://www.cbo.gov/publication/49867,2015-01-08,exact,cbo.outlay.other_mandatory__2023;cbo.revenue.miscellaneous_receipts__2023,,raw/documents/cbo/pilot/cbo_mbr/49867-mbr.pdf,PDF https://www.cbo.gov/sites/default/files/114th-congress-2015-2016/reports/49867-mbr.pdf,7adcbb5b15bbf58774f84da16e5fbc1f209018953f926425bcd633dd3aa607c0,2022-07-04,2015-01-08,True,pdf,ok,33,4,2270,0
cbo_a0d7d4564e,CBO,cbo_beo,forecast_narrative,corpus,Budget and Economic Outlook and Updates (Jan 2015),https://www.cbo.gov/publication/49892,2015-01-26,exact,cbo.revenue.customs_duties__2025;cbo.outlay.other_mandatory__2023;cbo.revenue.miscellaneous_receipts__2023,cbo_2015-01,raw/documents/cbo/pilot/cbo_beo/49892-Outlook2015.pdf,PDF https://www.cbo.gov/sites/default/files/114th-congress-2015-2016/reports/49892-Outlook2015.pdf,a6ca72d702cc3122003477f5d536dacca29b2ea4358ff328a095a10764d34db0,2025-04-29,2015-01-26,True,pdf,ok,1922,184,3305,10
cbo_f4a825b7e6,CBO,cbo_mbr,in_period_commentary,corpus,Monthly Budget Review (Feb 2015),https://www.cbo.gov/publication/49924,2015-02-06,exact,cbo.revenue.customs_duties__2025;cbo.outlay.other_mandatory__2023;cbo.revenue.miscellaneous_receipts__2023,,raw/documents/cbo/pilot/cbo_mbr/49924-MBR-1.pdf,PDF https://www.cbo.gov/sites/default/files/114th-congress-2015-2016/reports/49924-MBR-1.pdf,976eabca8bb543efcb04d0640a59a5a715cbc375331ca4220528e3d677314d3b,2022-07-04,2015-02-06,True,pdf,ok,35,4,2729,0
cbo_3b1f04fbf5,CBO,cbo_beo,forecast_narrative,corpus,Budget and Economic Outlook and Updates (Mar 2015),https://www.cbo.gov/publication/49973,2015-03-09,exact,cbo.revenue.customs_duties__2025;cbo.outlay.other_mandatory__2023;cbo.revenue.miscellaneous_receipts__2023,cbo_2015-03,raw/documents/cbo/pilot/cbo_beo/49973-UpdatedBudgetProjections.pdf,PDF https://www.cbo.gov/system/files/2018-10/49973-UpdatedBudgetProjections.pdf,1612c3972e1064a0cc0b7b41d7f808e247d781841c8afddebf9b8af49f046fd8,2022-07-04,2015-03-09,True,pdf,ok,257,25,3120,1
cbo_5e6703b94f,CBO,cbo_mbr,in_period_commentary,corpus,Monthly Budget Review (Mar 2015),https://www.cbo.gov/publication/50000,2015-03-09,exact,cbo.revenue.customs_duties__2025;cbo.outlay.other_mandatory__2023;cbo.revenue.miscellaneous_receipts__2023,,raw/documents/cbo/pilot/cbo_mbr/50000-MBR.pdf,PDF https://www.cbo.gov/sites/default/files/114th-congress-2015-2016/reports/50000-MBR.pdf,d1d68850d1b94cf7af3dace414c8a9cbb4e68f8a165c0312c5b274b5881e7d3f,2025-04-29,2015-03-09,True,pdf,ok,35,5,2290,0
cbo_6a39d7aa13,CBO,cbo_apb,forecast_narrative,corpus,Analysis of the President's Budget (Mar 2015),https://www.cbo.gov/publication/49979,2015-03-12,exact,cbo.revenue.customs_duties__2025;cbo.outlay.other_mandatory__2023;cbo.revenue.miscellaneous_receipts__2023,,raw/documents/cbo/pilot/cbo_apb/49979-analysisofpresidentsbudget-2.pdf,PDF https://www.cbo.gov/sites/default/files/114th-congress-2015-2016/reports/49979-analysisofpresidentsbudget-2.pdf,385ffd4333d1db3bb5b8d51badc9d136ef0712ea92d2caa63a115571222e8873,2025-04-29,2015-03-12,True,pdf,ok,250,22,3019,1
cbo_b2b0783046,CBO,cbo_mbr,in_period_commentary,corpus,Monthly Budget Review (Apr 2015),https://www.cbo.gov/publication/50095,2015-04-08,exact,cbo.revenue.customs_duties__2025;cbo.outlay.other_mandatory__2023;cbo.revenue.miscellaneous_receipts__2023,,raw/documents/cbo/pilot/cbo_mbr/50095-MBR.pdf,PDF https://www.cbo.gov/sites/default/files/114th-congress-2015-2016/reports/50095-MBR.pdf,1a4e2308213c974604302f2b97c9422387a88c0b30149e13c45c08dddb334175,2025-04-29,2015-04-08,True,pdf,ok,32,4,2578,0
cbo_959375ca38,CBO,cbo_mbr,in_period_commentary,corpus,Monthly Budget Review (May 2015),https://www.cbo.gov/publication/50151,2015-05-07,exact,cbo.revenue.customs_duties__2025;cbo.outlay.other_mandatory__2023;cbo.revenue.miscellaneous_receipts__2023,,raw/documents/cbo/pilot/cbo_mbr/50151-MBR.pdf,PDF https://www.cbo.gov/sites/default/files/114th-congress-2015-2016/reports/50151-MBR.pdf,37b04bac5331b8eae6f98c14cc98623592e62ce1ec4e1c0a96ba48e99138930a,2022-07-04,2015-05-07,True,pdf,ok,32,4,2552,0
cbo_30f5e6c838,CBO,cbo_mbr,in_period_commentary,corpus,Monthly Budget Review (Jun 2015),https://www.cbo.gov/publication/50272,2015-06-05,exact,cbo.revenue.customs_duties__2025;cbo.outlay.other_mandatory__2023;cbo.revenue.miscellaneous_receipts__2023,,raw/documents/cbo/pilot/cbo_mbr/50272-MBR_1.pdf,PDF https://www.cbo.gov/sites/default/files/114th-congress-2015-2016/reports/50272-MBR_1.pdf,a4b25c5c2168c1f697d5b01ddcd8534b1ae8a0514aff2cef47e18e2e207ec160,2025-04-29,2015-06-05,True,pdf,ok,39,4,2714,0
cbo_dcc4231bdb,CBO,cbo_mbr,in_period_commentary,corpus,Monthly Budget Review (Jul 2015),https://www.cbo.gov/publication/50362,2015-07-08,exact,cbo.revenue.customs_duties__2025;cbo.outlay.other_mandatory__2023;cbo.revenue.miscellaneous_receipts__2023,,raw/documents/cbo/pilot/cbo_mbr/50362-MBR_1.pdf,PDF https://www.cbo.gov/sites/default/files/114th-congress-2015-2016/reports/50362-MBR_1.pdf,70a0f8b7a28197ec6c1f0a9407a1486a72fba4012fddbc9600d479cc1818bb12,2022-07-04,2015-07-08,True,pdf,ok,35,4,2821,0
cbo_8c857d1d0c,CBO,cbo_mbr,in_period_commentary,corpus,Monthly Budget Review (Aug 2015),https://www.cbo.gov/publication/50720,2015-08-07,exact,cbo.revenue.customs_duties__2025;cbo.outlay.other_mandatory__2023;cbo.revenue.miscellaneous_receipts__2023,,raw/documents/cbo/pilot/cbo_mbr/50720-mbr-2.pdf,PDF https://www.cbo.gov/sites/default/files/114th-congress-2015-2016/reports/50720-mbr-2.pdf,de40f3db712c5a7eeddd07a5bab3ebee0935b01bedfdf7621114a86189c3d691,2025-04-29,2015-08-07,True,pdf,ok,38,4,2922,0
cbo_a50ea12916,CBO,cbo_apb,forecast_narrative,corpus,Analysis of the President's Budget (Aug 2015),https://www.cbo.gov/publication/50734,2015-08-21,exact,cbo.revenue.customs_duties__2025;cbo.outlay.other_mandatory__2023;cbo.revenue.miscellaneous_receipts__2023,,raw/documents/cbo/pilot/cbo_apb/50734-APB.pdf,PDF https://www.cbo.gov/sites/default/files/114th-congress-2015-2016/reports/50734-APB.pdf,9eac4a5e46550fd73aaefc7b169c42627d047b4f4092ee6d16b61e8706ce7229,2022-07-04,2015-08-21,True,pdf,ok,215,24,3251,2
cbo_216d2ee23d,CBO,cbo_beo,forecast_narrative,corpus,Budget and Economic Outlook and Updates (Aug 2015),https://www.cbo.gov/publication/50724,2015-08-25,exact,cbo.revenue.customs_duties__2025;cbo.outlay.other_mandatory__2023;cbo.revenue.miscellaneous_receipts__2023,cbo_2015-08,raw/documents/cbo/pilot/cbo_beo/50724-Update-OneColumn_0.pdf,PDF https://www.cbo.gov/sites/default/files/114th-congress-2015-2016/reports/50724-Update-OneColumn_0.pdf,dd6257faca41dc7edffe36e2f3dedea7d7754d3ae62c86d5653071ebc71782f8,2025-04-29,2015-08-25,True,pdf,ok,856,109,2437,0
cbo_9610f4f4a6,CBO,cbo_mbr,in_period_commentary,corpus,Monthly Budget Review (Sep 2015),https://www.cbo.gov/publication/50808,2015-09-08,exact,cbo.revenue.customs_duties__2025;cbo.outlay.other_mandatory__2023;cbo.revenue.miscellaneous_receipts__2023,,raw/documents/cbo/pilot/cbo_mbr/50808-mbr.pdf,PDF https://www.cbo.gov/sites/default/files/114th-congress-2015-2016/reports/50808-mbr.pdf,700127d212517f771fb328a50de39dfb890c394abe810a0b50715a645b609169,2022-07-04,2015-09-08,True,pdf,ok,39,5,2581,0
cbo_e554407f37,CBO,cbo_mbr,in_period_commentary,corpus,Monthly Budget Review (Oct 2015),https://www.cbo.gov/publication/50878,2015-10-07,exact,cbo.revenue.customs_duties__2025;cbo.outlay.other_mandatory__2023;cbo.revenue.miscellaneous_receipts__2023,,raw/documents/cbo/pilot/cbo_mbr/50878-MBR.pdf_18c2471b,PDF https://www.cbo.gov/sites/default/files/114th-congress-2015-2016/reports/50878-MBR.pdf,d5d231546510e5186b6f8ffad365ef3b3034403b159162fc680e56494951a5e5,2025-04-29,2015-10-07,True,pdf,ok,36,5,2793,0
cbo_8a80c617c2,CBO,cbo_mbr,in_period_commentary,corpus,Monthly Budget Review (Nov 2015),https://www.cbo.gov/publication/50974,2015-11-06,exact,cbo.revenue.customs_duties__2025;cbo.outlay.other_mandatory__2023;cbo.revenue.miscellaneous_receipts__2023,,raw/documents/cbo/pilot/cbo_mbr/50974-MBR1.pdf,PDF https://www.cbo.gov/sites/default/files/114th-congress-2015-2016/reports/50974-MBR1.pdf,307b0751cfed42f91f3b00bdcf94f67de3d7f00605cbd6192f5f89a7cef8f5b7,2025-04-29,2015-11-06,True,pdf,ok,41,5,2274,0
cbo_e6e8911ed6,CBO,cbo_mbr,in_period_commentary,corpus,Monthly Budget Review (Dec 2015),https://www.cbo.gov/publication/51048,2015-12-07,exact,cbo.revenue.customs_duties__2025;cbo.outlay.other_mandatory__2023;cbo.revenue.miscellaneous_receipts__2023,,raw/documents/cbo/pilot/cbo_mbr/51048-MBR.pdf,PDF https://www.cbo.gov/sites/default/files/114th-congress-2015-2016/reports/51048-MBR.pdf,18ba2e10f973d5b361ecdf6f540f94a5e2ae50fbb6b28e9f3418af723a9727cb,2022-07-04,2015-12-07,True,pdf,ok,34,4,2076,0
cbo_a2f67c6060,CBO,cbo_mbr,in_period_commentary,corpus,Monthly Budget Review (Jan 2016),https://www.cbo.gov/publication/51108,2016-01-08,exact,cbo.revenue.customs_duties__2025;cbo.outlay.other_mandatory__2023;cbo.revenue.miscellaneous_receipts__2023,,raw/documents/cbo/pilot/cbo_mbr/51108-MBR.pdf,PDF https://www.cbo.gov/sites/default/files/114th-congress-2015-2016/reports/51108-MBR.pdf,97bf8a6ece56069b91897ab9a58561a70585e4b5404609cc6355c5d6a0b7ae19,2025-04-29,2016-01-08,True,pdf,ok,36,4,2857,0
cbo_6ff08bf9a3,CBO,cbo_beo,forecast_narrative,corpus,Budget and Economic Outlook and Updates (Jan 2016),https://www.cbo.gov/publication/51129,2016-01-25,exact,cbo.revenue.customs_duties__2025;cbo.outlay.other_mandatory__2023;cbo.revenue.miscellaneous_receipts__2023,cbo_2016-01,raw/documents/cbo/pilot/cbo_beo/51129-2016outlookonecol-2.pdf,PDF https://www.cbo.gov/sites/default/files/114th-congress-2015-2016/reports/51129-2016outlookonecol-2.pdf,fdf3a73736350632889ebf9a6f43c069f48b37f4a9d92f112146f03b477bdddb,2025-04-29,2016-01-25,True,pdf,ok,1484,225,2550,0
cbo_723d0dd1b2,CBO,cbo_mbr,in_period_commentary,corpus,Monthly Budget Review (Feb 2016),https://www.cbo.gov/publication/51222,2016-02-05,exact,cbo.revenue.customs_duties__2025;cbo.outlay.other_mandatory__2023;cbo.revenue.miscellaneous_receipts__2023,,raw/documents/cbo/pilot/cbo_mbr/51222-MBR.pdf,PDF https://www.cbo.gov/sites/default/files/114th-congress-2015-2016/reports/51222-MBR.pdf,9b45e5ee8037f05c73d9127f8259ea0eece8750f107a0a5af0cb499dd6804bb1,2022-07-04,2016-02-05,True,pdf,ok,37,4,3067,0
cbo_e8fabce490,CBO,cbo_mbr,in_period_commentary,corpus,Monthly Budget Review (Mar 2016),https://www.cbo.gov/publication/51352,2016-03-07,exact,cbo.revenue.customs_duties__2025;cbo.outlay.other_mandatory__2023;cbo.revenue.miscellaneous_receipts__2023,,raw/documents/cbo/pilot/cbo_mbr/51352-mbr.pdf,PDF https://www.cbo.gov/sites/default/files/114th-congress-2015-2016/reports/51352-mbr.pdf,de0e3f52bc5c2d3e92853fc1bfe62747c1e976d3b8ebf0805b53c888bc8833e2,2025-04-29,2016-03-07,True,pdf,ok,36,4,2735,0
cbo_78ec67bffd,CBO,cbo_beo,forecast_narrative,corpus,Budget and Economic Outlook and Updates (Mar 2016),https://www.cbo.gov/publication/51384,2016-03-24,exact,cbo.revenue.customs_duties__2025;cbo.outlay.other_mandatory__2023;cbo.revenue.miscellaneous_receipts__2023,cbo_2016-03,raw/documents/cbo/pilot/cbo_beo/51384-marchbaselineonecol.pdf,PDF https://www.cbo.gov/sites/default/files/114th-congress-2015-2016/reports/51384-marchbaselineonecol.pdf,0b57e97c4a38471d21526292da997b43423b9d431ebc0995820278551a87e9ca,2025-04-29,2016-03-24,True,pdf,ok,204,24,2533,0
cbo_6d5086209e,CBO,cbo_apb,forecast_narrative,corpus,Analysis of the President's Budget (Mar 2016),https://www.cbo.gov/publication/51383,2016-03-29,exact,cbo.revenue.customs_duties__2025;cbo.outlay.other_mandatory__2023;cbo.revenue.miscellaneous_receipts__2023,,raw/documents/cbo/pilot/cbo_apb/51383-apbonecol.pdf,PDF https://www.cbo.gov/sites/default/files/114th-congress-2015-2016/reports/51383-apbonecol.pdf,d16c40ff5401d3fade7a9f8f2334613a053a153cd1f81915b4a1e4fc4a5db240,2025-04-29,2016-03-29,True,pdf,ok,239,25,2505,0
cbo_6c1aed116a,CBO,cbo_mbr,in_period_commentary,corpus,Monthly Budget Review (Apr 2016),https://www.cbo.gov/publication/51442,2016-04-07,exact,cbo.revenue.customs_duties__2025;cbo.outlay.other_mandatory__2023;cbo.revenue.miscellaneous_receipts__2023,,raw/documents/cbo/pilot/cbo_mbr/51442-MBR.pdf,PDF https://www.cbo.gov/sites/default/files/114th-congress-2015-2016/reports/51442-MBR.pdf,cf7a394a96d9c8009f4d53b9bd4da48105e99b4d65a20d825279c06bacecdaca,2025-04-29,2016-04-07,True,pdf,ok,36,4,2202,0
cbo_5c0ba8a074,CBO,cbo_mbr,in_period_commentary,corpus,Monthly Budget Review (May 2016),https://www.cbo.gov/publication/51534,2016-05-06,exact,cbo.revenue.customs_duties__2025;cbo.outlay.other_mandatory__2023;cbo.revenue.miscellaneous_receipts__2023,,raw/documents/cbo/pilot/cbo_mbr/51534-MBR.pdf,PDF https://www.cbo.gov/sites/default/files/114th-congress-2015-2016/reports/51534-MBR.pdf,2b6298c945c84922a57a7ff9f34ad973e7190c5e616cac38f0eba42e69abe564,2025-04-29,2016-05-06,True,pdf,ok,36,5,2420,0
cbo_90bf203d9a,CBO,cbo_apb,forecast_narrative,corpus,Analysis of the President's Budget (Jun 2016),https://www.cbo.gov/publication/51625,2016-06-06,exact,cbo.revenue.customs_duties__2025;cbo.outlay.other_mandatory__2023;cbo.revenue.miscellaneous_receipts__2023,,raw/documents/cbo/pilot/cbo_apb/51625-economicapbonecol.pdf,PDF https://www.cbo.gov/sites/default/files/114th-congress-2015-2016/reports/51625-economicapbonecol.pdf,a220df1f83fb30cb5f8212a4bfb7a60729ed9a8ccc146368e7650dc0bfa5aa78,2025-04-29,2016-06-06,True,pdf,ok,194,27,2789,0
cbo_11b525ee76,CBO,cbo_mbr,in_period_commentary,corpus,Monthly Budget Review (Jun 2016),https://www.cbo.gov/publication/51665,2016-06-07,exact,cbo.revenue.customs_duties__2025;cbo.outlay.other_mandatory__2023;cbo.revenue.miscellaneous_receipts__2023,,raw/documents/cbo/pilot/cbo_mbr/51665-mbr.pdf,PDF https://www.cbo.gov/sites/default/files/114th-congress-2015-2016/reports/51665-mbr.pdf,ee48d5e24cdd90636ee53f1c7cc1315826de145bbd502f470acca2e5c5e49f47,2025-04-29,2016-06-07,True,pdf,ok,32,4,2490,0
cbo_f0b34e2f76,CBO,cbo_mbr,in_period_commentary,corpus,Monthly Budget Review (Jul 2016),https://www.cbo.gov/publication/51766,2016-07-08,exact,cbo.revenue.customs_duties__2025;cbo.outlay.other_mandatory__2023;cbo.revenue.miscellaneous_receipts__2023,,raw/documents/cbo/pilot/cbo_mbr/51766-MBR.pdf,PDF https://www.cbo.gov/sites/default/files/114th-congress-2015-2016/reports/51766-MBR.pdf,d8fdfe75212177b935bbeb09e26a83b0f8efdbe4db3105c4def74bd5772b6b60,2025-04-29,2016-07-08,True,pdf,ok,36,4,2697,0
cbo_8813a6bc20,CBO,cbo_mbr,in_period_commentary,corpus,Monthly Budget Review (Aug 2016),https://www.cbo.gov/publication/51861,2016-08-05,exact,cbo.revenue.customs_duties__2025;cbo.outlay.other_mandatory__2023;cbo.revenue.miscellaneous_receipts__2023,,raw/documents/cbo/pilot/cbo_mbr/51861-MBR.pdf,PDF https://www.cbo.gov/sites/default/files/114th-congress-2015-2016/reports/51861-MBR.pdf,210ca057147c5a7cbb54fc0b41210f906792eee6e900eab6bdca9ff7536a9bc1,2025-04-29,2016-08-05,True,pdf,ok,36,5,2705,0
cbo_72a4742108,CBO,cbo_beo,forecast_narrative,corpus,Budget and Economic Outlook and Updates (Aug 2016),https://www.cbo.gov/publication/51908,2016-08-23,exact,cbo.revenue.customs_duties__2025;cbo.outlay.other_mandatory__2023;cbo.revenue.miscellaneous_receipts__2023,cbo_2016-08,raw/documents/cbo/pilot/cbo_beo/51908-breakout-notes.pdf,PDF https://www.cbo.gov/sites/default/files/114th-congress-2015-2016/reports/51908-breakout-notes.pdf,e6013881bbc18f60de4fabd972fa2fc77e6c3f8054b075ba02cddd08dd08b70f,2025-04-29,2016-08-23,True,pdf,ok,6,1,1897,0
cbo_18cb125f45,CBO,cbo_mbr,in_period_commentary,corpus,Monthly Budget Review (Sep 2016),https://www.cbo.gov/publication/51978,2016-09-08,exact,cbo.revenue.customs_duties__2025;cbo.outlay.other_mandatory__2023;cbo.revenue.miscellaneous_receipts__2023,,raw/documents/cbo/pilot/cbo_mbr/51978-mbr.pdf,PDF https://www.cbo.gov/sites/default/files/114th-congress-2015-2016/reports/51978-mbr.pdf,ea25a4848564aae3da6d6a1e55c2b8c562e992aff01f85c5b5002bfd4fa26ad4,2022-07-04,2016-09-08,True,pdf,ok,38,5,2382,0
cbo_b33a4b07b7,CBO,cbo_mbr,in_period_commentary,corpus,Monthly Budget Review (Oct 2016),https://www.cbo.gov/publication/52086,2016-10-07,exact,cbo.revenue.customs_duties__2025;cbo.outlay.other_mandatory__2023;cbo.revenue.miscellaneous_receipts__2023,,raw/documents/cbo/pilot/cbo_mbr/52086-mbr.pdf,PDF https://www.cbo.gov/sites/default/files/114th-congress-2015-2016/reports/52086-mbr.pdf,c4b0d93b073fbee6bb137e9673edc25e38c1cb7619bdcb7672099adb97088213,2025-04-29,2016-10-07,True,pdf,ok,38,5,2686,0
cbo_13c138f6e1,CBO,cbo_mbr,in_period_commentary,corpus,Monthly Budget Review (Nov 2016),https://www.cbo.gov/publication/52152,2016-11-07,exact,cbo.revenue.customs_duties__2025;cbo.outlay.other_mandatory__2023;cbo.revenue.miscellaneous_receipts__2023,,raw/documents/cbo/pilot/cbo_mbr/52152-mbr.pdf,PDF https://www.cbo.gov/sites/default/files/114th-congress-2015-2016/reports/52152-mbr.pdf,1de917ed89d8d6ebea04249a95aee1d3e8542c41768f712b984bcbde4150fd3a,2025-04-29,2016-11-07,True,pdf,ok,41,5,2654,0
cbo_491df07f80,CBO,cbo_mbr,in_period_commentary,corpus,Monthly Budget Review (Dec 2016),https://www.cbo.gov/publication/52319,2016-12-07,exact,cbo.revenue.customs_duties__2025;cbo.outlay.other_mandatory__2023;cbo.revenue.miscellaneous_receipts__2023,,raw/documents/cbo/pilot/cbo_mbr/52319-mbr.pdf,PDF https://www.cbo.gov/sites/default/files/114th-congress-2015-2016/reports/52319-mbr.pdf,694f250f95d3f6281eac9625dd06600f4377c5d9cc1db307e51601391ad9a2a4,2025-04-29,2016-12-07,True,pdf,ok,44,4,2380,0
cbo_d9fce6ef58,CBO,cbo_mbr,in_period_commentary,corpus,Monthly Budget Review (Jan 2017),https://www.cbo.gov/publication/52362,2017-01-09,exact,cbo.revenue.customs_duties__2025;cbo.outlay.other_mandatory__2023;cbo.revenue.miscellaneous_receipts__2023,,raw/documents/cbo/pilot/cbo_mbr/52362-mbr.pdf,PDF https://www.cbo.gov/sites/default/files/115th-congress-2017-2018/reports/52362-mbr.pdf,2eb376f76dbed44548e7bf4ee0158fcda8c0e333f134a96a04f4b7ef7e2ac84c,2022-07-04,2017-01-09,True,pdf,ok,43,4,2517,0
cbo_88449d080f,CBO,cbo_beo,forecast_narrative,corpus,Budget and Economic Outlook and Updates (Jan 2017),https://www.cbo.gov/publication/52370,2017-01-24,exact,cbo.revenue.customs_duties__2025;cbo.outlay.other_mandatory__2023;cbo.revenue.miscellaneous_receipts__2023,cbo_2017-01,raw/documents/cbo/pilot/cbo_beo/52370-breakout-notes.pdf,PDF https://www.cbo.gov/sites/default/files/115th-congress-2017-2018/reports/52370-breakout-notes.pdf,bc2912b2413c817f5ee91b7d9b36765ad638589c28c3612ce18cbaab07bafa57,2025-04-29,2017-01-24,True,pdf,ok,6,1,1424,0
cbo_cbb182a919,CBO,cbo_mbr,in_period_commentary,corpus,Monthly Budget Review (Feb 2017),https://www.cbo.gov/publication/52403,2017-02-07,exact,cbo.revenue.customs_duties__2025;cbo.outlay.other_mandatory__2023;cbo.revenue.miscellaneous_receipts__2023,,raw/documents/cbo/pilot/cbo_mbr/52403-mbr.pdf,PDF https://www.cbo.gov/sites/default/files/115th-congress-2017-2018/reports/52403-mbr.pdf,910ffa525fa5beaa7a5aae51c79ec6d2fb67e599a61116b282e93fac71ea3f8e,2025-04-29,2017-02-07,True,pdf,ok,43,4,2780,0
cbo_3d1bbd7260,CBO,cbo_mbr,in_period_commentary,corpus,Monthly Budget Review (Mar 2017),https://www.cbo.gov/publication/52479,2017-03-07,exact,cbo.revenue.customs_duties__2025;cbo.outlay.other_mandatory__2023;cbo.revenue.miscellaneous_receipts__2023,,raw/documents/cbo/pilot/cbo_mbr/52479-mbr.pdf,PDF https://www.cbo.gov/sites/default/files/115th-congress-2017-2018/reports/52479-mbr.pdf,7f0c54b3bfaee6e1543c8cd44af4cdcdb69888280273a9e1c6811130c8bf758e,2022-07-04,2017-03-07,True,pdf,ok,39,4,2701,0
cbo_c24642d88b,CBO,cbo_mbr,in_period_commentary,corpus,Monthly Budget Review (Apr 2017),https://www.cbo.gov/publication/52543,2017-04-07,exact,cbo.revenue.customs_duties__2025;cbo.outlay.other_mandatory__2023;cbo.revenue.miscellaneous_receipts__2023,,raw/documents/cbo/pilot/cbo_mbr/52543-mbr.pdf,PDF https://www.cbo.gov/system/files/115th-congress-2017-2018/reports/52543-mbr.pdf,cece07226fc6062a13740b41c45c50fc7ac554e5da28279b08190f950b11c8c9,2025-05-09,2017-04-07,True,pdf,ok,43,5,2316,0
cbo_a80fa201fc,CBO,cbo_mbr,in_period_commentary,corpus,Monthly Budget Review (May 2017),https://www.cbo.gov/publication/52692,2017-05-05,exact,cbo.revenue.customs_duties__2025;cbo.outlay.other_mandatory__2023;cbo.revenue.miscellaneous_receipts__2023,,raw/documents/cbo/pilot/cbo_mbr/52692-mbr.pdf,PDF https://www.cbo.gov/system/files/115th-congress-2017-2018/reports/52692-mbr.pdf,abf981bb48f643a4f7e0d882bebea79f8cad04dbf153e8c77de38d9d5818aa70,2022-07-04,2017-05-05,True,pdf,ok,43,5,2483,0
cbo_a91edc7876,CBO,cbo_mbr,in_period_commentary,corpus,Monthly Budget Review (Jun 2017),https://www.cbo.gov/publication/52791,2017-06-07,exact,cbo.revenue.customs_duties__2025;cbo.outlay.other_mandatory__2023;cbo.revenue.miscellaneous_receipts__2023,,raw/documents/cbo/pilot/cbo_mbr/52791-mbr.pdf,PDF https://www.cbo.gov/system/files/115th-congress-2017-2018/reports/52791-mbr.pdf,bf984f2365799e9c472262d9cf6a32c8c1a4850e5361a882ad6346667b623f1b,2022-07-04,2017-06-07,True,pdf,ok,42,4,2856,0
cbo_a32de21b17,CBO,cbo_beo,forecast_narrative,corpus,Budget and Economic Outlook and Updates (Jun 2017),https://www.cbo.gov/publication/52801,2017-06-29,exact,cbo.revenue.customs_duties__2025;cbo.outlay.other_mandatory__2023;cbo.revenue.miscellaneous_receipts__2023,cbo_2017-06,raw/documents/cbo/pilot/cbo_beo/52801-june2017outlook.pdf,PDF https://www.cbo.gov/system/files/115th-congress-2017-2018/reports/52801-june2017outlook.pdf,f8622912b9c7622596ad7712ae72e51da9d01d355eb9db6e12a7d1d211decb6e,2025-05-09,2017-06-29,True,pdf,ok,362,32,2558,2
cbo_7b61bd5d37,CBO,cbo_mbr,in_period_commentary,corpus,Monthly Budget Review (Jul 2017),https://www.cbo.gov/publication/52882,2017-07-10,exact,cbo.revenue.customs_duties__2025;cbo.outlay.other_mandatory__2023;cbo.revenue.miscellaneous_receipts__2023,,raw/documents/cbo/pilot/cbo_mbr/52882-mbr_1.pdf,PDF https://www.cbo.gov/system/files/115th-congress-2017-2018/reports/52882-mbr_1.pdf,a413bba5c5458fc2294baa3833664eb97ea8d62c37249c2f12aa6b2db8c7411e,2025-05-09,2017-07-10,True,pdf,ok,46,4,2872,0
cbo_0802613fe4,CBO,cbo_apb,forecast_narrative,corpus,Analysis of the President's Budget (Jul 2017),https://www.cbo.gov/publication/52846,2017-07-13,exact,cbo.revenue.customs_duties__2025;cbo.outlay.other_mandatory__2023;cbo.revenue.miscellaneous_receipts__2023,,raw/documents/cbo/pilot/cbo_apb/52846-apb.pdf,PDF https://www.cbo.gov/system/files/115th-congress-2017-2018/reports/52846-apb.pdf,38f1aee9325ce75458ecabe1fac5686bf5e47e08d0266faa53ab4baff9785560,2025-05-09,2017-07-13,True,pdf,ok,225,24,2836,3
cbo_3869d85991,CBO,cbo_mbr,in_period_commentary,corpus,Monthly Budget Review (Aug 2017),https://www.cbo.gov/publication/52993,2017-08-07,exact,cbo.revenue.customs_duties__2025;cbo.outlay.other_mandatory__2023;cbo.revenue.miscellaneous_receipts__2023,,raw/documents/cbo/pilot/cbo_mbr/52993-mbr.pdf,PDF https://www.cbo.gov/system/files/115th-congress-2017-2018/reports/52993-mbr.pdf,2f4077f16322f5f5b60aca3de228ded6f16d207060bcb58fd2586717806252ac,2022-07-04,2017-08-07,True,pdf,ok,43,4,2919,0
cbo_e69d950593,CBO,cbo_mbr,in_period_commentary,corpus,Monthly Budget Review (Sep 2017),https://www.cbo.gov/publication/53078,2017-09-08,exact,cbo.revenue.customs_duties__2025;cbo.outlay.other_mandatory__2023;cbo.revenue.miscellaneous_receipts__2023,,raw/documents/cbo/pilot/cbo_mbr/53078-mbr.pdf,PDF https://www.cbo.gov/system/files/115th-congress-2017-2018/reports/53078-mbr.pdf,f3c455cf36977e4cf69bb520dd1013f0cb7b9ea3e7c22840e887693e40288000,2025-05-09,2017-09-08,True,pdf,ok,41,5,2454,0
cbo_34807c5193,CBO,cbo_mbr,in_period_commentary,corpus,Monthly Budget Review (Oct 2017),https://www.cbo.gov/publication/53181,2017-10-06,exact,cbo.revenue.customs_duties__2025;cbo.outlay.other_mandatory__2023;cbo.revenue.miscellaneous_receipts__2023,,raw/documents/cbo/pilot/cbo_mbr/53181-mbr.pdf,PDF https://www.cbo.gov/system/files/115th-congress-2017-2018/reports/53181-mbr.pdf,a51f785dfb510725d4eb7d692074391e7bf3558d9d13ff5d7d4a36a242acf3de,2022-07-04,2017-10-06,True,pdf,ok,51,5,2601,0
cbo_fb93371ad3,CBO,cbo_mbr,in_period_commentary,corpus,Monthly Budget Review (Nov 2017),https://www.cbo.gov/publication/53286,2017-11-07,exact,cbo.revenue.customs_duties__2025;cbo.outlay.other_mandatory__2023;cbo.revenue.miscellaneous_receipts__2023,,raw/documents/cbo/pilot/cbo_mbr/53286-mbr.pdf,PDF https://www.cbo.gov/system/files/115th-congress-2017-2018/reports/53286-mbr.pdf,ae37ead5372456f8e61e382c3b8381f9387681eff421211d70722dd542e8e650,2022-07-04,2017-11-07,True,pdf,ok,45,5,2438,0
cbo_cb99713cee,CBO,cbo_mbr,in_period_commentary,corpus,Monthly Budget Review (Dec 2017),https://www.cbo.gov/publication/53363,2017-12-07,exact,cbo.revenue.customs_duties__2025;cbo.outlay.other_mandatory__2023;cbo.revenue.miscellaneous_receipts__2023,,raw/documents/cbo/pilot/cbo_mbr/53363-mbr.pdf,PDF https://www.cbo.gov/system/files/115th-congress-2017-2018/reports/53363-mbr.pdf,3bdff18791a6c6777f32801ea256850c21881191f8961dea9995ed2f6764d85a,2022-07-04,2017-12-07,True,pdf,ok,36,4,2298,0
cbo_24f1c24ed6,CBO,cbo_mbr,in_period_commentary,corpus,Monthly Budget Review (Jan 2018),https://www.cbo.gov/publication/53443,2018-01-08,exact,cbo.revenue.customs_duties__2025;cbo.outlay.other_mandatory__2023;cbo.revenue.miscellaneous_receipts__2023,,raw/documents/cbo/pilot/cbo_mbr/53443-mbr.pdf,PDF https://www.cbo.gov/system/files/115th-congress-2017-2018/reports/53443-mbr.pdf,9d3175c7731e0ff6d5290d824747762156d338ee15cc47312e444afd31420088,2025-05-09,2018-01-08,True,pdf,ok,37,4,2412,0
cbo_4cce4fe5cb,CBO,cbo_mbr,in_period_commentary,corpus,Monthly Budget Review (Feb 2018),https://www.cbo.gov/publication/53549,2018-02-07,exact,cbo.revenue.customs_duties__2025;cbo.outlay.other_mandatory__2023;cbo.revenue.miscellaneous_receipts__2023,,raw/documents/cbo/pilot/cbo_mbr/53549-mbr.pdf,PDF https://www.cbo.gov/system/files/115th-congress-2017-2018/reports/53549-mbr.pdf,d6387fb67ac5d54de15cb80a44457bfc6f4369e95a398a7d6810b250f2118a17,2022-07-04,2018-02-07,True,pdf,ok,33,4,2465,0
cbo_1a2cb71765,CBO,cbo_mbr,in_period_commentary,corpus,Monthly Budget Review (Mar 2018),https://www.cbo.gov/publication/53638,2018-03-07,exact,cbo.revenue.customs_duties__2025;cbo.outlay.other_mandatory__2023;cbo.revenue.miscellaneous_receipts__2023,,raw/documents/cbo/pilot/cbo_mbr/53638-mbr.pdf,PDF https://www.cbo.gov/system/files/115th-congress-2017-2018/reports/53638-mbr.pdf,7909c99a1b7c102d10141713bfa778fa0c048bdfef699d3e5a26c977ef6f426e,2022-07-04,2018-03-07,True,pdf,ok,35,4,2321,0
cbo_b561832545,CBO,cbo_mbr,in_period_commentary,corpus,Monthly Budget Review (Apr 2018),https://www.cbo.gov/publication/53718,2018-04-06,exact,cbo.revenue.customs_duties__2025;cbo.outlay.other_mandatory__2023;cbo.revenue.miscellaneous_receipts__2023,,raw/documents/cbo/pilot/cbo_mbr/53718-mbr.pdf,PDF https://www.cbo.gov/system/files/115th-congress-2017-2018/reports/53718-mbr.pdf,0e35a456770e5c944f9967b0108f1c65724ea2c2ccc10a2224ca793f71508ff9,2022-07-04,2018-04-06,True,pdf,ok,32,4,2301,0
cbo_c788cbb348,CBO,cbo_beo,forecast_narrative,corpus,Budget and Economic Outlook and Updates (Apr 2018),https://www.cbo.gov/publication/53651,2018-04-09,exact,cbo.revenue.customs_duties__2025;cbo.outlay.other_mandatory__2023;cbo.revenue.miscellaneous_receipts__2023,cbo_2018-04,raw/documents/cbo/pilot/cbo_beo/53651-outlook-2.pdf,PDF https://www.cbo.gov/system/files/2019-04/53651-outlook-2.pdf,7d8fdfedf4727f15c04d40c2a2bf9bb829cb4439a2a3f24ff36d8c8d18fe8b0e,2025-05-09,2018-04-09,True,pdf,ok,1709,168,3456,5
cbo_c7cd04f74b,CBO,cbo_mbr,in_period_commentary,corpus,Monthly Budget Review (May 2018),https://www.cbo.gov/publication/53821,2018-05-07,exact,cbo.revenue.customs_duties__2025;cbo.outlay.other_mandatory__2023;cbo.revenue.miscellaneous_receipts__2023,,raw/documents/cbo/pilot/cbo_mbr/53821-mbr.pdf,PDF https://www.cbo.gov/system/files/2018-07/53821-mbr.pdf,3dc231f7cf4c476857c7b5b1df3c3fa9a3c7ab4616f4604299b96eb823771a4d,2025-05-09,2018-05-07,True,pdf,ok,31,4,2318,0
cbo_02f040dac1,CBO,cbo_apb,forecast_narrative,corpus,Analysis of the President's Budget (May 2018),https://www.cbo.gov/publication/53884,2018-05-24,exact,cbo.revenue.customs_duties__2025;cbo.outlay.other_mandatory__2023;cbo.revenue.miscellaneous_receipts__2023,cbo_2018-05,raw/documents/cbo/pilot/cbo_apb/53884-apb2019.pdf,PDF https://www.cbo.gov/system/files/2018-08/53884-apb2019.pdf,28573897df6a7c9c937617b5cfc9da778cbfde83f2146a2c73a2d475c4a887ac,2025-05-09,2018-05-24,True,pdf,ok,159,13,3680,0
cbo_fbc07ca56b,CBO,cbo_mbr,in_period_commentary,corpus,Monthly Budget Review (Jun 2018),https://www.cbo.gov/publication/53950,2018-06-07,exact,cbo.revenue.customs_duties__2025;cbo.outlay.other_mandatory__2023;cbo.revenue.miscellaneous_receipts__2023,,raw/documents/cbo/pilot/cbo_mbr/53950-mbr.pdf,PDF https://www.cbo.gov/system/files/115th-congress-2017-2018/reports/53950-mbr.pdf,bce8a8c2f5d31b7acfb61ae7f7e1b4018a155e2cfdd67224a17c3a938c24c3d5,2025-05-09,2018-06-07,True,pdf,ok,32,4,2220,0
cbo_cdb540e4f4,CBO,cbo_mbr,in_period_commentary,corpus,Monthly Budget Review (Jul 2018),https://www.cbo.gov/publication/54156,2018-07-09,exact,cbo.revenue.customs_duties__2025;cbo.outlay.other_mandatory__2023;cbo.revenue.miscellaneous_receipts__2023,,raw/documents/cbo/pilot/cbo_mbr/54126-MBR.pdf,PDF https://www.cbo.gov/system/files/2018-07/54126-MBR.pdf,f2869c1003b97a22abcebe9260c86da071995aa07295df393baeb04bf819e437,2022-07-04,2018-07-09,True,pdf,ok,43,4,2935,0
cbo_eaa9478ff3,CBO,cbo_mbr,in_period_commentary,corpus,Monthly Budget Review (Aug 2018),https://www.cbo.gov/publication/54339,2018-08-07,exact,cbo.revenue.customs_duties__2025;cbo.outlay.other_mandatory__2023;cbo.revenue.miscellaneous_receipts__2023,,raw/documents/cbo/pilot/cbo_mbr/54339-MBR.pdf,PDF https://www.cbo.gov/system/files/2018-08/54339-MBR.pdf,b72e7fee4b5a274a553a86caa55976cf26b9826a8615bda9b97cfc1bca568c5b,2022-07-04,2018-08-07,True,pdf,ok,40,5,2226,0
cbo_52e9e966ff,CBO,cbo_beo,forecast_narrative,corpus,Budget and Economic Outlook and Updates (Aug 2018),https://www.cbo.gov/publication/54318,2018-08-13,exact,cbo.revenue.customs_duties__2025;cbo.outlay.other_mandatory__2023;cbo.revenue.miscellaneous_receipts__2023,,raw/documents/cbo/pilot/cbo_beo/54318-EconomicOutlook-Aug2018-update-2.pdf,PDF https://www.cbo.gov/system/files/2019-04/54318-EconomicOutlook-Aug2018-update-2.pdf,37ea435560af2ed1d2d3274b22e72977b89154156a2eaa635f719e37d85421e8,2022-07-04,2018-08-13,True,pdf,ok,281,29,2955,1
cbo_289301512f,CBO,cbo_mbr,in_period_commentary,corpus,Monthly Budget Review (Sep 2018),https://www.cbo.gov/publication/54442,2018-09-10,exact,cbo.revenue.customs_duties__2025;cbo.outlay.other_mandatory__2023;cbo.revenue.miscellaneous_receipts__2023,,raw/documents/cbo/pilot/cbo_mbr/54442-MBR.pdf,PDF https://www.cbo.gov/system/files/2018-09/54442-MBR.pdf,61d9898c6c1ebbfc101d76ecfc1bb7ddac2f938e50d24df4bbc94b6ef6c87e5f,2022-07-04,2018-09-10,True,pdf,ok,42,5,2477,0
cbo_dff45546a1,CBO,cbo_mbr,in_period_commentary,corpus,Monthly Budget Review (Oct 2018),https://www.cbo.gov/publication/54551,2018-10-05,exact,cbo.revenue.customs_duties__2025;cbo.outlay.other_mandatory__2023;cbo.revenue.miscellaneous_receipts__2023,,raw/documents/cbo/pilot/cbo_mbr/54551-MBR.pdf,PDF https://www.cbo.gov/system/files/2018-10/54551-MBR.pdf,65b618b6cef29e94cadbe85b545ebae79afb6c412ce8fc0548f0d69220547e66,2022-07-04,2018-10-05,True,pdf,ok,49,5,2678,0
cbo_080e257c2b,CBO,cbo_mbr,in_period_commentary,corpus,Monthly Budget Review (Nov 2018),https://www.cbo.gov/publication/54647,2018-11-07,exact,cbo.revenue.customs_duties__2025;cbo.outlay.other_mandatory__2023;cbo.revenue.miscellaneous_receipts__2023,,raw/documents/cbo/pilot/cbo_mbr/54647-MBR.pdf,PDF https://www.cbo.gov/system/files/2018-11/54647-MBR.pdf,b267519f7cbcd0ba4f87b020c1d98714c211ac76d69c33cfcfe06699aad44368,2025-05-09,2018-11-07,True,pdf,ok,42,5,2818,0
cbo_190a199d7c,CBO,cbo_mbr,in_period_commentary,corpus,Monthly Budget Review (Dec 2018),https://www.cbo.gov/publication/54861,2018-12-10,exact,cbo.revenue.customs_duties__2025;cbo.outlay.other_mandatory__2023;cbo.revenue.miscellaneous_receipts__2023,,raw/documents/cbo/pilot/cbo_mbr/54861-MBR.pdf,PDF https://www.cbo.gov/system/files/2018-12/54861-MBR.pdf,77ac4e14c9873601df79f9c2258b9c6931f93a9b0aabda6cba136148f6a7db61,2022-07-04,2018-12-10,True,pdf,ok,45,4,2838,0
cbo_224a064778,CBO,cbo_mbr,in_period_commentary,corpus,Monthly Budget Review (Jan 2019),https://www.cbo.gov/publication/54905,2019-01-08,exact,cbo.revenue.customs_duties__2025;cbo.outlay.other_mandatory__2023;cbo.revenue.miscellaneous_receipts__2023,,raw/documents/cbo/pilot/cbo_mbr/54905-MBR.pdf,PDF https://www.cbo.gov/system/files/2019-01/54905-MBR.pdf,36a1c7666f73dca1bffc77d362fe3999316e2e6c2973b32f1e49ae5f491a278b,2025-05-09,2019-01-08,True,pdf,ok,42,4,2827,0
cbo_8e4f2bc301,CBO,cbo_beo,forecast_narrative,corpus,Budget and Economic Outlook and Updates (Jan 2019),https://www.cbo.gov/publication/54918,2019-01-28,exact,cbo.revenue.customs_duties__2025;cbo.outlay.other_mandatory__2023;cbo.revenue.miscellaneous_receipts__2023,cbo_2019-01,raw/documents/cbo/pilot/cbo_beo/54918-Outlook-3.pdf,PDF https://www.cbo.gov/system/files/2019-03/54918-Outlook-3.pdf,64995cd628d25c189d84eebb4ea2e221c9d9d7d29dfdeec1eceda288ea800d32,2025-05-09,2019-01-28,True,pdf,ok,1724,176,3259,5
cbo_ee13cefbb4,CBO,cbo_mbr,in_period_commentary,corpus,Monthly Budget Review (Feb 2019),https://www.cbo.gov/publication/54961,2019-02-07,exact,cbo.revenue.customs_duties__2025;cbo.outlay.other_mandatory__2023;cbo.revenue.miscellaneous_receipts__2023,,raw/documents/cbo/pilot/cbo_mbr/54961-MBR.pdf,PDF https://www.cbo.gov/system/files/2019-02/54961-MBR.pdf,d48b6e51d0ce5bd1f0741d91e4a993a882d4379dfdbd1fe47320fb37819b47ba,2022-07-04,2019-02-07,True,pdf,ok,6,1,2132,0
cbo_1ce48423d4,CBO,cbo_mbr,in_period_commentary,corpus,Monthly Budget Review (Mar 2019),https://www.cbo.gov/publication/55017,2019-03-07,exact,cbo.revenue.customs_duties__2025;cbo.outlay.other_mandatory__2023;cbo.revenue.miscellaneous_receipts__2023,,raw/documents/cbo/pilot/cbo_mbr/55017-MBR.pdf,PDF https://www.cbo.gov/system/files/2019-03/55017-MBR.pdf,3f59bea32e85f8626efd470cd83909ff3899fc1a10d46b85e0f51e86dc6fe33a,2022-07-04,2019-03-07,True,pdf,ok,44,5,2266,0
cbo_d6611299ce,CBO,cbo_mbr,in_period_commentary,corpus,Monthly Budget Review (Apr 2019),https://www.cbo.gov/publication/55095,2019-04-05,exact,cbo.revenue.customs_duties__2025;cbo.outlay.other_mandatory__2023;cbo.revenue.miscellaneous_receipts__2023,,raw/documents/cbo/pilot/cbo_mbr/55095-MBR.pdf,PDF https://www.cbo.gov/system/files/2019-04/55095-MBR.pdf,a33fac439de8614b0148766f3e2fd5dc2af8bbcd78999ad196f0d4deee65829a,2022-07-04,2019-04-05,True,pdf,ok,44,5,2379,0
cbo_14f5fb2509,CBO,cbo_beo,forecast_narrative,corpus,Budget and Economic Outlook and Updates (May 2019),https://www.cbo.gov/publication/55151,2019-05-02,exact,cbo.revenue.customs_duties__2025;cbo.outlay.other_mandatory__2023;cbo.revenue.miscellaneous_receipts__2023,cbo_2019-05,raw/documents/cbo/pilot/cbo_beo/55151-budget_update_0.pdf,PDF https://www.cbo.gov/system/files/2019-05/55151-budget_update_0.pdf,39308ac530804df1fc7a7ff82f2c18cdae40e88ebaf9e6ebbb4f05c9c7b347eb,2025-05-09,2019-05-02,True,pdf,ok,267,27,3034,0
cbo_5143dec3e3,CBO,cbo_mbr,in_period_commentary,corpus,Monthly Budget Review (May 2019),https://www.cbo.gov/publication/55219,2019-05-07,exact,cbo.revenue.customs_duties__2025;cbo.outlay.other_mandatory__2023;cbo.revenue.miscellaneous_receipts__2023,,raw/documents/cbo/pilot/cbo_mbr/55219-MBR.pdf,PDF https://www.cbo.gov/system/files/2019-05/55219-MBR.pdf,159e1fd78f28aced3a9dcb2bb1c3cb673c2e5962153cb407eb9eb42613031b14,2025-05-09,2019-05-07,True,pdf,ok,45,5,2668,0
cbo_a584c7e02c,CBO,cbo_apb,forecast_narrative,corpus,Analysis of the President's Budget (May 2019),https://www.cbo.gov/publication/55195,2019-05-09,exact,cbo.revenue.customs_duties__2025;cbo.outlay.other_mandatory__2023;cbo.revenue.miscellaneous_receipts__2023,,raw/documents/cbo/pilot/cbo_apb/55195-APB2020_0.pdf,PDF https://www.cbo.gov/system/files/2019-05/55195-APB2020_0.pdf,f2b1ecd5e8d3a255097358d89e92b0ae515937119c88f4c17babb4ea38c28ca0,2022-07-04,2019-05-09,True,pdf,ok,181,20,2766,1
cbo_51f22aa407,CBO,cbo_mbr,in_period_commentary,corpus,Monthly Budget Review (Jun 2019),https://www.cbo.gov/publication/55329,2019-06-07,exact,cbo.revenue.customs_duties__2025;cbo.outlay.other_mandatory__2023;cbo.revenue.miscellaneous_receipts__2023,,raw/documents/cbo/pilot/cbo_mbr/55329-MBR.pdf,PDF https://www.cbo.gov/system/files/2019-06/55329-MBR.pdf,c37e8988ac05797882dcb19499b2f95c8986d4551896c6f02b59e91e7770b9ca,2022-07-04,2019-06-07,True,pdf,ok,47,5,2638,0
cbo_49754bc660,CBO,cbo_mbr,in_period_commentary,corpus,Monthly Budget Review (Jul 2019),https://www.cbo.gov/publication/55415,2019-07-08,exact,cbo.revenue.customs_duties__2025;cbo.outlay.other_mandatory__2023;cbo.revenue.miscellaneous_receipts__2023,,raw/documents/cbo/pilot/cbo_mbr/CBO-55415-MBR.pdf,PDF https://www.cbo.gov/system/files/2019-07/CBO-55415-MBR.pdf,d6ed8deaedf84e44f61beb2f2f14d8851450562df8dfa8515aee2e6f1ea9d5ba,2025-05-09,2019-07-08,True,pdf,ok,43,5,2470,0
cbo_c13a854ea9,CBO,cbo_mbr,in_period_commentary,corpus,Monthly Budget Review (Aug 2019),https://www.cbo.gov/publication/55527,2019-08-07,exact,cbo.revenue.customs_duties__2025;cbo.outlay.other_mandatory__2023;cbo.revenue.miscellaneous_receipts__2023,,raw/documents/cbo/pilot/cbo_mbr/55527-CBO-MBR-July2019.pdf,PDF https://www.cbo.gov/system/files/2019-08/55527-CBO-MBR-July2019.pdf,d20cf9d84e8469b39e06afdcbc0628110210c52b66aa8ca8889c1255685bc0d2,2025-05-09,2019-08-07,True,pdf,ok,50,5,2512,0
cbo_8a457ab353,CBO,cbo_beo,forecast_narrative,corpus,Budget and Economic Outlook and Updates (Aug 2019),https://www.cbo.gov/publication/55551,2019-08-21,exact,cbo.revenue.customs_duties__2025;cbo.outlay.other_mandatory__2023;cbo.revenue.miscellaneous_receipts__2023,cbo_2019-08,raw/documents/cbo/pilot/cbo_beo/55551-CBO-outlook-update_0.pdf,PDF https://www.cbo.gov/system/files/2019-08/55551-CBO-outlook-update_0.pdf,a605c06be280059e0125b0ddef80dc8ed8ba8ead10e37efc66669cfccda6fc36,2025-05-09,2019-08-21,True,pdf,ok,1024,90,3330,3
cbo_40c82c3a06,CBO,cbo_mbr,in_period_commentary,corpus,Monthly Budget Review (Sep 2019),https://www.cbo.gov/publication/55598,2019-09-09,exact,cbo.revenue.customs_duties__2025;cbo.outlay.other_mandatory__2023;cbo.revenue.miscellaneous_receipts__2023,,raw/documents/cbo/pilot/cbo_mbr/55598-CBO-MBR-Aug2019.pdf,PDF https://www.cbo.gov/system/files/2019-09/55598-CBO-MBR-Aug2019.pdf,35894708ab8fa8345f8b3e25769ef47264a1cdc31500844b0ac954a8d48190a8,2022-07-04,2019-09-09,True,pdf,ok,45,5,2855,0
cbo_8f275f4762,CBO,cbo_mbr,in_period_commentary,corpus,Monthly Budget Review (Oct 2019),https://www.cbo.gov/publication/55699,2019-10-07,exact,cbo.revenue.customs_duties__2025;cbo.outlay.other_mandatory__2023;cbo.revenue.miscellaneous_receipts__2023,,raw/documents/cbo/pilot/cbo_mbr/55699-CBO-MBR.pdf,PDF https://www.cbo.gov/system/files/2019-10/55699-CBO-MBR.pdf,0112bc183843c3c0746d9bfc0cfb43bc39e307b1ad6665f767341e2d5de5ece9,2022-07-04,2019-10-07,True,pdf,ok,47,5,3074,0
cbo_e4a1e83b59,CBO,cbo_mbr,in_period_commentary,corpus,Monthly Budget Review (Nov 2019),https://www.cbo.gov/publication/55824,2019-11-07,exact,cbo.revenue.customs_duties__2025;cbo.outlay.other_mandatory__2023;cbo.revenue.miscellaneous_receipts__2023,,raw/documents/cbo/pilot/cbo_mbr/55824-CBO-MBR-FY19.pdf,PDF https://www.cbo.gov/system/files/2019-11/55824-CBO-MBR-FY19.pdf,051ddb27d807d325e854661b214b899a0911cacdc771cfeae965c16c6e9aa64d,2025-05-09,2019-11-07,True,pdf,ok,42,5,2736,0
cbo_4cab2fa166,CBO,cbo_mbr,in_period_commentary,corpus,Monthly Budget Review (Dec 2019),https://www.cbo.gov/publication/55926,2019-12-09,exact,cbo.revenue.customs_duties__2025;cbo.outlay.other_mandatory__2023;cbo.revenue.miscellaneous_receipts__2023,,raw/documents/cbo/pilot/cbo_mbr/55926-CBO-MBR.pdf,PDF https://www.cbo.gov/system/files/2019-12/55926-CBO-MBR.pdf,e67927efe7962a54554371af78997be40f57eca7b5a5dfa899790b67b275c1ba,2022-07-04,2019-12-09,True,pdf,ok,39,4,2364,0
cbo_ff0e83d88e,CBO,cbo_mbr,in_period_commentary,corpus,Monthly Budget Review (Jan 2020),https://www.cbo.gov/publication/55997,2020-01-08,exact,cbo.revenue.customs_duties__2025;cbo.outlay.other_mandatory__2023;cbo.revenue.miscellaneous_receipts__2023,,raw/documents/cbo/pilot/cbo_mbr/55997-CBO-MBR.pdf,PDF https://www.cbo.gov/system/files/2020-01/55997-CBO-MBR.pdf,a772067483ea7b376fea0cc4e1ac373d9fc99333f66f29bbc252004cfb704ccb,2022-07-04,2020-01-08,True,pdf,ok,44,4,2507,0
cbo_d22b498ad0,CBO,cbo_beo,forecast_narrative,corpus,Budget and Economic Outlook and Updates (Jan 2020),https://www.cbo.gov/publication/56020,2020-01-28,exact,cbo.revenue.customs_duties__2025;cbo.outlay.other_mandatory__2023;cbo.revenue.miscellaneous_receipts__2023,cbo_2020-01,raw/documents/cbo/pilot/cbo_beo/56020-CBO-Outlook.pdf,PDF https://www.cbo.gov/system/files/2020-01/56020-CBO-Outlook.pdf,b5d4b3844e30aed034e3cab0d4d223162aae73bf7b12c844730d33b4cc74f824,2025-05-09,2020-01-28,True,pdf,ok,1002,89,3254,2
cbo_f6b7631809,CBO,cbo_mbr,in_period_commentary,corpus,Monthly Budget Review (Feb 2020),https://www.cbo.gov/publication/56118,2020-02-07,exact,cbo.revenue.customs_duties__2025;cbo.outlay.other_mandatory__2023;cbo.revenue.miscellaneous_receipts__2023,,raw/documents/cbo/pilot/cbo_mbr/56118-CBO-MBR.pdf,PDF https://www.cbo.gov/system/files/2020-02/56118-CBO-MBR.pdf,18dcd1f9f8cd9713bb41003a0c5ce83d9e47ce0422e9c1582dce526af7943390,2022-07-04,2020-02-07,True,pdf,ok,41,4,2614,0
cbo_79dbadf7ea,CBO,cbo_mbr,in_period_commentary,corpus,Monthly Budget Review (Mar 2020),https://www.cbo.gov/publication/56223,2020-03-06,exact,cbo.revenue.customs_duties__2025;cbo.outlay.other_mandatory__2023;cbo.revenue.miscellaneous_receipts__2023,,raw/documents/cbo/pilot/cbo_mbr/56223-CBO-MBR.pdf,PDF https://www.cbo.gov/system/files/2020-03/56223-CBO-MBR.pdf,984b8ba1fe9c338c7174e5398b05a4de18332e8393ff225d8bdca51ac37ac158,2022-07-04,2020-03-06,True,pdf,ok,41,5,2452,0
cbo_cb544d41f4,CBO,cbo_beo,forecast_narrative,corpus,Budget and Economic Outlook and Updates (Mar 2020),https://www.cbo.gov/publication/56268,2020-03-19,exact,cbo.revenue.customs_duties__2025;cbo.outlay.other_mandatory__2023;cbo.revenue.miscellaneous_receipts__2023,cbo_2020-03,raw/documents/cbo/pilot/cbo_beo/56268-CBO-baseline-budget-projections.pdf,PDF https://www.cbo.gov/system/files/2020-03/56268-CBO-baseline-budget-projections.pdf,253ce10b949e0c350127209b8b68acb7d584edb49e07a36aaa1d6174da9f13aa,2022-07-04,2020-03-19,True,pdf,ok,124,15,2345,0
cbo_d6b1ca9080,CBO,cbo_apb,forecast_narrative,corpus,Analysis of the President's Budget (Mar 2020),https://www.cbo.gov/publication/56278,2020-03-30,exact,cbo.revenue.customs_duties__2025;cbo.outlay.other_mandatory__2023;cbo.revenue.miscellaneous_receipts__2023,,raw/documents/cbo/pilot/cbo_apb/56278-CBO-APB-2021.pdf,PDF https://www.cbo.gov/system/files/2020-03/56278-CBO-APB-2021.pdf,f9f8fb8ead3e8ecfbc713465f630b03231513726e834c08c2f98d97d3533ea68,2022-07-04,2020-03-30,True,pdf,ok,120,10,3934,0
cbo_2c8aa15c29,CBO,cbo_mbr,in_period_commentary,corpus,Monthly Budget Review (Apr 2020),https://www.cbo.gov/publication/56317,2020-04-07,exact,cbo.revenue.customs_duties__2025;cbo.outlay.other_mandatory__2023;cbo.revenue.miscellaneous_receipts__2023,,raw/documents/cbo/pilot/cbo_mbr/56317-CBO-MBR.pdf,PDF https://www.cbo.gov/system/files/2020-04/56317-CBO-MBR.pdf,699003d9af53fa1c723b359cd1d225e4462b183ce05977ae77fceea4fc05ac16,2022-07-04,2020-04-07,True,pdf,ok,38,4,2780,0
cbo_315f43b0b9,CBO,cbo_mbr,in_period_commentary,corpus,Monthly Budget Review (May 2020),https://www.cbo.gov/publication/56350,2020-05-08,exact,cbo.revenue.customs_duties__2025;cbo.outlay.other_mandatory__2023;cbo.revenue.miscellaneous_receipts__2023,,raw/documents/cbo/pilot/cbo_mbr/56350-CBO-MBR.pdf,PDF https://www.cbo.gov/system/files/2020-05/56350-CBO-MBR.pdf,6e04ab6880df119c16435c7b4faefe82bae74f503b5f04db5e395711ff834045,2022-07-04,2020-05-08,True,pdf,ok,69,7,2909,0
cbo_e4af493178,CBO,cbo_beo,forecast_narrative,corpus,Budget and Economic Outlook and Updates (May 2020),https://www.cbo.gov/publication/56351,2020-05-19,exact,cbo.revenue.customs_duties__2025;cbo.outlay.other_mandatory__2023;cbo.revenue.miscellaneous_receipts__2023,,raw/documents/cbo/pilot/cbo_beo/56351-CBO-interim-projections.pdf,PDF https://www.cbo.gov/system/files/2020-05/56351-CBO-interim-projections.pdf,d7e12942256c8e0e55fd2a5defdd5624ea8f2123bd5eb24082257905b8a4326c,2025-05-09,2020-05-19,True,pdf,ok,223,27,3246,0
cbo_507e058f52,CBO,cbo_mbr,in_period_commentary,corpus,Monthly Budget Review (Jun 2020),https://www.cbo.gov/publication/56390,2020-06-08,exact,cbo.revenue.customs_duties__2025;cbo.outlay.other_mandatory__2023;cbo.revenue.miscellaneous_receipts__2023,,raw/documents/cbo/pilot/cbo_mbr/56390-CBO-MBR.pdf,PDF https://www.cbo.gov/system/files/2020-06/56390-CBO-MBR.pdf,96c84615f616cdf0644a581c519f8d0c148280b3dd5a93b5cb12489442a39efe,2022-07-04,2020-06-08,True,pdf,ok,109,8,2537,0
cbo_5829717fa6,CBO,cbo_beo,forecast_narrative,corpus,Budget and Economic Outlook and Updates (Jul 2020),https://www.cbo.gov/publication/56442,2020-07-02,exact,cbo.revenue.customs_duties__2025;cbo.outlay.other_mandatory__2023;cbo.revenue.miscellaneous_receipts__2023,,raw/documents/cbo/pilot/cbo_beo/56442-CBO-update-economic-outlook.pdf,PDF https://www.cbo.gov/system/files/2020-07/56442-CBO-update-economic-outlook.pdf,9bc06b4c7d7e23c7e5907bc1f4121bdd0ed7845c7f266735ef2620399ebdd82b,2025-05-09,2020-07-02,True,pdf,ok,64,5,3492,0
cbo_da90da7df3,CBO,cbo_mbr,in_period_commentary,corpus,Monthly Budget Review (Jul 2020),https://www.cbo.gov/publication/56458,2020-07-08,exact,cbo.revenue.customs_duties__2025;cbo.outlay.other_mandatory__2023;cbo.revenue.miscellaneous_receipts__2023,,raw/documents/cbo/pilot/cbo_mbr/56458-CBO-MBR.pdf,PDF https://www.cbo.gov/system/files/2020-07/56458-CBO-MBR.pdf,baa04a68b1adc8f6d0008d8728ca9431a41d84f8acd17c7c5b9f7431f6fb7914,2025-05-09,2020-07-08,True,pdf,ok,96,8,2502,0
cbo_f54a56be7a,CBO,cbo_mbr,in_period_commentary,corpus,Monthly Budget Review (Aug 2020),https://www.cbo.gov/publication/56497,2020-08-10,exact,cbo.revenue.customs_duties__2025;cbo.outlay.other_mandatory__2023;cbo.revenue.miscellaneous_receipts__2023,,raw/documents/cbo/pilot/cbo_mbr/56497-CBO-MBR.pdf,PDF https://www.cbo.gov/system/files/2020-08/56497-CBO-MBR.pdf,2113d22c2be4b96da2ca4712288cc1919c8a3e2bfb84d4b8524bf8cea949363c,2022-07-04,2020-08-10,True,pdf,ok,103,8,2677,0
cbo_67dc949f34,CBO,cbo_beo,forecast_narrative,corpus,Budget and Economic Outlook and Updates (Sep 2020),https://www.cbo.gov/publication/56517,2020-09-02,exact,cbo.revenue.customs_duties__2025;cbo.outlay.other_mandatory__2023;cbo.revenue.miscellaneous_receipts__2023,cbo_2020-09,raw/documents/cbo/pilot/cbo_beo/56517-Budget-Outlook.pdf,PDF https://www.cbo.gov/system/files/2020-09/56517-Budget-Outlook.pdf,25747d956b9f3ec7dcb6bf9e85a125d331002ffd16f0ff40c926543e010041c2,2025-05-09,2020-09-02,True,pdf,ok,644,58,3294,1
cbo_f38356ed80,CBO,cbo_mbr,in_period_commentary,corpus,Monthly Budget Review (Sep 2020),https://www.cbo.gov/publication/56552,2020-09-08,exact,cbo.revenue.customs_duties__2025;cbo.outlay.other_mandatory__2023;cbo.revenue.miscellaneous_receipts__2023,,raw/documents/cbo/pilot/cbo_mbr/56552-MBR.pdf,PDF https://www.cbo.gov/system/files/2020-09/56552-MBR.pdf,703b39fd5e4f63744633bcd8b5c67eff7e635f83376b9422f809e460c02c7d63,2022-07-04,2020-09-08,True,pdf,ok,97,8,2646,0
cbo_57b27df7b9,CBO,cbo_mbr,in_period_commentary,corpus,Monthly Budget Review (Oct 2020),https://www.cbo.gov/publication/56661,2020-10-08,exact,cbo.revenue.customs_duties__2025;cbo.outlay.other_mandatory__2023;cbo.revenue.miscellaneous_receipts__2023,,raw/documents/cbo/pilot/cbo_mbr/56661-MBR.pdf,PDF https://www.cbo.gov/system/files/2020-10/56661-MBR.pdf,8e4409067c60c5f58a9f5e460b3834abe0f0c594c2f655eec2164500e5840939,2022-07-04,2020-10-08,True,pdf,ok,92,8,2586,0
cbo_fdde1955d2,CBO,cbo_mbr,in_period_commentary,corpus,Monthly Budget Review (Nov 2020),https://www.cbo.gov/publication/56746,2020-11-09,exact,cbo.revenue.customs_duties__2025;cbo.outlay.other_mandatory__2023;cbo.revenue.miscellaneous_receipts__2023,,raw/documents/cbo/pilot/cbo_mbr/56746-MBR.pdf,PDF https://www.cbo.gov/system/files/2020-11/56746-MBR.pdf,1c614ab529d0f85f2ee39904edfd07d04888766ca6d2bb9aefda5063621e8036,2025-05-09,2020-11-09,True,pdf,ok,65,6,2498,0
cbo_0a530659ea,CBO,cbo_mbr,in_period_commentary,corpus,Monthly Budget Review (Dec 2020),https://www.cbo.gov/publication/56886,2020-12-08,exact,cbo.revenue.customs_duties__2025;cbo.outlay.other_mandatory__2023;cbo.revenue.miscellaneous_receipts__2023,,raw/documents/cbo/pilot/cbo_mbr/56886-MBR.pdf,PDF https://www.cbo.gov/system/files/2020-12/56886-MBR.pdf,243753f77832a81b5cf9d53dd47faae164c450627788d688253c34a069a92b88,2025-05-09,2020-12-08,True,pdf,ok,57,6,2096,0
cbo_c3d0918ba6,CBO,cbo_mbr,in_period_commentary,corpus,Monthly Budget Review (Jan 2021),https://www.cbo.gov/publication/56953,2021-01-11,exact,cbo.revenue.customs_duties__2025;cbo.outlay.other_mandatory__2023;cbo.revenue.miscellaneous_receipts__2023,,raw/documents/cbo/pilot/cbo_mbr/56953-MBR.pdf,PDF https://www.cbo.gov/system/files/2021-01/56953-MBR.pdf,1603b07f7e6d3c77b81efea1adb5d46ef4529328fddc05e0d29ac2c90ea17727,2022-07-04,2021-01-11,True,pdf,ok,53,6,2179,0
cbo_25b08e9bd3,CBO,cbo_mbr,in_period_commentary,corpus,Monthly Budget Review (Feb 2021),https://www.cbo.gov/publication/56976,2021-02-08,exact,cbo.revenue.customs_duties__2025;cbo.outlay.other_mandatory__2023;cbo.revenue.miscellaneous_receipts__2023,,raw/documents/cbo/pilot/cbo_mbr/56976-MBR.pdf,PDF https://www.cbo.gov/system/files/2021-02/56976-MBR.pdf,38d50d83b65fc65a366e23a00a9b594e140f1de4e4f148ac6dd45da6cfd7017b,2022-07-04,2021-02-08,True,pdf,ok,71,7,2362,0
cbo_78f99b6cea,CBO,cbo_beo,forecast_narrative,corpus,Budget and Economic Outlook and Updates (Feb 2021),https://www.cbo.gov/publication/56970,2021-02-11,exact,cbo.revenue.customs_duties__2025;cbo.outlay.other_mandatory__2023;cbo.revenue.miscellaneous_receipts__2023,cbo_2021-02,raw/documents/cbo/pilot/cbo_beo/56970-Outlook.pdf,PDF https://www.cbo.gov/system/files/2021-02/56970-Outlook.pdf,d6b14f09669aa3d7d3fd37103d066db2c10e1ea94ef56aa2ca35c8db3212a573,2025-05-09,2021-02-11,True,pdf,ok,291,26,2490,2
cbo_66822823c0,CBO,cbo_beo,forecast_narrative,corpus,Budget and Economic Outlook and Updates (Feb 2021),https://www.cbo.gov/publication/56989,2021-02-23,exact,cbo.revenue.customs_duties__2025;cbo.outlay.other_mandatory__2023;cbo.revenue.miscellaneous_receipts__2023,,raw/documents/cbo/pilot/cbo_beo/56989-economic-outlook.pdf,PDF https://www.cbo.gov/system/files/2021-02/56989-economic-outlook.pdf,58a88d55b5d61965fdc939e2b44c19d5d01b7f19bd8da4fda5369dd5ab29dcb5,2025-05-09,2021-02-23,True,pdf,ok,368,40,3129,1
cbo_53f0812c7b,CBO,cbo_beo,forecast_narrative,corpus,Budget and Economic Outlook and Updates (Mar 2021),https://www.cbo.gov/publication/56996,2021-03-05,exact,cbo.revenue.customs_duties__2025;cbo.outlay.other_mandatory__2023;cbo.revenue.miscellaneous_receipts__2023,,raw/documents/cbo/pilot/cbo_beo/56996-budget-outlook.pdf,PDF https://www.cbo.gov/system/files/2021-03/56996-budget-outlook.pdf,c0569b5e7da11a2cca7826e51d86f47b2a06391825e91daf9f08b366ec0be8ae,2025-05-09,2021-03-05,True,pdf,ok,195,22,2922,0
cbo_95c8de100b,CBO,cbo_mbr,in_period_commentary,corpus,Monthly Budget Review (Mar 2021),https://www.cbo.gov/publication/57031,2021-03-08,exact,cbo.revenue.customs_duties__2025;cbo.outlay.other_mandatory__2023;cbo.revenue.miscellaneous_receipts__2023,,raw/documents/cbo/pilot/cbo_mbr/57031-MBR.pdf,PDF https://www.cbo.gov/system/files/2021-03/57031-MBR.pdf,72edaf806a368ae0ed55280586f6dd6936c8305de3016af798b0e32ac5049e60,2025-05-09,2021-03-08,True,pdf,ok,65,7,2292,0
cbo_56b7b59df2,CBO,cbo_mbr,in_period_commentary,corpus,Monthly Budget Review (Apr 2021),https://www.cbo.gov/publication/57018,2021-04-08,exact,cbo.revenue.customs_duties__2025;cbo.outlay.other_mandatory__2023;cbo.revenue.miscellaneous_receipts__2023,,raw/documents/cbo/pilot/cbo_mbr/57018-MBR.pdf,PDF https://www.cbo.gov/system/files/2021-04/57018-MBR.pdf,75e9406f436797d4277a3fcbf19d18e168b74bf043429f1e55a991e68fe54a6e,2022-07-04,2021-04-08,True,pdf,ok,57,7,2167,0
cbo_a50ffbce73,CBO,cbo_mbr,in_period_commentary,corpus,Monthly Budget Review (May 2021),https://www.cbo.gov/publication/57127,2021-05-10,exact,cbo.revenue.customs_duties__2025;cbo.outlay.other_mandatory__2023;cbo.revenue.miscellaneous_receipts__2023,,raw/documents/cbo/pilot/cbo_mbr/57127-MBR.pdf,PDF https://www.cbo.gov/system/files/2021-05/57127-MBR.pdf,89d9e78f08383183dc01ebf9bc6344b52613ec45213bfe52a873bf8c7f93c42d,2025-05-09,2021-05-10,True,pdf,ok,79,8,2346,0
cbo_f6893e5e04,CBO,cbo_mbr,in_period_commentary,corpus,Monthly Budget Review (Jun 2021),https://www.cbo.gov/publication/57193,2021-06-08,exact,cbo.revenue.customs_duties__2025;cbo.outlay.other_mandatory__2023;cbo.revenue.miscellaneous_receipts__2023,,raw/documents/cbo/pilot/cbo_mbr/57193-MBR.pdf,PDF https://www.cbo.gov/system/files/2021-06/57193-MBR.pdf,c9f4e6b92be99f0d797feb843fde00c7c9eb838ee926f11e7a7c589804eca1cb,2025-05-09,2021-06-08,True,pdf,ok,76,8,2285,0
cbo_2d6a97e68e,CBO,cbo_beo,forecast_narrative,corpus,Budget and Economic Outlook and Updates (Jul 2021),https://www.cbo.gov/publication/57218,2021-07-01,exact,cbo.revenue.customs_duties__2025;cbo.outlay.other_mandatory__2023;cbo.revenue.miscellaneous_receipts__2023,cbo_2021-07,raw/documents/cbo/pilot/cbo_beo/57218-Outlook.pdf,PDF https://www.cbo.gov/system/files/2021-07/57218-Outlook.pdf,f4ea01e236106ffd2c389e2993dbf938a4b44d44515c4ddf04a34a6cc9011e7d,2025-05-09,2021-07-01,True,pdf,ok,58,5,3336,0
cbo_d52064278e,CBO,cbo_mbr,in_period_commentary,corpus,Monthly Budget Review (Jul 2021),https://www.cbo.gov/publication/57288,2021-07-09,exact,cbo.revenue.customs_duties__2025;cbo.outlay.other_mandatory__2023;cbo.revenue.miscellaneous_receipts__2023,,raw/documents/cbo/pilot/cbo_mbr/57288-MBR.pdf,PDF https://www.cbo.gov/system/files/2021-07/57288-MBR.pdf,510fe1c9f90f73ba9dd2dec71a0b33f47f34fe60e1f750612f137a51a8e20267,2025-05-09,2021-07-09,True,pdf,ok,76,8,2316,0
cbo_dd97059bce,CBO,cbo_beo,forecast_narrative,corpus,Budget and Economic Outlook and Updates (Jul 2021),https://www.cbo.gov/publication/57263,2021-07-21,exact,cbo.revenue.customs_duties__2025;cbo.outlay.other_mandatory__2023;cbo.revenue.miscellaneous_receipts__2023,,raw/documents/cbo/pilot/cbo_beo/57263-outlook.pdf,PDF https://www.cbo.gov/system/files/2021-07/57263-outlook.pdf,a785793fdc47ac1714d7d113355a4edd650bbc10e5751e26558ef5c78d8a3b4b,2025-05-09,2021-07-21,True,pdf,ok,970,88,3354,3
cbo_768c7ceb9b,CBO,cbo_apb,forecast_narrative,corpus,Analysis of the President's Budget (Jul 2021),https://www.cbo.gov/publication/57358,2021-07-30,exact,cbo.revenue.customs_duties__2025;cbo.outlay.other_mandatory__2023;cbo.revenue.miscellaneous_receipts__2023,,raw/documents/cbo/pilot/cbo_apb/57358,"publication page: CBO published the report text on the page and its tables as a workbook (raw/manual/pilot/cbo_768c7ceb9b.xlsx, downloaded in a browser)",8d8076657e3ee2294d122908364f59a4e22bc7f5ea83c615209d0792992aff05,2026-03-11,2021-07-30,True,html,ok (html),20,1,5791,0
cbo_9982a803ae,CBO,cbo_mbr,in_period_commentary,corpus,Monthly Budget Review (Aug 2021),https://www.cbo.gov/publication/57349,2021-08-09,exact,cbo.revenue.customs_duties__2025;cbo.outlay.other_mandatory__2023;cbo.revenue.miscellaneous_receipts__2023,,raw/documents/cbo/pilot/cbo_mbr/57349-MBR.pdf,PDF https://www.cbo.gov/system/files/2021-08/57349-MBR.pdf,435f964b8d0b840821279f7d531c4b38a24b973dac3c6fd0946da99d9a457756,2025-05-09,2021-08-09,True,pdf,ok,88,9,2367,0
cbo_a72367d9b2,CBO,cbo_mbr,in_period_commentary,corpus,Monthly Budget Review (Sep 2021),https://www.cbo.gov/publication/57419,2021-09-09,exact,cbo.revenue.customs_duties__2025;cbo.outlay.other_mandatory__2023;cbo.revenue.miscellaneous_receipts__2023,,raw/documents/cbo/pilot/cbo_mbr/57419-MBR.pdf,PDF https://www.cbo.gov/system/files/2021-09/57419-MBR.pdf,73e2c7759c42493b43da4e067f9f9ff831eaa9529a65bb2893d4d4e1e10efc78,2022-07-04,2021-09-09,True,pdf,ok,80,8,2509,0
cbo_ad0a6f62d0,CBO,cbo_mbr,in_period_commentary,corpus,Monthly Budget Review (Oct 2021),https://www.cbo.gov/publication/57476,2021-10-08,exact,cbo.revenue.customs_duties__2025;cbo.outlay.other_mandatory__2023;cbo.revenue.miscellaneous_receipts__2023,,raw/documents/cbo/pilot/cbo_mbr/57476-MBR.pdf,PDF https://www.cbo.gov/system/files/2021-10/57476-MBR.pdf,31da2c0acbe000556c4b3cbe0e7af48d99d574fc25a55696a9c53ed5de80d6dc,2025-05-09,2021-10-08,True,pdf,ok,81,8,2332,0
cbo_0ce3cfa915,CBO,cbo_mbr,in_period_commentary,corpus,Monthly Budget Review (Nov 2021),https://www.cbo.gov/publication/57539,2021-11-08,exact,cbo.revenue.customs_duties__2025;cbo.outlay.other_mandatory__2023;cbo.revenue.miscellaneous_receipts__2023,,raw/documents/cbo/pilot/cbo_mbr/57539-MBR.pdf,PDF https://www.cbo.gov/system/files/2021-11/57539-MBR.pdf,2c40902020a67b54c5ac440a726a3831f3ec9249789226082b4d2fdb90045cba,2025-05-09,2021-11-08,True,pdf,ok,66,8,2361,0
cbo_66857e4056,CBO,cbo_mbr,in_period_commentary,corpus,Monthly Budget Review (Dec 2021),https://www.cbo.gov/publication/57613,2021-12-08,exact,cbo.revenue.customs_duties__2025;cbo.outlay.other_mandatory__2023;cbo.revenue.miscellaneous_receipts__2023,,raw/documents/cbo/pilot/cbo_mbr/57613_MBR.pdf,PDF https://www.cbo.gov/system/files/2021-12/57613_MBR.pdf,4090c9bd157f27044a604c2364fcc1420021f3d9d6a64a5d93710588a328a0fe,2022-07-04,2021-12-08,True,pdf,ok,59,6,2082,0
cbo_44341f820d,CBO,cbo_mbr,in_period_commentary,corpus,Monthly Budget Review (Jan 2022),https://www.cbo.gov/publication/57667,2022-01-10,exact,cbo.revenue.customs_duties__2025;cbo.outlay.other_mandatory__2023;cbo.revenue.miscellaneous_receipts__2023,,raw/documents/cbo/pilot/cbo_mbr/57667-MBR.pdf,PDF https://www.cbo.gov/system/files/2022-01/57667-MBR.pdf,5e0ca0d950d8ba7c5bf73b6c1fbe5abc7aee3cbb5d0c7b78aab2890dff33f79c,2025-05-09,2022-01-10,True,pdf,ok,64,7,2178,0
cbo_6037869821,CBO,cbo_mbr,in_period_commentary,corpus,Monthly Budget Review (Feb 2022),https://www.cbo.gov/publication/57759,2022-02-08,exact,cbo.revenue.customs_duties__2025;cbo.outlay.other_mandatory__2023;cbo.revenue.miscellaneous_receipts__2023,,raw/documents/cbo/pilot/cbo_mbr/57759-MBR.pdf,PDF https://www.cbo.gov/system/files/2022-02/57759-MBR.pdf,b4f24c09d1020104f4bb11535167e55b7c186e6cd644ccc6065929765be211ae,2022-07-04,2022-02-08,True,pdf,ok,64,7,2015,0
cbo_d3bf6db2c6,CBO,cbo_mbr,in_period_commentary,corpus,Monthly Budget Review (Mar 2022),https://www.cbo.gov/publication/57841,2022-03-08,exact,cbo.revenue.customs_duties__2025;cbo.outlay.other_mandatory__2023;cbo.revenue.miscellaneous_receipts__2023,,raw/documents/cbo/pilot/cbo_mbr/57841-MBR.pdf,PDF https://www.cbo.gov/system/files/2022-03/57841-MBR.pdf,f787175a808a63459d906f00616cc7aed166607a74e9bb536e12ff742ceb1509,2025-05-09,2022-03-08,True,pdf,ok,63,7,2006,0
cbo_738b86b88c,CBO,cbo_mbr,in_period_commentary,corpus,Monthly Budget Review (Apr 2022),https://www.cbo.gov/publication/57909,2022-04-08,exact,cbo.revenue.customs_duties__2025;cbo.outlay.other_mandatory__2023;cbo.revenue.miscellaneous_receipts__2023,,raw/documents/cbo/pilot/cbo_mbr/57909-MBR.pdf,PDF https://www.cbo.gov/system/files/2022-04/57909-MBR.pdf,7b12e515fc93cae4d464d91d864a32e8ffcc91c26fd62926ceb6c99aa3623cea,2025-05-09,2022-04-08,True,pdf,ok,68,7,2130,0
cbo_6dda5a0b73,CBO,cbo_mbr,in_period_commentary,corpus,Monthly Budget Review (May 2022),https://www.cbo.gov/publication/57974,2022-05-09,exact,cbo.revenue.customs_duties__2025;cbo.outlay.other_mandatory__2023;cbo.revenue.miscellaneous_receipts__2023,,raw/documents/cbo/pilot/cbo_mbr/57974-MBR.pdf,PDF https://www.cbo.gov/system/files/2022-05/57974-MBR.pdf,153b0318cc1f4c121799deb66236a99b457aaba144fc08096376e09ec33afb88,2022-07-04,2022-05-09,True,pdf,ok,72,7,2520,0
cbo_8b1555ccc3,CBO,cbo_beo,forecast_narrative,corpus,Budget and Economic Outlook and Updates (May 2022),https://www.cbo.gov/publication/57950,2022-05-25,exact,cbo.revenue.customs_duties__2025;cbo.outlay.other_mandatory__2023;cbo.revenue.miscellaneous_receipts__2023,cbo_2022-05,raw/documents/cbo/pilot/cbo_beo/57950-Outlook.pdf,PDF https://www.cbo.gov/system/files/2022-05/57950-Outlook.pdf,6e1bfe8c866c8db00a91c9ba901246c252e638eb18952ac6b48ab06d1c7b9cb0,2025-05-09,2022-05-25,True,pdf,ok,1642,150,3496,7
cbo_324a4e4817,CBO,cbo_mbr,in_period_commentary,corpus,Monthly Budget Review (Jun 2022),https://www.cbo.gov/publication/58111,2022-06-08,exact,cbo.revenue.customs_duties__2025;cbo.outlay.other_mandatory__2023,,raw/documents/cbo/pilot/cbo_mbr/58111-MBR.pdf,PDF https://www.cbo.gov/system/files/2022-06/58111-MBR.pdf,63c2dbfc1f30861ec2c742a19aefe6bf08cc34066110df8a30543d70dafb049f,2022-07-04,2022-06-08,True,pdf,ok,74,7,2349,0
cbo_711c54b7bc,CBO,cbo_apb,forecast_narrative,corpus,Analysis of the President's Budget (Jul 2022),https://www.cbo.gov/publication/57972,2022-07-01,exact,cbo.revenue.customs_duties__2025;cbo.outlay.other_mandatory__2023,,raw/documents/cbo/pilot/cbo_apb/57972-APB-discretionary.pdf,PDF https://www.cbo.gov/system/files/2022-07/57972-APB-discretionary.pdf,fc21a0c17db2999476104c7b9b994f1043dd3711d2578313d1dcd912cb5a6492,2022-07-04,2022-07-01,False,pdf,ok,68,7,3367,0
cbo_7fd0044550,CBO,cbo_mbr,in_period_commentary,corpus,Monthly Budget Review (Jul 2022),https://www.cbo.gov/publication/58219,2022-07-11,exact,cbo.revenue.customs_duties__2025;cbo.outlay.other_mandatory__2023,,raw/documents/cbo/pilot/cbo_mbr/58219-MBR.pdf,PDF https://www.cbo.gov/system/files/2022-07/58219-MBR.pdf,68df7aa477f3685d8a1864c66fe470fff79473231dc3e119fc47d13918cb2db7,2022-07-11,2022-07-11,False,pdf,ok,74,7,2379,0
cbo_8f8c9ce88c,CBO,cbo_mbr,in_period_commentary,corpus,Monthly Budget Review (Aug 2022),https://www.cbo.gov/publication/58266,2022-08-08,exact,cbo.revenue.customs_duties__2025;cbo.outlay.other_mandatory__2023,,raw/documents/cbo/pilot/cbo_mbr/58266-MBR.pdf,PDF https://www.cbo.gov/system/files/2022-08/58266-MBR.pdf,858ffad7a94a90ab8ec10a216759400f53dbae2b74e4d96193aa3fa02c00cad4,2022-08-25,2022-08-08,True,pdf,ok,78,7,2602,0
cbo_c4793abc5c,CBO,cbo_mbr,in_period_commentary,corpus,Monthly Budget Review (Sep 2022),https://www.cbo.gov/publication/58416,2022-09-09,exact,cbo.revenue.customs_duties__2025;cbo.outlay.other_mandatory__2023,,raw/documents/cbo/pilot/cbo_mbr/58416-08-MBR.pdf,PDF https://www.cbo.gov/system/files/2022-09/58416-08-MBR.pdf,2d7f42766277541e7ed6c87a03d56fd6c3144461cef952c261a02b68e8358311,2025-05-09,2022-09-09,True,pdf,ok,75,7,2741,0
cbo_75db85f070,CBO,cbo_apb,forecast_narrative,corpus,Analysis of the President's Budget (Sep 2022),https://www.cbo.gov/publication/58417,2022-09-13,exact,cbo.revenue.customs_duties__2025;cbo.outlay.other_mandatory__2023,,raw/documents/cbo/pilot/cbo_apb/58417-APB.pdf,PDF https://www.cbo.gov/system/files/2022-09/58417-APB.pdf,cbaf980316286d7b7dc98632ee9f8821405cb431f627feba1a7067ac03ddf5e7,2025-05-09,2022-09-13,True,pdf,ok,158,13,3974,0
cbo_4bcd138c89,CBO,cbo_mbr,in_period_commentary,corpus,Monthly Budget Review (Oct 2022),https://www.cbo.gov/publication/58493,2022-10-11,exact,cbo.revenue.customs_duties__2025;cbo.outlay.other_mandatory__2023,,raw/documents/cbo/pilot/cbo_mbr/58493-09_MBR.pdf,PDF https://www.cbo.gov/system/files/2022-10/58493-09_MBR.pdf,67a9d5a9038b0c60ddbb36bca3fbed55b3940808efd7e85621ecd5d80fcafa7e,2022-10-11,2022-10-11,False,pdf,ok,86,9,2409,0
cbo_69dd9f8e8d,CBO,cbo_mbr,in_period_commentary,corpus,Monthly Budget Review (Nov 2022),https://www.cbo.gov/publication/58592,2022-11-08,exact,cbo.revenue.customs_duties__2025;cbo.outlay.other_mandatory__2023,,raw/documents/cbo/pilot/cbo_mbr/58592-MBR.pdf,PDF https://www.cbo.gov/system/files/2022-11/58592-MBR.pdf,413caa99e275db458254fde32b888bdab5dd490fccd2a75eaba95055c2b65505,2025-05-09,2022-11-08,True,pdf,ok,80,9,2588,0
cbo_28226b6b2e,CBO,cbo_beo,forecast_narrative,corpus,Budget and Economic Outlook and Updates (Nov 2022),https://www.cbo.gov/publication/58757,2022-11-30,exact,cbo.revenue.customs_duties__2025;cbo.outlay.other_mandatory__2023,,raw/documents/cbo/pilot/cbo_beo/58757-Economy.pdf_7ae9d35a,PDF https://www.cbo.gov/system/files/2022-11/58757-Economy.pdf,459077e231d84434eb19ecce40834ae8289ea721876b79a8e6f555454bda8d56,2022-12-14,2022-11-30,True,pdf,ok,65,6,3796,0
cbo_e0b42f2b55,CBO,cbo_mbr,in_period_commentary,corpus,Monthly Budget Review (Dec 2022),https://www.cbo.gov/publication/58756,2022-12-08,exact,cbo.revenue.customs_duties__2025;cbo.outlay.other_mandatory__2023,,raw/documents/cbo/pilot/cbo_mbr/58756-MBR.pdf,PDF https://www.cbo.gov/system/files/2022-12/58756-MBR.pdf,6997799a82d0ddc3bc6c0f409a1e34cf975e30b3f5a8174e2c35af71e9886905,2022-12-08,2022-12-08,False,pdf,ok,62,6,2153,0
cbo_27749de204,CBO,cbo_mbr,in_period_commentary,corpus,Monthly Budget Review (Jan 2023),https://www.cbo.gov/publication/58862,2023-01-10,exact,cbo.revenue.customs_duties__2025;cbo.outlay.other_mandatory__2023,,raw/documents/cbo/pilot/cbo_mbr/58862-MBR.pdf,PDF https://www.cbo.gov/system/files/2023-01/58862-MBR.pdf,4b913365f75392df95abe4cfa91948b921fef40f4386df5a76e953597ecbc080,2025-05-09,2023-01-10,True,pdf,ok,76,7,2091,0
cbo_5435e848ae,CBO,cbo_mbr,in_period_commentary,corpus,Monthly Budget Review (Feb 2023),https://www.cbo.gov/publication/58882,2023-02-08,exact,cbo.revenue.customs_duties__2025;cbo.outlay.other_mandatory__2023,,raw/documents/cbo/pilot/cbo_mbr/58882-MBR.pdf,PDF https://www.cbo.gov/system/files/2023-02/58882-MBR.pdf,d8248c4e374ea27f70e94077840aa2468cca19f7bb4e6b57c261780a1e783ed1,2023-02-08,2023-02-08,False,pdf,ok,72,7,2180,0
cbo_72234d6054,CBO,cbo_beo,forecast_narrative,corpus,Budget and Economic Outlook and Updates (Feb 2023),https://www.cbo.gov/publication/58848,2023-02-15,exact,cbo.revenue.customs_duties__2025;cbo.outlay.other_mandatory__2023,cbo_2023-02,raw/documents/cbo/pilot/cbo_beo/58848-Outlook.pdf,PDF https://www.cbo.gov/system/files/2023-02/58848-Outlook.pdf,388a8f7b64c494d753832d5a632ac3b745929c2354d3589442128ff4c51490b8,2025-05-09,2023-02-15,True,pdf,ok,1126,101,3376,5
cbo_e24218830c,CBO,cbo_mbr,in_period_commentary,corpus,Monthly Budget Review (Mar 2023),https://www.cbo.gov/publication/58938,2023-03-08,exact,cbo.revenue.customs_duties__2025;cbo.outlay.other_mandatory__2023,,raw/documents/cbo/pilot/cbo_mbr/58938-MBR.pdf,PDF https://www.cbo.gov/system/files/2023-03/58938-MBR.pdf,e2d4f726ea2eae80148249eac145bb4103a1fb97bda02ca32fdffc6adbe2a1e4,2023-03-08,2023-03-08,False,pdf,ok,74,7,2183,0
cbo_93ef56495d,CBO,cbo_mbr,in_period_commentary,corpus,Monthly Budget Review (Apr 2023),https://www.cbo.gov/publication/58995,2023-04-10,exact,cbo.revenue.customs_duties__2025;cbo.outlay.other_mandatory__2023,,raw/documents/cbo/pilot/cbo_mbr/58995-MBR.pdf,PDF https://www.cbo.gov/system/files/2023-04/58995-MBR.pdf,91c6353e1ec2ea8f5c082ac53577db290a04b51462850a6ff0111b8cf284cf88,2023-04-10,2023-04-10,False,pdf,ok,76,7,2313,0
cbo_b81869f7f8,CBO,cbo_mbr,in_period_commentary,corpus,Monthly Budget Review (May 2023),https://www.cbo.gov/publication/59053,2023-05-08,exact,cbo.revenue.customs_duties__2025;cbo.outlay.other_mandatory__2023,,raw/documents/cbo/pilot/cbo_mbr/59053-MBR.pdf,PDF https://www.cbo.gov/system/files/2023-05/59053-MBR.pdf,317fc9e6a42b17c3e674af38d847182a1997248a05503803c9e5f3272966439b,2025-05-09,2023-05-08,True,pdf,ok,78,7,2453,0
cbo_910aabd4f6,CBO,cbo_beo,forecast_narrative,corpus,Budget and Economic Outlook and Updates (May 2023),https://www.cbo.gov/publication/59096,2023-05-12,exact,cbo.revenue.customs_duties__2025;cbo.outlay.other_mandatory__2023,cbo_2023-05,raw/documents/cbo/pilot/cbo_beo/59096-Budget-Outlook.pdf,PDF https://www.cbo.gov/system/files/2023-05/59096-Budget-Outlook.pdf,0ca03aa8990691ac7976478e362211594653291ee4ddafeaf67121a0d7e7a5e2,2025-05-09,2023-05-12,True,pdf,ok,208,24,2908,1
cbo_860e6fd039,CBO,cbo_apb,forecast_narrative,corpus,Analysis of the President's Budget (May 2023),https://www.cbo.gov/publication/59097,2023-05-18,exact,cbo.revenue.customs_duties__2025,,raw/documents/cbo/pilot/cbo_apb/59097-APB.pdf,PDF https://www.cbo.gov/system/files/2023-05/59097-APB.pdf,f385e543bd9467d8f5f92bf179d5b64b1adeaad1868a117b6b3aa2c920ddb0c0,2023-05-18,2023-05-18,False,pdf,ok,95,8,3798,0
cbo_851b25e94b,CBO,cbo_mbr,in_period_commentary,corpus,Monthly Budget Review (Jun 2023),https://www.cbo.gov/publication/59134,2023-06-08,exact,cbo.revenue.customs_duties__2025,,raw/documents/cbo/pilot/cbo_mbr/59134-MBR.pdf_162eeaab,PDF https://www.cbo.gov/system/files/2023-06/59134-MBR.pdf,5b06e49d7f49b22e726b8ae75801c2382e3aec4b2de1311f1dc5440ade41061a,2025-05-09,2023-06-08,True,pdf,ok,84,8,2193,0
cbo_10df642e93,CBO,cbo_mbr,in_period_commentary,corpus,Monthly Budget Review (Jul 2023),https://www.cbo.gov/publication/59255,2023-07-11,exact,cbo.revenue.customs_duties__2025,,raw/documents/cbo/pilot/cbo_mbr/59255-MBR.pdf,PDF https://www.cbo.gov/system/files/2023-07/59255-MBR.pdf,b4124007a5ad4fe91121ae59f7382d0cc0db8a256eb9eea515eb6a03d367b610,2025-05-09,2023-07-11,True,pdf,ok,82,8,2418,0
cbo_54158258da,CBO,cbo_beo,forecast_narrative,corpus,Budget and Economic Outlook and Updates (Jul 2023),https://www.cbo.gov/publication/59258,2023-07-26,exact,cbo.revenue.customs_duties__2025,,raw/documents/cbo/pilot/cbo_beo/59258-econ-outlook.pdf,PDF https://www.cbo.gov/system/files/2023-07/59258-econ-outlook.pdf,13db6b76be93e499b779bdb2a03dda6991287cc0bf2f1ca8f368b6593ba23bba,2023-07-25,2023-07-26,False,pdf,ok,146,13,3388,0
cbo_178e64da34,CBO,cbo_mbr,in_period_commentary,corpus,Monthly Budget Review (Aug 2023),https://www.cbo.gov/publication/59377,2023-08-08,exact,cbo.revenue.customs_duties__2025,,raw/documents/cbo/pilot/cbo_mbr/59377-MBR.pdf,PDF https://www.cbo.gov/system/files/2023-08/59377-MBR.pdf,27d5af05828148b19821acd13adcab4457436c29d6e8274fb0abea7c12124020,2025-05-09,2023-08-08,True,pdf,ok,77,8,2486,0
cbo_846aa38fb7,CBO,cbo_mbr,in_period_commentary,corpus,Monthly Budget Review (Sep 2023),https://www.cbo.gov/publication/59474,2023-09-11,exact,cbo.revenue.customs_duties__2025,,raw/documents/cbo/pilot/cbo_mbr/59474-MBR.pdf,PDF https://www.cbo.gov/system/files/2023-09/59474-MBR.pdf,e95352a50bc6ac963859135390ea718dd58b641cfbcc3a93598200f9cbe125f9,2025-05-09,2023-09-11,True,pdf,ok,80,8,2389,0
cbo_971f3a5f0b,CBO,cbo_mbr,in_period_commentary,corpus,Monthly Budget Review (Oct 2023),https://www.cbo.gov/publication/59544,2023-10-10,exact,cbo.revenue.customs_duties__2025,,raw/documents/cbo/pilot/cbo_mbr/59544.pdf,PDF https://www.cbo.gov/system/files/2023-10/59544.pdf,b9f9cf62db6da7dd955f17cb74928fe335a02a8cb6451e2b5a87de7a7ae75a35,2025-05-09,2023-10-10,True,pdf,ok,84,9,2501,0
cbo_f6890b6c2e,CBO,cbo_mbr,in_period_commentary,corpus,Monthly Budget Review (Nov 2023),https://www.cbo.gov/publication/59640,2023-11-08,exact,cbo.revenue.customs_duties__2025,,raw/documents/cbo/pilot/cbo_mbr/59640-MBR.pdf,PDF https://www.cbo.gov/system/files/2023-11/59640-MBR.pdf,08411941398e59a22394a33eaab2bd4bb1d96f06fa6f6416e610a2a303ae08ef,2025-05-09,2023-11-08,True,pdf,ok,81,9,2594,0
cbo_f7fa358f7b,CBO,cbo_mbr,in_period_commentary,corpus,Monthly Budget Review (Dec 2023),https://www.cbo.gov/publication/59726,2023-12-08,exact,cbo.revenue.customs_duties__2025,,raw/documents/cbo/pilot/cbo_mbr/59726-MBR.pdf,PDF https://www.cbo.gov/system/files/2023-12/59726-MBR.pdf,d4bcad6c2d0cae687b461548c3fdc3c030a45dc83f71bb23ca634db0ef85b4ff,2023-12-08,2023-12-08,False,pdf,ok,64,7,2191,0
cbo_82ff4429a0,CBO,cbo_beo,forecast_narrative,corpus,Budget and Economic Outlook and Updates (Dec 2023),https://www.cbo.gov/publication/59837,2023-12-15,exact,cbo.revenue.customs_duties__2025,,raw/documents/cbo/pilot/cbo_beo/59837-Economy.pdf_5a45fac0,PDF https://www.cbo.gov/system/files/2023-12/59837-Economy.pdf,c9134f90f91f335e2184b628c7bc02d7ed68dc145ba85bdbb396b244e1b9ecc1,2025-05-09,2023-12-15,True,pdf,ok,31,3,2755,0
cbo_03c0bc8687,CBO,cbo_mbr,in_period_commentary,corpus,Monthly Budget Review (Jan 2024),https://www.cbo.gov/publication/59821,2024-01-09,exact,cbo.revenue.customs_duties__2025,,raw/documents/cbo/pilot/cbo_mbr/59821-MBR_0.pdf_162eeaab,PDF https://www.cbo.gov/system/files/2024-01/59821-MBR_0.pdf,874a7edb700e422702f75a678ecd6d6f741649aad26c8eadf85e3e74e8171c3b,2025-05-09,2024-01-09,True,pdf,ok,64,7,2324,0
cbo_dee9824f61,CBO,cbo_beo,forecast_narrative,corpus,Budget and Economic Outlook and Updates (Feb 2024),https://www.cbo.gov/publication/59710,2024-02-07,exact,cbo.revenue.customs_duties__2025,cbo_2024-02,raw/documents/cbo/pilot/cbo_beo/59710-Outlook-2024.pdf,PDF https://www.cbo.gov/system/files/2024-02/59710-Outlook-2024.pdf,975f00bc7018fc518a9a9bd77e050afdbd37ebd86eb7b4a924f668bb1f70d99a,2025-05-09,2024-02-07,True,pdf,ok,1154,102,3502,2
cbo_ea4040e789,CBO,cbo_mbr,in_period_commentary,corpus,Monthly Budget Review (Feb 2024),https://www.cbo.gov/publication/59822,2024-02-08,exact,cbo.revenue.customs_duties__2025,,raw/documents/cbo/pilot/cbo_mbr/59822_MBR.pdf,PDF https://www.cbo.gov/system/files/2024-02/59822%C2%ADMBR.pdf,70f37f57df3bc243f86398c1dd07c468a221703abb103e1222f726f921ad8a65,2025-05-09,2024-02-08,True,pdf,ok,66,7,2358,0
cbo_3ce25c16ef,CBO,cbo_mbr,in_period_commentary,corpus,Monthly Budget Review (Mar 2024),https://www.cbo.gov/publication/59973,2024-03-08,exact,cbo.revenue.customs_duties__2025,,raw/documents/cbo/pilot/cbo_mbr/59973-MBR.pdf,PDF https://www.cbo.gov/system/files/2024-03/59973-MBR.pdf,17b3dd71f83ecdc1d653da18eff280931cf7ca64b30437d0346b34bdf98c0c7a,2024-03-08,2024-03-08,False,pdf,ok,65,7,2452,0
cbo_8067cb2d89,CBO,cbo_mbr,in_period_commentary,corpus,Monthly Budget Review (Apr 2024),https://www.cbo.gov/publication/60115,2024-04-08,exact,cbo.revenue.customs_duties__2025,,raw/documents/cbo/pilot/cbo_mbr/60115-MBR.pdf,PDF https://www.cbo.gov/system/files/2024-04/60115-MBR.pdf,e37cf2242995993a37fd404fb96f7059617b4823163e085daead070892f88296,2025-05-09,2024-04-08,True,pdf,ok,72,8,2365,0
cbo_efb486a2da,CBO,cbo_mbr,in_period_commentary,corpus,Monthly Budget Review (May 2024),https://www.cbo.gov/publication/60193,2024-05-08,exact,cbo.revenue.customs_duties__2025,,raw/documents/cbo/pilot/cbo_mbr/60193-MBR.pdf,PDF https://www.cbo.gov/system/files/2024-05/60193-MBR.pdf,c623ced575294ba0e4dc1bb63e0f55ba5da668a9746abc1e676d0f6414577024,2024-05-08,2024-05-08,False,pdf,ok,71,8,2386,0
cbo_6fc108d204,CBO,cbo_mbr,in_period_commentary,corpus,Monthly Budget Review (Jun 2024),https://www.cbo.gov/publication/60280,2024-06-10,exact,cbo.revenue.customs_duties__2025,,raw/documents/cbo/pilot/cbo_mbr/60280-MBR.pdf,PDF https://www.cbo.gov/system/files/2024-06/60280-MBR.pdf,b30ee53bca7d2c8fb441d066ae3adff292e17f553daf62d34b168044e96a74fc,2025-05-09,2024-06-10,True,pdf,ok,77,7,2490,0
cbo_545b4c4173,CBO,cbo_beo,forecast_narrative,corpus,Budget and Economic Outlook and Updates (Jun 2024),https://www.cbo.gov/publication/60039,2024-06-18,exact,cbo.revenue.customs_duties__2025,cbo_2024-06,raw/documents/cbo/pilot/cbo_beo/60039-Outlook-2024.pdf,PDF https://www.cbo.gov/system/files/2024-06/60039-Outlook-2024.pdf,8fc195bd31a332a0f4ca3682d5b5f7f9e17f49d2f8795f1b311964275233a1ee,2025-05-09,2024-06-18,True,pdf,ok,713,64,3179,3
cbo_0238676e18,CBO,cbo_apb,forecast_narrative,corpus,Analysis of the President's Budget (Jun 2024),https://www.cbo.gov/publication/60041,2024-06-27,exact,cbo.revenue.customs_duties__2025,,raw/manual/pilot/cbo_0238676e18.pdf,manual (downloaded in a browser),45a2f5f18c6f7489cdbd669f4e0f67f6694c6769fe8ac7992b60e25a2fa0bf53,,2024-06-27,False,pdf,ok,94,9,3955,0
cbo_b194307082,CBO,cbo_mbr,in_period_commentary,corpus,Monthly Budget Review (Jul 2024),https://www.cbo.gov/publication/60361,2024-07-09,exact,cbo.revenue.customs_duties__2025,,raw/documents/cbo/pilot/cbo_mbr/60361-MBR.pdf,PDF https://www.cbo.gov/system/files/2024-07/60361-MBR.pdf,f30e51ead11b560c91244d9c29853b70663af05550d756e3911b2fc4ce241e2c,2024-07-09,2024-07-09,False,pdf,ok,79,7,2451,0
cbo_d41534f0d9,CBO,cbo_mbr,in_period_commentary,corpus,Monthly Budget Review (Aug 2024),https://www.cbo.gov/publication/60479,2024-08-08,exact,cbo.revenue.customs_duties__2025,,raw/documents/cbo/pilot/cbo_mbr/60479-MBR.pdf,PDF https://www.cbo.gov/system/files/2024-08/60479-MBR.pdf,fbe00a4efe26f961df89528daa5308ec47d4428347b794889ffd3cda2c3bd685,2025-05-09,2024-08-08,True,pdf,ok,73,7,2343,0
cbo_9c9a9e3be3,CBO,cbo_mbr,in_period_commentary,corpus,Monthly Budget Review (Sep 2024),https://www.cbo.gov/publication/60592,2024-09-10,exact,cbo.revenue.customs_duties__2025,,raw/documents/cbo/pilot/cbo_mbr/60592-MBR.pdf,PDF https://www.cbo.gov/system/files/2024-09/60592-MBR.pdf,1975443a349d39829029507b081527e1151e346de900dbb3f4dc1823b17c96e9,2025-05-09,2024-09-10,True,pdf,ok,79,8,2342,0
cbo_5bd20984d5,CBO,cbo_apb,forecast_narrative,corpus,Analysis of the President's Budget (Oct 2024),https://www.cbo.gov/publication/60438,2024-10-04,exact,cbo.revenue.customs_duties__2025,,raw/documents/cbo/pilot/cbo_apb/60438-APB.pdf,PDF https://www.cbo.gov/system/files/2024-10/60438-APB.pdf,c108ae3d5d3c8fa2dab89cf1d0a462361beadffd41b503d51cf6f73fe32c04ea,2024-10-04,2024-10-04,False,pdf,ok,141,13,4304,0
cbo_3112e1a26a,CBO,cbo_mbr,in_period_commentary,corpus,Monthly Budget Review (Oct 2024),https://www.cbo.gov/publication/60730,2024-10-08,exact,cbo.revenue.customs_duties__2025,,raw/documents/cbo/pilot/cbo_mbr/60730-MBR.pdf,PDF https://www.cbo.gov/system/files/2024-10/60730-MBR.pdf,118169380614d8e71b44ef04ee1f17376a0859d2c0c46b506f37e16cfebef626,2025-05-09,2024-10-08,True,pdf,ok,79,8,2363,0
cbo_d35aa72e64,CBO,cbo_mbr,in_period_commentary,corpus,Monthly Budget Review (Nov 2024),https://www.cbo.gov/publication/60843,2024-11-08,exact,cbo.revenue.customs_duties__2025,,raw/documents/cbo/pilot/cbo_mbr/60843-MBR.pdf_5a45fac0,PDF https://www.cbo.gov/system/files/2024-11/60843-MBR.pdf,e2c210e67ec16c1736c62caf0f7f61c7da078f68f7d8eef6f8fef17901ccd6d3,2025-05-09,2024-11-08,True,pdf,ok,79,8,2402,0
cbo_a72f4a4920,CBO,cbo_mbr,in_period_commentary,corpus,Monthly Budget Review (Dec 2024),https://www.cbo.gov/publication/60844,2024-12-09,exact,cbo.revenue.customs_duties__2025,,raw/documents/cbo/pilot/cbo_mbr/60844-MBR.pdf,PDF https://www.cbo.gov/system/files/2024-12/60844-MBR.pdf,e6dd2d038089b602da3029a2bd3a6fc3a1f2f102897eee5166eff80a62dbd13a,2025-05-09,2024-12-09,True,pdf,ok,36,6,2046,0
cbo_4cedef42fb,CBO,cbo_beo,forecast_narrative,corpus,Budget and Economic Outlook and Updates (Dec 2024),https://www.cbo.gov/publication/60890,2024-12-18,exact,cbo.revenue.customs_duties__2025,,raw/documents/cbo/pilot/cbo_beo/60890-Economy.pdf,PDF https://www.cbo.gov/system/files/2024-12/60890-Economy.pdf,c1d9c51d9ca3206b272e41075cbd176ceab5066abde9c776976d5aee3f935e26,2024-12-18,2024-12-18,False,pdf,ok,31,3,2441,0
cbo_854675c0a6,CBO,cbo_mbr,in_period_commentary,corpus,Monthly Budget Review (Jan 2025),https://www.cbo.gov/publication/61151,2025-01-10,exact,cbo.revenue.customs_duties__2025,,raw/documents/cbo/pilot/cbo_mbr/61151-MBR.pdf,PDF https://www.cbo.gov/system/files/2025-01/61151-MBR.pdf,ad49e5155428513710cd6bed87d78e1c76b6521824c4317cb096f6a020eaebf7,2025-05-09,2025-01-10,True,pdf,ok,41,6,2308,0
cbo_852c91278f,CBO,cbo_beo,forecast_narrative,corpus,Budget and Economic Outlook and Updates (Jan 2025),https://www.cbo.gov/publication/60870,2025-01-17,exact,cbo.revenue.customs_duties__2025,cbo_2025-01,raw/documents/cbo/pilot/cbo_beo/60870-Outlook-2025.pdf,PDF https://www.cbo.gov/system/files/2025-01/60870-Outlook-2025.pdf,a6b81de4bb932843e25867be0059599ef044007b9c5d8afc298de56ffd892a53,2025-05-09,2025-01-17,True,pdf,ok,554,46,2698,1
cbo_9c10e4359f,CBO,cbo_accuracy,post_hoc_evaluation,post_hoc,Accuracy of CBO’s Baseline Projections (Dec 2023),https://www.cbo.gov/publication/59682,2023-12-15,exact,cbo.outlay.other_mandatory__2023;cbo.revenue.miscellaneous_receipts__2023,,raw/documents/cbo/pilot/cbo_accuracy/59682-Accuracy.pdf,PDF https://www.cbo.gov/system/files/2023-12/59682-Accuracy.pdf,e31c1932ff38e046ad37bc5e3d65af16d45452ed26752bf879c6b3493d6d8f6b,2024-01-16,2023-12-15,True,pdf,ok,154,14,4201,0
cbo_21d1ff1083,CBO,cbo_accuracy,post_hoc_evaluation,post_hoc,Accuracy of CBO’s Baseline Projections (Jan 2026),https://www.cbo.gov/publication/61916,2026-01-16,exact,cbo.revenue.customs_duties__2025,,raw/documents/cbo/pilot/cbo_accuracy/61916-budget-accuracy.pdf,PDF https://www.cbo.gov/system/files/2026-01/61916-budget-accuracy.pdf,e801baaef05817e8b1a53d577d022df03c0938fd4ada6824f0607aeadc01da61,2026-01-16,2026-01-16,False,pdf,ok,136,14,3697,0
cbo_a955150a23,CBO,cbo_accuracy,post_hoc_evaluation,post_hoc,Accuracy of CBO’s Baseline Projections (Aug 2026),https://www.cbo.gov/publication/62552,2026-08-20,exact,cbo.revenue.customs_duties__2025,,raw/manual/pilot/cbo_a955150a23.pdf,manual (downloaded in a browser),9d35b84a48ede1effe0d179f07ce4f5393c700dd50bdbb71e49d8506ca3c3b03,,2026-08-20,False,pdf,ok,362,38,3268,1
obr_03aa93526e,OBR,efo,other,corpus,Executive Summary - July 2015,https://obr.uk/download/executive-summary-july-2015/,2015-07-08,exact,obr.apd__2020-21;obr.fuel__2020-21,obr_2015-07,raw/manual/pilot/obr_03aa93526e.pdf,manual (downloaded in a browser),d77da2da005851118ce1cb06682980fe69b24e0d0a5ad7076170fc549ddd30dc,,2015-07-08,False,pdf,ok,71,18,2303,0
obr_07712e2fb4,OBR,efo,other,corpus,Devolved taxes forecast – July 2015,https://obr.uk/download/devolved-taxes-forecast-july-2015/,2015-07-08,exact,obr.apd__2020-21;obr.fuel__2020-21,obr_2015-07,raw/documents/obr/pilot/efo/Devolved-taxes-forecast-July-2015.pdf,archived elsewhere: https://obr.uk/docs/dlm_uploads/Devolved-taxes-forecast-July-2015.pdf,3690596c65489dda6193a8200125e04bbd60118a24064a4ad4b9ac9cdc9e3801,2021-01-18,2015-07-08,True,pdf,ok,229,36,1563,5
obr_1a9d727a7a,OBR,efo,other,corpus,Student numbers - July 2015 Economic and fiscal outlook,https://obr.uk/download/student-numbers-july-2015-economic-and-fiscal-outlook/,2015-07-08,exact,obr.apd__2020-21;obr.fuel__2020-21,obr_2015-07,raw/documents/obr/pilot/efo/Student-numbers-July-2015-Economic-and-fiscal-outlook.pdf,own link,856488f86f6a88ac4b9b95fa1abf36908188ece79414a650ff7b0e9036c52e1c,2021-01-18,2015-07-08,True,pdf,ok,7,2,1517,0
obr_26a1d627e3,OBR,efo,other,corpus,EFO speaking notes – July 2015,https://obr.uk/download/efo-speaking-notes-july-2015/,2015-07-08,exact,obr.apd__2020-21;obr.fuel__2020-21,obr_2015-07,raw/documents/obr/pilot/efo/July-2015-speaking-note.pdf,own link,fd8b208a08f6f171520148ba0ab5749dce3155b95477b4e0796670da977a85eb,2016-01-20,2015-07-08,True,pdf,ok,28,14,2122,0
obr_2ca0564ec4,OBR,efo,other,corpus,Economic and fiscal outlook press notice - July 2015,https://obr.uk/download/economic-and-fiscal-outlook-press-notice-july-2015/,2015-07-08,exact,obr.apd__2020-21;obr.fuel__2020-21,obr_2015-07,raw/manual/pilot/obr_2ca0564ec4.pdf,manual (downloaded in a browser),5c10ec41f02bc0a1a2b75ed2ae19be30d186cf43eed348b9c7c0f54a4185451f,,2015-07-08,False,pdf,ok,19,5,1935,0
obr_31b2746b23,OBR,efo,other,corpus,Climate Change Levy - July 2015 Economic and fiscal outlook,https://obr.uk/download/climate-change-levy-july-2015-economic-and-fiscal-outlook/,2015-07-08,exact,obr.apd__2020-21;obr.fuel__2020-21,obr_2015-07,raw/documents/obr/pilot/efo/Climate-Change-Levy-July-2015.pdf,own link,3c2c5e03f540fe9bb5b892d4908f40995e7b42986cd12c3c3eb02038af8105f8,2021-01-18,2015-07-08,True,pdf,ok,2,1,1438,0
obr_3be51c36cc,OBR,efo,other,corpus,"Log of substantive contact between the OBR and Treasury Ministers, Special Advisers and their private office staff between 18 March 2015 and 7 July 2015",https://obr.uk/download/log-of-substantive-contact-between-the-obr-and-treasury-ministers-special-advisers-and-their-private-office-staff-between-18-march-2015-and-7-july-2015/,2015-07-08,exact,obr.apd__2020-21;obr.fuel__2020-21,obr_2015-07,raw/documents/obr/pilot/efo/Log-of-contact-EFO-Jul-15-3223.pdf,own link,9f48cf4e70430700481fb7ccb0488515dcb800391a8e5b363ef02ecec16aacbf,2021-01-18,2015-07-08,True,pdf,ok,21,1,1847,0
obr_42eb821484,OBR,efo,other,corpus,Overview – July 2015,https://obr.uk/download/overview-july-2015/,2015-07-08,exact,obr.apd__2020-21;obr.fuel__2020-21,obr_2015-07,raw/manual/pilot/obr_42eb821484.pdf,manual (downloaded in a browser),d644bd104ebb6145c1a1aa5fcf48c42367cd17bd2a818a748df0e243db2b167c,,2015-07-08,False,pdf,ok,12,4,2111,0
obr_454038c0fd,OBR,efo,other,corpus,Correction to Table 1.2 - July 2015 Economic and fiscal outlook,https://obr.uk/download/correction-to-table-1-2-july-2015-economic-and-fiscal-outlook/,2015-07-08,exact,obr.apd__2020-21;obr.fuel__2020-21,obr_2015-07,raw/documents/obr/pilot/efo/Correction-to-Table-1.2-July-2015-Economic-and-fiscal-outlook.pdf,own link,3fda725f11c2f0dab2052263d4f18976da033fd15103f780d176f3999301e032,2021-01-18,2015-07-08,True,pdf,ok,3,1,1252,0
obr_49954183d8,OBR,efo,other,corpus,Student loans forecast - July 2015 Economic and fiscal outlook,https://obr.uk/download/student-loans-forecast-july-2015-economic-and-fiscal-outlook/,2015-07-08,exact,obr.apd__2020-21;obr.fuel__2020-21,obr_2015-07,raw/documents/obr/pilot/efo/Student-loans-forecast-detail-July-2015.pdf,own link,6b619576880cb35db3ad63ee556dcbeb9fbdf16e7c3fdb57a80594998a1f2628,2021-01-18,2015-07-08,True,pdf,ok,5,1,2058,0
obr_6197712455,OBR,efo,other,corpus,"EU transactions forecast (€, calendar years) - July 2015 Economic and fiscal outlook",https://obr.uk/download/eu-transactions-forecast-e-calendar-years-july-2015-economic-and-fiscal-outlook/,2015-07-08,exact,obr.apd__2020-21;obr.fuel__2020-21,obr_2015-07,raw/documents/obr/pilot/efo/EU-calendar-year-July-2015.pdf,own link,a53be1df895ffd4fc836b6e2fc98d0801ae43bf6176b529580d90ce25534d624,2021-01-18,2015-07-08,True,pdf,ok,15,2,2418,0
obr_84c5f9e016,OBR,efo,other,corpus,Correction to Table 4.19 July 2015 Economic and fiscal outlook,https://obr.uk/download/correction-to-table-4-19-july-2015-economic-and-fiscal-outlook/,2015-07-08,exact,obr.apd__2020-21;obr.fuel__2020-21,obr_2015-07,raw/documents/obr/pilot/efo/Correction-to-Table-4.19-_July-2015-Economic-and-fiscal-outlook.pdf,own link,f035d44e6249a1c0e8ccb7af3e886e20064297a7eafaef9299abdeb31176e09c,2021-01-18,2015-07-08,True,pdf,ok,9,1,2754,0
obr_b4569a3a6d,OBR,efo,other,corpus,EFO presentation slides – July 2015,https://obr.uk/download/efo-presentation-slides-july-2015/,2015-07-08,exact,obr.apd__2020-21;obr.fuel__2020-21,obr_2015-07,raw/manual/pilot/obr_b4569a3a6d.pdf,manual (downloaded in a browser),b942c46dae3518c89436e5f3cf69b97d62c29cf7a1e4ccc25770485b22f38b6e,,2015-07-08,False,pdf,ok,86,50,242,0
obr_b551bac32e,OBR,efo,forecast_narrative,corpus,Economic and fiscal outlook - July 2015,https://obr.uk/download/economic-and-fiscal-outlook-july-2015/,2015-07-08,exact,obr.apd__2020-21;obr.fuel__2020-21,obr_2015-07,raw/documents/obr/July-2015-EFO-234224.pdf,own link,2419b83a36137a7e53881dddbbf0a7ef496397726ec873a1e5c8b1afefaa1553,2021-01-18,2015-07-08,True,pdf,ok,1111,221,2155,6
obr_f0cd4a637e,OBR,efo,other,corpus,Data sources - July 2015,https://obr.uk/download/data-sources-july-2015/,2015-07-08,exact,obr.apd__2020-21;obr.fuel__2020-21,obr_2015-07,raw/manual/pilot/obr_f0cd4a637e.xlsx,manual (downloaded in a browser),11600954940d84acebd0109d2efe09b9716c624911768d120400b6ab8467fda4,,2015-07-08,False,xlsx,not text (xlsx),0,0,0,0
obr_e8a368627e,OBR,psf_commentary,in_period_commentary,corpus,Commentary on the public sector finances - June 2015,https://obr.uk/download/commentary-on-the-public-sector-finances-25/,2015-07-31,month_only,obr.apd__2020-21;obr.fuel__2020-21,,raw/documents/obr/pilot/psf_commentary/June-2015-commentary.pdf,archived elsewhere: https://obr.uk/docs/dlm_uploads/June-2015-commentary.pdf,b636748505326b787b4dc4242b4e16d8fd0759e67ff9f5681cbb7c2826a6ea98,2021-01-18,2015-07-31,True,pdf,ok,28,3,2566,0
obr_caa1f1677a,OBR,psf_commentary,in_period_commentary,corpus,Commentary on the public sector finances - July 2015,https://obr.uk/download/commentary-on-the-public-sector-finances-26/,2015-08-31,month_only,obr.apd__2020-21;obr.fuel__2020-21,,raw/documents/obr/pilot/psf_commentary/July-2015-PSF-commentary.pdf,archived elsewhere: https://obr.uk/docs/dlm_uploads/July-2015-PSF-commentary.pdf,c376539c5858ceaf82139a593360d79849200af35f04fa9a058f97b7167bb6f5,2021-01-18,2015-08-31,True,pdf,ok,36,4,2489,0
obr_d9396c3f78,OBR,psf_commentary,in_period_commentary,corpus,Commentary on the public sector finances - August 2015,https://obr.uk/download/commentary-on-the-public-sector-finances-27/,2015-09-30,month_only,obr.apd__2020-21;obr.fuel__2020-21,,raw/documents/obr/pilot/psf_commentary/August-2015-commentary.pdf,archived elsewhere: https://obr.uk/docs/dlm_uploads/August-2015-commentary.pdf,694b17e6a24e0f8696a1cf19dcec29197123312488f006a91f9e029a620cdfbd,2021-01-18,2015-09-30,True,pdf,ok,45,4,2869,0
obr_d647f464fe,OBR,psf_commentary,in_period_commentary,corpus,Commentary on the public sector finances - September 2015,https://obr.uk/download/commentary-on-the-public-sector-finances-28/,2015-10-31,month_only,obr.apd__2020-21;obr.fuel__2020-21,,raw/documents/obr/pilot/psf_commentary/Sep2015-draft-commentaryC.pdf,archived elsewhere: http://budgetresponsibility.org.uk/wordpress/docs/Sep2015-draft-commentaryC.pdf,8055dcb2f559a6c4d031a6a1e88747a18afe293c913fa26d4f80001e46806e2e,2015-09-22,2015-10-31,False,pdf,ok,38,4,2898,0
obr_03e0695c95,OBR,efo,other,corpus,Economic and fiscal outlook press notice - November 2015,https://obr.uk/download/economic-and-fiscal-outlook-press-notice-november-2015/,2015-11-25,exact,obr.apd__2020-21;obr.fuel__2020-21,obr_2015-11,raw/documents/obr/pilot/efo/PressNotice_EFO_November2015.pdf,archived elsewhere: https://obr.uk/docs/dlm_uploads/PressNotice_EFO_November2015.pdf,bdd15e2f4a46c268cfe72bcdb9633ed5996825bc14e81c66f220d31b672a8c55,2021-01-18,2015-11-25,True,pdf,ok,27,4,2396,0
obr_1203ad6f57,OBR,efo,other,corpus,"Log of substantive contact between the OBR and Treasury Ministers, Special Advisers and their private office staff between 8 July 2015 and 24 November 2015",https://obr.uk/download/log-of-substantive-contact-between-the-obr-and-treasury-ministers-special-advisers-and-their-private-office-staff-between-8-july-2015-and-24-november-2015/,2015-11-25,exact,obr.apd__2020-21;obr.fuel__2020-21,obr_2015-11,raw/documents/obr/pilot/efo/Log-of-substantive-contact__EFO___Nov-15.pdf,own link,b6712f4c3325cab9d453f31a07e57ba655ed3916f38929a176a85038878a273b,2021-01-18,2015-11-25,True,pdf,ok,19,1,1759,0
obr_236125478a,OBR,efo,other,corpus,Renewable heat incentive – November 2015 Economic and fiscal outlook,https://obr.uk/download/renewable-heat-incentive-november-2015-economic-and-fiscal-outlook/,2015-11-25,exact,obr.apd__2020-21;obr.fuel__2020-21,obr_2015-11,raw/documents/obr/pilot/efo/Renewable-heat-incentive_November2015.pdf,own link,f11353ab04b0b9cebf06d23160933d69a1e6609d134280fe764c5131ff1a8315,2021-01-18,2015-11-25,True,pdf,ok,2,1,1389,0
obr_339c9bbe10,OBR,efo,other,corpus,Year-by-year changes in the cyclically adjusted current budget (data) – November 2015 Economic and fiscal outlook,https://obr.uk/download/year-by-year-changes-in-the-cyclically-adjusted-current-budget-data-november-2015-economic-and-fiscal-outlook/,2015-11-25,exact,obr.apd__2020-21;obr.fuel__2020-21,obr_2015-11,raw/documents/obr/pilot/efo/year-by-year-changes-in-the-cyclically-adjusted-current-budget-data-november-2015-economic-and-fiscal-outlook.xls,own link,d2ace50d291606d73838c4f37e3a68cc55716a22f022fe561df83ec5d143095c,,2015-11-25,False,xls,not text (xls),0,0,0,0
obr_6ed90647dd,OBR,efo,other,corpus,Tax credits costings – November 2015 Economic and fiscal outlook,https://obr.uk/download/tax-credits-costings-november-2015-economic-and-fiscal-outlook/,2015-11-25,exact,obr.apd__2020-21;obr.fuel__2020-21,obr_2015-11,raw/documents/obr/pilot/efo/Tax-credits-costings_November2015.pdf,own link,2bfe6efedb2c1039b92af503428b8481ba8bd3128a0c7207b77ebe4fefd5ef43,2021-01-18,2015-11-25,True,pdf,ok,52,5,2108,0
obr_7146b754e5,OBR,efo,other,corpus,Data sources - November 2015,https://obr.uk/download/data-sources-november-2015/,2015-11-25,exact,obr.apd__2020-21;obr.fuel__2020-21,obr_2015-11,raw/documents/obr/pilot/efo/data-sources-november-2015.xls,own link,47ffc30088aa302d57364126c0d3e282ecb8c90ead60163fd3319ef0dae15dfa,,2015-11-25,False,xls,not text (xls),0,0,0,0
obr_8ee2b5010a,OBR,efo,other,corpus,Overview – November 2015,https://obr.uk/download/overview-november-2015/,2015-11-25,exact,obr.apd__2020-21;obr.fuel__2020-21,obr_2015-11,raw/manual/pilot/obr_8ee2b5010a.pdf,manual (downloaded in a browser),9a9d9519bcd3dc5558418ea1b67aa7b3c2fdb64aebefa8ef540e42a583810427,,2015-11-25,False,pdf,ok,33,5,2396,0
obr_93d60934f3,OBR,efo,other,corpus,Correction to Table 4.32 - November 2015 Economic and fiscal outlook,https://obr.uk/download/correction-to-table-4-32-november-2015-economic-and-fiscal-outlook/,2015-11-25,exact,obr.apd__2020-21;obr.fuel__2020-21,obr_2015-11,raw/documents/obr/pilot/efo/Correction-Table-4.32-Nov2015.pdf,own link,112807b25c7c6f363bbdea2a1e588cbf2c6d031d8dea0f07d696f43956cab23b,2021-01-18,2015-11-25,True,pdf,ok,3,1,805,0
obr_b011b118ae,OBR,efo,forecast_narrative,corpus,Economic and fiscal outlook - November 2015,https://obr.uk/download/economic-and-fiscal-outlook-november-2015/,2015-11-25,exact,obr.apd__2020-21;obr.fuel__2020-21,obr_2015-11,raw/documents/obr/pilot/efo/EFO_November__2015.pdf,own link,ed0942bb67dcd0f04979b0f004d53574a5ba87f9f3475c334e6d2d62a455b90a,2021-01-18,2015-11-25,True,pdf,ok,1745,246,2338,7
obr_cb88a4729c,OBR,efo,other,corpus,Year-by-year changes in the cyclically adjusted current budget – November 2015 Economic and fiscal outlook,https://obr.uk/download/year-by-year-changes-in-the-cyclically-adjusted-current-budget-november-2015-economic-and-fiscal-outlook/,2015-11-25,exact,obr.apd__2020-21;obr.fuel__2020-21,obr_2015-11,raw/documents/obr/pilot/efo/CACB_November2015.pdf,own link,bc8f275a1dcaae85e2e3061b0041833a006384f684b5c27ccae83eab025c63d9,2021-01-18,2015-11-25,True,pdf,ok,10,3,1598,0
obr_cb9fe3bbe8,OBR,efo,other,corpus,Executive Summary - November 2015,https://obr.uk/download/executive-summary-november-2015/,2015-11-25,exact,obr.apd__2020-21;obr.fuel__2020-21,obr_2015-11,raw/manual/pilot/obr_cb9fe3bbe8.pdf,manual (downloaded in a browser),85954ecb072cbb98aecce8fcca4793cf6537ebf55cc9a796a2879ea8d0c25713,,2015-11-25,False,pdf,ok,125,21,2286,0
obr_e8144f5e8f,OBR,efo,other,corpus,EFO speaking notes – November 2015,https://obr.uk/download/efo-speaking-notes-november-2015/,2015-11-25,exact,obr.apd__2020-21;obr.fuel__2020-21,obr_2015-11,raw/documents/obr/pilot/efo/Speaking-note-November-2015-EFO.pdf,archived elsewhere: https://obr.uk/docs/dlm_uploads/Speaking-note-November-2015-EFO.pdf,c0c98bf02c8dbe65d05f14c57fe8161c365efbcef5b594b1effba9671af1094a,2021-01-18,2015-11-25,True,pdf,ok,31,16,2003,0
obr_ed2aa6953a,OBR,efo,other,corpus,Number of employees paid the National Living Wage - November 2015 Economic and fiscal outlook,https://obr.uk/download/number-of-employees-paid-the-national-living-wage/,2015-11-25,exact,obr.apd__2020-21;obr.fuel__2020-21,obr_2015-11,raw/documents/obr/pilot/efo/Employees-National-Living-Wage.pdf,own link,51cb508c9ae03516eee12ebd2967abef6f0ae49bb982563177b621e1eff412f9,2021-01-18,2015-11-25,True,pdf,ok,14,2,1856,0
obr_f0b744dfca,OBR,efo,other,corpus,EFO presentation slides – November 2015,https://obr.uk/download/efo-presentation-slides-november-2015/,2015-11-25,exact,obr.apd__2020-21;obr.fuel__2020-21,obr_2015-11,raw/manual/pilot/obr_f0b744dfca.pdf,manual (downloaded in a browser),901f718db6057c81849fee371ae202470b4f17c97ee8f9898adbc6e4ff421dfb,,2015-11-25,False,pdf,ok,161,53,305,0
obr_f34002a5ae,OBR,efo,other,corpus,Devolved taxes forecast – November 2015,https://obr.uk/download/devolved-taxes-forecast-november-2015/,2015-11-25,exact,obr.apd__2020-21;obr.fuel__2020-21,obr_2015-11,raw/manual/pilot/obr_f34002a5ae.pdf,manual (downloaded in a browser),5d4c4556d9262db866020c45b44160c7d8177797b19ed3b4a28808160718d3b1,,2015-11-25,False,pdf,ok,175,36,1710,3
obr_872a1ace89,OBR,psf_commentary,in_period_commentary,corpus,Commentary on the public sector finances - November 2015,https://obr.uk/download/commentary-on-the-public-sector-finances-29/,2015-12-31,month_only,obr.apd__2020-21;obr.fuel__2020-21,,raw/manual/pilot/obr_872a1ace89.pdf,manual (downloaded in a browser),36c4fee9a989e38767a3bc0a929ceb0fb6a64e8efedc71bd5def30368a7fc2ab,,2015-12-31,False,pdf,ok,31,5,3071,0
obr_0d26f7efc2,OBR,psf_commentary,in_period_commentary,corpus,Commentary on the public sector finances - December 2015,https://obr.uk/download/commentary-on-the-public-sector-finances-december-2015/,2016-01-31,month_only,obr.apd__2020-21;obr.fuel__2020-21,,raw/documents/obr/pilot/psf_commentary/Dec-2015-Commentary-on-the-Public-Sector-Finances-release.pdf,archived elsewhere: http://budgetresponsibility.org.uk/wordpress/docs/Dec-2015-Commentary-on-the-Public-Sector-Finances-release.pdf,36c4fee9a989e38767a3bc0a929ceb0fb6a64e8efedc71bd5def30368a7fc2ab,2015-12-22,2016-01-31,False,pdf,ok,31,5,3071,0
obr_74f8084e3a,OBR,psf_commentary,in_period_commentary,corpus,Commentary on the public sector finances - January 2016,https://obr.uk/download/commentary-public-sector-finances-january-2016/,2016-02-29,month_only,obr.apd__2020-21;obr.fuel__2020-21,,raw/documents/obr/pilot/psf_commentary/Public-finances-commentary-January-2016.pdf,archived elsewhere: https://obr.uk/docs/dlm_uploads/Public-finances-commentary-January-2016.pdf,b7a05959f5cecaac6a24e9ff59e45600c4b7c9ab6e3e313dd7c2a3deddcb4b34,2021-01-18,2016-02-29,True,pdf,ok,36,6,2696,0
obr_0b7ca35872,OBR,efo,other,corpus,Overview - March 2016,https://obr.uk/download/overview-march-2016/,2016-03-16,exact,obr.apd__2020-21;obr.fuel__2020-21,obr_2016-03,raw/documents/obr/pilot/efo/Overview.pdf,own link,17cb1eefcfced4ac91d7db1f61d518456281272e165345eb90c632636ce859ec,2021-01-18,2016-03-16,True,pdf,ok,19,4,2810,0
obr_11ddd0cc0e,OBR,efo,other,corpus,Economic and fiscal outlook speaking notes - March 2016,https://obr.uk/download/economic-and-fiscal-outlook-speaking-notes-march-2016/,2016-03-16,exact,obr.apd__2020-21;obr.fuel__2020-21,obr_2016-03,raw/documents/obr/pilot/efo/Speaking_note_March_2016.pdf,archived elsewhere: http://budgetresponsibility.org.uk/docs/dlm_uploads/Speaking_note_March_2016.pdf,1e4575dea46403d8123266661668f212d2381b5b9cd5dbbef17a47041fcb852e,2016-03-16,2016-03-16,False,pdf,ok,32,16,2127,0
obr_235572f72b,OBR,efo,other,corpus,Economic and fiscal outlook presentation slides - March 2016,https://obr.uk/download/economic-fiscal-outlook-presentation-slides-march-2016/,2016-03-16,exact,obr.apd__2020-21;obr.fuel__2020-21,obr_2016-03,raw/manual/pilot/obr_235572f72b.pdf,manual (downloaded in a browser),e5bcc878ab169fba729a4964ad3f29bc5692cabf1c251bb9edd74ed46ff64aed,,2016-03-16,False,pdf,ok,113,67,246,0
obr_27fed0de34,OBR,efo,other,corpus,Non-residential SDLT elasticities - March 2016 Economic and fiscal outlook,https://obr.uk/download/non-residential-sdlt-elasticities-march-2017-economic-fiscal-outlook/,2016-03-16,exact,obr.apd__2020-21;obr.fuel__2020-21,obr_2016-03,raw/documents/obr/pilot/efo/non-residential-sdlt-elasticities-march-2017-economic-fiscal-outlook.pdf,own link,51b91c1cced351b492e76c778f421d5c6dfb82312de4369467501d82bc1378f3,,2016-03-16,False,pdf,ok,13,2,2138,0
obr_2bb3a19006,OBR,efo,other,corpus,Executive Summary - March 2016,https://obr.uk/download/executive-summary-march-2016/,2016-03-16,exact,obr.apd__2020-21;obr.fuel__2020-21,obr_2016-03,raw/documents/obr/pilot/efo/Executive-summary-1.pdf,own link,5f0bc51ccf8877463e2218256bb8a3c6e165584b0d3e928f46812534671c8b80,2021-01-18,2016-03-16,True,pdf,ok,118,21,2598,0
obr_84bc258f7b,OBR,efo,other,corpus,Data sources - March 2016,https://obr.uk/download/data-sources-march-2016/,2016-03-16,exact,obr.apd__2020-21;obr.fuel__2020-21,obr_2016-03,raw/documents/obr/pilot/efo/Data_Sources_March_16_EFO.xlsx,own link,4de98f88720e7ec04330ce744032b6e520a0d38185f4bd29d7c20ecff9e78b89,2021-01-18,2016-03-16,True,xlsx,not text (xlsx),0,0,0,0
obr_a2c016780d,OBR,efo,other,corpus,Economic and fiscal outlook press notice - March 2016,https://obr.uk/download/economic-and-fiscal-outlook-press-notice-march-2016/,2016-03-16,exact,obr.apd__2020-21;obr.fuel__2020-21,obr_2016-03,raw/documents/obr/pilot/efo/MAR16_EFO_PN.pdf,own link,fe4940e23f8b1fbfe93b3c8e0a3e44f4f10b39471d6088b79f88af9a09644a0f,2021-01-18,2016-03-16,True,pdf,ok,25,5,2461,0
obr_bb5b0f11c0,OBR,efo,other,corpus,"Log of substantive contact between the OBR and Treasury Ministers, Special Advisers and their private office staff between 25 November 2015 and 15 March 2016",https://obr.uk/download/log-of-substantive-contact-between-the-obr-and-treasury-ministers-special-advisers-and-their-private-office-staff-between-25-november-2015-and-15-march-2016/,2016-03-16,exact,obr.apd__2020-21;obr.fuel__2020-21,obr_2016-03,raw/documents/obr/pilot/efo/Log-of-contact-EFO-March-16.pdf,own link,12c688c37b68f5d3ba578984b512378d5e4c3dbda3fa7a48a73196005f6771a5,2021-01-18,2016-03-16,True,pdf,ok,54,3,1390,0
obr_c94d151322,OBR,efo,forecast_narrative,corpus,Economic and fiscal outlook - March 2016,https://obr.uk/download/economic-and-fiscal-outlook-march-2016/,2016-03-16,exact,obr.apd__2020-21;obr.fuel__2020-21,obr_2016-03,raw/documents/obr/pilot/efo/March2016EFO.pdf,own link,02ff37355168556980a1a5dac6fecccbd58c56242a822d619d8115b56c2a6d64,2021-01-18,2016-03-16,True,pdf,ok,1552,260,2405,7
obr_d28891892b,OBR,efo,other,corpus,Universal credit (UC) caseload forecasts - March 2016 Economic and fiscal outlook,https://obr.uk/download/universal-credit-uc-caseload-forecasts-march-2016-economic-fiscal-outlook/,2016-03-16,exact,obr.apd__2020-21;obr.fuel__2020-21,obr_2016-03,raw/documents/obr/pilot/efo/universal-credit-uc-caseload-forecasts-march-2016-economic-fiscal-outlook.pdf,own link,7f57961477934ee6c7c64761e18d7dcf30608bde257cf155bb37ef955f372e00,,2016-03-16,False,pdf,ok,33,3,1586,0
obr_e56bd68aeb,OBR,efo,other,corpus,Devolved taxes forecast - March 2016,https://obr.uk/download/devolved-taxes-forecast-march-2016/,2016-03-16,exact,obr.apd__2020-21;obr.fuel__2020-21,obr_2016-03,raw/documents/obr/pilot/efo/Devolved-taxes-forecast-1.pdf,own link,cda7f4627e978cbc7e1b7d123b44a71bcc15a87b430cc42ff371fbe524fd8832,2021-01-18,2016-03-16,True,pdf,ok,197,38,1736,3
obr_af84e63b51,OBR,psf_commentary,in_period_commentary,corpus,Commentary on the public sector finances - March 2016,https://obr.uk/download/commentary-public-sector-finances-march-2016/,2016-04-30,month_only,obr.apd__2020-21;obr.fuel__2020-21,,raw/documents/obr/pilot/psf_commentary/Brief_guide_to_the_public_finances_March_2016.pdf,archived elsewhere: https://obr.uk/docs/dlm_uploads/Brief_guide_to_the_public_finances_March_2016.pdf,a582637f2472da11f8fa30016d5f8442c4ce0f98a04f56c3a7aa610fbfe3e413,2021-01-18,2016-04-30,True,pdf,ok,49,9,1713,0
obr_6438b6a5d8,OBR,psf_commentary,in_period_commentary,corpus,Commentary on the public sector finances – April 2016,https://obr.uk/download/commentary-public-sector-finances-april-2016/,2016-05-31,month_only,obr.apd__2020-21;obr.fuel__2020-21,,raw/documents/obr/pilot/psf_commentary/April-2016-Commentary-on-the-Public-Sector-Finances-release.pdf,archived elsewhere: http://budgetresponsibility.org.uk/docs/dlm_uploads/April-2016-Commentary-on-the-Public-Sector-Finances-release.pdf,7522e5354d5e8436ffa07424d4e725d8273446279aa5e47edf0da8089988e740,2016-04-21,2016-05-31,False,pdf,ok,22,5,2394,0
obr_27d0ca5c39,OBR,psf_commentary,in_period_commentary,corpus,Commentary on the public sector finances – May 2016,https://obr.uk/download/commentary-public-sector-finances-may-2016/,2016-06-30,month_only,obr.apd__2020-21;obr.fuel__2020-21,,raw/documents/obr/pilot/psf_commentary/May-2016-Commentary-on-the-Public-Sector-Finances-release.pdf,archived elsewhere: https://obr.uk/docs/dlm_uploads/May-2016-Commentary-on-the-Public-Sector-Finances-release.pdf,83111af29929e48e8d7542de1e60f5ca8ca96acc2eff1066bfa24a892ec01517,2021-01-18,2016-06-30,True,pdf,ok,25,5,2673,0
obr_222c582aea,OBR,psf_commentary,in_period_commentary,corpus,Commentary on the public sector finances – June 2016,https://obr.uk/download/commentary-public-sector-finances-june-2016/,2016-07-31,month_only,obr.apd__2020-21;obr.fuel__2020-21,,raw/documents/obr/pilot/psf_commentary/June-2016-Commentary-on-the-Public-Sector-Finances-release.pdf,archived elsewhere: https://obr.uk/docs/dlm_uploads/June-2016-Commentary-on-the-Public-Sector-Finances-release.pdf,8088cddad1797f682869765b9b580ba2bcbe311a1647e22342318a17e0526a2c,2021-01-18,2016-07-31,True,pdf,ok,26,5,2602,0
obr_33b1b62860,OBR,psf_commentary,in_period_commentary,corpus,Commentary on the public sector finances – July 2016,https://obr.uk/download/commentary-public-sector-finances-july-2016/,2016-08-31,month_only,obr.apd__2020-21;obr.fuel__2020-21,,raw/documents/obr/pilot/psf_commentary/July-2016-Commentary-on-the-Public-Sector-Finances-release.pdf,archived elsewhere: https://obr.uk/docs/dlm_uploads/July-2016-Commentary-on-the-Public-Sector-Finances-release.pdf,a0470487bec9e26dbeacf7c86b3c95e915700b0ebbee155c71d816b3f826af55,2021-01-18,2016-08-31,True,pdf,ok,31,6,2666,0
obr_58296129b5,OBR,psf_commentary,in_period_commentary,corpus,Commentary on the public sector finances – August 2016,https://obr.uk/download/commentary-public-sector-finances-august-2016/,2016-09-30,month_only,obr.apd__2020-21;obr.fuel__2020-21,,raw/documents/obr/pilot/psf_commentary/August-2016-Commentary-on-the-Public-Sector-Finances-release.pdf,archived elsewhere: https://obr.uk/docs/dlm_uploads/August-2016-Commentary-on-the-Public-Sector-Finances-release.pdf,876268bca4d69b78a96838d7c86be42074ce6113ee2096a30a5d02317f311e04,2021-01-18,2016-09-30,True,pdf,ok,29,5,3140,0
obr_e6b1cacff7,OBR,psf_commentary,in_period_commentary,corpus,Commentary on the public sector finances – September 2016,https://obr.uk/download/commentary-public-sector-finances-september-2016/,2016-10-31,month_only,obr.apd__2020-21;obr.fuel__2020-21,,raw/documents/obr/pilot/psf_commentary/September-2016-Commentary-on-the-Public-Sector-Finances-release.pdf,archived elsewhere: https://obr.uk/docs/dlm_uploads/September-2016-Commentary-on-the-Public-Sector-Finances-release.pdf,2af54dfcec1d932a675dd20d06c3e842b12e6d8f405e8cbd7c48025522692233,2021-01-18,2016-10-31,True,pdf,ok,31,5,3059,0
obr_012819dad1,OBR,efo,other,corpus,Economic and fiscal outlook press notice - November 2016,https://obr.uk/download/economic-and-fiscal-outlook-press-notice-november-2016/,2016-11-23,exact,obr.apd__2020-21;obr.fuel__2020-21,obr_2016-11,raw/documents/obr/pilot/efo/economic-and-fiscal-outlook-press-notice-november-2016.pdf,own link,b347021f029ced95256076a502bd375efd3fce2188ec2119c7bb879e54103d63,,2016-11-23,False,pdf,ok,27,4,2426,0
obr_19c3787c16,OBR,efo,other,corpus,Data sources - November 2016,https://obr.uk/download/data-sources-november-2016/,2016-11-23,exact,obr.apd__2020-21;obr.fuel__2020-21,obr_2016-11,raw/documents/obr/pilot/efo/data-sources-november-2016.xlsx,own link,247487a50a0ac47be10ef46ef5473d48340500bbeec0e8bc14c29f7a03da1e03,,2016-11-23,False,xlsx,not text (xlsx),0,0,0,0
obr_21ffbf9cf0,OBR,efo,other,corpus,"Log of substantive contact between the OBR and Treasury Ministers, Special Advisers and their private office staff between 16 March 2016 and 22 November 2016",https://obr.uk/download/log-of-substantive-contact-between-the-obr-and-treasury-ministers-special-advisers-and-their-private-office-staff-november-2016/,2016-11-23,exact,obr.apd__2020-21;obr.fuel__2020-21,obr_2016-11,raw/documents/obr/pilot/efo/log-of-substantive-contact-between-the-obr-and-treasury-ministers-special-advisers-and-their-private-office-staff-november-2016.pdf,own link,2b979e9a96cd1b963c21ff5b5d9e4e527012b57b54745bc4d3dbeccbb0accdc6,,2016-11-23,False,pdf,ok,59,3,1831,0
obr_24e2bc2911,OBR,efo,other,corpus,Letter from Robert Chote to Sir Dave Ramsden on pre-release access to November 2016 Economic and fiscal outlook,https://obr.uk/download/letter-robert-chote-sir-dave-ramsden-pre-release-access-november-2016-economic-fiscal-outlook/,2016-11-23,exact,obr.apd__2020-21;obr.fuel__2020-21,obr_2016-11,raw/documents/obr/pilot/efo/letter-robert-chote-sir-dave-ramsden-pre-release-access-november-2016-economic-fiscal-outlook.pdf,own link,7151d09a412b966be8964cec62fea4d54ae0bfbe4fc642dfbc67a03fd461b4a2,,2016-11-23,False,pdf,no text layer,0,1,0,1
obr_50ab1ea0f3,OBR,efo,other,corpus,Letter from Sir Dave Ramsden to Robert Chote on pre-release access to November 2016 Economic and fiscal outlook,https://obr.uk/download/letter-sir-dave-ramsden-robert-chote-pre-release-access-november-2016-economic-fiscal-outlook/,2016-11-23,exact,obr.apd__2020-21;obr.fuel__2020-21,obr_2016-11,raw/documents/obr/pilot/efo/letter-sir-dave-ramsden-robert-chote-pre-release-access-november-2016-economic-fiscal-outlook.pdf,own link,f2e7bf747dee9d6977bc78577a84948fb0b08688cc9a34921d0d7a5c811e8775,,2016-11-23,False,pdf,ok,40,2,2070,0
obr_5c48606fb7,OBR,efo,other,corpus,Further decomposition of the referendum counterfactual - November 2016 Economic and fiscal outlook,https://obr.uk/download/decomposition-th-referendum-counterfactual/,2016-11-23,exact,obr.apd__2020-21;obr.fuel__2020-21,obr_2016-11,raw/documents/obr/pilot/efo/decomposition-th-referendum-counterfactual.pdf,own link,d92fb9cab4eb8feaeffc0cb12d97f2ae99a16f8360a3f601c33e6f3fb7b0ee95,,2016-11-23,False,pdf,ok,36,9,2289,0
obr_611c82c177,OBR,efo,other,corpus,Oil and gas receipts forecast changes diagnostic - November 2016 Economic and fiscal outlook,https://obr.uk/download/oil-gas-receipts-forecast-changes-diagnostic/,2016-11-23,exact,obr.apd__2020-21;obr.fuel__2020-21,obr_2016-11,raw/documents/obr/pilot/efo/oil-gas-receipts-forecast-changes-diagnostic.pdf,own link,36b34ae7b52fc7f72f72eb9e824be03144c7ab315e895790ef60c83946220ff6,,2016-11-23,False,pdf,ok,10,2,1752,0
obr_7adfda00a0,OBR,efo,other,corpus,Alternative productivity scenarios - November 2016 Economic and fiscal outlook,https://obr.uk/download/alternative-productivity-scenarios-november-2016-economic-fiscal-outlook/,2016-11-23,exact,obr.apd__2020-21;obr.fuel__2020-21,obr_2016-11,raw/documents/obr/pilot/efo/alternative-productivity-scenarios-november-2016-economic-fiscal-outlook.xlsx,own link,318fec28bc3124b52de3c84c6cf8b7494b189bbee141e4b6bddb3a40fd2c5931,,2016-11-23,False,xlsx,not text (xlsx),0,0,0,0
obr_ace07cb2e6,OBR,efo,other,corpus,Economic and fiscal outlook presentation slides - November 2016,https://obr.uk/download/economic-and-fiscal-outlook-presentation-slides-november-2016/,2016-11-23,exact,obr.apd__2020-21;obr.fuel__2020-21,obr_2016-11,raw/documents/obr/pilot/efo/economic-and-fiscal-outlook-presentation-slides-november-2016.pdf,own link,8ba11a6ab622c244e9d588b85f08d1de66a5943015e037ea7b56abda8c3943f3,,2016-11-23,False,pdf,ok,170,80,255,1
obr_ad2123e1dc,OBR,efo,forecast_narrative,corpus,Economic and fiscal outlook - November 2016,https://obr.uk/download/economic-and-fiscal-outlook-november-2016/,2016-11-23,exact,obr.apd__2020-21;obr.fuel__2020-21,obr_2016-11,raw/documents/obr/pilot/efo/economic-and-fiscal-outlook-november-2016.pdf,own link,c81ebdcb6edbed1bc073b27ca083b95da256c984fd6598f5fa500136bbb416b5,,2016-11-23,False,pdf,ok,1622,271,2389,5
obr_cfd529db2e,OBR,efo,other,corpus,Executive Summary - November 2016,https://obr.uk/download/executive-summary-november-2016/,2016-11-23,exact,obr.apd__2020-21;obr.fuel__2020-21,obr_2016-11,raw/documents/obr/pilot/efo/executive-summary-november-2016.pdf,own link,50cc5dcbd898edbd5174adcf396be5f729d1603a35040c775dd74a54baf7e806,,2016-11-23,False,pdf,ok,108,20,2458,0
obr_e7e55492b3,OBR,efo,other,corpus,Devolved taxes forecast - November 2016,https://obr.uk/download/devolved-taxes-forecast-november-2016/,2016-11-23,exact,obr.apd__2020-21;obr.fuel__2020-21,obr_2016-11,raw/documents/obr/pilot/efo/devolved-taxes-forecast-november-2016.pdf,own link,bae88a8b4e572e4d3e24a2aef4f8fee36df7df7d0b9549d066f9b216bc76f929,,2016-11-23,False,pdf,ok,249,44,1985,3
obr_f1793ed00a,OBR,efo,other,corpus,Economic and fiscal outlook speaking notes - November 2016,https://obr.uk/download/economic-and-fiscal-outlook-speaking-notes-november-2016/,2016-11-23,exact,obr.apd__2020-21;obr.fuel__2020-21,obr_2016-11,raw/documents/obr/pilot/efo/economic-and-fiscal-outlook-speaking-notes-november-2016.pdf,own link,150f331276104c8b0359c57c852e1b69a3ac9da7a5cfe63f714f05944b1089ea,,2016-11-23,False,pdf,ok,34,15,2220,0
obr_1a661c6fa1,OBR,psf_commentary,in_period_commentary,corpus,Commentary on the public sector finances – November 2016,https://obr.uk/download/commentary-public-sector-finances-november-2016/,2016-12-31,month_only,obr.apd__2020-21;obr.fuel__2020-21,,raw/manual/pilot/obr_1a661c6fa1.pdf,manual (downloaded in a browser),d7106d535e95f315553f1730eb4daf052789de90d71e3acb7a02fd1297ad7e34,,2016-12-31,False,pdf,ok,30,5,2367,0
obr_8338619c4e,OBR,psf_commentary,in_period_commentary,corpus,Commentary on the public sector finances – December 2016,https://obr.uk/download/commentary-public-sector-finances-december-2016/,2017-01-31,month_only,obr.apd__2020-21;obr.fuel__2020-21,,raw/documents/obr/pilot/psf_commentary/December-2016-Commentary-on-the-Public-Sector-Finances.pdf,archived elsewhere: http://budgetresponsibility.org.uk/docs/December-2016-Commentary-on-the-Public-Sector-Finances.pdf,d7106d535e95f315553f1730eb4daf052789de90d71e3acb7a02fd1297ad7e34,2016-12-21,2017-01-31,False,pdf,ok,30,5,2367,0
obr_03e03aedbf,OBR,psf_commentary,in_period_commentary,corpus,Commentary on the public sector finances – January 2017,https://obr.uk/download/commentary-public-sector-finances-january-2017/,2017-02-28,month_only,obr.apd__2020-21;obr.fuel__2020-21,,raw/documents/obr/pilot/psf_commentary/commentary-public-sector-finances-january-2017.pdf,own link,a2bc85d0682d8300dc952eb252105f4d30e24a2e569e021d25ddd0fe218d6f39,,2017-02-28,False,pdf,ok,36,6,2964,0
obr_09356791e4,OBR,efo,other,corpus,"Log of substantive contact between the OBR and Treasury Ministers, Special Advisers and their private office staff between 23 November 2016 and 7 March 2017",https://obr.uk/download/log-substantive-contact-obr-treasury-ministers-special-advisers-private-office-staff-23-november-2016-7-march-2017/,2017-03-08,exact,obr.apd__2020-21;obr.fuel__2020-21,obr_2017-03,raw/documents/obr/pilot/efo/log-substantive-contact-obr-treasury-ministers-special-advisers-private-office-staff-23-november-2016-7-march-2017.pdf,own link,c9cd28a567989caa4aa1194c508dd4e391c71620f0a666a924b2e27ee80fe75f,,2017-03-08,False,pdf,ok,28,3,2043,0
obr_09ce2db508,OBR,efo,other,corpus,Business rates appeals - March 2017 Economic and fiscal outlook,https://obr.uk/download/business-rates-appeals-march-2017-economic-fiscal-outlook/,2017-03-08,exact,obr.apd__2020-21;obr.fuel__2020-21,obr_2017-03,raw/documents/obr/pilot/efo/business-rates-appeals-march-2017-economic-fiscal-outlook.pdf,own link,b3a2f63540e9595e64426a967b2c3b9cd48414a8acd1efe5136af5f669e21669,,2017-03-08,False,pdf,ok,5,1,1935,0
obr_41c19ec5d5,OBR,efo,other,corpus,March 2017 Economic and fiscal outlook – Executive Summary,https://obr.uk/download/march-2017-economic-and-fiscal-outlook-executive-summary/,2017-03-08,exact,obr.apd__2020-21;obr.fuel__2020-21,obr_2017-03,raw/documents/obr/pilot/efo/ExecutiveSummaryMarch2017EFO.pdf,own link,f2035b77fc5cd883e527e302fcf63b27b2c808091542bf3eb4718f1a94e6697a,2021-01-18,2017-03-08,True,pdf,ok,85,16,2552,0
obr_9a7ae381d2,OBR,efo,forecast_narrative,corpus,Economic and fiscal outlook – March 2017,https://obr.uk/download/economic-and-fiscal-outlook-march-2017/,2017-03-08,exact,obr.apd__2020-21;obr.fuel__2020-21,obr_2017-03,raw/documents/obr/pilot/efo/economic-and-fiscal-outlook-march-2017.pdf,own link,ca4e957b9028d41e918477a4aa5ed131ec84293c92130b73061bceb634905233,,2017-03-08,False,pdf,ok,1416,235,2434,4
obr_9fe2437b90,OBR,efo,other,corpus,March 2017 Economic and fiscal outlook – speaking notes,https://obr.uk/download/march-2017-economic-and-fiscal-outlook-speaking-notes/,2017-03-08,exact,obr.apd__2020-21;obr.fuel__2020-21,obr_2017-03,raw/documents/obr/pilot/efo/Speaking-note-March-2017.pdf,own link,693ec71aca8c2e8ec71221455084180e1f229f472a1e2aaa4341bdd8f4191156,2021-01-18,2017-03-08,True,pdf,ok,26,13,2125,0
obr_a6c61a856d,OBR,efo,other,corpus,March 2017 Economic and fiscal outlook – press notice,https://obr.uk/download/march-2017-economic-fiscal-outlook-press-notice/,2017-03-08,exact,obr.apd__2020-21;obr.fuel__2020-21,obr_2017-03,raw/documents/obr/pilot/efo/PN_EFO_Mar2017.pdf,own link,e9b8eac219149af28e20bf3a0cb4068b95cf87c8fa986d71c22f6ef6d6ffa7e8,2021-01-18,2017-03-08,True,pdf,ok,14,3,2020,0
obr_cadb14d96f,OBR,efo,other,corpus,March 2017 Economic and fiscal outlook – data sources,https://obr.uk/download/march-2017-economic-fiscal-outlook-data-sources/,2017-03-08,exact,obr.apd__2020-21;obr.fuel__2020-21,obr_2017-03,raw/documents/obr/pilot/efo/Data_sources_March_17_EFO.xlsx,own link,da84fcbe6920a4bb420e5af4b22ff00941bdd63393de6f7aebe1d6ed7b252222,2021-01-18,2017-03-08,True,xlsx,not text (xlsx),0,0,0,0
obr_e8336eaa4b,OBR,efo,other,corpus,March 2017 Economic and fiscal outlook – presentation slides,https://obr.uk/download/march-2017-economic-and-fiscal-outlook-presentation-slides/,2017-03-08,exact,obr.apd__2020-21;obr.fuel__2020-21,obr_2017-03,raw/documents/obr/pilot/efo/EFO-briefing-slides-March-2017.pdf,own link,fa7789b2993743449c6ee2eedc8bfa4d5030339ae9cb7bc58fb88065915cc652,2021-01-18,2017-03-08,True,pdf,ok,167,70,262,1
obr_f8280aa1c2,OBR,efo,other,corpus,March 2017 Devolved taxes forecast,https://obr.uk/download/march-2017-devolved-taxes-forecast/,2017-03-08,exact,obr.apd__2020-21;obr.fuel__2020-21,obr_2017-03,raw/documents/obr/pilot/efo/march-2017-devolved-taxes-forecast.pdf,own link,b7060b83971c399cd4efd37cfc7fef3549999bc381be3dc441f8651e93a53cb2,,2017-03-08,False,pdf,ok,330,61,2044,4
obr_d669bfa3b2,OBR,psf_commentary,in_period_commentary,corpus,Commentary on the public sector finances – February 2017,https://obr.uk/download/pdf-commentary-public-sector-finances-february-2017/,2017-03-31,month_only,obr.apd__2020-21;obr.fuel__2020-21,,raw/documents/obr/pilot/psf_commentary/commentary-public-sector-finances-january-2017.pdf,archived elsewhere: http://budgetresponsibility.org.uk/docs/dlm_uploads/February-2017-Commentary-on-the-Public-Sector-Finances.pdf,a2bc85d0682d8300dc952eb252105f4d30e24a2e569e021d25ddd0fe218d6f39,,2017-03-31,False,pdf,ok,36,6,2964,0
obr_677cfa272d,OBR,psf_commentary,in_period_commentary,corpus,Commentary on the public sector finances – March 2017,https://obr.uk/download/commentary-public-sector-finances-march-2017/,2017-04-30,month_only,obr.apd__2020-21;obr.fuel__2020-21,,raw/documents/obr/pilot/psf_commentary/March-2017-Commentary-on-the-Public-Sector-Finances.pdf,archived elsewhere: https://obr.uk/docs/dlm_uploads/March-2017-Commentary-on-the-Public-Sector-Finances.pdf,bcf5c354d7bfdf97d16012a3ab129d099be7fc7604108fe2d53ea0356b8cfe31,2021-01-18,2017-04-30,True,pdf,ok,25,5,2683,0
obr_5c98b7089f,OBR,psf_commentary,in_period_commentary,corpus,Commentary on the public sector finances – April 2017,https://obr.uk/download/commentary-public-sector-finances-april-2017/,2017-05-31,month_only,obr.apd__2020-21;obr.fuel__2020-21,,raw/documents/obr/pilot/psf_commentary/commentary-public-sector-finances-april-2017.pdf,own link,b83b1f8cc9e6589f7f224b6c2fd2c35277edf2e43d80a282133e684fc41a18f0,,2017-05-31,False,pdf,ok,18,4,2750,0
obr_bbe491cf16,OBR,psf_commentary,in_period_commentary,corpus,Commentary on the public sector finances – May 2017,https://obr.uk/download/commentary-public-sector-finances-may-2017/,2017-06-30,month_only,obr.apd__2020-21;obr.fuel__2020-21,,raw/documents/obr/pilot/psf_commentary/commentary-public-sector-finances-may-2017.pdf,own link,502b3b0a41c3408398be46d78090580a4307ddaa12a0d89fdfcd3e3c295e096e,,2017-06-30,False,pdf,ok,19,4,2538,0
obr_7a577a333d,OBR,psf_commentary,in_period_commentary,corpus,Commentary on the public sector finances – June 2017,https://obr.uk/download/commentary-public-sector-finances-june-2017/,2017-07-31,month_only,obr.apd__2020-21;obr.fuel__2020-21,,raw/documents/obr/pilot/psf_commentary/commentary-public-sector-finances-may-2017.pdf,archived elsewhere: https://obr.uk/docs/dlm_uploads/June-2017-Commentary-on-the-Public-Sector-Finances-.pdf,502b3b0a41c3408398be46d78090580a4307ddaa12a0d89fdfcd3e3c295e096e,,2017-07-31,False,pdf,ok,19,4,2538,0
obr_f1b917be9c,OBR,psf_commentary,in_period_commentary,corpus,Commentary on the public sector finances – July 2017,https://obr.uk/download/commentary-public-sector-finances-july-2017/,2017-08-31,month_only,obr.apd__2020-21;obr.fuel__2020-21,,raw/documents/obr/pilot/psf_commentary/July-2017-Commentary-on-the-Public-Sector-Finances.pdf,archived elsewhere: https://obr.uk/docs/dlm_uploads/July-2017-Commentary-on-the-Public-Sector-Finances.pdf,fb14dbf610ec65bc4eb7ebbffdea03c99eacc8c20db4de1518213e8327a944a0,2021-01-18,2017-08-31,True,pdf,ok,24,4,2594,0
obr_7684c6409a,OBR,psf_commentary,in_period_commentary,corpus,Commentary on the public sector finances – August 2017,https://obr.uk/download/commentary-public-sector-finances-august-2017/,2017-09-30,month_only,obr.apd__2020-21;obr.fuel__2020-21,,raw/documents/obr/pilot/psf_commentary/commentary-public-sector-finances-august-2017.pdf,own link,85af607289c3f5f8e37547feb75730352edcebb31d40bb85ee272cfa2174aefd,,2017-09-30,False,pdf,ok,23,5,2638,0
obr_2c4424510b,OBR,psf_commentary,in_period_commentary,corpus,Commentary on the public sector finances – September 2017,https://obr.uk/download/commentary-public-sector-finances-september-2017/,2017-10-31,month_only,obr.apd__2020-21;obr.fuel__2020-21,,raw/documents/obr/pilot/psf_commentary/commentary-public-sector-finances-september-2017.pdf,own link,dc0d0f022ed5f9128e0d6e0f6ce3b8b5b99676c12cb1e1fd89c268f1715d282f,,2017-10-31,False,pdf,ok,16,4,2874,0
obr_0191ec00a0,OBR,efo,other,corpus,November 2017 Economic and fiscal outlook – data sources,https://obr.uk/download/november-2017-economic-fiscal-outlook-data-sources/,2017-11-22,exact,obr.apd__2020-21;obr.fuel__2020-21,obr_2017-11,raw/manual/pilot/obr_0191ec00a0.xlsx,manual (downloaded in a browser),423e4d7e99710946f5af2250f27f0af789ac1146d9fec8e1703d197acb9cfde0,,2017-11-22,False,xlsx,not text (xlsx),0,0,0,0
obr_063321e19f,OBR,efo,other,corpus,November 2017 Economic and fiscal outlook – presentation slides,https://obr.uk/download/economic-fiscal-outlook-presentation-slides-november-2017/,2017-11-22,exact,obr.apd__2020-21;obr.fuel__2020-21,obr_2017-11,raw/manual/pilot/obr_063321e19f.pdf,manual (downloaded in a browser),215f437fcfb7dae735de0cb38874d729e5fe3970e10fa08e611edf0f4a883261,,2017-11-22,False,pdf,ok,63,76,219,1
obr_2f830c0e85,OBR,efo,other,corpus,Housing supply forecast – November 2017 Economic and fiscal outlook,https://obr.uk/download/housing-supply-forecast-november-2017-economic-fiscal-outlook/,2017-11-22,exact,obr.apd__2020-21;obr.fuel__2020-21,obr_2017-11,raw/documents/obr/pilot/efo/housing-supply-forecast-november-2017-economic-fiscal-outlook.xlsx,own link,32d985ed50a5bc8a7b7f633ada4f38dce561ed8c1e5008000b5fdd154a188f18,,2017-11-22,False,xlsx,not text (xlsx),0,0,0,0
obr_456eb37f9e,OBR,efo,other,corpus,"Log of substantive contact between the OBR and Treasury Ministers, Special Advisers and their private office staff between 8 March 2017 and 21 November 2017",https://obr.uk/download/log-substantive-contact-obr-treasury-ministers-special-advisers-private-office-staff-8-march-2017-21-november-2017/,2017-11-22,exact,obr.apd__2020-21;obr.fuel__2020-21,obr_2017-11,raw/documents/obr/pilot/efo/log-substantive-contact-obr-treasury-ministers-special-advisers-private-office-staff-8-march-2017-21-november-2017.pdf,own link,200b7a0b6e547088b56bab7a98e2d117ebd86057eba7e0fee26605e74bc50fc1,,2017-11-22,False,pdf,ok,43,6,1840,0
obr_4c0de36398,OBR,efo,other,corpus,November 2017 Economic and fiscal outlook – speaking notes,https://obr.uk/download/november-2017-economic-fiscal-outlook-speaking-notes/,2017-11-22,exact,obr.apd__2020-21;obr.fuel__2020-21,obr_2017-11,raw/documents/obr/pilot/efo/november-2017-economic-fiscal-outlook-speaking-notes.pdf,own link,a872c58b3013c24df6e72c8c8e62a93841e33241fd37ecba0c733d3b7c740a2a,,2017-11-22,False,pdf,ok,45,17,2127,0
obr_62a8318b28,OBR,efo,other,corpus,November 2017 Devolved taxes forecast,https://obr.uk/download/november-2017-devolved-taxes-forecast/,2017-11-22,exact,obr.apd__2020-21;obr.fuel__2020-21,obr_2017-11,raw/documents/obr/pilot/efo/november-2017-devolved-taxes-forecast.pdf,own link,8ab0dc88599ed05ca5d20fdac4e0d7fcd97b839fec122522a8191587b0288d72,,2017-11-22,False,pdf,ok,369,63,1946,3
obr_b75e608040,OBR,efo,other,corpus,Household debt servicing costs – November 2017 Economic and fiscal outlook,https://obr.uk/download/household-debt-servicing-costs-november-2017-economic-fiscal-outlook/,2017-11-22,exact,obr.apd__2020-21;obr.fuel__2020-21,obr_2017-11,raw/documents/obr/pilot/efo/household-debt-servicing-costs-november-2017-economic-fiscal-outlook.xlsx,own link,4bd47660fad650961e90ce58b4abe36fb232848e38f58dbd0cf79678e80aaf53,,2017-11-22,False,xlsx,not text (xlsx),0,0,0,0
obr_ba14db8f1d,OBR,efo,forecast_narrative,corpus,Economic and fiscal outlook – November 2017,https://obr.uk/download/economic-and-fiscal-outlook-november-2017/,2017-11-22,exact,obr.apd__2020-21;obr.fuel__2020-21,obr_2017-11,raw/documents/obr/pilot/efo/economic-and-fiscal-outlook-november-2017.pdf,own link,47e590ef5cc24e75c2a045ef70a23a1842e8224fbbd6365627f7056b72bab898,,2017-11-22,False,pdf,ok,1610,264,2489,3
obr_c100f8ccf7,OBR,efo,other,corpus,November 2017 Economic and fiscal outlook – Executive Summary,https://obr.uk/download/november-2017-economic-and-fiscal-outlook-executive-summary/,2017-11-22,exact,obr.apd__2020-21;obr.fuel__2020-21,obr_2017-11,raw/manual/pilot/obr_c100f8ccf7.pdf,manual (downloaded in a browser),609fc4f18ce4437742a30da3b915ee73bf899f3daf2660d564e16216dbc1061f,,2017-11-22,False,pdf,ok,100,20,2422,1
obr_d219ba24c8,OBR,efo,other,corpus,November 2017 Economic and fiscal outlook – press notice,https://obr.uk/download/november-2017-economic-fiscal-outlook-press-notice/,2017-11-22,exact,obr.apd__2020-21;obr.fuel__2020-21,obr_2017-11,raw/documents/obr/pilot/efo/EFO_Nov17PN7429.pdf,own link,0ec30bc6c9631dc5ad9e860479543efd9df3e499ab45167be63ad8018c1a0c3a,2021-01-18,2017-11-22,True,pdf,ok,16,3,2088,0
obr_d93932aea2,OBR,psf_commentary,in_period_commentary,corpus,Commentary on the public sector finances – November 2017,https://obr.uk/download/commentary-public-sector-finances-november-2017/,2017-12-31,month_only,obr.apd__2020-21;obr.fuel__2020-21,,raw/documents/obr/pilot/psf_commentary/commentary-public-sector-finances-november-2017.pdf,own link,26b558b8697f534569181900dd9d149b5d71ea4e5fdb99644c93ac0ad9c2fc38,,2017-12-31,False,pdf,ok,17,4,2426,0
obr_8a28b091d9,OBR,psf_commentary,in_period_commentary,corpus,Commentary on the public sector finances – December 2017,https://obr.uk/download/commentary-public-sector-finances-december-2017/,2018-01-31,month_only,obr.apd__2020-21;obr.fuel__2020-21,,raw/documents/obr/pilot/psf_commentary/commentary-public-sector-finances-november-2017.pdf,archived elsewhere: https://obr.uk/docs/dlm_uploads/Dec-2017-Commentary-on-the-Public-Sector-Finances.pdf,26b558b8697f534569181900dd9d149b5d71ea4e5fdb99644c93ac0ad9c2fc38,,2018-01-31,False,pdf,ok,17,4,2426,0
obr_cb3afee81f,OBR,psf_commentary,in_period_commentary,corpus,Commentary on the public sector finances – January 2018,https://obr.uk/download/commentary-public-sector-finances-january-2018/,2018-02-28,month_only,obr.apd__2020-21;obr.fuel__2020-21,,raw/documents/obr/pilot/psf_commentary/Jan-2018-Commentary-on-the-Public-Sector-Finances.pdf,archived elsewhere: https://obr.uk/docs/dlm_uploads/Jan-2018-Commentary-on-the-Public-Sector-Finances.pdf,d87f449f14e7efa08d56d25181e581c1229fc2cb6b2b99af3fdaf11ecf5fd891,2021-01-18,2018-02-28,True,pdf,ok,32,4,3089,0
obr_1938020e80,OBR,efo,other,corpus,March 2018 Economic and fiscal outlook – presentation slides,https://obr.uk/download/march-2018-economic-and-fiscal-outlook-presentation-slides/,2018-03-13,exact,obr.apd__2020-21;obr.fuel__2020-21,obr_2018-03,raw/documents/obr/pilot/efo/march-2018-economic-and-fiscal-outlook-presentation-slides.pdf,own link,9b292303e51a386f250ec76e43f4a61c5e1d51426b24ff8f33065fc9b9c7dd50,,2018-03-13,False,pdf,ok,31,64,196,1
obr_2d53c5ce4f,OBR,efo,other,corpus,March 2018 Economic and fiscal outlook – data sources,https://obr.uk/download/march-2018-economic-fiscal-outlook-data-sources/,2018-03-13,exact,obr.apd__2020-21;obr.fuel__2020-21,obr_2018-03,raw/documents/obr/pilot/efo/DataSources_March_18_EFO.xlsx,own link,0880a83f5160b6a9604ba471e569d90ba5753a6482d88164db395d7b9124c3b7,2018-03-23,2018-03-13,True,xlsx,not text (xlsx),0,0,0,0
obr_43794645fb,OBR,efo,other,corpus,March 2018 Devolved tax and spending forecasts,https://obr.uk/download/march-2018-devolved-tax-and-spending-forecasts/,2018-03-13,exact,obr.apd__2020-21;obr.fuel__2020-21,obr_2018-03,raw/documents/obr/pilot/efo/march-2018-devolved-tax-and-spending-forecasts.pdf,own link,14dc93ab3b170261e840eec8fd29bd03adec0dcb5d813075d78040816a29e078,,2018-03-13,False,pdf,ok,378,66,1987,2
obr_55d0956bbf,OBR,efo,other,corpus,"Log of substantive contact between the OBR and Treasury Ministers, Special Advisers and their private office staff between 22 November 2017 and 12 March 2018",https://obr.uk/download/log-of-substantive-contact-between-the-obr-and-treasury-ministers-special-advisers-and-their-private-office-staff-between-22-november-2017-and-12-march-2018/,2018-03-13,exact,obr.apd__2020-21;obr.fuel__2020-21,obr_2018-03,raw/documents/obr/pilot/efo/log-of-substantive-contact-between-the-obr-and-treasury-ministers-special-advisers-and-their-private-office-staff-between-22-november-2017-and-12-marc.pdf,own link,f6db6faafb55e74730507f7b4ec60f248b84278f8e222c2f126645be2160a1a8,,2018-03-13,False,pdf,ok,30,3,2115,0
obr_671d5488e7,OBR,efo,other,corpus,March 2018 Economic and fiscal outlook – press notice,https://obr.uk/download/march-2018-economic-and-fiscal-outlook-press-notice/,2018-03-13,exact,obr.apd__2020-21;obr.fuel__2020-21,obr_2018-03,raw/documents/obr/pilot/efo/march-2018-economic-and-fiscal-outlook-press-notice.pdf,own link,fcd2d727d9a234837f67c29af174c4803dfb3083518334c6b9a5bef584042769,,2018-03-13,False,pdf,ok,19,3,2270,0
obr_9f16fdbc54,OBR,efo,forecast_narrative,corpus,Economic and fiscal outlook – March 2018,https://obr.uk/download/economic-and-fiscal-outlook-march-2018/,2018-03-13,exact,obr.apd__2020-21;obr.fuel__2020-21,obr_2018-03,raw/documents/obr/pilot/efo/EFO-MaRch_2018.pdf,own link,7e67a5991b92aee8c501d5dd6fbc4091595a03e547d4b0d333e44af7e46c7377,2021-01-18,2018-03-13,True,pdf,ok,820,243,2037,6
obr_bce4d13a4a,OBR,efo,other,corpus,March 2018 Economic and fiscal outlook – Executive Summary,https://obr.uk/download/march-2018-economic-and-fiscal-outlook-executive-summary/,2018-03-13,exact,obr.apd__2020-21;obr.fuel__2020-21,obr_2018-03,raw/documents/obr/pilot/efo/march-2018-economic-and-fiscal-outlook-executive-summary.pdf,own link,c2356ab036445b108b7fe1768a30ddb2f22b5bc5281587e4715be87ea4375469,,2018-03-13,False,pdf,ok,91,16,2440,0
obr_f6cc4642ad,OBR,efo,other,corpus,March 2018 Economic and fiscal outlook – speaking notes,https://obr.uk/download/march-2018-economic-and-fiscal-outlook-speaking-notes/,2018-03-13,exact,obr.apd__2020-21;obr.fuel__2020-21,obr_2018-03,raw/documents/obr/pilot/efo/march-2018-economic-and-fiscal-outlook-speaking-notes.pdf,own link,efbff952eaa9b7ccf6df52df411f936636be4cdfbe153c4450f6340026a24543,,2018-03-13,False,pdf,ok,34,15,2129,0
obr_5ae03ec16d,OBR,psf_commentary,in_period_commentary,corpus,Commentary on the public sector finances – February 2018,https://obr.uk/download/commentary-public-sector-finances-february-2018/,2018-03-31,month_only,obr.apd__2020-21;obr.fuel__2020-21,,raw/documents/obr/pilot/psf_commentary/Feb-2018-Commentary-on-the-Public-Sector-Finances.pdf,archived elsewhere: https://obr.uk/docs/dlm_uploads/Feb-2018-Commentary-on-the-Public-Sector-Finances.pdf,f3796651c6011f97e227985f33ad9acd9d8bf1861275062489ee7b242122975d,2021-01-18,2018-03-31,True,pdf,ok,21,5,2500,0
obr_ee60c1684b,OBR,psf_commentary,in_period_commentary,corpus,Commentary on the public sector finances - March 2018,https://obr.uk/download/commentary-public-sector-finances-march-2018/,2018-04-30,month_only,obr.apd__2020-21;obr.fuel__2020-21,,raw/documents/obr/pilot/psf_commentary/Mar-2018-Commentary-on-the-Public-Sector-Finances.Final_.pdf,archived elsewhere: https://obr.uk/docs/dlm_uploads/Mar-2018-Commentary-on-the-Public-Sector-Finances.Final_.pdf,8fa7e677a008f541c928e09e920696f504c91969597d607d6989d6b3ee2b401d,2021-01-18,2018-04-30,True,pdf,ok,23,5,2456,0
obr_9723ad2ee9,OBR,psf_commentary,in_period_commentary,corpus,Commentary on the public sector finances - April 2018,https://obr.uk/download/commentary-public-sector-finances-april-2018/,2018-05-31,month_only,obr.apd__2020-21;obr.fuel__2020-21,,raw/documents/obr/pilot/psf_commentary/April-2018-Commentary-on-the-Public-Sector-Finances.pdf,archived elsewhere: https://obr.uk/docs/dlm_uploads/April-2018-Commentary-on-the-Public-Sector-Finances.pdf,9f7eeb4b65ed026edeea464c235070ed41d690acb9c0b1888c190289a698076e,2021-01-18,2018-05-31,True,pdf,ok,20,5,2528,0
obr_3e693c49b7,OBR,psf_commentary,in_period_commentary,corpus,Commentary on the public sector finances – May 2018,https://obr.uk/download/commentary-public-sector-finances-may-2018/,2018-06-30,month_only,obr.apd__2020-21;obr.fuel__2020-21,,raw/manual/pilot/obr_3e693c49b7.pdf,manual (downloaded in a browser),55cda3be23b850ec5e385347f6c15a37a3f8b9bf2ba1808e24d7e97c52b70dc6,,2018-06-30,False,pdf,ok,15,3,2974,0
obr_14b0eafa94,OBR,psf_commentary,in_period_commentary,corpus,Commentary on the public sector finances - June 2018,https://obr.uk/download/commentary-public-sector-finances-june-2018/,2018-07-31,month_only,obr.apd__2020-21;obr.fuel__2020-21,,raw/documents/obr/pilot/psf_commentary/July-2018-Commentary-on-the-Public-Sector-Finances.Final_.pdf,own link,047a3c8984068dec73365fb1d7bc237a079e28e479dcb1c4cef03a2f42d7a99a,2018-07-20,2018-07-31,False,pdf,ok,18,4,2622,0
obr_dd9407a4a4,OBR,psf_commentary,in_period_commentary,corpus,Commentary on the public sector finances – July 2018,https://obr.uk/download/commentary-public-sector-finances-july-2018/,2018-08-31,month_only,obr.apd__2020-21;obr.fuel__2020-21,,raw/documents/obr/pilot/psf_commentary/July-2018-Commentary-on-the-Public-Sector-Finances.Final_.pdf,archived elsewhere: https://obr.uk/docs/dlm_uploads/July-2018-Commentary-on-the-Public-Sector-Finances.Final_.pdf,047a3c8984068dec73365fb1d7bc237a079e28e479dcb1c4cef03a2f42d7a99a,2018-07-20,2018-08-31,False,pdf,ok,18,4,2622,0
obr_ccddb05d08,OBR,psf_commentary,in_period_commentary,corpus,Commentary on the public sector finances – August 2018,https://obr.uk/download/commentary-public-sector-finances-august-2018/,2018-09-30,month_only,obr.apd__2020-21;obr.fuel__2020-21,,raw/documents/obr/pilot/psf_commentary/August-2018-Commentary-on-the-Public-Sector-Finances.Final_.pdf,archived elsewhere: http://obr.uk/docs/dlm_uploads/August-2018-Commentary-on-the-Public-Sector-Finances.Final_.pdf,f3a85d62b9a08f8d80720aa32047ce05632aaeb69912f5afbdeb42b58bb76d8f,2021-01-18,2018-09-30,True,pdf,ok,23,4,2724,0
obr_1aa86b1ab1,OBR,efo,other,corpus,"Log of substantive contact between the OBR and Treasury Ministers, Special Advisers and their private office staff between 13 March 2018 and 28 October 2018",https://obr.uk/download/log-of-substantive-contact-between-the-obr-and-treasury-ministers-special-advisers-and-their-private-office-staff-between-13-march-2018-and-28-october-2018/,2018-10-29,exact,obr.apd__2020-21;obr.fuel__2020-21,obr_2018-10,raw/documents/obr/pilot/efo/log-of-substantive-contact-between-the-obr-and-treasury-ministers-special-advisers-and-their-private-office-staff-between-13-march-2018-and-28-october.pdf,own link,61a5ffbe93dcc704a03a6a5dd0b98e8b014fd6dfc8584e14991ed11248a79a3f,,2018-10-29,False,pdf,ok,24,3,1945,0
obr_35098fbe71,OBR,efo,forecast_narrative,corpus,Economic and fiscal outlook - October 2018,https://obr.uk/download/economic-and-fiscal-outlook-october-2018/,2018-10-29,exact,obr.apd__2020-21;obr.fuel__2020-21,obr_2018-10,raw/documents/obr/pilot/efo/economic-and-fiscal-outlook-october-2018.pdf,own link,d52b4ea6ce1995552a698cdb5b81d3b972a7a0c12ac6ff95090ab5c0864c2726,,2018-10-29,False,pdf,ok,897,259,2063,3
obr_45495d264d,OBR,efo,other,corpus,October 2018 Devolved tax and spending forecasts,https://obr.uk/download/october-2018-devolved-tax-and-spending-forecasts/,2018-10-29,exact,obr.apd__2020-21;obr.fuel__2020-21,obr_2018-10,raw/documents/obr/pilot/efo/october-2018-devolved-tax-and-spending-forecasts.pdf,own link,d4c175f4b66efdca9c1c819792b4ea8cfbccdfccae3776d50fe7f14a0b06d832,,2018-10-29,False,pdf,ok,378,61,2014,4
obr_46f2634727,OBR,efo,other,corpus,Economic and fiscal outlook speaking notes - October 2018,https://obr.uk/download/economic-and-fiscal-outlook-speaking-notes-october-2018/,2018-10-29,exact,obr.apd__2020-21;obr.fuel__2020-21,obr_2018-10,raw/manual/pilot/obr_46f2634727.pdf,manual (downloaded in a browser),09dcd898c93b3d2ab6dd9fc196d5209a8cf5ee4be4e9cb2459b524effdf7323d,,2018-10-29,False,pdf,ok,29,12,2330,0
obr_501a78fbf3,OBR,efo,other,corpus,October 2018 Economic and fiscal outlook – Student entrants: forecast methodology change,https://obr.uk/download/october-2018-economic-fiscal-outlook-student-entrants-forecast-methodology-change/,2018-10-29,exact,obr.apd__2020-21;obr.fuel__2020-21,obr_2018-10,raw/manual/pilot/obr_501a78fbf3.pdf,manual (downloaded in a browser),e4909c945e429c4d7096eb6c0780ced299a3cfab56af52ee47de091ae4650bed,,2018-10-29,False,pdf,ok,14,3,2163,0
obr_a8351302c2,OBR,efo,other,corpus,October 2018 Economic and fiscal outlook – Executive summary,https://obr.uk/download/october-2018-economic-and-fiscal-outlook-executive-summary/,2018-10-29,exact,obr.apd__2020-21;obr.fuel__2020-21,obr_2018-10,raw/documents/obr/pilot/efo/october-2018-economic-and-fiscal-outlook-executive-summary.pdf,own link,1218a4ccfcf7676a26b00885702b34addbcb656a019dcce34513a5d62823b4db,,2018-10-29,False,pdf,ok,95,17,2584,0
obr_ad8004c673,OBR,efo,other,corpus,October 2018 Economic and fiscal outlook – press notice,https://obr.uk/download/october-2018-economic-and-fiscal-outlook-press-notice/,2018-10-29,exact,obr.apd__2020-21;obr.fuel__2020-21,obr_2018-10,raw/documents/obr/pilot/efo/october-2018-economic-and-fiscal-outlook-press-notice.pdf,own link,771168f180b08ba640910f7cd5dae45d2bb05ddd0b199777fdc4771605ec9283,,2018-10-29,False,pdf,ok,21,3,2840,0
obr_d1ebdf9c75,OBR,efo,other,corpus,Economic and fiscal outlook presentation slides - October 2018,https://obr.uk/download/economic-and-fiscal-outlook-presentation-slides-october-2018/,2018-10-29,exact,obr.apd__2020-21;obr.fuel__2020-21,obr_2018-10,raw/documents/obr/pilot/efo/economic-and-fiscal-outlook-presentation-slides-october-2018.pdf,own link,d91d554c0e3c7606543dd9a41e6d82c902c3891a70c3fe32b2afd67fac197409,,2018-10-29,False,pdf,ok,26,64,190,1
obr_dd518f445f,OBR,efo,other,corpus,October 2018 Economic and fiscal outlook – HMRC tax reliefs,https://obr.uk/download/october-2018-economic-fiscal-outlook-hmrc-tax-reliefs/,2018-10-29,exact,obr.apd__2020-21;obr.fuel__2020-21,obr_2018-10,raw/documents/obr/pilot/efo/october-2018-economic-fiscal-outlook-hmrc-tax-reliefs.pdf,own link,5255c967fb1a0992b44b999ae42299bbd0bcb02e5bd8e2c1fa2f2dce8d33f411,,2018-10-29,False,pdf,ok,11,2,2446,0
obr_e9a2e5a99a,OBR,efo,other,corpus,October 2018 Economic and fiscal outlook – Marriage allowance,https://obr.uk/download/october-2018-economic-fiscal-outlook-marriage-allowance/,2018-10-29,exact,obr.apd__2020-21;obr.fuel__2020-21,obr_2018-10,raw/documents/obr/pilot/efo/october-2018-economic-fiscal-outlook-marriage-allowance.pdf,own link,b71ae1e308158df7cb83d82c340da34dc65b9e2effe0cfd8f4180a51938d59e1,,2018-10-29,False,pdf,ok,5,1,2472,0
obr_6d2508689b,OBR,psf_commentary,in_period_commentary,corpus,Commentary on the public sector finances – September 2018,https://obr.uk/download/commentary-public-sector-finances-september-2018/,2018-10-31,month_only,obr.apd__2020-21;obr.fuel__2020-21,,raw/documents/obr/pilot/psf_commentary/Sep-2018-Commentary-on-the-Public-Sector-Finances.Final_.pdf,archived elsewhere: https://obr.uk/docs/Sep-2018-Commentary-on-the-Public-Sector-Finances.Final_.pdf,af8cf96a64eeb8ffbfc124c032b9bebcede2a114b3051b572be0f4ca057dc35d,2021-01-18,2018-10-31,True,pdf,ok,33,6,2551,0
obr_456ddad309,OBR,psf_commentary,in_period_commentary,corpus,Commentary on the public sector finances – October 2018,https://obr.uk/download/commentary-public-sector-finances-october-2018/,2018-11-30,month_only,obr.apd__2020-21;obr.fuel__2020-21,,raw/documents/obr/pilot/psf_commentary/Oct-2018-Commentary-on-the-Public-Sector-Finances.pdf,archived elsewhere: https://obr.uk/docs/dlm_uploads/Oct-2018-Commentary-on-the-Public-Sector-Finances.pdf,f67c31218ff2bd0daf9159970542c35704c6df6860f2f51bdc4a3a48536d3082,2021-01-18,2018-11-30,True,pdf,ok,21,5,2592,0
obr_f4ed42487d,OBR,psf_commentary,in_period_commentary,corpus,Commentary on the public sector finances – November 2018,https://obr.uk/download/commentary-public-sector-finances-november-2018/,2018-12-31,month_only,obr.apd__2020-21;obr.fuel__2020-21,,raw/documents/obr/pilot/psf_commentary/November-2018-Commentary-on-the-Public-Finances.pdf,archived elsewhere: https://obr.uk/docs/dlm_uploads/November-2018-Commentary-on-the-Public-Finances.pdf,717d906a1a3db3e4d32b5633f810cce3411455f00b80198d3fc71e97c9914400,2021-01-18,2018-12-31,True,pdf,ok,22,5,2219,0
obr_59f1197387,OBR,psf_commentary,in_period_commentary,corpus,Commentary on the public sector finances - December 2018,https://obr.uk/download/commentary-public-sector-finances-december-2018/,2019-01-31,month_only,obr.apd__2020-21;obr.fuel__2020-21,,raw/documents/obr/pilot/psf_commentary/December-2018-Commentary-on-the-Public-Finances.pdf,archived elsewhere: https://obr.uk/docs/dlm_uploads/December-2018-Commentary-on-the-Public-Finances.pdf,a938330d0b2ffa41a86d2bff04e151e44a96dd3cb6ee4e8618c957395e560520,2021-01-18,2019-01-31,True,pdf,ok,37,6,2190,0
obr_f94da83f0c,OBR,psf_commentary,in_period_commentary,corpus,Commentary on the public sector finances – January 2019,https://obr.uk/download/commentary-public-sector-finances-january-2019/,2019-02-28,month_only,obr.apd__2020-21;obr.fuel__2020-21,,raw/documents/obr/pilot/psf_commentary/commentary-public-sector-finances-january-2019.pdf,own link,8c1856752047ba0b26111ab4a6343a56313f058963ec7aa9d82f84be039691c7,,2019-02-28,False,pdf,ok,41,7,2209,0
obr_0e38ccc143,OBR,efo,other,corpus,VAT standard rated share - March 2019 Economic and fiscal outlook,https://obr.uk/download/vat-standard-rated-share-march-2019-economic-fiscal-outlook/,2019-03-13,exact,obr.apd__2020-21;obr.fuel__2020-21,obr_2019-03,raw/documents/obr/pilot/efo/vat-standard-rated-share-march-2019-economic-fiscal-outlook.pdf,own link,c7798f58e1b46f62642bc65c2ece364d116c7cb94feaa3155a51731497174037,,2019-03-13,False,pdf,ok,6,1,2284,0
obr_5f6a0f9d18,OBR,efo,other,corpus,Economic and fiscal outlook presentation slides - March 2019,https://obr.uk/download/economic-fiscal-outlook-presentation-slides-march-2019/,2019-03-13,exact,obr.apd__2020-21;obr.fuel__2020-21,obr_2019-03,raw/documents/obr/pilot/efo/economic-fiscal-outlook-presentation-slides-march-2019.pdf,own link,e38bc323f8428db3f57aa4726cffeeb5ba083bffa86cf6a9d655cc8aa745f367,,2019-03-13,False,pdf,ok,12,51,192,1
obr_951e44435a,OBR,efo,other,corpus,March 2019 Devolved tax and spending forecasts,https://obr.uk/download/march-2019-devolved-tax-and-spending-forecasts/,2019-03-13,exact,obr.apd__2020-21;obr.fuel__2020-21,obr_2019-03,raw/documents/obr/pilot/efo/march-2019-devolved-tax-and-spending-forecasts.pdf,own link,c52f0121545e3869e082a43beae36cf2b647982921e95ab706157de691e43197,,2019-03-13,False,pdf,ok,460,69,2083,5
obr_a194fe9c2f,OBR,efo,other,corpus,"Log of substantive contact between the Office for Budget Responsibility and Treasury Ministers and their Special Advisers and private office staff, between 29 October 2018 and 12 March 2019",https://obr.uk/download/log-of-substantive-contact-between-the-office-for-budget-responsibility-and-treasury-ministers-and-their-special-advisers-and-private-office-staff-between-29-october-2018-and-12-march-2019/,2019-03-13,exact,obr.apd__2020-21;obr.fuel__2020-21,obr_2019-03,raw/documents/obr/pilot/efo/log-of-substantive-contact-between-the-office-for-budget-responsibility-and-treasury-ministers-and-their-special-advisers-and-private-office-staff-bet.pdf,own link,d44099446e57b0a0a69c9239eed357c4efd5ecca1a2b1d6c57b3034f4a4b4672,,2019-03-13,False,pdf,ok,27,3,1931,0
obr_a333c0a070,OBR,efo,other,corpus,The direct fiscal consequences of unconventional monetary policies,https://obr.uk/download/direct-fiscal-consequences-unconventional-monetary-policies/,2019-03-13,exact,obr.apd__2020-21;obr.fuel__2020-21,obr_2019-03,raw/documents/obr/pilot/efo/direct-fiscal-consequences-unconventional-monetary-policies.pdf,own link,a1bb415fb691b99d3afd46e15dbf2057064390655fbe4a8a8a21582a05e09c5f,,2019-03-13,False,pdf,ok,63,12,2259,0
obr_a34b082f1c,OBR,efo,forecast_narrative,corpus,Economic and fiscal outlook - March 2019,https://obr.uk/download/economic-and-fiscal-outlook-march-2019/,2019-03-13,exact,obr.apd__2020-21;obr.fuel__2020-21,obr_2019-03,raw/documents/obr/pilot/efo/March-2019_EFO_Web-Accessible.pdf,own link,ead40b79539eca420713c54557864b54d10426f82c3624f9df3fe9c145559385,2021-01-18,2019-03-13,True,pdf,ok,1255,205,2474,2
obr_a4c1d8b20a,OBR,efo,other,corpus,March 2019 Economic and fiscal outlook – press notice,https://obr.uk/download/march-2019-economic-and-fiscal-outlook-press-notice/,2019-03-13,exact,obr.apd__2020-21;obr.fuel__2020-21,obr_2019-03,raw/documents/obr/pilot/efo/march-2019-economic-and-fiscal-outlook-press-notice.pdf,own link,332c0e26e0040ec1f58f13e2a087fe6567f93acaad5cc44b732b2b43c5d5509f,,2019-03-13,False,pdf,ok,15,3,2198,0
obr_bdbcf2cb78,OBR,efo,other,corpus,March 2019 Economic and fiscal outlook – Executive summary,https://obr.uk/download/march-2019-economic-and-fiscal-outlook-executive-summary/,2019-03-13,exact,obr.apd__2020-21;obr.fuel__2020-21,obr_2019-03,raw/documents/obr/pilot/efo/march-2019-economic-and-fiscal-outlook-executive-summary.pdf,own link,2b8c3a678bcbc6c1d11994db7b066e47fd62d8d007c0b77e85a00ee044d507a9,,2019-03-13,False,pdf,ok,83,14,2546,0
obr_e36f679bc2,OBR,efo,other,corpus,Economic and fiscal outlook speaking notes - March 2019,https://obr.uk/download/economic-fiscal-outlook-speaking-notes-march-2019/,2019-03-13,exact,obr.apd__2020-21;obr.fuel__2020-21,obr_2019-03,raw/documents/obr/pilot/efo/economic-fiscal-outlook-speaking-notes-march-2019.pdf,own link,5837edc0d806b09a35d0d25274994c30e9085bee1b66274db340b3c7eaaf506b,,2019-03-13,False,pdf,ok,25,10,2307,0
obr_eaf2a0bb89,OBR,efo,other,corpus,Restated March 2019 forecast,https://obr.uk/download/restated-march-2019-forecast/,2019-03-13,exact,obr.apd__2020-21;obr.fuel__2020-21,obr_2019-03,raw/documents/obr/Restated_March_2019.pdf,own link,af93053ae59bf58a40384c429f18108b27487522c45f860be8fe6cc576dde9c9,2021-10-15,2019-03-13,True,pdf,ok,102,21,2062,2
obr_6dc31cbf2b,OBR,psf_commentary,in_period_commentary,corpus,Commentary on the public sector finances – February 2019,https://obr.uk/download/commentary-public-sector-finances-february-2019/,2019-03-31,month_only,obr.apd__2020-21;obr.fuel__2020-21,,raw/documents/obr/pilot/psf_commentary/February-2019-Commentary-on-the-Public-Finances.pdf,archived elsewhere: https://obr.uk/docs/dlm_uploads/February-2019-Commentary-on-the-Public-Finances.pdf,afc8e4b9478dde4569f08e8eaa1135464362396c6a9d543c61d37c07aff80471,2021-01-18,2019-03-31,True,pdf,ok,39,7,1918,0
obr_d3975db605,OBR,psf_commentary,in_period_commentary,corpus,Commentary on the public sector finances – March 2019,https://obr.uk/download/commentary-public-sector-finances-march-2019/,2019-04-30,month_only,obr.apd__2020-21;obr.fuel__2020-21,,raw/documents/obr/pilot/psf_commentary/Brief_guide_to_the_public_finances_March_2019.pdf,archived elsewhere: https://obr.uk/docs/dlm_uploads/Brief_guide_to_the_public_finances_March_2019.pdf,0fbc446dc49538bc8001642a2779db514043fce0ac7676704261daaff87d539b,2021-01-18,2019-04-30,True,pdf,ok,41,9,1709,0
obr_0a8d957e34,OBR,psf_commentary,in_period_commentary,corpus,Commentary on the public sector finances – April 2019,https://obr.uk/download/commentary-public-sector-finances-april-2019/,2019-05-31,month_only,obr.apd__2020-21;obr.fuel__2020-21,,raw/documents/obr/pilot/psf_commentary/commentary-public-sector-finances-april-2019.pdf,own link,a44eb020f795c35fe922412f901aaac937df49f3af470a0f145c99ede1221ce5,,2019-05-31,False,pdf,ok,34,7,1965,0
obr_8d70b7d49f,OBR,psf_commentary,in_period_commentary,corpus,Commentary on the public sector finances - May 2019,https://obr.uk/download/commentary-public-sector-finances-may-2019/,2019-06-30,month_only,obr.apd__2020-21;obr.fuel__2020-21,,raw/documents/obr/pilot/psf_commentary/commentary-public-sector-finances-may-2019.pdf,own link,27136c2f963251397bad8b7b966a8b343001a6b17c7280641f8c0cdf14b17d59,,2019-06-30,False,pdf,ok,33,6,2202,0
obr_4c57c8bbf7,OBR,psf_commentary,in_period_commentary,corpus,Commentary on the public sector finances – June 2019,https://obr.uk/download/commentary-public-sector-finances-june-2019/,2019-07-31,month_only,obr.apd__2020-21;obr.fuel__2020-21,,raw/documents/obr/pilot/psf_commentary/commentary-public-sector-finances-june-2019.pdf,own link,01e53fa0f33942a7fe716b0b90be709539a90b3760150cf889ea35e0187211eb,,2019-07-31,False,pdf,ok,34,6,2120,0
obr_e95617e3a8,OBR,psf_commentary,in_period_commentary,corpus,Commentary on the public sector finances – July 2019,https://obr.uk/download/commentary-public-sector-finances-july-2019/,2019-08-31,month_only,obr.apd__2020-21;obr.fuel__2020-21,,raw/documents/obr/pilot/psf_commentary/commentary-public-sector-finances-july-2019.pdf,own link,c7ff3fdc6525deb90c48c09b8dbb3f7090a5778eb9f869d451e41b06f257784c,,2019-08-31,False,pdf,ok,39,7,2289,0
obr_2fe36d6e85,OBR,psf_commentary,in_period_commentary,corpus,Commentary on the public sector finances – August 2019,https://obr.uk/download/commentary-public-sector-finances-august-2019/,2019-09-30,month_only,obr.apd__2020-21;obr.fuel__2020-21,,raw/documents/obr/pilot/psf_commentary/commentary-public-sector-finances-august-2019.pdf,own link,365226e4d0b5a5ca98d172fe4ed9e70be102e64e8a5420b2812de4916803971e,,2019-09-30,False,pdf,ok,38,6,2369,0
obr_d014ec518f,OBR,psf_commentary,in_period_commentary,corpus,Commentary on the public sector finances – September 2019,https://obr.uk/download/commentary-public-sector-finances-september-2019/,2019-10-31,month_only,obr.apd__2020-21;obr.fuel__2020-21,,raw/documents/obr/pilot/psf_commentary/October-2019-Commentary-on-the-Public-Finances.pdf,own link,d6b544f054e7877096ff85f60663e81d13a531e865d5e3361c2266446b3d77e6,2019-10-22,2019-10-31,False,pdf,ok,35,5,2189,0
obr_a7b5ae9287,OBR,psf_commentary,in_period_commentary,corpus,Commentary on the public sector finances – October 2019,https://obr.uk/download/commentary-public-sector-finances-october-2019/,2019-11-30,month_only,obr.apd__2020-21;obr.fuel__2020-21,,raw/documents/obr/pilot/psf_commentary/commentary-public-sector-finances-october-2019.pdf,own link,996c082a12b7e57d34c39e530845330778f3bee36d9a70cf737075dd4ee4899c,,2019-11-30,False,pdf,ok,35,5,2062,0
obr_3bce833d7a,OBR,psf_commentary,in_period_commentary,corpus,Commentary on the public sector finances – November 2019,https://obr.uk/download/commentary-public-sector-finances-november-2019/,2019-12-31,month_only,obr.apd__2020-21;obr.fuel__2020-21,,raw/documents/obr/pilot/psf_commentary/commentary-public-sector-finances-november-2019.pdf,own link,5459fef63c396e801397a1e64e1de123eefae0cf7c89c5046c28438409ed9ce6,,2019-12-31,False,pdf,ok,41,6,2508,0
obr_70267ad8ad,OBR,psf_commentary,in_period_commentary,corpus,Commentary on the public sector finances – December 2019,https://obr.uk/download/commentary-public-sector-finances-december-2019/,2020-01-31,month_only,obr.apd__2020-21;obr.fuel__2020-21,,raw/documents/obr/pilot/psf_commentary/Jan-2020-PSF-Commentary.pdf,own link,e64dc5de2a50b329ae0102571c93068d1198d66b0079a127aa61b7a564ab09af,2020-01-22,2020-01-31,False,pdf,ok,42,7,2334,0
obr_14651f7714,OBR,psf_commentary,in_period_commentary,corpus,Commentary on the public sector finances – January 2020,https://obr.uk/download/commentary-public-sector-finances-january-2020/,2020-02-29,month_only,obr.apd__2020-21;obr.fuel__2020-21,,raw/documents/obr/pilot/psf_commentary/February-2020-Commentary-on-the-Public-Finances-1.pdf,own link,1cb4f246f3459579192da1558b7bb4332a34fed28714b6a9bcecd38b7789a88b,2020-02-21,2020-02-29,False,pdf,ok,41,7,2102,0
obr_0b933748f9,OBR,efo,other,corpus,Economic and fiscal outlook presentation slides - March 2020,https://obr.uk/download/economic-and-fiscal-outlook-presentation-slides-march-2020/,2020-03-11,exact,obr.apd__2020-21;obr.studentloans__2022-23;obr.fuel__2020-21,obr_2020-03,raw/documents/obr/pilot/efo/economic-and-fiscal-outlook-presentation-slides-march-2020.pdf,own link,ded063d4fe93afbb2d0cafe2ccc8cf8c4e8efd398a6a5d84c67276418bba297c,,2020-03-11,False,pdf,ok,60,64,218,3
obr_1b37e85996,OBR,efo,other,corpus,"Log of substantive contact between the OBR and Treasury Ministers, Special Advisers and their private office staff between 13 March 2019 and 10 March 2020",https://obr.uk/download/log-of-substantive-contact-between-the-obr-and-treasury-ministers-special-advisers-and-their-private-office-staff-between-13-march-2019-and-10-march-2020/,2020-03-11,exact,obr.apd__2020-21;obr.studentloans__2022-23;obr.fuel__2020-21,obr_2020-03,raw/documents/obr/pilot/efo/log-of-substantive-contact-between-the-obr-and-treasury-ministers-special-advisers-and-their-private-office-staff-between-13-march-2019-and-10-march-2.pdf,own link,0fd02eacf8c4a7cc099563dcff8a89714de1d3741a8791ecb9b3e71ba951217b,,2020-03-11,False,pdf,ok,46,5,1598,0
obr_478c58477e,OBR,efo,other,corpus,March 2020 Devolved tax and spending forecasts,https://obr.uk/download/march-2020-devolved-tax-and-spending-forecasts/,2020-03-11,exact,obr.apd__2020-21;obr.studentloans__2022-23;obr.fuel__2020-21,obr_2020-03,raw/documents/obr/pilot/efo/march-2020-devolved-tax-and-spending-forecasts.pdf,own link,07d80bd87e1eb87b30df9fd91154b20e197dbe3c8fed8e7f7212ea026479699b,,2020-03-11,False,pdf,ok,155,28,1715,2
obr_91b9a91ae6,OBR,efo,other,corpus,March 2020 Economic and fiscal outlook – press notice,https://obr.uk/download/march-2020-economic-and-fiscal-outlook-press-notice/,2020-03-11,exact,obr.apd__2020-21;obr.studentloans__2022-23;obr.fuel__2020-21,obr_2020-03,raw/documents/obr/pilot/efo/march-2020-economic-and-fiscal-outlook-press-notice.pdf,own link,7f398e167aa11d3eeecf29fb7e218f0c73c72ed84091d7bca843ca63c599d77a,,2020-03-11,False,pdf,ok,22,4,2282,0
obr_936f6d2141,OBR,efo,other,corpus,Economic and fiscal outlook speaking notes - March 2020,https://obr.uk/download/economic-and-fiscal-outlook-speaking-notes-march-2020/,2020-03-11,exact,obr.apd__2020-21;obr.studentloans__2022-23;obr.fuel__2020-21,obr_2020-03,raw/documents/obr/pilot/efo/economic-and-fiscal-outlook-speaking-notes-march-2020.pdf,own link,6182564ca38760f6f65e49e8ed0c8169287bd0339138cf401b9df8c27db6c650,,2020-03-11,False,pdf,ok,30,13,2297,0
obr_b0e050a0d5,OBR,efo,forecast_narrative,corpus,Economic and fiscal outlook – March 2020,https://obr.uk/download/economic-and-fiscal-outlook-march-2020/,2020-03-11,exact,obr.apd__2020-21;obr.studentloans__2022-23;obr.fuel__2020-21,obr_2020-03,raw/documents/obr/pilot/efo/economic-and-fiscal-outlook-march-2020.pdf,own link,b5c8aab430e346bbadaee19dd3332416be8e6780e98725d02313f37304078ef7,,2020-03-11,False,pdf,ok,1420,226,2486,2
obr_db5eb3c574,OBR,efo,other,corpus,Executive summary,https://obr.uk/download/march-2020-economic-and-fiscal-outlook-executive-summary/,2020-03-11,exact,obr.apd__2020-21;obr.studentloans__2022-23;obr.fuel__2020-21,obr_2020-03,raw/documents/obr/pilot/efo/march-2020-economic-and-fiscal-outlook-executive-summary.pdf,own link,db781345f7fab99bbc6df6e55c19700a6f8f8777ada8c27aa5f7698f4db8dbcf,,2020-03-11,False,pdf,ok,91,16,2535,0
obr_1212484fd1,OBR,psf_commentary,in_period_commentary,corpus,Commentary on the public sector finances – February 2020,https://obr.uk/download/commentary-public-sector-finances-february-2020/,2020-03-31,month_only,obr.apd__2020-21;obr.studentloans__2022-23;obr.fuel__2020-21,,raw/documents/obr/pilot/psf_commentary/Mar-2020-PSF-Commentary.pdf,own link,57abadc2547e38f9f33242f933fc28a5c6ca79a3b9230e854e2e0513a5f5d1b5,2020-03-20,2020-03-31,False,pdf,ok,54,7,2190,0
obr_f304e45d22,OBR,psf_commentary,in_period_commentary,corpus,Commentary on the public sector finances – March 2020,https://obr.uk/download/commentary-public-sector-finances-march-2020/,2020-04-30,month_only,obr.apd__2020-21;obr.studentloans__2022-23;obr.fuel__2020-21,,raw/documents/obr/pilot/psf_commentary/Apr-2020-PSF-Commentary.pdf,own link,67d7be3a079a7abdb4ae2406e4a2b43cbe6401dfe4db97b5a84ebfddffc87f03,2021-01-18,2020-04-30,True,pdf,ok,55,10,2479,0
obr_15d9da76aa,OBR,psf_commentary,in_period_commentary,corpus,Commentary on the public sector finances – April 2020,https://obr.uk/download/commentary-public-sector-finances-april-2020/,2020-05-31,month_only,obr.apd__2020-21;obr.studentloans__2022-23;obr.fuel__2020-21,,raw/documents/obr/pilot/psf_commentary/Apr-2020-PSF-Commentary.pdf,archived elsewhere: https://obr.uk/docs/Apr-2020-PSF-Commentary.pdf,67d7be3a079a7abdb4ae2406e4a2b43cbe6401dfe4db97b5a84ebfddffc87f03,2021-01-18,2020-05-31,True,pdf,ok,55,10,2479,0
obr_d7b29665e2,OBR,psf_commentary,in_period_commentary,corpus,Commentary on the public sector finances – May 2020,https://obr.uk/download/commentary-public-sector-finances-may-2020/,2020-06-30,month_only,obr.apd__2020-21;obr.studentloans__2022-23;obr.fuel__2020-21,,raw/documents/obr/pilot/psf_commentary/June-2020-Commentary-on-the-public-sector-finances.pdf,own link,f35936c1fc499ad0d4e152ae2a9646553f99461c5837e9d26c1276c28d7ca2a5,2020-06-19,2020-06-30,False,pdf,ok,57,12,2096,0
obr_4795e52e15,OBR,psf_commentary,in_period_commentary,corpus,Commentary on the public sector finances – June 2020,https://obr.uk/download/commentary-public-sector-finances-june-2020/,2020-07-31,month_only,obr.apd__2020-21;obr.studentloans__2022-23;obr.fuel__2020-21,,raw/documents/obr/pilot/psf_commentary/July-2020-PSF-Commentary.pdf,own link,77b24c3a61668bb611851ca63ee98d0a66abbf2babe032a385fc063b7a05f641,2021-01-18,2020-07-31,True,pdf,ok,54,9,2081,0
obr_32985de825,OBR,psf_commentary,in_period_commentary,corpus,Commentary on the public sector finances – July 2020,https://obr.uk/download/commentary-on-the-public-sector-finances-july-2020/,2020-08-31,month_only,obr.apd__2020-21;obr.studentloans__2022-23;obr.fuel__2020-21,,raw/documents/obr/pilot/psf_commentary/August-2020-PSF-Commentary.pdf,own link,51a4409abc70a5fe1838266c4196694eef0c30f4548c3bdc5c20245f4bc9baff,2021-01-18,2020-08-31,True,pdf,ok,52,9,2235,0
obr_dc0dd97e37,OBR,psf_commentary,in_period_commentary,corpus,Commentary on the public sector finances – August 2020,https://obr.uk/download/commentary-on-the-public-sector-finances-august-2020/,2020-09-30,month_only,obr.apd__2020-21;obr.studentloans__2022-23;obr.fuel__2020-21,,raw/documents/obr/pilot/psf_commentary/September-2020-PSF-Commentary.pdf,own link,4b5a649d84a3eb66d350df8683b0e789d0a46ed333073e5fd029b0b73e9ff5fe,2021-01-18,2020-09-30,True,pdf,ok,49,10,2037,0
obr_54422c45c0,OBR,psf_commentary,in_period_commentary,corpus,Commentary on the public sector finances – September 2020,https://obr.uk/download/commentary-on-the-public-sector-finances-september-2020/,2020-10-31,month_only,obr.apd__2020-21;obr.studentloans__2022-23;obr.fuel__2020-21,,raw/documents/obr/pilot/psf_commentary/October-2020-PSF-Commentary.pdf,own link,0a5f3aeffa0a7c585f7408b07c1c9ddd3f5ebe2af8379f49066cb2f34b252fa6,2021-01-18,2020-10-31,True,pdf,ok,49,9,2168,0
obr_2091042773,OBR,efo,other,corpus,November 2020 Economic and fiscal outlook – Executive summary,https://obr.uk/download/november-2020-economic-and-fiscal-outlook-executive-summary/,2020-11-25,exact,obr.apd__2020-21;obr.studentloans__2022-23;obr.fuel__2020-21,obr_2020-11,raw/documents/obr/pilot/efo/november-2020-economic-and-fiscal-outlook-executive-summary.pdf,own link,51b929cdeb9132ee8c08fcd6fc3cb45957359564b6a1522028a8bd25cb054a1d,,2020-11-25,False,pdf,ok,97,20,2194,1
obr_4015866f51,OBR,efo,other,corpus,"Log of substantive contact between the OBR and Treasury Ministers, Special Advisers and their private office staff between 14 July and 24 November 2020.",https://obr.uk/download/log-of-substantive-contact-between-the-obr-and-treasury-ministers-special-advisers-and-their-private-office-staff-between-14-july-and-24-november-2020/,2020-11-25,exact,obr.apd__2020-21;obr.studentloans__2022-23;obr.fuel__2020-21,obr_2020-11,raw/documents/obr/pilot/efo/log-of-substantive-contact-between-the-obr-and-treasury-ministers-special-advisers-and-their-private-office-staff-between-14-july-and-24-november-2020.pdf,own link,7dab40c7754dd7ca6f9ca137df85b3914e05e03206a1309a06b010eeffb83d84,,2020-11-25,False,pdf,ok,28,4,1702,0
obr_86ae0e0186,OBR,efo,other,corpus,November 2020 Economic and fiscal outlook – press notice,https://obr.uk/download/november-2020-economic-and-fiscal-outlook-press-notice/,2020-11-25,exact,obr.apd__2020-21;obr.studentloans__2022-23;obr.fuel__2020-21,obr_2020-11,raw/documents/obr/pilot/efo/november-2020-economic-and-fiscal-outlook-press-notice.pdf,own link,96ce59cf2786bdb5ba2e51a1ab3160c93de7682e844933524d0a8fab556d7c7d,,2020-11-25,False,pdf,ok,26,5,2206,0
obr_8cd6700e85,OBR,efo,other,corpus,November 2020 Devolved tax and spending forecasts,https://obr.uk/download/november-2020-devolved-tax-and-spending-forecasts/,2020-11-25,exact,obr.apd__2020-21;obr.studentloans__2022-23;obr.fuel__2020-21,obr_2020-11,raw/documents/obr/pilot/efo/november-2020-devolved-tax-and-spending-forecasts.pdf,own link,ed23bcec28f2b9336985c285e0407f9986c0bbb78633ef54e810039287aef2bb,,2020-11-25,False,pdf,ok,165,33,1480,7
obr_96867f7159,OBR,efo,other,corpus,November 2020 Economic and fiscal outlook – presentation slides,https://obr.uk/download/november-2020-economic-and-fiscal-outlook-presentation-slides/,2020-11-25,exact,obr.apd__2020-21;obr.studentloans__2022-23;obr.fuel__2020-21,obr_2020-11,raw/documents/obr/pilot/efo/november-2020-economic-and-fiscal-outlook-presentation-slides.pdf,own link,9d42749aa2b84c734604ee286d260ee24351607409c315c5fc296f2ab9451387,,2020-11-25,False,pdf,ok,52,35,318,0
obr_be526fbaaf,OBR,efo,forecast_narrative,corpus,Economic and fiscal outlook - November 2020,https://obr.uk/download/economic-and-fiscal-outlook-november-2020/,2020-11-25,exact,obr.apd__2020-21;obr.studentloans__2022-23;obr.fuel__2020-21,obr_2020-11,raw/documents/obr/pilot/efo/economic-and-fiscal-outlook-november-2020.pdf,own link,b14e1d99a35163d385d5028990638423b61baf06bde104a7f29764e98e9a7ca5,,2020-11-25,False,pdf,ok,1239,217,2436,3
obr_f0cd6ec3c2,OBR,efo,other,corpus,November 2020 Economic and fiscal outlook – speaking notes,https://obr.uk/download/november-2020-economic-and-fiscal-outlook-speaking-notes/,2020-11-25,exact,obr.apd__2020-21;obr.studentloans__2022-23;obr.fuel__2020-21,obr_2020-11,raw/documents/obr/pilot/efo/november-2020-economic-and-fiscal-outlook-speaking-notes.pdf,own link,dabb7b55233e3da8196013a0199abb2a2a55784e615d20ce7416a2bc57881ecc,,2020-11-25,False,pdf,ok,113,12,2476,0
obr_32d8773eeb,OBR,psf_commentary,in_period_commentary,corpus,Commentary on the public sector finances – November 2020,https://obr.uk/download/commentary-on-the-public-sector-finances-november-2020/,2020-12-31,month_only,obr.studentloans__2022-23,,raw/documents/obr/pilot/psf_commentary/commentary-on-the-public-sector-finances-november-2020.pdf,own link,eff402e670cc52b7d5b3b889c7f7593ccec5c3aa442873ae06aca05c53cd9c61,,2020-12-31,False,pdf,ok,53,9,2137,0
obr_05fb9c4275,OBR,psf_commentary,in_period_commentary,corpus,Commentary on the public sector finances – December 2020,https://obr.uk/download/commentary-on-the-public-sector-finances-december-2020/,2021-01-31,month_only,obr.studentloans__2022-23,,raw/documents/obr/pilot/psf_commentary/commentary-on-the-public-sector-finances-december-2020.pdf,own link,0846660883db784abc2f2832d419a823c890381666ec87f3cfade9babba86084,,2021-01-31,False,pdf,ok,55,9,2254,0
obr_72dd43f077,OBR,psf_commentary,in_period_commentary,corpus,Commentary on the public sector finances – January 2021,https://obr.uk/download/commentary-on-the-public-sector-finances-january-2021/,2021-02-28,month_only,obr.studentloans__2022-23,,raw/documents/obr/pilot/psf_commentary/commentary-on-the-public-sector-finances-january-2021.pdf,own link,737e6fb040932b9b9fc134c989336e1f4baa3587c381a05a0955d54c33835c89,,2021-02-28,False,pdf,ok,11,3,1920,0
obr_29fd00107b,OBR,efo,other,corpus,"Log of substantive contact between the OBR and Treasury Ministers, Special Advisers and their private office staff between 25 November 2020 and 2 March 2021.",https://obr.uk/download/log-of-substantive-contact-between-the-obr-and-treasury-ministers-special-advisers-and-their-private-office-staff-between-25-november-2020-and-2-march-2021/,2021-03-03,exact,obr.studentloans__2022-23,obr_2021-03,raw/documents/obr/pilot/efo/log-of-substantive-contact-between-the-obr-and-treasury-ministers-special-advisers-and-their-private-office-staff-between-25-november-2020-and-2-march.pdf,own link,f58d4b6bdf6630a79ad08a7fc83a92962c1b9dcf0eae36617bae5549c345a856,,2021-03-03,False,pdf,ok,28,4,1554,0
obr_338872f58c,OBR,efo,other,corpus,March 2021 Economic and fiscal outlook - Fuel duty,https://obr.uk/download/march-2021-economic-and-fiscal-outlook-fuel-duty/,2021-03-03,exact,obr.studentloans__2022-23,obr_2021-03,raw/documents/obr/pilot/efo/march-2021-economic-and-fiscal-outlook-fuel-duty.pdf,own link,9f7ec49440f66b34f1646128e09245e42232ad480070fae32f098fb3b7d1c83f,,2021-03-03,False,pdf,ok,6,1,1913,0
obr_615274cefe,OBR,efo,other,corpus,Economic and fiscal outlook presentation slides - March 2021,https://obr.uk/download/economic-and-fiscal-outlook-presentation-slides-march-2021/,2021-03-03,exact,obr.studentloans__2022-23,obr_2021-03,raw/documents/obr/pilot/efo/economic-and-fiscal-outlook-presentation-slides-march-2021.pdf,own link,1c938585eda2259a5db00927dde806a236858c8e5f71fca8e65c38632b39a2b6,,2021-03-03,False,pdf,ok,60,30,375,0
obr_6f5299fe27,OBR,efo,other,corpus,Economic and fiscal outlook speaking notes - March 2021,https://obr.uk/download/economic-and-fiscal-outlook-speaking-notes-march-2021/,2021-03-03,exact,obr.studentloans__2022-23,obr_2021-03,raw/documents/obr/pilot/efo/economic-and-fiscal-outlook-speaking-notes-march-2021.pdf,own link,6c81a89a2bed9bf835ffb84302919800728aae5721d8c04630b3c3694248657e,,2021-03-03,False,pdf,ok,66,15,1828,0
obr_72b69c810b,OBR,efo,other,corpus,March 2021 Devolved tax and spending forecasts,https://obr.uk/download/march-2021-devolved-tax-and-spending-forecasts/,2021-03-03,exact,obr.studentloans__2022-23,obr_2021-03,raw/documents/obr/pilot/efo/march-2021-devolved-tax-and-spending-forecasts.pdf,own link,1797b3338f54b5d798acea74a39dd34bf5db86595073ec7ec09264eec1529906,,2021-03-03,False,pdf,ok,194,33,1792,5
obr_7885b5dff8,OBR,efo,forecast_narrative,corpus,Economic and fiscal outlook - March 2021,https://obr.uk/download/economic-and-fiscal-outlook-march-2021/,2021-03-03,exact,obr.studentloans__2022-23,obr_2021-03,raw/documents/obr/pilot/efo/economic-and-fiscal-outlook-march-2021.pdf,own link,6a77e7b92ee5058749a1f0256104f37c10e8c0dbf161505b5f93e56de16855c3,,2021-03-03,False,pdf,ok,1254,220,2465,4
obr_9de25c1c32,OBR,efo,other,corpus,March 2021 Economic and fiscal outlook - CJRS,https://obr.uk/download/march-2021-economic-and-fiscal-outlook-cjrs/,2021-03-03,exact,obr.studentloans__2022-23,obr_2021-03,raw/documents/obr/pilot/efo/march-2021-economic-and-fiscal-outlook-cjrs.pdf,own link,cf674e198330ebb19c0517eca3efb1c3863380a87dcf99d55c6727695dd096cf,,2021-03-03,False,pdf,ok,5,1,1900,0
obr_c7dfad18c7,OBR,efo,other,corpus,March 2021 Economic and fiscal outlook - EU financial settlement,https://obr.uk/download/march-2021-economic-and-fiscal-outlook-eu-financial-settlement/,2021-03-03,exact,obr.studentloans__2022-23,obr_2021-03,raw/documents/obr/pilot/efo/march-2021-economic-and-fiscal-outlook-eu-financial-settlement.pdf,own link,fb560d9e2e23cb2690f89ce7eb592fbcd247f0f402c7716c4ddcdb8b87eb0193,,2021-03-03,False,pdf,ok,9,2,1472,0
obr_d4f745db17,OBR,efo,other,corpus,March 2021 Economic and fiscal outlook – State pension underpayment correction,https://obr.uk/download/march-2021-economic-and-fiscal-outlook-state-pension-underpayment-correction/,2021-03-03,exact,obr.studentloans__2022-23,obr_2021-03,raw/documents/obr/pilot/efo/march-2021-economic-and-fiscal-outlook-state-pension-underpayment-correction.pdf,own link,56d52a4094ca7673d66d600256ac403ebcd7643411715df1312a1b4ad18cf710,,2021-03-03,False,pdf,ok,12,3,2120,0
obr_dd072e4708,OBR,efo,other,corpus,March 2021 Economic and fiscal outlook – Executive summary,https://obr.uk/download/march-2021-economic-and-fiscal-outlook-executive-summary/,2021-03-03,exact,obr.studentloans__2022-23,obr_2021-03,raw/documents/obr/pilot/efo/march-2021-economic-and-fiscal-outlook-executive-summary.pdf,own link,2fd45e9c866a8be12c906172782b410264e046d7954902cabfadb8bdcdbf7935,,2021-03-03,False,pdf,ok,96,20,2346,0
obr_ee4650191b,OBR,efo,other,corpus,March 2021 Economic and fiscal outlook – Betting and gaming duties,https://obr.uk/download/march-2021-economic-and-fiscal-outlook-betting-and-gaming-duties/,2021-03-03,exact,obr.studentloans__2022-23,obr_2021-03,raw/documents/obr/pilot/efo/Betting-and-gaming-duties.pdf,own link,d2835ecc63a99d70d8f60388e629795dea9884b778eb1517c9ed7b06019e08e3,2021-05-05,2021-03-03,True,pdf,ok,7,2,2112,0
obr_f28d8c2c4b,OBR,efo,other,corpus,March 2021 Economic and fiscal outlook - Corporation tax rate increase,https://obr.uk/download/march-2021-economic-and-fiscal-outlook-corporation-tax-rate-increase/,2021-03-03,exact,obr.studentloans__2022-23,obr_2021-03,raw/documents/obr/pilot/efo/march-2021-economic-and-fiscal-outlook-corporation-tax-rate-increase.pdf,own link,94593d630361b9c5b6314cd69065c3efd1ce7003abeb2a73a1a07b94efe63439,,2021-03-03,False,pdf,ok,24,4,2986,0
obr_d6beecfe6c,OBR,psf_commentary,in_period_commentary,corpus,Commentary on the public sector finances – February 2021,https://obr.uk/download/commentary-on-the-public-sector-finances-february-2021/,2021-03-31,month_only,obr.studentloans__2022-23,,raw/documents/obr/pilot/psf_commentary/commentary-on-the-public-sector-finances-february-2021.pdf,own link,52e6637a9c18eb5400e95bce46483a3de279c66f2495d62f2019e16679ae929f,,2021-03-31,False,pdf,ok,15,4,2078,0
obr_e3c188bd98,OBR,psf_commentary,in_period_commentary,corpus,Commentary on the public sector finances – March 2021,https://obr.uk/download/commentary-on-the-public-sector-finances-march-2021/,2021-04-30,month_only,obr.studentloans__2022-23,,raw/documents/obr/pilot/psf_commentary/commentary-on-the-public-sector-finances-march-2021.pdf,own link,341565ca08d8c9024707b36d87f15b14b81e1103a7b7ab9e935e7ac30b4bbc68,,2021-04-30,False,pdf,ok,17,4,2772,0
obr_17e1a1cf54,OBR,psf_commentary,in_period_commentary,corpus,Commentary on the public sector finances – April 2021,https://obr.uk/download/commentary-on-the-public-sector-finances-april-2021/,2021-05-31,month_only,obr.studentloans__2022-23,,raw/documents/obr/pilot/psf_commentary/April-2021-PSF-commentary.pdf,own link,dc7be5b7f11baaec96d10575830a92f75c64c5a62454a533682a484c3c48cf1b,2021-05-25,2021-05-31,False,pdf,ok,10,3,2357,0
obr_13b1fe1c11,OBR,psf_commentary,in_period_commentary,corpus,Commentary on the public sector finances – May 2021,https://obr.uk/download/commentary-on-the-public-sector-finances-may-2021/,2021-06-30,month_only,obr.studentloans__2022-23,,raw/documents/obr/pilot/psf_commentary/Monthly-PSF-commentary-June.pdf,own link,8980372079dbceb999a9e86afbb047a639f857f61c6fda95f4c9e8d54dca8982,2021-06-22,2021-06-30,False,pdf,ok,10,2,2775,0
obr_31b787abf4,OBR,psf_commentary,in_period_commentary,corpus,Commentary on the public sector finances – June 2021,https://obr.uk/download/commentary-on-the-public-sector-finances-june-2021/,2021-07-31,month_only,obr.studentloans__2022-23,,raw/documents/obr/pilot/psf_commentary/July-2021-PSF-commentary.pdf,own link,a43849770413613e6509d813d1fe3630d76433b04a3c96745aa2872b60a9ee08,2021-07-21,2021-07-31,False,pdf,ok,10,3,2213,0
obr_e0a7222b2a,OBR,psf_commentary,in_period_commentary,corpus,Commentary on the public sector finances – July 2021,https://obr.uk/download/commentary-on-the-public-sector-finances-july-2021/,2021-08-31,month_only,obr.studentloans__2022-23,,raw/documents/obr/pilot/psf_commentary/August-2021-PSF-commentary.pdf,own link,0881fe726b973d9e58eb197db01fb1f8a84bcce3379c7419da6a51dd962bd438,2021-08-20,2021-08-31,False,pdf,ok,20,4,2464,0
obr_028a9d25a2,OBR,psf_commentary,in_period_commentary,corpus,Commentary on the public sector finances – August 2021,https://obr.uk/download/commentary-on-the-public-sector-finances-august-2021/,2021-09-30,month_only,obr.studentloans__2022-23,,raw/documents/obr/pilot/psf_commentary/September-2021-PSF-commentary.pdf,own link,cf8faa317e6bc600553c1a0cf16f3054267eef79d2b242dd9b3ddb79731b3508,2021-09-21,2021-09-30,False,pdf,ok,20,4,2492,0
obr_3fcc1f5743,OBR,efo,other,corpus,Letter from Richard Hughes to Bridget Phillipson MP on the October 2021 Economic and fiscal outlook forecast timetable,https://obr.uk/download/letter-from-richard-hughes-to-bridget-phillipson-mp-on-the-october-2021-economic-and-fiscal-outlook-forecast-timetable/,2021-10-27,exact,obr.studentloans__2022-23,obr_2021-10,raw/documents/obr/pilot/efo/letter-from-richard-hughes-to-bridget-phillipson-mp-on-the-october-2021-economic-and-fiscal-outlook-forecast-timetable.pdf,own link,63187ad9624f376d5ad9bbde8320ed861ccd6125a9777e582f535a81337a207e,,2021-10-27,False,pdf,ok,11,2,2168,0
obr_45e57d4dc6,OBR,efo,other,corpus,"Log of substantive contact between the Office for Budget Responsibility and Treasury Ministers and their Special Advisers and private office staff, between 3 March 2021 and 26 October 2021",https://obr.uk/download/log-of-substantive-contact/,2021-10-27,exact,obr.studentloans__2022-23,obr_2021-10,raw/documents/obr/pilot/efo/log-of-substantive-contact.pdf,own link,6307ab557c74ec4f4406772d81ac08c008c0fb8f270062e5533ca6d239822a6e,,2021-10-27,False,pdf,ok,30,4,1610,0
obr_5055d0d562,OBR,efo,other,corpus,Economic and fiscal outlook presentation slides - October 2021,https://obr.uk/download/economic-and-fiscal-outlook-presentation-slides-october-2021/,2021-10-27,exact,obr.studentloans__2022-23,obr_2021-10,raw/documents/obr/pilot/efo/economic-and-fiscal-outlook-presentation-slides-october-2021.pdf,own link,7f21612be615b18186abc0bef4435a4d92a1068884031343f9c97d24cc330f6c,,2021-10-27,False,pdf,ok,45,18,382,1
obr_5147a62478,OBR,efo,other,corpus,Executive summary,https://obr.uk/docs/dlm_uploads/Executive_summary_Economic_and_fiscal_outlook_October_2021.pdf,2021-10-27,exact,obr.studentloans__2022-23,obr_2021-10,raw/documents/obr/pilot/efo/Executive_summary_Economic_and_fiscal_outlook_October_2021.pdf,own link,39fc7e899b8964f99db132407a29fb4be3a7e4f0e53c2dedaa79945da4e31b19,2021-12-13,2021-10-27,True,pdf,ok,82,16,2409,0
obr_518ad1416c,OBR,efo,other,corpus,October 2021 Economic and fiscal outlook – Health and social care levy costing breakdown,https://obr.uk/download/october-2021-economic-and-fiscal-outlook-health-and-social-care-levy-costing-breakdown/,2021-10-27,exact,obr.studentloans__2022-23,obr_2021-10,raw/documents/obr/pilot/efo/health_and_social_care_levy_supplementary_release.pdf,own link,4aafe2c7b50b98f2bcd808a39bc8f7a2aa4ce03e08a86a41d2381a618302e74a,2022-02-09,2021-10-27,True,pdf,ok,7,1,2615,0
obr_60ce85329f,OBR,efo,other,corpus,Working paper No.16: Forecasting the balance sheet: Public sector net worth,https://obr.uk/download/working-paper-no-16-forecasting-the-balance-sheet-public-sector-net-worth/,2021-10-27,exact,obr.studentloans__2022-23,obr_2021-10,raw/documents/obr/pilot/efo/working-paper-no-16-forecasting-the-balance-sheet-public-sector-net-worth.pdf,own link,5832a00f0f2d781e3bda5d76d186de9ca09627006c504ffc3850d582366d6e70,,2021-10-27,False,pdf,ok,151,34,2007,3
obr_a3690d7d35,OBR,efo,other,corpus,October 2021 Economic and fiscal outlook – Personal allowance and higher rate threshold freeze,https://obr.uk/download/october-2021-economic-and-fiscal-outlook-personal-allowance-and-higher-rate-threshold-freeze/,2021-10-27,exact,obr.studentloans__2022-23,obr_2021-10,raw/documents/obr/pilot/efo/Personal-allowance-and-higher-rate-threshold-freeze-supplementary-release.pdf,own link,e9e964cf0f545f162cee51f084b23146ee2463281016c10b71a35d462de4bab5,2022-01-12,2021-10-27,True,pdf,ok,10,2,2130,0
obr_afaa215f19,OBR,efo,other,corpus,Annex A – Policy measures announced since March 2021,https://obr.uk/download/annex-a-policy-measures-announced-since-march-2021/,2021-10-27,exact,obr.studentloans__2022-23,obr_2021-10,raw/documents/obr/pilot/efo/annex-a-policy-measures-announced-since-march-2021.pdf,own link,caee3b1cdbdd5c8980cc1efdc8c4abe4e8bbe3d5ddcaa8c3828e011c4daf8a87,,2021-10-27,False,pdf,ok,243,32,2794,1
obr_b43affc4b2,OBR,efo,other,corpus,October 2021 Economic and fiscal outlook – Executive summary,https://obr.uk/download/october-2021-economic-and-fiscal-outlook-executive-summary/,2021-10-27,exact,obr.studentloans__2022-23,obr_2021-10,raw/documents/obr/pilot/efo/october-2021-economic-and-fiscal-outlook-executive-summary.pdf,own link,4b91c1d5dc471129761a4d0cae15a37afe38fba58e9d9c57a98e90173bdb1581,,2021-10-27,False,pdf,ok,79,16,2385,0
obr_b9cff6c1d5,OBR,efo,other,corpus,October 2021 Economic and fiscal outlook – Capital allowances super-deduction costing,https://obr.uk/download/october-2021-economic-and-fiscal-outlook-capital-allowances-super-deduction-costing/,2021-10-27,exact,obr.studentloans__2022-23,obr_2021-10,raw/documents/obr/pilot/efo/superdeduction_supplementary_release.pdf,own link,583171e5f5e4c0782cb71d784cada0e13554cc2c00cc7ca0b8251058a753457f,2022-02-17,2021-10-27,True,pdf,ok,9,2,2928,0
obr_c48693c2b9,OBR,efo,other,corpus,Correction slip: Economic and fiscal outlook – October 2021,https://obr.uk/download/correction-slip-economic-and-fiscal-outlook-october-2021/,2021-10-27,exact,obr.studentloans__2022-23,obr_2021-10,raw/documents/obr/pilot/efo/correction-slip-economic-and-fiscal-outlook-october-2021.pdf,own link,9059697711c31c1f6255dd8b5edb79d8cc6897188e487c682c192a70f24e4e55,,2021-10-27,False,pdf,ok,25,4,1159,0
obr_ce8e8a3bb8,OBR,efo,forecast_narrative,corpus,Economic and fiscal outlook - October 2021,https://obr.uk/download/economic-and-fiscal-outlook-october-2021/,2021-10-27,exact,obr.studentloans__2022-23,obr_2021-10,raw/documents/obr/pilot/efo/economic-and-fiscal-outlook-october-2021.pdf,own link,c173ffae2412478cc8304632f6031731ddd38ef6db94a2e5704dc78d5431e575,,2021-10-27,False,pdf,ok,1469,255,2477,5
obr_d376aa647c,OBR,efo,other,corpus,October 2021 Devolved tax and spending forecasts,https://obr.uk/download/october-2021-devolved-tax-and-spending-forecasts/,2021-10-27,exact,obr.studentloans__2022-23,obr_2021-10,raw/documents/obr/pilot/efo/october-2021-devolved-tax-and-spending-forecasts.pdf,own link,b3b1e2628582c11c16bbee758e6ae46ca27c7bb8e02aad4f17226bba5048508a,,2021-10-27,False,pdf,ok,208,38,1826,3
obr_f13de2f653,OBR,efo,other,corpus,October 2021 Economic and fiscal outlook – press notice,https://obr.uk/download/october-2021-economic-and-fiscal-outlook-press-notice/,2021-10-27,exact,obr.studentloans__2022-23,obr_2021-10,raw/documents/obr/pilot/efo/october-2021-economic-and-fiscal-outlook-press-notice.pdf,own link,ef1ac09f23b982ba71e73050a640d0fa1df5b94c472bcb0ea0b8a3a423b2829b,,2021-10-27,False,pdf,ok,12,3,2407,0
obr_f944389f78,OBR,efo,other,corpus,Economic and fiscal outlook speaking notes - October 2021,https://obr.uk/download/economic-and-fiscal-outlook-speaking-notes-october-2021/,2021-10-27,exact,obr.studentloans__2022-23,obr_2021-10,raw/documents/obr/pilot/efo/economic-and-fiscal-outlook-speaking-notes-october-2021.pdf,own link,d5f664ff35c7b9c05b5739fbec3160d6397e4e00603844c752656a7d177933a5,,2021-10-27,False,pdf,ok,66,13,2140,0
obr_6138091c11,OBR,psf_commentary,in_period_commentary,corpus,Commentary on the public sector finances – October 2021,https://obr.uk/download/commentary-on-the-public-sector-finances-october-2021/,2021-11-30,month_only,obr.studentloans__2022-23,,raw/documents/obr/pilot/psf_commentary/November-2021-PSF-commentary.pdf,own link,6bfe762c67afa15ef4851b08d137364b8d71b71a7eedf9b5c69e6fc1297ceb49,2021-11-19,2021-11-30,False,pdf,ok,12,3,2377,0
obr_18abb98b39,OBR,psf_commentary,in_period_commentary,corpus,Commentary on the public sector finances – November 2021,https://obr.uk/download/commentary-on-the-public-sector-finances-november-2021/,2021-12-31,month_only,obr.studentloans__2022-23,,raw/documents/obr/pilot/psf_commentary/December-2021-PSF-commentary.pdf,own link,b740ded407505234965b90dfabd83c67816b0cf82043fc0b1c9cb5798db8d0ba,2021-12-21,2021-12-31,False,pdf,ok,25,4,2561,0
obr_6c3b5d0505,OBR,psf_commentary,in_period_commentary,corpus,Commentary on the public sector finances – December 2021,https://obr.uk/download/commentary-on-the-public-sector-finances-december-2021/,2022-01-31,month_only,obr.studentloans__2022-23,,raw/documents/obr/pilot/psf_commentary/Monthly-PSF-commentary-January-2022.pdf,own link,b01e5f9c9b0df1c71e10d548ae26aa2d1d340536861ef6cdf129d35e39036ef6,2022-01-25,2022-01-31,False,pdf,ok,29,5,2248,0
obr_4c91f99e32,OBR,psf_commentary,in_period_commentary,corpus,Commentary on the public sector finances – January 2022,https://obr.uk/download/commentary-on-the-public-sector-finances-january-2022/,2022-02-28,month_only,obr.studentloans__2022-23,,raw/documents/obr/pilot/psf_commentary/commentary-on-the-public-sector-finances-january-2022.pdf,own link,097cf4c7a7f506f350fae09897560874a3fe394d151933d7817474681e25af11,,2022-02-28,False,pdf,ok,34,5,2798,0
obr_20db15098f,OBR,efo,other,corpus,Economic and fiscal outlook speaking notes - March 2022,https://obr.uk/download/economic-and-fiscal-outlook-speaking-notes-march-2022/,2022-03-23,exact,obr.studentloans__2022-23,obr_2022-03,raw/documents/obr/pilot/efo/Economic_and_fiscal_outlook_presentation_speaking-notes-March-2022-CFD0001.pdf,own link,ef76971dbb4c904299abea7d724e3635fab849b426a499caaa024e99378af49b,2022-03-23,2022-03-23,False,pdf,ok,107,11,2289,0
obr_44be64271b,OBR,efo,other,corpus,Economic and fiscal outlook presentation slides - March 2022,https://obr.uk/download/economic-and-fiscal-outlook-presentation-slides-march-2022/,2022-03-23,exact,obr.studentloans__2022-23,obr_2022-03,raw/documents/obr/pilot/efo/Ecomonic_and_fiscal_outlook_presentation-March-2022-CFD0001.pdf,own link,3d904d7c7fe05345cbd2f211cfb1acadb3f9d059eb5ec8f3000ebd8aa0693ecd,2022-03-23,2022-03-23,False,pdf,ok,28,19,330,1
obr_7d41c83e8b,OBR,efo,other,corpus,"Log of substantive contact between the OBR and Treasury Ministers, Special Advisers and their private office staff between 27 October 2021 and 22 March 2022.",https://obr.uk/download/log-of-substantive-contact-between-the-obr-and-treasury-ministers-special-advisers-and-their-private-office-staff-between-27-october-2021-and-22-march-2022/,2022-03-23,exact,obr.studentloans__2022-23,obr_2022-03,raw/documents/obr/pilot/efo/Log-of-contact-EFO-Mar22.pdf,own link,5a8f83ba5c344b6db21be0c41288308bb952344445c4b773a1642b5156d85e1e,2022-03-23,2022-03-23,False,pdf,ok,71,4,1700,0
obr_93254a99a0,OBR,efo,other,corpus,March 2022 Economic and fiscal outlook – Executive summary,https://obr.uk/download/march-2022-economic-and-fiscal-outlook-executive-summary/,2022-03-23,exact,obr.studentloans__2022-23,obr_2022-03,raw/documents/obr/pilot/efo/Exec-sum.pdf,own link,5cb77bdef4ed2f9f136281c9a490a1da28a6bc693632e28fb012f2a9f12c93b3,2022-03-23,2022-03-23,False,pdf,ok,77,16,2432,0
obr_ae3a135846,OBR,efo,other,corpus,March 2022 Economic and fiscal outlook – Non-residential SDLT elasticities,https://obr.uk/download/march-2022-economic-and-fiscal-outlook-non-residential-sdlt-elasticities/,2022-03-23,exact,obr.studentloans__2022-23,obr_2022-03,raw/documents/obr/pilot/efo/Non-residential-SDLT-elasticities-supplementary-release.pdf,own link,e6dbb37daf54133d74b2831abf8fa7af15bda394445af4bed1a2e78758d97d4e,2022-03-23,2022-03-23,False,pdf,ok,12,1,2222,0
obr_b7447f4085,OBR,efo,other,corpus,March 2022 Devolved tax and spending forecasts,https://obr.uk/download/march-2022-devolved-tax-and-spending-forecasts/,2022-03-23,exact,obr.studentloans__2022-23,obr_2022-03,raw/documents/obr/pilot/efo/DevolvedMarch22.pdf,own link,c33ee77e634c1c3a903826ad16daa304ca82c77e8ccd7c3808184536c3ef4e37,2022-05-24,2022-03-23,True,pdf,ok,200,37,1923,2
obr_cdd10fe743,OBR,efo,other,corpus,Executive summary,https://obr.uk/docs/dlm_uploads/Exec-sum.pdf,2022-03-23,exact,obr.studentloans__2022-23,obr_2022-03,raw/documents/obr/pilot/efo/Exec-sum.pdf,own link,5cb77bdef4ed2f9f136281c9a490a1da28a6bc693632e28fb012f2a9f12c93b3,2022-03-23,2022-03-23,False,pdf,ok,77,16,2432,0
obr_d272caca2f,OBR,efo,forecast_narrative,corpus,Economic and fiscal outlook - March 2022,https://obr.uk/download/economic-and-fiscal-outlook-march-2022/,2022-03-23,exact,obr.studentloans__2022-23,obr_2022-03,raw/documents/obr/pilot/efo/CCS0222366764-001_OBR-EFO-March-2022_Web-Accessible-2.pdf,own link,9217b00ad7265ff5755f5d06aa22aa759474e7ae8f5c571dd1d232e8d28b8880,2022-03-23,2022-03-23,False,pdf,ok,1439,245,2608,1
obr_f0078a6fdd,OBR,efo,other,corpus,March 2022 Economic and fiscal outlook – Income streams subject to self-assessment income tax,https://obr.uk/download/march-2022-economic-and-fiscal-outlook-income-streams-subject-to-self-assessment-income-tax/,2022-03-23,exact,obr.studentloans__2022-23,obr_2022-03,raw/documents/obr/pilot/efo/March_2022_SA_income_streams.pdf,own link,49d4687f3d1476dd7439ef4bd18922bcddfa24b1cf4f6ab0b651c2aff58b46d4,2022-09-08,2022-03-23,True,pdf,ok,7,2,1358,0
obr_f444cfd7f0,OBR,psf_commentary,in_period_commentary,corpus,Commentary on the public sector finances – March 2022,https://obr.uk/download/commentary-on-the-public-sector-finances-march-2022/,2022-04-30,month_only,obr.studentloans__2022-23,,raw/documents/obr/pilot/psf_commentary/Monthly-PSF-commentary-April-1.pdf,own link,c8c766c745e1c48fc594a02d6a0aedd2addef3e302b7026c66fb018d4a727078,2022-04-26,2022-04-30,False,pdf,ok,26,4,3175,0
obr_fbf472b3c2,OBR,psf_commentary,in_period_commentary,corpus,Commentary on the public sector finances – April 2022,https://obr.uk/download/commentary-on-the-public-sector-finances-april-2022/,2022-05-31,month_only,obr.studentloans__2022-23,,raw/documents/obr/pilot/psf_commentary/May_2022_monthly_PSF_commentary.pdf,own link,e8a7e6fc7b96d95be4fe43410daebb82e402b0c824237c3d0ca460d65d54a23c,2022-05-24,2022-05-31,False,pdf,ok,23,4,2528,0
obr_160808d935,OBR,psf_commentary,in_period_commentary,corpus,Commentary on the public sector finances – May 2022,https://obr.uk/download/commentary-on-the-public-sector-finances-may-2022/,2022-06-30,month_only,obr.studentloans__2022-23,,raw/documents/obr/pilot/psf_commentary/Monthly-PSF-commentary-June-1.pdf,own link,340876620e320e98cf908cc16320f423ec1464f7054b49e51609ed0331b19a1e,2022-06-23,2022-06-30,False,pdf,ok,29,5,2472,0
obr_39edbdfe99,OBR,psf_commentary,in_period_commentary,corpus,Commentary on the public sector finances – June 2022,https://obr.uk/download/commentary-on-the-public-sector-finances-june-2022/,2022-07-31,month_only,obr.studentloans__2022-23,,raw/documents/obr/pilot/psf_commentary/July-2022-PSF-commentary.pdf,own link,844ad6e3a35edd405b657cbceb44ae7be6cb2d163f2328420619c0a757abe217,2022-07-21,2022-07-31,False,pdf,ok,31,5,2550,0
obr_7a5d10842c,OBR,psf_commentary,in_period_commentary,corpus,Commentary on the public sector finances – July 2022,https://obr.uk/download/commentary-on-the-public-sector-finances-july-2022/,2022-08-31,month_only,obr.studentloans__2022-23,,raw/documents/obr/pilot/psf_commentary/August-2022-PSF-commentary.pdf,own link,02e898602e24a4910ee5fc3cb7b70ee3233f4343afc9db8b2eec567bfb4c4488,2022-08-19,2022-08-31,False,pdf,ok,33,5,2702,0
obr_cc2ad6bee0,OBR,psf_commentary,in_period_commentary,corpus,Commentary on the public sector finances – August 2022,https://obr.uk/download/commentary-on-the-public-sector-finances-august-2022/,2022-09-30,month_only,obr.studentloans__2022-23,,raw/documents/obr/pilot/psf_commentary/September-2022-PSF-commentary.pdf,own link,e8052e01835a8487f10c4f28658d52ffbf7cd79da14ed6ffd75b684de3ce3037,2022-09-21,2022-09-30,False,pdf,ok,31,5,2584,0
obr_26d5f80b1c,OBR,efo,other,corpus,"Log of substantive contact between the OBR and Treasury Ministers, Special Advisers and their private office staff between 7 July 2022 and 16 November 2022.",https://obr.uk/download/log-of-substantive-contact-between-the-obr-and-treasury-ministers-special-advisers-and-their-private-office-staff-between-7-july-2022-and-16-november-2022/,2022-11-16,exact,obr.studentloans__2022-23,obr_2022-11,raw/documents/obr/pilot/efo/Log-of-contact-EFO-Nov22.pdf,own link,7c9499e2909e0cfb1393c4a757cd5efb853589cf74521ea973a6d0778d06675a,2022-11-17,2022-11-16,False,pdf,ok,94,5,1598,0
obr_415b46c022,OBR,efo,forecast_narrative,corpus,Economic and fiscal outlook - November 2022,https://obr.uk/download/economic-and-fiscal-outlook-november-2022/,2022-11-16,exact,obr.studentloans__2022-23,obr_2022-11,raw/documents/obr/pilot/efo/CCS0822661240-002_SECURE_OBR_EFO_November_2022_WEB_ACCESSIBLE.pdf,own link,4cb3e144877b3cd73cc299f034c647156df50e786203993034b2fe2dc66dadaf,2023-02-06,2022-11-16,True,pdf,ok,410,68,2536,2
obr_5f60eb0a1e,OBR,efo,other,corpus,November 2022 Economic and fiscal outlook – welfare spending,https://obr.uk/download/november-2022-economic-and-fiscal-outlook-welfare-spending/,2022-11-16,exact,obr.studentloans__2022-23,obr_2022-11,raw/documents/obr/pilot/efo/OBR_supp_forecast_info_release_welfare_spending_web_corrected.pdf,own link,e6ae75b3b594d0ee393f3fa5a898f76449e82123643fc26767d5b2ed7b0c8aa5,2023-02-06,2022-11-16,True,pdf,ok,51,8,2287,0
obr_8dc67086a7,OBR,efo,other,corpus,November 2022 Economic and fiscal outlook – emissions trading scheme receipts,https://obr.uk/download/november-2022-economic-and-fiscal-outlook-emissions-trading-scheme-receipts/,2022-11-16,exact,obr.studentloans__2022-23,obr_2022-11,raw/documents/obr/pilot/efo/supplementary_info_release_carbon_price_forecast_assumption.pdf,own link,3016dd82d8b550eda1a8392810813c45bc10fd27dedb64b14cce260766ba33bb,2022-11-30,2022-11-16,True,pdf,ok,4,1,1459,0
obr_93cfbb7f01,OBR,efo,other,corpus,November 2022 Economic and fiscal outlook – Income streams subject to self-assessment income tax,https://obr.uk/download/november-2022-economic-and-fiscal-outlook-income-streams-subject-to-self-assessment-income-tax/,2022-11-16,exact,obr.studentloans__2022-23,obr_2022-11,raw/documents/obr/pilot/efo/income_streams_supplementary_forecast_info_release.pdf,own link,c65fd55d571fc8e40bad6480211960cdde3ed6dd4451a1b9ebdbd539adb6ad6c,2022-12-15,2022-11-16,True,pdf,ok,8,2,1360,0
obr_9a550e25be,OBR,efo,other,corpus,November 2022 Economic and fiscal outlook – Ofgem price cap,https://obr.uk/download/november-2022-economic-and-fiscal-outlook-ofgem-price-cap/,2022-11-16,exact,obr.studentloans__2022-23,obr_2022-11,raw/documents/obr/pilot/efo/Supplementary_info_release_Ofgem_price_cap.pdf,own link,23d8fdcca48bcf8ed3faaf8ec11606265fa2d457d6dce974d3255d8fa6106ce7,2022-12-01,2022-11-16,True,pdf,ok,6,1,2397,0
obr_b1baa64137,OBR,efo,other,corpus,November 2022 Economic and fiscal outlook – speaking notes,https://obr.uk/download/november-2022-economic-and-fiscal-outlook-speaking-notes/,2022-11-16,exact,obr.studentloans__2022-23,obr_2022-11,raw/documents/obr/pilot/efo/November_2022_EFO_Speaking_notes.pdf,own link,d63abdee09c413c6a8320a272d4753e38ff13ba66b2bed661f6613a351eec363,2022-11-17,2022-11-16,False,pdf,ok,54,12,2101,0
obr_b4136e6b31,OBR,efo,other,corpus,November 2022 Economic and fiscal outlook – press notice,https://obr.uk/download/november-2022-economic-and-fiscal-outlook-press-notice/,2022-11-16,exact,obr.studentloans__2022-23,obr_2022-11,raw/documents/obr/pilot/efo/EFO_Nov22_PN.pdf,own link,2c8ba66fb38ff67727f87e019b5adba65ea95cc594e5953b29f89e6ac0258322,2022-11-17,2022-11-16,False,pdf,ok,15,3,2718,0
obr_bf8cf7ec74,OBR,efo,other,corpus,November 2022 Economic and fiscal outlook – presentation slides,https://obr.uk/download/november-2022-economic-and-fiscal-outlook-presentation-slides/,2022-11-16,exact,obr.studentloans__2022-23,obr_2022-11,raw/documents/obr/pilot/efo/November_2022_EFO_Presentation_slides.pdf,own link,f9edd8cbb71a050664ce104935ff438248adef9802bfcdda75571ed536f49fd7,2022-11-17,2022-11-16,False,pdf,ok,39,27,333,1
obr_f74a4a5dd5,OBR,efo,other,corpus,November 2022 Devolved tax and spending forecasts,https://obr.uk/download/november-2022-devolved-tax-and-spending-forecasts/,2022-11-16,exact,obr.studentloans__2022-23,obr_2022-11,raw/documents/obr/pilot/efo/DevolvedNov2022_web_v2.pdf,own link,d46aae966624e6728d490529cc8aff6f42ee1d8b6fe2468b2256ddacf17a47fe,2023-01-05,2022-11-16,True,pdf,ok,184,33,1819,4
obr_f7b9352464,OBR,efo,other,corpus,November 2022 Economic and fiscal outlook – income tax and National Insurance contributions,https://obr.uk/download/november-2022-economic-and-fiscal-outlook-income-tax-and-national-insurance-contributions/,2022-11-16,exact,obr.studentloans__2022-23,obr_2022-11,raw/documents/obr/pilot/efo/supplementary_forecast_info_release_income_tax_and_NICs.pdf,own link,1327fc06984e9e0671de15d80630ad961502f3e82a3dfcc58320247fce8b4957,2022-12-08,2022-11-16,True,pdf,ok,6,2,1578,0
obr_9c2ca0da43,OBR,psf_commentary,in_period_commentary,corpus,Commentary on the public sector finances – October 2022,https://obr.uk/download/commentary-on-the-public-sector-finances-october-2022/,2022-11-30,month_only,obr.studentloans__2022-23,,raw/documents/obr/pilot/psf_commentary/November_2022_PSF_commentary.pdf,own link,7bc525f2b8d994b1c3f39a716d5cb92031f407883c7fb9d2fc270196d1ced1aa,2022-11-22,2022-11-30,False,pdf,ok,19,4,2599,0
obr_ba6bb1c13e,OBR,psf_commentary,in_period_commentary,corpus,Commentary on the public sector finances – November 2022,https://obr.uk/download/commentary-on-the-public-sector-finances-november-2022/,2022-12-31,month_only,obr.studentloans__2022-23,,raw/documents/obr/pilot/psf_commentary/December_2022_PSF_commentary.pdf,own link,59e50ffc70df99894cdba566fc590e6c8173ae5795925e9c318f1106cd251b77,2022-12-21,2022-12-31,False,pdf,ok,28,5,2578,0
obr_e9bc2e9a44,OBR,psf_commentary,in_period_commentary,corpus,Commentary on the public sector finances – December 2022,https://obr.uk/download/commentary-on-the-public-sector-finances-december-2022/,2023-01-31,month_only,obr.studentloans__2022-23,,raw/documents/obr/pilot/psf_commentary/January_2023_PSF_commentary_v2.pdf,own link,145fa0bd413a36e95805efd01e38e8ae0fdc8de6d69275980b432d2fe31cd19c,2023-01-24,2023-01-31,False,pdf,ok,32,5,2648,0
obr_422c483c1e,OBR,psf_commentary,in_period_commentary,corpus,Commentary on the public sector finances – January 2023,https://obr.uk/download/commentary-on-the-public-sector-finances-january-2023/,2023-02-28,month_only,obr.studentloans__2022-23,,raw/documents/obr/pilot/psf_commentary/February_2023_PSF_commentary.pdf,own link,05de7168d9aab705bd931bfabf846ed0e177f5aaea4f01e500b29b835b145c59,2023-02-21,2023-02-28,False,pdf,ok,36,6,2762,0
obr_0e60f97e11,OBR,efo,other,corpus,March 2023 Devolved tax and spending forecasts,https://obr.uk/download/march-2023-devolved-tax-and-spending-forecasts/,2023-03-15,exact,obr.studentloans__2022-23,obr_2023-03,raw/documents/obr/pilot/efo/DevolvedMarch2023.pdf,own link,3527454de62f210e84e2f65a99fa1cf76338023750c89637785e0860aad29f1b,2023-03-15,2023-03-15,False,pdf,ok,205,35,1985,3
obr_213c70cc78,OBR,efo,other,corpus,March 2023  Economic and fiscal outlook – speaking notes,https://obr.uk/download/march-2023-economic-and-fiscal-outlook-speaking-notes/,2023-03-15,exact,obr.studentloans__2022-23,obr_2023-03,raw/documents/obr/pilot/efo/March-2023-Economic-and-fiscal-outlook-speaking-notes.pdf,own link,64156276f9ae27bd081072f0eb5aee8eb83649e4fa5dd45287cec44eeba480b2,2023-03-15,2023-03-15,False,pdf,ok,39,10,1811,0
obr_5e9980b881,OBR,efo,forecast_narrative,corpus,Economic and fiscal outlook – March 2023,https://obr.uk/download/economic-and-fiscal-outlook-march-2023/,2023-03-15,exact,obr.studentloans__2022-23,obr_2023-03,raw/documents/obr/pilot/efo/OBR-EFO-March-2023_Web_Accessible.pdf,own link,de40aee26dc5d2b0974e22484897950d3dada1690fdbe06604986898f1bd7fbd,2023-03-15,2023-03-15,False,pdf,ok,1002,172,2506,5
obr_6fb3fae558,OBR,efo,other,corpus,Major balance sheet interventions,https://obr.uk/download/annex-c-major-balance-sheet-interventions/,2023-03-15,exact,obr.studentloans__2022-23,obr_2023-03,raw/documents/obr/pilot/efo/March-2023-Major-balance-sheet-interventions.pdf,own link,9cc19c57aad9ba0da27cef52e04bcb4168ae9cc89c5c7e5cfef106fb68175de8,2023-03-23,2023-03-15,True,pdf,ok,37,5,3016,0
obr_7ce1f6bcc2,OBR,efo,other,corpus,March 2023 Economic and fiscal outlook – wholesale electricity prices,https://obr.uk/download/march-2023-economic-and-fiscal-outlook-wholesale-electricity-prices/,2023-03-15,exact,obr.studentloans__2022-23,obr_2023-03,raw/documents/obr/pilot/efo/supplementary-forecast-info-release-wholesale-electricity-prices.pdf,own link,3510e91098c6a53403f77e68c1472e21d8c42ae5b7ebac4fd4b4a22e1d974c63,2023-04-12,2023-03-15,True,pdf,ok,5,1,1410,0
obr_7fc02655c7,OBR,efo,other,corpus,March 2023 Economic and fiscal outlook – presentation slides,https://obr.uk/download/march-2023-economic-and-fiscal-outlook-presentation-slides/,2023-03-15,exact,obr.studentloans__2022-23,obr_2023-03,raw/documents/obr/pilot/efo/March-2023-Economic-and-fiscal-outlook-presentation-slides.pdf,own link,28c4af5f198561fd429188db03b2633c87e70d447663df0bdfc62417e710c679,2023-03-15,2023-03-15,False,pdf,ok,21,24,226,0
obr_81d779a514,OBR,efo,other,corpus,"Log of substantive contact between the OBR and Treasury Ministers, Special Advisers and their private office staff between 17 November 2022 and 14 March 2023.",https://obr.uk/download/log-of-substantive-contact-between-the-obr-and-treasury-ministers-special-advisers-and-their-private-office-staff-between-17-november-2022-and-14-march-2023/,2023-03-15,exact,obr.studentloans__2022-23,obr_2023-03,raw/documents/obr/pilot/efo/Log-of-contact-EFO-Mar23.pdf,own link,801eab270d3ac4fa305faf41b40da8213a8f20feae1c524dd056b99384c5eeb9,2023-03-15,2023-03-15,False,pdf,ok,29,4,1920,0
obr_9d79fd5288,OBR,efo,other,corpus,March 2023 Economic and fiscal outlook – CPI inflation categories,https://obr.uk/download/march-2023-economic-and-fiscal-outlook-cpi-inflation-categories/,2023-03-15,exact,obr.studentloans__2022-23,obr_2023-03,raw/manual/pilot/obr_9d79fd5288.pdf,manual (downloaded in a browser),f0f02ea81bba3b9e925be74896e0ee9e4f0d92906427ca15cfd3941a39c1c3e8,,2023-03-15,False,pdf,ok,5,3,820,0
obr_c4d07da0d5,OBR,psf_commentary,in_period_commentary,corpus,Commentary on the public sector finances – February 2023,https://obr.uk/download/commentary-on-the-public-sector-finances-february-2023/,2023-03-31,month_only,obr.studentloans__2022-23,,raw/documents/obr/pilot/psf_commentary/February-2023-PSF-commentary.pdf,own link,42583249afb580c89e28752c16e7ab60a810e092df5260b94a15c1ecb1c541d3,2023-03-21,2023-03-31,False,pdf,ok,21,4,2664,0
obr_b3510d4f27,OBR,psf_commentary,in_period_commentary,corpus,Commentary on the public sector finances – March 2023,https://obr.uk/download/commentary-on-the-public-sector-finances-march-2023/,2023-04-30,month_only,obr.studentloans__2022-23,,raw/documents/obr/pilot/psf_commentary/March-2023-PSF-commentary-1.pdf,own link,eeeb1089209f916245bf9ea244365050aea4c7980f326a9cc7fa209f9df328eb,2023-04-25,2023-04-30,False,pdf,ok,29,5,2592,0
obr_0ecb0a4704,OBR,psf_commentary,in_period_commentary,corpus,Commentary on the public sector finances – April 2023,https://obr.uk/download/commentary-on-the-public-sector-finances-april-2023/,2023-05-31,month_only,obr.studentloans__2022-23,,raw/manual/pilot/obr_0ecb0a4704.pdf,manual (downloaded in a browser),afe42bd46865f0db2e14ed31d4e65235404db23e3090f9691eb163ca6e9cbf08,,2023-05-31,False,pdf,ok,29,4,2696,0
obr_b001c97076,OBR,psf_commentary,in_period_commentary,corpus,Commentary on the public sector finances – May 2023,https://obr.uk/download/commentary-on-the-public-sector-finances-may-2023/,2023-06-30,month_only,obr.studentloans__2022-23,,raw/manual/pilot/obr_b001c97076.pdf,manual (downloaded in a browser),c9064f48496f28f705a34f39cc44451972dbcbc455f0d629bc8a3ce763d6a39d,,2023-06-30,False,pdf,ok,30,5,2695,0
obr_0151f06dfc,OBR,psf_commentary,in_period_commentary,corpus,Commentary on the public sector finances – June 2023,https://obr.uk/download/commentary-on-the-public-sector-finances-june-2023/,2023-07-31,month_only,obr.studentloans__2022-23,,raw/documents/obr/pilot/psf_commentary/June-PSF-commentary-Accessible-PDF.pdf,own link,27fd5a63aed159de563a463a3c19d90afc608b62258eddf57faa28ffe77f329d,2023-07-21,2023-07-31,False,pdf,ok,30,4,3016,0
obr_16f011276e,OBR,psf_commentary,in_period_commentary,corpus,Commentary on the public sector finances – July 2023,https://obr.uk/download/commentary-on-the-public-sector-finances-july-2023/,2023-08-31,month_only,obr.studentloans__2022-23,,raw/documents/obr/pilot/psf_commentary/July-PSF-commentary.pdf,own link,7ce645e11319bda1f1e9dea9c7ba5018efb9fd071bdf9deda6730def16a296fb,2023-08-22,2023-08-31,False,pdf,ok,27,5,2585,0
obr_79ea6285ed,OBR,psf_commentary,in_period_commentary,corpus,Commentary on the public sector finances – August 2023,https://obr.uk/download/commentary-on-the-public-sector-finances-august-2023/,2023-09-30,month_only,obr.studentloans__2022-23,,raw/documents/obr/pilot/psf_commentary/August-2023-PSF-commentary.pdf,own link,cd35317ebee349856218b5167111dd07e0c205d4cec0846f20d91e537ef7c854,2023-09-21,2023-09-30,False,pdf,ok,30,4,2880,0
obr_71a4cd5454,OBR,psf_commentary,in_period_commentary,corpus,Commentary on the public sector finances – September 2023,https://obr.uk/download/commentary-on-the-public-sector-finances-september-2023/,2023-10-31,month_only,obr.studentloans__2022-23,,raw/documents/obr/pilot/psf_commentary/September-PSF-commentary.pdf,own link,94f97421c9c8beda093004a17e75e7bab144b8f096321f231abae86aae923648,2023-10-20,2023-10-31,False,pdf,ok,29,4,2919,0
obr_0daf80287c,OBR,efo,other,corpus,November 2023 Economic and fiscal outlook – National Living Wage,https://obr.uk/download/november-2023-economic-and-fiscal-outlook-national-living-wage/,2023-11-22,exact,obr.studentloans__2022-23,obr_2023-11,raw/documents/obr/pilot/efo/Nov-2023-EFO-National-Living-Wage-forecast.pdf,own link,e112bd32984efb38d89c882e6d8484edd05c2877783249bb8367333ead8a5e84,2023-12-06,2023-11-22,True,pdf,ok,6,1,2048,0
obr_17e8f6aa2a,OBR,efo,other,corpus,November 2023 Economic and fiscal outlook – additional taxpayers by tax rate band,https://obr.uk/download/november-2023-economic-and-fiscal-outlook-additional-taxpayers-by-tax-rate-band/,2023-11-22,exact,obr.studentloans__2022-23,obr_2023-11,raw/documents/obr/pilot/efo/Nov-2023-EFO-additional-taxpayers-by-tax-rate-band.pdf,own link,8923c115c985187b9d08c186203baaba2839f912bc412157368efeb89e17cc84,2023-12-06,2023-11-22,True,pdf,ok,26,3,1884,0
obr_23f1c5fbf1,OBR,efo,other,corpus,November 2023  Economic and fiscal outlook – presentation slides,https://obr.uk/download/november-2023-economic-and-fiscal-outlook-presentation-slides/,2023-11-22,exact,obr.studentloans__2022-23,obr_2023-11,raw/documents/obr/pilot/efo/November-2023-Economic-and-fiscal-outlook-presentation-slides.pdf,own link,98f9e91c8373c8db9e1213611bee1d06f17ca9e5b06edf6016bd5054801c6d34,2023-11-22,2023-11-22,False,pdf,ok,11,23,202,2
obr_26e91917c6,OBR,efo,other,corpus,November 2023 Economic and fiscal outlook - WCA reform,https://obr.uk/download/november-2023-economic-and-fiscal-outlook-wca-reform/,2023-11-22,exact,obr.studentloans__2022-23,obr_2023-11,raw/documents/obr/pilot/efo/November-2023-Economic-and-fiscal-outlook-WCA-reform.pdf,own link,0dae84a6e696aa7d02e8201bf77caf8bcadf76d39f83c04941c773152219d3e2,2024-01-11,2023-11-22,True,pdf,ok,11,2,1720,0
obr_2e053811a6,OBR,efo,other,corpus,November 2023  Economic and fiscal outlook – speaking notes,https://obr.uk/download/march-2023-economic-and-fiscal-outlook-speaking-notes-2/,2023-11-22,exact,obr.studentloans__2022-23,obr_2023-11,raw/documents/obr/pilot/efo/November-2023-Economic-and-fiscal-outlook-presentation-script.pdf,own link,d0bb8df3d1dda0871d8100f976e7873530424416143787184f5f5e2d05436410,2023-11-22,2023-11-22,False,pdf,ok,30,8,1677,0
obr_30b248eea2,OBR,efo,other,corpus,November 2023 Devolved tax and spending forecasts,https://obr.uk/download/november-2023-devolved-tax-and-spending-forecasts/,2023-11-22,exact,obr.studentloans__2022-23,obr_2023-11,raw/documents/obr/pilot/efo/Devolved_Nov2023.pdf,own link,bb7af2ed81e18841c2b876b29484c4290ab49154e993c8807e24687ac3ed5c99,2023-11-23,2023-11-22,False,pdf,ok,180,30,1818,2
obr_32758c643a,OBR,efo,other,corpus,November 2023 Economic and fiscal outlook – electricity price forecast,https://obr.uk/download/november-2023-economic-and-fiscal-outlook-electricity-price-forecast/,2023-11-22,exact,obr.studentloans__2022-23,obr_2023-11,raw/documents/obr/pilot/efo/Nov-2023-EFO-electricity-price-forecast.pdf,own link,d6c0b41d6c1e959b71da4f47f14481c6d9e4f72e14587e39e6536bbcfa67fcee,2023-12-06,2023-11-22,True,pdf,ok,3,3,644,0
obr_af281b4b8b,OBR,efo,other,corpus,The economic effects of full expensing,https://obr.uk/download/the-economic-effects-of-full-expensing/,2023-11-22,exact,obr.studentloans__2022-23,obr_2023-11,raw/documents/obr/pilot/efo/The-economic-effects-of-full-expensing.pdf,own link,34ea9c15363990b39ce1043917d308d77323bbdb2a9f030bc49b5025c1d9f327,2024-02-07,2023-11-22,True,pdf,ok,49,6,3094,0
obr_b2d8a37f0c,OBR,efo,other,corpus,"Log of substantive contact between the Office for Budget Responsibility and Treasury Ministers and their Special Advisers and private office staff, between 13 July 2023 and 21 November 2023",https://obr.uk/download/log-of-substantive-contact-between-the-office-for-budget-responsibility-and-treasury-ministers-and-their-special-advisers-and-private-office-staff-between-13-july-2023-and-21-november-2023/,2023-11-22,exact,obr.studentloans__2022-23,obr_2023-11,raw/documents/obr/pilot/efo/Log_of_contact_EFO_Nov23.pdf,own link,32f226ddbbdfb896b1d5e92ccae64aabdb29fd51c8b1129a5aa8edbd67b2ea3b,2023-12-01,2023-11-22,True,pdf,ok,24,3,1708,0
obr_c4fcf6014a,OBR,efo,other,corpus,November 2023  Economic and fiscal outlook – 5 things video transcription,https://obr.uk/download/november-2023-economic-and-fiscal-outlook-5-things-video-transcription/,2023-11-22,exact,obr.studentloans__2022-23,obr_2023-11,raw/documents/obr/pilot/efo/Twitter_video_transcript_November_2023.pdf,own link,eb125bf307578159f3c1b6024ee16581f61c8258d2168d702cdf6b86c91042f1,2023-11-22,2023-11-22,False,pdf,ok,7,1,2298,0
obr_db94902c39,OBR,efo,other,corpus,The labour supply effects of the Autumn 2023 National Insurance Contributions cut,https://obr.uk/download/the-labour-supply-effects-of-the-autumn-2023-national-insurance-contributions-cut/,2023-11-22,exact,obr.studentloans__2022-23,obr_2023-11,raw/documents/obr/pilot/efo/NICS-Cut-Impact-on-Labour-Supply-Note.pdf,own link,088d1a962c01d803d0ac6ba800896bb47dd4e2c8da0dc6a3254ae1c99e693fd7,2024-02-08,2023-11-22,True,pdf,ok,50,9,2136,0
obr_e5a36b985f,OBR,efo,other,corpus,November 2023 Economic and fiscal outlook - Deposit rate forecast,https://obr.uk/download/november-2023-economic-and-fiscal-outlook-deposit-rate-forecast/,2023-11-22,exact,obr.studentloans__2022-23,obr_2023-11,raw/documents/obr/pilot/efo/November_2023_Deposit_rate_forecast.pdf,own link,966ca584243ab562161bddc7ff550896375d22854458294a6221e766f63209b6,2023-12-21,2023-11-22,True,pdf,ok,45,2,1244,0
obr_ea891ae18b,OBR,efo,forecast_narrative,corpus,Economic and fiscal outlook – November 2023,https://obr.uk/download/economic-and-fiscal-outlook-november-2023/,2023-11-22,exact,obr.studentloans__2022-23,obr_2023-11,raw/documents/obr/pilot/efo/E03004355_November-Economic-and-Fiscal-Outlook_Web-Accessible.pdf,own link,07c53ee1cfd50c32867a7d251b64a5161873e92488c0134ef9aabdcf507b7e66,2023-11-22,2023-11-22,False,pdf,ok,873,170,2331,6
obr_913193d785,OBR,fer,post_hoc_evaluation,post_hoc,Forecast evaluation report - December 2021,https://obr.uk/download/forecast-evaluation-report-december-2021/,2021-12-09,exact,obr.apd__2020-21;obr.fuel__2020-21,,raw/documents/obr/pilot/fer/Forecast_evaluation_report_December_2021_accessible.pdf,own link,15bf77182678c06430016012fc8753ac4afd037953289cc6791a98b8a345ea55,2021-12-09,2021-12-09,False,pdf,ok,441,84,2419,3
obr_928bd20e8e,OBR,fer,post_hoc_evaluation,post_hoc,Forecast evaluation report – October 2023,https://obr.uk/download/forecast-evaluation-report-october-2023/,2023-10-19,exact,obr.studentloans__2022-23,,raw/documents/obr/pilot/fer/Forecast-evaluation-report-October-2023.pdf,own link,4591e453efb454adfcc09d4829f31b22b63f2b20705e6c706d134c216974cd32,2023-10-19,2023-10-19,False,pdf,ok,322,61,2240,2
