series_id,vintage_id,target_period,projection_error,error_latest_pa,abs_diff
cbo.revenue.total,cbo_1982-02,1982,13.234,13.234000000000037,3.730349362740526e-14
cbo.revenue.total,cbo_1983-02,1983,5.438,5.437999999999988,1.1546319456101628e-14
cbo.revenue.total,cbo_1984-02,1984,-2.538,-2.538000000000011,1.1102230246251565e-14
cbo.revenue.total,cbo_1985-02,1985,0.753,0.7530000000000427,4.2743586448068527e-14
cbo.revenue.total,cbo_1986-02,1986,9.442,9.442000000000007,7.105427357601002e-15
cbo.revenue.total,cbo_1987-01,1987,-20.43,-20.430000000000064,6.394884621840902e-14
cbo.revenue.total,cbo_1987-02,1987,-20.186,-20.186000000000035,3.552713678800501e-14
cbo.revenue.total,cbo_1988-02,1988,-11.902,-11.902000000000044,4.440892098500626e-14
cbo.revenue.total,cbo_1988-03,1988,-10.769,-10.769000000000005,5.329070518200751e-15
cbo.revenue.total,cbo_1989-01,1989,-7.749,-7.749000000000024,2.398081733190338e-14
cbo.revenue.total,cbo_1990-01,1990,35.21,35.20999999999981,1.9184653865522705e-13
cbo.revenue.total,cbo_1991-01,1991,38.06,38.059999999999945,5.684341886080802e-14
cbo.revenue.total,cbo_1991-03,1991,37.802,37.80199999999991,9.237055564881302e-14
cbo.revenue.total,cbo_1992-01,1992,-3.313,-3.313000000000102,1.0169642905566434e-13
cbo.revenue.total,cbo_1992-03,1992,-3.388,-3.3880000000001473,1.474376176702208e-13
cbo.revenue.total,cbo_1993-01,1993,-11.681,-11.68100000000004,4.085620730620576e-14
cbo.revenue.total,cbo_1993-03,1993,-12.436,-12.43600000000015,1.4921397450962104e-13
cbo.revenue.total,cbo_1994-01,1994,-8.056,-8.05600000000004,4.085620730620576e-14
cbo.revenue.total,cbo_1995-01,1995,3.175,3.1749999999999545,4.529709940470639e-14
cbo.revenue.total,cbo_1996-05,1996,-24.708,-24.708000000000084,8.526512829121202e-14
cbo.revenue.total,cbo_1997-01,1997,-69.097,-69.09699999999998,1.4210854715202004e-14
cbo.revenue.total,cbo_1997-03,1997,-69.54,-69.53999999999996,4.263256414560601e-14
cbo.revenue.total,cbo_1998-01,1998,-56.367,-56.36699999999996,3.552713678800501e-14
cbo.revenue.total,cbo_1998-03,1998,-41.442,-41.44200000000001,7.105427357601002e-15
cbo.revenue.total,cbo_1999-01,1999,-12.888,-12.888000000000147,1.474376176702208e-13
cbo.revenue.total,cbo_2000-01,2000,-80.071,-80.07100000000014,1.4210854715202004e-13
cbo.revenue.total,cbo_2001-01,2001,73.282,73.28199999999993,7.105427357601002e-14
cbo.revenue.total,cbo_2001-05,2001,53.254,53.25400000000013,1.3500311979441904e-13
cbo.revenue.total,cbo_2002-01,2002,86.647,86.64699999999993,7.105427357601002e-14
cbo.revenue.total,cbo_2002-03,2002,109.818,109.81799999999998,1.4210854715202004e-14
cbo.revenue.total,cbo_2003-01,2003,85.936,85.93599999999992,8.526512829121202e-14
cbo.revenue.total,cbo_2003-03,2003,55.851,55.850999999999885,1.1368683772161603e-13
cbo.revenue.total,cbo_2004-01,2004,-59.625,-59.62500000000023,2.2737367544323206e-13
cbo.revenue.total,cbo_2004-03,2004,-59.396,-59.396000000000186,1.8474111129762605e-13
cbo.revenue.total,cbo_2005-01,2005,-96.271,-96.27099999999973,2.7000623958883807e-13
cbo.revenue.total,cbo_2005-03,2005,-96.032,-96.03200000000015,1.5631940186722204e-13
cbo.revenue.total,cbo_2006-01,2006,-98.798,-98.79800000000023,2.2737367544323206e-13
cbo.revenue.total,cbo_2006-03,2006,-98.627,-98.62700000000041,4.121147867408581e-13
cbo.revenue.total,cbo_2007-01,2007,-25.889,-25.889000000000124,1.2434497875801753e-13
cbo.revenue.total,cbo_2007-03,2007,-25.884,-25.884000000000015,1.4210854715202004e-14
cbo.revenue.total,cbo_2008-01,2008,15.563,15.563000000000102,1.0125233984581428e-13
cbo.revenue.total,cbo_2008-03,2008,21.157,21.156999999999698,3.019806626980426e-13
cbo.revenue.total,cbo_2009-01,2009,191.31,191.30999999999995,5.684341886080802e-14
cbo.revenue.total,cbo_2009-03,2009,80.707,80.70699999999988,1.1368683772161603e-13
cbo.revenue.total,cbo_2010-01,2010,3.265,3.2649999999998727,1.2745360322696797e-13
cbo.revenue.total,cbo_2010-03,2010,5.519,5.519000000000233,2.327027459614328e-13
cbo.revenue.total,cbo_2011-01,2011,-75.006,-75.00599999999986,1.4210854715202004e-13
cbo.revenue.total,cbo_2011-03,2011,-73.267,-73.26699999999983,1.7053025658242404e-13
cbo.revenue.total,cbo_2012-01,2012,3.038,3.0380000000004657,4.658495811327157e-13
cbo.revenue.total,cbo_2012-03,2012,6.322,6.322000000000571,5.710987238671805e-13
cbo.revenue.total,cbo_2013-02,2013,-66.875,-66.875,0.0
cbo.revenue.total,cbo_2013-05,2013,38.299,38.29899999999998,2.1316282072803006e-14
cbo.revenue.total,cbo_2014-02,2014,8.036,8.036000000000058,5.861977570020827e-14
cbo.revenue.total,cbo_2014-04,2014,10.828,10.827999999999975,2.4868995751603507e-14
cbo.revenue.total,cbo_2015-01,2015,-62.334,-62.33399999999983,1.7053025658242404e-13
cbo.revenue.total,cbo_2015-03,2015,-59.436,-59.435999999999694,3.055333763768431e-13
cbo.revenue.total,cbo_2016-01,2016,107.528,107.52799999999979,2.1316282072803006e-13
cbo.revenue.total,cbo_2016-03,2016,95.588,95.58799999999974,2.5579538487363607e-13
cbo.revenue.total,cbo_2017-01,2017,88.041,88.04100000000017,1.7053025658242404e-13
cbo.revenue.total,cbo_2017-06,2017,-1.253,-1.2530000000001564,1.5654144647214707e-13
cbo.revenue.total,cbo_2018-04,2018,7.645,7.644999999999982,1.7763568394002505e-14
cbo.revenue.total,cbo_2018-05,2018,8.863,8.862999999999829,1.7053025658242404e-13
cbo.revenue.total,cbo_2019-01,2019,51.424,51.42399999999998,2.1316282072803006e-14
cbo.revenue.total,cbo_2019-05,2019,47.598,47.597999999999956,4.263256414560601e-14
cbo.revenue.total,cbo_2020-01,2020,-327.714,-327.7140000000004,3.979039320256561e-13
cbo.revenue.total,cbo_2020-03,2020,-327.418,-327.4180000000001,1.1368683772161603e-13
cbo.revenue.total,cbo_2021-02,2021,-621.278,-621.2780000000002,2.2737367544323206e-13
cbo.revenue.total,cbo_2021-07,2021,-205.333,-205.33300000000008,8.526512829121202e-14
cbo.revenue.total,cbo_2022-05,2022,-61.304,-61.30400000000009,8.526512829121202e-14
cbo.revenue.total,cbo_2023-02,2023,370.724,370.72399999999925,7.389644451905042e-13
cbo.revenue.total,cbo_2023-05,2023,373.762,373.7619999999997,2.8421709430404007e-13
cbo.revenue.total,cbo_2024-02,2024,13.85,13.850000000000364,3.6415315207705135e-13
cbo.revenue.total,cbo_2024-06,2024,-30.122,-30.12199999999939,6.110667527536862e-13
cbo.revenue.total,cbo_2025-01,2025,-203.107,-203.10699999999997,2.842170943040401e-14
cbo.revenue.total,cbo_1982-02,1983,71.438,71.43799999999999,1.4210854715202004e-14
cbo.revenue.total,cbo_1983-02,1984,-8.538,-8.538000000000011,1.0658141036401503e-14
cbo.revenue.total,cbo_1984-02,1985,9.01,9.009999999999991,8.881784197001252e-15
cbo.revenue.total,cbo_1985-02,1986,20.84,20.840000000000032,3.197442310920451e-14
cbo.revenue.total,cbo_1986-02,1987,9.283,9.283000000000015,1.5987211554602254e-14
cbo.revenue.total,cbo_1987-01,1988,1.517,1.516999999999939,6.084022174945858e-14
cbo.revenue.total,cbo_1987-02,1988,1.771,1.7709999999999582,4.1744385725905886e-14
cbo.revenue.total,cbo_1988-02,1989,-37.973,-37.97300000000007,7.105427357601002e-14
cbo.revenue.total,cbo_1988-03,1989,-36.719,-36.71900000000005,4.973799150320701e-14
cbo.revenue.total,cbo_1989-01,1990,35.985,35.9849999999999,9.947598300641403e-14
cbo.revenue.total,cbo_1990-01,1991,99.344,99.34400000000005,5.684341886080802e-14
cbo.revenue.total,cbo_1991-01,1992,66.636,66.63599999999997,2.842170943040401e-14
cbo.revenue.total,cbo_1991-03,1992,66.412,66.41199999999981,1.9895196601282805e-13
cbo.revenue.total,cbo_1992-01,1993,23.423,23.423000000000002,3.552713678800501e-15
cbo.revenue.total,cbo_1992-03,1993,23.244,23.244000000000142,1.4210854715202004e-13
cbo.revenue.total,cbo_1993-01,1994,-16.998,-16.99799999999982,1.8118839761882555e-13
cbo.revenue.total,cbo_1993-03,1994,-17.886,-17.885999999999967,3.197442310920451e-14
cbo.revenue.total,cbo_1994-01,1995,-13.305,-13.304999999999836,1.6342482922482304e-13
cbo.revenue.total,cbo_1995-01,1996,-35.408,-35.40800000000013,1.2789769243681803e-13
cbo.revenue.total,cbo_1996-05,1997,-92.302,-92.30199999999991,9.947598300641403e-14
cbo.revenue.total,cbo_1997-01,1998,-163.313,-163.3130000000001,1.1368683772161603e-13
cbo.revenue.total,cbo_1997-03,1998,-163.715,-163.71500000000015,1.4210854715202004e-13
cbo.revenue.total,cbo_1998-01,1999,-97.637,-97.63699999999994,5.684341886080802e-14
cbo.revenue.total,cbo_1998-03,1999,-87.692,-87.69200000000001,1.4210854715202004e-14
cbo.revenue.total,cbo_1999-01,2000,-151.983,-151.98299999999995,5.684341886080802e-14
cbo.revenue.total,cbo_2000-01,2001,-47.455,-47.455000000000155,1.5631940186722204e-13
cbo.revenue.total,cbo_2001-01,2002,308.101,308.10099999999966,3.410605131648481e-13
cbo.revenue.total,cbo_2001-05,2002,298.071,298.0709999999999,1.1368683772161603e-13
cbo.revenue.total,cbo_2002-01,2003,194.805,194.80500000000006,5.684341886080802e-14
cbo.revenue.total,cbo_2002-03,2003,210.243,210.24300000000017,1.7053025658242404e-13
cbo.revenue.total,cbo_2003-01,2004,42.05,42.05000000000018,1.8474111129762605e-13
cbo.revenue.total,cbo_2003-03,2004,11.946,11.94600000000014,1.4033219031261979e-13
cbo.revenue.total,cbo_2004-01,2005,-130.867,-130.8670000000002,1.9895196601282805e-13
cbo.revenue.total,cbo_2004-03,2005,-130.344,-130.34400000000005,5.684341886080802e-14
cbo.revenue.total,cbo_2005-01,2006,-206.555,-206.5550000000003,2.8421709430404007e-13
cbo.revenue.total,cbo_2005-03,2006,-206.29,-206.28999999999996,2.842170943040401e-14
cbo.revenue.total,cbo_2006-01,2007,-154.59,-154.59000000000015,1.4210854715202004e-13
cbo.revenue.total,cbo_2006-03,2007,-154.364,-154.36400000000003,2.842170943040401e-14
cbo.revenue.total,cbo_2007-01,2008,11.258,11.258000000000266,2.6645352591003757e-13
cbo.revenue.total,cbo_2007-03,2008,11.449,11.44900000000007,6.927791673660977e-14
cbo.revenue.total,cbo_2008-01,2009,523.967,523.9669999999996,3.410605131648481e-13
cbo.revenue.total,cbo_2008-03,2009,512.194,512.194,0.0
cbo.revenue.total,cbo_2009-01,2010,151.816,151.8159999999998,1.9895196601282805e-13
cbo.revenue.total,cbo_2009-03,2010,125.426,125.42599999999993,7.105427357601002e-14
cbo.revenue.total,cbo_2010-01,2011,-44.635,-44.63499999999976,2.3447910280083306e-13
cbo.revenue.total,cbo_2010-03,2011,-40.954,-40.95400000000018,1.7763568394002505e-13
cbo.revenue.total,cbo_2011-01,2012,14.724,14.72400000000016,1.5987211554602254e-13
cbo.revenue.total,cbo_2011-03,2012,18.03,18.0300000000002,1.9895196601282805e-13
cbo.revenue.total,cbo_2012-01,2013,-87.303,-87.30300000000034,3.410605131648481e-13
cbo.revenue.total,cbo_2012-03,2013,-84.139,-84.13900000000058,5.826450433232822e-13
cbo.revenue.total,cbo_2013-02,2014,-18.029,-18.028999999999996,3.552713678800501e-15
cbo.revenue.total,cbo_2013-05,2014,21.144,21.144000000000233,2.3447910280083306e-13
cbo.revenue.total,cbo_2014-02,2015,-24.669,-24.66899999999987,1.3145040611561853e-13
cbo.revenue.total,cbo_2014-04,2015,-24.518,-24.51800000000003,2.842170943040401e-14
cbo.revenue.total,cbo_2015-01,2016,57.733,57.73299999999972,2.7711166694643907e-13
cbo.revenue.total,cbo_2015-03,2016,68.401,68.40099999999984,1.5631940186722204e-13
cbo.revenue.total,cbo_2016-01,2017,194.686,194.6859999999997,3.126388037344441e-13
cbo.revenue.total,cbo_2016-03,2017,191.953,191.95299999999997,2.842170943040401e-14
cbo.revenue.total,cbo_2017-01,2018,110.822,110.82200000000012,1.1368683772161603e-13
cbo.revenue.total,cbo_2017-06,2018,38.603,38.60299999999961,3.907985046680551e-13
cbo.revenue.total,cbo_2018-04,2019,26.559,26.559000000000196,1.9539925233402755e-13
cbo.revenue.total,cbo_2018-05,2019,27.283,27.283000000000357,3.552713678800501e-13
cbo.revenue.total,cbo_2019-01,2020,-308.337,-308.337,0.0
cbo.revenue.total,cbo_2019-05,2020,-313.223,-313.2230000000004,3.979039320256561e-13
cbo.revenue.total,cbo_2020-01,2021,-614.586,-614.5859999999998,2.2737367544323206e-13
cbo.revenue.total,cbo_2020-03,2021,-615.136,-615.136,0.0
cbo.revenue.total,cbo_2021-02,2022,-948.186,-948.1859999999997,3.410605131648481e-13
cbo.revenue.total,cbo_2021-07,2022,-498.382,-498.3819999999996,3.979039320256561e-13
cbo.revenue.total,cbo_2022-05,2023,474.916,474.91600000000017,1.7053025658242404e-13
cbo.revenue.total,cbo_2023-02,2024,-82.848,-82.84799999999996,4.263256414560601e-14
cbo.revenue.total,cbo_2023-05,2024,-73.773,-73.77299999999923,7.673861546209082e-13
cbo.revenue.total,cbo_2024-02,2025,-373.476,-373.47599999999966,3.410605131648481e-13
cbo.revenue.total,cbo_2024-06,2025,-334.303,-334.3029999999999,1.1368683772161603e-13
cbo.revenue.total,cbo_1982-02,1984,81.462,81.46199999999999,1.4210854715202004e-14
cbo.revenue.total,cbo_1983-02,1985,-1.89,-1.8899999999999864,1.354472090042691e-14
cbo.revenue.total,cbo_1984-02,1986,43.504,43.50400000000002,2.1316282072803006e-14
cbo.revenue.total,cbo_1985-02,1987,20.589,20.588999999999942,5.684341886080802e-14
cbo.revenue.total,cbo_1986-02,1988,30.605,30.605000000000018,1.7763568394002505e-14
cbo.revenue.total,cbo_1987-01,1989,-12.985,-12.985000000000014,1.4210854715202004e-14
cbo.revenue.total,cbo_1987-02,1989,-12.829,-12.829000000000065,6.394884621840902e-14
cbo.revenue.total,cbo_1988-02,1990,7.507,7.507000000000062,6.217248937900877e-14
cbo.revenue.total,cbo_1988-03,1990,7.87,7.869999999999891,1.092459456231154e-13
cbo.revenue.total,cbo_1989-01,1991,100.805,100.80499999999984,1.7053025658242404e-13
cbo.revenue.total,cbo_1990-01,1992,133.666,133.66599999999994,5.684341886080802e-14
cbo.revenue.total,cbo_1991-01,1993,95.688,95.68799999999987,1.2789769243681803e-13
cbo.revenue.total,cbo_1991-03,1993,95.424,95.42399999999998,2.842170943040401e-14
cbo.revenue.total,cbo_1992-01,1994,29.635,29.63499999999999,1.0658141036401503e-14
cbo.revenue.total,cbo_1992-03,1994,29.566,29.56600000000003,3.197442310920451e-14
cbo.revenue.total,cbo_1993-01,1995,-17.423,-17.423000000000002,3.552713678800501e-15
cbo.revenue.total,cbo_1993-03,1995,-18.318,-18.317999999999984,1.7763568394002505e-14
cbo.revenue.total,cbo_1994-01,1996,-43.701,-43.70100000000002,2.1316282072803006e-14
cbo.revenue.total,cbo_1995-01,1997,-100.002,-100.00199999999995,4.263256414560601e-14
cbo.revenue.total,cbo_1996-05,1998,-187.066,-187.06600000000003,2.842170943040401e-14
cbo.revenue.total,cbo_1997-01,1999,-199.385,-199.385,0.0
cbo.revenue.total,cbo_1997-03,1999,-199.786,-199.78600000000006,5.684341886080802e-14
cbo.revenue.total,cbo_1998-01,2000,-241.247,-241.24700000000007,5.684341886080802e-14
cbo.revenue.total,cbo_1998-03,2000,-236.302,-236.30200000000013,1.4210854715202004e-13
cbo.revenue.total,cbo_1999-01,2001,-139.437,-139.43700000000013,1.1368683772161603e-13
cbo.revenue.total,cbo_2000-01,2002,165.43,165.43000000000006,5.684341886080802e-14
cbo.revenue.total,cbo_2001-01,2003,381.15,381.14999999999986,1.1368683772161603e-13
cbo.revenue.total,cbo_2001-05,2003,376.131,376.1310000000001,1.1368683772161603e-13
cbo.revenue.total,cbo_2002-01,2004,163.909,163.9090000000001,1.1368683772161603e-13
cbo.revenue.total,cbo_2002-03,2004,167.272,167.27199999999993,5.684341886080802e-14
cbo.revenue.total,cbo_2003-01,2005,-32.763,-32.76299999999992,7.815970093361102e-14
cbo.revenue.total,cbo_2003-03,2005,-52.957,-52.95699999999988,1.2079226507921703e-13
cbo.revenue.total,cbo_2004-01,2006,-207.161,-207.16100000000006,5.684341886080802e-14
cbo.revenue.total,cbo_2004-03,2006,-207.803,-207.80300000000034,3.410605131648481e-13
cbo.revenue.total,cbo_2005-01,2007,-266.317,-266.317,0.0
cbo.revenue.total,cbo_2005-03,2007,-266.11,-266.1100000000001,1.1368683772161603e-13
cbo.revenue.total,cbo_2006-01,2008,-128.607,-128.60699999999997,2.842170943040401e-14
cbo.revenue.total,cbo_2006-03,2008,-128.17,-128.17000000000007,8.526512829121202e-14
cbo.revenue.total,cbo_2007-01,2009,535.52,535.52,0.0
cbo.revenue.total,cbo_2007-03,2009,536.018,536.018,0.0
cbo.revenue.total,cbo_2008-01,2010,535.874,535.8739999999998,2.2737367544323206e-13
cbo.revenue.total,cbo_2008-03,2010,533.623,533.6229999999996,4.547473508864641e-13
cbo.revenue.total,cbo_2009-01,2011,116.81,116.80999999999995,5.684341886080802e-14
cbo.revenue.total,cbo_2009-03,2011,76.186,76.18600000000015,1.4210854715202004e-13
cbo.revenue.total,cbo_2010-01,2012,93.809,93.8090000000002,1.9895196601282805e-13
cbo.revenue.total,cbo_2010-03,2012,97.345,97.34500000000025,2.5579538487363607e-13
cbo.revenue.total,cbo_2011-01,2013,2.28,2.2800000000002,2.0028423364237824e-13
cbo.revenue.total,cbo_2011-03,2013,-0.476,-0.4760000000001128,1.127986593019159e-13
cbo.revenue.total,cbo_2012-01,2014,-43.466,-43.46600000000035,3.481659405224491e-13
cbo.revenue.total,cbo_2012-03,2014,-32.367,-32.36700000000019,1.9184653865522705e-13
cbo.revenue.total,cbo_2013-02,2015,43.636,43.63599999999997,3.552713678800501e-14
cbo.revenue.total,cbo_2013-05,2015,69.205,69.20499999999993,7.105427357601002e-14
cbo.revenue.total,cbo_2014-02,2016,101.752,101.75199999999995,4.263256414560601e-14
cbo.revenue.total,cbo_2014-04,2016,96.017,96.01699999999983,1.7053025658242404e-13
cbo.revenue.total,cbo_2015-01,2017,181.251,181.25099999999975,2.5579538487363607e-13
cbo.revenue.total,cbo_2015-03,2017,194.518,194.51800000000003,2.842170943040401e-14
cbo.revenue.total,cbo_2016-01,2018,140.578,140.57799999999997,2.842170943040401e-14
cbo.revenue.total,cbo_2016-03,2018,152.586,152.58599999999979,2.2737367544323206e-13
cbo.revenue.total,cbo_2017-01,2019,-15.325,-15.325000000000273,2.7355895326763857e-13
cbo.revenue.total,cbo_2017-06,2019,-61.737,-61.73700000000008,7.815970093361102e-14
cbo.revenue.total,cbo_2018-04,2020,-316.86,-316.8600000000001,1.1368683772161603e-13
cbo.revenue.total,cbo_2018-05,2020,-314.97,-314.97000000000025,2.2737367544323206e-13
cbo.revenue.total,cbo_2019-01,2021,-616.56,-616.56,0.0
cbo.revenue.total,cbo_2019-05,2021,-623.19,-623.19,0.0
cbo.revenue.total,cbo_2020-01,2022,-778.859,-778.8590000000004,3.410605131648481e-13
cbo.revenue.total,cbo_2020-03,2022,-779.909,-779.9089999999997,3.410605131648481e-13
cbo.revenue.total,cbo_2021-02,2023,-210.108,-210.10800000000017,1.7053025658242404e-13
cbo.revenue.total,cbo_2021-07,2023,184.049,184.04899999999907,9.379164112033322e-13
cbo.revenue.total,cbo_2022-05,2024,20.838,20.838000000000648,6.465938895416912e-13
cbo.revenue.total,cbo_2023-02,2025,-403.424,-403.424,0.0
cbo.revenue.total,cbo_2023-05,2025,-395.353,-395.35300000000007,5.684341886080802e-14
cbo.revenue.total,cbo_1982-02,1985,92.11,92.11000000000001,1.4210854715202004e-14
cbo.revenue.total,cbo_1983-02,1986,24.704,24.704000000000065,6.394884621840902e-14
cbo.revenue.total,cbo_1984-02,1987,51.02,51.01999999999998,2.1316282072803006e-14
cbo.revenue.total,cbo_1985-02,1988,44.123,44.122999999999934,6.394884621840902e-14
cbo.revenue.total,cbo_1986-02,1989,16.16,16.159999999999968,3.197442310920451e-14
cbo.revenue.total,cbo_1987-01,1990,39.629,39.628999999999905,9.237055564881302e-14
cbo.revenue.total,cbo_1987-02,1990,40.244,40.243999999999915,8.526512829121202e-14
cbo.revenue.total,cbo_1988-02,1991,77.822,77.82200000000012,1.1368683772161603e-13
cbo.revenue.total,cbo_1988-03,1991,77.309,77.30899999999997,2.842170943040401e-14
cbo.revenue.total,cbo_1989-01,1992,136.919,136.9190000000001,8.526512829121202e-14
cbo.revenue.total,cbo_1990-01,1993,153.218,153.21800000000007,8.526512829121202e-14
cbo.revenue.total,cbo_1991-01,1994,98.485,98.4849999999999,9.947598300641403e-14
cbo.revenue.total,cbo_1991-03,1994,98.119,98.11899999999991,8.526512829121202e-14
cbo.revenue.total,cbo_1992-01,1995,32.243,32.243000000000166,1.6342482922482304e-13
cbo.revenue.total,cbo_1992-03,1995,32.166,32.16599999999994,5.684341886080802e-14
cbo.revenue.total,cbo_1993-01,1996,-46.813,-46.8130000000001,9.947598300641403e-14
cbo.revenue.total,cbo_1993-03,1996,-47.712,-47.71199999999999,1.4210854715202004e-14
cbo.revenue.total,cbo_1994-01,1997,-98.211,-98.21100000000001,1.4210854715202004e-14
cbo.revenue.total,cbo_1995-01,1998,-183.363,-183.36300000000006,5.684341886080802e-14
cbo.revenue.total,cbo_1996-05,1999,-223.45,-223.45000000000005,5.684341886080802e-14
cbo.revenue.total,cbo_1997-01,2000,-337.439,-337.4390000000001,5.684341886080802e-14
cbo.revenue.total,cbo_1997-03,2000,-337.838,-337.83799999999997,5.684341886080802e-14
cbo.revenue.total,cbo_1998-01,2001,-223.884,-223.88400000000001,2.842170943040401e-14
cbo.revenue.total,cbo_1998-03,2001,-223.939,-223.93900000000008,8.526512829121202e-14
cbo.revenue.total,cbo_1999-01,2002,75.714,75.71399999999994,5.684341886080802e-14
cbo.revenue.total,cbo_2000-01,2003,211.215,211.21500000000015,1.4210854715202004e-13
cbo.revenue.total,cbo_2001-01,2004,307.815,307.81500000000005,5.684341886080802e-14
cbo.revenue.total,cbo_2001-05,2004,307.836,307.83600000000024,2.2737367544323206e-13
cbo.revenue.total,cbo_2002-01,2005,79.419,79.41899999999987,1.2789769243681803e-13
cbo.revenue.total,cbo_2002-03,2005,79.736,79.73599999999988,1.2789769243681803e-13
cbo.revenue.total,cbo_2003-01,2006,-113.545,-113.54500000000007,7.105427357601002e-14
cbo.revenue.total,cbo_2003-03,2006,-123.785,-123.78500000000031,3.126388037344441e-13
cbo.revenue.total,cbo_2004-01,2007,-263.74,-263.7399999999998,2.2737367544323206e-13
cbo.revenue.total,cbo_2004-03,2007,-264.709,-264.70899999999983,1.7053025658242404e-13
cbo.revenue.total,cbo_2005-01,2008,-222.162,-222.16200000000026,2.5579538487363607e-13
cbo.revenue.total,cbo_2005-03,2008,-221.842,-221.8420000000001,8.526512829121202e-14
cbo.revenue.total,cbo_2006-01,2009,443.106,443.10599999999977,2.2737367544323206e-13
cbo.revenue.total,cbo_2006-03,2009,443.687,443.6869999999999,1.1368683772161603e-13
cbo.revenue.total,cbo_2007-01,2010,526.146,526.1459999999997,2.2737367544323206e-13
cbo.revenue.total,cbo_2007-03,2010,526.655,526.6549999999997,2.2737367544323206e-13
cbo.revenue.total,cbo_2008-01,2011,483.589,483.58899999999994,5.684341886080802e-14
cbo.revenue.total,cbo_2008-03,2011,493.754,493.7539999999999,1.1368683772161603e-13
cbo.revenue.total,cbo_2009-01,2012,269.542,269.54200000000037,3.979039320256561e-13
cbo.revenue.total,cbo_2009-03,2012,214.165,214.16500000000042,4.263256414560601e-13
cbo.revenue.total,cbo_2010-01,2013,92.986,92.98599999999988,1.2789769243681803e-13
cbo.revenue.total,cbo_2010-03,2013,96.54,96.53999999999996,4.263256414560601e-14
cbo.revenue.total,cbo_2011-01,2014,81.809,81.80899999999974,2.5579538487363607e-13
cbo.revenue.total,cbo_2011-03,2014,80.166,80.16599999999971,2.8421709430404007e-13
cbo.revenue.total,cbo_2012-01,2015,-26.649,-26.648999999999887,1.1368683772161603e-13
cbo.revenue.total,cbo_2012-03,2015,-10.097,-10.096999999999753,2.469136006766348e-13
cbo.revenue.total,cbo_2013-02,2016,212.064,212.06399999999985,1.4210854715202004e-13
cbo.revenue.total,cbo_2013-05,2016,227.196,227.1959999999999,8.526512829121202e-14
cbo.revenue.total,cbo_2014-02,2017,239.992,239.99199999999973,2.5579538487363607e-13
cbo.revenue.total,cbo_2014-04,2017,229.765,229.76499999999987,1.1368683772161603e-13
cbo.revenue.total,cbo_2015-01,2018,161.429,161.42899999999963,3.694822225952521e-13
cbo.revenue.total,cbo_2015-03,2018,173.954,173.95399999999972,2.8421709430404007e-13
cbo.revenue.total,cbo_2016-01,2019,-1.378,-1.3780000000001564,1.5654144647214707e-13
cbo.revenue.total,cbo_2016-03,2019,23.139,23.139000000000124,1.2434497875801753e-13
cbo.revenue.total,cbo_2017-01,2020,-381.224,-381.22400000000016,1.7053025658242404e-13
cbo.revenue.total,cbo_2017-06,2020,-406.006,-406.00599999999986,1.1368683772161603e-13
cbo.revenue.total,cbo_2018-04,2021,-630.557,-630.5569999999998,2.2737367544323206e-13
cbo.revenue.total,cbo_2018-05,2021,-628.266,-628.2660000000001,1.1368683772161603e-13
cbo.revenue.total,cbo_2019-01,2022,-795.769,-795.7690000000002,2.2737367544323206e-13
cbo.revenue.total,cbo_2019-05,2022,-803.775,-803.7750000000001,1.1368683772161603e-13
cbo.revenue.total,cbo_2020-01,2023,-37.205,-37.20500000000084,8.384404281969182e-13
cbo.revenue.total,cbo_2020-03,2023,-38.194,-38.194000000000415,4.121147867408581e-13
cbo.revenue.total,cbo_2021-02,2024,-543.623,-543.6230000000005,4.547473508864641e-13
cbo.revenue.total,cbo_2021-07,2024,-229.438,-229.4380000000001,1.1368683772161603e-13
cbo.revenue.total,cbo_2022-05,2025,-386.672,-386.67199999999957,4.547473508864641e-13
cbo.revenue.total,cbo_1982-02,1986,125.704,125.70400000000006,7.105427357601002e-14
cbo.revenue.total,cbo_1983-02,1987,19.62,19.620000000000005,3.552713678800501e-15
cbo.revenue.total,cbo_1984-02,1988,79.612,79.61199999999997,2.842170943040401e-14
cbo.revenue.total,cbo_1985-02,1989,29.849,29.848999999999933,6.750155989720952e-14
cbo.revenue.total,cbo_1986-02,1990,63.523,63.52299999999991,9.237055564881302e-14
cbo.revenue.total,cbo_1987-01,1991,120.352,120.35199999999986,1.4210854715202004e-13
cbo.revenue.total,cbo_1987-02,1991,121.731,121.731,0.0
cbo.revenue.total,cbo_1988-02,1992,115.205,115.20499999999993,7.105427357601002e-14
cbo.revenue.total,cbo_1988-03,1992,114.498,114.49799999999982,1.8474111129762605e-13
cbo.revenue.total,cbo_1989-01,1993,156.16,156.16000000000008,8.526512829121202e-14
cbo.revenue.total,cbo_1990-01,1994,158.174,158.17399999999998,2.842170943040401e-14
cbo.revenue.total,cbo_1991-01,1995,106.788,106.78800000000001,1.4210854715202004e-14
cbo.revenue.total,cbo_1991-03,1995,106.283,106.2829999999999,9.947598300641403e-14
cbo.revenue.total,cbo_1992-01,1996,11.486,11.486000000000104,1.0302869668521453e-13
cbo.revenue.total,cbo_1992-03,1996,11.473,11.472999999999956,4.440892098500626e-14
cbo.revenue.total,cbo_1993-01,1997,-102.638,-102.63799999999992,8.526512829121202e-14
cbo.revenue.total,cbo_1993-03,1997,-103.711,-103.71100000000001,1.4210854715202004e-14
cbo.revenue.total,cbo_1994-01,1998,-176.556,-176.55600000000004,2.842170943040401e-14
cbo.revenue.total,cbo_1995-01,1999,-212.514,-212.5139999999999,1.1368683772161603e-13
cbo.revenue.total,cbo_1996-05,2000,-361.42,-361.4200000000001,5.684341886080802e-14
cbo.revenue.total,cbo_1997-01,2001,-313.09,-313.09000000000015,1.7053025658242404e-13
cbo.revenue.total,cbo_1997-03,2001,-313.387,-313.38700000000017,1.7053025658242404e-13
cbo.revenue.total,cbo_1998-01,2002,-10.879,-10.878999999999905,9.414691248821327e-14
cbo.revenue.total,cbo_1998-03,2002,-10.934,-10.933999999999969,3.019806626980426e-14
cbo.revenue.total,cbo_1999-01,2003,122.894,122.89399999999978,2.2737367544323206e-13
cbo.revenue.total,cbo_2000-01,2004,113.813,113.81299999999987,1.2789769243681803e-13
cbo.revenue.total,cbo_2001-01,2005,204.733,204.73300000000017,1.7053025658242404e-13
cbo.revenue.total,cbo_2001-05,2005,204.77,204.77000000000044,4.263256414560601e-13
cbo.revenue.total,cbo_2002-01,2006,-20.862,-20.86200000000008,8.171241461241152e-14
cbo.revenue.total,cbo_2002-03,2006,-20.445,-20.445000000000164,1.6342482922482304e-13
cbo.revenue.total,cbo_2003-01,2007,-158.045,-158.04500000000007,8.526512829121202e-14
cbo.revenue.total,cbo_2003-03,2007,-158.315,-158.3150000000005,5.115907697472721e-13
cbo.revenue.total,cbo_2004-01,2008,-238.824,-238.82399999999961,3.979039320256561e-13
cbo.revenue.total,cbo_2004-03,2008,-239.655,-239.6550000000002,1.9895196601282805e-13
cbo.revenue.total,cbo_2005-01,2009,359.858,359.8580000000002,1.7053025658242404e-13
cbo.revenue.total,cbo_2005-03,2009,360.149,360.14900000000034,3.410605131648481e-13
cbo.revenue.total,cbo_2006-01,2010,488.947,488.94699999999966,3.410605131648481e-13
cbo.revenue.total,cbo_2006-03,2010,489.612,489.6119999999996,3.979039320256561e-13
cbo.revenue.total,cbo_2007-01,2011,467.162,467.16200000000026,2.8421709430404007e-13
cbo.revenue.total,cbo_2007-03,2011,467.694,467.6940000000004,3.979039320256561e-13
cbo.revenue.total,cbo_2008-01,2012,590.956,590.9560000000001,1.1368683772161603e-13
cbo.revenue.total,cbo_2008-03,2012,604.158,604.1579999999999,1.1368683772161603e-13
cbo.revenue.total,cbo_2009-01,2013,235.032,235.0319999999997,3.126388037344441e-13
cbo.revenue.total,cbo_2009-03,2013,152.616,152.61599999999999,2.842170943040401e-14
cbo.revenue.total,cbo_2010-01,2014,195.945,195.94500000000016,1.7053025658242404e-13
cbo.revenue.total,cbo_2010-03,2014,199.527,199.52700000000004,5.684341886080802e-14
cbo.revenue.total,cbo_2011-01,2015,52.601,52.60100000000011,1.1368683772161603e-13
cbo.revenue.total,cbo_2011-03,2015,43.933,43.93299999999999,7.105427357601002e-15
cbo.revenue.total,cbo_2012-01,2016,139.781,139.78099999999995,5.684341886080802e-14
cbo.revenue.total,cbo_2012-03,2016,156.973,156.97299999999996,5.684341886080802e-14
cbo.revenue.total,cbo_2013-02,2017,374.661,374.6609999999996,3.979039320256561e-13
cbo.revenue.total,cbo_2013-05,2017,388.233,388.2329999999997,2.8421709430404007e-13
cbo.revenue.total,cbo_2014-02,2018,227.588,227.58799999999974,2.5579538487363607e-13
cbo.revenue.total,cbo_2014-04,2018,221.209,221.20899999999983,1.7053025658242404e-13
cbo.revenue.total,cbo_2015-01,2019,69.789,69.78899999999976,2.4158453015843406e-13
cbo.revenue.total,cbo_2015-03,2019,78.759,78.75900000000001,1.4210854715202004e-14
cbo.revenue.total,cbo_2016-01,2020,-342.796,-342.7959999999998,1.7053025658242404e-13
cbo.revenue.total,cbo_2016-03,2020,-328.683,-328.68300000000045,4.547473508864641e-13
cbo.revenue.total,cbo_2017-01,2021,-677.593,-677.5929999999998,1.1368683772161603e-13
cbo.revenue.total,cbo_2017-06,2021,-685.336,-685.3359999999998,2.2737367544323206e-13
cbo.revenue.total,cbo_2018-04,2022,-796.018,-796.018,0.0
cbo.revenue.total,cbo_2018-05,2022,-792.39,-792.3900000000003,3.410605131648481e-13
cbo.revenue.total,cbo_2019-01,2023,-68.21,-68.21000000000004,4.263256414560601e-14
cbo.revenue.total,cbo_2019-05,2023,-76.87,-76.86999999999989,1.1368683772161603e-13
cbo.revenue.total,cbo_2020-01,2024,-517.697,-517.6970000000001,1.1368683772161603e-13
cbo.revenue.total,cbo_2020-03,2024,-518.474,-518.4739999999993,7.958078640513122e-13
cbo.revenue.total,cbo_2021-02,2025,-852.373,-852.3729999999996,4.547473508864641e-13
cbo.revenue.total,cbo_2021-07,2025,-630.29,-630.29,0.0
cbo.revenue.total,cbo_1982-02,1987,137.62,137.62,0.0
cbo.revenue.total,cbo_1983-02,1988,34.612,34.611999999999966,3.552713678800501e-14
cbo.revenue.total,cbo_1984-02,1989,67.637,67.63699999999994,5.684341886080802e-14
cbo.revenue.total,cbo_1985-02,1990,84.413,84.41300000000001,1.4210854715202004e-14
cbo.revenue.total,cbo_1986-02,1991,137.47,137.4699999999998,1.9895196601282805e-13
cbo.revenue.total,cbo_1987-01,1992,167.285,167.28499999999985,1.4210854715202004e-13
cbo.revenue.total,cbo_1987-02,1992,169.553,169.55299999999988,1.1368683772161603e-13
cbo.revenue.total,cbo_1988-02,1993,144.176,144.17599999999993,5.684341886080802e-14
cbo.revenue.total,cbo_1988-03,1993,143.259,143.25900000000001,2.842170943040401e-14
cbo.revenue.total,cbo_1989-01,1994,162.274,162.2739999999999,1.1368683772161603e-13
cbo.revenue.total,cbo_1990-01,1995,167.26,167.26,0.0
cbo.revenue.total,cbo_1991-01,1996,93.402,93.40199999999982,1.8474111129762605e-13
cbo.revenue.total,cbo_1991-03,1996,92.451,92.4509999999998,1.9895196601282805e-13
cbo.revenue.total,cbo_1992-01,1997,-25.445,-25.444999999999936,6.394884621840902e-14
cbo.revenue.total,cbo_1992-03,1997,-25.493,-25.492999999999938,6.039613253960852e-14
cbo.revenue.total,cbo_1993-01,1998,-191.035,-191.03500000000008,8.526512829121202e-14
cbo.revenue.total,cbo_1993-03,1998,-192.207,-192.2070000000001,1.1368683772161603e-13
cbo.revenue.total,cbo_1994-01,1999,-204.32,-204.32000000000016,1.7053025658242404e-13
cbo.revenue.total,cbo_1995-01,2000,-342.206,-342.2059999999999,1.1368683772161603e-13
cbo.revenue.total,cbo_1996-05,2001,-336.181,-336.18100000000027,2.8421709430404007e-13
cbo.revenue.total,cbo_1997-01,2002,-97.949,-97.94899999999984,1.5631940186722204e-13
cbo.revenue.total,cbo_1997-03,2002,-98.042,-98.04199999999992,8.526512829121202e-14
cbo.revenue.total,cbo_1998-01,2003,38.238,38.238000000000056,5.684341886080802e-14
cbo.revenue.total,cbo_1998-03,2003,38.183,38.182999999999765,2.3447910280083306e-13
cbo.revenue.total,cbo_1999-01,2004,33.271,33.271000000000186,1.8474111129762605e-13
cbo.revenue.total,cbo_2000-01,2005,-7.494,-7.494000000000142,1.4210854715202004e-13
cbo.revenue.total,cbo_2001-01,2006,92.24,92.23999999999978,2.1316282072803006e-13
cbo.revenue.total,cbo_2001-05,2006,92.3,92.29999999999973,2.7000623958883807e-13
cbo.revenue.total,cbo_2002-01,2007,-77.844,-77.84400000000005,5.684341886080802e-14
cbo.revenue.total,cbo_2002-03,2007,-77.15,-77.15000000000009,8.526512829121202e-14
cbo.revenue.total,cbo_2003-01,2008,-113.234,-113.23400000000038,3.836930773104541e-13
cbo.revenue.total,cbo_2003-03,2008,-113.526,-113.5260000000003,2.984279490192421e-13
cbo.revenue.total,cbo_2004-01,2009,333.189,333.18899999999985,1.7053025658242404e-13
cbo.revenue.total,cbo_2004-03,2009,332.317,332.317,0.0
cbo.revenue.total,cbo_2005-01,2010,410.264,410.26399999999967,3.410605131648481e-13
cbo.revenue.total,cbo_2005-03,2010,410.625,410.625,0.0
cbo.revenue.total,cbo_2006-01,2011,429.8,429.8000000000002,1.7053025658242404e-13
cbo.revenue.total,cbo_2006-03,2011,430.442,430.442,0.0
cbo.revenue.total,cbo_2007-01,2012,563.021,563.0210000000002,2.2737367544323206e-13
cbo.revenue.total,cbo_2007-03,2012,563.686,563.6860000000001,1.1368683772161603e-13
cbo.revenue.total,cbo_2008-01,2013,488.614,488.6139999999996,3.979039320256561e-13
cbo.revenue.total,cbo_2008-03,2013,497.781,497.78099999999995,5.684341886080802e-14
cbo.revenue.total,cbo_2009-01,2014,324.797,324.79699999999957,4.547473508864641e-13
cbo.revenue.total,cbo_2009-03,2014,204.233,204.23300000000017,1.7053025658242404e-13
cbo.revenue.total,cbo_2010-01,2015,144.725,144.7249999999999,8.526512829121202e-14
cbo.revenue.total,cbo_2010-03,2015,148.617,148.6170000000002,1.9895196601282805e-13
cbo.revenue.total,cbo_2011-01,2016,185.802,185.80200000000013,1.4210854715202004e-13
cbo.revenue.total,cbo_2011-03,2016,179.058,179.058,0.0
cbo.revenue.total,cbo_2012-01,2017,317.732,317.73199999999997,5.684341886080802e-14
cbo.revenue.total,cbo_2012-03,2017,340.877,340.87699999999995,5.684341886080802e-14
cbo.revenue.total,cbo_2013-02,2018,394.944,394.94399999999996,5.684341886080802e-14
cbo.revenue.total,cbo_2013-05,2018,401.36,401.3599999999997,3.410605131648481e-13
cbo.revenue.total,cbo_2014-02,2019,144.014,144.01399999999967,3.410605131648481e-13
cbo.revenue.total,cbo_2014-04,2019,138.423,138.42299999999977,2.2737367544323206e-13
cbo.revenue.total,cbo_2015-01,2020,-235.957,-235.95700000000033,3.410605131648481e-13
cbo.revenue.total,cbo_2015-03,2020,-227.292,-227.29200000000037,3.694822225952521e-13
cbo.revenue.total,cbo_2016-01,2021,-620.966,-620.9660000000003,3.410605131648481e-13
cbo.revenue.total,cbo_2016-03,2021,-614.903,-614.9029999999998,2.2737367544323206e-13
cbo.revenue.total,cbo_2017-01,2022,-835.199,-835.1990000000001,1.1368683772161603e-13
cbo.revenue.total,cbo_2017-06,2022,-832.745,-832.7450000000003,3.410605131648481e-13
cbo.revenue.total,cbo_2018-04,2023,-48.665,-48.66500000000087,8.739675649849232e-13
cbo.revenue.total,cbo_2018-05,2023,-44.481,-44.48100000000068,6.750155989720952e-13
cbo.revenue.total,cbo_2019-01,2024,-487.74,-487.7399999999998,2.2737367544323206e-13
cbo.revenue.total,cbo_2019-05,2024,-496.86,-496.8599999999997,3.410605131648481e-13
cbo.revenue.total,cbo_2020-01,2025,-796.276,-796.2759999999998,1.1368683772161603e-13
cbo.revenue.total,cbo_2020-03,2025,-797.005,-797.0049999999992,7.958078640513122e-13
cbo.revenue.total,cbo_1992-01,1998,-92.776,-92.77600000000007,7.105427357601002e-14
cbo.revenue.total,cbo_1993-01,1999,-294.664,-294.664,0.0
cbo.revenue.total,cbo_1993-03,1999,-295.944,-295.9440000000002,1.7053025658242404e-13
cbo.revenue.total,cbo_1994-01,2000,-334.166,-334.16599999999994,5.684341886080802e-14
cbo.revenue.total,cbo_1995-01,2001,-304.046,-304.04600000000005,5.684341886080802e-14
cbo.revenue.total,cbo_1996-05,2002,-117.702,-117.702,0.0
cbo.revenue.total,cbo_1997-01,2003,-55.147,-55.14700000000016,1.6342482922482304e-13
cbo.revenue.total,cbo_1997-03,2003,-55.137,-55.136999999999944,5.684341886080802e-14
cbo.revenue.total,cbo_1998-01,2004,-47.773,-47.77300000000014,1.3500311979441904e-13
cbo.revenue.total,cbo_1998-03,2004,-47.828,-47.827999999999975,2.842170943040401e-14
cbo.revenue.total,cbo_1999-01,2005,-82.399,-82.39899999999989,1.1368683772161603e-13
cbo.revenue.total,cbo_2000-01,2006,-135.781,-135.7810000000004,3.979039320256561e-13
cbo.revenue.total,cbo_2001-01,2007,26.038,26.03800000000001,1.0658141036401503e-14
cbo.revenue.total,cbo_2001-05,2007,25.984,25.983999999999924,7.815970093361102e-14
cbo.revenue.total,cbo_2002-01,2008,-38.53,-38.5300000000002,1.9895196601282805e-13
cbo.revenue.total,cbo_2002-03,2008,-37.575,-37.57500000000027,2.7000623958883807e-13
cbo.revenue.total,cbo_2003-01,2009,476.17,476.1700000000001,5.684341886080802e-14
cbo.revenue.total,cbo_2003-03,2009,475.859,475.8589999999999,5.684341886080802e-14
cbo.revenue.total,cbo_2004-01,2010,380.843,380.84299999999985,1.7053025658242404e-13
cbo.revenue.total,cbo_2004-03,2010,379.756,379.75599999999986,1.1368683772161603e-13
cbo.revenue.total,cbo_2005-01,2011,350.986,350.98600000000033,3.410605131648481e-13
cbo.revenue.total,cbo_2005-03,2011,351.4,351.4000000000001,1.1368683772161603e-13
cbo.revenue.total,cbo_2006-01,2012,528.937,528.9370000000004,3.410605131648481e-13
cbo.revenue.total,cbo_2006-03,2012,529.572,529.5720000000001,1.1368683772161603e-13
cbo.revenue.total,cbo_2007-01,2013,449.443,449.44299999999976,2.2737367544323206e-13
cbo.revenue.total,cbo_2007-03,2013,450.112,450.1119999999996,3.979039320256561e-13
cbo.revenue.total,cbo_2008-01,2014,538.362,538.3620000000001,1.1368683772161603e-13
cbo.revenue.total,cbo_2008-03,2014,542.503,542.5030000000002,1.1368683772161603e-13
cbo.revenue.total,cbo_2009-01,2015,266.631,266.6310000000003,3.410605131648481e-13
cbo.revenue.total,cbo_2009-03,2015,115.906,115.9060000000004,3.979039320256561e-13
cbo.revenue.total,cbo_2010-01,2016,236.635,236.63499999999976,2.2737367544323206e-13
cbo.revenue.total,cbo_2010-03,2016,240.511,240.51099999999997,2.842170943040401e-14
cbo.revenue.total,cbo_2011-01,2017,346.037,346.0369999999998,1.7053025658242404e-13
cbo.revenue.total,cbo_2011-03,2017,342.33,342.3299999999999,5.684341886080802e-14
cbo.revenue.total,cbo_2012-01,2018,335.521,335.5210000000002,1.7053025658242404e-13
cbo.revenue.total,cbo_2012-03,2018,361.984,361.98399999999947,5.115907697472721e-13
cbo.revenue.total,cbo_2013-02,2019,313.471,313.471,0.0
cbo.revenue.total,cbo_2013-05,2019,315.652,315.6520000000005,5.115907697472721e-13
cbo.revenue.total,cbo_2014-02,2020,-156.146,-156.14600000000019,1.9895196601282805e-13
cbo.revenue.total,cbo_2014-04,2020,-160.968,-160.9680000000003,3.126388037344441e-13
cbo.revenue.total,cbo_2015-01,2021,-489.01,-489.0100000000002,2.2737367544323206e-13
cbo.revenue.total,cbo_2015-03,2021,-482.568,-482.5680000000002,2.2737367544323206e-13
cbo.revenue.total,cbo_2016-01,2022,-767.334,-767.3339999999998,1.1368683772161603e-13
cbo.revenue.total,cbo_2016-03,2022,-763.863,-763.8630000000003,2.2737367544323206e-13
cbo.revenue.total,cbo_2017-01,2023,-93.834,-93.83400000000074,7.389644451905042e-13
cbo.revenue.total,cbo_2017-06,2023,-78.287,-78.28700000000026,2.5579538487363607e-13
cbo.revenue.total,cbo_2018-04,2024,-491.797,-491.7970000000005,4.547473508864641e-13
cbo.revenue.total,cbo_2018-05,2024,-487.814,-487.8140000000003,2.8421709430404007e-13
cbo.revenue.total,cbo_2019-01,2025,-754.471,-754.4709999999995,4.547473508864641e-13
cbo.revenue.total,cbo_2019-05,2025,-764.505,-764.5050000000001,1.1368683772161603e-13
cbo.revenue.total,cbo_1992-01,1999,-166.946,-166.94600000000014,1.4210854715202004e-13
cbo.revenue.total,cbo_1993-01,2000,-439.808,-439.808,0.0
cbo.revenue.total,cbo_1993-03,2000,-441.206,-441.2059999999999,1.1368683772161603e-13
cbo.revenue.total,cbo_1994-01,2001,-307.322,-307.3220000000001,1.1368683772161603e-13
cbo.revenue.total,cbo_1995-01,2002,-74.92,-74.91999999999985,1.5631940186722204e-13
cbo.revenue.total,cbo_1996-05,2003,-66.992,-66.99200000000019,1.8474111129762605e-13
cbo.revenue.total,cbo_1997-01,2004,-150.157,-150.15700000000015,1.4210854715202004e-13
cbo.revenue.total,cbo_1997-03,2004,-150.144,-150.144,0.0
cbo.revenue.total,cbo_1998-01,2005,-161.681,-161.68100000000004,2.842170943040401e-14
cbo.revenue.total,cbo_1998-03,2005,-161.736,-161.73599999999988,1.1368683772161603e-13
cbo.revenue.total,cbo_1999-01,2006,-209.121,-209.12100000000055,5.400124791776761e-13
cbo.revenue.total,cbo_2000-01,2007,-222.619,-222.61900000000014,1.4210854715202004e-13
cbo.revenue.total,cbo_2001-01,2008,58.24,58.24000000000024,2.3447910280083306e-13
cbo.revenue.total,cbo_2001-05,2008,58.242,58.24200000000019,1.9184653865522705e-13
cbo.revenue.total,cbo_2002-01,2009,548.611,548.6109999999999,1.1368683772161603e-13
cbo.revenue.total,cbo_2002-03,2009,549.795,549.7950000000001,1.1368683772161603e-13
cbo.revenue.total,cbo_2003-01,2010,539.971,539.971,0.0
cbo.revenue.total,cbo_2003-03,2010,539.634,539.634,0.0
cbo.revenue.total,cbo_2004-01,2011,323.104,323.10400000000027,2.8421709430404007e-13
cbo.revenue.total,cbo_2004-03,2011,321.745,321.7449999999999,1.1368683772161603e-13
cbo.revenue.total,cbo_2005-01,2012,452.487,452.4870000000001,5.684341886080802e-14
cbo.revenue.total,cbo_2005-03,2012,452.889,452.8890000000001,1.1368683772161603e-13
cbo.revenue.total,cbo_2006-01,2013,432.606,432.60599999999977,2.2737367544323206e-13
cbo.revenue.total,cbo_2006-03,2013,433.265,433.2649999999999,1.1368683772161603e-13
cbo.revenue.total,cbo_2007-01,2014,495.152,495.15200000000004,5.684341886080802e-14
cbo.revenue.total,cbo_2007-03,2014,495.824,495.82400000000007,5.684341886080802e-14
cbo.revenue.total,cbo_2008-01,2015,467.299,467.299,0.0
cbo.revenue.total,cbo_2008-03,2015,471.196,471.19600000000037,3.410605131648481e-13
cbo.revenue.total,cbo_2009-01,2016,369.423,369.4229999999998,2.2737367544323206e-13
cbo.revenue.total,cbo_2009-03,2016,188.951,188.95099999999957,4.263256414560601e-13
cbo.revenue.total,cbo_2010-01,2017,376.236,376.2359999999999,1.1368683772161603e-13
cbo.revenue.total,cbo_2010-03,2017,380.083,380.08299999999963,3.979039320256561e-13
cbo.revenue.total,cbo_2011-01,2018,361.897,361.89699999999993,5.684341886080802e-14
cbo.revenue.total,cbo_2011-03,2018,358.675,358.6750000000002,1.7053025658242404e-13
cbo.revenue.total,cbo_2012-01,2019,272.269,272.26900000000023,2.2737367544323206e-13
cbo.revenue.total,cbo_2012-03,2019,302.156,302.1559999999995,5.115907697472721e-13
cbo.revenue.total,cbo_2013-02,2020,20.53,20.529999999999745,2.5579538487363607e-13
cbo.revenue.total,cbo_2013-05,2020,20.63,20.63000000000011,1.1013412404281553e-13
cbo.revenue.total,cbo_2014-02,2021,-406.663,-406.66299999999956,4.547473508864641e-13
cbo.revenue.total,cbo_2014-04,2021,-411.083,-411.08299999999963,3.979039320256561e-13
cbo.revenue.total,cbo_2015-01,2022,-628.143,-628.143,0.0
cbo.revenue.total,cbo_2015-03,2022,-622.867,-622.8670000000002,2.2737367544323206e-13
cbo.revenue.total,cbo_2016-01,2023,-18.941,-18.941000000000713,7.140954494389007e-13
cbo.revenue.total,cbo_2016-03,2023,-16.163,-16.163000000000466,4.654054919228656e-13
cbo.revenue.total,cbo_2017-01,2024,-557.287,-557.2869999999994,6.821210263296962e-13
cbo.revenue.total,cbo_2017-06,2024,-538.77,-538.7699999999995,4.547473508864641e-13
cbo.revenue.total,cbo_2018-04,2025,-738.69,-738.6899999999996,4.547473508864641e-13
cbo.revenue.total,cbo_2018-05,2025,-734.278,-734.2780000000002,2.2737367544323206e-13
cbo.revenue.total,cbo_1992-01,2000,-282.194,-282.19399999999996,5.684341886080802e-14
cbo.revenue.total,cbo_1993-01,2001,-426.229,-426.22900000000004,5.684341886080802e-14
cbo.revenue.total,cbo_1993-03,2001,-427.756,-427.7560000000001,1.1368683772161603e-13
cbo.revenue.total,cbo_1994-01,2002,-86.847,-86.84699999999998,1.4210854715202004e-14
cbo.revenue.total,cbo_1995-01,2003,-13.421,-13.42100000000005,4.973799150320701e-14
cbo.revenue.total,cbo_1996-05,2004,-159.651,-159.65100000000007,5.684341886080802e-14
cbo.revenue.total,cbo_1997-01,2005,-274.999,-274.9989999999998,2.2737367544323206e-13
cbo.revenue.total,cbo_1997-03,2005,-274.983,-274.9829999999997,2.8421709430404007e-13
cbo.revenue.total,cbo_1998-01,2006,-287.233,-287.2330000000002,1.7053025658242404e-13
cbo.revenue.total,cbo_1998-03,2006,-287.288,-287.288,0.0
cbo.revenue.total,cbo_1999-01,2007,-295.435,-295.43499999999995,5.684341886080802e-14
cbo.revenue.total,cbo_2000-01,2008,-216.376,-216.3760000000002,1.9895196601282805e-13
cbo.revenue.total,cbo_2001-01,2009,639.034,639.0339999999997,3.410605131648481e-13
cbo.revenue.total,cbo_2001-05,2009,639.09,639.0899999999997,3.410605131648481e-13
cbo.revenue.total,cbo_2002-01,2010,608.839,608.8389999999999,1.1368683772161603e-13
cbo.revenue.total,cbo_2002-03,2010,610.249,610.2489999999998,2.2737367544323206e-13
cbo.revenue.total,cbo_2003-01,2011,511.178,511.1779999999999,1.1368683772161603e-13
cbo.revenue.total,cbo_2003-03,2011,510.824,510.82400000000007,5.684341886080802e-14
cbo.revenue.total,cbo_2004-01,2012,420.991,420.991,0.0
cbo.revenue.total,cbo_2004-03,2012,419.452,419.4520000000002,2.2737367544323206e-13
cbo.revenue.total,cbo_2005-01,2013,359.435,359.4349999999995,5.115907697472721e-13
cbo.revenue.total,cbo_2005-03,2013,359.825,359.8249999999998,1.7053025658242404e-13
cbo.revenue.total,cbo_2006-01,2014,487.55,487.5500000000002,1.7053025658242404e-13
cbo.revenue.total,cbo_2006-03,2014,488.233,488.2330000000002,1.7053025658242404e-13
cbo.revenue.total,cbo_2007-01,2015,423.533,423.5329999999999,1.1368683772161603e-13
cbo.revenue.total,cbo_2007-03,2015,424.21,424.21000000000004,5.684341886080802e-14
cbo.revenue.total,cbo_2008-01,2016,576.884,576.8839999999996,4.547473508864641e-13
cbo.revenue.total,cbo_2008-03,2016,582.459,582.4590000000003,3.410605131648481e-13
cbo.revenue.total,cbo_2009-01,2017,518.437,518.4370000000004,3.410605131648481e-13
cbo.revenue.total,cbo_2009-03,2017,311.618,311.61799999999994,5.684341886080802e-14
cbo.revenue.total,cbo_2010-01,2018,369.373,369.3729999999996,3.979039320256561e-13
cbo.revenue.total,cbo_2010-03,2018,373.199,373.19900000000007,5.684341886080802e-14
cbo.revenue.total,cbo_2011-01,2019,300.396,300.3960000000002,1.7053025658242404e-13
cbo.revenue.total,cbo_2011-03,2019,293.923,293.92300000000023,2.2737367544323206e-13
cbo.revenue.total,cbo_2012-01,2020,-0.261,-0.26099999999996726,3.275157922644212e-14
cbo.revenue.total,cbo_2012-03,2020,31.854,31.85400000000027,2.7000623958883807e-13
cbo.revenue.total,cbo_2013-02,2021,-197.995,-197.9949999999999,1.1368683772161603e-13
cbo.revenue.total,cbo_2013-05,2021,-200.316,-200.3159999999998,1.9895196601282805e-13
cbo.revenue.total,cbo_2014-02,2022,-531.684,-531.6840000000002,2.2737367544323206e-13
cbo.revenue.total,cbo_2014-04,2022,-536.224,-536.2240000000002,1.1368683772161603e-13
cbo.revenue.total,cbo_2015-01,2023,133.127,133.1269999999995,5.115907697472721e-13
cbo.revenue.total,cbo_2015-03,2023,137.858,137.85800000000017,1.7053025658242404e-13
cbo.revenue.total,cbo_2016-01,2024,-473.787,-473.78699999999935,6.252776074688882e-13
cbo.revenue.total,cbo_2016-03,2024,-469.151,-469.15099999999984,1.7053025658242404e-13
cbo.revenue.total,cbo_2017-01,2025,-822.651,-822.6509999999998,1.1368683772161603e-13
cbo.revenue.total,cbo_2017-06,2025,-804.73,-804.7299999999996,4.547473508864641e-13
cbo.revenue.total,cbo_1992-01,2001,-237.098,-237.09800000000018,1.7053025658242404e-13
cbo.revenue.total,cbo_1993-01,2002,-221.739,-221.7389999999998,1.9895196601282805e-13
cbo.revenue.total,cbo_1993-03,2002,-223.407,-223.40699999999993,8.526512829121202e-14
cbo.revenue.total,cbo_1994-01,2003,-33.234,-33.233999999999924,7.815970093361102e-14
cbo.revenue.total,cbo_1995-01,2004,-94.344,-94.34400000000028,2.8421709430404007e-13
cbo.revenue.total,cbo_1996-05,2005,-277.922,-277.922,0.0
cbo.revenue.total,cbo_1997-01,2006,-407.839,-407.83899999999994,5.684341886080802e-14
cbo.revenue.total,cbo_1997-03,2006,-407.72,-407.72000000000025,2.2737367544323206e-13
cbo.revenue.total,cbo_1998-01,2007,-368.077,-368.0770000000002,2.2737367544323206e-13
cbo.revenue.total,cbo_1998-03,2007,-368.132,-368.13200000000006,5.684341886080802e-14
cbo.revenue.total,cbo_1999-01,2008,-292.317,-292.317,0.0
cbo.revenue.total,cbo_2000-01,2009,339.715,339.71500000000015,1.7053025658242404e-13
cbo.revenue.total,cbo_2001-01,2010,694.781,694.781,0.0
cbo.revenue.total,cbo_2001-05,2010,694.857,694.857,0.0
cbo.revenue.total,cbo_2002-01,2011,575.738,575.7379999999998,2.2737367544323206e-13
cbo.revenue.total,cbo_2002-03,2011,577.352,577.3519999999999,1.1368683772161603e-13
cbo.revenue.total,cbo_2003-01,2012,631.141,631.1410000000001,1.1368683772161603e-13
cbo.revenue.total,cbo_2003-03,2012,630.769,630.7690000000002,2.2737367544323206e-13
cbo.revenue.total,cbo_2004-01,2013,325.377,325.37699999999995,5.684341886080802e-14
cbo.revenue.total,cbo_2004-03,2013,323.254,323.2539999999999,1.1368683772161603e-13
cbo.revenue.total,cbo_2005-01,2014,419.124,419.1239999999998,2.2737367544323206e-13
cbo.revenue.total,cbo_2005-03,2014,419.324,419.3239999999996,3.979039320256561e-13
cbo.revenue.total,cbo_2006-01,2015,424.69,424.69000000000005,5.684341886080802e-14
cbo.revenue.total,cbo_2006-03,2015,425.386,425.38599999999997,5.684341886080802e-14
cbo.revenue.total,cbo_2007-01,2016,530.775,530.7749999999996,3.410605131648481e-13
cbo.revenue.total,cbo_2007-03,2016,531.456,531.4559999999997,3.410605131648481e-13
cbo.revenue.total,cbo_2008-01,2017,743.3,743.2999999999993,6.821210263296962e-13
cbo.revenue.total,cbo_2008-03,2017,748.792,748.7919999999995,5.684341886080801e-13
cbo.revenue.total,cbo_2009-01,2018,522.949,522.9489999999996,3.410605131648481e-13
cbo.revenue.total,cbo_2009-03,2018,285.521,285.52099999999973,2.8421709430404007e-13
cbo.revenue.total,cbo_2010-01,2019,285.892,285.8919999999998,1.7053025658242404e-13
cbo.revenue.total,cbo_2010-03,2019,289.696,289.69600000000037,3.410605131648481e-13
cbo.revenue.total,cbo_2011-01,2020,26.888,26.887999999999465,5.364597654988756e-13
cbo.revenue.total,cbo_2011-03,2020,17.416,17.415999999999713,2.877698079828406e-13
cbo.revenue.total,cbo_2012-01,2021,-228.127,-228.1269999999995,5.115907697472721e-13
cbo.revenue.total,cbo_2012-03,2021,-194.905,-194.9050000000002,1.9895196601282805e-13
cbo.revenue.total,cbo_2013-02,2022,-286.503,-286.5029999999997,2.8421709430404007e-13
cbo.revenue.total,cbo_2013-05,2022,-288.937,-288.9369999999999,1.1368683772161603e-13
cbo.revenue.total,cbo_2014-02,2023,238.756,238.7559999999994,5.968558980384842e-13
cbo.revenue.total,cbo_2014-04,2023,232.758,232.7579999999989,1.1084466677857563e-12
cbo.revenue.total,cbo_2015-01,2024,-308.285,-308.28499999999985,1.7053025658242404e-13
cbo.revenue.total,cbo_2015-03,2024,-306.367,-306.3669999999993,7.389644451905042e-13
cbo.revenue.total,cbo_2016-01,2025,-729.206,-729.2060000000001,1.1368683772161603e-13
cbo.revenue.total,cbo_2016-03,2025,-721.615,-721.6149999999998,2.2737367544323206e-13
cbo.revenue.total,cbo_1992-01,2002,0.448,0.44800000000009277,9.275913370743183e-14
cbo.revenue.total,cbo_1993-01,2003,-186.662,-186.66200000000003,2.842170943040401e-14
cbo.revenue.total,cbo_1993-03,2003,-188.484,-188.48399999999992,8.526512829121202e-14
cbo.revenue.total,cbo_1994-01,2004,-122.607,-122.6070000000002,1.9895196601282805e-13
cbo.revenue.total,cbo_1995-01,2005,-205.06,-205.05999999999972,2.8421709430404007e-13
cbo.revenue.total,cbo_1996-05,2006,-401.191,-401.19100000000026,2.8421709430404007e-13
cbo.revenue.total,cbo_1997-01,2007,-496.565,-496.56500000000005,5.684341886080802e-14
cbo.revenue.total,cbo_1997-03,2007,-496.442,-496.442,0.0
cbo.revenue.total,cbo_1998-01,2008,-361.588,-361.5880000000002,1.7053025658242404e-13
cbo.revenue.total,cbo_1998-03,2008,-361.643,-361.64300000000003,5.684341886080802e-14
cbo.revenue.total,cbo_1999-01,2009,253.719,253.71900000000005,5.684341886080802e-14
cbo.revenue.total,cbo_2000-01,2010,364.703,364.7029999999995,4.547473508864641e-13
cbo.revenue.total,cbo_2001-01,2011,626.62,626.6200000000003,3.410605131648481e-13
cbo.revenue.total,cbo_2001-05,2011,626.708,626.7080000000001,1.1368683772161603e-13
cbo.revenue.total,cbo_2002-01,2012,705.18,705.1800000000003,3.410605131648481e-13
cbo.revenue.total,cbo_2002-03,2012,707.047,707.0470000000005,4.547473508864641e-13
cbo.revenue.total,cbo_2003-01,2013,560.589,560.5889999999999,1.1368683772161603e-13
cbo.revenue.total,cbo_2003-03,2013,560.139,560.1389999999997,3.410605131648481e-13
cbo.revenue.total,cbo_2004-01,2014,389.4,389.4000000000001,1.1368683772161603e-13
cbo.revenue.total,cbo_2004-03,2014,380.434,380.43399999999974,2.8421709430404007e-13
cbo.revenue.total,cbo_2005-01,2015,357.279,357.279,0.0
cbo.revenue.total,cbo_2005-03,2015,357.448,357.4480000000003,3.410605131648481e-13
cbo.revenue.total,cbo_2006-01,2016,543.611,543.6109999999999,1.1368683772161603e-13
cbo.revenue.total,cbo_2006-03,2016,544.364,544.3639999999996,4.547473508864641e-13
cbo.revenue.total,cbo_2007-01,2017,693.555,693.5549999999994,5.684341886080801e-13
cbo.revenue.total,cbo_2007-03,2017,694.246,694.2460000000001,1.1368683772161603e-13
cbo.revenue.total,cbo_2008-01,2018,769.704,769.7039999999997,2.2737367544323206e-13
cbo.revenue.total,cbo_2008-03,2018,776.318,776.3179999999993,6.821210263296962e-13
cbo.revenue.total,cbo_2009-01,2019,447.351,447.35099999999966,3.410605131648481e-13
cbo.revenue.total,cbo_2009-03,2019,182.85,182.8499999999999,8.526512829121202e-14
cbo.revenue.total,cbo_2010-01,2020,1.287,1.2869999999998072,1.9273471707492718e-13
cbo.revenue.total,cbo_2010-03,2020,5.067,5.067000000000007,7.105427357601002e-15
cbo.revenue.total,cbo_2011-01,2021,-197.178,-197.17799999999988,1.1368683772161603e-13
cbo.revenue.total,cbo_2011-03,2021,-209.149,-209.14900000000034,3.410605131648481e-13
cbo.revenue.total,cbo_2012-01,2022,-335.877,-335.8769999999995,5.115907697472721e-13
cbo.revenue.total,cbo_2012-03,2022,-302.619,-302.6190000000006,5.684341886080801e-13
cbo.revenue.total,cbo_2013-02,2023,499.268,499.26800000000003,5.684341886080802e-14
cbo.revenue.total,cbo_2013-05,2023,497.309,497.3090000000002,1.7053025658242404e-13
cbo.revenue.total,cbo_2014-02,2024,-191.126,-191.1259999999993,7.105427357601002e-13
cbo.revenue.total,cbo_2014-04,2024,-199.611,-199.61099999999988,1.1368683772161603e-13
cbo.revenue.total,cbo_2015-01,2025,-552.74,-552.7399999999998,2.2737367544323206e-13
cbo.revenue.total,cbo_2015-03,2025,-552.078,-552.0780000000004,4.547473508864641e-13
cbo.revenue.individual_income_taxes,cbo_1982-02,1982,2.256,2.255999999999972,2.7977620220553945e-14
cbo.revenue.individual_income_taxes,cbo_1983-02,1983,-2.938,-2.937999999999988,1.199040866595169e-14
cbo.revenue.individual_income_taxes,cbo_1984-02,1984,-4.115,-4.115000000000009,8.881784197001252e-15
cbo.revenue.individual_income_taxes,cbo_1985-02,1985,-1.517,-1.516999999999996,3.9968028886505635e-15
cbo.revenue.individual_income_taxes,cbo_1986-02,1986,5.423,5.423000000000002,1.7763568394002505e-15
cbo.revenue.individual_income_taxes,cbo_1987-01,1987,-31.243,-31.242999999999995,3.552713678800501e-15
cbo.revenue.individual_income_taxes,cbo_1988-02,1988,-11.038,-11.038000000000011,1.0658141036401503e-14
cbo.revenue.individual_income_taxes,cbo_1989-01,1989,-12.91,-12.910000000000025,2.4868995751603507e-14
cbo.revenue.individual_income_taxes,cbo_1990-01,1990,23.478,23.47800000000001,7.105427357601002e-15
cbo.revenue.individual_income_taxes,cbo_1991-01,1991,20.448,20.44799999999998,2.1316282072803006e-14
cbo.revenue.individual_income_taxes,cbo_1992-01,1992,0.466,0.4660000000000082,8.1601392309949e-15
cbo.revenue.individual_income_taxes,cbo_1992-03,1992,0.466,0.4660000000000082,8.1601392309949e-15
cbo.revenue.individual_income_taxes,cbo_1993-01,1993,-8.918,-8.918000000000006,7.105427357601002e-15
cbo.revenue.individual_income_taxes,cbo_1993-03,1993,-8.918,-8.918000000000006,7.105427357601002e-15
cbo.revenue.individual_income_taxes,cbo_1994-01,1994,3.539,3.539000000000101,1.0080825063596421e-13
cbo.revenue.individual_income_taxes,cbo_1995-01,1995,2.956,2.9560000000000173,1.7319479184152442e-14
cbo.revenue.individual_income_taxes,cbo_1996-05,1996,-20.284,-20.283999999999992,7.105427357601002e-15
cbo.revenue.individual_income_taxes,cbo_1997-01,1997,-60.48,-60.48000000000002,2.1316282072803006e-14
cbo.revenue.individual_income_taxes,cbo_1997-03,1997,-60.48,-60.48000000000002,2.1316282072803006e-14
cbo.revenue.individual_income_taxes,cbo_1998-01,1998,-60.21,-60.210000000000036,3.552713678800501e-14
cbo.revenue.individual_income_taxes,cbo_1998-03,1998,-45.21,-45.210000000000036,3.552713678800501e-14
cbo.revenue.individual_income_taxes,cbo_1999-01,1999,-16.318,-16.317999999999984,1.7763568394002505e-14
cbo.revenue.individual_income_taxes,cbo_2000-01,2000,-59.841,-59.84100000000001,7.105427357601002e-15
cbo.revenue.individual_income_taxes,cbo_2001-01,2001,44.051,44.051000000000045,4.263256414560601e-14
cbo.revenue.individual_income_taxes,cbo_2001-05,2001,39.051,39.051000000000045,4.263256414560601e-14
cbo.revenue.individual_income_taxes,cbo_2002-01,2002,77.381,77.38099999999997,2.842170943040401e-14
cbo.revenue.individual_income_taxes,cbo_2002-03,2002,82.381,82.38099999999997,2.842170943040401e-14
cbo.revenue.individual_income_taxes,cbo_2003-01,2003,65.775,65.77500000000009,8.526512829121202e-14
cbo.revenue.individual_income_taxes,cbo_2003-03,2003,35.775,35.77500000000009,9.237055564881302e-14
cbo.revenue.individual_income_taxes,cbo_2004-01,2004,-47.341,-47.340999999999894,1.0658141036401503e-13
cbo.revenue.individual_income_taxes,cbo_2004-03,2004,-47.341,-47.34100000000001,7.105427357601002e-15
cbo.revenue.individual_income_taxes,cbo_2005-01,2005,-28.681,-28.680999999999926,7.460698725481052e-14
cbo.revenue.individual_income_taxes,cbo_2005-03,2005,-28.681,-28.680999999999926,7.460698725481052e-14
cbo.revenue.individual_income_taxes,cbo_2006-01,2006,-47.834,-47.83399999999983,1.7053025658242404e-13
cbo.revenue.individual_income_taxes,cbo_2006-03,2006,-47.834,-47.83399999999983,1.7053025658242404e-13
cbo.revenue.individual_income_taxes,cbo_2007-01,2007,-19.664,-19.663999999999987,1.4210854715202004e-14
cbo.revenue.individual_income_taxes,cbo_2007-03,2007,-19.664,-19.663999999999987,1.4210854715202004e-14
cbo.revenue.individual_income_taxes,cbo_2008-01,2008,-18.28,-18.2800000000002,1.9895196601282805e-13
cbo.revenue.individual_income_taxes,cbo_2008-03,2008,-5.669,-5.669000000000096,9.681144774731365e-14
cbo.revenue.individual_income_taxes,cbo_2009-01,2009,109.121,109.1210000000001,9.947598300641403e-14
cbo.revenue.individual_income_taxes,cbo_2009-03,2009,52.78,52.780000000000086,8.526512829121202e-14
cbo.revenue.individual_income_taxes,cbo_2010-01,2010,38.57,38.57000000000005,4.973799150320701e-14
cbo.revenue.individual_income_taxes,cbo_2010-03,2010,38.57,38.57000000000005,4.973799150320701e-14
cbo.revenue.individual_income_taxes,cbo_2011-01,2011,-93.729,-93.72899999999993,7.105427357601002e-14
cbo.revenue.individual_income_taxes,cbo_2011-03,2011,-93.825,-93.82499999999993,7.105427357601002e-14
cbo.revenue.individual_income_taxes,cbo_2012-01,2012,27.018,27.018000000000256,2.5579538487363607e-13
cbo.revenue.individual_income_taxes,cbo_2012-03,2012,27.018,27.01800000000003,2.842170943040401e-14
cbo.revenue.individual_income_taxes,cbo_2013-02,2013,-52.813,-52.812999999999874,1.2789769243681803e-13
cbo.revenue.individual_income_taxes,cbo_2013-05,2013,16.336,16.336000000000013,1.4210854715202004e-14
cbo.revenue.individual_income_taxes,cbo_2014-02,2014,-13.266,-13.266000000000076,7.638334409421077e-14
cbo.revenue.individual_income_taxes,cbo_2014-04,2014,-12.049,-12.048999999999978,2.1316282072803006e-14
cbo.revenue.individual_income_taxes,cbo_2015-01,2015,-37.648,-37.64799999999991,9.237055564881302e-14
cbo.revenue.individual_income_taxes,cbo_2015-03,2015,-34.953,-34.95299999999975,2.5579538487363607e-13
cbo.revenue.individual_income_taxes,cbo_2016-01,2016,75.23,75.22999999999979,2.1316282072803006e-13
cbo.revenue.individual_income_taxes,cbo_2016-03,2016,79.585,79.58500000000004,4.263256414560601e-14
cbo.revenue.individual_income_taxes,cbo_2017-01,2017,63.935,63.93500000000017,1.7053025658242404e-13
cbo.revenue.individual_income_taxes,cbo_2017-06,2017,-13.529,-13.528999999999996,3.552713678800501e-15
cbo.revenue.individual_income_taxes,cbo_2018-04,2018,-44.189,-44.18900000000008,7.815970093361102e-14
cbo.revenue.individual_income_taxes,cbo_2018-05,2018,-43.785,-43.78500000000008,8.526512829121202e-14
cbo.revenue.individual_income_taxes,cbo_2019-01,2019,38.585,38.585000000000036,3.552713678800501e-14
cbo.revenue.individual_income_taxes,cbo_2019-05,2019,34.409,34.409000000000106,1.0658141036401503e-13
cbo.revenue.individual_income_taxes,cbo_2020-01,2020,-279.043,-279.0430000000001,1.1368683772161603e-13
cbo.revenue.individual_income_taxes,cbo_2020-03,2020,-279.447,-279.4470000000001,1.1368683772161603e-13
cbo.revenue.individual_income_taxes,cbo_2021-02,2021,-423.301,-423.30099999999993,5.684341886080802e-14
cbo.revenue.individual_income_taxes,cbo_2021-07,2021,-92.705,-92.70499999999993,7.105427357601002e-14
cbo.revenue.individual_income_taxes,cbo_2022-05,2022,-9.639,-9.639000000000124,1.2434497875801753e-13
cbo.revenue.individual_income_taxes,cbo_2023-02,2023,346.238,346.23799999999983,1.7053025658242404e-13
cbo.revenue.individual_income_taxes,cbo_2023-05,2023,348.369,348.3689999999997,3.410605131648481e-13
cbo.revenue.individual_income_taxes,cbo_2024-02,2024,42.296,42.29599999999982,1.7763568394002505e-13
cbo.revenue.individual_income_taxes,cbo_2024-06,2024,20.597,20.597000000000207,2.0605739337042905e-13
cbo.revenue.individual_income_taxes,cbo_2025-01,2025,-86.902,-86.90199999999959,4.121147867408581e-13
cbo.revenue.individual_income_taxes,cbo_1982-02,1983,19.062,19.062000000000012,1.0658141036401503e-14
cbo.revenue.individual_income_taxes,cbo_1983-02,1984,-4.215,-4.215000000000032,3.197442310920451e-14
cbo.revenue.individual_income_taxes,cbo_1984-02,1985,0.517,0.5169999999999959,4.107825191113079e-15
cbo.revenue.individual_income_taxes,cbo_1985-02,1986,12.233,12.233000000000004,3.552713678800501e-15
cbo.revenue.individual_income_taxes,cbo_1986-02,1987,-21.195,-21.19500000000005,4.973799150320701e-14
cbo.revenue.individual_income_taxes,cbo_1987-01,1988,-18.997,-18.996999999999957,4.263256414560601e-14
cbo.revenue.individual_income_taxes,cbo_1988-02,1989,-30.829,-30.82899999999995,4.973799150320701e-14
cbo.revenue.individual_income_taxes,cbo_1989-01,1990,8.1,8.099999999999966,3.375077994860476e-14
cbo.revenue.individual_income_taxes,cbo_1990-01,1991,59.474,59.474000000000046,4.973799150320701e-14
cbo.revenue.individual_income_taxes,cbo_1991-01,1992,40.053,40.05299999999994,5.684341886080802e-14
cbo.revenue.individual_income_taxes,cbo_1992-01,1993,6.104,6.103999999999985,1.509903313490213e-14
cbo.revenue.individual_income_taxes,cbo_1992-03,1993,6.104,6.103999999999985,1.509903313490213e-14
cbo.revenue.individual_income_taxes,cbo_1993-01,1994,1.153,1.15300000000002,1.9984014443252818e-14
cbo.revenue.individual_income_taxes,cbo_1993-03,1994,1.153,1.15300000000002,1.9984014443252818e-14
cbo.revenue.individual_income_taxes,cbo_1994-01,1995,5.625,5.624999999999886,1.1368683772161603e-13
cbo.revenue.individual_income_taxes,cbo_1995-01,1996,-29.031,-29.031000000000063,6.394884621840902e-14
cbo.revenue.individual_income_taxes,cbo_1996-05,1997,-76.44,-76.43999999999994,5.684341886080802e-14
cbo.revenue.individual_income_taxes,cbo_1997-01,1998,-128.686,-128.68600000000004,2.842170943040401e-14
cbo.revenue.individual_income_taxes,cbo_1997-03,1998,-128.686,-128.68600000000004,2.842170943040401e-14
cbo.revenue.individual_income_taxes,cbo_1998-01,1999,-98.141,-98.14099999999996,4.263256414560601e-14
cbo.revenue.individual_income_taxes,cbo_1998-03,1999,-88.141,-88.14099999999996,4.263256414560601e-14
cbo.revenue.individual_income_taxes,cbo_1999-01,2000,-110.952,-110.952,0.0
cbo.revenue.individual_income_taxes,cbo_2000-01,2001,-47.187,-47.187000000000126,1.2789769243681803e-13
cbo.revenue.individual_income_taxes,cbo_2001-01,2002,191.307,191.30700000000002,2.842170943040401e-14
cbo.revenue.individual_income_taxes,cbo_2001-05,2002,191.307,191.30700000000002,2.842170943040401e-14
cbo.revenue.individual_income_taxes,cbo_2002-01,2003,153.883,153.88300000000004,2.842170943040401e-14
cbo.revenue.individual_income_taxes,cbo_2002-03,2003,156.883,156.88300000000004,2.842170943040401e-14
cbo.revenue.individual_income_taxes,cbo_2003-01,2004,26.798,26.798000000000116,1.1723955140041653e-13
cbo.revenue.individual_income_taxes,cbo_2003-03,2004,-3.202,-3.2019999999998845,1.1546319456101628e-13
cbo.revenue.individual_income_taxes,cbo_2004-01,2005,-67.838,-67.83800000000008,8.526512829121202e-14
cbo.revenue.individual_income_taxes,cbo_2004-03,2005,-67.839,-67.83899999999994,5.684341886080802e-14
cbo.revenue.individual_income_taxes,cbo_2005-01,2006,-69.568,-69.56799999999998,1.4210854715202004e-14
cbo.revenue.individual_income_taxes,cbo_2005-03,2006,-69.642,-69.64199999999994,5.684341886080802e-14
cbo.revenue.individual_income_taxes,cbo_2006-01,2007,-91.28,-91.27999999999997,2.842170943040401e-14
cbo.revenue.individual_income_taxes,cbo_2006-03,2007,-91.28,-91.27999999999997,2.842170943040401e-14
cbo.revenue.individual_income_taxes,cbo_2007-01,2008,-41.312,-41.3119999999999,9.947598300641403e-14
cbo.revenue.individual_income_taxes,cbo_2007-03,2008,-41.312,-41.3119999999999,9.947598300641403e-14
cbo.revenue.individual_income_taxes,cbo_2008-01,2009,282.717,282.7170000000001,1.1368683772161603e-13
cbo.revenue.individual_income_taxes,cbo_2008-03,2009,287.825,287.82500000000005,5.684341886080802e-14
cbo.revenue.individual_income_taxes,cbo_2009-01,2010,130.472,130.47199999999998,2.842170943040401e-14
cbo.revenue.individual_income_taxes,cbo_2009-03,2010,124.547,124.54700000000003,2.842170943040401e-14
cbo.revenue.individual_income_taxes,cbo_2010-01,2011,-69.653,-69.6529999999999,9.947598300641403e-14
cbo.revenue.individual_income_taxes,cbo_2010-03,2011,-69.654,-69.65399999999988,1.1368683772161603e-13
cbo.revenue.individual_income_taxes,cbo_2011-01,2012,-3.785,-3.7849999999998545,1.4566126083082054e-13
cbo.revenue.individual_income_taxes,cbo_2011-03,2012,-4.079,-4.078999999999951,4.884981308350689e-14
cbo.revenue.individual_income_taxes,cbo_2012-01,2013,-77.609,-77.60899999999992,7.105427357601002e-14
cbo.revenue.individual_income_taxes,cbo_2012-03,2013,-75.943,-75.94299999999998,1.4210854715202004e-14
cbo.revenue.individual_income_taxes,cbo_2013-02,2014,-39.836,-39.83600000000001,1.4210854715202004e-14
cbo.revenue.individual_income_taxes,cbo_2013-05,2014,-14.492,-14.491999999999962,3.907985046680551e-14
cbo.revenue.individual_income_taxes,cbo_2014-02,2015,-29.119,-29.118999999999915,8.526512829121202e-14
cbo.revenue.individual_income_taxes,cbo_2014-04,2015,-26.14,-26.139999999999873,1.2789769243681803e-13
cbo.revenue.individual_income_taxes,cbo_2015-01,2016,42.264,42.263999999999896,1.0658141036401503e-13
cbo.revenue.individual_income_taxes,cbo_2015-03,2016,50.232,50.23199999999974,2.5579538487363607e-13
cbo.revenue.individual_income_taxes,cbo_2016-01,2017,151.808,151.808,0.0
cbo.revenue.individual_income_taxes,cbo_2016-03,2017,156.802,156.80200000000013,1.4210854715202004e-13
cbo.revenue.individual_income_taxes,cbo_2017-01,2018,31.689,31.68899999999985,1.4921397450962104e-13
cbo.revenue.individual_income_taxes,cbo_2017-06,2018,-25.254,-25.253999999999905,9.592326932761353e-14
cbo.revenue.individual_income_taxes,cbo_2018-04,2019,26.197,26.197000000000116,1.1723955140041653e-13
cbo.revenue.individual_income_taxes,cbo_2018-05,2019,26.709,26.70900000000006,6.039613253960852e-14
cbo.revenue.individual_income_taxes,cbo_2019-01,2020,-249.862,-249.86199999999985,1.4210854715202004e-13
cbo.revenue.individual_income_taxes,cbo_2019-05,2020,-254.203,-254.20299999999997,2.842170943040401e-14
cbo.revenue.individual_income_taxes,cbo_2020-01,2021,-507.212,-507.212,0.0
cbo.revenue.individual_income_taxes,cbo_2020-03,2021,-507.886,-507.88599999999997,5.684341886080802e-14
cbo.revenue.individual_income_taxes,cbo_2021-02,2022,-639.478,-639.4780000000003,3.410605131648481e-13
cbo.revenue.individual_income_taxes,cbo_2021-07,2022,-296.613,-296.61299999999983,1.7053025658242404e-13
cbo.revenue.individual_income_taxes,cbo_2022-05,2023,397.533,397.5329999999999,1.1368683772161603e-13
cbo.revenue.individual_income_taxes,cbo_2023-02,2024,40.26,40.25999999999976,2.3447910280083306e-13
cbo.revenue.individual_income_taxes,cbo_2023-05,2024,47.872,47.871999999999844,1.5631940186722204e-13
cbo.revenue.individual_income_taxes,cbo_2024-02,2025,-194.305,-194.30499999999984,1.7053025658242404e-13
cbo.revenue.individual_income_taxes,cbo_2024-06,2025,-163.462,-163.462,0.0
cbo.revenue.individual_income_taxes,cbo_1982-02,1984,29.785,29.784999999999968,3.197442310920451e-14
cbo.revenue.individual_income_taxes,cbo_1983-02,1985,-5.783,-5.7830000000000155,1.509903313490213e-14
cbo.revenue.individual_income_taxes,cbo_1984-02,1986,20.835,20.835000000000036,3.552713678800501e-14
cbo.revenue.individual_income_taxes,cbo_1985-02,1987,-12.989,-12.989000000000033,3.197442310920451e-14
cbo.revenue.individual_income_taxes,cbo_1986-02,1988,-3.07,-3.069999999999993,6.661338147750939e-15
cbo.revenue.individual_income_taxes,cbo_1987-01,1989,-30.93,-30.92999999999995,4.973799150320701e-14
cbo.revenue.individual_income_taxes,cbo_1988-02,1990,-14.591,-14.591000000000008,8.881784197001252e-15
cbo.revenue.individual_income_taxes,cbo_1989-01,1991,43.603,43.603000000000065,6.394884621840902e-14
cbo.revenue.individual_income_taxes,cbo_1990-01,1992,78.975,78.97499999999997,2.842170943040401e-14
cbo.revenue.individual_income_taxes,cbo_1991-01,1993,56.104,56.103999999999985,1.4210854715202004e-14
cbo.revenue.individual_income_taxes,cbo_1992-01,1994,26.006,26.006000000000085,8.526512829121202e-14
cbo.revenue.individual_income_taxes,cbo_1992-03,1994,26.006,26.005999999999972,2.842170943040401e-14
cbo.revenue.individual_income_taxes,cbo_1993-01,1995,3.063,3.062999999999988,1.199040866595169e-14
cbo.revenue.individual_income_taxes,cbo_1993-03,1995,3.063,3.062999999999988,1.199040866595169e-14
cbo.revenue.individual_income_taxes,cbo_1994-01,1996,-21.33,-21.33000000000004,4.263256414560601e-14
cbo.revenue.individual_income_taxes,cbo_1995-01,1997,-81.671,-81.67099999999994,7.105427357601002e-14
cbo.revenue.individual_income_taxes,cbo_1996-05,1998,-143.274,-143.274,0.0
cbo.revenue.individual_income_taxes,cbo_1997-01,1999,-160.718,-160.71799999999996,2.842170943040401e-14
cbo.revenue.individual_income_taxes,cbo_1997-03,1999,-160.718,-160.71799999999996,2.842170943040401e-14
cbo.revenue.individual_income_taxes,cbo_1998-01,2000,-198.718,-198.71799999999996,2.842170943040401e-14
cbo.revenue.individual_income_taxes,cbo_1998-03,2000,-193.718,-193.71799999999996,2.842170943040401e-14
cbo.revenue.individual_income_taxes,cbo_1999-01,2001,-113.296,-113.29600000000005,4.263256414560601e-14
cbo.revenue.individual_income_taxes,cbo_2000-01,2002,91.137,91.13699999999983,1.7053025658242404e-13
cbo.revenue.individual_income_taxes,cbo_2001-01,2003,255.577,255.5770000000001,1.1368683772161603e-13
cbo.revenue.individual_income_taxes,cbo_2001-05,2003,255.577,255.5770000000001,1.1368683772161603e-13
cbo.revenue.individual_income_taxes,cbo_2002-01,2004,122.987,122.98700000000008,8.526512829121202e-14
cbo.revenue.individual_income_taxes,cbo_2002-03,2004,122.987,122.98700000000008,8.526512829121202e-14
cbo.revenue.individual_income_taxes,cbo_2003-01,2005,9.592,9.591999999999985,1.5987211554602254e-14
cbo.revenue.individual_income_taxes,cbo_2003-03,2005,-10.408,-10.408000000000015,1.5987211554602254e-14
cbo.revenue.individual_income_taxes,cbo_2004-01,2006,-97.432,-97.4319999999999,9.947598300641403e-14
cbo.revenue.individual_income_taxes,cbo_2004-03,2006,-97.431,-97.43099999999993,7.105427357601002e-14
cbo.revenue.individual_income_taxes,cbo_2005-01,2007,-121.474,-121.47399999999993,7.105427357601002e-14
cbo.revenue.individual_income_taxes,cbo_2005-03,2007,-121.635,-121.63499999999999,1.4210854715202004e-14
cbo.revenue.individual_income_taxes,cbo_2006-01,2008,-120.45,-120.45000000000005,4.263256414560601e-14
cbo.revenue.individual_income_taxes,cbo_2006-03,2008,-120.45,-120.45000000000005,4.263256414560601e-14
cbo.revenue.individual_income_taxes,cbo_2007-01,2009,272.57,272.56999999999994,5.684341886080802e-14
cbo.revenue.individual_income_taxes,cbo_2007-03,2009,272.57,272.56999999999994,5.684341886080802e-14
cbo.revenue.individual_income_taxes,cbo_2008-01,2010,340.343,340.3430000000001,5.684341886080802e-14
cbo.revenue.individual_income_taxes,cbo_2008-03,2010,349.043,349.0430000000001,1.1368683772161603e-13
cbo.revenue.individual_income_taxes,cbo_2009-01,2011,61.223,61.223000000000184,1.8474111129762605e-13
cbo.revenue.individual_income_taxes,cbo_2009-03,2011,27.8,27.799999999999955,4.618527782440651e-14
cbo.revenue.individual_income_taxes,cbo_2010-01,2012,60.426,60.42600000000016,1.5631940186722204e-13
cbo.revenue.individual_income_taxes,cbo_2010-03,2012,60.426,60.42600000000016,1.5631940186722204e-13
cbo.revenue.individual_income_taxes,cbo_2011-01,2013,-27.785,-27.785000000000082,8.171241461241152e-14
cbo.revenue.individual_income_taxes,cbo_2011-03,2013,-26.247,-26.24700000000007,7.105427357601002e-14
cbo.revenue.individual_income_taxes,cbo_2012-01,2014,-55.545,-55.544999999999845,1.5631940186722204e-13
cbo.revenue.individual_income_taxes,cbo_2012-03,2014,-48.055,-48.054999999999836,1.6342482922482304e-13
cbo.revenue.individual_income_taxes,cbo_2013-02,2015,-31.931,-31.930999999999813,1.8829382497642655e-13
cbo.revenue.individual_income_taxes,cbo_2013-05,2015,-13.111,-13.110999999999876,1.2434497875801753e-13
cbo.revenue.individual_income_taxes,cbo_2014-02,2016,52.328,52.327999999999975,2.842170943040401e-14
cbo.revenue.individual_income_taxes,cbo_2014-04,2016,54.234,54.233999999999924,7.815970093361102e-14
cbo.revenue.individual_income_taxes,cbo_2015-01,2017,130.6,130.60000000000014,1.4210854715202004e-13
cbo.revenue.individual_income_taxes,cbo_2015-03,2017,141.561,141.56100000000015,1.4210854715202004e-13
cbo.revenue.individual_income_taxes,cbo_2016-01,2018,77.616,77.61599999999999,1.4210854715202004e-14
cbo.revenue.individual_income_taxes,cbo_2016-03,2018,86.299,86.29899999999998,2.842170943040401e-14
cbo.revenue.individual_income_taxes,cbo_2017-01,2019,-8.816,-8.816000000000031,3.019806626980426e-14
cbo.revenue.individual_income_taxes,cbo_2017-06,2019,-47.206,-47.205999999999904,9.947598300641403e-14
cbo.revenue.individual_income_taxes,cbo_2018-04,2020,-253.723,-253.72299999999996,5.684341886080802e-14
cbo.revenue.individual_income_taxes,cbo_2018-05,2020,-253.26,-253.26,0.0
cbo.revenue.individual_income_taxes,cbo_2019-01,2021,-504.032,-504.03200000000015,1.7053025658242404e-13
cbo.revenue.individual_income_taxes,cbo_2019-05,2021,-507.97,-507.9699999999998,2.2737367544323206e-13
cbo.revenue.individual_income_taxes,cbo_2020-01,2022,-514.862,-514.8620000000001,1.1368683772161603e-13
cbo.revenue.individual_income_taxes,cbo_2020-03,2022,-515.715,-515.7150000000001,1.1368683772161603e-13
cbo.revenue.individual_income_taxes,cbo_2021-02,2023,-99.65,-99.65000000000055,5.400124791776761e-13
cbo.revenue.individual_income_taxes,cbo_2021-07,2023,151.816,151.8159999999998,1.9895196601282805e-13
cbo.revenue.individual_income_taxes,cbo_2022-05,2024,103.697,103.69700000000012,1.1368683772161603e-13
cbo.revenue.individual_income_taxes,cbo_2023-02,2025,-203.818,-203.81799999999976,2.5579538487363607e-13
cbo.revenue.individual_income_taxes,cbo_2023-05,2025,-197.921,-197.92099999999982,1.7053025658242404e-13
cbo.revenue.individual_income_taxes,cbo_1982-02,1985,29.217,29.216999999999985,1.4210854715202004e-14
cbo.revenue.individual_income_taxes,cbo_1983-02,1986,7.335,7.3349999999999795,2.042810365310288e-14
cbo.revenue.individual_income_taxes,cbo_1984-02,1987,0.671,0.6709999999999923,7.771561172376096e-15
cbo.revenue.individual_income_taxes,cbo_1985-02,1988,7.241,7.2409999999999854,1.4210854715202004e-14
cbo.revenue.individual_income_taxes,cbo_1986-02,1989,-10.896,-10.896000000000015,1.4210854715202004e-14
cbo.revenue.individual_income_taxes,cbo_1987-01,1990,-7.896,-7.896000000000015,1.509903313490213e-14
cbo.revenue.individual_income_taxes,cbo_1988-02,1991,23.022,23.02199999999999,7.105427357601002e-15
cbo.revenue.individual_income_taxes,cbo_1989-01,1992,66.343,66.34300000000002,1.4210854715202004e-14
cbo.revenue.individual_income_taxes,cbo_1990-01,1993,91.271,91.2709999999999,9.947598300641403e-14
cbo.revenue.individual_income_taxes,cbo_1991-01,1994,81.19,81.19000000000005,5.684341886080802e-14
cbo.revenue.individual_income_taxes,cbo_1992-01,1995,31.381,31.380999999999972,2.842170943040401e-14
cbo.revenue.individual_income_taxes,cbo_1992-03,1995,31.381,31.380999999999972,2.842170943040401e-14
cbo.revenue.individual_income_taxes,cbo_1993-01,1996,-26.782,-26.78200000000004,3.907985046680551e-14
cbo.revenue.individual_income_taxes,cbo_1993-03,1996,-26.782,-26.78200000000004,3.907985046680551e-14
cbo.revenue.individual_income_taxes,cbo_1994-01,1997,-69.273,-69.27300000000002,2.842170943040401e-14
cbo.revenue.individual_income_taxes,cbo_1995-01,1998,-145.001,-145.00099999999998,2.842170943040401e-14
cbo.revenue.individual_income_taxes,cbo_1996-05,1999,-172.684,-172.68399999999997,2.842170943040401e-14
cbo.revenue.individual_income_taxes,cbo_1997-01,2000,-259.21,-259.21000000000004,5.684341886080802e-14
cbo.revenue.individual_income_taxes,cbo_1997-03,2000,-259.21,-259.21000000000004,5.684341886080802e-14
cbo.revenue.individual_income_taxes,cbo_1998-01,2001,-194.058,-194.0580000000001,1.1368683772161603e-13
cbo.revenue.individual_income_taxes,cbo_1998-03,2001,-194.058,-194.0580000000001,1.1368683772161603e-13
cbo.revenue.individual_income_taxes,cbo_1999-01,2002,20.106,20.105999999999995,7.105427357601002e-15
cbo.revenue.individual_income_taxes,cbo_2000-01,2003,145.393,145.39300000000014,1.4210854715202004e-13
cbo.revenue.individual_income_taxes,cbo_2001-01,2004,206.401,206.40100000000007,5.684341886080802e-14
cbo.revenue.individual_income_taxes,cbo_2001-05,2004,206.401,206.40100000000007,5.684341886080802e-14
cbo.revenue.individual_income_taxes,cbo_2002-01,2005,91.82,91.82000000000005,5.684341886080802e-14
cbo.revenue.individual_income_taxes,cbo_2002-03,2005,91.82,91.82000000000005,5.684341886080802e-14
cbo.revenue.individual_income_taxes,cbo_2003-01,2006,-22.846,-22.84599999999989,1.1013412404281553e-13
cbo.revenue.individual_income_taxes,cbo_2003-03,2006,-32.846,-32.846000000000004,7.105427357601002e-15
cbo.revenue.individual_income_taxes,cbo_2004-01,2007,-153.648,-153.6479999999999,8.526512829121202e-14
cbo.revenue.individual_income_taxes,cbo_2004-03,2007,-153.648,-153.64800000000002,2.842170943040401e-14
cbo.revenue.individual_income_taxes,cbo_2005-01,2008,-139.256,-139.25600000000009,8.526512829121202e-14
cbo.revenue.individual_income_taxes,cbo_2005-03,2008,-139.3,-139.30000000000018,1.7053025658242404e-13
cbo.revenue.individual_income_taxes,cbo_2006-01,2009,223.28,223.27999999999997,2.842170943040401e-14
cbo.revenue.individual_income_taxes,cbo_2006-03,2009,223.28,223.27999999999997,2.842170943040401e-14
cbo.revenue.individual_income_taxes,cbo_2007-01,2010,318.685,318.68499999999995,5.684341886080802e-14
cbo.revenue.individual_income_taxes,cbo_2007-03,2010,318.685,318.68499999999995,5.684341886080802e-14
cbo.revenue.individual_income_taxes,cbo_2008-01,2011,282.003,282.00299999999993,5.684341886080802e-14
cbo.revenue.individual_income_taxes,cbo_2008-03,2011,292.24,292.24,0.0
cbo.revenue.individual_income_taxes,cbo_2009-01,2012,199.202,199.20200000000023,2.2737367544323206e-13
cbo.revenue.individual_income_taxes,cbo_2009-03,2012,152.24,152.24,0.0
cbo.revenue.individual_income_taxes,cbo_2010-01,2013,10.888,10.888000000000147,1.474376176702208e-13
cbo.revenue.individual_income_taxes,cbo_2010-03,2013,10.889,10.888999999999896,1.0302869668521453e-13
cbo.revenue.individual_income_taxes,cbo_2011-01,2014,17.213,17.212999999999965,3.552713678800501e-14
cbo.revenue.individual_income_taxes,cbo_2011-03,2014,15.232,15.231999999999971,2.842170943040401e-14
cbo.revenue.individual_income_taxes,cbo_2012-01,2015,-59.636,-59.63599999999997,3.552713678800501e-14
cbo.revenue.individual_income_taxes,cbo_2012-03,2015,-48.124,-48.123999999999796,2.0605739337042905e-13
cbo.revenue.individual_income_taxes,cbo_2013-02,2016,79.096,79.096,0.0
cbo.revenue.individual_income_taxes,cbo_2013-05,2016,96.364,96.36400000000003,2.842170943040401e-14
cbo.revenue.individual_income_taxes,cbo_2014-02,2017,141.069,141.0690000000002,1.9895196601282805e-13
cbo.revenue.individual_income_taxes,cbo_2014-04,2017,141.322,141.32200000000012,1.1368683772161603e-13
cbo.revenue.individual_income_taxes,cbo_2015-01,2018,60.404,60.403999999999996,7.105427357601002e-15
cbo.revenue.individual_income_taxes,cbo_2015-03,2018,71.627,71.62699999999995,4.263256414560601e-14
cbo.revenue.individual_income_taxes,cbo_2016-01,2019,22.428,22.42800000000011,1.1013412404281553e-13
cbo.revenue.individual_income_taxes,cbo_2016-03,2019,33.194,33.19399999999996,4.263256414560601e-14
cbo.revenue.individual_income_taxes,cbo_2017-01,2020,-299.131,-299.13099999999986,1.1368683772161603e-13
cbo.revenue.individual_income_taxes,cbo_2017-06,2020,-322.992,-322.99199999999996,5.684341886080802e-14
cbo.revenue.individual_income_taxes,cbo_2018-04,2021,-514.637,-514.6370000000002,2.2737367544323206e-13
cbo.revenue.individual_income_taxes,cbo_2018-05,2021,-514.38,-514.3800000000001,1.1368683772161603e-13
cbo.revenue.individual_income_taxes,cbo_2019-01,2022,-520.051,-520.0509999999999,1.1368683772161603e-13
cbo.revenue.individual_income_taxes,cbo_2019-05,2022,-525.558,-525.558,0.0
cbo.revenue.individual_income_taxes,cbo_2020-01,2023,86.037,86.03699999999981,1.9895196601282805e-13
cbo.revenue.individual_income_taxes,cbo_2020-03,2023,85.237,85.23700000000008,8.526512829121202e-14
cbo.revenue.individual_income_taxes,cbo_2021-02,2024,-297.851,-297.8510000000001,1.1368683772161603e-13
cbo.revenue.individual_income_taxes,cbo_2021-07,2024,-83.88,-83.88000000000011,1.1368683772161603e-13
cbo.revenue.individual_income_taxes,cbo_2022-05,2025,-188.436,-188.4359999999997,3.126388037344441e-13
cbo.revenue.individual_income_taxes,cbo_1982-02,1986,43.335,43.33499999999998,2.1316282072803006e-14
cbo.revenue.individual_income_taxes,cbo_1983-02,1987,-20.229,-20.229000000000042,4.263256414560601e-14
cbo.revenue.individual_income_taxes,cbo_1984-02,1988,25.99,25.99000000000001,1.0658141036401503e-14
cbo.revenue.individual_income_taxes,cbo_1985-02,1989,-0.206,-0.20599999999996044,3.95516952522712e-14
cbo.revenue.individual_income_taxes,cbo_1986-02,1990,13.605,13.604999999999961,3.907985046680551e-14
cbo.revenue.individual_income_taxes,cbo_1987-01,1991,34.082,34.081999999999994,7.105427357601002e-15
cbo.revenue.individual_income_taxes,cbo_1988-02,1992,47.19,47.19,0.0
cbo.revenue.individual_income_taxes,cbo_1989-01,1993,77.633,77.63299999999998,1.4210854715202004e-14
cbo.revenue.individual_income_taxes,cbo_1990-01,1994,114.251,114.25100000000009,8.526512829121202e-14
cbo.revenue.individual_income_taxes,cbo_1991-01,1995,94.42,94.41999999999996,4.263256414560601e-14
cbo.revenue.individual_income_taxes,cbo_1992-01,1996,7.162,7.161999999999921,7.904787935331115e-14
cbo.revenue.individual_income_taxes,cbo_1992-03,1996,7.162,7.162000000000035,3.4638958368304884e-14
cbo.revenue.individual_income_taxes,cbo_1993-01,1997,-78.547,-78.54700000000003,2.842170943040401e-14
cbo.revenue.individual_income_taxes,cbo_1993-03,1997,-78.547,-78.54700000000003,2.842170943040401e-14
cbo.revenue.individual_income_taxes,cbo_1994-01,1998,-129.034,-129.034,0.0
cbo.revenue.individual_income_taxes,cbo_1995-01,1999,-172.571,-172.57100000000003,2.842170943040401e-14
cbo.revenue.individual_income_taxes,cbo_1996-05,2000,-269.578,-269.578,0.0
cbo.revenue.individual_income_taxes,cbo_1997-01,2001,-251.587,-251.587,0.0
cbo.revenue.individual_income_taxes,cbo_1997-03,2001,-251.587,-251.587,0.0
cbo.revenue.individual_income_taxes,cbo_1998-01,2002,-54.671,-54.670999999999935,6.394884621840902e-14
cbo.revenue.individual_income_taxes,cbo_1998-03,2002,-54.671,-54.670999999999935,6.394884621840902e-14
cbo.revenue.individual_income_taxes,cbo_1999-01,2003,67.4,67.40000000000009,8.526512829121202e-14
cbo.revenue.individual_income_taxes,cbo_2000-01,2004,86.31,86.31000000000017,1.7053025658242404e-13
cbo.revenue.individual_income_taxes,cbo_2001-01,2005,169.382,169.38200000000006,5.684341886080802e-14
cbo.revenue.individual_income_taxes,cbo_2001-05,2005,169.382,169.38200000000006,5.684341886080802e-14
cbo.revenue.individual_income_taxes,cbo_2002-01,2006,45.376,45.375999999999976,2.1316282072803006e-14
cbo.revenue.individual_income_taxes,cbo_2002-03,2006,45.376,45.375999999999976,2.1316282072803006e-14
cbo.revenue.individual_income_taxes,cbo_2003-01,2007,-72.982,-72.98199999999997,2.842170943040401e-14
cbo.revenue.individual_income_taxes,cbo_2003-03,2007,-72.982,-72.98199999999997,2.842170943040401e-14
cbo.revenue.individual_income_taxes,cbo_2004-01,2008,-180.506,-180.50599999999997,2.842170943040401e-14
cbo.revenue.individual_income_taxes,cbo_2004-03,2008,-180.506,-180.50600000000009,8.526512829121202e-14
cbo.revenue.individual_income_taxes,cbo_2005-01,2009,207.022,207.02199999999993,5.684341886080802e-14
cbo.revenue.individual_income_taxes,cbo_2005-03,2009,206.941,206.94100000000003,2.842170943040401e-14
cbo.revenue.individual_income_taxes,cbo_2006-01,2010,302.613,302.61300000000006,5.684341886080802e-14
cbo.revenue.individual_income_taxes,cbo_2006-03,2010,302.613,302.61300000000006,5.684341886080802e-14
cbo.revenue.individual_income_taxes,cbo_2007-01,2011,253.252,253.25199999999995,5.684341886080802e-14
cbo.revenue.individual_income_taxes,cbo_2007-03,2011,253.252,253.25199999999995,5.684341886080802e-14
cbo.revenue.individual_income_taxes,cbo_2008-01,2012,386.191,386.19100000000003,5.684341886080802e-14
cbo.revenue.individual_income_taxes,cbo_2008-03,2012,397.71,397.71000000000026,2.8421709430404007e-13
cbo.revenue.individual_income_taxes,cbo_2009-01,2013,142.901,142.90100000000007,5.684341886080802e-14
cbo.revenue.individual_income_taxes,cbo_2009-03,2013,74.874,74.87400000000002,2.842170943040401e-14
cbo.revenue.individual_income_taxes,cbo_2010-01,2014,69.235,69.2349999999999,9.947598300641403e-14
cbo.revenue.individual_income_taxes,cbo_2010-03,2014,69.234,69.23400000000015,1.5631940186722204e-13
cbo.revenue.individual_income_taxes,cbo_2011-01,2015,2.301,2.3010000000001583,1.580957587066223e-13
cbo.revenue.individual_income_taxes,cbo_2011-03,2015,-4.97,-4.9699999999998,1.9984014443252818e-13
cbo.revenue.individual_income_taxes,cbo_2012-01,2016,43.148,43.14799999999991,9.237055564881302e-14
cbo.revenue.individual_income_taxes,cbo_2012-03,2016,54.807,54.80699999999979,2.1316282072803006e-13
cbo.revenue.individual_income_taxes,cbo_2013-02,2017,199.045,199.04500000000007,8.526512829121202e-14
cbo.revenue.individual_income_taxes,cbo_2013-05,2017,215.225,215.22500000000014,1.4210854715202004e-13
cbo.revenue.individual_income_taxes,cbo_2014-02,2018,82.659,82.6590000000001,9.947598300641403e-14
cbo.revenue.individual_income_taxes,cbo_2014-04,2018,81.728,81.72800000000007,7.105427357601002e-14
cbo.revenue.individual_income_taxes,cbo_2015-01,2019,18.359,18.358999999999924,7.815970093361102e-14
cbo.revenue.individual_income_taxes,cbo_2015-03,2019,28.202,28.201999999999998,3.552713678800501e-15
cbo.revenue.individual_income_taxes,cbo_2016-01,2020,-268.798,-268.7979999999998,2.2737367544323206e-13
cbo.revenue.individual_income_taxes,cbo_2016-03,2020,-258.46,-258.46000000000004,5.684341886080802e-14
cbo.revenue.individual_income_taxes,cbo_2017-01,2021,-528.689,-528.6889999999999,1.1368683772161603e-13
cbo.revenue.individual_income_taxes,cbo_2017-06,2021,-545.105,-545.105,0.0
cbo.revenue.individual_income_taxes,cbo_2018-04,2022,-522.247,-522.2470000000003,3.410605131648481e-13
cbo.revenue.individual_income_taxes,cbo_2018-05,2022,-520.162,-520.1620000000003,2.2737367544323206e-13
cbo.revenue.individual_income_taxes,cbo_2019-01,2023,73.439,73.43899999999985,1.4210854715202004e-13
cbo.revenue.individual_income_taxes,cbo_2019-05,2023,66.367,66.36700000000019,1.8474111129762605e-13
cbo.revenue.individual_income_taxes,cbo_2020-01,2024,-260.605,-260.605,0.0
cbo.revenue.individual_income_taxes,cbo_2020-03,2024,-261.342,-261.3420000000001,1.1368683772161603e-13
cbo.revenue.individual_income_taxes,cbo_2021-02,2025,-496.755,-496.75499999999965,3.410605131648481e-13
cbo.revenue.individual_income_taxes,cbo_2021-07,2025,-342.444,-342.4439999999995,5.115907697472721e-13
cbo.revenue.individual_income_taxes,cbo_1982-02,1987,21.771,21.770999999999958,4.263256414560601e-14
cbo.revenue.individual_income_taxes,cbo_1983-02,1988,-7.81,-7.810000000000002,2.6645352591003757e-15
cbo.revenue.individual_income_taxes,cbo_1984-02,1989,22.123,22.12299999999999,1.0658141036401503e-14
cbo.revenue.individual_income_taxes,cbo_1985-02,1990,27.827,27.82699999999994,6.039613253960852e-14
cbo.revenue.individual_income_taxes,cbo_1986-02,1991,57.649,57.649000000000115,1.1368683772161603e-13
cbo.revenue.individual_income_taxes,cbo_1987-01,1992,63.808,63.807999999999936,6.394884621840902e-14
cbo.revenue.individual_income_taxes,cbo_1988-02,1993,63.534,63.533999999999935,6.394884621840902e-14
cbo.revenue.individual_income_taxes,cbo_1989-01,1994,101.514,101.51400000000001,1.4210854715202004e-14
cbo.revenue.individual_income_taxes,cbo_1990-01,1995,121.751,121.75099999999998,2.842170943040401e-14
cbo.revenue.individual_income_taxes,cbo_1991-01,1996,77.147,77.14699999999993,7.105427357601002e-14
cbo.revenue.individual_income_taxes,cbo_1992-01,1997,-32.51,-32.50999999999999,7.105427357601002e-15
cbo.revenue.individual_income_taxes,cbo_1992-03,1997,-32.51,-32.510000000000105,1.0658141036401503e-13
cbo.revenue.individual_income_taxes,cbo_1993-01,1998,-143.752,-143.75200000000007,5.684341886080802e-14
cbo.revenue.individual_income_taxes,cbo_1993-03,1998,-143.752,-143.75200000000007,5.684341886080802e-14
cbo.revenue.individual_income_taxes,cbo_1994-01,1999,-154.381,-154.38100000000009,8.526512829121202e-14
cbo.revenue.individual_income_taxes,cbo_1995-01,2000,-266.939,-266.93899999999996,5.684341886080802e-14
cbo.revenue.individual_income_taxes,cbo_1996-05,2001,-260.432,-260.432,0.0
cbo.revenue.individual_income_taxes,cbo_1997-01,2002,-112.479,-112.47900000000004,4.263256414560601e-14
cbo.revenue.individual_income_taxes,cbo_1997-03,2002,-112.479,-112.47900000000004,4.263256414560601e-14
cbo.revenue.individual_income_taxes,cbo_1998-01,2003,-2.127,-2.1269999999999527,4.707345624410664e-14
cbo.revenue.individual_income_taxes,cbo_1998-03,2003,-2.127,-2.1269999999999527,4.707345624410664e-14
cbo.revenue.individual_income_taxes,cbo_1999-01,2004,10.109,10.109000000000037,3.730349362740526e-14
cbo.revenue.individual_income_taxes,cbo_2000-01,2005,40.421,40.42100000000005,4.973799150320701e-14
cbo.revenue.individual_income_taxes,cbo_2001-01,2006,117.059,117.05899999999997,2.842170943040401e-14
cbo.revenue.individual_income_taxes,cbo_2001-05,2006,117.059,117.05899999999997,2.842170943040401e-14
cbo.revenue.individual_income_taxes,cbo_2002-01,2007,-15.776,-15.77599999999984,1.5987211554602254e-13
cbo.revenue.individual_income_taxes,cbo_2002-03,2007,-15.776,-15.77599999999984,1.5987211554602254e-13
cbo.revenue.individual_income_taxes,cbo_2003-01,2008,-91.233,-91.23300000000017,1.7053025658242404e-13
cbo.revenue.individual_income_taxes,cbo_2003-03,2008,-91.233,-91.23300000000017,1.7053025658242404e-13
cbo.revenue.individual_income_taxes,cbo_2004-01,2009,169.401,169.40099999999984,1.7053025658242404e-13
cbo.revenue.individual_income_taxes,cbo_2004-03,2009,169.401,169.40100000000007,5.684341886080802e-14
cbo.revenue.individual_income_taxes,cbo_2005-01,2010,289.915,289.91499999999996,5.684341886080802e-14
cbo.revenue.individual_income_taxes,cbo_2005-03,2010,289.894,289.89400000000023,2.2737367544323206e-13
cbo.revenue.individual_income_taxes,cbo_2006-01,2011,230.549,230.54899999999998,2.842170943040401e-14
cbo.revenue.individual_income_taxes,cbo_2006-03,2011,230.549,230.54899999999998,2.842170943040401e-14
cbo.revenue.individual_income_taxes,cbo_2007-01,2012,364.067,364.06700000000023,2.2737367544323206e-13
cbo.revenue.individual_income_taxes,cbo_2007-03,2012,364.067,364.06700000000023,2.2737367544323206e-13
cbo.revenue.individual_income_taxes,cbo_2008-01,2013,284.761,284.7610000000002,1.7053025658242404e-13
cbo.revenue.individual_income_taxes,cbo_2008-03,2013,294.117,294.1170000000002,1.7053025658242404e-13
cbo.revenue.individual_income_taxes,cbo_2009-01,2014,191.834,191.83400000000006,5.684341886080802e-14
cbo.revenue.individual_income_taxes,cbo_2009-03,2014,107.858,107.85799999999995,5.684341886080802e-14
cbo.revenue.individual_income_taxes,cbo_2010-01,2015,41.413,41.41300000000001,1.4210854715202004e-14
cbo.revenue.individual_income_taxes,cbo_2010-03,2015,41.413,41.41300000000001,1.4210854715202004e-14
cbo.revenue.individual_income_taxes,cbo_2011-01,2016,92.53,92.52999999999997,2.842170943040401e-14
cbo.revenue.individual_income_taxes,cbo_2011-03,2016,83.18,83.18000000000006,5.684341886080802e-14
cbo.revenue.individual_income_taxes,cbo_2012-01,2017,154.511,154.51099999999997,2.842170943040401e-14
cbo.revenue.individual_income_taxes,cbo_2012-03,2017,166.786,166.78600000000029,2.8421709430404007e-13
cbo.revenue.individual_income_taxes,cbo_2013-02,2018,160.485,160.4849999999999,1.1368683772161603e-13
cbo.revenue.individual_income_taxes,cbo_2013-05,2018,173.183,173.183,0.0
cbo.revenue.individual_income_taxes,cbo_2014-02,2019,49.476,49.475999999999885,1.1368683772161603e-13
cbo.revenue.individual_income_taxes,cbo_2014-04,2019,48.535,48.53500000000008,8.526512829121202e-14
cbo.revenue.individual_income_taxes,cbo_2015-01,2020,-247.662,-247.66200000000003,2.842170943040401e-14
cbo.revenue.individual_income_taxes,cbo_2015-03,2020,-238.095,-238.09500000000003,2.842170943040401e-14
cbo.revenue.individual_income_taxes,cbo_2016-01,2021,-496.78,-496.77999999999975,2.2737367544323206e-13
cbo.revenue.individual_income_taxes,cbo_2016-03,2021,-488.74,-488.7399999999998,2.2737367544323206e-13
cbo.revenue.individual_income_taxes,cbo_2017-01,2022,-522.271,-522.2710000000002,2.2737367544323206e-13
cbo.revenue.individual_income_taxes,cbo_2017-06,2022,-534.783,-534.7829999999999,1.1368683772161603e-13
cbo.revenue.individual_income_taxes,cbo_2018-04,2023,80.656,80.65599999999995,5.684341886080802e-14
cbo.revenue.individual_income_taxes,cbo_2018-05,2023,83.411,83.41100000000006,5.684341886080802e-14
cbo.revenue.individual_income_taxes,cbo_2019-01,2024,-257.437,-257.4369999999999,1.1368683772161603e-13
cbo.revenue.individual_income_taxes,cbo_2019-05,2024,-265.163,-265.163,0.0
cbo.revenue.individual_income_taxes,cbo_2020-01,2025,-460.432,-460.4319999999998,2.2737367544323206e-13
cbo.revenue.individual_income_taxes,cbo_2020-03,2025,-461.283,-461.2829999999999,1.1368683772161603e-13
cbo.revenue.individual_income_taxes,cbo_1992-01,1998,-87.578,-87.57800000000009,8.526512829121202e-14
cbo.revenue.individual_income_taxes,cbo_1993-01,1999,-211.59,-211.59000000000003,2.842170943040401e-14
cbo.revenue.individual_income_taxes,cbo_1993-03,1999,-211.59,-211.59000000000003,2.842170943040401e-14
cbo.revenue.individual_income_taxes,cbo_1994-01,2000,-250.891,-250.89099999999996,2.842170943040401e-14
cbo.revenue.individual_income_taxes,cbo_1995-01,2001,-255.845,-255.84500000000014,1.4210854715202004e-13
cbo.revenue.individual_income_taxes,cbo_1996-05,2002,-119.417,-119.41699999999992,8.526512829121202e-14
cbo.revenue.individual_income_taxes,cbo_1997-01,2003,-63.375,-63.375,0.0
cbo.revenue.individual_income_taxes,cbo_1997-03,2003,-63.375,-63.375,0.0
cbo.revenue.individual_income_taxes,cbo_1998-01,2004,-54.002,-54.00199999999995,4.973799150320701e-14
cbo.revenue.individual_income_taxes,cbo_1998-03,2004,-54.002,-54.00199999999995,4.973799150320701e-14
cbo.revenue.individual_income_taxes,cbo_1999-01,2005,-36.399,-36.39899999999989,1.1368683772161603e-13
cbo.revenue.individual_income_taxes,cbo_2000-01,2006,-21.647,-21.646999999999935,6.394884621840902e-14
cbo.revenue.individual_income_taxes,cbo_2001-01,2007,49.097,49.09699999999998,2.1316282072803006e-14
cbo.revenue.individual_income_taxes,cbo_2001-05,2007,49.097,49.09699999999998,2.1316282072803006e-14
cbo.revenue.individual_income_taxes,cbo_2002-01,2008,-41.518,-41.51800000000003,2.842170943040401e-14
cbo.revenue.individual_income_taxes,cbo_2002-03,2008,-41.518,-41.51800000000003,2.842170943040401e-14
cbo.revenue.individual_income_taxes,cbo_2003-01,2009,264.341,264.3410000000001,1.1368683772161603e-13
cbo.revenue.individual_income_taxes,cbo_2003-03,2009,264.341,264.3410000000001,1.1368683772161603e-13
cbo.revenue.individual_income_taxes,cbo_2004-01,2010,256.496,256.49599999999987,1.1368683772161603e-13
cbo.revenue.individual_income_taxes,cbo_2004-03,2010,256.496,256.4960000000001,1.1368683772161603e-13
cbo.revenue.individual_income_taxes,cbo_2005-01,2011,219.051,219.05099999999993,5.684341886080802e-14
cbo.revenue.individual_income_taxes,cbo_2005-03,2011,219.082,219.0820000000001,1.1368683772161603e-13
cbo.revenue.individual_income_taxes,cbo_2006-01,2012,337.983,337.9830000000002,1.7053025658242404e-13
cbo.revenue.individual_income_taxes,cbo_2006-03,2012,337.983,337.9830000000002,1.7053025658242404e-13
cbo.revenue.individual_income_taxes,cbo_2007-01,2013,252.308,252.30800000000022,2.2737367544323206e-13
cbo.revenue.individual_income_taxes,cbo_2007-03,2013,252.308,252.30800000000022,2.2737367544323206e-13
cbo.revenue.individual_income_taxes,cbo_2008-01,2014,305.436,305.4359999999999,5.684341886080802e-14
cbo.revenue.individual_income_taxes,cbo_2008-03,2014,310.747,310.74699999999984,1.7053025658242404e-13
cbo.revenue.individual_income_taxes,cbo_2009-01,2015,163.956,163.95600000000013,1.4210854715202004e-13
cbo.revenue.individual_income_taxes,cbo_2009-03,2015,66.244,66.24400000000014,1.4210854715202004e-13
cbo.revenue.individual_income_taxes,cbo_2010-01,2016,109.641,109.64100000000008,7.105427357601002e-14
cbo.revenue.individual_income_taxes,cbo_2010-03,2016,109.641,109.64099999999985,1.5631940186722204e-13
cbo.revenue.individual_income_taxes,cbo_2011-01,2017,188.589,188.58900000000017,1.7053025658242404e-13
cbo.revenue.individual_income_taxes,cbo_2011-03,2017,180.877,180.87700000000018,1.7053025658242404e-13
cbo.revenue.individual_income_taxes,cbo_2012-01,2018,107.514,107.5139999999999,9.947598300641403e-14
cbo.revenue.individual_income_taxes,cbo_2012-03,2018,119.693,119.69299999999976,2.4158453015843406e-13
cbo.revenue.individual_income_taxes,cbo_2013-02,2019,141.201,141.20100000000002,2.842170943040401e-14
cbo.revenue.individual_income_taxes,cbo_2013-05,2019,152.387,152.38700000000017,1.7053025658242404e-13
cbo.revenue.individual_income_taxes,cbo_2014-02,2020,-213.718,-213.71800000000007,8.526512829121202e-14
cbo.revenue.individual_income_taxes,cbo_2014-04,2020,-214.664,-214.66399999999976,2.2737367544323206e-13
cbo.revenue.individual_income_taxes,cbo_2015-01,2021,-460.386,-460.38599999999997,5.684341886080802e-14
cbo.revenue.individual_income_taxes,cbo_2015-03,2021,-450.817,-450.817,0.0
cbo.revenue.individual_income_taxes,cbo_2016-01,2022,-486.072,-486.0720000000001,1.1368683772161603e-13
cbo.revenue.individual_income_taxes,cbo_2016-03,2022,-479.583,-479.5830000000001,5.684341886080802e-14
cbo.revenue.individual_income_taxes,cbo_2017-01,2023,89.874,89.8739999999998,1.9895196601282805e-13
cbo.revenue.individual_income_taxes,cbo_2017-06,2023,87.229,87.22899999999981,1.8474111129762605e-13
cbo.revenue.individual_income_taxes,cbo_2018-04,2024,-241.929,-241.9290000000001,8.526512829121202e-14
cbo.revenue.individual_income_taxes,cbo_2018-05,2024,-239.27,-239.26999999999998,2.842170943040401e-14
cbo.revenue.individual_income_taxes,cbo_2019-01,2025,-441.243,-441.2429999999995,5.115907697472721e-13
cbo.revenue.individual_income_taxes,cbo_2019-05,2025,-449.861,-449.8609999999999,1.1368683772161603e-13
cbo.revenue.individual_income_taxes,cbo_1992-01,1999,-141.039,-141.0390000000001,1.1368683772161603e-13
cbo.revenue.individual_income_taxes,cbo_1993-01,2000,-318.59,-318.59000000000003,5.684341886080802e-14
cbo.revenue.individual_income_taxes,cbo_1993-03,2000,-318.59,-318.59000000000003,5.684341886080802e-14
cbo.revenue.individual_income_taxes,cbo_1994-01,2001,-243.828,-243.8280000000001,8.526512829121202e-14
cbo.revenue.individual_income_taxes,cbo_1995-01,2002,-111.997,-111.99700000000007,7.105427357601002e-14
cbo.revenue.individual_income_taxes,cbo_1996-05,2003,-68.054,-68.05399999999997,2.842170943040401e-14
cbo.revenue.individual_income_taxes,cbo_1997-01,2004,-120.093,-120.09299999999996,4.263256414560601e-14
cbo.revenue.individual_income_taxes,cbo_1997-03,2004,-120.093,-120.09299999999996,4.263256414560601e-14
cbo.revenue.individual_income_taxes,cbo_1998-01,2005,-95.098,-95.09799999999996,4.263256414560601e-14
cbo.revenue.individual_income_taxes,cbo_1998-03,2005,-95.098,-95.09799999999984,1.5631940186722204e-13
cbo.revenue.individual_income_taxes,cbo_1999-01,2006,-100.351,-100.351,0.0
cbo.revenue.individual_income_taxes,cbo_2000-01,2007,-102.117,-102.11699999999996,4.263256414560601e-14
cbo.revenue.individual_income_taxes,cbo_2001-01,2008,16.412,16.412000000000035,3.552713678800501e-14
cbo.revenue.individual_income_taxes,cbo_2001-05,2008,16.412,16.412000000000035,3.552713678800501e-14
cbo.revenue.individual_income_taxes,cbo_2002-01,2009,306.011,306.01099999999997,5.684341886080802e-14
cbo.revenue.individual_income_taxes,cbo_2002-03,2009,306.011,306.01099999999997,5.684341886080802e-14
cbo.revenue.individual_income_taxes,cbo_2003-01,2010,359.813,359.8130000000001,1.1368683772161603e-13
cbo.revenue.individual_income_taxes,cbo_2003-03,2010,359.813,359.8130000000001,1.1368683772161603e-13
cbo.revenue.individual_income_taxes,cbo_2004-01,2011,184.642,184.64200000000005,5.684341886080802e-14
cbo.revenue.individual_income_taxes,cbo_2004-03,2011,184.642,184.64200000000005,5.684341886080802e-14
cbo.revenue.individual_income_taxes,cbo_2005-01,2012,331.548,331.548,0.0
cbo.revenue.individual_income_taxes,cbo_2005-03,2012,331.591,331.5910000000001,1.1368683772161603e-13
cbo.revenue.individual_income_taxes,cbo_2006-01,2013,239.125,239.125,0.0
cbo.revenue.individual_income_taxes,cbo_2006-03,2013,239.125,239.125,0.0
cbo.revenue.individual_income_taxes,cbo_2007-01,2014,272.148,272.1479999999999,1.1368683772161603e-13
cbo.revenue.individual_income_taxes,cbo_2007-03,2014,272.148,272.1479999999999,1.1368683772161603e-13
cbo.revenue.individual_income_taxes,cbo_2008-01,2015,259.632,259.63200000000006,5.684341886080802e-14
cbo.revenue.individual_income_taxes,cbo_2008-03,2015,264.811,264.81100000000015,1.7053025658242404e-13
cbo.revenue.individual_income_taxes,cbo_2009-01,2016,237.856,237.856,0.0
cbo.revenue.individual_income_taxes,cbo_2009-03,2016,126.323,126.32299999999987,1.2789769243681803e-13
cbo.revenue.individual_income_taxes,cbo_2010-01,2017,188.227,188.22700000000032,3.126388037344441e-13
cbo.revenue.individual_income_taxes,cbo_2010-03,2017,188.227,188.22700000000032,3.126388037344441e-13
cbo.revenue.individual_income_taxes,cbo_2011-01,2018,129.925,129.92500000000018,1.7053025658242404e-13
cbo.revenue.individual_income_taxes,cbo_2011-03,2018,121.94,121.94000000000005,5.684341886080802e-14
cbo.revenue.individual_income_taxes,cbo_2012-01,2019,100.304,100.30400000000009,8.526512829121202e-14
cbo.revenue.individual_income_taxes,cbo_2012-03,2019,114.704,114.70399999999972,2.7000623958883807e-13
cbo.revenue.individual_income_taxes,cbo_2013-02,2020,-106.865,-106.86499999999978,2.1316282072803006e-13
cbo.revenue.individual_income_taxes,cbo_2013-05,2020,-96.643,-96.64300000000003,2.842170943040401e-14
cbo.revenue.individual_income_taxes,cbo_2014-02,2021,-423.002,-423.00199999999995,5.684341886080802e-14
cbo.revenue.individual_income_taxes,cbo_2014-04,2021,-424.28,-424.2800000000002,2.2737367544323206e-13
cbo.revenue.individual_income_taxes,cbo_2015-01,2022,-442.558,-442.558,0.0
cbo.revenue.individual_income_taxes,cbo_2015-03,2022,-433.181,-433.1810000000005,5.115907697472721e-13
cbo.revenue.individual_income_taxes,cbo_2016-01,2023,133.079,133.07899999999972,2.8421709430404007e-13
cbo.revenue.individual_income_taxes,cbo_2016-03,2023,138.027,138.0269999999996,3.979039320256561e-13
cbo.revenue.individual_income_taxes,cbo_2017-01,2024,-236.307,-236.30700000000024,2.5579538487363607e-13
cbo.revenue.individual_income_taxes,cbo_2017-06,2024,-237.038,-237.03800000000047,4.547473508864641e-13
cbo.revenue.individual_income_taxes,cbo_2018-04,2025,-414.706,-414.70600000000013,1.1368683772161603e-13
cbo.revenue.individual_income_taxes,cbo_2018-05,2025,-411.695,-411.69500000000016,1.7053025658242404e-13
cbo.revenue.individual_income_taxes,cbo_1992-01,2000,-233.108,-233.10799999999995,5.684341886080802e-14
cbo.revenue.individual_income_taxes,cbo_1993-01,2001,-319.923,-319.9230000000001,1.1368683772161603e-13
cbo.revenue.individual_income_taxes,cbo_1993-03,2001,-319.923,-319.9230000000001,1.1368683772161603e-13
cbo.revenue.individual_income_taxes,cbo_1994-01,2002,-102.889,-102.88900000000001,1.4210854715202004e-14
cbo.revenue.individual_income_taxes,cbo_1995-01,2003,-56.707,-56.706999999999994,7.105427357601002e-15
cbo.revenue.individual_income_taxes,cbo_1996-05,2004,-124.624,-124.62399999999991,8.526512829121202e-14
cbo.revenue.individual_income_taxes,cbo_1997-01,2005,-167.966,-167.9659999999999,1.1368683772161603e-13
cbo.revenue.individual_income_taxes,cbo_1997-03,2005,-167.966,-167.9659999999999,1.1368683772161603e-13
cbo.revenue.individual_income_taxes,cbo_1998-01,2006,-156.144,-156.144,0.0
cbo.revenue.individual_income_taxes,cbo_1998-03,2006,-156.144,-156.144,0.0
cbo.revenue.individual_income_taxes,cbo_1999-01,2007,-181.606,-181.606,0.0
cbo.revenue.individual_income_taxes,cbo_2000-01,2008,-147.493,-147.49300000000017,1.7053025658242404e-13
cbo.revenue.individual_income_taxes,cbo_2001-01,2009,358.104,358.1039999999998,1.7053025658242404e-13
cbo.revenue.individual_income_taxes,cbo_2001-05,2009,358.104,358.10400000000004,5.684341886080802e-14
cbo.revenue.individual_income_taxes,cbo_2002-01,2010,392.133,392.13300000000004,5.684341886080802e-14
cbo.revenue.individual_income_taxes,cbo_2002-03,2010,392.133,392.13300000000004,5.684341886080802e-14
cbo.revenue.individual_income_taxes,cbo_2003-01,2011,306.614,306.61400000000003,5.684341886080802e-14
cbo.revenue.individual_income_taxes,cbo_2003-03,2011,306.614,306.61400000000003,5.684341886080802e-14
cbo.revenue.individual_income_taxes,cbo_2004-01,2012,296.864,296.86400000000003,5.684341886080802e-14
cbo.revenue.individual_income_taxes,cbo_2004-03,2012,296.864,296.86400000000003,5.684341886080802e-14
cbo.revenue.individual_income_taxes,cbo_2005-01,2013,236.476,236.47599999999989,1.1368683772161603e-13
cbo.revenue.individual_income_taxes,cbo_2005-03,2013,236.531,236.53100000000018,1.7053025658242404e-13
cbo.revenue.individual_income_taxes,cbo_2006-01,2014,262.433,262.433,0.0
cbo.revenue.individual_income_taxes,cbo_2006-03,2014,262.433,262.433,0.0
cbo.revenue.individual_income_taxes,cbo_2007-01,2015,226.226,226.2260000000001,1.1368683772161603e-13
cbo.revenue.individual_income_taxes,cbo_2007-03,2015,226.226,226.2260000000001,1.1368683772161603e-13
cbo.revenue.individual_income_taxes,cbo_2008-01,2016,326.027,326.02700000000004,5.684341886080802e-14
cbo.revenue.individual_income_taxes,cbo_2008-03,2016,333.106,333.106,0.0
cbo.revenue.individual_income_taxes,cbo_2009-01,2017,322.582,322.5820000000001,1.1368683772161603e-13
cbo.revenue.individual_income_taxes,cbo_2009-03,2017,198.755,198.75500000000034,3.410605131648481e-13
cbo.revenue.individual_income_taxes,cbo_2010-01,2018,109.62,109.61999999999989,1.1368683772161603e-13
cbo.revenue.individual_income_taxes,cbo_2010-03,2018,109.621,109.6210000000001,9.947598300641403e-14
cbo.revenue.individual_income_taxes,cbo_2011-01,2019,113.933,113.93299999999999,1.4210854715202004e-14
cbo.revenue.individual_income_taxes,cbo_2011-03,2019,103.592,103.5920000000001,9.947598300641403e-14
cbo.revenue.individual_income_taxes,cbo_2012-01,2020,-140.621,-140.62099999999987,1.4210854715202004e-13
cbo.revenue.individual_income_taxes,cbo_2012-03,2020,-124.698,-124.69800000000009,9.947598300641403e-14
cbo.revenue.individual_income_taxes,cbo_2013-02,2021,-302.236,-302.23600000000033,3.410605131648481e-13
cbo.revenue.individual_income_taxes,cbo_2013-05,2021,-292.996,-292.9960000000001,1.1368683772161603e-13
cbo.revenue.individual_income_taxes,cbo_2014-02,2022,-398.994,-398.99400000000014,1.1368683772161603e-13
cbo.revenue.individual_income_taxes,cbo_2014-04,2022,-400.637,-400.63700000000017,1.7053025658242404e-13
cbo.revenue.individual_income_taxes,cbo_2015-01,2023,183.745,183.74499999999944,5.684341886080801e-13
cbo.revenue.individual_income_taxes,cbo_2015-03,2023,193.861,193.86099999999988,1.1368683772161603e-13
cbo.revenue.individual_income_taxes,cbo_2016-01,2024,-185.106,-185.10599999999977,2.2737367544323206e-13
cbo.revenue.individual_income_taxes,cbo_2016-03,2024,-179.877,-179.87699999999995,5.684341886080802e-14
cbo.revenue.individual_income_taxes,cbo_2017-01,2025,-411.262,-411.2619999999997,2.8421709430404007e-13
cbo.revenue.individual_income_taxes,cbo_2017-06,2025,-412.217,-412.21699999999964,3.410605131648481e-13
cbo.revenue.individual_income_taxes,cbo_1992-01,2001,-217.646,-217.64600000000007,8.526512829121202e-14
cbo.revenue.individual_income_taxes,cbo_1993-01,2002,-187.721,-187.721,0.0
cbo.revenue.individual_income_taxes,cbo_1993-03,2002,-187.721,-187.721,0.0
cbo.revenue.individual_income_taxes,cbo_1994-01,2003,-50.895,-50.89499999999998,2.1316282072803006e-14
cbo.revenue.individual_income_taxes,cbo_1995-01,2004,-108.255,-108.255,0.0
cbo.revenue.individual_income_taxes,cbo_1996-05,2005,-168.872,-168.87200000000007,5.684341886080802e-14
cbo.revenue.individual_income_taxes,cbo_1997-01,2006,-237.034,-237.034,0.0
cbo.revenue.individual_income_taxes,cbo_1997-03,2006,-237.034,-237.034,0.0
cbo.revenue.individual_income_taxes,cbo_1998-01,2007,-233.725,-233.7249999999999,8.526512829121202e-14
cbo.revenue.individual_income_taxes,cbo_1998-03,2007,-233.725,-233.7249999999999,8.526512829121202e-14
cbo.revenue.individual_income_taxes,cbo_1999-01,2008,-227.995,-227.99500000000023,2.2737367544323206e-13
cbo.revenue.individual_income_taxes,cbo_2000-01,2009,178.668,178.66800000000012,1.1368683772161603e-13
cbo.revenue.individual_income_taxes,cbo_2001-01,2010,439.104,439.10400000000004,5.684341886080802e-14
cbo.revenue.individual_income_taxes,cbo_2001-05,2010,439.104,439.10400000000004,5.684341886080802e-14
cbo.revenue.individual_income_taxes,cbo_2002-01,2011,332.315,332.31500000000005,5.684341886080802e-14
cbo.revenue.individual_income_taxes,cbo_2002-03,2011,332.315,332.31500000000005,5.684341886080802e-14
cbo.revenue.individual_income_taxes,cbo_2003-01,2012,431.963,431.9630000000002,1.7053025658242404e-13
cbo.revenue.individual_income_taxes,cbo_2003-03,2012,431.963,431.9630000000002,1.7053025658242404e-13
cbo.revenue.individual_income_taxes,cbo_2004-01,2013,199.495,199.49500000000012,1.1368683772161603e-13
cbo.revenue.individual_income_taxes,cbo_2004-03,2013,199.495,199.49500000000012,1.1368683772161603e-13
cbo.revenue.individual_income_taxes,cbo_2005-01,2014,263.59,263.5899999999999,5.684341886080802e-14
cbo.revenue.individual_income_taxes,cbo_2005-03,2014,263.658,263.65800000000013,1.1368683772161603e-13
cbo.revenue.individual_income_taxes,cbo_2006-01,2015,220.144,220.144,0.0
cbo.revenue.individual_income_taxes,cbo_2006-03,2015,220.144,220.144,0.0
cbo.revenue.individual_income_taxes,cbo_2007-01,2016,290.92,290.91999999999985,1.7053025658242404e-13
cbo.revenue.individual_income_taxes,cbo_2007-03,2016,290.92,290.91999999999985,1.7053025658242404e-13
cbo.revenue.individual_income_taxes,cbo_2008-01,2017,413.144,413.14400000000023,2.2737367544323206e-13
cbo.revenue.individual_income_taxes,cbo_2008-03,2017,419.562,419.5620000000001,1.1368683772161603e-13
cbo.revenue.individual_income_taxes,cbo_2009-01,2018,256.271,256.27099999999996,5.684341886080802e-14
cbo.revenue.individual_income_taxes,cbo_2009-03,2018,116.163,116.16300000000001,1.4210854715202004e-14
cbo.revenue.individual_income_taxes,cbo_2010-01,2019,73.926,73.92599999999993,7.105427357601002e-14
cbo.revenue.individual_income_taxes,cbo_2010-03,2019,73.926,73.92599999999993,7.105427357601002e-14
cbo.revenue.individual_income_taxes,cbo_2011-01,2020,-136.771,-136.77099999999973,2.5579538487363607e-13
cbo.revenue.individual_income_taxes,cbo_2011-03,2020,-148.786,-148.78599999999983,1.7053025658242404e-13
cbo.revenue.individual_income_taxes,cbo_2012-01,2021,-331.013,-331.01300000000015,1.7053025658242404e-13
cbo.revenue.individual_income_taxes,cbo_2012-03,2021,-313.821,-313.82100000000014,1.1368683772161603e-13
cbo.revenue.individual_income_taxes,cbo_2013-02,2022,-265.862,-265.8620000000001,5.684341886080802e-14
cbo.revenue.individual_income_taxes,cbo_2013-05,2022,-255.583,-255.58300000000008,8.526512829121202e-14
cbo.revenue.individual_income_taxes,cbo_2014-02,2023,234.018,234.01800000000003,2.842170943040401e-14
cbo.revenue.individual_income_taxes,cbo_2014-04,2023,231.3,231.29999999999973,2.8421709430404007e-13
cbo.revenue.individual_income_taxes,cbo_2015-01,2024,-127.292,-127.29199999999992,8.526512829121202e-14
cbo.revenue.individual_income_taxes,cbo_2015-03,2024,-118.827,-118.82699999999977,2.2737367544323206e-13
cbo.revenue.individual_income_taxes,cbo_2016-01,2025,-353.027,-353.02700000000004,5.684341886080802e-14
cbo.revenue.individual_income_taxes,cbo_2016-03,2025,-345.336,-345.3359999999998,2.2737367544323206e-13
cbo.revenue.individual_income_taxes,cbo_1992-01,2002,-68.26,-68.2600000000001,9.947598300641403e-14
cbo.revenue.individual_income_taxes,cbo_1993-01,2003,-145.572,-145.572,0.0
cbo.revenue.individual_income_taxes,cbo_1993-03,2003,-145.572,-145.572,0.0
cbo.revenue.individual_income_taxes,cbo_1994-01,2004,-106.594,-106.59399999999994,5.684341886080802e-14
cbo.revenue.individual_income_taxes,cbo_1995-01,2005,-148.634,-148.63400000000001,2.842170943040401e-14
cbo.revenue.individual_income_taxes,cbo_1996-05,2006,-232.286,-232.28599999999983,1.7053025658242404e-13
cbo.revenue.individual_income_taxes,cbo_1997-01,2007,-322.475,-322.475,0.0
cbo.revenue.individual_income_taxes,cbo_1997-03,2007,-322.475,-322.475,0.0
cbo.revenue.individual_income_taxes,cbo_1998-01,2008,-278.239,-278.23900000000015,1.7053025658242404e-13
cbo.revenue.individual_income_taxes,cbo_1998-03,2008,-278.239,-278.23900000000015,1.7053025658242404e-13
cbo.revenue.individual_income_taxes,cbo_1999-01,2009,95.264,95.2639999999999,9.947598300641403e-14
cbo.revenue.individual_income_taxes,cbo_2000-01,2010,241.59,241.58999999999992,8.526512829121202e-14
cbo.revenue.individual_income_taxes,cbo_2001-01,2011,370.188,370.1880000000001,1.1368683772161603e-13
cbo.revenue.individual_income_taxes,cbo_2001-05,2011,370.188,370.1880000000001,1.1368683772161603e-13
cbo.revenue.individual_income_taxes,cbo_2002-01,2012,454.561,454.56100000000015,1.7053025658242404e-13
cbo.revenue.individual_income_taxes,cbo_2002-03,2012,454.561,454.56100000000015,1.7053025658242404e-13
cbo.revenue.individual_income_taxes,cbo_2003-01,2013,352.498,352.49800000000005,5.684341886080802e-14
cbo.revenue.individual_income_taxes,cbo_2003-03,2013,352.498,352.4980000000003,2.8421709430404007e-13
cbo.revenue.individual_income_taxes,cbo_2004-01,2014,232.628,232.62799999999993,5.684341886080802e-14
cbo.revenue.individual_income_taxes,cbo_2004-03,2014,225.717,225.71699999999987,1.4210854715202004e-13
cbo.revenue.individual_income_taxes,cbo_2005-01,2015,224.564,224.56400000000008,8.526512829121202e-14
cbo.revenue.individual_income_taxes,cbo_2005-03,2015,224.646,224.64600000000019,1.9895196601282805e-13
cbo.revenue.individual_income_taxes,cbo_2006-01,2016,291.472,291.47199999999975,2.2737367544323206e-13
cbo.revenue.individual_income_taxes,cbo_2006-03,2016,291.472,291.47199999999975,2.2737367544323206e-13
cbo.revenue.individual_income_taxes,cbo_2007-01,2017,375.062,375.06200000000035,3.410605131648481e-13
cbo.revenue.individual_income_taxes,cbo_2007-03,2017,375.062,375.06200000000035,3.410605131648481e-13
cbo.revenue.individual_income_taxes,cbo_2008-01,2018,352.656,352.6560000000002,1.7053025658242404e-13
cbo.revenue.individual_income_taxes,cbo_2008-03,2018,359.497,359.49699999999984,1.7053025658242404e-13
cbo.revenue.individual_income_taxes,cbo_2009-01,2019,231.443,231.4430000000002,1.9895196601282805e-13
cbo.revenue.individual_income_taxes,cbo_2009-03,2019,75.074,75.07399999999984,1.5631940186722204e-13
cbo.revenue.individual_income_taxes,cbo_2010-01,2020,-186.871,-186.8710000000001,8.526512829121202e-14
cbo.revenue.individual_income_taxes,cbo_2010-03,2020,-186.87,-186.8699999999999,1.1368683772161603e-13
cbo.revenue.individual_income_taxes,cbo_2011-01,2021,-334.168,-334.1679999999999,1.1368683772161603e-13
cbo.revenue.individual_income_taxes,cbo_2011-03,2021,-346.126,-346.1260000000002,2.2737367544323206e-13
cbo.revenue.individual_income_taxes,cbo_2012-01,2022,-289.741,-289.74100000000044,4.547473508864641e-13
cbo.revenue.individual_income_taxes,cbo_2012-03,2022,-272.445,-272.44500000000016,1.7053025658242404e-13
cbo.revenue.individual_income_taxes,cbo_2013-02,2023,379.483,379.4829999999997,2.8421709430404007e-13
cbo.revenue.individual_income_taxes,cbo_2013-05,2023,391.416,391.4159999999997,2.8421709430404007e-13
cbo.revenue.individual_income_taxes,cbo_2014-02,2024,-71.294,-71.29399999999987,1.2789769243681803e-13
cbo.revenue.individual_income_taxes,cbo_2014-04,2024,-75.043,-75.04300000000012,1.1368683772161603e-13
cbo.revenue.individual_income_taxes,cbo_2015-01,2025,-289.902,-289.90200000000004,5.684341886080802e-14
cbo.revenue.individual_income_taxes,cbo_2015-03,2025,-281.828,-281.828,0.0
cbo.revenue.payroll_taxes,cbo_1982-02,1982,7.502,7.5020000000000095,9.769962616701378e-15
cbo.revenue.payroll_taxes,cbo_1983-02,1983,3.006,3.0060000000000002,4.440892098500626e-16
cbo.revenue.payroll_taxes,cbo_1984-02,1984,-2.176,-2.1759999999999877,1.2434497875801753e-14
cbo.revenue.payroll_taxes,cbo_1985-02,1985,0.288,0.2880000000000109,1.0935696792557792e-14
cbo.revenue.payroll_taxes,cbo_1986-02,1986,-3.107,-3.1070000000000277,2.7533531010703882e-14
cbo.revenue.payroll_taxes,cbo_1987-01,1987,-2.674,-2.673999999999978,2.1760371282653068e-14
cbo.revenue.payroll_taxes,cbo_1988-02,1988,-3.997,-3.9969999999999573,4.263256414560601e-14
cbo.revenue.payroll_taxes,cbo_1989-01,1989,6.028,6.02800000000002,2.042810365310288e-14
cbo.revenue.payroll_taxes,cbo_1990-01,1990,7.624,7.623999999999967,3.2862601528904634e-14
cbo.revenue.payroll_taxes,cbo_1991-01,1991,8.092,8.092000000000041,4.085620730620576e-14
cbo.revenue.payroll_taxes,cbo_1992-01,1992,1.662,1.6620000000000346,3.4638958368304884e-14
cbo.revenue.payroll_taxes,cbo_1992-03,1992,1.662,1.6620000000000346,3.4638958368304884e-14
cbo.revenue.payroll_taxes,cbo_1993-01,1993,5.82,5.82000000000005,4.973799150320701e-14
cbo.revenue.payroll_taxes,cbo_1993-03,1993,5.82,5.82000000000005,4.973799150320701e-14
cbo.revenue.payroll_taxes,cbo_1994-01,1994,7.01,7.009999999999991,8.881784197001252e-15
cbo.revenue.payroll_taxes,cbo_1995-01,1995,9.362,9.361999999999966,3.375077994860476e-14
cbo.revenue.payroll_taxes,cbo_1996-05,1996,-5.589,-5.588999999999999,1.7763568394002505e-15
cbo.revenue.payroll_taxes,cbo_1997-01,1997,-5.619,-5.619000000000028,2.842170943040401e-14
cbo.revenue.payroll_taxes,cbo_1997-03,1997,-5.619,-5.619000000000028,2.842170943040401e-14
cbo.revenue.payroll_taxes,cbo_1998-01,1998,0.726,0.7259999999999991,8.881784197001252e-16
cbo.revenue.payroll_taxes,cbo_1998-03,1998,0.726,0.7259999999999991,8.881784197001252e-16
cbo.revenue.payroll_taxes,cbo_1999-01,1999,-1.406,-1.405999999999949,5.084821452783217e-14
cbo.revenue.payroll_taxes,cbo_2000-01,2000,0.417,0.41700000000003,3.0031532816110484e-14
cbo.revenue.payroll_taxes,cbo_2001-01,2001,-7.973,-7.972999999999956,4.3520742565306136e-14
cbo.revenue.payroll_taxes,cbo_2001-05,2001,-7.973,-7.972999999999956,4.3520742565306136e-14
cbo.revenue.payroll_taxes,cbo_2002-01,2002,9.302,9.302000000000021,2.1316282072803006e-14
cbo.revenue.payroll_taxes,cbo_2002-03,2002,9.302,9.302000000000021,2.1316282072803006e-14
cbo.revenue.payroll_taxes,cbo_2003-01,2003,12.38,12.379999999999995,5.329070518200751e-15
cbo.revenue.payroll_taxes,cbo_2003-03,2003,12.435,12.43500000000006,5.861977570020827e-14
cbo.revenue.payroll_taxes,cbo_2004-01,2004,13.326,13.325999999999908,9.237055564881302e-14
cbo.revenue.payroll_taxes,cbo_2004-03,2004,13.326,13.325999999999908,9.237055564881302e-14
cbo.revenue.payroll_taxes,cbo_2005-01,2005,-4.293,-4.293000000000006,6.217248937900877e-15
cbo.revenue.payroll_taxes,cbo_2005-03,2005,-4.293,-4.293000000000006,6.217248937900877e-15
cbo.revenue.payroll_taxes,cbo_2006-01,2006,0.191,0.19099999999991724,8.276712648580542e-14
cbo.revenue.payroll_taxes,cbo_2006-03,2006,0.191,0.19099999999991724,8.276712648580542e-14
cbo.revenue.payroll_taxes,cbo_2007-01,2007,5.296,5.296000000000049,4.884981308350689e-14
cbo.revenue.payroll_taxes,cbo_2007-03,2007,5.296,5.296000000000049,4.884981308350689e-14
cbo.revenue.payroll_taxes,cbo_2008-01,2008,9.705,9.705000000000041,4.085620730620576e-14
cbo.revenue.payroll_taxes,cbo_2008-03,2008,11.746,11.746000000000095,9.414691248821327e-14
cbo.revenue.payroll_taxes,cbo_2009-01,2009,23.384,23.384000000000015,1.4210854715202004e-14
cbo.revenue.payroll_taxes,cbo_2009-03,2009,-0.322,-0.32200000000000273,2.7200464103316335e-15
cbo.revenue.payroll_taxes,cbo_2010-01,2010,13.711,13.711000000000126,1.2612133559741778e-13
cbo.revenue.payroll_taxes,cbo_2010-03,2010,13.711,13.711000000000126,1.2612133559741778e-13
cbo.revenue.payroll_taxes,cbo_2011-01,2011,0.086,0.08600000000001273,1.2739809207573671e-14
cbo.revenue.payroll_taxes,cbo_2011-03,2011,-0.368,-0.36800000000005184,5.184741524999481e-14
cbo.revenue.payroll_taxes,cbo_2012-01,2012,-20.8,-20.799999999999955,4.618527782440651e-14
cbo.revenue.payroll_taxes,cbo_2012-03,2012,-20.592,-20.591999999999985,1.4210854715202004e-14
cbo.revenue.payroll_taxes,cbo_2013-02,2013,5.097,5.09699999999998,2.042810365310288e-14
cbo.revenue.payroll_taxes,cbo_2013-05,2013,4.414,4.413999999999987,1.2434497875801753e-14
cbo.revenue.payroll_taxes,cbo_2014-02,2014,9.517,9.516999999999939,6.039613253960852e-14
cbo.revenue.payroll_taxes,cbo_2014-04,2014,9.246,9.245999999999981,1.9539925233402755e-14
cbo.revenue.payroll_taxes,cbo_2015-01,2015,-9.501,-9.501000000000204,2.042810365310288e-13
cbo.revenue.payroll_taxes,cbo_2015-03,2015,-8.822,-8.822000000000116,1.1723955140041653e-13
cbo.revenue.payroll_taxes,cbo_2016-01,2016,-14.548,-14.548000000000002,1.7763568394002505e-15
cbo.revenue.payroll_taxes,cbo_2016-03,2016,-16.126,-16.125999999999976,2.4868995751603507e-14
cbo.revenue.payroll_taxes,cbo_2017-01,2017,-12.309,-12.308999999999969,3.019806626980426e-14
cbo.revenue.payroll_taxes,cbo_2017-06,2017,2.349,2.34900000000016,1.5987211554602254e-13
cbo.revenue.payroll_taxes,cbo_2018-04,2018,6.838,6.837999999999965,3.4638958368304884e-14
cbo.revenue.payroll_taxes,cbo_2018-05,2018,6.838,6.837999999999965,3.4638958368304884e-14
cbo.revenue.payroll_taxes,cbo_2019-01,2019,-9.618,-9.618000000000166,1.652011860642233e-13
cbo.revenue.payroll_taxes,cbo_2019-05,2019,-9.618,-9.618000000000166,1.652011860642233e-13
cbo.revenue.payroll_taxes,cbo_2020-01,2020,-4.866,-4.8659999999999854,1.4210854715202004e-14
cbo.revenue.payroll_taxes,cbo_2020-03,2020,-4.866,-4.8659999999999854,1.4210854715202004e-14
cbo.revenue.payroll_taxes,cbo_2021-02,2021,8.232,8.231999999999971,2.842170943040401e-14
cbo.revenue.payroll_taxes,cbo_2021-07,2021,31.455,31.454999999999927,7.105427357601002e-14
cbo.revenue.payroll_taxes,cbo_2022-05,2022,-18.933,-18.932999999999993,7.105427357601002e-15
cbo.revenue.payroll_taxes,cbo_2023-02,2023,-52.148,-52.14799999999991,9.237055564881302e-14
cbo.revenue.payroll_taxes,cbo_2023-05,2023,-52.148,-52.14799999999991,9.237055564881302e-14
cbo.revenue.payroll_taxes,cbo_2024-02,2024,-45.475,-45.47499999999991,9.237055564881302e-14
cbo.revenue.payroll_taxes,cbo_2024-06,2024,-30.473,-30.472999999999956,4.263256414560601e-14
cbo.revenue.payroll_taxes,cbo_2025-01,2025,10.353,10.353000000000065,6.572520305780927e-14
cbo.revenue.payroll_taxes,cbo_1982-02,1983,20.006,20.006,0.0
cbo.revenue.payroll_taxes,cbo_1983-02,1984,-1.276,-1.2760000000000105,1.0436096431476471e-14
cbo.revenue.payroll_taxes,cbo_1984-02,1985,3.359,3.3590000000000373,3.730349362740526e-14
cbo.revenue.payroll_taxes,cbo_1985-02,1986,0.357,0.3569999999999709,2.90878432451791e-14
cbo.revenue.payroll_taxes,cbo_1986-02,1987,-1.413,-1.412999999999954,4.596323321948148e-14
cbo.revenue.payroll_taxes,cbo_1987-01,1988,-3.65,-3.6499999999999773,2.2648549702353193e-14
cbo.revenue.payroll_taxes,cbo_1988-02,1989,-7.829,-7.829000000000008,7.993605777301127e-15
cbo.revenue.payroll_taxes,cbo_1989-01,1990,12.269,12.269000000000005,5.329070518200751e-15
cbo.revenue.payroll_taxes,cbo_1990-01,1991,18.766,18.76600000000002,2.1316282072803006e-14
cbo.revenue.payroll_taxes,cbo_1991-01,1992,19.545,19.545000000000016,1.4210854715202004e-14
cbo.revenue.payroll_taxes,cbo_1992-01,1993,20.217,20.21700000000004,4.263256414560601e-14
cbo.revenue.payroll_taxes,cbo_1992-03,1993,20.217,20.21700000000004,4.263256414560601e-14
cbo.revenue.payroll_taxes,cbo_1993-01,1994,2.196,2.1959999999999695,3.064215547965432e-14
cbo.revenue.payroll_taxes,cbo_1993-03,1994,2.196,2.1959999999999695,3.064215547965432e-14
cbo.revenue.payroll_taxes,cbo_1994-01,1995,14.646,14.646000000000015,1.4210854715202004e-14
cbo.revenue.payroll_taxes,cbo_1995-01,1996,7.317,7.317000000000007,7.105427357601002e-15
cbo.revenue.payroll_taxes,cbo_1996-05,1997,-9.069,-9.06899999999996,4.085620730620576e-14
cbo.revenue.payroll_taxes,cbo_1997-01,1998,-18.838,-18.83800000000008,7.815970093361102e-14
cbo.revenue.payroll_taxes,cbo_1997-03,1998,-18.838,-18.83800000000008,7.815970093361102e-14
cbo.revenue.payroll_taxes,cbo_1998-01,1999,-11.839,-11.838999999999942,5.861977570020827e-14
cbo.revenue.payroll_taxes,cbo_1998-03,1999,-11.839,-11.838999999999942,5.861977570020827e-14
cbo.revenue.payroll_taxes,cbo_1999-01,2000,-12.972,-12.97199999999998,1.9539925233402755e-14
cbo.revenue.payroll_taxes,cbo_2000-01,2001,-10.906,-10.905999999999949,5.1514348342607263e-14
cbo.revenue.payroll_taxes,cbo_2001-01,2002,23.725,23.725000000000023,2.1316282072803006e-14
cbo.revenue.payroll_taxes,cbo_2001-05,2002,23.725,23.725000000000023,2.1316282072803006e-14
cbo.revenue.payroll_taxes,cbo_2002-01,2003,33.969,33.96900000000005,4.973799150320701e-14
cbo.revenue.payroll_taxes,cbo_2002-03,2003,33.927,33.927000000000135,1.3500311979441904e-13
cbo.revenue.payroll_taxes,cbo_2003-01,2004,32.42,32.41999999999996,4.263256414560601e-14
cbo.revenue.payroll_taxes,cbo_2003-03,2004,32.396,32.39599999999996,4.263256414560601e-14
cbo.revenue.payroll_taxes,cbo_2004-01,2005,-4.67,-4.669999999999959,4.085620730620576e-14
cbo.revenue.payroll_taxes,cbo_2004-03,2005,-4.669,-4.668999999999983,1.687538997430238e-14
cbo.revenue.payroll_taxes,cbo_2005-01,2006,-4.766,-4.765999999999963,3.730349362740526e-14
cbo.revenue.payroll_taxes,cbo_2005-03,2006,-4.766,-4.765999999999963,3.730349362740526e-14
cbo.revenue.payroll_taxes,cbo_2006-01,2007,12.327,12.326999999999998,1.7763568394002505e-15
cbo.revenue.payroll_taxes,cbo_2006-03,2007,12.327,12.326999999999998,1.7763568394002505e-15
cbo.revenue.payroll_taxes,cbo_2007-01,2008,15.438,15.437999999999988,1.2434497875801753e-14
cbo.revenue.payroll_taxes,cbo_2007-03,2008,15.438,15.437999999999988,1.2434497875801753e-14
cbo.revenue.payroll_taxes,cbo_2008-01,2009,57.145,57.14499999999998,2.1316282072803006e-14
cbo.revenue.payroll_taxes,cbo_2008-03,2009,59.962,59.961999999999875,1.2789769243681803e-13
cbo.revenue.payroll_taxes,cbo_2009-01,2010,74.163,74.16300000000001,1.4210854715202004e-14
cbo.revenue.payroll_taxes,cbo_2009-03,2010,62.3,62.299999999999955,4.263256414560601e-14
cbo.revenue.payroll_taxes,cbo_2010-01,2011,28.558,28.557999999999993,7.105427357601002e-15
cbo.revenue.payroll_taxes,cbo_2010-03,2011,28.558,28.557999999999993,7.105427357601002e-15
cbo.revenue.payroll_taxes,cbo_2011-01,2012,8.947,8.947000000000003,3.552713678800501e-15
cbo.revenue.payroll_taxes,cbo_2011-03,2012,7.306,7.30600000000004,3.9968028886505635e-14
cbo.revenue.payroll_taxes,cbo_2012-01,2013,4.559,4.558999999999969,3.108624468950438e-14
cbo.revenue.payroll_taxes,cbo_2012-03,2013,4.654,4.653999999999883,1.1723955140041653e-13
cbo.revenue.payroll_taxes,cbo_2013-02,2014,-1.944,-1.9440000000000737,7.37188088351104e-14
cbo.revenue.payroll_taxes,cbo_2013-05,2014,-3.625,-3.625,0.0
cbo.revenue.payroll_taxes,cbo_2014-02,2015,5.031,5.030999999999949,5.062616992290714e-14
cbo.revenue.payroll_taxes,cbo_2014-04,2015,5.507,5.507000000000062,6.217248937900877e-14
cbo.revenue.payroll_taxes,cbo_2015-01,2016,-20.045,-20.045000000000073,7.105427357601002e-14
cbo.revenue.payroll_taxes,cbo_2015-03,2016,-18.257,-18.257000000000062,6.039613253960852e-14
cbo.revenue.payroll_taxes,cbo_2016-01,2017,-18.822,-18.82199999999989,1.1013412404281553e-13
cbo.revenue.payroll_taxes,cbo_2016-03,2017,-21.871,-21.870999999999867,1.3145040611561853e-13
cbo.revenue.payroll_taxes,cbo_2017-01,2018,19.391,19.391000000000076,7.815970093361102e-14
cbo.revenue.payroll_taxes,cbo_2017-06,2018,23.634,23.634000000000015,1.4210854715202004e-14
cbo.revenue.payroll_taxes,cbo_2018-04,2019,-11.881,-11.881000000000085,8.526512829121202e-14
cbo.revenue.payroll_taxes,cbo_2018-05,2019,-11.881,-11.881000000000085,8.526512829121202e-14
cbo.revenue.payroll_taxes,cbo_2019-01,2020,-26.85,-26.84999999999991,9.237055564881302e-14
cbo.revenue.payroll_taxes,cbo_2019-05,2020,-26.85,-26.84999999999991,9.237055564881302e-14
cbo.revenue.payroll_taxes,cbo_2020-01,2021,37.536,37.53600000000006,5.684341886080802e-14
cbo.revenue.payroll_taxes,cbo_2020-03,2021,37.536,37.53600000000006,5.684341886080802e-14
cbo.revenue.payroll_taxes,cbo_2021-02,2022,-132.245,-132.2449999999999,1.1368683772161603e-13
cbo.revenue.payroll_taxes,cbo_2021-07,2022,-92.323,-92.32300000000009,9.947598300641403e-14
cbo.revenue.payroll_taxes,cbo_2022-05,2023,-42.713,-42.71299999999974,2.6290081223123707e-13
cbo.revenue.payroll_taxes,cbo_2023-02,2024,-76.007,-76.00699999999983,1.7053025658242404e-13
cbo.revenue.payroll_taxes,cbo_2023-05,2024,-76.007,-76.00699999999983,1.7053025658242404e-13
cbo.revenue.payroll_taxes,cbo_2024-02,2025,-13.855,-13.855000000000018,1.7763568394002505e-14
cbo.revenue.payroll_taxes,cbo_2024-06,2025,-11.076,-11.076000000000022,2.1316282072803006e-14
cbo.revenue.payroll_taxes,cbo_1982-02,1984,19.724,19.724000000000018,1.7763568394002505e-14
cbo.revenue.payroll_taxes,cbo_1983-02,1985,-1.241,-1.2409999999999854,1.4654943925052066e-14
cbo.revenue.payroll_taxes,cbo_1984-02,1986,11.693,11.69300000000004,4.085620730620576e-14
cbo.revenue.payroll_taxes,cbo_1985-02,1987,-0.972,-0.97199999999998,1.9984014443252818e-14
cbo.revenue.payroll_taxes,cbo_1986-02,1988,0.7,0.7000000000000455,4.551914400963142e-14
cbo.revenue.payroll_taxes,cbo_1987-01,1989,-4.225,-4.224999999999966,3.375077994860476e-14
cbo.revenue.payroll_taxes,cbo_1988-02,1990,1.024,1.024000000000001,8.881784197001252e-16
cbo.revenue.payroll_taxes,cbo_1989-01,1991,24.969,24.968999999999994,7.105427357601002e-15
cbo.revenue.payroll_taxes,cbo_1990-01,1992,33.598,33.597999999999956,4.263256414560601e-14
cbo.revenue.payroll_taxes,cbo_1991-01,1993,35.408,35.408000000000015,1.4210854715202004e-14
cbo.revenue.payroll_taxes,cbo_1992-01,1994,20.132,20.132000000000005,3.552713678800501e-15
cbo.revenue.payroll_taxes,cbo_1992-03,1994,20.132,20.132000000000005,3.552713678800501e-15
cbo.revenue.payroll_taxes,cbo_1993-01,1995,11.157,11.156999999999982,1.7763568394002505e-14
cbo.revenue.payroll_taxes,cbo_1993-03,1995,11.157,11.156999999999982,1.7763568394002505e-14
cbo.revenue.payroll_taxes,cbo_1994-01,1996,16.113,16.112999999999943,5.684341886080802e-14
cbo.revenue.payroll_taxes,cbo_1995-01,1997,-0.943,-0.9429999999999836,1.63202784619898e-14
cbo.revenue.payroll_taxes,cbo_1996-05,1998,-19.086,-19.086000000000013,1.4210854715202004e-14
cbo.revenue.payroll_taxes,cbo_1997-01,1999,-33.11,-33.110000000000014,1.4210854715202004e-14
cbo.revenue.payroll_taxes,cbo_1997-03,1999,-33.11,-33.110000000000014,1.4210854715202004e-14
cbo.revenue.payroll_taxes,cbo_1998-01,2000,-27.77,-27.769999999999982,1.7763568394002505e-14
cbo.revenue.payroll_taxes,cbo_1998-03,2000,-27.77,-27.769999999999982,1.7763568394002505e-14
cbo.revenue.payroll_taxes,cbo_1999-01,2001,-28.392,-28.39199999999994,6.039613253960852e-14
cbo.revenue.payroll_taxes,cbo_2000-01,2002,12.573,12.572999999999979,2.1316282072803006e-14
cbo.revenue.payroll_taxes,cbo_2001-01,2003,47.306,47.30600000000004,4.263256414560601e-14
cbo.revenue.payroll_taxes,cbo_2001-05,2003,47.306,47.30600000000004,4.263256414560601e-14
cbo.revenue.payroll_taxes,cbo_2002-01,2004,54.991,54.990999999999985,1.4210854715202004e-14
cbo.revenue.payroll_taxes,cbo_2002-03,2004,54.835,54.835000000000036,3.552713678800501e-14
cbo.revenue.payroll_taxes,cbo_2003-01,2005,16.781,16.78099999999995,4.973799150320701e-14
cbo.revenue.payroll_taxes,cbo_2003-03,2005,16.737,16.736999999999966,3.197442310920451e-14
cbo.revenue.payroll_taxes,cbo_2004-01,2006,-7.42,-7.420000000000073,7.283063041541027e-14
cbo.revenue.payroll_taxes,cbo_2004-03,2006,-7.42,-7.419999999999959,4.085620730620576e-14
cbo.revenue.payroll_taxes,cbo_2005-01,2007,6.52,6.5200000000000955,9.592326932761353e-14
cbo.revenue.payroll_taxes,cbo_2005-03,2007,6.52,6.5200000000000955,9.592326932761353e-14
cbo.revenue.payroll_taxes,cbo_2006-01,2008,26.083,26.083000000000084,8.526512829121202e-14
cbo.revenue.payroll_taxes,cbo_2006-03,2008,26.083,26.083000000000084,8.526512829121202e-14
cbo.revenue.payroll_taxes,cbo_2007-01,2009,68.636,68.63599999999997,2.842170943040401e-14
cbo.revenue.payroll_taxes,cbo_2007-03,2009,68.636,68.63599999999997,2.842170943040401e-14
cbo.revenue.payroll_taxes,cbo_2008-01,2010,134.094,134.09400000000005,5.684341886080802e-14
cbo.revenue.payroll_taxes,cbo_2008-03,2010,139.286,139.28600000000006,5.684341886080802e-14
cbo.revenue.payroll_taxes,cbo_2009-01,2011,73.597,73.59699999999998,1.4210854715202004e-14
cbo.revenue.payroll_taxes,cbo_2009-03,2011,67.962,67.96199999999988,1.2789769243681803e-13
cbo.revenue.payroll_taxes,cbo_2010-01,2012,27.773,27.773000000000025,2.4868995751603507e-14
cbo.revenue.payroll_taxes,cbo_2010-03,2012,27.773,27.773000000000025,2.4868995751603507e-14
cbo.revenue.payroll_taxes,cbo_2011-01,2013,55.697,55.69699999999989,1.1368683772161603e-13
cbo.revenue.payroll_taxes,cbo_2011-03,2013,54.209,54.20900000000006,5.684341886080802e-14
cbo.revenue.payroll_taxes,cbo_2012-01,2014,-6.696,-6.695999999999913,8.704148513061227e-14
cbo.revenue.payroll_taxes,cbo_2012-03,2014,-3.916,-3.9160000000000537,5.3734794391857577e-14
cbo.revenue.payroll_taxes,cbo_2013-02,2015,3.539,3.5389999999999873,1.2878587085651816e-14
cbo.revenue.payroll_taxes,cbo_2013-05,2015,0.732,0.7319999999999709,2.90878432451791e-14
cbo.revenue.payroll_taxes,cbo_2014-02,2016,-0.086,-0.0860000000002401,2.4011348465080573e-13
cbo.revenue.payroll_taxes,cbo_2014-04,2016,-0.747,-0.7470000000000709,7.09432512735475e-14
cbo.revenue.payroll_taxes,cbo_2015-01,2017,-25.735,-25.7349999999999,9.947598300641403e-14
cbo.revenue.payroll_taxes,cbo_2015-03,2017,-23.193,-23.192999999999984,1.7763568394002505e-14
cbo.revenue.payroll_taxes,cbo_2016-01,2018,10.977,10.976999999999862,1.3855583347321954e-13
cbo.revenue.payroll_taxes,cbo_2016-03,2018,9.056,9.05600000000004,4.085620730620576e-14
cbo.revenue.payroll_taxes,cbo_2017-01,2019,-13.713,-13.713000000000193,1.936228954946273e-13
cbo.revenue.payroll_taxes,cbo_2017-06,2019,-8.582,-8.58199999999988,1.2079226507921703e-13
cbo.revenue.payroll_taxes,cbo_2018-04,2020,-22.492,-22.491999999999962,3.907985046680551e-14
cbo.revenue.payroll_taxes,cbo_2018-05,2020,-22.492,-22.491999999999962,3.907985046680551e-14
cbo.revenue.payroll_taxes,cbo_2019-01,2021,11.597,11.59699999999998,1.9539925233402755e-14
cbo.revenue.payroll_taxes,cbo_2019-05,2021,11.597,11.59699999999998,1.9539925233402755e-14
cbo.revenue.payroll_taxes,cbo_2020-01,2022,-75.851,-75.85100000000011,1.1368683772161603e-13
cbo.revenue.payroll_taxes,cbo_2020-03,2022,-75.851,-75.85100000000011,1.1368683772161603e-13
cbo.revenue.payroll_taxes,cbo_2021-02,2023,-161.558,-161.558,0.0
cbo.revenue.payroll_taxes,cbo_2021-07,2023,-110.536,-110.53599999999983,1.7053025658242404e-13
cbo.revenue.payroll_taxes,cbo_2022-05,2024,-83.714,-83.71399999999994,5.684341886080802e-14
cbo.revenue.payroll_taxes,cbo_2023-02,2025,-45.474,-45.47399999999993,6.394884621840902e-14
cbo.revenue.payroll_taxes,cbo_2023-05,2025,-45.474,-45.47399999999993,6.394884621840902e-14
cbo.revenue.payroll_taxes,cbo_1982-02,1985,26.759,26.759000000000015,1.4210854715202004e-14
cbo.revenue.payroll_taxes,cbo_1983-02,1986,4.793,4.793000000000006,6.217248937900877e-15
cbo.revenue.payroll_taxes,cbo_1984-02,1987,17.326,17.326000000000022,2.1316282072803006e-14
cbo.revenue.payroll_taxes,cbo_1985-02,1988,2.359,2.3590000000000373,3.730349362740526e-14
cbo.revenue.payroll_taxes,cbo_1986-02,1989,-0.881,-0.8809999999999718,2.8199664825478976e-14
cbo.revenue.payroll_taxes,cbo_1987-01,1990,6.247,6.246999999999957,4.263256414560601e-14
cbo.revenue.payroll_taxes,cbo_1988-02,1991,15.939,15.939000000000021,2.1316282072803006e-14
cbo.revenue.payroll_taxes,cbo_1989-01,1992,38.681,38.68100000000004,4.263256414560601e-14
cbo.revenue.payroll_taxes,cbo_1990-01,1993,44.464,44.464000000000055,5.684341886080802e-14
cbo.revenue.payroll_taxes,cbo_1991-01,1994,36.201,36.20100000000002,2.1316282072803006e-14
cbo.revenue.payroll_taxes,cbo_1992-01,1995,30.847,30.847000000000037,3.552713678800501e-14
cbo.revenue.payroll_taxes,cbo_1992-03,1995,30.847,30.847000000000037,3.552713678800501e-14
cbo.revenue.payroll_taxes,cbo_1993-01,1996,12.702,12.701999999999998,1.7763568394002505e-15
cbo.revenue.payroll_taxes,cbo_1993-03,1996,12.702,12.701999999999998,1.7763568394002505e-15
cbo.revenue.payroll_taxes,cbo_1994-01,1997,11.318,11.317999999999984,1.5987211554602254e-14
cbo.revenue.payroll_taxes,cbo_1995-01,1998,-7.698,-7.697999999999979,2.1316282072803006e-14
cbo.revenue.payroll_taxes,cbo_1996-05,1999,-30.643,-30.642999999999915,8.526512829121202e-14
cbo.revenue.payroll_taxes,cbo_1997-01,2000,-46.637,-46.63700000000006,5.684341886080802e-14
cbo.revenue.payroll_taxes,cbo_1997-03,2000,-46.637,-46.63700000000006,5.684341886080802e-14
cbo.revenue.payroll_taxes,cbo_1998-01,2001,-43.355,-43.35500000000002,2.1316282072803006e-14
cbo.revenue.payroll_taxes,cbo_1998-03,2001,-43.355,-43.35500000000002,2.1316282072803006e-14
cbo.revenue.payroll_taxes,cbo_1999-01,2002,-10.917,-10.916999999999916,8.348877145181177e-14
cbo.revenue.payroll_taxes,cbo_2000-01,2003,27.113,27.113000000000056,5.684341886080802e-14
cbo.revenue.payroll_taxes,cbo_2001-01,2004,61.94,61.93999999999994,5.684341886080802e-14
cbo.revenue.payroll_taxes,cbo_2001-05,2004,61.94,61.93999999999994,5.684341886080802e-14
cbo.revenue.payroll_taxes,cbo_2002-01,2005,37.494,37.49400000000003,2.842170943040401e-14
cbo.revenue.payroll_taxes,cbo_2002-03,2005,37.23,37.23000000000002,2.1316282072803006e-14
cbo.revenue.payroll_taxes,cbo_2003-01,2006,18.767,18.76699999999994,6.039613253960852e-14
cbo.revenue.payroll_taxes,cbo_2003-03,2006,18.707,18.706999999999994,7.105427357601002e-15
cbo.revenue.payroll_taxes,cbo_2004-01,2007,-0.773,-0.7729999999999109,8.915090887740007e-14
cbo.revenue.payroll_taxes,cbo_2004-03,2007,-0.773,-0.7730000000000246,2.453592884421596e-14
cbo.revenue.payroll_taxes,cbo_2005-01,2008,19.444,19.444000000000074,7.460698725481052e-14
cbo.revenue.payroll_taxes,cbo_2005-03,2008,19.444,19.444000000000074,7.460698725481052e-14
cbo.revenue.payroll_taxes,cbo_2006-01,2009,80.688,80.68799999999987,1.2789769243681803e-13
cbo.revenue.payroll_taxes,cbo_2006-03,2009,80.688,80.68799999999987,1.2789769243681803e-13
cbo.revenue.payroll_taxes,cbo_2007-01,2010,141.096,141.096,0.0
cbo.revenue.payroll_taxes,cbo_2007-03,2010,141.096,141.096,0.0
cbo.revenue.payroll_taxes,cbo_2008-01,2011,144.534,144.53399999999988,1.1368683772161603e-13
cbo.revenue.payroll_taxes,cbo_2008-03,2011,151.351,151.35099999999989,1.1368683772161603e-13
cbo.revenue.payroll_taxes,cbo_2009-01,2012,67.173,67.173,0.0
cbo.revenue.payroll_taxes,cbo_2009-03,2012,57.202,57.202,0.0
cbo.revenue.payroll_taxes,cbo_2010-01,2013,91.905,91.90499999999986,1.4210854715202004e-13
cbo.revenue.payroll_taxes,cbo_2010-03,2013,91.905,91.90500000000009,8.526512829121202e-14
cbo.revenue.payroll_taxes,cbo_2011-01,2014,67.999,67.99900000000014,1.4210854715202004e-13
cbo.revenue.payroll_taxes,cbo_2011-03,2014,66.532,66.53200000000004,4.263256414560601e-14
cbo.revenue.payroll_taxes,cbo_2012-01,2015,12.137,12.136999999999944,5.684341886080802e-14
cbo.revenue.payroll_taxes,cbo_2012-03,2015,14.794,14.793999999999869,1.3145040611561853e-13
cbo.revenue.payroll_taxes,cbo_2013-02,2016,14.724,14.723999999999933,6.750155989720952e-14
cbo.revenue.payroll_taxes,cbo_2013-05,2016,11.858,11.857999999999947,5.3290705182007514e-14
cbo.revenue.payroll_taxes,cbo_2014-02,2017,2.688,2.688000000000102,1.0169642905566434e-13
cbo.revenue.payroll_taxes,cbo_2014-04,2017,0.471,0.471000000000231,2.310374114244951e-13
cbo.revenue.payroll_taxes,cbo_2015-01,2018,7.749,7.749000000000024,2.398081733190338e-14
cbo.revenue.payroll_taxes,cbo_2015-03,2018,10.238,10.237999999999829,1.7053025658242404e-13
cbo.revenue.payroll_taxes,cbo_2016-01,2019,-21.064,-21.06399999999985,1.4921397450962104e-13
cbo.revenue.payroll_taxes,cbo_2016-03,2019,-20.602,-20.60200000000009,8.881784197001252e-14
cbo.revenue.payroll_taxes,cbo_2017-01,2020,-41.704,-41.70399999999995,4.973799150320701e-14
cbo.revenue.payroll_taxes,cbo_2017-06,2020,-36.679,-36.67899999999986,1.4210854715202004e-13
cbo.revenue.payroll_taxes,cbo_2018-04,2021,19.083,19.083000000000084,8.526512829121202e-14
cbo.revenue.payroll_taxes,cbo_2018-05,2021,19.083,19.083000000000084,8.526512829121202e-14
cbo.revenue.payroll_taxes,cbo_2019-01,2022,-102.641,-102.64100000000008,7.105427357601002e-14
cbo.revenue.payroll_taxes,cbo_2019-05,2022,-103.578,-103.5780000000002,1.9895196601282805e-13
cbo.revenue.payroll_taxes,cbo_2020-01,2023,-150.641,-150.64100000000008,8.526512829121202e-14
cbo.revenue.payroll_taxes,cbo_2020-03,2023,-150.641,-150.64100000000008,8.526512829121202e-14
cbo.revenue.payroll_taxes,cbo_2021-02,2024,-201.328,-201.32799999999997,2.842170943040401e-14
cbo.revenue.payroll_taxes,cbo_2021-07,2024,-159.241,-159.24099999999999,2.842170943040401e-14
cbo.revenue.payroll_taxes,cbo_2022-05,2025,-78.329,-78.32900000000018,1.8474111129762605e-13
cbo.revenue.payroll_taxes,cbo_1982-02,1986,37.793,37.793000000000006,7.105427357601002e-15
cbo.revenue.payroll_taxes,cbo_1983-02,1987,7.626,7.626000000000033,3.2862601528904634e-14
cbo.revenue.payroll_taxes,cbo_1984-02,1988,23.369,23.36899999999997,2.842170943040401e-14
cbo.revenue.payroll_taxes,cbo_1985-02,1989,1.769,1.7690000000000055,5.551115123125783e-15
cbo.revenue.payroll_taxes,cbo_1986-02,1990,9.234,9.23399999999998,1.9539925233402755e-14
cbo.revenue.payroll_taxes,cbo_1987-01,1991,21.029,21.028999999999996,3.552713678800501e-15
cbo.revenue.payroll_taxes,cbo_1988-02,1992,30.416,30.415999999999997,3.552713678800501e-15
cbo.revenue.payroll_taxes,cbo_1989-01,1993,48.999,48.999000000000024,2.1316282072803006e-14
cbo.revenue.payroll_taxes,cbo_1990-01,1994,45.15,45.14999999999998,2.1316282072803006e-14
cbo.revenue.payroll_taxes,cbo_1991-01,1995,49.622,49.622000000000014,1.4210854715202004e-14
cbo.revenue.payroll_taxes,cbo_1992-01,1996,37.415,37.414999999999964,3.552713678800501e-14
cbo.revenue.payroll_taxes,cbo_1992-03,1996,37.415,37.414999999999964,3.552713678800501e-14
cbo.revenue.payroll_taxes,cbo_1993-01,1997,6.579,6.579000000000065,6.483702463810914e-14
cbo.revenue.payroll_taxes,cbo_1993-03,1997,6.579,6.579000000000065,6.483702463810914e-14
cbo.revenue.payroll_taxes,cbo_1994-01,1998,6.001,6.000999999999976,2.398081733190338e-14
cbo.revenue.payroll_taxes,cbo_1995-01,1999,-20.821,-20.820999999999913,8.881784197001252e-14
cbo.revenue.payroll_taxes,cbo_1996-05,2000,-42.291,-42.29099999999994,5.684341886080802e-14
cbo.revenue.payroll_taxes,cbo_1997-01,2001,-62.044,-62.04399999999998,1.4210854715202004e-14
cbo.revenue.payroll_taxes,cbo_1997-03,2001,-62.044,-62.04399999999998,1.4210854715202004e-14
cbo.revenue.payroll_taxes,cbo_1998-01,2002,-22.647,-22.646999999999935,6.394884621840902e-14
cbo.revenue.payroll_taxes,cbo_1998-03,2002,-22.647,-22.646999999999935,6.394884621840902e-14
cbo.revenue.payroll_taxes,cbo_1999-01,2003,1.99,1.9900000000001228,1.2279066652354231e-13
cbo.revenue.payroll_taxes,cbo_2000-01,2004,35.069,35.06899999999996,4.263256414560601e-14
cbo.revenue.payroll_taxes,cbo_2001-01,2005,44.585,44.585000000000036,3.552713678800501e-14
cbo.revenue.payroll_taxes,cbo_2001-05,2005,44.585,44.585000000000036,3.552713678800501e-14
cbo.revenue.payroll_taxes,cbo_2002-01,2006,32.506,32.50599999999997,2.842170943040401e-14
cbo.revenue.payroll_taxes,cbo_2002-03,2006,32.304,32.303999999999974,2.842170943040401e-14
cbo.revenue.payroll_taxes,cbo_2003-01,2007,31.833,31.833000000000084,8.526512829121202e-14
cbo.revenue.payroll_taxes,cbo_2003-03,2007,31.763,31.763000000000034,3.197442310920451e-14
cbo.revenue.payroll_taxes,cbo_2004-01,2008,7.14,7.1400000000001,1.0036416142611415e-13
cbo.revenue.payroll_taxes,cbo_2004-03,2008,7.14,7.1400000000001,1.0036416142611415e-13
cbo.revenue.payroll_taxes,cbo_2005-01,2009,73.044,73.04399999999998,1.4210854715202004e-14
cbo.revenue.payroll_taxes,cbo_2005-03,2009,73.044,73.04399999999998,1.4210854715202004e-14
cbo.revenue.payroll_taxes,cbo_2006-01,2010,153.682,153.68200000000002,2.842170943040401e-14
cbo.revenue.payroll_taxes,cbo_2006-03,2010,153.682,153.68200000000002,2.842170943040401e-14
cbo.revenue.payroll_taxes,cbo_2007-01,2011,147.232,147.23199999999986,1.4210854715202004e-13
cbo.revenue.payroll_taxes,cbo_2007-03,2011,147.232,147.23199999999986,1.4210854715202004e-13
cbo.revenue.payroll_taxes,cbo_2008-01,2012,136.062,136.062,0.0
cbo.revenue.payroll_taxes,cbo_2008-03,2012,141.592,141.59199999999998,2.842170943040401e-14
cbo.revenue.payroll_taxes,cbo_2009-01,2013,123.043,123.043,0.0
cbo.revenue.payroll_taxes,cbo_2009-03,2013,110.164,110.1640000000001,9.947598300641403e-14
cbo.revenue.payroll_taxes,cbo_2010-01,2014,104.778,104.7779999999999,9.947598300641403e-14
cbo.revenue.payroll_taxes,cbo_2010-03,2014,104.778,104.77800000000013,1.2789769243681803e-13
cbo.revenue.payroll_taxes,cbo_2011-01,2015,83.551,83.55099999999993,7.105427357601002e-14
cbo.revenue.payroll_taxes,cbo_2011-03,2015,82.307,82.30700000000002,1.4210854715202004e-14
cbo.revenue.payroll_taxes,cbo_2012-01,2016,27.869,27.869000000000142,1.4210854715202004e-13
cbo.revenue.payroll_taxes,cbo_2012-03,2016,30.282,30.281999999999925,7.460698725481052e-14
cbo.revenue.payroll_taxes,cbo_2013-02,2017,33.963,33.96300000000019,1.9184653865522705e-13
cbo.revenue.payroll_taxes,cbo_2013-05,2017,31.132,31.132000000000062,6.039613253960852e-14
cbo.revenue.payroll_taxes,cbo_2014-02,2018,44.143,44.14300000000003,2.842170943040401e-14
cbo.revenue.payroll_taxes,cbo_2014-04,2018,44.091,44.09100000000012,1.2079226507921703e-13
cbo.revenue.payroll_taxes,cbo_2015-01,2019,-16.753,-16.753000000000156,1.5631940186722204e-13
cbo.revenue.payroll_taxes,cbo_2015-03,2019,-14.043,-14.042999999999893,1.0658141036401503e-13
cbo.revenue.payroll_taxes,cbo_2016-01,2020,-42.719,-42.718999999999824,1.7763568394002505e-13
cbo.revenue.payroll_taxes,cbo_2016-03,2020,-40.624,-40.624000000000024,2.1316282072803006e-14
cbo.revenue.payroll_taxes,cbo_2017-01,2021,-5.32,-5.320000000000164,1.6342482922482304e-13
cbo.revenue.payroll_taxes,cbo_2017-06,2021,-1.612,-1.61200000000008,7.993605777301127e-14
cbo.revenue.payroll_taxes,cbo_2018-04,2022,-90.634,-90.63400000000001,1.4210854715202004e-14
cbo.revenue.payroll_taxes,cbo_2018-05,2022,-90.634,-90.63400000000001,1.4210854715202004e-14
cbo.revenue.payroll_taxes,cbo_2019-01,2023,-172.444,-172.44399999999973,2.5579538487363607e-13
cbo.revenue.payroll_taxes,cbo_2019-05,2023,-173.881,-173.88099999999986,1.4210854715202004e-13
cbo.revenue.payroll_taxes,cbo_2020-01,2024,-185.27,-185.26999999999998,2.842170943040401e-14
cbo.revenue.payroll_taxes,cbo_2020-03,2024,-185.27,-185.26999999999998,2.842170943040401e-14
cbo.revenue.payroll_taxes,cbo_2021-02,2025,-188.399,-188.39900000000011,1.1368683772161603e-13
cbo.revenue.payroll_taxes,cbo_2021-07,2025,-158.992,-158.99199999999996,2.842170943040401e-14
cbo.revenue.payroll_taxes,cbo_1982-02,1987,46.626,46.62600000000003,3.552713678800501e-14
cbo.revenue.payroll_taxes,cbo_1983-02,1988,14.069,14.069000000000017,1.5987211554602254e-14
cbo.revenue.payroll_taxes,cbo_1984-02,1989,26.173,26.173000000000002,3.552713678800501e-15
cbo.revenue.payroll_taxes,cbo_1985-02,1990,13.018,13.017999999999972,2.842170943040401e-14
cbo.revenue.payroll_taxes,cbo_1986-02,1991,24.846,24.846000000000004,3.552713678800501e-15
cbo.revenue.payroll_taxes,cbo_1987-01,1992,35.243,35.242999999999995,7.105427357601002e-15
cbo.revenue.payroll_taxes,cbo_1988-02,1993,45.388,45.388000000000034,3.552713678800501e-14
cbo.revenue.payroll_taxes,cbo_1989-01,1994,49.238,49.238,0.0
cbo.revenue.payroll_taxes,cbo_1990-01,1995,58.04,58.03999999999991,9.237055564881302e-14
cbo.revenue.payroll_taxes,cbo_1991-01,1996,58.291,58.291000000000054,5.684341886080802e-14
cbo.revenue.payroll_taxes,cbo_1992-01,1997,39.644,39.644000000000005,7.105427357601002e-15
cbo.revenue.payroll_taxes,cbo_1992-03,1997,39.644,39.644000000000005,7.105427357601002e-15
cbo.revenue.payroll_taxes,cbo_1993-01,1998,-3.123,-3.1230000000000473,4.707345624410664e-14
cbo.revenue.payroll_taxes,cbo_1993-03,1998,-3.123,-3.1230000000000473,4.707345624410664e-14
cbo.revenue.payroll_taxes,cbo_1994-01,1999,-6.714,-6.713999999999942,5.861977570020827e-14
cbo.revenue.payroll_taxes,cbo_1995-01,2000,-32.634,-32.6339999999999,9.947598300641403e-14
cbo.revenue.payroll_taxes,cbo_1996-05,2001,-56.266,-56.26599999999996,3.552713678800501e-14
cbo.revenue.payroll_taxes,cbo_1997-01,2002,-40.928,-40.928,0.0
cbo.revenue.payroll_taxes,cbo_1997-03,2002,-40.928,-40.928,0.0
cbo.revenue.payroll_taxes,cbo_1998-01,2003,-5.105,-5.105000000000018,1.7763568394002505e-14
cbo.revenue.payroll_taxes,cbo_1998-03,2003,-5.105,-5.105000000000018,1.7763568394002505e-14
cbo.revenue.payroll_taxes,cbo_1999-01,2004,11.149,11.149000000000001,1.7763568394002505e-15
cbo.revenue.payroll_taxes,cbo_2000-01,2005,12.466,12.466000000000008,8.881784197001252e-15
cbo.revenue.payroll_taxes,cbo_2001-01,2006,41.375,41.375,0.0
cbo.revenue.payroll_taxes,cbo_2001-05,2006,41.375,41.375,0.0
cbo.revenue.payroll_taxes,cbo_2002-01,2007,40.261,40.26100000000008,7.815970093361102e-14
cbo.revenue.payroll_taxes,cbo_2002-03,2007,40.275,40.27500000000009,9.237055564881302e-14
cbo.revenue.payroll_taxes,cbo_2003-01,2008,45.541,45.541000000000054,5.684341886080802e-14
cbo.revenue.payroll_taxes,cbo_2003-03,2008,45.469,45.46900000000005,4.973799150320701e-14
cbo.revenue.payroll_taxes,cbo_2004-01,2009,56.701,56.70100000000002,2.1316282072803006e-14
cbo.revenue.payroll_taxes,cbo_2004-03,2009,56.701,56.70100000000002,2.1316282072803006e-14
cbo.revenue.payroll_taxes,cbo_2005-01,2010,145.337,145.3370000000001,1.1368683772161603e-13
cbo.revenue.payroll_taxes,cbo_2005-03,2010,145.337,145.3370000000001,1.1368683772161603e-13
cbo.revenue.payroll_taxes,cbo_2006-01,2011,159.191,159.19099999999992,8.526512829121202e-14
cbo.revenue.payroll_taxes,cbo_2006-03,2011,159.191,159.19099999999992,8.526512829121202e-14
cbo.revenue.payroll_taxes,cbo_2007-01,2012,135.438,135.4380000000001,1.1368683772161603e-13
cbo.revenue.payroll_taxes,cbo_2007-03,2012,135.438,135.4380000000001,1.1368683772161603e-13
cbo.revenue.payroll_taxes,cbo_2008-01,2013,185.275,185.27499999999998,2.842170943040401e-14
cbo.revenue.payroll_taxes,cbo_2008-03,2013,189.44,189.43999999999994,5.684341886080802e-14
cbo.revenue.payroll_taxes,cbo_2009-01,2014,130.786,130.78599999999994,5.684341886080802e-14
cbo.revenue.payroll_taxes,cbo_2009-03,2014,107.521,107.52100000000007,7.105427357601002e-14
cbo.revenue.payroll_taxes,cbo_2010-01,2015,116.285,116.28499999999985,1.4210854715202004e-13
cbo.revenue.payroll_taxes,cbo_2010-03,2015,116.284,116.2840000000001,9.947598300641403e-14
cbo.revenue.payroll_taxes,cbo_2011-01,2016,89.906,89.90599999999995,5.684341886080802e-14
cbo.revenue.payroll_taxes,cbo_2011-03,2016,87.817,87.81700000000001,1.4210854715202004e-14
cbo.revenue.payroll_taxes,cbo_2012-01,2017,45.13,45.13000000000011,1.0658141036401503e-13
cbo.revenue.payroll_taxes,cbo_2012-03,2017,51.796,51.79600000000005,4.973799150320701e-14
cbo.revenue.payroll_taxes,cbo_2013-02,2018,86.052,86.05199999999991,9.947598300641403e-14
cbo.revenue.payroll_taxes,cbo_2013-05,2018,82.085,82.08499999999981,1.8474111129762605e-13
cbo.revenue.payroll_taxes,cbo_2014-02,2019,22.475,22.47499999999991,9.237055564881302e-14
cbo.revenue.payroll_taxes,cbo_2014-04,2019,23.115,23.11500000000001,1.0658141036401503e-14
cbo.revenue.payroll_taxes,cbo_2015-01,2020,-26.075,-26.074999999999818,1.8118839761882555e-13
cbo.revenue.payroll_taxes,cbo_2015-03,2020,-23.581,-23.580999999999904,9.592326932761353e-14
cbo.revenue.payroll_taxes,cbo_2016-01,2021,-3.008,-3.008000000000038,3.8191672047105385e-14
cbo.revenue.payroll_taxes,cbo_2016-03,2021,-0.965,-0.9649999999999181,8.182343691487404e-14
cbo.revenue.payroll_taxes,cbo_2017-01,2022,-119.009,-119.00900000000001,1.4210854715202004e-14
cbo.revenue.payroll_taxes,cbo_2017-06,2022,-115.466,-115.46600000000012,1.2789769243681803e-13
cbo.revenue.payroll_taxes,cbo_2018-04,2023,-160.43,-160.43000000000006,5.684341886080802e-14
cbo.revenue.payroll_taxes,cbo_2018-05,2023,-160.43,-160.43000000000006,5.684341886080802e-14
cbo.revenue.payroll_taxes,cbo_2019-01,2024,-205.843,-205.84300000000007,8.526512829121202e-14
cbo.revenue.payroll_taxes,cbo_2019-05,2024,-207.379,-207.37900000000013,1.4210854715202004e-13
cbo.revenue.payroll_taxes,cbo_2020-01,2025,-163.322,-163.32200000000012,1.1368683772161603e-13
cbo.revenue.payroll_taxes,cbo_2020-03,2025,-163.322,-163.32200000000012,1.1368683772161603e-13
cbo.revenue.payroll_taxes,cbo_1992-01,1998,38.879,38.87900000000002,2.1316282072803006e-14
cbo.revenue.payroll_taxes,cbo_1993-01,1999,-29.165,-29.164999999999964,3.552713678800501e-14
cbo.revenue.payroll_taxes,cbo_1993-03,1999,-29.165,-29.164999999999964,3.552713678800501e-14
cbo.revenue.payroll_taxes,cbo_1994-01,2000,-19.862,-19.861999999999966,3.197442310920451e-14
cbo.revenue.payroll_taxes,cbo_1995-01,2001,-41.962,-41.96199999999999,1.4210854715202004e-14
cbo.revenue.payroll_taxes,cbo_1996-05,2002,-34.035,-34.03499999999997,2.842170943040401e-14
cbo.revenue.payroll_taxes,cbo_1997-01,2003,-27.177,-27.17700000000002,2.1316282072803006e-14
cbo.revenue.payroll_taxes,cbo_1997-03,2003,-27.177,-27.17700000000002,2.1316282072803006e-14
cbo.revenue.payroll_taxes,cbo_1998-01,2004,7.504,7.503999999999905,9.414691248821327e-14
cbo.revenue.payroll_taxes,cbo_1998-03,2004,7.504,7.503999999999905,9.414691248821327e-14
cbo.revenue.payroll_taxes,cbo_1999-01,2005,-12.713,-12.71300000000008,7.993605777301127e-14
cbo.revenue.payroll_taxes,cbo_2000-01,2006,4.227,4.226999999999975,2.4868995751603507e-14
cbo.revenue.payroll_taxes,cbo_2001-01,2007,52.012,52.01200000000006,5.684341886080802e-14
cbo.revenue.payroll_taxes,cbo_2001-05,2007,52.012,52.01200000000006,5.684341886080802e-14
cbo.revenue.payroll_taxes,cbo_2002-01,2008,51.54,51.539999999999964,3.552713678800501e-14
cbo.revenue.payroll_taxes,cbo_2002-03,2008,51.746,51.74599999999998,2.1316282072803006e-14
cbo.revenue.payroll_taxes,cbo_2003-01,2009,99.962,99.96199999999999,1.4210854715202004e-14
cbo.revenue.payroll_taxes,cbo_2003-03,2009,99.891,99.89099999999996,4.263256414560601e-14
cbo.revenue.payroll_taxes,cbo_2004-01,2010,125.018,125.01800000000003,2.842170943040401e-14
cbo.revenue.payroll_taxes,cbo_2004-03,2010,125.018,125.01800000000003,2.842170943040401e-14
cbo.revenue.payroll_taxes,cbo_2005-01,2011,149.634,149.63400000000001,2.842170943040401e-14
cbo.revenue.payroll_taxes,cbo_2005-03,2011,149.634,149.63400000000001,2.842170943040401e-14
cbo.revenue.payroll_taxes,cbo_2006-01,2012,146.711,146.71100000000013,1.1368683772161603e-13
cbo.revenue.payroll_taxes,cbo_2006-03,2012,146.712,146.7120000000001,1.1368683772161603e-13
cbo.revenue.payroll_taxes,cbo_2007-01,2013,185.191,185.19100000000014,1.4210854715202004e-13
cbo.revenue.payroll_taxes,cbo_2007-03,2013,185.191,185.19100000000014,1.4210854715202004e-13
cbo.revenue.payroll_taxes,cbo_2008-01,2014,189.288,189.2879999999999,1.1368683772161603e-13
cbo.revenue.payroll_taxes,cbo_2008-03,2014,191.762,191.76200000000006,5.684341886080802e-14
cbo.revenue.payroll_taxes,cbo_2009-01,2015,142.69,142.68999999999983,1.7053025658242404e-13
cbo.revenue.payroll_taxes,cbo_2009-03,2015,105.526,105.52600000000007,7.105427357601002e-14
cbo.revenue.payroll_taxes,cbo_2010-01,2016,117.387,117.38699999999994,5.684341886080802e-14
cbo.revenue.payroll_taxes,cbo_2010-03,2016,117.387,117.38699999999994,5.684341886080802e-14
cbo.revenue.payroll_taxes,cbo_2011-01,2017,95.687,95.68700000000013,1.2789769243681803e-13
cbo.revenue.payroll_taxes,cbo_2011-03,2017,93.68,93.68000000000006,5.684341886080802e-14
cbo.revenue.payroll_taxes,cbo_2012-01,2018,96.837,96.83699999999999,1.4210854715202004e-14
cbo.revenue.payroll_taxes,cbo_2012-03,2018,105.984,105.98400000000015,1.5631940186722204e-13
cbo.revenue.payroll_taxes,cbo_2013-02,2019,71.367,71.36699999999996,4.263256414560601e-14
cbo.revenue.payroll_taxes,cbo_2013-05,2019,66.383,66.38300000000004,4.263256414560601e-14
cbo.revenue.payroll_taxes,cbo_2014-02,2020,9.826,9.826000000000022,2.1316282072803006e-14
cbo.revenue.payroll_taxes,cbo_2014-04,2020,10.832,10.832000000000107,1.0658141036401503e-13
cbo.revenue.payroll_taxes,cbo_2015-01,2021,20.754,20.753999999999905,9.592326932761353e-14
cbo.revenue.payroll_taxes,cbo_2015-03,2021,23.352,23.35200000000009,8.881784197001252e-14
cbo.revenue.payroll_taxes,cbo_2016-01,2022,-117.963,-117.96300000000019,1.9895196601282805e-13
cbo.revenue.payroll_taxes,cbo_2016-03,2022,-116.292,-116.29200000000014,1.4210854715202004e-13
cbo.revenue.payroll_taxes,cbo_2017-01,2023,-193.966,-193.9659999999999,1.1368683772161603e-13
cbo.revenue.payroll_taxes,cbo_2017-06,2023,-189.791,-189.79099999999994,5.684341886080802e-14
cbo.revenue.payroll_taxes,cbo_2018-04,2024,-193.064,-193.06400000000008,8.526512829121202e-14
cbo.revenue.payroll_taxes,cbo_2018-05,2024,-193.064,-193.06400000000008,8.526512829121202e-14
cbo.revenue.payroll_taxes,cbo_2019-01,2025,-182.885,-182.885,0.0
cbo.revenue.payroll_taxes,cbo_2019-05,2025,-184.461,-184.461,0.0
cbo.revenue.payroll_taxes,cbo_1992-01,1999,22.613,22.613000000000056,5.684341886080802e-14
cbo.revenue.payroll_taxes,cbo_1993-01,2000,-45.582,-45.581999999999994,7.105427357601002e-15
cbo.revenue.payroll_taxes,cbo_1993-03,2000,-45.582,-45.581999999999994,7.105427357601002e-15
cbo.revenue.payroll_taxes,cbo_1994-01,2001,-32.476,-32.476,0.0
cbo.revenue.payroll_taxes,cbo_1995-01,2002,-17.291,-17.291000000000054,5.3290705182007514e-14
cbo.revenue.payroll_taxes,cbo_1996-05,2003,-18.586,-18.5859999999999,9.947598300641403e-14
cbo.revenue.payroll_taxes,cbo_1997-01,2004,-19.407,-19.40700000000004,3.907985046680551e-14
cbo.revenue.payroll_taxes,cbo_1997-03,2004,-19.407,-19.40700000000004,3.907985046680551e-14
cbo.revenue.payroll_taxes,cbo_1998-01,2005,-14.338,-14.33800000000008,7.993605777301127e-14
cbo.revenue.payroll_taxes,cbo_1998-03,2005,-14.338,-14.33800000000008,7.993605777301127e-14
cbo.revenue.payroll_taxes,cbo_1999-01,2006,-21.69,-21.68999999999994,6.039613253960852e-14
cbo.revenue.payroll_taxes,cbo_2000-01,2007,9.557,9.557000000000016,1.5987211554602254e-14
cbo.revenue.payroll_taxes,cbo_2001-01,2008,65.801,65.80100000000004,4.263256414560601e-14
cbo.revenue.payroll_taxes,cbo_2001-05,2008,65.801,65.80100000000004,4.263256414560601e-14
cbo.revenue.payroll_taxes,cbo_2002-01,2009,108.213,108.21299999999997,2.842170943040401e-14
cbo.revenue.payroll_taxes,cbo_2002-03,2009,108.587,108.58699999999988,1.2789769243681803e-13
cbo.revenue.payroll_taxes,cbo_2003-01,2010,174.012,174.01200000000006,5.684341886080802e-14
cbo.revenue.payroll_taxes,cbo_2003-03,2010,173.945,173.94500000000005,5.684341886080802e-14
cbo.revenue.payroll_taxes,cbo_2004-01,2011,126.519,126.51899999999989,1.1368683772161603e-13
cbo.revenue.payroll_taxes,cbo_2004-03,2011,126.519,126.51900000000012,1.1368683772161603e-13
cbo.revenue.payroll_taxes,cbo_2005-01,2012,137.059,137.05900000000008,8.526512829121202e-14
cbo.revenue.payroll_taxes,cbo_2005-03,2012,137.059,137.05900000000008,8.526512829121202e-14
cbo.revenue.payroll_taxes,cbo_2006-01,2013,196.643,196.64299999999992,8.526512829121202e-14
cbo.revenue.payroll_taxes,cbo_2006-03,2013,196.643,196.64299999999992,8.526512829121202e-14
cbo.revenue.payroll_taxes,cbo_2007-01,2014,188.536,188.53599999999994,5.684341886080802e-14
cbo.revenue.payroll_taxes,cbo_2007-03,2014,188.536,188.53599999999994,5.684341886080802e-14
cbo.revenue.payroll_taxes,cbo_2008-01,2015,200.185,200.18499999999995,5.684341886080802e-14
cbo.revenue.payroll_taxes,cbo_2008-03,2015,202.109,202.10899999999992,8.526512829121202e-14
cbo.revenue.payroll_taxes,cbo_2009-01,2016,147.213,147.21299999999997,2.842170943040401e-14
cbo.revenue.payroll_taxes,cbo_2009-03,2016,96.179,96.17900000000009,8.526512829121202e-14
cbo.revenue.payroll_taxes,cbo_2010-01,2017,122.142,122.14200000000005,5.684341886080802e-14
cbo.revenue.payroll_taxes,cbo_2010-03,2017,122.143,122.14300000000003,2.842170943040401e-14
cbo.revenue.payroll_taxes,cbo_2011-01,2018,138.844,138.84400000000005,5.684341886080802e-14
cbo.revenue.payroll_taxes,cbo_2011-03,2018,136.218,136.21800000000007,8.526512829121202e-14
cbo.revenue.payroll_taxes,cbo_2012-01,2019,82.286,82.28599999999983,1.7053025658242404e-13
cbo.revenue.payroll_taxes,cbo_2012-03,2019,92.321,92.32099999999991,8.526512829121202e-14
cbo.revenue.payroll_taxes,cbo_2013-02,2020,65.714,65.71400000000017,1.7053025658242404e-13
cbo.revenue.payroll_taxes,cbo_2013-05,2020,60.092,60.0920000000001,9.947598300641403e-14
cbo.revenue.payroll_taxes,cbo_2014-02,2021,55.69,55.690000000000055,5.684341886080802e-14
cbo.revenue.payroll_taxes,cbo_2014-04,2021,56.73,56.73000000000002,2.1316282072803006e-14
cbo.revenue.payroll_taxes,cbo_2015-01,2022,-90.638,-90.63799999999992,8.526512829121202e-14
cbo.revenue.payroll_taxes,cbo_2015-03,2022,-88.141,-88.14099999999985,1.5631940186722204e-13
cbo.revenue.payroll_taxes,cbo_2016-01,2023,-193.707,-193.70699999999988,1.1368683772161603e-13
cbo.revenue.payroll_taxes,cbo_2016-03,2023,-192.056,-192.0559999999998,1.9895196601282805e-13
cbo.revenue.payroll_taxes,cbo_2017-01,2024,-236.353,-236.35299999999984,1.7053025658242404e-13
cbo.revenue.payroll_taxes,cbo_2017-06,2024,-231.67,-231.66999999999985,1.4210854715202004e-13
cbo.revenue.payroll_taxes,cbo_2018-04,2025,-168.86,-168.86000000000013,1.1368683772161603e-13
cbo.revenue.payroll_taxes,cbo_2018-05,2025,-168.86,-168.86000000000013,1.1368683772161603e-13
cbo.revenue.payroll_taxes,cbo_1992-01,2000,16.046,16.04600000000005,4.973799150320701e-14
cbo.revenue.payroll_taxes,cbo_1993-01,2001,-61.203,-61.202999999999975,2.842170943040401e-14
cbo.revenue.payroll_taxes,cbo_1993-03,2001,-61.203,-61.202999999999975,2.842170943040401e-14
cbo.revenue.payroll_taxes,cbo_1994-01,2002,-9.822,-9.822000000000003,3.552713678800501e-15
cbo.revenue.payroll_taxes,cbo_1995-01,2003,1.649,1.649000000000001,8.881784197001252e-16
cbo.revenue.payroll_taxes,cbo_1996-05,2004,-9.043,-9.043000000000006,7.105427357601002e-15
cbo.revenue.payroll_taxes,cbo_1997-01,2005,-46.824,-46.823999999999955,4.263256414560601e-14
cbo.revenue.payroll_taxes,cbo_1997-03,2005,-46.824,-46.823999999999955,4.263256414560601e-14
cbo.revenue.payroll_taxes,cbo_1998-01,2006,-20.676,-20.67599999999993,6.750155989720952e-14
cbo.revenue.payroll_taxes,cbo_1998-03,2006,-20.676,-20.67599999999993,6.750155989720952e-14
cbo.revenue.payroll_taxes,cbo_1999-01,2007,-17.098,-17.097999999999956,4.263256414560601e-14
cbo.revenue.payroll_taxes,cbo_2000-01,2008,15.658,15.658000000000015,1.5987211554602254e-14
cbo.revenue.payroll_taxes,cbo_2001-01,2009,123.06,123.05999999999995,5.684341886080802e-14
cbo.revenue.payroll_taxes,cbo_2001-05,2009,123.06,123.05999999999995,5.684341886080802e-14
cbo.revenue.payroll_taxes,cbo_2002-01,2010,184.705,184.70500000000004,2.842170943040401e-14
cbo.revenue.payroll_taxes,cbo_2002-03,2010,185.255,185.255,0.0
cbo.revenue.payroll_taxes,cbo_2003-01,2011,180.078,180.07799999999997,2.842170943040401e-14
cbo.revenue.payroll_taxes,cbo_2003-03,2011,180.014,180.0139999999999,1.1368683772161603e-13
cbo.revenue.payroll_taxes,cbo_2004-01,2012,110.795,110.79499999999996,4.263256414560601e-14
cbo.revenue.payroll_taxes,cbo_2004-03,2012,110.795,110.79500000000007,7.105427357601002e-14
cbo.revenue.payroll_taxes,cbo_2005-01,2013,186.756,186.75599999999997,2.842170943040401e-14
cbo.revenue.payroll_taxes,cbo_2005-03,2013,186.756,186.75599999999997,2.842170943040401e-14
cbo.revenue.payroll_taxes,cbo_2006-01,2014,201.379,201.37900000000002,2.842170943040401e-14
cbo.revenue.payroll_taxes,cbo_2006-03,2014,201.379,201.37900000000002,2.842170943040401e-14
cbo.revenue.payroll_taxes,cbo_2007-01,2015,200.338,200.33799999999997,2.842170943040401e-14
cbo.revenue.payroll_taxes,cbo_2007-03,2015,200.338,200.33799999999997,2.842170943040401e-14
cbo.revenue.payroll_taxes,cbo_2008-01,2016,206.74,206.74,0.0
cbo.revenue.payroll_taxes,cbo_2008-03,2016,208.482,208.48199999999997,2.842170943040401e-14
cbo.revenue.payroll_taxes,cbo_2009-01,2017,156.027,156.02700000000004,5.684341886080802e-14
cbo.revenue.payroll_taxes,cbo_2009-03,2017,93.263,93.26299999999992,8.526512829121202e-14
cbo.revenue.payroll_taxes,cbo_2010-01,2018,165.523,165.52300000000014,1.4210854715202004e-13
cbo.revenue.payroll_taxes,cbo_2010-03,2018,165.523,165.52300000000014,1.4210854715202004e-13
cbo.revenue.payroll_taxes,cbo_2011-01,2019,121.887,121.88699999999994,5.684341886080802e-14
cbo.revenue.payroll_taxes,cbo_2011-03,2019,119.437,119.4369999999999,9.947598300641403e-14
cbo.revenue.payroll_taxes,cbo_2012-01,2020,79.739,79.73900000000003,2.842170943040401e-14
cbo.revenue.payroll_taxes,cbo_2012-03,2020,89.959,89.95900000000006,5.684341886080802e-14
cbo.revenue.payroll_taxes,cbo_2013-02,2021,117.718,117.71800000000007,7.105427357601002e-14
cbo.revenue.payroll_taxes,cbo_2013-05,2021,111.916,111.91600000000017,1.7053025658242404e-13
cbo.revenue.payroll_taxes,cbo_2014-02,2022,-49.899,-49.89899999999989,1.1368683772161603e-13
cbo.revenue.payroll_taxes,cbo_2014-04,2022,-48.91,-48.909999999999854,1.4210854715202004e-13
cbo.revenue.payroll_taxes,cbo_2015-01,2023,-160.884,-160.8839999999998,1.9895196601282805e-13
cbo.revenue.payroll_taxes,cbo_2015-03,2023,-158.734,-158.73399999999992,8.526512829121202e-14
cbo.revenue.payroll_taxes,cbo_2016-01,2024,-233.108,-233.10799999999995,5.684341886080802e-14
cbo.revenue.payroll_taxes,cbo_2016-03,2024,-231.221,-231.221,0.0
cbo.revenue.payroll_taxes,cbo_2017-01,2025,-219.87,-219.87000000000012,1.1368683772161603e-13
cbo.revenue.payroll_taxes,cbo_2017-06,2025,-214.659,-214.6590000000001,1.1368683772161603e-13
cbo.revenue.payroll_taxes,cbo_1992-01,2001,10.863,10.862999999999943,5.684341886080802e-14
cbo.revenue.payroll_taxes,cbo_1993-01,2002,-42.272,-42.27200000000005,4.973799150320701e-14
cbo.revenue.payroll_taxes,cbo_1993-03,2002,-42.272,-42.27200000000005,4.973799150320701e-14
cbo.revenue.payroll_taxes,cbo_1994-01,2003,6.921,6.921000000000049,4.884981308350689e-14
cbo.revenue.payroll_taxes,cbo_1995-01,2004,15.943,15.942999999999984,1.5987211554602254e-14
cbo.revenue.payroll_taxes,cbo_1996-05,2005,-34.175,-34.174999999999955,4.263256414560601e-14
cbo.revenue.payroll_taxes,cbo_1997-01,2006,-54.486,-54.486000000000104,1.0658141036401503e-13
cbo.revenue.payroll_taxes,cbo_1997-03,2006,-54.486,-54.486000000000104,1.0658141036401503e-13
cbo.revenue.payroll_taxes,cbo_1998-01,2007,-13.068,-13.067999999999984,1.5987211554602254e-14
cbo.revenue.payroll_taxes,cbo_1998-03,2007,-13.068,-13.067999999999984,1.5987211554602254e-14
cbo.revenue.payroll_taxes,cbo_1999-01,2008,-12.202,-12.201999999999998,1.7763568394002505e-15
cbo.revenue.payroll_taxes,cbo_2000-01,2009,67.057,67.05700000000002,1.4210854715202004e-14
cbo.revenue.payroll_taxes,cbo_2001-01,2010,197.683,197.6830000000001,1.1368683772161603e-13
cbo.revenue.payroll_taxes,cbo_2001-05,2010,197.683,197.6830000000001,1.1368683772161603e-13
cbo.revenue.payroll_taxes,cbo_2002-01,2011,194.62,194.6199999999999,1.1368683772161603e-13
cbo.revenue.payroll_taxes,cbo_2002-03,2011,195.344,195.34400000000005,5.684341886080802e-14
cbo.revenue.payroll_taxes,cbo_2003-01,2012,169.047,169.04700000000003,2.842170943040401e-14
cbo.revenue.payroll_taxes,cbo_2003-03,2012,168.986,168.9860000000001,1.1368683772161603e-13
cbo.revenue.payroll_taxes,cbo_2004-01,2013,158.491,158.4910000000001,8.526512829121202e-14
cbo.revenue.payroll_taxes,cbo_2004-03,2013,158.491,158.49099999999987,1.4210854715202004e-13
cbo.revenue.payroll_taxes,cbo_2005-01,2014,191.122,191.12199999999996,5.684341886080802e-14
cbo.revenue.payroll_taxes,cbo_2005-03,2014,191.122,191.12199999999996,5.684341886080802e-14
cbo.revenue.payroll_taxes,cbo_2006-01,2015,214.712,214.712,0.0
cbo.revenue.payroll_taxes,cbo_2006-03,2015,214.712,214.712,0.0
cbo.revenue.payroll_taxes,cbo_2007-01,2016,206.886,206.88599999999997,2.842170943040401e-14
cbo.revenue.payroll_taxes,cbo_2007-03,2016,206.886,206.88599999999997,2.842170943040401e-14
cbo.revenue.payroll_taxes,cbo_2008-01,2017,217.732,217.73199999999997,2.842170943040401e-14
cbo.revenue.payroll_taxes,cbo_2008-03,2017,219.868,219.86800000000017,1.7053025658242404e-13
cbo.revenue.payroll_taxes,cbo_2009-01,2018,203.188,203.18799999999987,1.1368683772161603e-13
cbo.revenue.payroll_taxes,cbo_2009-03,2018,130.505,130.5050000000001,1.1368683772161603e-13
cbo.revenue.payroll_taxes,cbo_2010-01,2019,146.832,146.83199999999988,1.1368683772161603e-13
cbo.revenue.payroll_taxes,cbo_2010-03,2019,146.832,146.83199999999988,1.1368683772161603e-13
cbo.revenue.payroll_taxes,cbo_2011-01,2020,117.686,117.68599999999992,8.526512829121202e-14
cbo.revenue.payroll_taxes,cbo_2011-03,2020,114.079,114.07899999999995,4.263256414560601e-14
cbo.revenue.payroll_taxes,cbo_2012-01,2021,133.278,133.27800000000002,2.842170943040401e-14
cbo.revenue.payroll_taxes,cbo_2012-03,2021,142.928,142.9280000000001,1.1368683772161603e-13
cbo.revenue.payroll_taxes,cbo_2013-02,2022,17.171,17.17099999999982,1.7763568394002505e-13
cbo.revenue.payroll_taxes,cbo_2013-05,2022,11.37,11.36999999999989,1.0835776720341528e-13
cbo.revenue.payroll_taxes,cbo_2014-02,2023,-115.668,-115.66799999999989,1.1368683772161603e-13
cbo.revenue.payroll_taxes,cbo_2014-04,2023,-115.522,-115.52199999999993,7.105427357601002e-14
cbo.revenue.payroll_taxes,cbo_2015-01,2024,-194.935,-194.93499999999995,5.684341886080802e-14
cbo.revenue.payroll_taxes,cbo_2015-03,2024,-193.446,-193.4459999999999,8.526512829121202e-14
cbo.revenue.payroll_taxes,cbo_2016-01,2025,-212.972,-212.9720000000002,1.9895196601282805e-13
cbo.revenue.payroll_taxes,cbo_2016-03,2025,-212.21,-212.21000000000026,2.5579538487363607e-13
cbo.revenue.payroll_taxes,cbo_1992-01,2002,40.917,40.916999999999916,8.526512829121202e-14
cbo.revenue.payroll_taxes,cbo_1993-01,2003,-29.938,-29.937999999999988,1.0658141036401503e-14
cbo.revenue.payroll_taxes,cbo_1993-03,2003,-29.938,-29.937999999999988,1.0658141036401503e-14
cbo.revenue.payroll_taxes,cbo_1994-01,2004,18.835,18.835000000000036,3.552713678800501e-14
cbo.revenue.payroll_taxes,cbo_1995-01,2005,-6.52,-6.519999999999982,1.7763568394002505e-14
cbo.revenue.payroll_taxes,cbo_1996-05,2006,-39.164,-39.16399999999999,1.4210854715202004e-14
cbo.revenue.payroll_taxes,cbo_1997-01,2007,-49.191,-49.19099999999992,8.526512829121202e-14
cbo.revenue.payroll_taxes,cbo_1997-03,2007,-49.191,-49.19099999999992,8.526512829121202e-14
cbo.revenue.payroll_taxes,cbo_1998-01,2008,-5.589,-5.5890000000000555,5.5067062021407764e-14
cbo.revenue.payroll_taxes,cbo_1998-03,2008,-5.589,-5.5890000000000555,5.5067062021407764e-14
cbo.revenue.payroll_taxes,cbo_1999-01,2009,35.665,35.664999999999964,3.552713678800501e-14
cbo.revenue.payroll_taxes,cbo_2000-01,2010,135.863,135.86300000000006,5.684341886080802e-14
cbo.revenue.payroll_taxes,cbo_2001-01,2011,206.982,206.98199999999986,1.4210854715202004e-13
cbo.revenue.payroll_taxes,cbo_2001-05,2011,206.982,206.98199999999986,1.4210854715202004e-13
cbo.revenue.payroll_taxes,cbo_2002-01,2012,187.032,187.03200000000004,2.842170943040401e-14
cbo.revenue.payroll_taxes,cbo_2002-03,2012,187.899,187.899,0.0
cbo.revenue.payroll_taxes,cbo_2003-01,2013,223.505,223.505,0.0
cbo.revenue.payroll_taxes,cbo_2003-03,2013,223.385,223.38499999999988,1.1368683772161603e-13
cbo.revenue.payroll_taxes,cbo_2004-01,2014,162.131,162.13099999999997,2.842170943040401e-14
cbo.revenue.payroll_taxes,cbo_2004-03,2014,162.131,162.1310000000002,1.9895196601282805e-13
cbo.revenue.payroll_taxes,cbo_2005-01,2015,202.999,202.99900000000002,2.842170943040401e-14
cbo.revenue.payroll_taxes,cbo_2005-03,2015,202.999,202.99900000000002,2.842170943040401e-14
cbo.revenue.payroll_taxes,cbo_2006-01,2016,224.399,224.3989999999999,1.1368683772161603e-13
cbo.revenue.payroll_taxes,cbo_2006-03,2016,224.399,224.3989999999999,1.1368683772161603e-13
cbo.revenue.payroll_taxes,cbo_2007-01,2017,217.035,217.03500000000008,8.526512829121202e-14
cbo.revenue.payroll_taxes,cbo_2007-03,2017,217.035,217.03500000000008,8.526512829121202e-14
cbo.revenue.payroll_taxes,cbo_2008-01,2018,267.312,267.3119999999999,1.1368683772161603e-13
cbo.revenue.payroll_taxes,cbo_2008-03,2018,269.61,269.6099999999999,1.1368683772161603e-13
cbo.revenue.payroll_taxes,cbo_2009-01,2019,188.754,188.7539999999999,8.526512829121202e-14
cbo.revenue.payroll_taxes,cbo_2009-03,2019,107.85,107.84999999999991,8.526512829121202e-14
cbo.revenue.payroll_taxes,cbo_2010-01,2020,142.143,142.14300000000003,2.842170943040401e-14
cbo.revenue.payroll_taxes,cbo_2010-03,2020,142.143,142.14300000000026,2.5579538487363607e-13
cbo.revenue.payroll_taxes,cbo_2011-01,2021,169.282,169.28200000000015,1.4210854715202004e-13
cbo.revenue.payroll_taxes,cbo_2011-03,2021,165.886,165.88599999999997,2.842170943040401e-14
cbo.revenue.payroll_taxes,cbo_2012-01,2022,34.273,34.27299999999991,9.237055564881302e-14
cbo.revenue.payroll_taxes,cbo_2012-03,2022,43.212,43.21199999999976,2.4158453015843406e-13
cbo.revenue.payroll_taxes,cbo_2013-02,2023,-43.949,-43.94900000000007,7.105427357601002e-14
cbo.revenue.payroll_taxes,cbo_2013-05,2023,-49.232,-49.23199999999997,2.842170943040401e-14
cbo.revenue.payroll_taxes,cbo_2014-02,2024,-144.445,-144.44499999999994,5.684341886080802e-14
cbo.revenue.payroll_taxes,cbo_2014-04,2024,-145.342,-145.34199999999987,1.4210854715202004e-13
cbo.revenue.payroll_taxes,cbo_2015-01,2025,-170.301,-170.30099999999993,5.684341886080802e-14
cbo.revenue.payroll_taxes,cbo_2015-03,2025,-168.98,-168.98000000000002,2.842170943040401e-14
cbo.revenue.corporate_income_taxes,cbo_1982-02,1982,0.793,0.7929999999999993,7.771561172376096e-16
cbo.revenue.corporate_income_taxes,cbo_1983-02,1983,2.978,2.9780000000000015,1.3322676295501878e-15
cbo.revenue.corporate_income_taxes,cbo_1984-02,1984,6.107,6.106999999999999,8.881784197001252e-16
cbo.revenue.corporate_income_taxes,cbo_1985-02,1985,1.191,1.1909999999999954,4.6629367034256575e-15
cbo.revenue.corporate_income_taxes,cbo_1986-02,1986,8.841,8.840999999999994,5.329070518200751e-15
cbo.revenue.corporate_income_taxes,cbo_1987-01,1987,16.647,16.64699999999999,7.105427357601002e-15
cbo.revenue.corporate_income_taxes,cbo_1988-02,1988,4.034,4.034000000000006,6.217248937900877e-15
cbo.revenue.corporate_income_taxes,cbo_1989-01,1989,0.318,0.31799999999999784,2.1649348980190553e-15
cbo.revenue.corporate_income_taxes,cbo_1990-01,1990,8.376,8.37599999999999,8.881784197001252e-15
cbo.revenue.corporate_income_taxes,cbo_1991-01,1991,1.037,1.0370000000000061,6.217248937900877e-15
cbo.revenue.corporate_income_taxes,cbo_1992-01,1992,-2.727,-2.7269999999999897,1.021405182655144e-14
cbo.revenue.corporate_income_taxes,cbo_1992-03,1992,-2.727,-2.7269999999999897,1.021405182655144e-14
cbo.revenue.corporate_income_taxes,cbo_1993-01,1993,-7.211,-7.2109999999999985,1.7763568394002505e-15
cbo.revenue.corporate_income_taxes,cbo_1993-03,1993,-7.211,-7.2109999999999985,1.7763568394002505e-15
cbo.revenue.corporate_income_taxes,cbo_1994-01,1994,-12.398,-12.397999999999996,3.552713678800501e-15
cbo.revenue.corporate_income_taxes,cbo_1995-01,1995,-7.736,-7.73599999999999,9.769962616701378e-15
cbo.revenue.corporate_income_taxes,cbo_1996-05,1996,-2.493,-2.4930000000000234,2.353672812205332e-14
cbo.revenue.corporate_income_taxes,cbo_1997-01,1997,-3.412,-3.412000000000006,6.217248937900877e-15
cbo.revenue.corporate_income_taxes,cbo_1997-03,1997,-3.412,-3.412000000000006,6.217248937900877e-15
cbo.revenue.corporate_income_taxes,cbo_1998-01,1998,8.612,8.612000000000023,2.3092638912203256e-14
cbo.revenue.corporate_income_taxes,cbo_1998-03,1998,8.612,8.612000000000023,2.3092638912203256e-14
cbo.revenue.corporate_income_taxes,cbo_1999-01,1999,7.874,7.873999999999995,4.440892098500626e-15
cbo.revenue.corporate_income_taxes,cbo_2000-01,2000,-17.859,-17.85899999999998,2.1316282072803006e-14
cbo.revenue.corporate_income_taxes,cbo_2001-01,2001,31.162,31.162000000000006,7.105427357601002e-15
cbo.revenue.corporate_income_taxes,cbo_2001-05,2001,16.162,16.162000000000006,7.105427357601002e-15
cbo.revenue.corporate_income_taxes,cbo_2002-01,2002,0.176,0.17599999999998772,1.226796442210798e-14
cbo.revenue.corporate_income_taxes,cbo_2002-03,2002,18.176,18.175999999999988,1.0658141036401503e-14
cbo.revenue.corporate_income_taxes,cbo_2003-01,2003,10.597,10.597000000000008,8.881784197001252e-15
cbo.revenue.corporate_income_taxes,cbo_2003-03,2003,10.597,10.597000000000008,8.881784197001252e-15
cbo.revenue.corporate_income_taxes,cbo_2004-01,2004,-24.56,-24.560000000000002,3.552713678800501e-15
cbo.revenue.corporate_income_taxes,cbo_2004-03,2004,-24.561,-24.561000000000007,7.105427357601002e-15
cbo.revenue.corporate_income_taxes,cbo_2005-01,2005,-62.368,-62.367999999999995,7.105427357601002e-15
cbo.revenue.corporate_income_taxes,cbo_2005-03,2005,-62.368,-62.367999999999995,7.105427357601002e-15
cbo.revenue.corporate_income_taxes,cbo_2006-01,2006,-48.861,-48.86099999999999,7.105427357601002e-15
cbo.revenue.corporate_income_taxes,cbo_2006-03,2006,-48.861,-48.86099999999999,7.105427357601002e-15
cbo.revenue.corporate_income_taxes,cbo_2007-01,2007,-2.03,-2.0300000000000296,2.9753977059954195e-14
cbo.revenue.corporate_income_taxes,cbo_2007-03,2007,-2.03,-2.0300000000000296,2.9753977059954195e-14
cbo.revenue.corporate_income_taxes,cbo_2008-01,2008,28.603,28.60300000000001,7.105427357601002e-15
cbo.revenue.corporate_income_taxes,cbo_2008-03,2008,21.101,21.101,0.0
cbo.revenue.corporate_income_taxes,cbo_2009-01,2009,54.472,54.47199999999998,2.1316282072803006e-14
cbo.revenue.corporate_income_taxes,cbo_2009-03,2009,36.164,36.16399999999999,1.4210854715202004e-14
cbo.revenue.corporate_income_taxes,cbo_2010-01,2010,-45.327,-45.327,0.0
cbo.revenue.corporate_income_taxes,cbo_2010-03,2010,-43.662,-43.662000000000006,7.105427357601002e-15
cbo.revenue.corporate_income_taxes,cbo_2011-01,2011,19.734,19.73399999999998,2.1316282072803006e-14
cbo.revenue.corporate_income_taxes,cbo_2011-03,2011,19.819,19.81899999999999,1.0658141036401503e-14
cbo.revenue.corporate_income_taxes,cbo_2012-01,2012,9.109,9.109000000000009,8.881784197001252e-15
cbo.revenue.corporate_income_taxes,cbo_2012-03,2012,9.109,9.109000000000009,8.881784197001252e-15
cbo.revenue.corporate_income_taxes,cbo_2013-02,2013,-22.395,-22.394999999999982,1.7763568394002505e-14
cbo.revenue.corporate_income_taxes,cbo_2013-05,2013,17.605,17.605000000000018,1.7763568394002505e-14
cbo.revenue.corporate_income_taxes,cbo_2014-02,2014,31.345,31.34499999999997,2.842170943040401e-14
cbo.revenue.corporate_income_taxes,cbo_2014-04,2014,31.351,31.351,0.0
cbo.revenue.corporate_income_taxes,cbo_2015-01,2015,-15.941,-15.941000000000031,3.019806626980426e-14
cbo.revenue.corporate_income_taxes,cbo_2015-03,2015,-15.941,-15.941000000000031,3.019806626980426e-14
cbo.revenue.corporate_income_taxes,cbo_2016-01,2016,27.068,27.067999999999984,1.7763568394002505e-14
cbo.revenue.corporate_income_taxes,cbo_2016-03,2016,29.9,29.899999999999977,2.1316282072803006e-14
cbo.revenue.corporate_income_taxes,cbo_2017-01,2017,23.369,23.36899999999997,2.842170943040401e-14
cbo.revenue.corporate_income_taxes,cbo_2017-06,2017,12.958,12.95799999999997,3.019806626980426e-14
cbo.revenue.corporate_income_taxes,cbo_2018-04,2018,37.989,37.989000000000004,7.105427357601002e-15
cbo.revenue.corporate_income_taxes,cbo_2018-05,2018,37.989,37.989000000000004,7.105427357601002e-15
cbo.revenue.corporate_income_taxes,cbo_2019-01,2019,14.843,14.84299999999999,1.0658141036401503e-14
cbo.revenue.corporate_income_taxes,cbo_2019-05,2019,14.843,14.84299999999999,1.0658141036401503e-14
cbo.revenue.corporate_income_taxes,cbo_2020-01,2020,-53.258,-53.25799999999998,2.1316282072803006e-14
cbo.revenue.corporate_income_taxes,cbo_2020-03,2020,-53.258,-53.25799999999998,2.1316282072803006e-14
cbo.revenue.corporate_income_taxes,cbo_2021-02,2021,-207.02,-207.02000000000004,2.842170943040401e-14
cbo.revenue.corporate_income_taxes,cbo_2021-07,2021,-133.443,-133.443,0.0
cbo.revenue.corporate_income_taxes,cbo_2022-05,2022,-30.065,-30.064999999999998,3.552713678800501e-15
cbo.revenue.corporate_income_taxes,cbo_2023-02,2023,55.796,55.79599999999999,7.105427357601002e-15
cbo.revenue.corporate_income_taxes,cbo_2023-05,2023,55.796,55.79599999999999,7.105427357601002e-15
cbo.revenue.corporate_income_taxes,cbo_2024-02,2024,38.204,38.204000000000065,6.394884621840902e-14
cbo.revenue.corporate_income_taxes,cbo_2024-06,2024,-4.465,-4.464999999999918,8.171241461241152e-14
cbo.revenue.corporate_income_taxes,cbo_2025-01,2025,-7.067,-7.06699999999995,4.973799150320701e-14
cbo.revenue.corporate_income_taxes,cbo_1982-02,1983,20.978,20.978,0.0
cbo.revenue.corporate_income_taxes,cbo_1983-02,1984,-0.893,-0.8930000000000007,6.661338147750939e-16
cbo.revenue.corporate_income_taxes,cbo_1984-02,1985,6.975,6.974999999999994,5.329070518200751e-15
cbo.revenue.corporate_income_taxes,cbo_1985-02,1986,7.712,7.712000000000003,3.552713678800501e-15
cbo.revenue.corporate_income_taxes,cbo_1986-02,1987,33.398,33.39800000000001,7.105427357601002e-15
cbo.revenue.corporate_income_taxes,cbo_1987-01,1988,29.094,29.09400000000001,7.105427357601002e-15
cbo.revenue.corporate_income_taxes,cbo_1988-02,1989,4.472,4.471999999999994,6.217248937900877e-15
cbo.revenue.corporate_income_taxes,cbo_1989-01,1990,20.171,20.170999999999992,7.105427357601002e-15
cbo.revenue.corporate_income_taxes,cbo_1990-01,1991,15.451,15.451000000000008,7.105427357601002e-15
cbo.revenue.corporate_income_taxes,cbo_1991-01,1992,3.689,3.689000000000007,7.105427357601002e-15
cbo.revenue.corporate_income_taxes,cbo_1992-01,1993,-6.304,-6.303999999999988,1.2434497875801753e-14
cbo.revenue.corporate_income_taxes,cbo_1992-03,1993,-6.304,-6.304000000000002,1.7763568394002505e-15
cbo.revenue.corporate_income_taxes,cbo_1993-01,1994,-14.201,-14.200999999999993,7.105427357601002e-15
cbo.revenue.corporate_income_taxes,cbo_1993-03,1994,-14.201,-14.200999999999993,7.105427357601002e-15
cbo.revenue.corporate_income_taxes,cbo_1994-01,1995,-25.461,-25.460999999999984,1.4210854715202004e-14
cbo.revenue.corporate_income_taxes,cbo_1995-01,1996,-20.246,-20.246000000000038,3.907985046680551e-14
cbo.revenue.corporate_income_taxes,cbo_1996-05,1997,-10.211,-10.211000000000013,1.2434497875801753e-14
cbo.revenue.corporate_income_taxes,cbo_1997-01,1998,-6.198,-6.1980000000000075,7.105427357601002e-15
cbo.revenue.corporate_income_taxes,cbo_1997-03,1998,-6.198,-6.1980000000000075,7.105427357601002e-15
cbo.revenue.corporate_income_taxes,cbo_1998-01,1999,17.301,17.301000000000016,1.7763568394002505e-14
cbo.revenue.corporate_income_taxes,cbo_1998-03,1999,17.301,17.301000000000016,1.7763568394002505e-14
cbo.revenue.corporate_income_taxes,cbo_1999-01,2000,-18.811,-18.81099999999998,2.1316282072803006e-14
cbo.revenue.corporate_income_taxes,cbo_2000-01,2001,5.168,5.168000000000006,6.217248937900877e-15
cbo.revenue.corporate_income_taxes,cbo_2001-01,2002,70.773,70.773,0.0
cbo.revenue.corporate_income_taxes,cbo_2001-05,2002,60.773,60.772999999999996,7.105427357601002e-15
cbo.revenue.corporate_income_taxes,cbo_2002-01,2003,2.443,2.443000000000012,1.199040866595169e-14
cbo.revenue.corporate_income_taxes,cbo_2002-03,2003,14.443,14.443000000000012,1.2434497875801753e-14
cbo.revenue.corporate_income_taxes,cbo_2003-01,2004,-19.16,-19.159999999999997,3.552713678800501e-15
cbo.revenue.corporate_income_taxes,cbo_2003-03,2004,-19.16,-19.159999999999997,3.552713678800501e-15
cbo.revenue.corporate_income_taxes,cbo_2004-01,2005,-57.377,-57.37699999999998,2.1316282072803006e-14
cbo.revenue.corporate_income_taxes,cbo_2004-03,2005,-57.752,-57.75199999999998,2.1316282072803006e-14
cbo.revenue.corporate_income_taxes,cbo_2005-01,2006,-128.106,-128.10600000000002,2.842170943040401e-14
cbo.revenue.corporate_income_taxes,cbo_2005-03,2006,-128.106,-128.10600000000002,2.842170943040401e-14
cbo.revenue.corporate_income_taxes,cbo_2006-01,2007,-86.365,-86.36499999999995,4.263256414560601e-14
cbo.revenue.corporate_income_taxes,cbo_2006-03,2007,-86.365,-86.36499999999995,4.263256414560601e-14
cbo.revenue.corporate_income_taxes,cbo_2007-01,2008,37.925,37.924999999999955,4.263256414560601e-14
cbo.revenue.corporate_income_taxes,cbo_2007-03,2008,37.925,37.924999999999955,4.263256414560601e-14
cbo.revenue.corporate_income_taxes,cbo_2008-01,2009,164.829,164.82899999999998,2.842170943040401e-14
cbo.revenue.corporate_income_taxes,cbo_2008-03,2009,151.054,151.05399999999995,5.684341886080802e-14
cbo.revenue.corporate_income_taxes,cbo_2009-01,2010,2.164,2.1639999999999873,1.2878587085651816e-14
cbo.revenue.corporate_income_taxes,cbo_2009-03,2010,-12.653,-12.65300000000002,1.9539925233402755e-14
cbo.revenue.corporate_income_taxes,cbo_2010-01,2011,4.296,4.295999999999992,7.993605777301127e-15
cbo.revenue.corporate_income_taxes,cbo_2010-03,2011,7.06,7.059999999999974,2.5757174171303632e-14
cbo.revenue.corporate_income_taxes,cbo_2011-01,2012,36.76,36.75999999999999,7.105427357601002e-15
cbo.revenue.corporate_income_taxes,cbo_2011-03,2012,36.808,36.80799999999999,7.105427357601002e-15
cbo.revenue.corporate_income_taxes,cbo_2012-01,2013,-5.653,-5.652999999999963,3.6415315207705135e-14
cbo.revenue.corporate_income_taxes,cbo_2012-03,2013,-5.148,-5.148000000000025,2.4868995751603507e-14
cbo.revenue.corporate_income_taxes,cbo_2013-02,2014,36.168,36.168000000000006,7.105427357601002e-15
cbo.revenue.corporate_income_taxes,cbo_2013-05,2014,59.692,59.69200000000001,7.105427357601002e-15
cbo.revenue.corporate_income_taxes,cbo_2014-02,2015,10.744,10.743999999999971,2.842170943040401e-14
cbo.revenue.corporate_income_taxes,cbo_2014-04,2015,10.751,10.750999999999976,2.3092638912203256e-14
cbo.revenue.corporate_income_taxes,cbo_2015-01,2016,34.171,34.170999999999935,6.394884621840902e-14
cbo.revenue.corporate_income_taxes,cbo_2015-03,2016,34.171,34.17099999999999,7.105427357601002e-15
cbo.revenue.corporate_income_taxes,cbo_2016-01,2017,51.375,51.375,0.0
cbo.revenue.corporate_income_taxes,cbo_2016-03,2017,59.877,59.87700000000001,7.105427357601002e-15
cbo.revenue.corporate_income_taxes,cbo_2017-01,2018,40.544,40.54399999999998,1.4210854715202004e-14
cbo.revenue.corporate_income_taxes,cbo_2017-06,2018,25.23,25.230000000000018,1.7763568394002505e-14
cbo.revenue.corporate_income_taxes,cbo_2018-04,2019,46.098,46.097999999999956,4.263256414560601e-14
cbo.revenue.corporate_income_taxes,cbo_2018-05,2019,46.098,46.097999999999956,4.263256414560601e-14
cbo.revenue.corporate_income_taxes,cbo_2019-01,2020,-26.398,-26.397999999999996,3.552713678800501e-15
cbo.revenue.corporate_income_taxes,cbo_2019-05,2020,-26.398,-26.397999999999996,3.552713678800501e-15
cbo.revenue.corporate_income_taxes,cbo_2020-01,2021,-124.198,-124.19800000000004,4.263256414560601e-14
cbo.revenue.corporate_income_taxes,cbo_2020-03,2021,-124.198,-124.19800000000004,4.263256414560601e-14
cbo.revenue.corporate_income_taxes,cbo_2021-02,2022,-171.368,-171.368,0.0
cbo.revenue.corporate_income_taxes,cbo_2021-07,2022,-108.212,-108.21199999999999,1.4210854715202004e-14
cbo.revenue.corporate_income_taxes,cbo_2022-05,2023,60.569,60.56900000000002,1.4210854715202004e-14
cbo.revenue.corporate_income_taxes,cbo_2023-02,2024,-52.048,-52.047999999999945,5.684341886080802e-14
cbo.revenue.corporate_income_taxes,cbo_2023-05,2024,-52.048,-52.047999999999945,5.684341886080802e-14
cbo.revenue.corporate_income_taxes,cbo_2024-02,2025,-38.846,-38.846000000000004,7.105427357601002e-15
cbo.revenue.corporate_income_taxes,cbo_2024-06,2025,-41.516,-41.51600000000002,2.1316282072803006e-14
cbo.revenue.corporate_income_taxes,cbo_1982-02,1984,21.107,21.107,0.0
cbo.revenue.corporate_income_taxes,cbo_1983-02,1985,6.775,6.7749999999999915,8.881784197001252e-15
cbo.revenue.corporate_income_taxes,cbo_1984-02,1986,13.679,13.678999999999988,1.2434497875801753e-14
cbo.revenue.corporate_income_taxes,cbo_1985-02,1987,32.772,32.772000000000006,7.105427357601002e-15
cbo.revenue.corporate_income_taxes,cbo_1986-02,1988,37.89,37.89,0.0
cbo.revenue.corporate_income_taxes,cbo_1987-01,1989,30.697,30.697000000000003,3.552713678800501e-15
cbo.revenue.corporate_income_taxes,cbo_1988-02,1990,27.497,27.497,0.0
cbo.revenue.corporate_income_taxes,cbo_1989-01,1991,26.316,26.316000000000003,3.552713678800501e-15
cbo.revenue.corporate_income_taxes,cbo_1990-01,1992,17.728,17.72800000000001,7.105427357601002e-15
cbo.revenue.corporate_income_taxes,cbo_1991-01,1993,-8.407,-8.406999999999996,3.552713678800501e-15
cbo.revenue.corporate_income_taxes,cbo_1992-01,1994,-15.401,-15.400999999999996,3.552713678800501e-15
cbo.revenue.corporate_income_taxes,cbo_1992-03,1994,-15.401,-15.400999999999996,3.552713678800501e-15
cbo.revenue.corporate_income_taxes,cbo_1993-01,1995,-22.982,-22.982,0.0
cbo.revenue.corporate_income_taxes,cbo_1993-03,1995,-22.982,-22.982,0.0
cbo.revenue.corporate_income_taxes,cbo_1994-01,1996,-38.548,-38.548,0.0
cbo.revenue.corporate_income_taxes,cbo_1995-01,1997,-25.685,-25.685000000000002,3.552713678800501e-15
cbo.revenue.corporate_income_taxes,cbo_1996-05,1998,-17.191,-17.190999999999974,2.4868995751603507e-14
cbo.revenue.corporate_income_taxes,cbo_1997-01,1999,2.582,2.5819999999999936,6.217248937900877e-15
cbo.revenue.corporate_income_taxes,cbo_1997-03,1999,2.582,2.5819999999999936,6.217248937900877e-15
cbo.revenue.corporate_income_taxes,cbo_1998-01,2000,-6.23,-6.22999999999999,1.0658141036401503e-14
cbo.revenue.corporate_income_taxes,cbo_1998-03,2000,-6.23,-6.22999999999999,1.0658141036401503e-14
cbo.revenue.corporate_income_taxes,cbo_1999-01,2001,4.669,4.669000000000011,1.1546319456101628e-14
cbo.revenue.corporate_income_taxes,cbo_2000-01,2002,40.437,40.43699999999998,1.4210854715202004e-14
cbo.revenue.corporate_income_taxes,cbo_2001-01,2003,53.192,53.192000000000036,3.552713678800501e-14
cbo.revenue.corporate_income_taxes,cbo_2001-05,2003,48.192,48.192000000000036,3.552713678800501e-14
cbo.revenue.corporate_income_taxes,cbo_2002-01,2004,-23.753,-23.753000000000014,1.4210854715202004e-14
cbo.revenue.corporate_income_taxes,cbo_2002-03,2004,-20.753,-20.753000000000014,1.4210854715202004e-14
cbo.revenue.corporate_income_taxes,cbo_2003-01,2005,-62.466,-62.46599999999998,2.1316282072803006e-14
cbo.revenue.corporate_income_taxes,cbo_2003-03,2005,-62.466,-62.46599999999998,2.1316282072803006e-14
cbo.revenue.corporate_income_taxes,cbo_2004-01,2006,-97.42,-97.42000000000007,7.105427357601002e-14
cbo.revenue.corporate_income_taxes,cbo_2004-03,2006,-98.126,-98.12600000000003,2.842170943040401e-14
cbo.revenue.corporate_income_taxes,cbo_2005-01,2007,-159.549,-159.54899999999998,2.842170943040401e-14
cbo.revenue.corporate_income_taxes,cbo_2005-03,2007,-159.549,-159.54899999999998,2.842170943040401e-14
cbo.revenue.corporate_income_taxes,cbo_2006-01,2008,-43.017,-43.016999999999996,7.105427357601002e-15
cbo.revenue.corporate_income_taxes,cbo_2006-03,2008,-43.017,-43.016999999999996,7.105427357601002e-15
cbo.revenue.corporate_income_taxes,cbo_2007-01,2009,168.439,168.439,0.0
cbo.revenue.corporate_income_taxes,cbo_2007-03,2009,168.439,168.439,0.0
cbo.revenue.corporate_income_taxes,cbo_2008-01,2010,82.593,82.59299999999996,4.263256414560601e-14
cbo.revenue.corporate_income_taxes,cbo_2008-03,2010,71.588,71.58800000000002,2.842170943040401e-14
cbo.revenue.corporate_income_taxes,cbo_2009-01,2011,30.005,30.005000000000024,2.4868995751603507e-14
cbo.revenue.corporate_income_taxes,cbo_2009-03,2011,27.947,27.947000000000003,3.552713678800501e-15
cbo.revenue.corporate_income_taxes,cbo_2010-01,2012,42.677,42.67700000000002,2.1316282072803006e-14
cbo.revenue.corporate_income_taxes,cbo_2010-03,2012,45.466,45.46600000000001,7.105427357601002e-15
cbo.revenue.corporate_income_taxes,cbo_2011-01,2013,10.458,10.458000000000027,2.6645352591003757e-14
cbo.revenue.corporate_income_taxes,cbo_2011-03,2013,10.583,10.583000000000027,2.6645352591003757e-14
cbo.revenue.corporate_income_taxes,cbo_2012-01,2014,53.688,53.68799999999999,1.4210854715202004e-14
cbo.revenue.corporate_income_taxes,cbo_2012-03,2014,54.906,54.906000000000006,7.105427357601002e-15
cbo.revenue.corporate_income_taxes,cbo_2013-02,2015,56.925,56.924999999999955,4.263256414560601e-14
cbo.revenue.corporate_income_taxes,cbo_2013-05,2015,63.975,63.974999999999966,3.552713678800501e-14
cbo.revenue.corporate_income_taxes,cbo_2014-02,2016,59.474,59.47399999999993,6.394884621840902e-14
cbo.revenue.corporate_income_taxes,cbo_2014-04,2016,59.477,59.476999999999975,2.1316282072803006e-14
cbo.revenue.corporate_income_taxes,cbo_2015-01,2017,87.91,87.90999999999997,2.842170943040401e-14
cbo.revenue.corporate_income_taxes,cbo_2015-03,2017,87.91,87.91000000000003,2.842170943040401e-14
cbo.revenue.corporate_income_taxes,cbo_2016-01,2018,54.112,54.11200000000002,2.1316282072803006e-14
cbo.revenue.corporate_income_taxes,cbo_2016-03,2018,66.737,66.73700000000002,2.842170943040401e-14
cbo.revenue.corporate_income_taxes,cbo_2017-01,2019,25.87,25.870000000000005,3.552713678800501e-15
cbo.revenue.corporate_income_taxes,cbo_2017-06,2019,17.832,17.831999999999994,7.105427357601002e-15
cbo.revenue.corporate_income_taxes,cbo_2018-04,2020,6.756,6.756000000000029,2.842170943040401e-14
cbo.revenue.corporate_income_taxes,cbo_2018-05,2020,6.756,6.756000000000029,2.842170943040401e-14
cbo.revenue.corporate_income_taxes,cbo_2019-01,2021,-93.147,-93.14700000000005,4.263256414560601e-14
cbo.revenue.corporate_income_taxes,cbo_2019-05,2021,-93.147,-93.14700000000005,4.263256414560601e-14
cbo.revenue.corporate_income_taxes,cbo_2020-01,2022,-136.232,-136.23199999999997,2.842170943040401e-14
cbo.revenue.corporate_income_taxes,cbo_2020-03,2022,-136.232,-136.23199999999997,2.842170943040401e-14
cbo.revenue.corporate_income_taxes,cbo_2021-02,2023,-89.34,-89.34000000000003,2.842170943040401e-14
cbo.revenue.corporate_income_taxes,cbo_2021-07,2023,-16.427,-16.42700000000002,2.1316282072803006e-14
cbo.revenue.corporate_income_taxes,cbo_2022-05,2024,-32.794,-32.793999999999926,7.105427357601002e-14
cbo.revenue.corporate_income_taxes,cbo_2023-02,2025,-44.453,-44.45300000000003,2.842170943040401e-14
cbo.revenue.corporate_income_taxes,cbo_2023-05,2025,-44.453,-44.45300000000003,2.842170943040401e-14
cbo.revenue.corporate_income_taxes,cbo_1982-02,1985,23.775,23.77499999999999,7.105427357601002e-15
cbo.revenue.corporate_income_taxes,cbo_1983-02,1986,16.779,16.778999999999996,3.552713678800501e-15
cbo.revenue.corporate_income_taxes,cbo_1984-02,1987,33.978,33.977999999999994,7.105427357601002e-15
cbo.revenue.corporate_income_taxes,cbo_1985-02,1988,34.151,34.150999999999996,7.105427357601002e-15
cbo.revenue.corporate_income_taxes,cbo_1986-02,1989,35.873,35.87299999999999,7.105427357601002e-15
cbo.revenue.corporate_income_taxes,cbo_1987-01,1990,53.57,53.56999999999999,7.105427357601002e-15
cbo.revenue.corporate_income_taxes,cbo_1988-02,1991,32.933,32.93300000000001,7.105427357601002e-15
cbo.revenue.corporate_income_taxes,cbo_1989-01,1992,29.271,29.271,0.0
cbo.revenue.corporate_income_taxes,cbo_1990-01,1993,5.781,5.781000000000006,6.217248937900877e-15
cbo.revenue.corporate_income_taxes,cbo_1991-01,1994,-26.294,-26.293999999999983,1.7763568394002505e-14
cbo.revenue.corporate_income_taxes,cbo_1992-01,1995,-26.478,-26.47799999999998,2.1316282072803006e-14
cbo.revenue.corporate_income_taxes,cbo_1992-03,1995,-26.478,-26.47799999999998,2.1316282072803006e-14
cbo.revenue.corporate_income_taxes,cbo_1993-01,1996,-31.024,-31.02400000000003,2.842170943040401e-14
cbo.revenue.corporate_income_taxes,cbo_1993-03,1996,-31.024,-31.02400000000003,2.842170943040401e-14
cbo.revenue.corporate_income_taxes,cbo_1994-01,1997,-43.15,-43.150000000000006,7.105427357601002e-15
cbo.revenue.corporate_income_taxes,cbo_1995-01,1998,-27.58,-27.579999999999984,1.4210854715202004e-14
cbo.revenue.corporate_income_taxes,cbo_1996-05,1999,-11.215,-11.215000000000003,3.552713678800501e-15
cbo.revenue.corporate_income_taxes,cbo_1997-01,2000,-18.263,-18.262999999999977,2.4868995751603507e-14
cbo.revenue.corporate_income_taxes,cbo_1997-03,2000,-18.263,-18.262999999999977,2.4868995751603507e-14
cbo.revenue.corporate_income_taxes,cbo_1998-01,2001,14.825,14.824999999999989,1.0658141036401503e-14
cbo.revenue.corporate_income_taxes,cbo_1998-03,2001,14.825,14.824999999999989,1.0658141036401503e-14
cbo.revenue.corporate_income_taxes,cbo_1999-01,2002,50.437,50.43699999999998,1.4210854715202004e-14
cbo.revenue.corporate_income_taxes,cbo_2000-01,2003,16.137,16.13700000000003,2.842170943040401e-14
cbo.revenue.corporate_income_taxes,cbo_2001-01,2004,6.688,6.687999999999988,1.1546319456101628e-14
cbo.revenue.corporate_income_taxes,cbo_2001-05,2004,6.688,6.687999999999988,1.1546319456101628e-14
cbo.revenue.corporate_income_taxes,cbo_2002-01,2005,-58.164,-58.16399999999999,1.4210854715202004e-14
cbo.revenue.corporate_income_taxes,cbo_2002-03,2005,-58.164,-58.16399999999999,1.4210854715202004e-14
cbo.revenue.corporate_income_taxes,cbo_2003-01,2006,-106.22,-106.22000000000003,2.842170943040401e-14
cbo.revenue.corporate_income_taxes,cbo_2003-03,2006,-106.22,-106.22000000000003,2.842170943040401e-14
cbo.revenue.corporate_income_taxes,cbo_2004-01,2007,-116.449,-116.44899999999998,1.4210854715202004e-14
cbo.revenue.corporate_income_taxes,cbo_2004-03,2007,-117.485,-117.48500000000001,1.4210854715202004e-14
cbo.revenue.corporate_income_taxes,cbo_2005-01,2008,-108.869,-108.86900000000003,2.842170943040401e-14
cbo.revenue.corporate_income_taxes,cbo_2005-03,2008,-108.869,-108.86900000000003,2.842170943040401e-14
cbo.revenue.corporate_income_taxes,cbo_2006-01,2009,105.188,105.18800000000002,1.4210854715202004e-14
cbo.revenue.corporate_income_taxes,cbo_2006-03,2009,105.188,105.18800000000002,1.4210854715202004e-14
cbo.revenue.corporate_income_taxes,cbo_2007-01,2010,82.773,82.77300000000002,2.842170943040401e-14
cbo.revenue.corporate_income_taxes,cbo_2007-03,2010,82.773,82.77300000000002,2.842170943040401e-14
cbo.revenue.corporate_income_taxes,cbo_2008-01,2011,77.361,77.36099999999996,4.263256414560601e-14
cbo.revenue.corporate_income_taxes,cbo_2008-03,2011,70.38,70.37999999999997,2.842170943040401e-14
cbo.revenue.corporate_income_taxes,cbo_2009-01,2012,62.435,62.435,0.0
cbo.revenue.corporate_income_taxes,cbo_2009-03,2012,60.416,60.416,0.0
cbo.revenue.corporate_income_taxes,cbo_2010-01,2013,31.925,31.92500000000001,1.0658141036401503e-14
cbo.revenue.corporate_income_taxes,cbo_2010-03,2013,34.714,34.714,0.0
cbo.revenue.corporate_income_taxes,cbo_2011-01,2014,54.118,54.11800000000005,4.973799150320701e-14
cbo.revenue.corporate_income_taxes,cbo_2011-03,2014,53.25,53.25,0.0
cbo.revenue.corporate_income_taxes,cbo_2012-01,2015,68.122,68.12200000000001,1.4210854715202004e-14
cbo.revenue.corporate_income_taxes,cbo_2012-03,2015,70.024,70.02399999999994,5.684341886080802e-14
cbo.revenue.corporate_income_taxes,cbo_2013-02,2016,109.461,109.46100000000001,1.4210854715202004e-14
cbo.revenue.corporate_income_taxes,cbo_2013-05,2016,109.461,109.46100000000001,1.4210854715202004e-14
cbo.revenue.corporate_income_taxes,cbo_2014-02,2017,120.82,120.82,0.0
cbo.revenue.corporate_income_taxes,cbo_2014-04,2017,120.827,120.827,0.0
cbo.revenue.corporate_income_taxes,cbo_2015-01,2018,114.25,114.25,0.0
cbo.revenue.corporate_income_taxes,cbo_2015-03,2018,114.25,114.24999999999994,5.684341886080802e-14
cbo.revenue.corporate_income_taxes,cbo_2016-01,2019,32.355,32.35500000000002,2.1316282072803006e-14
cbo.revenue.corporate_income_taxes,cbo_2016-03,2019,46.299,46.29899999999998,2.1316282072803006e-14
cbo.revenue.corporate_income_taxes,cbo_2017-01,2020,1.48,1.4799999999999898,1.021405182655144e-14
cbo.revenue.corporate_income_taxes,cbo_2017-06,2020,-0.207,-0.2069999999999652,3.477773624638303e-14
cbo.revenue.corporate_income_taxes,cbo_2018-04,2021,-58.569,-58.56900000000002,1.4210854715202004e-14
cbo.revenue.corporate_income_taxes,cbo_2018-05,2021,-58.569,-58.56900000000002,1.4210854715202004e-14
cbo.revenue.corporate_income_taxes,cbo_2019-01,2022,-111.695,-111.695,0.0
cbo.revenue.corporate_income_taxes,cbo_2019-05,2022,-111.695,-111.695,0.0
cbo.revenue.corporate_income_taxes,cbo_2020-01,2023,-62.537,-62.537000000000035,3.552713678800501e-14
cbo.revenue.corporate_income_taxes,cbo_2020-03,2023,-62.537,-62.537000000000035,3.552713678800501e-14
cbo.revenue.corporate_income_taxes,cbo_2021-02,2024,-179.71,-179.70999999999998,2.842170943040401e-14
cbo.revenue.corporate_income_taxes,cbo_2021-07,2024,-121.185,-121.18499999999995,5.684341886080802e-14
cbo.revenue.corporate_income_taxes,cbo_2022-05,2025,-46.099,-46.09899999999999,7.105427357601002e-15
cbo.revenue.corporate_income_taxes,cbo_1982-02,1986,32.779,32.778999999999996,7.105427357601002e-15
cbo.revenue.corporate_income_taxes,cbo_1983-02,1987,35.678,35.678,0.0
cbo.revenue.corporate_income_taxes,cbo_1984-02,1988,32.658,32.658,0.0
cbo.revenue.corporate_income_taxes,cbo_1985-02,1989,29.999,29.998999999999995,3.552713678800501e-15
cbo.revenue.corporate_income_taxes,cbo_1986-02,1990,52.834,52.834,0.0
cbo.revenue.corporate_income_taxes,cbo_1987-01,1991,65.295,65.295,0.0
cbo.revenue.corporate_income_taxes,cbo_1988-02,1992,34.261,34.26100000000001,7.105427357601002e-15
cbo.revenue.corporate_income_taxes,cbo_1989-01,1993,19.0,18.999999999999986,1.4210854715202004e-14
cbo.revenue.corporate_income_taxes,cbo_1990-01,1994,-7.918,-7.917999999999978,2.220446049250313e-14
cbo.revenue.corporate_income_taxes,cbo_1991-01,1995,-42.149,-42.14899999999999,1.4210854715202004e-14
cbo.revenue.corporate_income_taxes,cbo_1992-01,1996,-37.248,-37.24799999999999,7.105427357601002e-15
cbo.revenue.corporate_income_taxes,cbo_1992-03,1996,-37.248,-37.24800000000002,2.1316282072803006e-14
cbo.revenue.corporate_income_taxes,cbo_1993-01,1997,-31.726,-31.726,0.0
cbo.revenue.corporate_income_taxes,cbo_1993-03,1997,-31.726,-31.726,0.0
cbo.revenue.corporate_income_taxes,cbo_1994-01,1998,-45.568,-45.567999999999984,1.4210854715202004e-14
cbo.revenue.corporate_income_taxes,cbo_1995-01,1999,-14.754,-14.75399999999999,8.881784197001252e-15
cbo.revenue.corporate_income_taxes,cbo_1996-05,2000,-33.863,-33.86299999999997,2.842170943040401e-14
cbo.revenue.corporate_income_taxes,cbo_1997-01,2001,5.552,5.552000000000021,2.1316282072803006e-14
cbo.revenue.corporate_income_taxes,cbo_1997-03,2001,5.552,5.552000000000021,2.1316282072803006e-14
cbo.revenue.corporate_income_taxes,cbo_1998-01,2002,52.711,52.710999999999984,1.4210854715202004e-14
cbo.revenue.corporate_income_taxes,cbo_1998-03,2002,52.711,52.710999999999984,1.4210854715202004e-14
cbo.revenue.corporate_income_taxes,cbo_1999-01,2003,37.291,37.291,0.0
cbo.revenue.corporate_income_taxes,cbo_2000-01,2004,-37.204,-37.20400000000001,7.105427357601002e-15
cbo.revenue.corporate_income_taxes,cbo_2001-01,2005,-40.696,-40.69599999999997,2.842170943040401e-14
cbo.revenue.corporate_income_taxes,cbo_2001-05,2005,-40.696,-40.69599999999997,2.842170943040401e-14
cbo.revenue.corporate_income_taxes,cbo_2002-01,2006,-99.227,-99.227,0.0
cbo.revenue.corporate_income_taxes,cbo_2002-03,2006,-99.227,-99.227,0.0
cbo.revenue.corporate_income_taxes,cbo_2003-01,2007,-122.68,-122.68,0.0
cbo.revenue.corporate_income_taxes,cbo_2003-03,2007,-122.68,-122.68,0.0
cbo.revenue.corporate_income_taxes,cbo_2004-01,2008,-71.018,-71.018,0.0
cbo.revenue.corporate_income_taxes,cbo_2004-03,2008,-71.925,-71.92500000000001,1.4210854715202004e-14
cbo.revenue.corporate_income_taxes,cbo_2005-01,2009,47.274,47.27399999999997,2.842170943040401e-14
cbo.revenue.corporate_income_taxes,cbo_2005-03,2009,47.274,47.27399999999997,2.842170943040401e-14
cbo.revenue.corporate_income_taxes,cbo_2006-01,2010,42.627,42.62699999999995,4.973799150320701e-14
cbo.revenue.corporate_income_taxes,cbo_2006-03,2010,42.627,42.62699999999995,4.973799150320701e-14
cbo.revenue.corporate_income_taxes,cbo_2007-01,2011,82.2,82.19999999999996,4.263256414560601e-14
cbo.revenue.corporate_income_taxes,cbo_2007-03,2011,82.2,82.19999999999996,4.263256414560601e-14
cbo.revenue.corporate_income_taxes,cbo_2008-01,2012,82.658,82.65800000000002,1.4210854715202004e-14
cbo.revenue.corporate_income_taxes,cbo_2008-03,2012,76.659,76.65899999999999,1.4210854715202004e-14
cbo.revenue.corporate_income_taxes,cbo_2009-01,2013,22.076,22.076000000000022,2.1316282072803006e-14
cbo.revenue.corporate_income_taxes,cbo_2009-03,2013,16.3,16.300000000000068,6.750155989720952e-14
cbo.revenue.corporate_income_taxes,cbo_2010-01,2014,72.424,72.42399999999998,2.842170943040401e-14
cbo.revenue.corporate_income_taxes,cbo_2010-03,2014,75.213,75.21299999999997,2.842170943040401e-14
cbo.revenue.corporate_income_taxes,cbo_2011-01,2015,23.039,23.038999999999987,1.4210854715202004e-14
cbo.revenue.corporate_income_taxes,cbo_2011-03,2015,20.812,20.811999999999955,4.618527782440651e-14
cbo.revenue.corporate_income_taxes,cbo_2012-01,2016,100.724,100.72399999999993,7.105427357601002e-14
cbo.revenue.corporate_income_taxes,cbo_2012-03,2016,101.953,101.95299999999997,2.842170943040401e-14
cbo.revenue.corporate_income_taxes,cbo_2013-02,2017,173.375,173.375,0.0
cbo.revenue.corporate_income_taxes,cbo_2013-05,2017,173.375,173.375,0.0
cbo.revenue.corporate_income_taxes,cbo_2014-02,2018,126.026,126.02600000000001,1.4210854715202004e-14
cbo.revenue.corporate_income_taxes,cbo_2014-04,2018,126.037,126.03699999999998,2.842170943040401e-14
cbo.revenue.corporate_income_taxes,cbo_2015-01,2019,96.774,96.774,0.0
cbo.revenue.corporate_income_taxes,cbo_2015-03,2019,96.774,96.774,0.0
cbo.revenue.corporate_income_taxes,cbo_2016-01,2020,10.492,10.492000000000019,1.7763568394002505e-14
cbo.revenue.corporate_income_taxes,cbo_2016-03,2020,19.103,19.103000000000037,3.552713678800501e-14
cbo.revenue.corporate_income_taxes,cbo_2017-01,2021,-64.78,-64.78000000000003,2.842170943040401e-14
cbo.revenue.corporate_income_taxes,cbo_2017-06,2021,-59.522,-59.52200000000005,4.973799150320701e-14
cbo.revenue.corporate_income_taxes,cbo_2018-04,2022,-78.144,-78.14400000000006,5.684341886080802e-14
cbo.revenue.corporate_income_taxes,cbo_2018-05,2022,-78.144,-78.14400000000006,5.684341886080802e-14
cbo.revenue.corporate_income_taxes,cbo_2019-01,2023,-39.131,-39.13099999999997,2.842170943040401e-14
cbo.revenue.corporate_income_taxes,cbo_2019-05,2023,-39.131,-39.13099999999997,2.842170943040401e-14
cbo.revenue.corporate_income_taxes,cbo_2020-01,2024,-145.535,-145.53499999999997,2.842170943040401e-14
cbo.revenue.corporate_income_taxes,cbo_2020-03,2024,-145.535,-145.53499999999997,2.842170943040401e-14
cbo.revenue.corporate_income_taxes,cbo_2021-02,2025,-170.874,-170.87399999999997,2.842170943040401e-14
cbo.revenue.corporate_income_taxes,cbo_2021-07,2025,-126.627,-126.62700000000001,1.4210854715202004e-14
cbo.revenue.corporate_income_taxes,cbo_1982-02,1987,57.678,57.67799999999998,1.4210854715202004e-14
cbo.revenue.corporate_income_taxes,cbo_1983-02,1988,34.758,34.758000000000024,2.1316282072803006e-14
cbo.revenue.corporate_income_taxes,cbo_1984-02,1989,24.104,24.104,0.0
cbo.revenue.corporate_income_taxes,cbo_1985-02,1990,48.482,48.482,0.0
cbo.revenue.corporate_income_taxes,cbo_1986-02,1991,55.703,55.70299999999999,1.4210854715202004e-14
cbo.revenue.corporate_income_taxes,cbo_1987-01,1992,73.293,73.29300000000002,1.4210854715202004e-14
cbo.revenue.corporate_income_taxes,cbo_1988-02,1993,23.577,23.576999999999984,1.7763568394002505e-14
cbo.revenue.corporate_income_taxes,cbo_1989-01,1994,6.739,6.739000000000004,4.440892098500626e-15
cbo.revenue.corporate_income_taxes,cbo_1990-01,1995,-16.665,-16.664999999999992,7.105427357601002e-15
cbo.revenue.corporate_income_taxes,cbo_1991-01,1996,-55.035,-55.03500000000001,1.4210854715202004e-14
cbo.revenue.corporate_income_taxes,cbo_1992-01,1997,-39.651,-39.65100000000001,7.105427357601002e-15
cbo.revenue.corporate_income_taxes,cbo_1992-03,1997,-39.651,-39.65100000000001,7.105427357601002e-15
cbo.revenue.corporate_income_taxes,cbo_1993-01,1998,-33.911,-33.911,0.0
cbo.revenue.corporate_income_taxes,cbo_1993-03,1998,-33.911,-33.911,0.0
cbo.revenue.corporate_income_taxes,cbo_1994-01,1999,-34.014,-34.01399999999998,2.1316282072803006e-14
cbo.revenue.corporate_income_taxes,cbo_1995-01,2000,-31.513,-31.513000000000005,3.552713678800501e-15
cbo.revenue.corporate_income_taxes,cbo_1996-05,2001,-10.716,-10.716000000000008,8.881784197001252e-15
cbo.revenue.corporate_income_taxes,cbo_1997-01,2002,45.461,45.460999999999984,1.4210854715202004e-14
cbo.revenue.corporate_income_taxes,cbo_1997-03,2002,45.461,45.460999999999984,1.4210854715202004e-14
cbo.revenue.corporate_income_taxes,cbo_1998-01,2003,33.033,33.03299999999999,1.4210854715202004e-14
cbo.revenue.corporate_income_taxes,cbo_1998-03,2003,33.033,33.03299999999999,1.4210854715202004e-14
cbo.revenue.corporate_income_taxes,cbo_1999-01,2004,-6.953,-6.953000000000003,2.6645352591003757e-15
cbo.revenue.corporate_income_taxes,cbo_2000-01,2005,-88.182,-88.18199999999999,1.4210854715202004e-14
cbo.revenue.corporate_income_taxes,cbo_2001-01,2006,-89.991,-89.99100000000004,4.263256414560601e-14
cbo.revenue.corporate_income_taxes,cbo_2001-05,2006,-89.991,-89.99100000000004,4.263256414560601e-14
cbo.revenue.corporate_income_taxes,cbo_2002-01,2007,-111.404,-111.404,0.0
cbo.revenue.corporate_income_taxes,cbo_2002-03,2007,-111.404,-111.404,0.0
cbo.revenue.corporate_income_taxes,cbo_2003-01,2008,-71.443,-71.44299999999998,1.4210854715202004e-14
cbo.revenue.corporate_income_taxes,cbo_2003-03,2008,-71.443,-71.44299999999998,1.4210854715202004e-14
cbo.revenue.corporate_income_taxes,cbo_2004-01,2009,75.705,75.70499999999998,1.4210854715202004e-14
cbo.revenue.corporate_income_taxes,cbo_2004-03,2009,74.754,74.75399999999999,1.4210854715202004e-14
cbo.revenue.corporate_income_taxes,cbo_2005-01,2010,-14.192,-14.192000000000007,7.105427357601002e-15
cbo.revenue.corporate_income_taxes,cbo_2005-03,2010,-14.192,-14.192000000000007,7.105427357601002e-15
cbo.revenue.corporate_income_taxes,cbo_2006-01,2011,54.386,54.385999999999996,7.105427357601002e-15
cbo.revenue.corporate_income_taxes,cbo_2006-03,2011,54.386,54.385999999999996,7.105427357601002e-15
cbo.revenue.corporate_income_taxes,cbo_2007-01,2012,81.708,81.70799999999997,2.842170943040401e-14
cbo.revenue.corporate_income_taxes,cbo_2007-03,2012,81.708,81.70800000000003,2.842170943040401e-14
cbo.revenue.corporate_income_taxes,cbo_2008-01,2013,22.027,22.027000000000044,4.263256414560601e-14
cbo.revenue.corporate_income_taxes,cbo_2008-03,2013,16.751,16.751000000000033,3.197442310920451e-14
cbo.revenue.corporate_income_taxes,cbo_2009-01,2014,54.962,54.96199999999999,1.4210854715202004e-14
cbo.revenue.corporate_income_taxes,cbo_2009-03,2014,43.952,43.952,0.0
cbo.revenue.corporate_income_taxes,cbo_2010-01,2015,30.763,30.762999999999977,2.4868995751603507e-14
cbo.revenue.corporate_income_taxes,cbo_2010-03,2015,33.552,33.551999999999964,3.552713678800501e-14
cbo.revenue.corporate_income_taxes,cbo_2011-01,2016,35.643,35.64299999999997,2.842170943040401e-14
cbo.revenue.corporate_income_taxes,cbo_2011-03,2016,34.491,34.490999999999985,1.4210854715202004e-14
cbo.revenue.corporate_income_taxes,cbo_2012-01,2017,133.901,133.901,0.0
cbo.revenue.corporate_income_taxes,cbo_2012-03,2017,134.161,134.161,0.0
cbo.revenue.corporate_income_taxes,cbo_2013-02,2018,180.838,180.83799999999997,2.842170943040401e-14
cbo.revenue.corporate_income_taxes,cbo_2013-05,2018,180.838,180.83800000000002,2.842170943040401e-14
cbo.revenue.corporate_income_taxes,cbo_2014-02,2019,101.83,101.82999999999998,1.4210854715202004e-14
cbo.revenue.corporate_income_taxes,cbo_2014-04,2019,101.874,101.87399999999997,2.842170943040401e-14
cbo.revenue.corporate_income_taxes,cbo_2015-01,2020,71.637,71.63699999999997,2.842170943040401e-14
cbo.revenue.corporate_income_taxes,cbo_2015-03,2020,71.637,71.63700000000003,2.842170943040401e-14
cbo.revenue.corporate_income_taxes,cbo_2016-01,2021,-51.207,-51.206999999999994,7.105427357601002e-15
cbo.revenue.corporate_income_taxes,cbo_2016-03,2021,-46.703,-46.70300000000003,2.842170943040401e-14
cbo.revenue.corporate_income_taxes,cbo_2017-01,2022,-82.354,-82.35400000000004,4.263256414560601e-14
cbo.revenue.corporate_income_taxes,cbo_2017-06,2022,-73.37,-73.37,0.0
cbo.revenue.corporate_income_taxes,cbo_2018-04,2023,-9.178,-9.178000000000054,5.3290705182007514e-14
cbo.revenue.corporate_income_taxes,cbo_2018-05,2023,-9.178,-9.178000000000054,5.3290705182007514e-14
cbo.revenue.corporate_income_taxes,cbo_2019-01,2024,-109.487,-109.48699999999997,2.842170943040401e-14
cbo.revenue.corporate_income_taxes,cbo_2019-05,2024,-109.487,-109.48699999999997,2.842170943040401e-14
cbo.revenue.corporate_income_taxes,cbo_2020-01,2025,-136.169,-136.16900000000004,2.842170943040401e-14
cbo.revenue.corporate_income_taxes,cbo_2020-03,2025,-136.169,-136.16900000000004,2.842170943040401e-14
cbo.revenue.corporate_income_taxes,cbo_1992-01,1998,-40.437,-40.43699999999998,1.4210854715202004e-14
cbo.revenue.corporate_income_taxes,cbo_1993-01,1999,-32.405,-32.405,0.0
cbo.revenue.corporate_income_taxes,cbo_1993-03,1999,-32.405,-32.405,0.0
cbo.revenue.corporate_income_taxes,cbo_1994-01,2000,-53.048,-53.048,0.0
cbo.revenue.corporate_income_taxes,cbo_1995-01,2001,-1.924,-1.9239999999999782,2.1760371282653068e-14
cbo.revenue.corporate_income_taxes,cbo_1996-05,2002,29.358,29.358000000000004,3.552713678800501e-15
cbo.revenue.corporate_income_taxes,cbo_1997-01,2003,26.844,26.843999999999994,7.105427357601002e-15
cbo.revenue.corporate_income_taxes,cbo_1997-03,2003,26.844,26.843999999999994,7.105427357601002e-15
cbo.revenue.corporate_income_taxes,cbo_1998-01,2004,-16.361,-16.36100000000002,1.7763568394002505e-14
cbo.revenue.corporate_income_taxes,cbo_1998-03,2004,-16.361,-16.36100000000002,1.7763568394002505e-14
cbo.revenue.corporate_income_taxes,cbo_1999-01,2005,-51.61,-51.609999999999985,1.4210854715202004e-14
cbo.revenue.corporate_income_taxes,cbo_2000-01,2006,-138.554,-138.55400000000003,2.842170943040401e-14
cbo.revenue.corporate_income_taxes,cbo_2001-01,2007,-107.713,-107.71300000000002,2.842170943040401e-14
cbo.revenue.corporate_income_taxes,cbo_2001-05,2007,-107.713,-107.71300000000002,2.842170943040401e-14
cbo.revenue.corporate_income_taxes,cbo_2002-01,2008,-54.971,-54.97100000000003,3.552713678800501e-14
cbo.revenue.corporate_income_taxes,cbo_2002-03,2008,-54.971,-54.97100000000003,3.552713678800501e-14
cbo.revenue.corporate_income_taxes,cbo_2003-01,2009,81.512,81.51199999999997,2.842170943040401e-14
cbo.revenue.corporate_income_taxes,cbo_2003-03,2009,81.512,81.51199999999997,2.842170943040401e-14
cbo.revenue.corporate_income_taxes,cbo_2004-01,2010,11.469,11.468999999999994,5.329070518200751e-15
cbo.revenue.corporate_income_taxes,cbo_2004-03,2010,10.297,10.296999999999969,3.197442310920451e-14
cbo.revenue.corporate_income_taxes,cbo_2005-01,2011,-2.446,-2.445999999999998,2.220446049250313e-15
cbo.revenue.corporate_income_taxes,cbo_2005-03,2011,-2.446,-2.445999999999998,2.220446049250313e-15
cbo.revenue.corporate_income_taxes,cbo_2006-01,2012,63.343,63.34300000000002,1.4210854715202004e-14
cbo.revenue.corporate_income_taxes,cbo_2006-03,2012,63.343,63.34300000000002,1.4210854715202004e-14
cbo.revenue.corporate_income_taxes,cbo_2007-01,2013,21.732,21.732000000000028,2.842170943040401e-14
cbo.revenue.corporate_income_taxes,cbo_2007-03,2013,21.732,21.732000000000028,2.842170943040401e-14
cbo.revenue.corporate_income_taxes,cbo_2008-01,2014,51.516,51.51599999999996,3.552713678800501e-14
cbo.revenue.corporate_income_taxes,cbo_2008-03,2014,46.743,46.742999999999995,7.105427357601002e-15
cbo.revenue.corporate_income_taxes,cbo_2009-01,2015,5.881,5.880999999999972,2.842170943040401e-14
cbo.revenue.corporate_income_taxes,cbo_2009-03,2015,-10.499,-10.49900000000008,7.993605777301127e-14
cbo.revenue.corporate_income_taxes,cbo_2010-01,2016,34.941,34.94099999999992,8.526512829121202e-14
cbo.revenue.corporate_income_taxes,cbo_2010-03,2016,37.73,37.72999999999996,3.552713678800501e-14
cbo.revenue.corporate_income_taxes,cbo_2011-01,2017,78.626,78.62599999999998,2.842170943040401e-14
cbo.revenue.corporate_income_taxes,cbo_2011-03,2017,78.951,78.95099999999996,2.842170943040401e-14
cbo.revenue.corporate_income_taxes,cbo_2012-01,2018,131.294,131.29400000000004,2.842170943040401e-14
cbo.revenue.corporate_income_taxes,cbo_2012-03,2018,131.348,131.348,0.0
cbo.revenue.corporate_income_taxes,cbo_2013-02,2019,149.057,149.05700000000002,2.842170943040401e-14
cbo.revenue.corporate_income_taxes,cbo_2013-05,2019,149.057,149.05700000000002,2.842170943040401e-14
cbo.revenue.corporate_income_taxes,cbo_2014-02,2020,76.472,76.47200000000001,1.4210854715202004e-14
cbo.revenue.corporate_income_taxes,cbo_2014-04,2020,76.528,76.52799999999999,1.4210854715202004e-14
cbo.revenue.corporate_income_taxes,cbo_2015-01,2021,9.181,9.180999999999983,1.5987211554602254e-14
cbo.revenue.corporate_income_taxes,cbo_2015-03,2021,9.181,9.180999999999983,1.5987211554602254e-14
cbo.revenue.corporate_income_taxes,cbo_2016-01,2022,-65.808,-65.80799999999999,1.4210854715202004e-14
cbo.revenue.corporate_income_taxes,cbo_2016-03,2022,-61.65,-61.650000000000034,3.552713678800501e-14
cbo.revenue.corporate_income_taxes,cbo_2017-01,2023,-19.146,-19.146000000000015,1.4210854715202004e-14
cbo.revenue.corporate_income_taxes,cbo_2017-06,2023,-9.499,-9.499000000000024,2.3092638912203256e-14
cbo.revenue.corporate_income_taxes,cbo_2018-04,2024,-87.411,-87.41099999999994,5.684341886080802e-14
cbo.revenue.corporate_income_taxes,cbo_2018-05,2024,-87.411,-87.41099999999994,5.684341886080802e-14
cbo.revenue.corporate_income_taxes,cbo_2019-01,2025,-94.274,-94.274,0.0
cbo.revenue.corporate_income_taxes,cbo_2019-05,2025,-94.274,-94.274,0.0
cbo.revenue.corporate_income_taxes,cbo_1992-01,1999,-34.636,-34.635999999999996,7.105427357601002e-15
cbo.revenue.corporate_income_taxes,cbo_1993-01,2000,-51.849,-51.84899999999999,7.105427357601002e-15
cbo.revenue.corporate_income_taxes,cbo_1993-03,2000,-51.849,-51.84899999999999,7.105427357601002e-15
cbo.revenue.corporate_income_taxes,cbo_1994-01,2001,-28.208,-28.207999999999984,1.4210854715202004e-14
cbo.revenue.corporate_income_taxes,cbo_1995-01,2002,43.223,43.222999999999985,1.4210854715202004e-14
cbo.revenue.corporate_income_taxes,cbo_1996-05,2003,10.976,10.976000000000028,2.6645352591003757e-14
cbo.revenue.corporate_income_taxes,cbo_1997-01,2004,-21.306,-21.30600000000001,1.0658141036401503e-14
cbo.revenue.corporate_income_taxes,cbo_1997-03,2004,-21.306,-21.30600000000001,1.0658141036401503e-14
cbo.revenue.corporate_income_taxes,cbo_1998-01,2005,-65.348,-65.34799999999996,4.263256414560601e-14
cbo.revenue.corporate_income_taxes,cbo_1998-03,2005,-65.348,-65.34799999999996,4.263256414560601e-14
cbo.revenue.corporate_income_taxes,cbo_1999-01,2006,-97.845,-97.84500000000003,2.842170943040401e-14
cbo.revenue.corporate_income_taxes,cbo_2000-01,2007,-157.428,-157.428,0.0
cbo.revenue.corporate_income_taxes,cbo_2001-01,2008,-54.514,-54.51400000000001,7.105427357601002e-15
cbo.revenue.corporate_income_taxes,cbo_2001-05,2008,-54.514,-54.51400000000001,7.105427357601002e-15
cbo.revenue.corporate_income_taxes,cbo_2002-01,2009,101.628,101.62799999999999,1.4210854715202004e-14
cbo.revenue.corporate_income_taxes,cbo_2002-03,2009,101.628,101.62799999999999,1.4210854715202004e-14
cbo.revenue.corporate_income_taxes,cbo_2003-01,2010,21.697,21.696999999999974,2.4868995751603507e-14
cbo.revenue.corporate_income_taxes,cbo_2003-03,2010,21.697,21.696999999999974,2.4868995751603507e-14
cbo.revenue.corporate_income_taxes,cbo_2004-01,2011,26.517,26.516999999999996,3.552713678800501e-15
cbo.revenue.corporate_income_taxes,cbo_2004-03,2011,25.063,25.06299999999996,3.907985046680551e-14
cbo.revenue.corporate_income_taxes,cbo_2005-01,2012,6.375,6.375,0.0
cbo.revenue.corporate_income_taxes,cbo_2005-03,2012,6.375,6.375,0.0
cbo.revenue.corporate_income_taxes,cbo_2006-01,2013,10.132,10.132000000000005,5.329070518200751e-15
cbo.revenue.corporate_income_taxes,cbo_2006-03,2013,10.132,10.132000000000005,5.329070518200751e-15
cbo.revenue.corporate_income_taxes,cbo_2007-01,2014,50.507,50.507000000000005,7.105427357601002e-15
cbo.revenue.corporate_income_taxes,cbo_2007-03,2014,50.507,50.507000000000005,7.105427357601002e-15
cbo.revenue.corporate_income_taxes,cbo_2008-01,2015,9.294,9.293999999999983,1.7763568394002505e-14
cbo.revenue.corporate_income_taxes,cbo_2008-03,2015,4.334,4.334000000000003,3.552713678800501e-15
cbo.revenue.corporate_income_taxes,cbo_2009-01,2016,5.179,5.178999999999974,2.6645352591003757e-14
cbo.revenue.corporate_income_taxes,cbo_2009-03,2016,-12.661,-12.661000000000001,1.7763568394002505e-15
cbo.revenue.corporate_income_taxes,cbo_2010-01,2017,75.179,75.17899999999997,2.842170943040401e-14
cbo.revenue.corporate_income_taxes,cbo_2010-03,2017,77.968,77.96799999999996,4.263256414560601e-14
cbo.revenue.corporate_income_taxes,cbo_2011-01,2018,86.418,86.41799999999995,5.684341886080802e-14
cbo.revenue.corporate_income_taxes,cbo_2011-03,2018,86.883,86.88299999999998,1.4210854715202004e-14
cbo.revenue.corporate_income_taxes,cbo_2012-01,2019,101.108,101.108,0.0
cbo.revenue.corporate_income_taxes,cbo_2012-03,2019,101.169,101.16899999999998,1.4210854715202004e-14
cbo.revenue.corporate_income_taxes,cbo_2013-02,2020,117.696,117.69600000000005,5.684341886080802e-14
cbo.revenue.corporate_income_taxes,cbo_2013-05,2020,117.696,117.69600000000005,5.684341886080802e-14
cbo.revenue.corporate_income_taxes,cbo_2014-02,2021,12.35,12.349999999999966,3.375077994860476e-14
cbo.revenue.corporate_income_taxes,cbo_2014-04,2021,12.415,12.414999999999964,3.552713678800501e-14
cbo.revenue.corporate_income_taxes,cbo_2015-01,2022,-9.679,-9.678999999999974,2.6645352591003757e-14
cbo.revenue.corporate_income_taxes,cbo_2015-03,2022,-9.679,-9.67900000000003,3.019806626980426e-14
cbo.revenue.corporate_income_taxes,cbo_2016-01,2023,-2.501,-2.5009999999999764,2.353672812205332e-14
cbo.revenue.corporate_income_taxes,cbo_2016-03,2023,2.655,2.6549999999999727,2.708944180085382e-14
cbo.revenue.corporate_income_taxes,cbo_2017-01,2024,-102.393,-102.39299999999997,2.842170943040401e-14
cbo.revenue.corporate_income_taxes,cbo_2017-06,2024,-93.165,-93.16499999999996,4.263256414560601e-14
cbo.revenue.corporate_income_taxes,cbo_2018-04,2025,-75.819,-75.81900000000002,1.4210854715202004e-14
cbo.revenue.corporate_income_taxes,cbo_2018-05,2025,-75.819,-75.81900000000002,1.4210854715202004e-14
cbo.revenue.corporate_income_taxes,cbo_1992-01,2000,-49.752,-49.75199999999998,2.1316282072803006e-14
cbo.revenue.corporate_income_taxes,cbo_1993-01,2001,-27.825,-27.825000000000003,3.552713678800501e-15
cbo.revenue.corporate_income_taxes,cbo_1993-03,2001,-27.825,-27.825000000000003,3.552713678800501e-15
cbo.revenue.corporate_income_taxes,cbo_1994-01,2002,12.855,12.854999999999961,3.907985046680551e-14
cbo.revenue.corporate_income_taxes,cbo_1995-01,2003,28.03,28.03,0.0
cbo.revenue.corporate_income_taxes,cbo_1996-05,2004,-36.863,-36.863,0.0
cbo.revenue.corporate_income_taxes,cbo_1997-01,2005,-68.013,-68.01299999999998,2.842170943040401e-14
cbo.revenue.corporate_income_taxes,cbo_1997-03,2005,-68.013,-68.01299999999998,2.842170943040401e-14
cbo.revenue.corporate_income_taxes,cbo_1998-01,2006,-114.354,-114.35400000000001,1.4210854715202004e-14
cbo.revenue.corporate_income_taxes,cbo_1998-03,2006,-114.354,-114.35400000000001,1.4210854715202004e-14
cbo.revenue.corporate_income_taxes,cbo_1999-01,2007,-115.2,-115.20000000000002,1.4210854715202004e-14
cbo.revenue.corporate_income_taxes,cbo_2000-01,2008,-107.497,-107.49700000000001,1.4210854715202004e-14
cbo.revenue.corporate_income_taxes,cbo_2001-01,2009,101.018,101.01799999999997,2.842170943040401e-14
cbo.revenue.corporate_income_taxes,cbo_2001-05,2009,101.018,101.01799999999997,2.842170943040401e-14
cbo.revenue.corporate_income_taxes,cbo_2002-01,2010,45.255,45.254999999999995,7.105427357601002e-15
cbo.revenue.corporate_income_taxes,cbo_2002-03,2010,45.255,45.254999999999995,7.105427357601002e-15
cbo.revenue.corporate_income_taxes,cbo_2003-01,2011,37.851,37.851,0.0
cbo.revenue.corporate_income_taxes,cbo_2003-03,2011,37.851,37.85100000000003,2.842170943040401e-14
cbo.revenue.corporate_income_taxes,cbo_2004-01,2012,38.488,38.488000000000056,5.684341886080802e-14
cbo.revenue.corporate_income_taxes,cbo_2004-03,2012,36.858,36.858000000000004,7.105427357601002e-15
cbo.revenue.corporate_income_taxes,cbo_2005-01,2013,-46.163,-46.16300000000001,1.4210854715202004e-14
cbo.revenue.corporate_income_taxes,cbo_2005-03,2013,-46.163,-46.16300000000001,1.4210854715202004e-14
cbo.revenue.corporate_income_taxes,cbo_2006-01,2014,43.617,43.61700000000002,2.1316282072803006e-14
cbo.revenue.corporate_income_taxes,cbo_2006-03,2014,43.617,43.61700000000002,2.1316282072803006e-14
cbo.revenue.corporate_income_taxes,cbo_2007-01,2015,7.816,7.815999999999974,2.5757174171303632e-14
cbo.revenue.corporate_income_taxes,cbo_2007-03,2015,7.816,7.815999999999974,2.5757174171303632e-14
cbo.revenue.corporate_income_taxes,cbo_2008-01,2016,19.816,19.815999999999974,2.4868995751603507e-14
cbo.revenue.corporate_income_taxes,cbo_2008-03,2016,14.49,14.490000000000009,8.881784197001252e-15
cbo.revenue.corporate_income_taxes,cbo_2009-01,2017,40.221,40.221000000000004,7.105427357601002e-15
cbo.revenue.corporate_income_taxes,cbo_2009-03,2017,20.764,20.76400000000001,1.0658141036401503e-14
cbo.revenue.corporate_income_taxes,cbo_2010-01,2018,84.646,84.64600000000002,1.4210854715202004e-14
cbo.revenue.corporate_income_taxes,cbo_2010-03,2018,87.435,87.435,0.0
cbo.revenue.corporate_income_taxes,cbo_2011-01,2019,65.218,65.21799999999996,4.263256414560601e-14
cbo.revenue.corporate_income_taxes,cbo_2011-03,2019,65.311,65.31100000000004,2.842170943040401e-14
cbo.revenue.corporate_income_taxes,cbo_2012-01,2020,72.148,72.14800000000005,5.684341886080802e-14
cbo.revenue.corporate_income_taxes,cbo_2012-03,2020,72.207,72.20700000000002,2.842170943040401e-14
cbo.revenue.corporate_income_taxes,cbo_2013-02,2021,50.117,50.11699999999996,3.552713678800501e-14
cbo.revenue.corporate_income_taxes,cbo_2013-05,2021,50.117,50.11699999999996,3.552713678800501e-14
cbo.revenue.corporate_income_taxes,cbo_2014-02,2022,-8.987,-8.987000000000023,2.3092638912203256e-14
cbo.revenue.corporate_income_taxes,cbo_2014-04,2022,-8.915,-8.91500000000002,2.1316282072803006e-14
cbo.revenue.corporate_income_taxes,cbo_2015-01,2023,52.127,52.12699999999995,4.973799150320701e-14
cbo.revenue.corporate_income_taxes,cbo_2015-03,2023,52.127,52.12699999999995,4.973799150320701e-14
cbo.revenue.corporate_income_taxes,cbo_2016-01,2024,-87.811,-87.81099999999998,2.842170943040401e-14
cbo.revenue.corporate_income_taxes,cbo_2016-03,2024,-81.5,-81.49999999999994,5.684341886080802e-14
cbo.revenue.corporate_income_taxes,cbo_2017-01,2025,-100.41,-100.41000000000003,2.842170943040401e-14
cbo.revenue.corporate_income_taxes,cbo_2017-06,2025,-92.647,-92.64699999999999,1.4210854715202004e-14
cbo.revenue.corporate_income_taxes,cbo_1992-01,2001,-22.452,-22.451999999999998,3.552713678800501e-15
cbo.revenue.corporate_income_taxes,cbo_1993-01,2002,10.807,10.806999999999988,1.2434497875801753e-14
cbo.revenue.corporate_income_taxes,cbo_1993-03,2002,10.807,10.806999999999988,1.2434497875801753e-14
cbo.revenue.corporate_income_taxes,cbo_1994-01,2003,-5.215,-5.214999999999975,2.4868995751603507e-14
cbo.revenue.corporate_income_taxes,cbo_1995-01,2004,-18.212,-18.212000000000018,1.7763568394002505e-14
cbo.revenue.corporate_income_taxes,cbo_1996-05,2005,-83.24,-83.23999999999998,1.4210854715202004e-14
cbo.revenue.corporate_income_taxes,cbo_1997-01,2006,-114.826,-114.82600000000002,2.842170943040401e-14
cbo.revenue.corporate_income_taxes,cbo_1997-03,2006,-114.826,-114.82600000000002,2.842170943040401e-14
cbo.revenue.corporate_income_taxes,cbo_1998-01,2007,-132.865,-132.86499999999998,2.842170943040401e-14
cbo.revenue.corporate_income_taxes,cbo_1998-03,2007,-132.865,-132.86499999999998,2.842170943040401e-14
cbo.revenue.corporate_income_taxes,cbo_1999-01,2008,-65.944,-65.94399999999999,1.4210854715202004e-14
cbo.revenue.corporate_income_taxes,cbo_2000-01,2009,43.555,43.55499999999998,2.1316282072803006e-14
cbo.revenue.corporate_income_taxes,cbo_2001-01,2010,45.217,45.216999999999985,1.4210854715202004e-14
cbo.revenue.corporate_income_taxes,cbo_2001-05,2010,45.217,45.216999999999985,1.4210854715202004e-14
cbo.revenue.corporate_income_taxes,cbo_2002-01,2011,64.814,64.81399999999996,2.842170943040401e-14
cbo.revenue.corporate_income_taxes,cbo_2002-03,2011,64.814,64.81399999999996,2.842170943040401e-14
cbo.revenue.corporate_income_taxes,cbo_2003-01,2012,49.522,49.52199999999999,7.105427357601002e-15
cbo.revenue.corporate_income_taxes,cbo_2003-03,2012,49.522,49.52199999999999,7.105427357601002e-15
cbo.revenue.corporate_income_taxes,cbo_2004-01,2013,-12.411,-12.411000000000001,1.7763568394002505e-15
cbo.revenue.corporate_income_taxes,cbo_2004-03,2013,-14.244,-14.243999999999971,2.842170943040401e-14
cbo.revenue.corporate_income_taxes,cbo_2005-01,2014,-11.934,-11.934000000000026,2.6645352591003757e-14
cbo.revenue.corporate_income_taxes,cbo_2005-03,2014,-11.934,-11.934000000000026,2.6645352591003757e-14
cbo.revenue.corporate_income_taxes,cbo_2006-01,2015,4.255,4.2549999999999955,4.440892098500626e-15
cbo.revenue.corporate_income_taxes,cbo_2006-03,2015,4.255,4.2549999999999955,4.440892098500626e-15
cbo.revenue.corporate_income_taxes,cbo_2007-01,2016,18.224,18.22399999999999,1.0658141036401503e-14
cbo.revenue.corporate_income_taxes,cbo_2007-03,2016,18.224,18.22399999999999,1.0658141036401503e-14
cbo.revenue.corporate_income_taxes,cbo_2008-01,2017,65.578,65.57800000000003,2.842170943040401e-14
cbo.revenue.corporate_income_taxes,cbo_2008-03,2017,60.279,60.278999999999996,7.105427357601002e-15
cbo.revenue.corporate_income_taxes,cbo_2009-01,2018,44.055,44.05500000000001,7.105427357601002e-15
cbo.revenue.corporate_income_taxes,cbo_2009-03,2018,22.176,22.176000000000045,4.618527782440651e-14
cbo.revenue.corporate_income_taxes,cbo_2010-01,2019,68.155,68.15500000000003,2.842170943040401e-14
cbo.revenue.corporate_income_taxes,cbo_2010-03,2019,70.943,70.94300000000004,4.263256414560601e-14
cbo.revenue.corporate_income_taxes,cbo_2011-01,2020,46.917,46.917,0.0
cbo.revenue.corporate_income_taxes,cbo_2011-03,2020,46.756,46.756,0.0
cbo.revenue.corporate_income_taxes,cbo_2012-01,2021,4.941,4.940999999999917,8.260059303211165e-14
cbo.revenue.corporate_income_taxes,cbo_2012-03,2021,4.947,4.947000000000003,2.6645352591003757e-15
cbo.revenue.corporate_income_taxes,cbo_2013-02,2022,26.64,26.639999999999986,1.4210854715202004e-14
cbo.revenue.corporate_income_taxes,cbo_2013-05,2022,26.64,26.639999999999986,1.4210854715202004e-14
cbo.revenue.corporate_income_taxes,cbo_2014-02,2023,50.639,50.63900000000001,7.105427357601002e-15
cbo.revenue.corporate_income_taxes,cbo_2014-04,2023,50.716,50.71600000000001,7.105427357601002e-15
cbo.revenue.corporate_income_taxes,cbo_2015-01,2024,-32.559,-32.55899999999997,2.842170943040401e-14
cbo.revenue.corporate_income_taxes,cbo_2015-03,2024,-32.559,-32.55899999999997,2.842170943040401e-14
cbo.revenue.corporate_income_taxes,cbo_2016-01,2025,-87.22,-87.21999999999997,2.842170943040401e-14
cbo.revenue.corporate_income_taxes,cbo_2016-03,2025,-79.661,-79.661,0.0
cbo.revenue.corporate_income_taxes,cbo_1992-01,2002,19.779,19.778999999999968,3.197442310920451e-14
cbo.revenue.corporate_income_taxes,cbo_1993-01,2003,-10.267,-10.266999999999996,3.552713678800501e-15
cbo.revenue.corporate_income_taxes,cbo_1993-03,2003,-10.267,-10.266999999999996,3.552713678800501e-15
cbo.revenue.corporate_income_taxes,cbo_1994-01,2004,-53.649,-53.64900000000003,2.842170943040401e-14
cbo.revenue.corporate_income_taxes,cbo_1995-01,2005,-63.817,-63.81699999999998,2.1316282072803006e-14
cbo.revenue.corporate_income_taxes,cbo_1996-05,2006,-129.43,-129.43000000000004,2.842170943040401e-14
cbo.revenue.corporate_income_taxes,cbo_1997-01,2007,-130.755,-130.755,0.0
cbo.revenue.corporate_income_taxes,cbo_1997-03,2007,-130.755,-130.755,0.0
cbo.revenue.corporate_income_taxes,cbo_1998-01,2008,-82.24,-82.24000000000001,1.4210854715202004e-14
cbo.revenue.corporate_income_taxes,cbo_1998-03,2008,-82.24,-82.24000000000001,1.4210854715202004e-14
cbo.revenue.corporate_income_taxes,cbo_1999-01,2009,82.708,82.70799999999997,2.842170943040401e-14
cbo.revenue.corporate_income_taxes,cbo_2000-01,2010,-18.354,-18.354000000000042,4.263256414560601e-14
cbo.revenue.corporate_income_taxes,cbo_2001-01,2011,64.81,64.81,0.0
cbo.revenue.corporate_income_taxes,cbo_2001-05,2011,64.81,64.81000000000003,2.842170943040401e-14
cbo.revenue.corporate_income_taxes,cbo_2002-01,2012,80.822,80.822,0.0
cbo.revenue.corporate_income_taxes,cbo_2002-03,2012,80.822,80.822,0.0
cbo.revenue.corporate_income_taxes,cbo_2003-01,2013,-2.274,-2.274000000000001,8.881784197001252e-16
cbo.revenue.corporate_income_taxes,cbo_2003-03,2013,-2.274,-2.274000000000001,8.881784197001252e-16
cbo.revenue.corporate_income_taxes,cbo_2004-01,2014,23.666,23.666000000000054,5.3290705182007514e-14
cbo.revenue.corporate_income_taxes,cbo_2004-03,2014,21.591,21.59099999999995,4.973799150320701e-14
cbo.revenue.corporate_income_taxes,cbo_2005-01,2015,-51.723,-51.72300000000001,1.4210854715202004e-14
cbo.revenue.corporate_income_taxes,cbo_2005-03,2015,-51.723,-51.72300000000001,1.4210854715202004e-14
cbo.revenue.corporate_income_taxes,cbo_2006-01,2016,17.121,17.12099999999998,1.7763568394002505e-14
cbo.revenue.corporate_income_taxes,cbo_2006-03,2016,17.121,17.12099999999998,1.7763568394002505e-14
cbo.revenue.corporate_income_taxes,cbo_2007-01,2017,64.708,64.70800000000003,2.842170943040401e-14
cbo.revenue.corporate_income_taxes,cbo_2007-03,2017,64.708,64.70800000000003,2.842170943040401e-14
cbo.revenue.corporate_income_taxes,cbo_2008-01,2018,79.375,79.375,0.0
cbo.revenue.corporate_income_taxes,cbo_2008-03,2018,74.892,74.892,0.0
cbo.revenue.corporate_income_taxes,cbo_2009-01,2019,20.707,20.706999999999994,7.105427357601002e-15
cbo.revenue.corporate_income_taxes,cbo_2009-03,2019,-3.004,-3.004000000000019,1.9095836023552692e-14
cbo.revenue.corporate_income_taxes,cbo_2010-01,2020,52.628,52.628000000000014,1.4210854715202004e-14
cbo.revenue.corporate_income_taxes,cbo_2010-03,2020,55.417,55.41700000000006,5.684341886080802e-14
cbo.revenue.corporate_income_taxes,cbo_2011-01,2021,-11.253,-11.253000000000043,4.263256414560601e-14
cbo.revenue.corporate_income_taxes,cbo_2011-03,2021,-11.46,-11.460000000000036,3.552713678800501e-14
cbo.revenue.corporate_income_taxes,cbo_2012-01,2022,-17.138,-17.137999999999977,2.4868995751603507e-14
cbo.revenue.corporate_income_taxes,cbo_2012-03,2022,-17.206,-17.206000000000017,1.7763568394002505e-14
cbo.revenue.corporate_income_taxes,cbo_2013-02,2023,81.864,81.86400000000003,2.842170943040401e-14
cbo.revenue.corporate_income_taxes,cbo_2013-05,2023,81.864,81.86400000000003,2.842170943040401e-14
cbo.revenue.corporate_income_taxes,cbo_2014-02,2024,-38.216,-38.21599999999995,4.973799150320701e-14
cbo.revenue.corporate_income_taxes,cbo_2014-04,2024,-38.142,-38.14199999999994,6.394884621840902e-14
cbo.revenue.corporate_income_taxes,cbo_2015-01,2025,-30.966,-30.966000000000008,7.105427357601002e-15
cbo.revenue.corporate_income_taxes,cbo_2015-03,2025,-30.966,-30.966000000000008,7.105427357601002e-15
cbo.revenue.customs_duties,cbo_1982-02,1982,-0.054,-0.053999999999998494,1.5057399771478686e-15
cbo.revenue.customs_duties,cbo_1983-02,1983,0.745,0.745000000000001,9.992007221626409e-16
cbo.revenue.customs_duties,cbo_1984-02,1984,-1.17,-1.17,0.0
cbo.revenue.customs_duties,cbo_1985-02,1985,0.374,0.3739999999999988,1.2212453270876722e-15
cbo.revenue.customs_duties,cbo_1986-02,1986,-1.014,-1.0139999999999993,6.661338147750939e-16
cbo.revenue.customs_duties,cbo_1987-01,1987,-0.849,-0.8490000000000002,2.220446049250313e-16
cbo.revenue.customs_duties,cbo_1988-02,1988,-0.296,-0.29600000000000115,1.1657341758564144e-15
cbo.revenue.customs_duties,cbo_1989-01,1989,-0.09,-0.08999999999999986,1.3877787807814457e-16
cbo.revenue.customs_duties,cbo_1990-01,1990,0.169,0.16900000000000048,4.718447854656915e-16
cbo.revenue.customs_duties,cbo_1991-01,1991,1.322,1.322000000000001,8.881784197001252e-16
cbo.revenue.customs_duties,cbo_1992-01,1992,-0.712,-0.7120000000000033,3.3306690738754696e-15
cbo.revenue.customs_duties,cbo_1992-03,1992,-0.712,-0.7120000000000033,3.3306690738754696e-15
cbo.revenue.customs_duties,cbo_1993-01,1993,-0.041,-0.04100000000000037,3.677613769070831e-16
cbo.revenue.customs_duties,cbo_1993-03,1993,-0.041,-0.04100000000000037,3.677613769070831e-16
cbo.revenue.customs_duties,cbo_1994-01,1994,-0.8,-0.8000000000000007,6.661338147750939e-16
cbo.revenue.customs_duties,cbo_1995-01,1995,1.978,1.9780000000000015,1.5543122344752192e-15
cbo.revenue.customs_duties,cbo_1996-05,1996,1.262,1.261999999999997,3.1086244689504383e-15
cbo.revenue.customs_duties,cbo_1997-01,1997,-0.52,-0.5199999999999996,4.440892098500626e-16
cbo.revenue.customs_duties,cbo_1997-03,1997,-0.52,-0.5199999999999996,4.440892098500626e-16
cbo.revenue.customs_duties,cbo_1998-01,1998,0.318,0.31799999999999784,2.1649348980190553e-15
cbo.revenue.customs_duties,cbo_1998-03,1998,0.318,0.31799999999999784,2.1649348980190553e-15
cbo.revenue.customs_duties,cbo_1999-01,1999,0.118,0.1180000000000021,2.1094237467877974e-15
cbo.revenue.customs_duties,cbo_2000-01,2000,-1.085,-1.0850000000000009,8.881784197001252e-16
cbo.revenue.customs_duties,cbo_2001-01,2001,1.884,1.8840000000000003,4.440892098500626e-16
cbo.revenue.customs_duties,cbo_2001-05,2001,1.884,1.8840000000000003,4.440892098500626e-16
cbo.revenue.customs_duties,cbo_2002-01,2002,0.917,0.9170000000000016,1.5543122344752192e-15
cbo.revenue.customs_duties,cbo_2002-03,2002,0.917,0.9170000000000016,1.5543122344752192e-15
cbo.revenue.customs_duties,cbo_2003-01,2003,-1.445,-1.4450000000000003,2.220446049250313e-16
cbo.revenue.customs_duties,cbo_2003-03,2003,-1.445,-1.4450000000000003,2.220446049250313e-16
cbo.revenue.customs_duties,cbo_2004-01,2004,-0.115,-0.11499999999999844,1.5681900222830336e-15
cbo.revenue.customs_duties,cbo_2004-03,2004,-0.115,-0.11499999999999844,1.5681900222830336e-15
cbo.revenue.customs_duties,cbo_2005-01,2005,-2.14,-2.1400000000000006,4.440892098500626e-16
cbo.revenue.customs_duties,cbo_2005-03,2005,-2.14,-2.1400000000000006,4.440892098500626e-16
cbo.revenue.customs_duties,cbo_2006-01,2006,0.151,0.1509999999999998,1.942890293094024e-16
cbo.revenue.customs_duties,cbo_2006-03,2006,0.151,0.1509999999999998,1.942890293094024e-16
cbo.revenue.customs_duties,cbo_2007-01,2007,0.151,0.1509999999999998,1.942890293094024e-16
cbo.revenue.customs_duties,cbo_2007-03,2007,0.151,0.1509999999999998,1.942890293094024e-16
cbo.revenue.customs_duties,cbo_2008-01,2008,-0.201,-0.20100000000000406,4.052314039881821e-15
cbo.revenue.customs_duties,cbo_2008-03,2008,-0.194,-0.19400000000000261,2.609024107869118e-15
cbo.revenue.customs_duties,cbo_2009-01,2009,4.023,4.023,0.0
cbo.revenue.customs_duties,cbo_2009-03,2009,4.092,4.092000000000002,2.6645352591003757e-15
cbo.revenue.customs_duties,cbo_2010-01,2010,-1.419,-1.418999999999997,3.1086244689504383e-15
cbo.revenue.customs_duties,cbo_2010-03,2010,-1.419,-1.418999999999997,3.1086244689504383e-15
cbo.revenue.customs_duties,cbo_2011-01,2011,-0.608,-0.607999999999997,2.9976021664879227e-15
cbo.revenue.customs_duties,cbo_2011-03,2011,-0.608,-0.607999999999997,2.9976021664879227e-15
cbo.revenue.customs_duties,cbo_2012-01,2012,-0.938,-0.9379999999999988,1.1102230246251565e-15
cbo.revenue.customs_duties,cbo_2012-03,2012,-0.938,-0.9379999999999988,1.1102230246251565e-15
cbo.revenue.customs_duties,cbo_2013-02,2013,-1.006,-1.0060000000000002,2.220446049250313e-16
cbo.revenue.customs_duties,cbo_2013-05,2013,-1.006,-1.0060000000000002,2.220446049250313e-16
cbo.revenue.customs_duties,cbo_2014-02,2014,-0.67,-0.6700000000000017,1.6653345369377348e-15
cbo.revenue.customs_duties,cbo_2014-04,2014,-0.67,-0.6700000000000017,1.6653345369377348e-15
cbo.revenue.customs_duties,cbo_2015-01,2015,-0.665,-0.664999999999992,7.993605777301127e-15
cbo.revenue.customs_duties,cbo_2015-03,2015,-0.665,-0.664999999999992,7.993605777301127e-15
cbo.revenue.customs_duties,cbo_2016-01,2016,1.262,1.2619999999999933,6.661338147750939e-15
cbo.revenue.customs_duties,cbo_2016-03,2016,1.402,1.402000000000001,1.1102230246251565e-15
cbo.revenue.customs_duties,cbo_2017-01,2017,0.346,0.34600000000000364,3.6637359812630166e-15
cbo.revenue.customs_duties,cbo_2017-06,2017,0.167,0.1670000000000016,1.582067810090848e-15
cbo.revenue.customs_duties,cbo_2018-04,2018,-3.702,-3.701999999999998,1.7763568394002505e-15
cbo.revenue.customs_duties,cbo_2018-05,2018,-3.702,-3.701999999999998,1.7763568394002505e-15
cbo.revenue.customs_duties,cbo_2019-01,2019,2.743,2.742999999999995,4.884981308350689e-15
cbo.revenue.customs_duties,cbo_2019-05,2019,2.743,2.742999999999995,4.884981308350689e-15
cbo.revenue.customs_duties,cbo_2020-01,2020,9.385,9.385000000000005,5.329070518200751e-15
cbo.revenue.customs_duties,cbo_2020-03,2020,9.385,9.385000000000005,5.329070518200751e-15
cbo.revenue.customs_duties,cbo_2021-02,2021,1.961,1.9609999999999985,1.5543122344752192e-15
cbo.revenue.customs_duties,cbo_2021-07,2021,0.829,0.8289999999999935,6.439293542825908e-15
cbo.revenue.customs_duties,cbo_2022-05,2022,-5.126,-5.126000000000005,4.440892098500626e-15
cbo.revenue.customs_duties,cbo_2023-02,2023,18.409,18.409000000000006,7.105427357601002e-15
cbo.revenue.customs_duties,cbo_2023-05,2023,18.409,18.409000000000006,7.105427357601002e-15
cbo.revenue.customs_duties,cbo_2024-02,2024,2.574,2.573999999999998,1.7763568394002505e-15
cbo.revenue.customs_duties,cbo_2024-06,2024,-3.657,-3.6569999999999965,3.552713678800501e-15
cbo.revenue.customs_duties,cbo_2025-01,2025,-114.412,-114.41200000000002,1.4210854715202004e-14
cbo.revenue.customs_duties,cbo_1982-02,1983,0.445,0.4450000000000003,2.7755575615628914e-16
cbo.revenue.customs_duties,cbo_1983-02,1984,-1.67,-1.67,0.0
cbo.revenue.customs_duties,cbo_1984-02,1985,-1.023,-1.0229999999999997,2.220446049250313e-16
cbo.revenue.customs_duties,cbo_1985-02,1986,-0.06,-0.05999999999999872,1.27675647831893e-15
cbo.revenue.customs_duties,cbo_1986-02,1987,-0.978,-0.9780000000000015,1.5543122344752192e-15
cbo.revenue.customs_duties,cbo_1987-01,1988,-1.466,-1.4659999999999993,6.661338147750939e-16
cbo.revenue.customs_duties,cbo_1988-02,1989,0.228,0.22800000000000153,1.5265566588595902e-15
cbo.revenue.customs_duties,cbo_1989-01,1990,0.728,0.727999999999998,1.9984014443252818e-15
cbo.revenue.customs_duties,cbo_1990-01,1991,1.557,1.5570000000000004,4.440892098500626e-16
cbo.revenue.customs_duties,cbo_1991-01,1992,0.594,0.5939999999999976,2.3314683517128287e-15
cbo.revenue.customs_duties,cbo_1992-01,1993,-0.603,-0.602999999999998,1.9984014443252818e-15
cbo.revenue.customs_duties,cbo_1992-03,1993,-0.603,-0.602999999999998,1.9984014443252818e-15
cbo.revenue.customs_duties,cbo_1993-01,1994,-1.297,-1.296999999999997,2.886579864025407e-15
cbo.revenue.customs_duties,cbo_1993-03,1994,-1.297,-1.296999999999997,2.886579864025407e-15
cbo.revenue.customs_duties,cbo_1994-01,1995,0.044,0.04400000000000048,4.85722573273506e-16
cbo.revenue.customs_duties,cbo_1995-01,1996,2.759,2.758999999999997,3.1086244689504383e-15
cbo.revenue.customs_duties,cbo_1996-05,1997,1.169,1.1690000000000005,4.440892098500626e-16
cbo.revenue.customs_duties,cbo_1997-01,1998,-0.184,-0.18400000000000105,1.0547118733938987e-15
cbo.revenue.customs_duties,cbo_1997-03,1998,-0.184,-0.18400000000000105,1.0547118733938987e-15
cbo.revenue.customs_duties,cbo_1998-01,1999,0.513,0.5130000000000017,1.6653345369377348e-15
cbo.revenue.customs_duties,cbo_1998-03,1999,0.513,0.5130000000000017,1.6653345369377348e-15
cbo.revenue.customs_duties,cbo_1999-01,2000,-1.397,-1.397000000000002,1.9984014443252818e-15
cbo.revenue.customs_duties,cbo_2000-01,2001,0.252,0.25200000000000244,2.4424906541753444e-15
cbo.revenue.customs_duties,cbo_2001-01,2002,3.777,3.777000000000001,8.881784197001252e-16
cbo.revenue.customs_duties,cbo_2001-05,2002,3.777,3.777000000000001,8.881784197001252e-16
cbo.revenue.customs_duties,cbo_2002-01,2003,0.167,0.1670000000000016,1.582067810090848e-15
cbo.revenue.customs_duties,cbo_2002-03,2003,0.167,0.1670000000000016,1.582067810090848e-15
cbo.revenue.customs_duties,cbo_2003-01,2004,-1.478,-1.477999999999998,1.9984014443252818e-15
cbo.revenue.customs_duties,cbo_2003-03,2004,-1.478,-1.477999999999998,1.9984014443252818e-15
cbo.revenue.customs_duties,cbo_2004-01,2005,-2.471,-2.471,0.0
cbo.revenue.customs_duties,cbo_2004-03,2005,-2.471,-2.471,0.0
cbo.revenue.customs_duties,cbo_2005-01,2006,-1.492,-1.4919999999999973,2.6645352591003757e-15
cbo.revenue.customs_duties,cbo_2005-03,2006,-1.492,-1.4919999999999973,2.6645352591003757e-15
cbo.revenue.customs_duties,cbo_2006-01,2007,-0.236,-0.23600000000000065,6.661338147750939e-16
cbo.revenue.customs_duties,cbo_2006-03,2007,-0.236,-0.23600000000000065,6.661338147750939e-16
cbo.revenue.customs_duties,cbo_2007-01,2008,0.035,0.03500000000000014,1.3877787807814457e-16
cbo.revenue.customs_duties,cbo_2007-03,2008,0.035,0.03500000000000014,1.3877787807814457e-16
cbo.revenue.customs_duties,cbo_2008-01,2009,5.897,5.897000000000002,1.7763568394002505e-15
cbo.revenue.customs_duties,cbo_2008-03,2009,5.736,5.736000000000001,8.881784197001252e-16
cbo.revenue.customs_duties,cbo_2009-01,2010,1.517,1.517000000000003,3.1086244689504383e-15
cbo.revenue.customs_duties,cbo_2009-03,2010,1.245,1.245000000000001,8.881784197001252e-16
cbo.revenue.customs_duties,cbo_2010-01,2011,-1.396,-1.3959999999999972,2.6645352591003757e-15
cbo.revenue.customs_duties,cbo_2010-03,2011,-1.396,-1.3959999999999972,2.6645352591003757e-15
cbo.revenue.customs_duties,cbo_2011-01,2012,-1.053,-1.0529999999999973,2.6645352591003757e-15
cbo.revenue.customs_duties,cbo_2011-03,2012,-1.053,-1.0529999999999973,2.6645352591003757e-15
cbo.revenue.customs_duties,cbo_2012-01,2013,-0.144,-0.1440000000000019,1.915134717478395e-15
cbo.revenue.customs_duties,cbo_2012-03,2013,-0.165,-0.16499999999999915,8.604228440844963e-16
cbo.revenue.customs_duties,cbo_2013-02,2014,-1.36,-1.3599999999999994,6.661338147750939e-16
cbo.revenue.customs_duties,cbo_2013-05,2014,-1.36,-1.3599999999999994,6.661338147750939e-16
cbo.revenue.customs_duties,cbo_2014-02,2015,-0.938,-0.9380000000000024,2.4424906541753444e-15
cbo.revenue.customs_duties,cbo_2014-04,2015,-0.938,-0.9380000000000024,2.4424906541753444e-15
cbo.revenue.customs_duties,cbo_2015-01,2016,3.034,3.033999999999999,8.881784197001252e-16
cbo.revenue.customs_duties,cbo_2015-03,2016,3.034,3.033999999999999,8.881784197001252e-16
cbo.revenue.customs_duties,cbo_2016-01,2017,2.672,2.672000000000004,3.9968028886505635e-15
cbo.revenue.customs_duties,cbo_2016-03,2017,3.068,3.068000000000005,4.884981308350689e-15
cbo.revenue.customs_duties,cbo_2017-01,2018,-5.46,-5.460000000000001,8.881784197001252e-16
cbo.revenue.customs_duties,cbo_2017-06,2018,-4.71,-4.710000000000001,8.881784197001252e-16
cbo.revenue.customs_duties,cbo_2018-04,2019,-30.377,-30.377000000000002,3.552713678800501e-15
cbo.revenue.customs_duties,cbo_2018-05,2019,-30.377,-30.377000000000002,3.552713678800501e-15
cbo.revenue.customs_duties,cbo_2019-01,2020,10.46,10.460000000000008,7.105427357601002e-15
cbo.revenue.customs_duties,cbo_2019-05,2020,10.46,10.460000000000008,7.105427357601002e-15
cbo.revenue.customs_duties,cbo_2020-01,2021,6.112,6.112000000000009,8.881784197001252e-15
cbo.revenue.customs_duties,cbo_2020-03,2021,6.112,6.111999999999995,5.329070518200751e-15
cbo.revenue.customs_duties,cbo_2021-02,2022,-10.684,-10.683999999999997,1.7763568394002505e-15
cbo.revenue.customs_duties,cbo_2021-07,2022,-12.236,-12.236000000000004,3.552713678800501e-15
cbo.revenue.customs_duties,cbo_2022-05,2023,18.908,18.908,0.0
cbo.revenue.customs_duties,cbo_2023-02,2024,19.838,19.837999999999994,7.105427357601002e-15
cbo.revenue.customs_duties,cbo_2023-05,2024,19.838,19.837999999999994,7.105427357601002e-15
cbo.revenue.customs_duties,cbo_2024-02,2025,-111.923,-111.92300000000002,1.4210854715202004e-14
cbo.revenue.customs_duties,cbo_2024-06,2025,-118.679,-118.67900000000002,1.4210854715202004e-14
cbo.revenue.customs_duties,cbo_1982-02,1984,-1.97,-1.9699999999999989,1.1102230246251565e-15
cbo.revenue.customs_duties,cbo_1983-02,1985,-2.323,-2.3230000000000004,4.440892098500626e-16
cbo.revenue.customs_duties,cbo_1984-02,1986,-2.054,-2.0540000000000003,4.440892098500626e-16
cbo.revenue.customs_duties,cbo_1985-02,1987,-0.739,-0.7390000000000008,7.771561172376096e-16
cbo.revenue.customs_duties,cbo_1986-02,1988,-1.437,-1.4369999999999994,6.661338147750939e-16
cbo.revenue.customs_duties,cbo_1987-01,1989,-0.868,-0.8680000000000021,2.1094237467877974e-15
cbo.revenue.customs_duties,cbo_1988-02,1990,1.154,1.154,0.0
cbo.revenue.customs_duties,cbo_1989-01,1991,2.339,2.3390000000000004,4.440892098500626e-16
cbo.revenue.customs_duties,cbo_1990-01,1992,1.401,1.4009999999999998,2.220446049250313e-16
cbo.revenue.customs_duties,cbo_1991-01,1993,0.769,0.7690000000000019,1.887379141862766e-15
cbo.revenue.customs_duties,cbo_1992-01,1994,-1.82,-1.8200000000000003,2.220446049250313e-16
cbo.revenue.customs_duties,cbo_1992-03,1994,-1.82,-1.8200000000000003,2.220446049250313e-16
cbo.revenue.customs_duties,cbo_1993-01,1995,-0.264,-0.26399999999999935,6.661338147750939e-16
cbo.revenue.customs_duties,cbo_1993-03,1995,-0.264,-0.26399999999999935,6.661338147750939e-16
cbo.revenue.customs_duties,cbo_1994-01,1996,1.309,1.3089999999999975,2.4424906541753444e-15
cbo.revenue.customs_duties,cbo_1995-01,1997,2.209,2.2089999999999996,4.440892098500626e-16
cbo.revenue.customs_duties,cbo_1996-05,1998,1.893,1.8930000000000007,6.661338147750939e-16
cbo.revenue.customs_duties,cbo_1997-01,1999,-0.006,-0.006000000000000227,2.2724877535296173e-16
cbo.revenue.customs_duties,cbo_1997-03,1999,-0.006,-0.006000000000000227,2.2724877535296173e-16
cbo.revenue.customs_duties,cbo_1998-01,2000,-0.234,-0.23400000000000176,1.7486012637846216e-15
cbo.revenue.customs_duties,cbo_1998-03,2000,-0.234,-0.23400000000000176,1.7486012637846216e-15
cbo.revenue.customs_duties,cbo_1999-01,2001,-0.828,-0.8279999999999994,5.551115123125783e-16
cbo.revenue.customs_duties,cbo_2000-01,2002,2.178,2.178000000000001,8.881784197001252e-16
cbo.revenue.customs_duties,cbo_2001-01,2003,3.306,3.306000000000001,8.881784197001252e-16
cbo.revenue.customs_duties,cbo_2001-05,2003,3.306,3.306000000000001,8.881784197001252e-16
cbo.revenue.customs_duties,cbo_2002-01,2004,-0.061,-0.06099999999999994,5.551115123125783e-17
cbo.revenue.customs_duties,cbo_2002-03,2004,-0.061,-0.06099999999999994,5.551115123125783e-17
cbo.revenue.customs_duties,cbo_2003-01,2005,-3.444,-3.4440000000000026,2.6645352591003757e-15
cbo.revenue.customs_duties,cbo_2003-03,2005,-3.444,-3.4440000000000026,2.6645352591003757e-15
cbo.revenue.customs_duties,cbo_2004-01,2006,-1.906,-1.9059999999999988,1.1102230246251565e-15
cbo.revenue.customs_duties,cbo_2004-03,2006,-1.906,-1.9059999999999988,1.1102230246251565e-15
cbo.revenue.customs_duties,cbo_2005-01,2007,-1.422,-1.4220000000000006,6.661338147750939e-16
cbo.revenue.customs_duties,cbo_2005-03,2007,-1.422,-1.4220000000000006,6.661338147750939e-16
cbo.revenue.customs_duties,cbo_2006-01,2008,-0.58,-0.5799999999999983,1.6653345369377348e-15
cbo.revenue.customs_duties,cbo_2006-03,2008,-0.58,-0.5799999999999983,1.6653345369377348e-15
cbo.revenue.customs_duties,cbo_2007-01,2009,5.848,5.8480000000000025,2.6645352591003757e-15
cbo.revenue.customs_duties,cbo_2007-03,2009,5.848,5.8480000000000025,2.6645352591003757e-15
cbo.revenue.customs_duties,cbo_2008-01,2010,5.377,5.376999999999999,8.881784197001252e-16
cbo.revenue.customs_duties,cbo_2008-03,2010,5.448,5.448000000000004,3.552713678800501e-15
cbo.revenue.customs_duties,cbo_2009-01,2011,0.757,0.7570000000000014,1.4432899320127035e-15
cbo.revenue.customs_duties,cbo_2009-03,2011,0.997,0.9970000000000034,3.4416913763379853e-15
cbo.revenue.customs_duties,cbo_2010-01,2012,-0.364,-0.3639999999999972,2.7755575615628914e-15
cbo.revenue.customs_duties,cbo_2010-03,2012,-0.364,-0.3639999999999972,2.7755575615628914e-15
cbo.revenue.customs_duties,cbo_2011-01,2013,0.062,0.06199999999999761,2.3869795029440866e-15
cbo.revenue.customs_duties,cbo_2011-03,2013,0.062,0.06199999999999761,2.3869795029440866e-15
cbo.revenue.customs_duties,cbo_2012-01,2014,1.374,1.3740000000000023,2.220446049250313e-15
cbo.revenue.customs_duties,cbo_2012-03,2014,1.352,1.3519999999999968,3.3306690738754696e-15
cbo.revenue.customs_duties,cbo_2013-02,2015,-0.735,-0.7349999999999994,5.551115123125783e-16
cbo.revenue.customs_duties,cbo_2013-05,2015,-0.735,-0.7349999999999994,5.551115123125783e-16
cbo.revenue.customs_duties,cbo_2014-02,2016,2.402,2.402000000000001,8.881784197001252e-16
cbo.revenue.customs_duties,cbo_2014-04,2016,2.402,2.402000000000001,8.881784197001252e-16
cbo.revenue.customs_duties,cbo_2015-01,2017,5.802,5.802000000000007,7.105427357601002e-15
cbo.revenue.customs_duties,cbo_2015-03,2017,5.802,5.802000000000007,7.105427357601002e-15
cbo.revenue.customs_duties,cbo_2016-01,2018,-2.492,-2.4920000000000044,4.440892098500626e-15
cbo.revenue.customs_duties,cbo_2016-03,2018,-1.662,-1.6620000000000061,6.217248937900877e-15
cbo.revenue.customs_duties,cbo_2017-01,2019,-33.826,-33.82600000000001,7.105427357601002e-15
cbo.revenue.customs_duties,cbo_2017-06,2019,-32.774,-32.77400000000001,7.105427357601002e-15
cbo.revenue.customs_duties,cbo_2018-04,2020,-25.595,-25.595,0.0
cbo.revenue.customs_duties,cbo_2018-05,2020,-25.595,-25.595,0.0
cbo.revenue.customs_duties,cbo_2019-01,2021,2.023,2.0230000000000103,1.021405182655144e-14
cbo.revenue.customs_duties,cbo_2019-05,2021,2.023,2.0230000000000103,1.021405182655144e-14
cbo.revenue.customs_duties,cbo_2020-01,2022,-6.442,-6.441999999999993,7.105427357601002e-15
cbo.revenue.customs_duties,cbo_2020-03,2022,-6.442,-6.442000000000007,7.105427357601002e-15
cbo.revenue.customs_duties,cbo_2021-02,2023,10.094,10.094000000000008,8.881784197001252e-15
cbo.revenue.customs_duties,cbo_2021-07,2023,8.816,8.816000000000003,1.7763568394002505e-15
cbo.revenue.customs_duties,cbo_2022-05,2024,23.357,23.357,0.0
cbo.revenue.customs_duties,cbo_2023-02,2025,-96.388,-96.38800000000002,1.4210854715202004e-14
cbo.revenue.customs_duties,cbo_2023-05,2025,-96.388,-96.38800000000002,1.4210854715202004e-14
cbo.revenue.customs_duties,cbo_1982-02,1985,-2.623,-2.623000000000001,8.881784197001252e-16
cbo.revenue.customs_duties,cbo_1983-02,1986,-3.354,-3.353999999999999,8.881784197001252e-16
cbo.revenue.customs_duties,cbo_1984-02,1987,-3.165,-3.165000000000001,8.881784197001252e-16
cbo.revenue.customs_duties,cbo_1985-02,1988,-1.818,-1.8179999999999996,4.440892098500626e-16
cbo.revenue.customs_duties,cbo_1986-02,1989,-1.011,-1.0109999999999992,6.661338147750939e-16
cbo.revenue.customs_duties,cbo_1987-01,1990,0.369,0.3689999999999998,2.220446049250313e-16
cbo.revenue.customs_duties,cbo_1988-02,1991,3.131,3.1309999999999985,1.3322676295501878e-15
cbo.revenue.customs_duties,cbo_1989-01,1992,2.007,2.006999999999998,2.220446049250313e-15
cbo.revenue.customs_duties,cbo_1990-01,1993,1.679,1.6789999999999985,1.5543122344752192e-15
cbo.revenue.customs_duties,cbo_1991-01,1994,-0.462,-0.46199999999999974,2.7755575615628914e-16
cbo.revenue.customs_duties,cbo_1992-01,1995,-0.806,-0.8059999999999974,2.6645352591003757e-15
cbo.revenue.customs_duties,cbo_1992-03,1995,-0.806,-0.8059999999999974,2.6645352591003757e-15
cbo.revenue.customs_duties,cbo_1993-01,1996,0.932,0.9319999999999986,1.4432899320127035e-15
cbo.revenue.customs_duties,cbo_1993-03,1996,0.932,0.9319999999999986,1.4432899320127035e-15
cbo.revenue.customs_duties,cbo_1994-01,1997,1.403,1.4029999999999987,1.3322676295501878e-15
cbo.revenue.customs_duties,cbo_1995-01,1998,2.683,2.683,0.0
cbo.revenue.customs_duties,cbo_1996-05,1999,2.35,2.3500000000000014,1.3322676295501878e-15
cbo.revenue.customs_duties,cbo_1997-01,2000,-1.024,-1.024000000000001,8.881784197001252e-16
cbo.revenue.customs_duties,cbo_1997-03,2000,-1.024,-1.024000000000001,8.881784197001252e-16
cbo.revenue.customs_duties,cbo_1998-01,2001,0.892,0.8919999999999995,5.551115123125783e-16
cbo.revenue.customs_duties,cbo_1998-03,2001,0.892,0.8919999999999995,5.551115123125783e-16
cbo.revenue.customs_duties,cbo_1999-01,2002,0.581,0.5809999999999995,4.440892098500626e-16
cbo.revenue.customs_duties,cbo_2000-01,2003,2.035,2.035,0.0
cbo.revenue.customs_duties,cbo_2001-01,2004,2.861,2.8610000000000007,4.440892098500626e-16
cbo.revenue.customs_duties,cbo_2001-05,2004,2.861,2.8610000000000007,4.440892098500626e-16
cbo.revenue.customs_duties,cbo_2002-01,2005,-1.729,-1.7290000000000028,2.6645352591003757e-15
cbo.revenue.customs_duties,cbo_2002-03,2005,-1.729,-1.7290000000000028,2.6645352591003757e-15
cbo.revenue.customs_duties,cbo_2003-01,2006,-4.269,-4.268999999999998,1.7763568394002505e-15
cbo.revenue.customs_duties,cbo_2003-03,2006,-4.269,-4.268999999999998,1.7763568394002505e-15
cbo.revenue.customs_duties,cbo_2004-01,2007,-2.597,-2.5970000000000013,1.3322676295501878e-15
cbo.revenue.customs_duties,cbo_2004-03,2007,-2.597,-2.5970000000000013,1.3322676295501878e-15
cbo.revenue.customs_duties,cbo_2005-01,2008,-2.028,-2.0280000000000022,2.220446049250313e-15
cbo.revenue.customs_duties,cbo_2005-03,2008,-2.028,-2.0280000000000022,2.220446049250313e-15
cbo.revenue.customs_duties,cbo_2006-01,2009,4.835,4.834999999999997,2.6645352591003757e-15
cbo.revenue.customs_duties,cbo_2006-03,2009,4.835,4.834999999999997,2.6645352591003757e-15
cbo.revenue.customs_duties,cbo_2007-01,2010,5.205,5.205000000000002,1.7763568394002505e-15
cbo.revenue.customs_duties,cbo_2007-03,2010,5.205,5.205000000000002,1.7763568394002505e-15
cbo.revenue.customs_duties,cbo_2008-01,2011,4.138,4.138000000000005,5.329070518200751e-15
cbo.revenue.customs_duties,cbo_2008-03,2011,4.631,4.631,0.0
cbo.revenue.customs_duties,cbo_2009-01,2012,1.505,1.5050000000000026,2.6645352591003757e-15
cbo.revenue.customs_duties,cbo_2009-03,2012,2.892,2.8919999999999995,4.440892098500626e-16
cbo.revenue.customs_duties,cbo_2010-01,2013,1.759,1.7589999999999968,3.1086244689504383e-15
cbo.revenue.customs_duties,cbo_2010-03,2013,1.759,1.7589999999999968,3.1086244689504383e-15
cbo.revenue.customs_duties,cbo_2011-01,2014,1.754,1.7540000000000049,4.884981308350689e-15
cbo.revenue.customs_duties,cbo_2011-03,2014,1.754,1.7540000000000049,4.884981308350689e-15
cbo.revenue.customs_duties,cbo_2012-01,2015,2.833,2.8330000000000055,5.329070518200751e-15
cbo.revenue.customs_duties,cbo_2012-03,2015,2.811,2.811000000000007,7.105427357601002e-15
cbo.revenue.customs_duties,cbo_2013-02,2016,3.965,3.9650000000000034,3.552713678800501e-15
cbo.revenue.customs_duties,cbo_2013-05,2016,3.965,3.9650000000000034,3.552713678800501e-15
cbo.revenue.customs_duties,cbo_2014-02,2017,5.005,5.005000000000003,2.6645352591003757e-15
cbo.revenue.customs_duties,cbo_2014-04,2017,5.005,5.005000000000003,2.6645352591003757e-15
cbo.revenue.customs_duties,cbo_2015-01,2018,0.919,0.919000000000004,3.9968028886505635e-15
cbo.revenue.customs_duties,cbo_2015-03,2018,0.919,0.919000000000004,3.9968028886505635e-15
cbo.revenue.customs_duties,cbo_2016-01,2019,-30.881,-30.881000000000007,7.105427357601002e-15
cbo.revenue.customs_duties,cbo_2016-03,2019,-30.097,-30.09700000000001,7.105427357601002e-15
cbo.revenue.customs_duties,cbo_2017-01,2020,-29.481,-29.481,0.0
cbo.revenue.customs_duties,cbo_2017-06,2020,-28.43,-28.430000000000007,7.105427357601002e-15
cbo.revenue.customs_duties,cbo_2018-04,2021,-34.35,-34.349999999999994,7.105427357601002e-15
cbo.revenue.customs_duties,cbo_2018-05,2021,-34.35,-34.349999999999994,7.105427357601002e-15
cbo.revenue.customs_duties,cbo_2019-01,2022,-14.903,-14.902999999999992,8.881784197001252e-15
cbo.revenue.customs_duties,cbo_2019-05,2022,-14.903,-14.902999999999992,8.881784197001252e-15
cbo.revenue.customs_duties,cbo_2020-01,2023,17.741,17.741,0.0
cbo.revenue.customs_duties,cbo_2020-03,2023,17.741,17.741,0.0
cbo.revenue.customs_duties,cbo_2021-02,2024,15.381,15.381,0.0
cbo.revenue.customs_duties,cbo_2021-07,2024,12.94,12.939999999999998,1.7763568394002505e-15
cbo.revenue.customs_duties,cbo_2022-05,2025,-93.973,-93.97300000000001,1.4210854715202004e-14
cbo.revenue.customs_duties,cbo_1982-02,1986,-3.654,-3.654,0.0
cbo.revenue.customs_duties,cbo_1983-02,1987,-4.365,-4.365000000000002,1.7763568394002505e-15
cbo.revenue.customs_duties,cbo_1984-02,1988,-4.507,-4.5070000000000014,1.7763568394002505e-15
cbo.revenue.customs_duties,cbo_1985-02,1989,-1.741,-1.7409999999999997,4.440892098500626e-16
cbo.revenue.customs_duties,cbo_1986-02,1990,-0.23,-0.23000000000000043,4.163336342344337e-16
cbo.revenue.customs_duties,cbo_1987-01,1991,2.472,2.4719999999999995,4.440892098500626e-16
cbo.revenue.customs_duties,cbo_1988-02,1992,3.188,3.1879999999999953,4.884981308350689e-15
cbo.revenue.customs_duties,cbo_1989-01,1993,2.039,2.0390000000000015,1.3322676295501878e-15
cbo.revenue.customs_duties,cbo_1990-01,1994,0.66,0.6600000000000001,1.1102230246251565e-16
cbo.revenue.customs_duties,cbo_1991-01,1995,0.584,0.5840000000000032,3.219646771412954e-15
cbo.revenue.customs_duties,cbo_1992-01,1996,0.597,0.5969999999999978,2.220446049250313e-15
cbo.revenue.customs_duties,cbo_1992-03,1996,0.597,0.5969999999999978,2.220446049250313e-15
cbo.revenue.customs_duties,cbo_1993-01,1997,0.894,0.8939999999999984,1.6653345369377348e-15
cbo.revenue.customs_duties,cbo_1993-03,1997,0.894,0.8939999999999984,1.6653345369377348e-15
cbo.revenue.customs_duties,cbo_1994-01,1998,2.116,2.116000000000003,3.1086244689504383e-15
cbo.revenue.customs_duties,cbo_1995-01,1999,3.064,3.064,0.0
cbo.revenue.customs_duties,cbo_1996-05,2000,1.637,1.636999999999997,3.1086244689504383e-15
cbo.revenue.customs_duties,cbo_1997-01,2001,0.13,0.129999999999999,9.992007221626409e-16
cbo.revenue.customs_duties,cbo_1997-03,2001,0.13,0.129999999999999,9.992007221626409e-16
cbo.revenue.customs_duties,cbo_1998-01,2002,2.345,2.344999999999999,1.3322676295501878e-15
cbo.revenue.customs_duties,cbo_1998-03,2002,2.345,2.344999999999999,1.3322676295501878e-15
cbo.revenue.customs_duties,cbo_1999-01,2003,0.272,0.272000000000002,1.9984014443252818e-15
cbo.revenue.customs_duties,cbo_2000-01,2004,1.838,1.8380000000000045,4.440892098500626e-15
cbo.revenue.customs_duties,cbo_2001-01,2005,0.961,0.9609999999999985,1.4432899320127035e-15
cbo.revenue.customs_duties,cbo_2001-05,2005,0.961,0.9609999999999985,1.4432899320127035e-15
cbo.revenue.customs_duties,cbo_2002-01,2006,-2.351,-2.350999999999999,8.881784197001252e-16
cbo.revenue.customs_duties,cbo_2002-03,2006,-2.351,-2.350999999999999,8.881784197001252e-16
cbo.revenue.customs_duties,cbo_2003-01,2007,-4.767,-4.767000000000003,2.6645352591003757e-15
cbo.revenue.customs_duties,cbo_2003-03,2007,-4.767,-4.767000000000003,2.6645352591003757e-15
cbo.revenue.customs_duties,cbo_2004-01,2008,-3.642,-3.642000000000003,3.1086244689504383e-15
cbo.revenue.customs_duties,cbo_2004-03,2008,-3.642,-3.642000000000003,3.1086244689504383e-15
cbo.revenue.customs_duties,cbo_2005-01,2009,3.136,3.136000000000003,2.6645352591003757e-15
cbo.revenue.customs_duties,cbo_2005-03,2009,3.136,3.136000000000003,2.6645352591003757e-15
cbo.revenue.customs_duties,cbo_2006-01,2010,3.491,3.491000000000003,3.1086244689504383e-15
cbo.revenue.customs_duties,cbo_2006-03,2010,3.491,3.491000000000003,3.1086244689504383e-15
cbo.revenue.customs_duties,cbo_2007-01,2011,3.439,3.439,0.0
cbo.revenue.customs_duties,cbo_2007-03,2011,3.439,3.439,0.0
cbo.revenue.customs_duties,cbo_2008-01,2012,4.393,4.393000000000004,4.440892098500626e-15
cbo.revenue.customs_duties,cbo_2008-03,2012,5.233,5.2330000000000005,8.881784197001252e-16
cbo.revenue.customs_duties,cbo_2009-01,2013,3.215,3.215,0.0
cbo.revenue.customs_duties,cbo_2009-03,2013,4.416,4.415999999999993,7.105427357601002e-15
cbo.revenue.customs_duties,cbo_2010-01,2014,1.943,1.9429999999999978,2.220446049250313e-15
cbo.revenue.customs_duties,cbo_2010-03,2014,1.943,1.9429999999999978,2.220446049250313e-15
cbo.revenue.customs_duties,cbo_2011-01,2015,2.961,2.9609999999999985,1.3322676295501878e-15
cbo.revenue.customs_duties,cbo_2011-03,2015,2.961,2.9609999999999985,1.3322676295501878e-15
cbo.revenue.customs_duties,cbo_2012-01,2016,6.743,6.743000000000002,1.7763568394002505e-15
cbo.revenue.customs_duties,cbo_2012-03,2016,6.721,6.721000000000004,3.552713678800501e-15
cbo.revenue.customs_duties,cbo_2013-02,2017,7.437,7.437000000000005,4.440892098500626e-15
cbo.revenue.customs_duties,cbo_2013-05,2017,7.437,7.437000000000005,4.440892098500626e-15
cbo.revenue.customs_duties,cbo_2014-02,2018,0.485,0.48500000000000654,6.5503158452884236e-15
cbo.revenue.customs_duties,cbo_2014-04,2018,0.485,0.48500000000000654,6.5503158452884236e-15
cbo.revenue.customs_duties,cbo_2015-01,2019,-26.99,-26.99000000000001,1.0658141036401503e-14
cbo.revenue.customs_duties,cbo_2015-03,2019,-26.99,-26.99000000000001,1.0658141036401503e-14
cbo.revenue.customs_duties,cbo_2016-01,2020,-26.817,-26.817,0.0
cbo.revenue.customs_duties,cbo_2016-03,2020,-26.359,-26.359,0.0
cbo.revenue.customs_duties,cbo_2017-01,2021,-38.036,-38.036,0.0
cbo.revenue.customs_duties,cbo_2017-06,2021,-36.842,-36.842,0.0
cbo.revenue.customs_duties,cbo_2018-04,2022,-52.165,-52.165000000000006,7.105427357601002e-15
cbo.revenue.customs_duties,cbo_2018-05,2022,-52.165,-52.165000000000006,7.105427357601002e-15
cbo.revenue.customs_duties,cbo_2019-01,2023,7.757,7.757000000000005,5.329070518200751e-15
cbo.revenue.customs_duties,cbo_2019-05,2023,7.757,7.757000000000005,5.329070518200751e-15
cbo.revenue.customs_duties,cbo_2020-01,2024,23.572,23.572000000000003,3.552713678800501e-15
cbo.revenue.customs_duties,cbo_2020-03,2024,23.572,23.572000000000003,3.552713678800501e-15
cbo.revenue.customs_duties,cbo_2021-02,2025,-99.969,-99.96900000000001,1.4210854715202004e-14
cbo.revenue.customs_duties,cbo_2021-07,2025,-104.195,-104.19500000000001,1.4210854715202004e-14
cbo.revenue.customs_duties,cbo_1982-02,1987,-4.665,-4.665000000000001,8.881784197001252e-16
cbo.revenue.customs_duties,cbo_1983-02,1988,-5.807,-5.807,0.0
cbo.revenue.customs_duties,cbo_1984-02,1989,-4.526,-4.526,0.0
cbo.revenue.customs_duties,cbo_1985-02,1990,-1.24,-1.2400000000000002,2.220446049250313e-16
cbo.revenue.customs_duties,cbo_1986-02,1991,1.343,1.3430000000000017,1.7763568394002505e-15
cbo.revenue.customs_duties,cbo_1987-01,1992,2.903,2.9029999999999987,1.3322676295501878e-15
cbo.revenue.customs_duties,cbo_1988-02,1993,3.476,3.475999999999999,8.881784197001252e-16
cbo.revenue.customs_duties,cbo_1989-01,1994,0.712,0.7119999999999997,2.220446049250313e-16
cbo.revenue.customs_duties,cbo_1990-01,1995,2.001,2.0010000000000012,1.3322676295501878e-15
cbo.revenue.customs_duties,cbo_1991-01,1996,2.101,2.100999999999999,8.881784197001252e-16
cbo.revenue.customs_duties,cbo_1992-01,1997,0.736,0.7360000000000007,6.661338147750939e-16
cbo.revenue.customs_duties,cbo_1992-03,1997,0.736,0.7360000000000007,6.661338147750939e-16
cbo.revenue.customs_duties,cbo_1993-01,1998,1.319,1.318999999999999,8.881784197001252e-16
cbo.revenue.customs_duties,cbo_1993-03,1998,1.319,1.318999999999999,8.881784197001252e-16
cbo.revenue.customs_duties,cbo_1994-01,1999,2.513,2.512999999999998,1.7763568394002505e-15
cbo.revenue.customs_duties,cbo_1995-01,2000,2.332,2.331999999999997,2.6645352591003757e-15
cbo.revenue.customs_duties,cbo_1996-05,2001,3.006,3.0060000000000002,4.440892098500626e-16
cbo.revenue.customs_duties,cbo_1997-01,2002,2.017,2.0169999999999995,4.440892098500626e-16
cbo.revenue.customs_duties,cbo_1997-03,2002,2.017,2.0169999999999995,4.440892098500626e-16
cbo.revenue.customs_duties,cbo_1998-01,2003,1.778,1.7780000000000022,2.220446049250313e-15
cbo.revenue.customs_duties,cbo_1998-03,2003,1.778,1.7780000000000022,2.220446049250313e-15
cbo.revenue.customs_duties,cbo_1999-01,2004,0.186,0.18599999999999994,5.551115123125783e-17
cbo.revenue.customs_duties,cbo_2000-01,2005,0.128,0.1280000000000001,1.1102230246251565e-16
cbo.revenue.customs_duties,cbo_2001-01,2006,0.314,0.3140000000000036,3.608224830031759e-15
cbo.revenue.customs_duties,cbo_2001-05,2006,0.314,0.3140000000000036,3.608224830031759e-15
cbo.revenue.customs_duties,cbo_2002-01,2007,-2.737,-2.737000000000002,1.7763568394002505e-15
cbo.revenue.customs_duties,cbo_2002-03,2007,-2.737,-2.737000000000002,1.7763568394002505e-15
cbo.revenue.customs_duties,cbo_2003-01,2008,-5.797,-5.797000000000004,4.440892098500626e-15
cbo.revenue.customs_duties,cbo_2003-03,2008,-5.797,-5.797000000000004,4.440892098500626e-15
cbo.revenue.customs_duties,cbo_2004-01,2009,1.544,1.5440000000000005,4.440892098500626e-16
cbo.revenue.customs_duties,cbo_2004-03,2009,1.544,1.5440000000000005,4.440892098500626e-16
cbo.revenue.customs_duties,cbo_2005-01,2010,1.793,1.7930000000000028,2.886579864025407e-15
cbo.revenue.customs_duties,cbo_2005-03,2010,1.793,1.7930000000000028,2.886579864025407e-15
cbo.revenue.customs_duties,cbo_2006-01,2011,1.242,1.2420000000000009,8.881784197001252e-16
cbo.revenue.customs_duties,cbo_2006-03,2011,1.242,1.2420000000000009,8.881784197001252e-16
cbo.revenue.customs_duties,cbo_2007-01,2012,3.037,3.0370000000000026,2.6645352591003757e-15
cbo.revenue.customs_duties,cbo_2007-03,2012,3.037,3.0370000000000026,2.6645352591003757e-15
cbo.revenue.customs_duties,cbo_2008-01,2013,5.925,5.925000000000001,8.881784197001252e-16
cbo.revenue.customs_duties,cbo_2008-03,2013,7.009,7.008999999999997,3.552713678800501e-15
cbo.revenue.customs_duties,cbo_2009-01,2014,4.134,4.134,0.0
cbo.revenue.customs_duties,cbo_2009-03,2014,4.26,4.259999999999998,1.7763568394002505e-15
cbo.revenue.customs_duties,cbo_2010-01,2015,0.654,0.6540000000000035,3.4416913763379853e-15
cbo.revenue.customs_duties,cbo_2010-03,2015,0.654,0.6540000000000035,3.4416913763379853e-15
cbo.revenue.customs_duties,cbo_2011-01,2016,7.498,7.4979999999999976,2.6645352591003757e-15
cbo.revenue.customs_duties,cbo_2011-03,2016,7.498,7.4979999999999976,2.6645352591003757e-15
cbo.revenue.customs_duties,cbo_2012-01,2017,9.508,9.508000000000003,3.552713678800501e-15
cbo.revenue.customs_duties,cbo_2012-03,2017,9.486,9.486000000000004,3.552713678800501e-15
cbo.revenue.customs_duties,cbo_2013-02,2018,2.604,2.6040000000000063,6.217248937900877e-15
cbo.revenue.customs_duties,cbo_2013-05,2018,2.604,2.6040000000000063,6.217248937900877e-15
cbo.revenue.customs_duties,cbo_2014-02,2019,-27.353,-27.35300000000001,7.105427357601002e-15
cbo.revenue.customs_duties,cbo_2014-04,2019,-27.353,-27.35300000000001,7.105427357601002e-15
cbo.revenue.customs_duties,cbo_2015-01,2020,-22.441,-22.441000000000003,3.552713678800501e-15
cbo.revenue.customs_duties,cbo_2015-03,2020,-22.441,-22.441000000000003,3.552713678800501e-15
cbo.revenue.customs_duties,cbo_2016-01,2021,-35.549,-35.549,0.0
cbo.revenue.customs_duties,cbo_2016-03,2021,-35.243,-35.243,0.0
cbo.revenue.customs_duties,cbo_2017-01,2022,-55.808,-55.808,0.0
cbo.revenue.customs_duties,cbo_2017-06,2022,-54.371,-54.371,0.0
cbo.revenue.customs_duties,cbo_2018-04,2023,-30.553,-30.552999999999997,3.552713678800501e-15
cbo.revenue.customs_duties,cbo_2018-05,2023,-30.553,-30.552999999999997,3.552713678800501e-15
cbo.revenue.customs_duties,cbo_2019-01,2024,14.112,14.112000000000009,8.881784197001252e-15
cbo.revenue.customs_duties,cbo_2019-05,2024,14.112,14.112000000000009,8.881784197001252e-15
cbo.revenue.customs_duties,cbo_2020-01,2025,-92.331,-92.331,0.0
cbo.revenue.customs_duties,cbo_2020-03,2025,-92.331,-92.33100000000002,1.4210854715202004e-14
cbo.revenue.customs_duties,cbo_1992-01,1998,1.295,1.2949999999999982,1.7763568394002505e-15
cbo.revenue.customs_duties,cbo_1993-01,1999,2.53,2.530000000000001,1.3322676295501878e-15
cbo.revenue.customs_duties,cbo_1993-03,1999,2.53,2.530000000000001,1.3322676295501878e-15
cbo.revenue.customs_duties,cbo_1994-01,2000,7.122,7.122,0.0
cbo.revenue.customs_duties,cbo_1995-01,2001,3.696,3.695999999999998,2.220446049250313e-15
cbo.revenue.customs_duties,cbo_1996-05,2002,5.137,5.1370000000000005,8.881784197001252e-16
cbo.revenue.customs_duties,cbo_1997-01,2003,1.999,1.9990000000000023,2.220446049250313e-15
cbo.revenue.customs_duties,cbo_1997-03,2003,1.999,1.9990000000000023,2.220446049250313e-15
cbo.revenue.customs_duties,cbo_1998-01,2004,1.541,1.5410000000000004,4.440892098500626e-16
cbo.revenue.customs_duties,cbo_1998-03,2004,1.541,1.5410000000000004,4.440892098500626e-16
cbo.revenue.customs_duties,cbo_1999-01,2005,-1.31,-1.3099999999999987,1.3322676295501878e-15
cbo.revenue.customs_duties,cbo_2000-01,2006,-0.417,-0.41699999999999804,1.942890293094024e-15
cbo.revenue.customs_duties,cbo_2001-01,2007,-0.012,-0.012000000000000455,4.544975507059235e-16
cbo.revenue.customs_duties,cbo_2001-05,2007,-0.012,-0.012000000000000455,4.544975507059235e-16
cbo.revenue.customs_duties,cbo_2002-01,2008,-3.679,-3.679000000000002,2.220446049250313e-15
cbo.revenue.customs_duties,cbo_2002-03,2008,-3.679,-3.679000000000002,2.220446049250313e-15
cbo.revenue.customs_duties,cbo_2003-01,2009,-1.007,-1.0070000000000014,1.5543122344752192e-15
cbo.revenue.customs_duties,cbo_2003-03,2009,-1.007,-1.0070000000000014,1.5543122344752192e-15
cbo.revenue.customs_duties,cbo_2004-01,2010,0.121,0.12100000000000222,2.220446049250313e-15
cbo.revenue.customs_duties,cbo_2004-03,2010,0.121,0.12100000000000222,2.220446049250313e-15
cbo.revenue.customs_duties,cbo_2005-01,2011,-0.734,-0.7339999999999982,1.7763568394002505e-15
cbo.revenue.customs_duties,cbo_2005-03,2011,-0.734,-0.7339999999999982,1.7763568394002505e-15
cbo.revenue.customs_duties,cbo_2006-01,2012,0.544,0.544000000000004,3.9968028886505635e-15
cbo.revenue.customs_duties,cbo_2006-03,2012,0.544,0.544000000000004,3.9968028886505635e-15
cbo.revenue.customs_duties,cbo_2007-01,2013,4.496,4.495999999999999,1.7763568394002505e-15
cbo.revenue.customs_duties,cbo_2007-03,2013,4.496,4.495999999999999,1.7763568394002505e-15
cbo.revenue.customs_duties,cbo_2008-01,2014,7.025,7.024999999999999,1.7763568394002505e-15
cbo.revenue.customs_duties,cbo_2008-03,2014,8.263,8.262999999999998,1.7763568394002505e-15
cbo.revenue.customs_duties,cbo_2009-01,2015,3.368,3.368000000000002,2.220446049250313e-15
cbo.revenue.customs_duties,cbo_2009-03,2015,2.941,2.9410000000000025,2.6645352591003757e-15
cbo.revenue.customs_duties,cbo_2010-01,2016,2.314,2.314,0.0
cbo.revenue.customs_duties,cbo_2010-03,2016,2.314,2.314,0.0
cbo.revenue.customs_duties,cbo_2011-01,2017,11.583,11.583000000000006,5.329070518200751e-15
cbo.revenue.customs_duties,cbo_2011-03,2017,11.583,11.583000000000006,5.329070518200751e-15
cbo.revenue.customs_duties,cbo_2012-01,2018,5.121,5.121000000000002,1.7763568394002505e-15
cbo.revenue.customs_duties,cbo_2012-03,2018,5.099,5.099000000000004,3.552713678800501e-15
cbo.revenue.customs_duties,cbo_2013-02,2019,-26.015,-26.015000000000008,7.105427357601002e-15
cbo.revenue.customs_duties,cbo_2013-05,2019,-26.015,-26.015000000000008,7.105427357601002e-15
cbo.revenue.customs_duties,cbo_2014-02,2020,-22.822,-22.822000000000003,3.552713678800501e-15
cbo.revenue.customs_duties,cbo_2014-04,2020,-22.822,-22.822000000000003,3.552713678800501e-15
cbo.revenue.customs_duties,cbo_2015-01,2021,-30.514,-30.513999999999996,3.552713678800501e-15
cbo.revenue.customs_duties,cbo_2015-03,2021,-30.514,-30.513999999999996,3.552713678800501e-15
cbo.revenue.customs_duties,cbo_2016-01,2022,-53.484,-53.484,0.0
cbo.revenue.customs_duties,cbo_2016-03,2022,-53.185,-53.185,0.0
cbo.revenue.customs_duties,cbo_2017-01,2023,-34.232,-34.232,0.0
cbo.revenue.customs_duties,cbo_2017-06,2023,-32.596,-32.596,0.0
cbo.revenue.customs_duties,cbo_2018-04,2024,-25.517,-25.517000000000003,3.552713678800501e-15
cbo.revenue.customs_duties,cbo_2018-05,2024,-25.517,-25.517000000000003,3.552713678800501e-15
cbo.revenue.customs_duties,cbo_2019-01,2025,-100.684,-100.68400000000001,1.4210854715202004e-14
cbo.revenue.customs_duties,cbo_2019-05,2025,-100.684,-100.68400000000001,1.4210854715202004e-14
cbo.revenue.customs_duties,cbo_1992-01,1999,2.636,2.636000000000003,2.6645352591003757e-15
cbo.revenue.customs_duties,cbo_1993-01,2000,6.989,6.988999999999997,2.6645352591003757e-15
cbo.revenue.customs_duties,cbo_1993-03,2000,6.989,6.988999999999997,2.6645352591003757e-15
cbo.revenue.customs_duties,cbo_1994-01,2001,8.982,8.982,0.0
cbo.revenue.customs_duties,cbo_1995-01,2002,5.975,5.975000000000001,1.7763568394002505e-15
cbo.revenue.customs_duties,cbo_1996-05,2003,5.421,5.421000000000003,2.6645352591003757e-15
cbo.revenue.customs_duties,cbo_1997-01,2004,2.125,2.125,0.0
cbo.revenue.customs_duties,cbo_1997-03,2004,2.125,2.125,0.0
cbo.revenue.customs_duties,cbo_1998-01,2005,-0.082,-0.08200000000000074,7.355227538141662e-16
cbo.revenue.customs_duties,cbo_1998-03,2005,-0.082,-0.08200000000000074,7.355227538141662e-16
cbo.revenue.customs_duties,cbo_1999-01,2006,-1.626,-1.6260000000000012,1.3322676295501878e-15
cbo.revenue.customs_duties,cbo_2000-01,2007,-0.608,-0.6080000000000005,5.551115123125783e-16
cbo.revenue.customs_duties,cbo_2001-01,2008,-0.89,-0.8900000000000006,5.551115123125783e-16
cbo.revenue.customs_duties,cbo_2001-05,2008,-0.89,-0.8900000000000006,5.551115123125783e-16
cbo.revenue.customs_duties,cbo_2002-01,2009,1.154,1.154,0.0
cbo.revenue.customs_duties,cbo_2002-03,2009,1.154,1.154,0.0
cbo.revenue.customs_duties,cbo_2003-01,2010,-2.73,-2.7300000000000004,4.440892098500626e-16
cbo.revenue.customs_duties,cbo_2003-03,2010,-2.73,-2.7300000000000004,4.440892098500626e-16
cbo.revenue.customs_duties,cbo_2004-01,2011,-2.447,-2.446999999999999,8.881784197001252e-16
cbo.revenue.customs_duties,cbo_2004-03,2011,-2.447,-2.446999999999999,8.881784197001252e-16
cbo.revenue.customs_duties,cbo_2005-01,2012,-1.839,-1.8389999999999986,1.3322676295501878e-15
cbo.revenue.customs_duties,cbo_2005-03,2012,-1.839,-1.8389999999999986,1.3322676295501878e-15
cbo.revenue.customs_duties,cbo_2006-01,2013,1.379,1.3790000000000013,1.3322676295501878e-15
cbo.revenue.customs_duties,cbo_2006-03,2013,1.379,1.3790000000000013,1.3322676295501878e-15
cbo.revenue.customs_duties,cbo_2007-01,2014,5.548,5.547999999999995,5.329070518200751e-15
cbo.revenue.customs_duties,cbo_2007-03,2014,5.548,5.547999999999995,5.329070518200751e-15
cbo.revenue.customs_duties,cbo_2008-01,2015,7.147,7.1469999999999985,1.7763568394002505e-15
cbo.revenue.customs_duties,cbo_2008-03,2015,8.462,8.462000000000003,3.552713678800501e-15
cbo.revenue.customs_duties,cbo_2009-01,2016,5.524,5.524000000000001,8.881784197001252e-16
cbo.revenue.customs_duties,cbo_2009-03,2016,4.908,4.908000000000001,8.881784197001252e-16
cbo.revenue.customs_duties,cbo_2010-01,2017,3.791,3.790999999999997,3.1086244689504383e-15
cbo.revenue.customs_duties,cbo_2010-03,2017,3.791,3.790999999999997,3.1086244689504383e-15
cbo.revenue.customs_duties,cbo_2011-01,2018,8.365,8.365000000000002,1.7763568394002505e-15
cbo.revenue.customs_duties,cbo_2011-03,2018,8.365,8.365000000000002,1.7763568394002505e-15
cbo.revenue.customs_duties,cbo_2012-01,2019,-22.796,-22.796000000000006,7.105427357601002e-15
cbo.revenue.customs_duties,cbo_2012-03,2019,-22.818,-22.818000000000012,1.0658141036401503e-14
cbo.revenue.customs_duties,cbo_2013-02,2020,-22.173,-22.173000000000002,3.552713678800501e-15
cbo.revenue.customs_duties,cbo_2013-05,2020,-22.173,-22.173000000000002,3.552713678800501e-15
cbo.revenue.customs_duties,cbo_2014-02,2021,-30.742,-30.741999999999997,3.552713678800501e-15
cbo.revenue.customs_duties,cbo_2014-04,2021,-30.742,-30.741999999999997,3.552713678800501e-15
cbo.revenue.customs_duties,cbo_2015-01,2022,-47.394,-47.394000000000005,7.105427357601002e-15
cbo.revenue.customs_duties,cbo_2015-03,2022,-47.394,-47.394000000000005,7.105427357601002e-15
cbo.revenue.customs_duties,cbo_2016-01,2023,-31.412,-31.411999999999992,7.105427357601002e-15
cbo.revenue.customs_duties,cbo_2016-03,2023,-31.186,-31.185999999999993,7.105427357601002e-15
cbo.revenue.customs_duties,cbo_2017-01,2024,-28.443,-28.443000000000005,3.552713678800501e-15
cbo.revenue.customs_duties,cbo_2017-06,2024,-26.839,-26.839000000000006,7.105427357601002e-15
cbo.revenue.customs_duties,cbo_2018-04,2025,-141.65,-141.65000000000003,2.842170943040401e-14
cbo.revenue.customs_duties,cbo_2018-05,2025,-141.65,-141.65000000000003,2.842170943040401e-14
cbo.revenue.customs_duties,cbo_1992-01,2000,7.131,7.130999999999997,3.552713678800501e-15
cbo.revenue.customs_duties,cbo_1993-01,2001,8.409,8.408999999999999,1.7763568394002505e-15
cbo.revenue.customs_duties,cbo_1993-03,2001,8.409,8.408999999999999,1.7763568394002505e-15
cbo.revenue.customs_duties,cbo_1994-01,2002,11.602,11.602,0.0
cbo.revenue.customs_duties,cbo_1995-01,2003,6.404,6.4040000000000035,3.552713678800501e-15
cbo.revenue.customs_duties,cbo_1996-05,2004,5.861,5.861000000000001,8.881784197001252e-16
cbo.revenue.customs_duties,cbo_1997-01,2005,0.722,0.7220000000000013,1.3322676295501878e-15
cbo.revenue.customs_duties,cbo_1997-03,2005,0.722,0.7220000000000013,1.3322676295501878e-15
cbo.revenue.customs_duties,cbo_1998-01,2006,-0.441,-0.44099999999999895,1.0547118733938987e-15
cbo.revenue.customs_duties,cbo_1998-03,2006,-0.441,-0.44099999999999895,1.0547118733938987e-15
cbo.revenue.customs_duties,cbo_1999-01,2007,-1.589,-1.5890000000000022,2.220446049250313e-15
cbo.revenue.customs_duties,cbo_2000-01,2008,-1.34,-1.3399999999999999,2.220446049250313e-16
cbo.revenue.customs_duties,cbo_2001-01,2009,4.0,4.0,0.0
cbo.revenue.customs_duties,cbo_2001-05,2009,4.0,4.0,0.0
cbo.revenue.customs_duties,cbo_2002-01,2010,-0.66,-0.6600000000000001,1.1102230246251565e-16
cbo.revenue.customs_duties,cbo_2002-03,2010,-0.66,-0.6600000000000001,1.1102230246251565e-16
cbo.revenue.customs_duties,cbo_2003-01,2011,-5.394,-5.393999999999998,1.7763568394002505e-15
cbo.revenue.customs_duties,cbo_2003-03,2011,-5.394,-5.393999999999998,1.7763568394002505e-15
cbo.revenue.customs_duties,cbo_2004-01,2012,-3.848,-3.847999999999999,8.881784197001252e-16
cbo.revenue.customs_duties,cbo_2004-03,2012,-3.848,-3.847999999999999,8.881784197001252e-16
cbo.revenue.customs_duties,cbo_2005-01,2013,-1.244,-1.2440000000000033,3.3306690738754696e-15
cbo.revenue.customs_duties,cbo_2005-03,2013,-1.244,-1.2440000000000033,3.3306690738754696e-15
cbo.revenue.customs_duties,cbo_2006-01,2014,1.829,1.8290000000000006,6.661338147750939e-16
cbo.revenue.customs_duties,cbo_2006-03,2014,1.829,1.8290000000000006,6.661338147750939e-16
cbo.revenue.customs_duties,cbo_2007-01,2015,5.619,5.619000000000007,7.105427357601002e-15
cbo.revenue.customs_duties,cbo_2007-03,2015,5.619,5.619,0.0
cbo.revenue.customs_duties,cbo_2008-01,2016,10.4,10.399999999999999,1.7763568394002505e-15
cbo.revenue.customs_duties,cbo_2008-03,2016,11.731,11.731000000000002,1.7763568394002505e-15
cbo.revenue.customs_duties,cbo_2009-01,2017,7.525,7.525000000000006,5.329070518200751e-15
cbo.revenue.customs_duties,cbo_2009-03,2017,6.826,6.8260000000000005,8.881784197001252e-16
cbo.revenue.customs_duties,cbo_2010-01,2018,-0.567,-0.5669999999999931,6.8833827526759706e-15
cbo.revenue.customs_duties,cbo_2010-03,2018,-0.567,-0.5669999999999931,6.8833827526759706e-15
cbo.revenue.customs_duties,cbo_2011-01,2019,-17.826,-17.826000000000008,7.105427357601002e-15
cbo.revenue.customs_duties,cbo_2011-03,2019,-17.826,-17.826000000000008,7.105427357601002e-15
cbo.revenue.customs_duties,cbo_2012-01,2020,-18.647,-18.647,0.0
cbo.revenue.customs_duties,cbo_2012-03,2020,-18.669,-18.668999999999997,3.552713678800501e-15
cbo.revenue.customs_duties,cbo_2013-02,2021,-30.519,-30.519,0.0
cbo.revenue.customs_duties,cbo_2013-05,2021,-30.519,-30.519,0.0
cbo.revenue.customs_duties,cbo_2014-02,2022,-47.253,-47.253,0.0
cbo.revenue.customs_duties,cbo_2014-04,2022,-47.253,-47.253,0.0
cbo.revenue.customs_duties,cbo_2015-01,2023,-24.71,-24.709999999999994,7.105427357601002e-15
cbo.revenue.customs_duties,cbo_2015-03,2023,-24.71,-24.709999999999994,7.105427357601002e-15
cbo.revenue.customs_duties,cbo_2016-01,2024,-25.022,-25.022,0.0
cbo.revenue.customs_duties,cbo_2016-03,2024,-24.883,-24.883000000000003,3.552713678800501e-15
cbo.revenue.customs_duties,cbo_2017-01,2025,-144.078,-144.07800000000003,2.842170943040401e-14
cbo.revenue.customs_duties,cbo_2017-06,2025,-142.197,-142.197,0.0
cbo.revenue.customs_duties,cbo_1992-01,2001,8.671,8.671,0.0
cbo.revenue.customs_duties,cbo_1993-01,2002,10.429,10.428999999999998,1.7763568394002505e-15
cbo.revenue.customs_duties,cbo_1993-03,2002,10.429,10.428999999999998,1.7763568394002505e-15
cbo.revenue.customs_duties,cbo_1994-01,2003,12.428,12.428,0.0
cbo.revenue.customs_duties,cbo_1995-01,2004,7.029,7.029,0.0
cbo.revenue.customs_duties,cbo_1996-05,2005,5.108,5.1080000000000005,8.881784197001252e-16
cbo.revenue.customs_duties,cbo_1997-01,2006,0.478,0.47800000000000153,1.5543122344752192e-15
cbo.revenue.customs_duties,cbo_1997-03,2006,0.478,0.47800000000000153,1.5543122344752192e-15
cbo.revenue.customs_duties,cbo_1998-01,2007,-0.25,-0.25000000000000355,3.552713678800501e-15
cbo.revenue.customs_duties,cbo_1998-03,2007,-0.25,-0.25000000000000355,3.552713678800501e-15
cbo.revenue.customs_duties,cbo_1999-01,2008,-2.101,-2.1010000000000026,2.6645352591003757e-15
cbo.revenue.customs_duties,cbo_2000-01,2009,4.674,4.6739999999999995,8.881784197001252e-16
cbo.revenue.customs_duties,cbo_2001-01,2010,2.35,2.3500000000000014,1.3322676295501878e-15
cbo.revenue.customs_duties,cbo_2001-05,2010,2.35,2.3500000000000014,1.3322676295501878e-15
cbo.revenue.customs_duties,cbo_2002-01,2011,-3.503,-3.5029999999999966,3.552713678800501e-15
cbo.revenue.customs_duties,cbo_2002-03,2011,-3.503,-3.5029999999999966,3.552713678800501e-15
cbo.revenue.customs_duties,cbo_2003-01,2012,-6.623,-6.623000000000001,8.881784197001252e-16
cbo.revenue.customs_duties,cbo_2003-03,2012,-6.623,-6.623000000000001,8.881784197001252e-16
cbo.revenue.customs_duties,cbo_2004-01,2013,-4.073,-4.073,0.0
cbo.revenue.customs_duties,cbo_2004-03,2013,-4.073,-4.073,0.0
cbo.revenue.customs_duties,cbo_2005-01,2014,-1.006,-1.0060000000000002,2.220446049250313e-16
cbo.revenue.customs_duties,cbo_2005-03,2014,-1.006,-1.0060000000000002,2.220446049250313e-16
cbo.revenue.customs_duties,cbo_2006-01,2015,1.265,1.2650000000000077,7.771561172376096e-15
cbo.revenue.customs_duties,cbo_2006-03,2015,1.265,1.2650000000000077,7.771561172376096e-15
cbo.revenue.customs_duties,cbo_2007-01,2016,8.974,8.973999999999997,3.552713678800501e-15
cbo.revenue.customs_duties,cbo_2007-03,2016,8.974,8.973999999999997,3.552713678800501e-15
cbo.revenue.customs_duties,cbo_2008-01,2017,13.492,13.492000000000004,3.552713678800501e-15
cbo.revenue.customs_duties,cbo_2008-03,2017,14.786,14.786000000000001,1.7763568394002505e-15
cbo.revenue.customs_duties,cbo_2009-01,2018,3.007,3.006999999999998,2.220446049250313e-15
cbo.revenue.customs_duties,cbo_2009-03,2018,2.123,2.1230000000000047,4.440892098500626e-15
cbo.revenue.customs_duties,cbo_2010-01,2019,-27.091,-27.091000000000008,7.105427357601002e-15
cbo.revenue.customs_duties,cbo_2010-03,2019,-27.091,-27.091000000000008,7.105427357601002e-15
cbo.revenue.customs_duties,cbo_2011-01,2020,-11.431,-11.431000000000004,5.329070518200751e-15
cbo.revenue.customs_duties,cbo_2011-03,2020,-11.431,-11.431000000000004,5.329070518200751e-15
cbo.revenue.customs_duties,cbo_2012-01,2021,-27.231,-27.231,0.0
cbo.revenue.customs_duties,cbo_2012-03,2021,-27.253,-27.253,0.0
cbo.revenue.customs_duties,cbo_2013-02,2022,-47.425,-47.425000000000004,7.105427357601002e-15
cbo.revenue.customs_duties,cbo_2013-05,2022,-47.425,-47.425000000000004,7.105427357601002e-15
cbo.revenue.customs_duties,cbo_2014-02,2023,-23.889,-23.88899999999999,1.0658141036401503e-14
cbo.revenue.customs_duties,cbo_2014-04,2023,-23.889,-23.88899999999999,1.0658141036401503e-14
cbo.revenue.customs_duties,cbo_2015-01,2024,-17.965,-17.965000000000003,3.552713678800501e-15
cbo.revenue.customs_duties,cbo_2015-03,2024,-17.965,-17.965000000000003,3.552713678800501e-15
cbo.revenue.customs_duties,cbo_2016-01,2025,-139.907,-139.907,0.0
cbo.revenue.customs_duties,cbo_2016-03,2025,-139.734,-139.734,0.0
cbo.revenue.customs_duties,cbo_1992-01,2002,10.807,10.806999999999999,1.7763568394002505e-15
cbo.revenue.customs_duties,cbo_1993-01,2003,10.494,10.494000000000003,3.552713678800501e-15
cbo.revenue.customs_duties,cbo_1993-03,2003,10.494,10.494000000000003,3.552713678800501e-15
cbo.revenue.customs_duties,cbo_1994-01,2004,13.204,13.204,0.0
cbo.revenue.customs_duties,cbo_1995-01,2005,6.322,6.321999999999999,8.881784197001252e-16
cbo.revenue.customs_duties,cbo_1996-05,2006,5.654,5.654,0.0
cbo.revenue.customs_duties,cbo_1997-01,2007,0.608,0.6080000000000005,5.551115123125783e-16
cbo.revenue.customs_duties,cbo_1997-03,2007,0.608,0.6080000000000005,5.551115123125783e-16
cbo.revenue.customs_duties,cbo_1998-01,2008,-0.986,-0.9860000000000007,6.661338147750939e-16
cbo.revenue.customs_duties,cbo_1998-03,2008,-0.986,-0.9860000000000007,6.661338147750939e-16
cbo.revenue.customs_duties,cbo_1999-01,2009,4.085,4.085000000000001,8.881784197001252e-16
cbo.revenue.customs_duties,cbo_2000-01,2010,3.102,3.1020000000000003,4.440892098500626e-16
cbo.revenue.customs_duties,cbo_2001-01,2011,-0.195,-0.19499999999999673,3.2751579226442118e-15
cbo.revenue.customs_duties,cbo_2001-05,2011,-0.195,-0.19499999999999673,3.2751579226442118e-15
cbo.revenue.customs_duties,cbo_2002-01,2012,-5.03,-5.029999999999998,2.6645352591003757e-15
cbo.revenue.customs_duties,cbo_2002-03,2012,-5.03,-5.029999999999998,2.6645352591003757e-15
cbo.revenue.customs_duties,cbo_2003-01,2013,-6.395,-6.395,0.0
cbo.revenue.customs_duties,cbo_2003-03,2013,-6.395,-6.395,0.0
cbo.revenue.customs_duties,cbo_2004-01,2014,-4.677,-4.677000000000003,3.552713678800501e-15
cbo.revenue.customs_duties,cbo_2004-03,2014,-4.677,-4.677000000000003,3.552713678800501e-15
cbo.revenue.customs_duties,cbo_2005-01,2015,-1.854,-1.8539999999999992,8.881784197001252e-16
cbo.revenue.customs_duties,cbo_2005-03,2015,-1.854,-1.8539999999999992,8.881784197001252e-16
cbo.revenue.customs_duties,cbo_2006-01,2016,3.874,3.8739999999999952,4.884981308350689e-15
cbo.revenue.customs_duties,cbo_2006-03,2016,3.874,3.8739999999999952,4.884981308350689e-15
cbo.revenue.customs_duties,cbo_2007-01,2017,12.316,12.316000000000003,1.7763568394002505e-15
cbo.revenue.customs_duties,cbo_2007-03,2017,12.316,12.316000000000003,1.7763568394002505e-15
cbo.revenue.customs_duties,cbo_2008-01,2018,9.983,9.983000000000004,3.552713678800501e-15
cbo.revenue.customs_duties,cbo_2008-03,2018,11.187,11.187000000000005,5.329070518200751e-15
cbo.revenue.customs_duties,cbo_2009-01,2019,-24.422,-24.422000000000004,3.552713678800501e-15
cbo.revenue.customs_duties,cbo_2009-03,2019,-25.651,-25.651000000000003,3.552713678800501e-15
cbo.revenue.customs_duties,cbo_2010-01,2020,-20.909,-20.909000000000006,7.105427357601002e-15
cbo.revenue.customs_duties,cbo_2010-03,2020,-20.909,-20.909000000000006,7.105427357601002e-15
cbo.revenue.customs_duties,cbo_2011-01,2021,-18.447,-18.446999999999996,3.552713678800501e-15
cbo.revenue.customs_duties,cbo_2011-03,2021,-18.447,-18.446999999999996,3.552713678800501e-15
cbo.revenue.customs_duties,cbo_2012-01,2022,-44.498,-44.498000000000005,7.105427357601002e-15
cbo.revenue.customs_duties,cbo_2012-03,2022,-44.52,-44.52,0.0
cbo.revenue.customs_duties,cbo_2013-02,2023,-24.534,-24.533999999999992,7.105427357601002e-15
cbo.revenue.customs_duties,cbo_2013-05,2023,-24.534,-24.533999999999992,7.105427357601002e-15
cbo.revenue.customs_duties,cbo_2014-02,2024,-16.648,-16.648000000000003,3.552713678800501e-15
cbo.revenue.customs_duties,cbo_2014-04,2024,-16.648,-16.648000000000003,3.552713678800501e-15
cbo.revenue.customs_duties,cbo_2015-01,2025,-131.976,-131.976,0.0
cbo.revenue.customs_duties,cbo_2015-03,2025,-131.976,-131.976,0.0
cbo.revenue.excise_taxes,cbo_1982-02,1982,4.689,4.689,0.0
cbo.revenue.excise_taxes,cbo_1983-02,1983,1.7,1.7000000000000028,2.886579864025407e-15
cbo.revenue.excise_taxes,cbo_1984-02,1984,-0.061,-0.06099999999999284,7.16093850883226e-15
cbo.revenue.excise_taxes,cbo_1985-02,1985,1.733,1.733000000000004,3.9968028886505635e-15
cbo.revenue.excise_taxes,cbo_1986-02,1986,1.423,1.4230000000000018,1.7763568394002505e-15
cbo.revenue.excise_taxes,cbo_1987-01,1987,0.217,0.21699999999999875,1.2490009027033011e-15
cbo.revenue.excise_taxes,cbo_1988-02,1988,-0.924,-0.9239999999999995,5.551115123125783e-16
cbo.revenue.excise_taxes,cbo_1989-01,1989,-0.196,-0.19600000000000506,5.051514762044462e-15
cbo.revenue.excise_taxes,cbo_1990-01,1990,0.729,0.7289999999999992,7.771561172376096e-16
cbo.revenue.excise_taxes,cbo_1991-01,1991,3.325,3.3249999999999957,4.440892098500626e-15
cbo.revenue.excise_taxes,cbo_1992-01,1992,0.93,0.9299999999999997,3.3306690738754696e-16
cbo.revenue.excise_taxes,cbo_1992-03,1992,0.93,0.9299999999999997,3.3306690738754696e-16
cbo.revenue.excise_taxes,cbo_1993-01,1993,-0.512,-0.5120000000000005,4.440892098500626e-16
cbo.revenue.excise_taxes,cbo_1993-03,1993,-0.512,-0.5120000000000005,4.440892098500626e-16
cbo.revenue.excise_taxes,cbo_1994-01,1994,0.191,0.1909999999999954,4.6074255521944e-15
cbo.revenue.excise_taxes,cbo_1995-01,1995,-1.566,-1.5660000000000025,2.4424906541753444e-15
cbo.revenue.excise_taxes,cbo_1996-05,1996,-1.737,-1.7370000000000019,1.7763568394002505e-15
cbo.revenue.excise_taxes,cbo_1997-01,1997,-0.624,-0.6240000000000023,2.3314683517128287e-15
cbo.revenue.excise_taxes,cbo_1997-03,1997,-0.624,-0.6240000000000023,2.3314683517128287e-15
cbo.revenue.excise_taxes,cbo_1998-01,1998,-2.703,-2.703000000000003,3.1086244689504383e-15
cbo.revenue.excise_taxes,cbo_1998-03,1998,-2.778,-2.7779999999999987,1.3322676295501878e-15
cbo.revenue.excise_taxes,cbo_1999-01,1999,-1.299,-1.2990000000000066,6.661338147750939e-15
cbo.revenue.excise_taxes,cbo_2000-01,2000,-0.66,-0.6599999999999966,3.4416913763379853e-15
cbo.revenue.excise_taxes,cbo_2001-01,2001,4.666,4.665999999999997,3.552713678800501e-15
cbo.revenue.excise_taxes,cbo_2001-05,2001,4.666,4.665999999999997,3.552713678800501e-15
cbo.revenue.excise_taxes,cbo_2002-01,2002,0.015,0.015000000000000568,5.689893001203927e-16
cbo.revenue.excise_taxes,cbo_2002-03,2002,0.015,0.015000000000000568,5.689893001203927e-16
cbo.revenue.excise_taxes,cbo_2003-01,2003,0.75,0.75,0.0
cbo.revenue.excise_taxes,cbo_2003-03,2003,0.75,0.75,0.0
cbo.revenue.excise_taxes,cbo_2004-01,2004,0.122,0.12199999999999989,1.1102230246251565e-16
cbo.revenue.excise_taxes,cbo_2004-03,2004,0.122,0.12199999999999989,1.1102230246251565e-16
cbo.revenue.excise_taxes,cbo_2005-01,2005,0.722,0.7219999999999942,5.773159728050814e-15
cbo.revenue.excise_taxes,cbo_2005-03,2005,0.645,0.644999999999996,3.9968028886505635e-15
cbo.revenue.excise_taxes,cbo_2006-01,2006,1.197,1.1970000000000027,2.6645352591003757e-15
cbo.revenue.excise_taxes,cbo_2006-03,2006,1.197,1.1970000000000027,2.6645352591003757e-15
cbo.revenue.excise_taxes,cbo_2007-01,2007,-6.399,-6.399000000000001,8.881784197001252e-16
cbo.revenue.excise_taxes,cbo_2007-03,2007,-6.399,-6.399000000000001,8.881784197001252e-16
cbo.revenue.excise_taxes,cbo_2008-01,2008,1.018,1.0180000000000007,6.661338147750939e-16
cbo.revenue.excise_taxes,cbo_2008-03,2008,1.191,1.1910000000000025,2.4424906541753444e-15
cbo.revenue.excise_taxes,cbo_2009-01,2009,8.648,8.648000000000003,3.552713678800501e-15
cbo.revenue.excise_taxes,cbo_2009-03,2009,8.329,8.329,0.0
cbo.revenue.excise_taxes,cbo_2010-01,2010,3.426,3.426000000000002,1.7763568394002505e-15
cbo.revenue.excise_taxes,cbo_2010-03,2010,3.426,3.426000000000002,1.7763568394002505e-15
cbo.revenue.excise_taxes,cbo_2011-01,2011,0.814,0.813999999999993,6.994405055138486e-15
cbo.revenue.excise_taxes,cbo_2011-03,2011,1.473,1.472999999999999,1.1102230246251565e-15
cbo.revenue.excise_taxes,cbo_2012-01,2012,2.033,2.032999999999987,1.2878587085651816e-14
cbo.revenue.excise_taxes,cbo_2012-03,2012,2.034,2.033999999999992,7.993605777301127e-15
cbo.revenue.excise_taxes,cbo_2013-02,2013,1.194,1.1939999999999884,1.1546319456101628e-14
cbo.revenue.excise_taxes,cbo_2013-05,2013,1.169,1.168999999999997,3.1086244689504383e-15
cbo.revenue.excise_taxes,cbo_2014-02,2014,-2.504,-2.5039999999999907,9.325873406851315e-15
cbo.revenue.excise_taxes,cbo_2014-04,2014,-2.504,-2.5039999999999907,9.325873406851315e-15
cbo.revenue.excise_taxes,cbo_2015-01,2015,-1.8,-1.7999999999999972,2.886579864025407e-15
cbo.revenue.excise_taxes,cbo_2015-03,2015,-1.8,-1.7999999999999972,2.886579864025407e-15
cbo.revenue.excise_taxes,cbo_2016-01,2016,2.042,2.0420000000000016,1.7763568394002505e-15
cbo.revenue.excise_taxes,cbo_2016-03,2016,1.977,1.9770000000000039,3.774758283725532e-15
cbo.revenue.excise_taxes,cbo_2017-01,2017,2.194,2.1940000000000026,2.6645352591003757e-15
cbo.revenue.excise_taxes,cbo_2017-06,2017,-1.366,-1.3659999999999997,4.440892098500626e-16
cbo.revenue.excise_taxes,cbo_2018-04,2018,6.809,6.8089999999999975,2.6645352591003757e-15
cbo.revenue.excise_taxes,cbo_2018-05,2018,6.809,6.8089999999999975,2.6645352591003757e-15
cbo.revenue.excise_taxes,cbo_2019-01,2019,-1.224,-1.2240000000000038,3.774758283725532e-15
cbo.revenue.excise_taxes,cbo_2019-05,2019,-1.224,-1.2240000000000038,3.774758283725532e-15
cbo.revenue.excise_taxes,cbo_2020-01,2020,12.408,12.408000000000001,1.7763568394002505e-15
cbo.revenue.excise_taxes,cbo_2020-03,2020,12.408,12.408000000000001,1.7763568394002505e-15
cbo.revenue.excise_taxes,cbo_2021-02,2021,3.539,3.5390000000000015,1.3322676295501878e-15
cbo.revenue.excise_taxes,cbo_2021-07,2021,0.143,0.14300000000000068,6.938893903907228e-16
cbo.revenue.excise_taxes,cbo_2022-05,2022,-0.173,-0.1729999999999876,1.2378986724570495e-14
cbo.revenue.excise_taxes,cbo_2023-02,2023,14.704,14.703999999999994,7.105427357601002e-15
cbo.revenue.excise_taxes,cbo_2023-05,2023,14.704,14.703999999999994,7.105427357601002e-15
cbo.revenue.excise_taxes,cbo_2024-02,2024,-16.3,-16.30000000000001,1.0658141036401503e-14
cbo.revenue.excise_taxes,cbo_2024-06,2024,-12.274,-12.274000000000001,1.7763568394002505e-15
cbo.revenue.excise_taxes,cbo_2025-01,2025,-14.115,-14.115000000000009,8.881784197001252e-15
cbo.revenue.excise_taxes,cbo_1982-02,1983,10.7,10.700000000000003,3.552713678800501e-15
cbo.revenue.excise_taxes,cbo_1983-02,1984,3.239,3.2390000000000043,4.440892098500626e-15
cbo.revenue.excise_taxes,cbo_1984-02,1985,2.208,2.2080000000000055,5.329070518200751e-15
cbo.revenue.excise_taxes,cbo_1985-02,1986,3.684,3.6840000000000046,4.440892098500626e-15
cbo.revenue.excise_taxes,cbo_1986-02,1987,1.765,1.7650000000000006,6.661338147750939e-16
cbo.revenue.excise_taxes,cbo_1987-01,1988,-0.862,-0.8619999999999948,5.218048215738236e-15
cbo.revenue.excise_taxes,cbo_1988-02,1989,-0.636,-0.6360000000000028,2.7755575615628914e-15
cbo.revenue.excise_taxes,cbo_1989-01,1990,1.2,1.2000000000000028,2.886579864025407e-15
cbo.revenue.excise_taxes,cbo_1990-01,1991,4.556,4.555999999999997,2.6645352591003757e-15
cbo.revenue.excise_taxes,cbo_1991-01,1992,3.742,3.7419999999999973,2.6645352591003757e-15
cbo.revenue.excise_taxes,cbo_1992-01,1993,0.768,0.7680000000000007,6.661338147750939e-16
cbo.revenue.excise_taxes,cbo_1992-03,1993,0.768,0.7680000000000007,6.661338147750939e-16
cbo.revenue.excise_taxes,cbo_1993-01,1994,-0.259,-0.25900000000000034,3.3306690738754696e-16
cbo.revenue.excise_taxes,cbo_1993-03,1994,-0.259,-0.25900000000000034,3.3306690738754696e-16
cbo.revenue.excise_taxes,cbo_1994-01,1995,-0.59,-0.5899999999999963,3.6637359812630166e-15
cbo.revenue.excise_taxes,cbo_1995-01,1996,1.772,1.7719999999999985,1.5543122344752192e-15
cbo.revenue.excise_taxes,cbo_1996-05,1997,-1.484,-1.4840000000000018,1.7763568394002505e-15
cbo.revenue.excise_taxes,cbo_1997-01,1998,-4.088,-4.088000000000001,8.881784197001252e-16
cbo.revenue.excise_taxes,cbo_1997-03,1998,-4.023,-4.023000000000003,3.552713678800501e-15
cbo.revenue.excise_taxes,cbo_1998-01,1999,-1.059,-1.0589999999999975,2.4424906541753444e-15
cbo.revenue.excise_taxes,cbo_1998-03,1999,-1.114,-1.1140000000000043,4.218847493575595e-15
cbo.revenue.excise_taxes,cbo_1999-01,2000,-2.47,-2.469999999999999,1.3322676295501878e-15
cbo.revenue.excise_taxes,cbo_2000-01,2001,4.421,4.4210000000000065,6.217248937900877e-15
cbo.revenue.excise_taxes,cbo_2001-01,2002,7.542,7.541999999999987,1.2434497875801753e-14
cbo.revenue.excise_taxes,cbo_2001-05,2002,7.542,7.541999999999987,1.2434497875801753e-14
cbo.revenue.excise_taxes,cbo_2002-01,2003,2.301,2.301000000000002,1.7763568394002505e-15
cbo.revenue.excise_taxes,cbo_2002-03,2003,2.301,2.301000000000002,1.7763568394002505e-15
cbo.revenue.excise_taxes,cbo_2003-01,2004,1.274,1.274000000000001,8.881784197001252e-16
cbo.revenue.excise_taxes,cbo_2003-03,2004,1.274,1.274000000000001,8.881784197001252e-16
cbo.revenue.excise_taxes,cbo_2004-01,2005,2.042,2.0420000000000016,1.7763568394002505e-15
cbo.revenue.excise_taxes,cbo_2004-03,2005,2.042,2.0420000000000016,1.7763568394002505e-15
cbo.revenue.excise_taxes,cbo_2005-01,2006,2.926,2.926000000000002,1.7763568394002505e-15
cbo.revenue.excise_taxes,cbo_2005-03,2006,2.926,2.926000000000002,1.7763568394002505e-15
cbo.revenue.excise_taxes,cbo_2006-01,2007,11.208,11.207999999999998,1.7763568394002505e-15
cbo.revenue.excise_taxes,cbo_2006-03,2007,11.208,11.207999999999998,1.7763568394002505e-15
cbo.revenue.excise_taxes,cbo_2007-01,2008,1.513,1.512999999999991,8.881784197001252e-15
cbo.revenue.excise_taxes,cbo_2007-03,2008,1.513,1.512999999999991,8.881784197001252e-15
cbo.revenue.excise_taxes,cbo_2008-01,2009,11.309,11.309000000000005,5.329070518200751e-15
cbo.revenue.excise_taxes,cbo_2008-03,2009,11.389,11.389000000000003,3.552713678800501e-15
cbo.revenue.excise_taxes,cbo_2009-01,2010,8.432,8.432000000000002,1.7763568394002505e-15
cbo.revenue.excise_taxes,cbo_2009-03,2010,8.84,8.83999999999999,1.0658141036401503e-14
cbo.revenue.excise_taxes,cbo_2010-01,2011,2.297,2.296999999999997,3.1086244689504383e-15
cbo.revenue.excise_taxes,cbo_2010-03,2011,2.297,2.296999999999997,3.1086244689504383e-15
cbo.revenue.excise_taxes,cbo_2011-01,2012,0.98,0.9799999999999898,1.021405182655144e-14
cbo.revenue.excise_taxes,cbo_2011-03,2012,1.803,1.802999999999983,1.687538997430238e-14
cbo.revenue.excise_taxes,cbo_2012-01,2013,0.505,0.5049999999999955,4.551914400963142e-15
cbo.revenue.excise_taxes,cbo_2012-03,2013,0.505,0.5049999999999955,4.551914400963142e-15
cbo.revenue.excise_taxes,cbo_2013-02,2014,-0.576,-0.5759999999999934,6.5503158452884236e-15
cbo.revenue.excise_taxes,cbo_2013-05,2014,-0.732,-0.7319999999999993,6.661338147750939e-16
cbo.revenue.excise_taxes,cbo_2014-02,2015,-2.574,-2.573999999999998,1.7763568394002505e-15
cbo.revenue.excise_taxes,cbo_2014-04,2015,-2.574,-2.573999999999998,1.7763568394002505e-15
cbo.revenue.excise_taxes,cbo_2015-01,2016,-1.509,-1.5090000000000003,4.440892098500626e-16
cbo.revenue.excise_taxes,cbo_2015-03,2016,-1.509,-1.5090000000000003,4.440892098500626e-16
cbo.revenue.excise_taxes,cbo_2016-01,2017,6.123,6.123000000000005,4.440892098500626e-15
cbo.revenue.excise_taxes,cbo_2016-03,2017,6.125,6.125,0.0
cbo.revenue.excise_taxes,cbo_2017-01,2018,4.495,4.4950000000000045,4.440892098500626e-15
cbo.revenue.excise_taxes,cbo_2017-06,2018,5.474,5.474000000000004,3.552713678800501e-15
cbo.revenue.excise_taxes,cbo_2018-04,2019,-11.402,-11.402000000000001,1.7763568394002505e-15
cbo.revenue.excise_taxes,cbo_2018-05,2019,-11.402,-11.402000000000001,1.7763568394002505e-15
cbo.revenue.excise_taxes,cbo_2019-01,2020,11.72,11.719999999999999,1.7763568394002505e-15
cbo.revenue.excise_taxes,cbo_2019-05,2020,11.72,11.719999999999999,1.7763568394002505e-15
cbo.revenue.excise_taxes,cbo_2020-01,2021,12.287,12.287000000000006,5.329070518200751e-15
cbo.revenue.excise_taxes,cbo_2020-03,2021,12.287,12.287000000000006,5.329070518200751e-15
cbo.revenue.excise_taxes,cbo_2021-02,2022,-1.154,-1.1539999999999964,3.552713678800501e-15
cbo.revenue.excise_taxes,cbo_2021-07,2022,-1.095,-1.0949999999999989,1.1102230246251565e-15
cbo.revenue.excise_taxes,cbo_2022-05,2023,21.446,21.445999999999984,1.7763568394002505e-14
cbo.revenue.excise_taxes,cbo_2023-02,2024,-0.336,-0.33600000000001273,1.2712053631958042e-14
cbo.revenue.excise_taxes,cbo_2023-05,2024,-0.336,-0.33600000000001273,1.2712053631958042e-14
cbo.revenue.excise_taxes,cbo_2024-02,2025,-13.611,-13.611000000000004,3.552713678800501e-15
cbo.revenue.excise_taxes,cbo_2024-06,2025,-9.523,-9.522999999999996,3.552713678800501e-15
cbo.revenue.excise_taxes,cbo_1982-02,1984,11.239,11.239000000000004,3.552713678800501e-15
cbo.revenue.excise_taxes,cbo_1983-02,1985,6.608,6.608000000000004,4.440892098500626e-15
cbo.revenue.excise_taxes,cbo_1984-02,1986,3.792,3.7920000000000016,1.7763568394002505e-15
cbo.revenue.excise_taxes,cbo_1985-02,1987,6.114,6.113999999999997,2.6645352591003757e-15
cbo.revenue.excise_taxes,cbo_1986-02,1988,0.238,0.23800000000000665,6.661338147750939e-15
cbo.revenue.excise_taxes,cbo_1987-01,1989,0.227,0.22699999999999676,3.247402347028583e-15
cbo.revenue.excise_taxes,cbo_1988-02,1990,1.757,1.756999999999998,1.9984014443252818e-15
cbo.revenue.excise_taxes,cbo_1989-01,1991,4.894,4.893999999999998,1.7763568394002505e-15
cbo.revenue.excise_taxes,cbo_1990-01,1992,4.719,4.718999999999994,6.217248937900877e-15
cbo.revenue.excise_taxes,cbo_1991-01,1993,4.723,4.722999999999999,8.881784197001252e-16
cbo.revenue.excise_taxes,cbo_1992-01,1994,1.687,1.6869999999999976,2.4424906541753444e-15
cbo.revenue.excise_taxes,cbo_1992-03,1994,1.687,1.6869999999999976,2.4424906541753444e-15
cbo.revenue.excise_taxes,cbo_1993-01,1995,-0.759,-0.7590000000000003,3.3306690738754696e-16
cbo.revenue.excise_taxes,cbo_1993-03,1995,-0.759,-0.7590000000000003,3.3306690738754696e-16
cbo.revenue.excise_taxes,cbo_1994-01,1996,2.826,2.8259999999999934,6.661338147750939e-15
cbo.revenue.excise_taxes,cbo_1995-01,1997,4.348,4.348000000000006,6.217248937900877e-15
cbo.revenue.excise_taxes,cbo_1996-05,1998,-4.593,-4.592999999999996,3.552713678800501e-15
cbo.revenue.excise_taxes,cbo_1997-01,1999,-1.604,-1.6039999999999992,8.881784197001252e-16
cbo.revenue.excise_taxes,cbo_1997-03,1999,-1.539,-1.5390000000000015,1.5543122344752192e-15
cbo.revenue.excise_taxes,cbo_1998-01,2000,-4.199,-4.198999999999998,1.7763568394002505e-15
cbo.revenue.excise_taxes,cbo_1998-03,2000,-4.254,-4.254000000000005,5.329070518200751e-15
cbo.revenue.excise_taxes,cbo_1999-01,2001,2.232,2.2319999999999993,8.881784197001252e-16
cbo.revenue.excise_taxes,cbo_2000-01,2002,7.008,7.007999999999996,4.440892098500626e-15
cbo.revenue.excise_taxes,cbo_2001-01,2003,8.635,8.635000000000005,5.329070518200751e-15
cbo.revenue.excise_taxes,cbo_2001-05,2003,8.635,8.635000000000005,5.329070518200751e-15
cbo.revenue.excise_taxes,cbo_2002-01,2004,2.547,2.546999999999997,3.1086244689504383e-15
cbo.revenue.excise_taxes,cbo_2002-03,2004,2.547,2.546999999999997,3.1086244689504383e-15
cbo.revenue.excise_taxes,cbo_2003-01,2005,2.845,2.845000000000013,1.2878587085651816e-14
cbo.revenue.excise_taxes,cbo_2003-03,2005,2.845,2.845000000000013,1.2878587085651816e-14
cbo.revenue.excise_taxes,cbo_2004-01,2006,4.346,4.346000000000004,3.552713678800501e-15
cbo.revenue.excise_taxes,cbo_2004-03,2006,4.346,4.346000000000004,3.552713678800501e-15
cbo.revenue.excise_taxes,cbo_2005-01,2007,14.197,14.197000000000003,3.552713678800501e-15
cbo.revenue.excise_taxes,cbo_2005-03,2007,14.197,14.197000000000003,3.552713678800501e-15
cbo.revenue.excise_taxes,cbo_2006-01,2008,10.863,10.863,0.0
cbo.revenue.excise_taxes,cbo_2006-03,2008,10.863,10.863,0.0
cbo.revenue.excise_taxes,cbo_2007-01,2009,14.963,14.963000000000001,1.7763568394002505e-15
cbo.revenue.excise_taxes,cbo_2007-03,2009,14.963,14.963000000000001,1.7763568394002505e-15
cbo.revenue.excise_taxes,cbo_2008-01,2010,12.86,12.859999999999985,1.4210854715202004e-14
cbo.revenue.excise_taxes,cbo_2008-03,2010,13.19,13.189999999999984,1.5987211554602254e-14
cbo.revenue.excise_taxes,cbo_2009-01,2011,5.74,5.740000000000009,8.881784197001252e-15
cbo.revenue.excise_taxes,cbo_2009-03,2011,6.268,6.268000000000001,8.881784197001252e-16
cbo.revenue.excise_taxes,cbo_2010-01,2012,2.389,2.388999999999996,3.9968028886505635e-15
cbo.revenue.excise_taxes,cbo_2010-03,2012,2.389,2.388999999999996,3.9968028886505635e-15
cbo.revenue.excise_taxes,cbo_2011-01,2013,1.283,1.2830000000000013,1.3322676295501878e-15
cbo.revenue.excise_taxes,cbo_2011-03,2013,2.094,2.093999999999994,5.773159728050814e-15
cbo.revenue.excise_taxes,cbo_2012-01,2014,0.576,0.5760000000000076,7.66053886991358e-15
cbo.revenue.excise_taxes,cbo_2012-03,2014,0.576,0.5760000000000076,7.66053886991358e-15
cbo.revenue.excise_taxes,cbo_2013-02,2015,-0.33,-0.3299999999999983,1.7208456881689926e-15
cbo.revenue.excise_taxes,cbo_2013-05,2015,-0.48,-0.47999999999998977,1.021405182655144e-14
cbo.revenue.excise_taxes,cbo_2014-02,2016,-2.017,-2.016999999999996,3.9968028886505635e-15
cbo.revenue.excise_taxes,cbo_2014-04,2016,-2.017,-2.016999999999996,3.9968028886505635e-15
cbo.revenue.excise_taxes,cbo_2015-01,2017,5.018,5.018000000000001,8.881784197001252e-16
cbo.revenue.excise_taxes,cbo_2015-03,2017,5.018,5.018000000000015,1.509903313490213e-14
cbo.revenue.excise_taxes,cbo_2016-01,2018,4.89,4.890000000000001,8.881784197001252e-16
cbo.revenue.excise_taxes,cbo_2016-03,2018,4.995,4.9950000000000045,4.440892098500626e-15
cbo.revenue.excise_taxes,cbo_2017-01,2019,-14.106,-14.105999999999995,5.329070518200751e-15
cbo.revenue.excise_taxes,cbo_2017-06,2019,-12.894,-12.894000000000005,5.329070518200751e-15
cbo.revenue.excise_taxes,cbo_2018-04,2020,10.143,10.143,0.0
cbo.revenue.excise_taxes,cbo_2018-05,2020,10.411,10.411000000000001,1.7763568394002505e-15
cbo.revenue.excise_taxes,cbo_2019-01,2021,12.346,12.346000000000004,3.552713678800501e-15
cbo.revenue.excise_taxes,cbo_2019-05,2021,12.346,12.346000000000004,3.552713678800501e-15
cbo.revenue.excise_taxes,cbo_2020-01,2022,2.355,2.355000000000018,1.8207657603852567e-14
cbo.revenue.excise_taxes,cbo_2020-03,2022,2.355,2.355000000000018,1.8207657603852567e-14
cbo.revenue.excise_taxes,cbo_2021-02,2023,19.126,19.12599999999999,1.0658141036401503e-14
cbo.revenue.excise_taxes,cbo_2021-07,2023,20.304,20.303999999999988,1.0658141036401503e-14
cbo.revenue.excise_taxes,cbo_2022-05,2024,1.755,1.7549999999999955,4.440892098500626e-15
cbo.revenue.excise_taxes,cbo_2023-02,2025,-5.708,-5.707999999999998,1.7763568394002505e-15
cbo.revenue.excise_taxes,cbo_2023-05,2025,-5.708,-5.707999999999998,1.7763568394002505e-15
cbo.revenue.excise_taxes,cbo_1982-02,1985,14.608,14.608000000000004,3.552713678800501e-15
cbo.revenue.excise_taxes,cbo_1983-02,1986,7.092,7.091999999999999,8.881784197001252e-16
cbo.revenue.excise_taxes,cbo_1984-02,1987,6.347,6.347000000000001,8.881784197001252e-16
cbo.revenue.excise_taxes,cbo_1985-02,1988,4.959,4.959000000000003,3.552713678800501e-15
cbo.revenue.excise_taxes,cbo_1986-02,1989,1.432,1.431999999999995,4.884981308350689e-15
cbo.revenue.excise_taxes,cbo_1987-01,1990,2.698,2.6980000000000004,4.440892098500626e-16
cbo.revenue.excise_taxes,cbo_1988-02,1991,6.263,6.262999999999998,1.7763568394002505e-15
cbo.revenue.excise_taxes,cbo_1989-01,1992,5.071,5.070999999999998,1.7763568394002505e-15
cbo.revenue.excise_taxes,cbo_1990-01,1993,5.336,5.3359999999999985,1.7763568394002505e-15
cbo.revenue.excise_taxes,cbo_1991-01,1994,5.799,5.7989999999999995,8.881784197001252e-16
cbo.revenue.excise_taxes,cbo_1992-01,1995,1.508,1.5080000000000027,2.6645352591003757e-15
cbo.revenue.excise_taxes,cbo_1992-03,1995,1.508,1.5080000000000027,2.6645352591003757e-15
cbo.revenue.excise_taxes,cbo_1993-01,1996,2.311,2.311,0.0
cbo.revenue.excise_taxes,cbo_1993-03,1996,2.311,2.311,0.0
cbo.revenue.excise_taxes,cbo_1994-01,1997,5.525,5.525000000000006,5.329070518200751e-15
cbo.revenue.excise_taxes,cbo_1995-01,1998,1.395,1.3950000000000031,3.1086244689504383e-15
cbo.revenue.excise_taxes,cbo_1996-05,1999,-1.839,-1.8389999999999986,1.3322676295501878e-15
cbo.revenue.excise_taxes,cbo_1997-01,2000,-5.134,-5.133999999999993,7.105427357601002e-15
cbo.revenue.excise_taxes,cbo_1997-03,2000,-5.069,-5.0689999999999955,4.440892098500626e-15
cbo.revenue.excise_taxes,cbo_1998-01,2001,0.196,0.19599999999999795,2.0539125955565396e-15
cbo.revenue.excise_taxes,cbo_1998-03,2001,0.141,0.14100000000000534,5.35682609381638e-15
cbo.revenue.excise_taxes,cbo_1999-01,2002,4.825,4.824999999999989,1.1546319456101628e-14
cbo.revenue.excise_taxes,cbo_2000-01,2003,7.497,7.497,0.0
cbo.revenue.excise_taxes,cbo_2001-01,2004,8.511,8.510999999999996,3.552713678800501e-15
cbo.revenue.excise_taxes,cbo_2001-05,2004,8.511,8.510999999999996,3.552713678800501e-15
cbo.revenue.excise_taxes,cbo_2002-01,2005,3.419,3.419000000000011,1.1102230246251565e-14
cbo.revenue.excise_taxes,cbo_2002-03,2005,3.419,3.419000000000011,1.1102230246251565e-14
cbo.revenue.excise_taxes,cbo_2003-01,2006,5.062,5.061999999999998,2.6645352591003757e-15
cbo.revenue.excise_taxes,cbo_2003-03,2006,5.062,5.061999999999998,2.6645352591003757e-15
cbo.revenue.excise_taxes,cbo_2004-01,2007,15.527,15.527000000000001,1.7763568394002505e-15
cbo.revenue.excise_taxes,cbo_2004-03,2007,15.527,15.527000000000001,1.7763568394002505e-15
cbo.revenue.excise_taxes,cbo_2005-01,2008,13.965,13.965000000000003,3.552713678800501e-15
cbo.revenue.excise_taxes,cbo_2005-03,2008,13.965,13.965000000000003,3.552713678800501e-15
cbo.revenue.excise_taxes,cbo_2006-01,2009,23.478,23.478,0.0
cbo.revenue.excise_taxes,cbo_2006-03,2009,23.478,23.478,0.0
cbo.revenue.excise_taxes,cbo_2007-01,2010,16.213,16.212999999999994,7.105427357601002e-15
cbo.revenue.excise_taxes,cbo_2007-03,2010,16.213,16.212999999999994,7.105427357601002e-15
cbo.revenue.excise_taxes,cbo_2008-01,2011,10.863,10.863,0.0
cbo.revenue.excise_taxes,cbo_2008-03,2011,11.468,11.468000000000004,3.552713678800501e-15
cbo.revenue.excise_taxes,cbo_2009-01,2012,6.059,6.058999999999983,1.687538997430238e-14
cbo.revenue.excise_taxes,cbo_2009-03,2012,6.369,6.369,0.0
cbo.revenue.excise_taxes,cbo_2010-01,2013,3.545,3.5450000000000017,1.7763568394002505e-15
cbo.revenue.excise_taxes,cbo_2010-03,2013,3.545,3.5450000000000017,1.7763568394002505e-15
cbo.revenue.excise_taxes,cbo_2011-01,2014,1.666,1.6659999999999968,3.1086244689504383e-15
cbo.revenue.excise_taxes,cbo_2011-03,2014,2.445,2.4450000000000074,7.549516567451064e-15
cbo.revenue.excise_taxes,cbo_2012-01,2015,1.369,1.3689999999999998,2.220446049250313e-16
cbo.revenue.excise_taxes,cbo_2012-03,2015,1.369,1.369000000000014,1.3988810110276972e-14
cbo.revenue.excise_taxes,cbo_2013-02,2016,0.896,0.8960000000000008,7.771561172376096e-16
cbo.revenue.excise_taxes,cbo_2013-05,2016,0.753,0.7530000000000143,1.432187701766452e-14
cbo.revenue.excise_taxes,cbo_2014-02,2017,4.746,4.745999999999995,5.329070518200751e-15
cbo.revenue.excise_taxes,cbo_2014-04,2017,4.746,4.745999999999995,5.329070518200751e-15
cbo.revenue.excise_taxes,cbo_2015-01,2018,4.021,4.021000000000001,8.881784197001252e-16
cbo.revenue.excise_taxes,cbo_2015-03,2018,3.643,3.6429999999999865,1.3322676295501878e-14
cbo.revenue.excise_taxes,cbo_2016-01,2019,-12.359,-12.358999999999995,5.329070518200751e-15
cbo.revenue.excise_taxes,cbo_2016-03,2019,-12.197,-12.197000000000003,3.552713678800501e-15
cbo.revenue.excise_taxes,cbo_2017-01,2020,7.519,7.518999999999991,8.881784197001252e-15
cbo.revenue.excise_taxes,cbo_2017-06,2020,8.873,8.87299999999999,8.881784197001252e-15
cbo.revenue.excise_taxes,cbo_2018-04,2021,10.303,10.302999999999997,3.552713678800501e-15
cbo.revenue.excise_taxes,cbo_2018-05,2021,11.05,11.050000000000011,1.0658141036401503e-14
cbo.revenue.excise_taxes,cbo_2019-01,2022,1.788,1.7879999999999967,3.3306690738754696e-15
cbo.revenue.excise_taxes,cbo_2019-05,2022,2.531,2.5309999999999917,8.43769498715119e-15
cbo.revenue.excise_taxes,cbo_2020-01,2023,22.712,22.712000000000003,3.552713678800501e-15
cbo.revenue.excise_taxes,cbo_2020-03,2023,22.712,22.712000000000003,3.552713678800501e-15
cbo.revenue.excise_taxes,cbo_2021-02,2024,0.099,0.09899999999998954,1.04638520070921e-14
cbo.revenue.excise_taxes,cbo_2021-07,2024,1.186,1.1859999999999928,7.105427357601002e-15
cbo.revenue.excise_taxes,cbo_2022-05,2025,-3.571,-3.571000000000012,1.199040866595169e-14
cbo.revenue.excise_taxes,cbo_1982-02,1986,17.092,17.092,0.0
cbo.revenue.excise_taxes,cbo_1983-02,1987,9.447,9.446999999999996,3.552713678800501e-15
cbo.revenue.excise_taxes,cbo_1984-02,1988,5.244,5.244000000000007,7.105427357601002e-15
cbo.revenue.excise_taxes,cbo_1985-02,1989,6.22,6.219999999999999,8.881784197001252e-16
cbo.revenue.excise_taxes,cbo_1986-02,1990,3.87,3.8699999999999974,2.6645352591003757e-15
cbo.revenue.excise_taxes,cbo_1987-01,1991,7.125,7.125,0.0
cbo.revenue.excise_taxes,cbo_1988-02,1992,6.603,6.602999999999994,5.329070518200751e-15
cbo.revenue.excise_taxes,cbo_1989-01,1993,5.477,5.476999999999997,3.552713678800501e-15
cbo.revenue.excise_taxes,cbo_1990-01,1994,6.285,6.285000000000004,3.552713678800501e-15
cbo.revenue.excise_taxes,cbo_1991-01,1995,6.178,6.178000000000004,4.440892098500626e-15
cbo.revenue.excise_taxes,cbo_1992-01,1996,5.302,5.302,0.0
cbo.revenue.excise_taxes,cbo_1992-03,1996,5.302,5.302,0.0
cbo.revenue.excise_taxes,cbo_1993-01,1997,4.921,4.920999999999999,8.881784197001252e-16
cbo.revenue.excise_taxes,cbo_1993-03,1997,4.921,4.920999999999999,8.881784197001252e-16
cbo.revenue.excise_taxes,cbo_1994-01,1998,2.409,2.408999999999999,8.881784197001252e-16
cbo.revenue.excise_taxes,cbo_1995-01,1999,4.431,4.430999999999997,2.6645352591003757e-15
cbo.revenue.excise_taxes,cbo_1996-05,2000,-5.133,-5.132999999999996,4.440892098500626e-15
cbo.revenue.excise_taxes,cbo_1997-01,2001,-0.482,-0.4819999999999993,6.661338147750939e-16
cbo.revenue.excise_taxes,cbo_1997-03,2001,-0.417,-0.4170000000000016,1.609823385706477e-15
cbo.revenue.excise_taxes,cbo_1998-01,2002,2.508,2.5079999999999956,4.440892098500626e-15
cbo.revenue.excise_taxes,cbo_1998-03,2002,2.453,2.4529999999999887,1.1102230246251565e-14
cbo.revenue.excise_taxes,cbo_1999-01,2003,5.441,5.4410000000000025,2.6645352591003757e-15
cbo.revenue.excise_taxes,cbo_2000-01,2004,7.034,7.033999999999992,7.993605777301127e-15
cbo.revenue.excise_taxes,cbo_2001-01,2005,9.436,9.436000000000007,7.105427357601002e-15
cbo.revenue.excise_taxes,cbo_2001-05,2005,9.436,9.436000000000007,7.105427357601002e-15
cbo.revenue.excise_taxes,cbo_2002-01,2006,5.462,5.462000000000003,3.552713678800501e-15
cbo.revenue.excise_taxes,cbo_2002-03,2006,5.462,5.462000000000003,3.552713678800501e-15
cbo.revenue.excise_taxes,cbo_2003-01,2007,16.514,16.513999999999996,3.552713678800501e-15
cbo.revenue.excise_taxes,cbo_2003-03,2007,16.514,16.513999999999996,3.552713678800501e-15
cbo.revenue.excise_taxes,cbo_2004-01,2008,15.406,15.405999999999992,8.881784197001252e-15
cbo.revenue.excise_taxes,cbo_2004-03,2008,15.406,15.405999999999992,8.881784197001252e-15
cbo.revenue.excise_taxes,cbo_2005-01,2009,26.344,26.344,0.0
cbo.revenue.excise_taxes,cbo_2005-03,2009,26.344,26.344,0.0
cbo.revenue.excise_taxes,cbo_2006-01,2010,25.524,25.523999999999987,1.4210854715202004e-14
cbo.revenue.excise_taxes,cbo_2006-03,2010,25.524,25.523999999999987,1.4210854715202004e-14
cbo.revenue.excise_taxes,cbo_2007-01,2011,13.752,13.75200000000001,8.881784197001252e-15
cbo.revenue.excise_taxes,cbo_2007-03,2011,13.752,13.75200000000001,8.881784197001252e-15
cbo.revenue.excise_taxes,cbo_2008-01,2012,10.982,10.981999999999985,1.4210854715202004e-14
cbo.revenue.excise_taxes,cbo_2008-03,2012,11.655,11.654999999999987,1.2434497875801753e-14
cbo.revenue.excise_taxes,cbo_2009-01,2013,7.039,7.0390000000000015,1.7763568394002505e-15
cbo.revenue.excise_taxes,cbo_2009-03,2013,7.08,7.079999999999984,1.5987211554602254e-14
cbo.revenue.excise_taxes,cbo_2010-01,2014,4.268,4.268000000000001,8.881784197001252e-16
cbo.revenue.excise_taxes,cbo_2010-03,2014,4.268,4.268000000000001,8.881784197001252e-16
cbo.revenue.excise_taxes,cbo_2011-01,2015,1.901,1.9009999999999962,3.774758283725532e-15
cbo.revenue.excise_taxes,cbo_2011-03,2015,2.643,2.6430000000000007,8.881784197001252e-16
cbo.revenue.excise_taxes,cbo_2012-01,2016,2.803,2.8030000000000115,1.1546319456101628e-14
cbo.revenue.excise_taxes,cbo_2012-03,2016,2.803,2.8029999999999973,2.6645352591003757e-15
cbo.revenue.excise_taxes,cbo_2013-02,2017,8.207,8.207000000000008,7.105427357601002e-15
cbo.revenue.excise_taxes,cbo_2013-05,2017,8.111,8.111000000000004,3.552713678800501e-15
cbo.revenue.excise_taxes,cbo_2014-02,2018,3.887,3.8869999999999862,1.3766765505351941e-14
cbo.revenue.excise_taxes,cbo_2014-04,2018,3.904,3.9039999999999964,3.552713678800501e-15
cbo.revenue.excise_taxes,cbo_2015-01,2019,-12.025,-12.025000000000006,5.329070518200751e-15
cbo.revenue.excise_taxes,cbo_2015-03,2019,-13.307,-13.307000000000002,1.7763568394002505e-15
cbo.revenue.excise_taxes,cbo_2016-01,2020,9.26,9.259999999999991,8.881784197001252e-15
cbo.revenue.excise_taxes,cbo_2016-03,2020,9.426,9.426000000000002,1.7763568394002505e-15
cbo.revenue.excise_taxes,cbo_2017-01,2021,7.927,7.9269999999999925,7.105427357601002e-15
cbo.revenue.excise_taxes,cbo_2017-06,2021,9.273,9.272999999999996,3.552713678800501e-15
cbo.revenue.excise_taxes,cbo_2018-04,2022,1.0,1.0000000000000142,1.4210854715202004e-14
cbo.revenue.excise_taxes,cbo_2018-05,2022,1.471,1.4710000000000178,1.7763568394002505e-14
cbo.revenue.excise_taxes,cbo_2019-01,2023,7.674,7.673999999999992,7.993605777301127e-15
cbo.revenue.excise_taxes,cbo_2019-05,2023,10.259,10.259,0.0
cbo.revenue.excise_taxes,cbo_2020-01,2024,0.286,0.28599999999998715,1.2823075934420558e-14
cbo.revenue.excise_taxes,cbo_2020-03,2024,0.286,0.28599999999998715,1.2823075934420558e-14
cbo.revenue.excise_taxes,cbo_2021-02,2025,-4.629,-4.629000000000019,1.9539925233402755e-14
cbo.revenue.excise_taxes,cbo_2021-07,2025,-3.711,-3.7110000000000127,1.2878587085651816e-14
cbo.revenue.excise_taxes,cbo_1982-02,1987,19.447,19.447000000000003,3.552713678800501e-15
cbo.revenue.excise_taxes,cbo_1983-02,1988,8.744,8.744000000000007,7.105427357601002e-15
cbo.revenue.excise_taxes,cbo_1984-02,1989,6.465,6.465000000000003,3.552713678800501e-15
cbo.revenue.excise_taxes,cbo_1985-02,1990,8.75,8.75,0.0
cbo.revenue.excise_taxes,cbo_1986-02,1991,8.495,8.494999999999997,1.7763568394002505e-15
cbo.revenue.excise_taxes,cbo_1987-01,1992,6.863,6.8629999999999995,8.881784197001252e-16
cbo.revenue.excise_taxes,cbo_1988-02,1993,7.201,7.2010000000000005,8.881784197001252e-16
cbo.revenue.excise_taxes,cbo_1989-01,1994,6.262,6.261999999999993,6.217248937900877e-15
cbo.revenue.excise_taxes,cbo_1990-01,1995,6.597,6.596999999999987,1.3322676295501878e-14
cbo.revenue.excise_taxes,cbo_1991-01,1996,10.456,10.455999999999996,3.552713678800501e-15
cbo.revenue.excise_taxes,cbo_1992-01,1997,7.866,7.8659999999999926,7.105427357601002e-15
cbo.revenue.excise_taxes,cbo_1992-03,1997,7.866,7.8659999999999926,7.105427357601002e-15
cbo.revenue.excise_taxes,cbo_1993-01,1998,1.743,1.742999999999995,5.10702591327572e-15
cbo.revenue.excise_taxes,cbo_1993-03,1998,1.743,1.742999999999995,5.10702591327572e-15
cbo.revenue.excise_taxes,cbo_1994-01,1999,5.335,5.334999999999994,6.217248937900877e-15
cbo.revenue.excise_taxes,cbo_1995-01,2000,1.293,1.2930000000000064,6.439293542825908e-15
cbo.revenue.excise_taxes,cbo_1996-05,2001,-0.125,-0.125,0.0
cbo.revenue.excise_taxes,cbo_1997-01,2002,1.907,1.9069999999999965,3.552713678800501e-15
cbo.revenue.excise_taxes,cbo_1997-03,2002,1.972,1.9719999999999942,5.773159728050814e-15
cbo.revenue.excise_taxes,cbo_1998-01,2003,2.54,2.5400000000000063,6.217248937900877e-15
cbo.revenue.excise_taxes,cbo_1998-03,2003,2.485,2.4849999999999994,4.440892098500626e-16
cbo.revenue.excise_taxes,cbo_1999-01,2004,4.98,4.980000000000004,3.552713678800501e-15
cbo.revenue.excise_taxes,cbo_2000-01,2005,7.72,7.720000000000013,1.3322676295501878e-14
cbo.revenue.excise_taxes,cbo_2001-01,2006,11.609,11.608999999999995,5.329070518200751e-15
cbo.revenue.excise_taxes,cbo_2001-05,2006,11.609,11.608999999999995,5.329070518200751e-15
cbo.revenue.excise_taxes,cbo_2002-01,2007,16.906,16.906000000000006,7.105427357601002e-15
cbo.revenue.excise_taxes,cbo_2002-03,2007,16.906,16.90599999999999,7.105427357601002e-15
cbo.revenue.excise_taxes,cbo_2003-01,2008,16.656,16.65599999999999,7.105427357601002e-15
cbo.revenue.excise_taxes,cbo_2003-03,2008,16.656,16.65599999999999,7.105427357601002e-15
cbo.revenue.excise_taxes,cbo_2004-01,2009,28.068,28.068000000000005,3.552713678800501e-15
cbo.revenue.excise_taxes,cbo_2004-03,2009,28.068,28.068000000000005,3.552713678800501e-15
cbo.revenue.excise_taxes,cbo_2005-01,2010,28.392,28.391999999999996,3.552713678800501e-15
cbo.revenue.excise_taxes,cbo_2005-03,2010,28.392,28.391999999999996,3.552713678800501e-15
cbo.revenue.excise_taxes,cbo_2006-01,2011,21.921,21.920999999999992,7.105427357601002e-15
cbo.revenue.excise_taxes,cbo_2006-03,2011,21.921,21.920999999999992,7.105427357601002e-15
cbo.revenue.excise_taxes,cbo_2007-01,2012,13.855,13.855000000000004,3.552713678800501e-15
cbo.revenue.excise_taxes,cbo_2007-03,2012,13.855,13.855000000000004,3.552713678800501e-15
cbo.revenue.excise_taxes,cbo_2008-01,2013,11.45,11.450000000000003,3.552713678800501e-15
cbo.revenue.excise_taxes,cbo_2008-03,2013,12.232,12.232,0.0
cbo.revenue.excise_taxes,cbo_2009-01,2014,7.801,7.801000000000002,1.7763568394002505e-15
cbo.revenue.excise_taxes,cbo_2009-03,2014,7.627,7.626999999999995,4.440892098500626e-15
cbo.revenue.excise_taxes,cbo_2010-01,2015,4.17,4.170000000000002,1.7763568394002505e-15
cbo.revenue.excise_taxes,cbo_2010-03,2015,4.17,4.170000000000002,1.7763568394002505e-15
cbo.revenue.excise_taxes,cbo_2011-01,2016,2.756,2.7560000000000002,4.440892098500626e-16
cbo.revenue.excise_taxes,cbo_2011-03,2016,3.457,3.4569999999999936,6.217248937900877e-15
cbo.revenue.excise_taxes,cbo_2012-01,2017,9.328,9.328000000000003,3.552713678800501e-15
cbo.revenue.excise_taxes,cbo_2012-03,2017,9.327,9.326999999999998,1.7763568394002505e-15
cbo.revenue.excise_taxes,cbo_2013-02,2018,8.216,8.215999999999994,5.329070518200751e-15
cbo.revenue.excise_taxes,cbo_2013-05,2018,7.275,7.2749999999999915,8.881784197001252e-15
cbo.revenue.excise_taxes,cbo_2014-02,2019,-11.99,-11.989999999999995,5.329070518200751e-15
cbo.revenue.excise_taxes,cbo_2014-04,2019,-11.544,-11.543999999999997,3.552713678800501e-15
cbo.revenue.excise_taxes,cbo_2015-01,2020,9.559,9.558999999999997,1.7763568394002505e-15
cbo.revenue.excise_taxes,cbo_2015-03,2020,8.169,8.168999999999997,3.552713678800501e-15
cbo.revenue.excise_taxes,cbo_2016-01,2021,9.943,9.942999999999998,1.7763568394002505e-15
cbo.revenue.excise_taxes,cbo_2016-03,2021,9.888,9.887999999999991,8.881784197001252e-15
cbo.revenue.excise_taxes,cbo_2017-01,2022,-2.022,-2.0220000000000056,5.773159728050814e-15
cbo.revenue.excise_taxes,cbo_2017-06,2022,-0.653,-0.6530000000000058,5.773159728050814e-15
cbo.revenue.excise_taxes,cbo_2018-04,2023,18.108,18.10799999999999,1.0658141036401503e-14
cbo.revenue.excise_taxes,cbo_2018-05,2023,18.408,18.407999999999987,1.4210854715202004e-14
cbo.revenue.excise_taxes,cbo_2019-01,2024,9.292,9.292000000000002,1.7763568394002505e-15
cbo.revenue.excise_taxes,cbo_2019-05,2024,12.499,12.498999999999995,5.329070518200751e-15
cbo.revenue.excise_taxes,cbo_2020-01,2025,-3.567,-3.5670000000000073,7.105427357601002e-15
cbo.revenue.excise_taxes,cbo_2020-03,2025,-3.567,-3.5670000000000073,7.105427357601002e-15
cbo.revenue.excise_taxes,cbo_1992-01,1998,4.788,4.787999999999997,3.552713678800501e-15
cbo.revenue.excise_taxes,cbo_1993-01,1999,-5.425,-5.424999999999997,2.6645352591003757e-15
cbo.revenue.excise_taxes,cbo_1993-03,1999,-5.425,-5.424999999999997,2.6645352591003757e-15
cbo.revenue.excise_taxes,cbo_1994-01,2000,2.395,2.394999999999996,3.9968028886505635e-15
cbo.revenue.excise_taxes,cbo_1995-01,2001,6.323,6.322999999999993,7.105427357601002e-15
cbo.revenue.excise_taxes,cbo_1996-05,2002,2.389,2.388999999999996,3.9968028886505635e-15
cbo.revenue.excise_taxes,cbo_1997-01,2003,1.689,1.6890000000000072,7.105427357601002e-15
cbo.revenue.excise_taxes,cbo_1997-03,2003,1.754,1.7540000000000049,4.884981308350689e-15
cbo.revenue.excise_taxes,cbo_1998-01,2004,1.589,1.5889999999999986,1.3322676295501878e-15
cbo.revenue.excise_taxes,cbo_1998-03,2004,1.534,1.5339999999999918,8.215650382226158e-15
cbo.revenue.excise_taxes,cbo_1999-01,2005,5.578,5.578000000000003,2.6645352591003757e-15
cbo.revenue.excise_taxes,cbo_2000-01,2006,9.677,9.676999999999992,7.105427357601002e-15
cbo.revenue.excise_taxes,cbo_2001-01,2007,23.164,23.164,0.0
cbo.revenue.excise_taxes,cbo_2001-05,2007,23.164,23.164,0.0
cbo.revenue.excise_taxes,cbo_2002-01,2008,17.14,17.14,0.0
cbo.revenue.excise_taxes,cbo_2002-03,2008,17.14,17.14,0.0
cbo.revenue.excise_taxes,cbo_2003-01,2009,29.469,29.469,0.0
cbo.revenue.excise_taxes,cbo_2003-03,2009,29.469,29.469,0.0
cbo.revenue.excise_taxes,cbo_2004-01,2010,30.399,30.399,0.0
cbo.revenue.excise_taxes,cbo_2004-03,2010,30.399,30.399,0.0
cbo.revenue.excise_taxes,cbo_2005-01,2011,24.67,24.67,0.0
cbo.revenue.excise_taxes,cbo_2005-03,2011,24.67,24.67,0.0
cbo.revenue.excise_taxes,cbo_2006-01,2012,21.845,21.845,0.0
cbo.revenue.excise_taxes,cbo_2006-03,2012,21.845,21.845,0.0
cbo.revenue.excise_taxes,cbo_2007-01,2013,14.474,14.47399999999999,1.0658141036401503e-14
cbo.revenue.excise_taxes,cbo_2007-03,2013,14.474,14.47399999999999,1.0658141036401503e-14
cbo.revenue.excise_taxes,cbo_2008-01,2014,12.051,12.051000000000002,1.7763568394002505e-15
cbo.revenue.excise_taxes,cbo_2008-03,2014,12.668,12.668000000000006,7.105427357601002e-15
cbo.revenue.excise_taxes,cbo_2009-01,2015,7.951,7.951000000000008,7.993605777301127e-15
cbo.revenue.excise_taxes,cbo_2009-03,2015,7.59,7.590000000000003,3.552713678800501e-15
cbo.revenue.excise_taxes,cbo_2010-01,2016,4.535,4.534999999999997,3.552713678800501e-15
cbo.revenue.excise_taxes,cbo_2010-03,2016,4.535,4.534999999999997,3.552713678800501e-15
cbo.revenue.excise_taxes,cbo_2011-01,2017,8.913,8.913000000000011,1.0658141036401503e-14
cbo.revenue.excise_taxes,cbo_2011-03,2017,9.566,9.566000000000017,1.5987211554602254e-14
cbo.revenue.excise_taxes,cbo_2012-01,2018,10.271,10.270999999999987,1.4210854715202004e-14
cbo.revenue.excise_taxes,cbo_2012-03,2018,10.009,10.009,0.0
cbo.revenue.excise_taxes,cbo_2013-02,2019,-5.858,-5.85799999999999,9.769962616701378e-15
cbo.revenue.excise_taxes,cbo_2013-05,2019,-8.674,-8.673999999999992,7.105427357601002e-15
cbo.revenue.excise_taxes,cbo_2014-02,2020,9.578,9.578000000000003,3.552713678800501e-15
cbo.revenue.excise_taxes,cbo_2014-04,2020,10.101,10.100999999999999,1.7763568394002505e-15
cbo.revenue.excise_taxes,cbo_2015-01,2021,10.79,10.790000000000006,7.105427357601002e-15
cbo.revenue.excise_taxes,cbo_2015-03,2021,9.045,9.045000000000002,1.7763568394002505e-15
cbo.revenue.excise_taxes,cbo_2016-01,2022,0.269,0.26899999999999125,8.770761894538737e-15
cbo.revenue.excise_taxes,cbo_2016-03,2022,-0.036,-0.03599999999998715,1.284389261613228e-14
cbo.revenue.excise_taxes,cbo_2017-01,2023,13.87,13.86999999999999,8.881784197001252e-15
cbo.revenue.excise_taxes,cbo_2017-06,2023,15.274,15.274000000000001,1.7763568394002505e-15
cbo.revenue.excise_taxes,cbo_2018-04,2024,-4.995,-4.9950000000000045,4.440892098500626e-15
cbo.revenue.excise_taxes,cbo_2018-05,2024,-4.92,-4.920000000000002,1.7763568394002505e-15
cbo.revenue.excise_taxes,cbo_2019-01,2025,-7.748,-7.748000000000019,1.865174681370263e-14
cbo.revenue.excise_taxes,cbo_2019-05,2025,-3.818,-3.818000000000012,1.199040866595169e-14
cbo.revenue.excise_taxes,cbo_1992-01,1999,-2.091,-2.090999999999994,6.217248937900877e-15
cbo.revenue.excise_taxes,cbo_1993-01,2000,-8.875,-8.874999999999993,7.105427357601002e-15
cbo.revenue.excise_taxes,cbo_1993-03,2000,-8.875,-8.874999999999993,7.105427357601002e-15
cbo.revenue.excise_taxes,cbo_1994-01,2001,7.649,7.649000000000001,8.881784197001252e-16
cbo.revenue.excise_taxes,cbo_1995-01,2002,9.002,9.001999999999995,5.329070518200751e-15
cbo.revenue.excise_taxes,cbo_1996-05,2003,2.42,2.4200000000000017,1.7763568394002505e-15
cbo.revenue.excise_taxes,cbo_1997-01,2004,0.744,0.7439999999999998,2.220446049250313e-16
cbo.revenue.excise_taxes,cbo_1997-03,2004,0.809,0.8089999999999975,2.55351295663786e-15
cbo.revenue.excise_taxes,cbo_1998-01,2005,1.664,1.6640000000000157,1.5765166949677223e-14
cbo.revenue.excise_taxes,cbo_1998-03,2005,1.609,1.6090000000000089,8.881784197001252e-15
cbo.revenue.excise_taxes,cbo_1999-01,2006,7.4,7.400000000000006,5.329070518200751e-15
cbo.revenue.excise_taxes,cbo_2000-01,2007,21.005,21.00500000000001,1.0658141036401503e-14
cbo.revenue.excise_taxes,cbo_2001-01,2008,23.509,23.509,0.0
cbo.revenue.excise_taxes,cbo_2001-05,2008,23.509,23.509,0.0
cbo.revenue.excise_taxes,cbo_2002-01,2009,30.081,30.08100000000001,1.0658141036401503e-14
cbo.revenue.excise_taxes,cbo_2002-03,2009,30.082,30.082,0.0
cbo.revenue.excise_taxes,cbo_2003-01,2010,31.837,31.83699999999999,1.0658141036401503e-14
cbo.revenue.excise_taxes,cbo_2003-03,2010,31.837,31.83699999999999,1.0658141036401503e-14
cbo.revenue.excise_taxes,cbo_2004-01,2011,26.815,26.814999999999998,3.552713678800501e-15
cbo.revenue.excise_taxes,cbo_2004-03,2011,26.815,26.814999999999998,3.552713678800501e-15
cbo.revenue.excise_taxes,cbo_2005-01,2012,24.611,24.611000000000004,3.552713678800501e-15
cbo.revenue.excise_taxes,cbo_2005-03,2012,24.611,24.611000000000004,3.552713678800501e-15
cbo.revenue.excise_taxes,cbo_2006-01,2013,22.73,22.72999999999999,1.0658141036401503e-14
cbo.revenue.excise_taxes,cbo_2006-03,2013,22.73,22.72999999999999,1.0658141036401503e-14
cbo.revenue.excise_taxes,cbo_2007-01,2014,14.976,14.976000000000013,1.2434497875801753e-14
cbo.revenue.excise_taxes,cbo_2007-03,2014,14.976,14.976000000000013,1.2434497875801753e-14
cbo.revenue.excise_taxes,cbo_2008-01,2015,12.033,12.033000000000015,1.5987211554602254e-14
cbo.revenue.excise_taxes,cbo_2008-03,2015,12.684,12.683999999999997,1.7763568394002505e-15
cbo.revenue.excise_taxes,cbo_2009-01,2016,8.652,8.652000000000001,1.7763568394002505e-15
cbo.revenue.excise_taxes,cbo_2009-03,2016,8.171,8.171000000000006,7.105427357601002e-15
cbo.revenue.excise_taxes,cbo_2010-01,2017,10.483,10.483000000000004,3.552713678800501e-15
cbo.revenue.excise_taxes,cbo_2010-03,2017,10.483,10.483000000000004,3.552713678800501e-15
cbo.revenue.excise_taxes,cbo_2011-01,2018,8.983,8.98299999999999,1.0658141036401503e-14
cbo.revenue.excise_taxes,cbo_2011-03,2018,10.397,10.396999999999991,8.881784197001252e-15
cbo.revenue.excise_taxes,cbo_2012-01,2019,-2.514,-2.513999999999996,3.9968028886505635e-15
cbo.revenue.excise_taxes,cbo_2012-03,2019,-3.234,-3.234000000000009,8.881784197001252e-15
cbo.revenue.excise_taxes,cbo_2013-02,2020,16.308,16.308000000000007,7.105427357601002e-15
cbo.revenue.excise_taxes,cbo_2013-05,2020,13.361,13.361000000000004,3.552713678800501e-15
cbo.revenue.excise_taxes,cbo_2014-02,2021,10.955,10.954999999999998,1.7763568394002505e-15
cbo.revenue.excise_taxes,cbo_2014-04,2021,11.496,11.495999999999995,5.329070518200751e-15
cbo.revenue.excise_taxes,cbo_2015-01,2022,1.291,1.291000000000011,1.1102230246251565e-14
cbo.revenue.excise_taxes,cbo_2015-03,2022,-0.634,-0.6339999999999861,1.3877787807814457e-14
cbo.revenue.excise_taxes,cbo_2016-01,2023,16.235,16.235,0.0
cbo.revenue.excise_taxes,cbo_2016-03,2023,15.784,15.783999999999992,8.881784197001252e-15
cbo.revenue.excise_taxes,cbo_2017-01,2024,-9.463,-9.463000000000008,8.881784197001252e-15
cbo.revenue.excise_taxes,cbo_2017-06,2024,-8.035,-8.03500000000001,1.0658141036401503e-14
cbo.revenue.excise_taxes,cbo_2018-04,2025,-10.027,-10.027000000000001,1.7763568394002505e-15
cbo.revenue.excise_taxes,cbo_2018-05,2025,-9.901,-9.900999999999996,3.552713678800501e-15
cbo.revenue.excise_taxes,cbo_1992-01,2000,-5.344,-5.343999999999994,6.217248937900877e-15
cbo.revenue.excise_taxes,cbo_1993-01,2001,-3.98,-3.980000000000004,3.9968028886505635e-15
cbo.revenue.excise_taxes,cbo_1993-03,2001,-3.98,-3.980000000000004,3.9968028886505635e-15
cbo.revenue.excise_taxes,cbo_1994-01,2002,10.534,10.533999999999992,8.881784197001252e-15
cbo.revenue.excise_taxes,cbo_1995-01,2003,9.182,9.182000000000002,1.7763568394002505e-15
cbo.revenue.excise_taxes,cbo_1996-05,2004,1.76,1.759999999999991,9.103828801926284e-15
cbo.revenue.excise_taxes,cbo_1997-01,2005,0.734,0.7340000000000089,8.881784197001252e-15
cbo.revenue.excise_taxes,cbo_1997-03,2005,0.799,0.7990000000000066,6.5503158452884236e-15
cbo.revenue.excise_taxes,cbo_1998-01,2006,2.91,2.9099999999999966,3.552713678800501e-15
cbo.revenue.excise_taxes,cbo_1998-03,2006,2.855,2.8549999999999898,1.021405182655144e-14
cbo.revenue.excise_taxes,cbo_1999-01,2007,18.571,18.570999999999998,3.552713678800501e-15
cbo.revenue.excise_taxes,cbo_2000-01,2008,21.133,21.13300000000001,1.0658141036401503e-14
cbo.revenue.excise_taxes,cbo_2001-01,2009,36.582,36.582,0.0
cbo.revenue.excise_taxes,cbo_2001-05,2009,36.582,36.582,0.0
cbo.revenue.excise_taxes,cbo_2002-01,2010,32.756,32.756,0.0
cbo.revenue.excise_taxes,cbo_2002-03,2010,32.756,32.756,0.0
cbo.revenue.excise_taxes,cbo_2003-01,2011,28.585,28.584999999999994,7.105427357601002e-15
cbo.revenue.excise_taxes,cbo_2003-03,2011,28.585,28.584999999999994,7.105427357601002e-15
cbo.revenue.excise_taxes,cbo_2004-01,2012,27.16,27.159999999999997,3.552713678800501e-15
cbo.revenue.excise_taxes,cbo_2004-03,2012,27.16,27.159999999999997,3.552713678800501e-15
cbo.revenue.excise_taxes,cbo_2005-01,2013,25.651,25.650999999999982,1.7763568394002505e-14
cbo.revenue.excise_taxes,cbo_2005-03,2013,25.651,25.650999999999982,1.7763568394002505e-14
cbo.revenue.excise_taxes,cbo_2006-01,2014,23.454,23.453999999999994,7.105427357601002e-15
cbo.revenue.excise_taxes,cbo_2006-03,2014,23.454,23.453999999999994,7.105427357601002e-15
cbo.revenue.excise_taxes,cbo_2007-01,2015,15.049,15.049000000000007,7.105427357601002e-15
cbo.revenue.excise_taxes,cbo_2007-03,2015,15.049,15.049000000000007,7.105427357601002e-15
cbo.revenue.excise_taxes,cbo_2008-01,2016,12.819,12.819000000000003,1.7763568394002505e-15
cbo.revenue.excise_taxes,cbo_2008-03,2016,13.607,13.607000000000014,1.4210854715202004e-14
cbo.revenue.excise_taxes,cbo_2009-01,2017,14.86,14.860000000000014,1.4210854715202004e-14
cbo.revenue.excise_taxes,cbo_2009-03,2017,14.313,14.313000000000002,1.7763568394002505e-15
cbo.revenue.excise_taxes,cbo_2010-01,2018,10.003,10.002999999999986,1.4210854715202004e-14
cbo.revenue.excise_taxes,cbo_2010-03,2018,10.003,10.002999999999986,1.4210854715202004e-14
cbo.revenue.excise_taxes,cbo_2011-01,2019,-5.204,-5.204000000000008,7.993605777301127e-15
cbo.revenue.excise_taxes,cbo_2011-03,2019,-2.252,-2.2519999999999953,4.440892098500626e-15
cbo.revenue.excise_taxes,cbo_2012-01,2020,19.193,19.192999999999998,3.552713678800501e-15
cbo.revenue.excise_taxes,cbo_2012-03,2020,18.578,18.57799999999999,1.0658141036401503e-14
cbo.revenue.excise_taxes,cbo_2013-02,2021,18.33,18.33,0.0
cbo.revenue.excise_taxes,cbo_2013-05,2021,15.274,15.274000000000001,1.7763568394002505e-15
cbo.revenue.excise_taxes,cbo_2014-02,2022,2.096,2.0959999999999894,1.0658141036401503e-14
cbo.revenue.excise_taxes,cbo_2014-04,2022,2.722,2.721999999999994,5.773159728050814e-15
cbo.revenue.excise_taxes,cbo_2015-01,2023,17.534,17.533999999999978,2.1316282072803006e-14
cbo.revenue.excise_taxes,cbo_2015-03,2023,15.39,15.39,0.0
cbo.revenue.excise_taxes,cbo_2016-01,2024,-7.341,-7.341000000000008,7.993605777301127e-15
cbo.revenue.excise_taxes,cbo_2016-03,2024,-7.656,-7.656000000000006,6.217248937900877e-15
cbo.revenue.excise_taxes,cbo_2017-01,2025,-14.46,-14.460000000000008,7.105427357601002e-15
cbo.revenue.excise_taxes,cbo_2017-06,2025,-13.017,-13.01700000000001,1.0658141036401503e-14
cbo.revenue.excise_taxes,cbo_1992-01,2001,-0.2,-0.20000000000000284,2.831068712794149e-15
cbo.revenue.excise_taxes,cbo_1993-01,2002,-1.325,-1.3250000000000028,2.886579864025407e-15
cbo.revenue.excise_taxes,cbo_1993-03,2002,-1.325,-1.3250000000000028,2.886579864025407e-15
cbo.revenue.excise_taxes,cbo_1994-01,2003,10.927,10.926999999999992,7.105427357601002e-15
cbo.revenue.excise_taxes,cbo_1995-01,2004,8.641,8.641000000000005,5.329070518200751e-15
cbo.revenue.excise_taxes,cbo_1996-05,2005,2.062,2.062000000000012,1.199040866595169e-14
cbo.revenue.excise_taxes,cbo_1997-01,2006,1.96,1.9599999999999937,6.217248937900877e-15
cbo.revenue.excise_taxes,cbo_1997-03,2006,2.025,2.0250000000000057,5.773159728050814e-15
cbo.revenue.excise_taxes,cbo_1998-01,2007,13.498,13.49799999999999,8.881784197001252e-15
cbo.revenue.excise_taxes,cbo_1998-03,2007,13.443,13.442999999999998,1.7763568394002505e-15
cbo.revenue.excise_taxes,cbo_1999-01,2008,18.494,18.494,0.0
cbo.revenue.excise_taxes,cbo_2000-01,2009,34.06,34.06000000000001,7.105427357601002e-15
cbo.revenue.excise_taxes,cbo_2001-01,2010,39.455,39.455,0.0
cbo.revenue.excise_taxes,cbo_2001-05,2010,39.455,39.455,0.0
cbo.revenue.excise_taxes,cbo_2002-01,2011,29.794,29.79400000000001,1.0658141036401503e-14
cbo.revenue.excise_taxes,cbo_2002-03,2011,29.793,29.792999999999992,7.105427357601002e-15
cbo.revenue.excise_taxes,cbo_2003-01,2012,28.956,28.956000000000003,3.552713678800501e-15
cbo.revenue.excise_taxes,cbo_2003-03,2012,28.956,28.956000000000003,3.552713678800501e-15
cbo.revenue.excise_taxes,cbo_2004-01,2013,28.741,28.740999999999985,1.4210854715202004e-14
cbo.revenue.excise_taxes,cbo_2004-03,2013,28.741,28.740999999999985,1.4210854715202004e-14
cbo.revenue.excise_taxes,cbo_2005-01,2014,27.074,27.074000000000012,1.0658141036401503e-14
cbo.revenue.excise_taxes,cbo_2005-03,2014,26.87,26.870000000000005,3.552713678800501e-15
cbo.revenue.excise_taxes,cbo_2006-01,2015,23.84,23.840000000000003,3.552713678800501e-15
cbo.revenue.excise_taxes,cbo_2006-03,2015,23.84,23.840000000000003,3.552713678800501e-15
cbo.revenue.excise_taxes,cbo_2007-01,2016,16.03,16.03,0.0
cbo.revenue.excise_taxes,cbo_2007-03,2016,16.03,16.029999999999987,1.4210854715202004e-14
cbo.revenue.excise_taxes,cbo_2008-01,2017,19.097,19.096999999999994,7.105427357601002e-15
cbo.revenue.excise_taxes,cbo_2008-03,2017,20.022,20.02200000000002,2.1316282072803006e-14
cbo.revenue.excise_taxes,cbo_2009-01,2018,14.693,14.692999999999998,1.7763568394002505e-15
cbo.revenue.excise_taxes,cbo_2009-03,2018,14.07,14.069999999999993,7.105427357601002e-15
cbo.revenue.excise_taxes,cbo_2010-01,2019,-5.144,-5.143999999999991,8.881784197001252e-15
cbo.revenue.excise_taxes,cbo_2010-03,2019,-5.144,-5.143999999999991,8.881784197001252e-15
cbo.revenue.excise_taxes,cbo_2011-01,2020,17.403,17.40299999999999,7.105427357601002e-15
cbo.revenue.excise_taxes,cbo_2011-03,2020,19.752,19.751999999999995,3.552713678800501e-15
cbo.revenue.excise_taxes,cbo_2012-01,2021,20.716,20.716000000000008,7.105427357601002e-15
cbo.revenue.excise_taxes,cbo_2012-03,2021,20.09,20.090000000000003,3.552713678800501e-15
cbo.revenue.excise_taxes,cbo_2013-02,2022,9.537,9.537000000000006,5.329070518200751e-15
cbo.revenue.excise_taxes,cbo_2013-05,2022,6.185,6.1850000000000165,1.687538997430238e-14
cbo.revenue.excise_taxes,cbo_2014-02,2023,19.22,19.219999999999985,1.4210854715202004e-14
cbo.revenue.excise_taxes,cbo_2014-04,2023,19.931,19.930999999999983,1.7763568394002505e-14
cbo.revenue.excise_taxes,cbo_2015-01,2024,-6.112,-6.112000000000009,8.881784197001252e-15
cbo.revenue.excise_taxes,cbo_2015-03,2024,-8.386,-8.38600000000001,1.0658141036401503e-14
cbo.revenue.excise_taxes,cbo_2016-01,2025,-12.378,-12.378000000000014,1.4210854715202004e-14
cbo.revenue.excise_taxes,cbo_2016-03,2025,-12.771,-12.771000000000015,1.4210854715202004e-14
cbo.revenue.excise_taxes,cbo_1992-01,2002,2.748,2.7479999999999905,9.769962616701378e-15
cbo.revenue.excise_taxes,cbo_1993-01,2003,-1.166,-1.1659999999999968,3.1086244689504383e-15
cbo.revenue.excise_taxes,cbo_1993-03,2003,-1.166,-1.1659999999999968,3.1086244689504383e-15
cbo.revenue.excise_taxes,cbo_1994-01,2004,10.608,10.60799999999999,1.0658141036401503e-14
cbo.revenue.excise_taxes,cbo_1995-01,2005,9.037,9.037000000000006,5.329070518200751e-15
cbo.revenue.excise_taxes,cbo_1996-05,2006,3.626,3.6260000000000048,4.884981308350689e-15
cbo.revenue.excise_taxes,cbo_1997-01,2007,12.596,12.596000000000004,3.552713678800501e-15
cbo.revenue.excise_taxes,cbo_1997-03,2007,12.661,12.661000000000001,1.7763568394002505e-15
cbo.revenue.excise_taxes,cbo_1998-01,2008,12.521,12.520999999999987,1.4210854715202004e-14
cbo.revenue.excise_taxes,cbo_1998-03,2008,12.466,12.465999999999994,5.329070518200751e-15
cbo.revenue.excise_taxes,cbo_1999-01,2009,31.122,31.122000000000007,7.105427357601002e-15
cbo.revenue.excise_taxes,cbo_2000-01,2010,36.201,36.20099999999999,7.105427357601002e-15
cbo.revenue.excise_taxes,cbo_2001-01,2011,36.637,36.637,0.0
cbo.revenue.excise_taxes,cbo_2001-05,2011,36.637,36.637,0.0
cbo.revenue.excise_taxes,cbo_2002-01,2012,30.56,30.559999999999988,1.0658141036401503e-14
cbo.revenue.excise_taxes,cbo_2002-03,2012,30.56,30.559999999999988,1.0658141036401503e-14
cbo.revenue.excise_taxes,cbo_2003-01,2013,30.596,30.59599999999999,1.0658141036401503e-14
cbo.revenue.excise_taxes,cbo_2003-03,2013,30.596,30.59599999999999,1.0658141036401503e-14
cbo.revenue.excise_taxes,cbo_2004-01,2014,30.145,30.14500000000001,1.0658141036401503e-14
cbo.revenue.excise_taxes,cbo_2004-03,2014,30.025,30.025000000000006,7.105427357601002e-15
cbo.revenue.excise_taxes,cbo_2005-01,2015,27.351,27.351000000000013,1.4210854715202004e-14
cbo.revenue.excise_taxes,cbo_2005-03,2015,27.104,27.104000000000013,1.4210854715202004e-14
cbo.revenue.excise_taxes,cbo_2006-01,2016,25.108,25.108000000000004,3.552713678800501e-15
cbo.revenue.excise_taxes,cbo_2006-03,2016,25.108,25.108000000000004,3.552713678800501e-15
cbo.revenue.excise_taxes,cbo_2007-01,2017,22.502,22.50200000000001,1.0658141036401503e-14
cbo.revenue.excise_taxes,cbo_2007-03,2017,22.502,22.50200000000001,1.0658141036401503e-14
cbo.revenue.excise_taxes,cbo_2008-01,2018,19.002,19.001999999999995,3.552713678800501e-15
cbo.revenue.excise_taxes,cbo_2008-03,2018,20.151,20.150999999999996,3.552713678800501e-15
cbo.revenue.excise_taxes,cbo_2009-01,2019,-0.017,-0.016999999999995907,4.093947403305265e-15
cbo.revenue.excise_taxes,cbo_2009-03,2019,-0.72,-0.7199999999999989,1.1102230246251565e-15
cbo.revenue.excise_taxes,cbo_2010-01,2020,17.228,17.227999999999994,7.105427357601002e-15
cbo.revenue.excise_taxes,cbo_2010-03,2020,17.228,17.227999999999994,7.105427357601002e-15
cbo.revenue.excise_taxes,cbo_2011-01,2021,19.834,19.834000000000003,3.552713678800501e-15
cbo.revenue.excise_taxes,cbo_2011-03,2021,21.683,21.682999999999993,7.105427357601002e-15
cbo.revenue.excise_taxes,cbo_2012-01,2022,11.655,11.655000000000001,1.7763568394002505e-15
cbo.revenue.excise_taxes,cbo_2012-03,2022,11.611,11.611000000000004,3.552713678800501e-15
cbo.revenue.excise_taxes,cbo_2013-02,2023,26.746,26.745999999999995,3.552713678800501e-15
cbo.revenue.excise_taxes,cbo_2013-05,2023,23.024,23.023999999999987,1.4210854715202004e-14
cbo.revenue.excise_taxes,cbo_2014-02,2024,-3.274,-3.274000000000001,8.881784197001252e-16
cbo.revenue.excise_taxes,cbo_2014-04,2024,-2.638,-2.6380000000000052,5.329070518200751e-15
cbo.revenue.excise_taxes,cbo_2015-01,2025,-11.38,-11.379999999999995,5.329070518200751e-15
cbo.revenue.excise_taxes,cbo_2015-03,2025,-14.177,-14.177000000000007,7.105427357601002e-15
cbo.revenue.estate_and_gift_taxes,cbo_1982-02,1982,-1.191,-1.1909999999999998,2.220446049250313e-16
cbo.revenue.estate_and_gift_taxes,cbo_1983-02,1983,0.347,0.3470000000000004,4.440892098500626e-16
cbo.revenue.estate_and_gift_taxes,cbo_1984-02,1984,-0.11,-0.10999999999999943,5.689893001203927e-16
cbo.revenue.estate_and_gift_taxes,cbo_1985-02,1985,-0.819,-0.819,0.0
cbo.revenue.estate_and_gift_taxes,cbo_1986-02,1986,-0.885,-0.8849999999999998,2.220446049250313e-16
cbo.revenue.estate_and_gift_taxes,cbo_1987-01,1987,-1.495,-1.495,0.0
cbo.revenue.estate_and_gift_taxes,cbo_1988-02,1988,0.106,0.10599999999999987,1.249000902703301e-16
cbo.revenue.estate_and_gift_taxes,cbo_1989-01,1989,-0.895,-0.8949999999999996,4.440892098500626e-16
cbo.revenue.estate_and_gift_taxes,cbo_1990-01,1990,-2.216,-2.2159999999999993,8.881784197001252e-16
cbo.revenue.estate_and_gift_taxes,cbo_1991-01,1991,0.983,0.9830000000000005,5.551115123125783e-16
cbo.revenue.estate_and_gift_taxes,cbo_1992-01,1992,0.552,0.5519999999999996,4.440892098500626e-16
cbo.revenue.estate_and_gift_taxes,cbo_1992-03,1992,0.552,0.5519999999999996,4.440892098500626e-16
cbo.revenue.estate_and_gift_taxes,cbo_1993-01,1993,-0.877,-0.8770000000000007,6.661338147750939e-16
cbo.revenue.estate_and_gift_taxes,cbo_1993-03,1993,-0.877,-0.8770000000000007,6.661338147750939e-16
cbo.revenue.estate_and_gift_taxes,cbo_1994-01,1994,-2.019,-2.019,0.0
cbo.revenue.estate_and_gift_taxes,cbo_1995-01,1995,1.223,1.2230000000000008,6.661338147750939e-16
cbo.revenue.estate_and_gift_taxes,cbo_1996-05,1996,-0.794,-0.7940000000000005,4.440892098500626e-16
cbo.revenue.estate_and_gift_taxes,cbo_1997-01,1997,-0.687,-0.6869999999999976,2.4424906541753444e-15
cbo.revenue.estate_and_gift_taxes,cbo_1997-03,1997,-0.687,-0.6869999999999976,2.4424906541753444e-15
cbo.revenue.estate_and_gift_taxes,cbo_1998-01,1998,-2.13,-2.129999999999999,8.881784197001252e-16
cbo.revenue.estate_and_gift_taxes,cbo_1998-03,1998,-2.13,-2.129999999999999,8.881784197001252e-16
cbo.revenue.estate_and_gift_taxes,cbo_1999-01,1999,-1.995,-1.995000000000001,8.881784197001252e-16
cbo.revenue.estate_and_gift_taxes,cbo_2000-01,2000,1.341,1.3409999999999975,2.4424906541753444e-15
cbo.revenue.estate_and_gift_taxes,cbo_2001-01,2001,1.223,1.2230000000000025,2.4424906541753444e-15
cbo.revenue.estate_and_gift_taxes,cbo_2001-05,2001,1.223,1.2230000000000025,2.4424906541753444e-15
cbo.revenue.estate_and_gift_taxes,cbo_2002-01,2002,-0.508,-0.5080000000000027,2.6645352591003757e-15
cbo.revenue.estate_and_gift_taxes,cbo_2002-03,2002,-0.508,-0.5080000000000027,2.6645352591003757e-15
cbo.revenue.estate_and_gift_taxes,cbo_2003-01,2003,-0.459,-0.45899999999999963,3.885780586188048e-16
cbo.revenue.estate_and_gift_taxes,cbo_2003-03,2003,-0.459,-0.45899999999999963,3.885780586188048e-16
cbo.revenue.estate_and_gift_taxes,cbo_2004-01,2004,-0.355,-0.3550000000000004,4.440892098500626e-16
cbo.revenue.estate_and_gift_taxes,cbo_2004-03,2004,-0.355,-0.3550000000000004,4.440892098500626e-16
cbo.revenue.estate_and_gift_taxes,cbo_2005-01,2005,-1.046,-1.0459999999999994,6.661338147750939e-16
cbo.revenue.estate_and_gift_taxes,cbo_2005-03,2005,-1.046,-1.0459999999999994,6.661338147750939e-16
cbo.revenue.estate_and_gift_taxes,cbo_2006-01,2006,-0.02,-0.019999999999999574,4.2674197509029455e-16
cbo.revenue.estate_and_gift_taxes,cbo_2006-03,2006,-0.02,-0.019999999999999574,4.2674197509029455e-16
cbo.revenue.estate_and_gift_taxes,cbo_2007-01,2007,-2.255,-2.254999999999999,8.881784197001252e-16
cbo.revenue.estate_and_gift_taxes,cbo_2007-03,2007,-2.255,-2.254999999999999,8.881784197001252e-16
cbo.revenue.estate_and_gift_taxes,cbo_2008-01,2008,-1.939,-1.939,0.0
cbo.revenue.estate_and_gift_taxes,cbo_2008-03,2008,-1.939,-1.939,0.0
cbo.revenue.estate_and_gift_taxes,cbo_2009-01,2009,-1.869,-1.8689999999999998,2.220446049250313e-16
cbo.revenue.estate_and_gift_taxes,cbo_2009-03,2009,-1.869,-1.8689999999999998,2.220446049250313e-16
cbo.revenue.estate_and_gift_taxes,cbo_2010-01,2010,-3.285,-3.285000000000002,1.7763568394002505e-15
cbo.revenue.estate_and_gift_taxes,cbo_2010-03,2010,-3.285,-3.285000000000002,1.7763568394002505e-15
cbo.revenue.estate_and_gift_taxes,cbo_2011-01,2011,4.099,4.098999999999999,8.881784197001252e-16
cbo.revenue.estate_and_gift_taxes,cbo_2011-03,2011,4.099,4.098999999999999,8.881784197001252e-16
cbo.revenue.estate_and_gift_taxes,cbo_2012-01,2012,-3.109,-3.109,0.0
cbo.revenue.estate_and_gift_taxes,cbo_2012-03,2012,-3.109,-3.109,0.0
cbo.revenue.estate_and_gift_taxes,cbo_2013-02,2013,-2.755,-2.754999999999999,8.881784197001252e-16
cbo.revenue.estate_and_gift_taxes,cbo_2013-05,2013,0.111,0.11100000000000065,6.522560269672795e-16
cbo.revenue.estate_and_gift_taxes,cbo_2014-02,2014,0.166,0.16600000000000037,3.608224830031759e-16
cbo.revenue.estate_and_gift_taxes,cbo_2014-04,2014,0.166,0.16600000000000037,3.608224830031759e-16
cbo.revenue.estate_and_gift_taxes,cbo_2015-01,2015,0.526,0.5259999999999998,2.220446049250313e-16
cbo.revenue.estate_and_gift_taxes,cbo_2015-03,2015,0.526,0.5259999999999998,2.220446049250313e-16
cbo.revenue.estate_and_gift_taxes,cbo_2016-01,2016,-0.994,-0.9939999999999998,2.220446049250313e-16
cbo.revenue.estate_and_gift_taxes,cbo_2016-03,2016,-0.922,-0.9220000000000006,5.551115123125783e-16
cbo.revenue.estate_and_gift_taxes,cbo_2017-01,2017,-0.142,-0.14199999999999946,5.273559366969494e-16
cbo.revenue.estate_and_gift_taxes,cbo_2017-06,2017,0.299,0.2989999999999995,4.996003610813204e-16
cbo.revenue.estate_and_gift_taxes,cbo_2018-04,2018,2.542,2.541999999999998,1.7763568394002505e-15
cbo.revenue.estate_and_gift_taxes,cbo_2018-05,2018,2.542,2.541999999999998,1.7763568394002505e-15
cbo.revenue.estate_and_gift_taxes,cbo_2019-01,2019,0.393,0.3930000000000007,6.661338147750939e-16
cbo.revenue.estate_and_gift_taxes,cbo_2019-05,2019,0.393,0.3930000000000007,6.661338147750939e-16
cbo.revenue.estate_and_gift_taxes,cbo_2020-01,2020,1.161,1.1610000000000014,1.3322676295501878e-15
cbo.revenue.estate_and_gift_taxes,cbo_2020-03,2020,1.161,1.1610000000000014,1.3322676295501878e-15
cbo.revenue.estate_and_gift_taxes,cbo_2021-02,2021,-5.564,-5.564,0.0
cbo.revenue.estate_and_gift_taxes,cbo_2021-07,2021,-2.082,-2.0820000000000007,8.881784197001252e-16
cbo.revenue.estate_and_gift_taxes,cbo_2022-05,2022,-3.29,-3.2899999999999956,4.440892098500626e-15
cbo.revenue.estate_and_gift_taxes,cbo_2023-02,2023,-7.159,-7.158999999999999,8.881784197001252e-16
cbo.revenue.estate_and_gift_taxes,cbo_2023-05,2023,-7.159,-7.158999999999999,8.881784197001252e-16
cbo.revenue.estate_and_gift_taxes,cbo_2024-02,2024,1.415,1.4149999999999991,8.881784197001252e-16
cbo.revenue.estate_and_gift_taxes,cbo_2024-06,2024,0.751,0.7509999999999977,2.3314683517128287e-15
cbo.revenue.estate_and_gift_taxes,cbo_2025-01,2025,7.204,7.203999999999997,2.6645352591003757e-15
cbo.revenue.estate_and_gift_taxes,cbo_1982-02,1983,0.347,0.3470000000000004,4.440892098500626e-16
cbo.revenue.estate_and_gift_taxes,cbo_1983-02,1984,-0.01,-0.009999999999999787,2.1337098754514727e-16
cbo.revenue.estate_and_gift_taxes,cbo_1984-02,1985,-0.822,-0.8220000000000001,1.1102230246251565e-16
cbo.revenue.estate_and_gift_taxes,cbo_1985-02,1986,-1.613,-1.6130000000000004,4.440892098500626e-16
cbo.revenue.estate_and_gift_taxes,cbo_1986-02,1987,-2.51,-2.5100000000000007,8.881784197001252e-16
cbo.revenue.estate_and_gift_taxes,cbo_1987-01,1988,-0.522,-0.5220000000000002,2.220446049250313e-16
cbo.revenue.estate_and_gift_taxes,cbo_1988-02,1989,-0.871,-0.8709999999999996,4.440892098500626e-16
cbo.revenue.estate_and_gift_taxes,cbo_1989-01,1990,-3.376,-3.3760000000000012,1.3322676295501878e-15
cbo.revenue.estate_and_gift_taxes,cbo_1990-01,1991,-1.31,-1.3100000000000005,4.440892098500626e-16
cbo.revenue.estate_and_gift_taxes,cbo_1991-01,1992,1.633,1.6329999999999991,8.881784197001252e-16
cbo.revenue.estate_and_gift_taxes,cbo_1992-01,1993,-0.294,-0.2940000000000005,4.996003610813204e-16
cbo.revenue.estate_and_gift_taxes,cbo_1992-03,1993,-0.294,-0.2940000000000005,4.996003610813204e-16
cbo.revenue.estate_and_gift_taxes,cbo_1993-01,1994,-2.933,-2.933,0.0
cbo.revenue.estate_and_gift_taxes,cbo_1993-03,1994,-2.933,-2.933,0.0
cbo.revenue.estate_and_gift_taxes,cbo_1994-01,1995,-0.897,-0.8970000000000002,2.220446049250313e-16
cbo.revenue.estate_and_gift_taxes,cbo_1995-01,1996,-0.403,-0.4029999999999987,1.3322676295501878e-15
cbo.revenue.estate_and_gift_taxes,cbo_1996-05,1997,-2.63,-2.629999999999999,8.881784197001252e-16
cbo.revenue.estate_and_gift_taxes,cbo_1997-01,1998,-3.479,-3.4790000000000028,2.6645352591003757e-15
cbo.revenue.estate_and_gift_taxes,cbo_1997-03,1998,-3.479,-3.4790000000000028,2.6645352591003757e-15
cbo.revenue.estate_and_gift_taxes,cbo_1998-01,1999,-4.751,-4.751000000000001,8.881784197001252e-16
cbo.revenue.estate_and_gift_taxes,cbo_1998-03,1999,-4.751,-4.751000000000001,8.881784197001252e-16
cbo.revenue.estate_and_gift_taxes,cbo_1999-01,2000,-2.162,-2.1620000000000026,2.6645352591003757e-15
cbo.revenue.estate_and_gift_taxes,cbo_2000-01,2001,3.161,3.1610000000000014,1.3322676295501878e-15
cbo.revenue.estate_and_gift_taxes,cbo_2001-01,2002,5.332,5.331999999999997,2.6645352591003757e-15
cbo.revenue.estate_and_gift_taxes,cbo_2001-05,2002,5.332,5.331999999999997,2.6645352591003757e-15
cbo.revenue.estate_and_gift_taxes,cbo_2002-01,2003,2.299,2.2989999999999995,4.440892098500626e-16
cbo.revenue.estate_and_gift_taxes,cbo_2002-03,2003,2.299,2.2989999999999995,4.440892098500626e-16
cbo.revenue.estate_and_gift_taxes,cbo_2003-01,2004,-0.836,-0.8359999999999985,1.4432899320127035e-15
cbo.revenue.estate_and_gift_taxes,cbo_2003-03,2004,-0.836,-0.8359999999999985,1.4432899320127035e-15
cbo.revenue.estate_and_gift_taxes,cbo_2004-01,2005,-1.811,-1.811,0.0
cbo.revenue.estate_and_gift_taxes,cbo_2004-03,2005,-1.811,-1.811,0.0
cbo.revenue.estate_and_gift_taxes,cbo_2005-01,2006,-0.695,-0.6950000000000003,3.3306690738754696e-16
cbo.revenue.estate_and_gift_taxes,cbo_2005-03,2006,-0.695,-0.6950000000000003,3.3306690738754696e-16
cbo.revenue.estate_and_gift_taxes,cbo_2006-01,2007,0.068,0.06799999999999784,2.1649348980190553e-15
cbo.revenue.estate_and_gift_taxes,cbo_2006-03,2007,0.068,0.06799999999999784,2.1649348980190553e-15
cbo.revenue.estate_and_gift_taxes,cbo_2007-01,2008,-3.929,-3.9289999999999985,1.3322676295501878e-15
cbo.revenue.estate_and_gift_taxes,cbo_2007-03,2008,-3.929,-3.9289999999999985,1.3322676295501878e-15
cbo.revenue.estate_and_gift_taxes,cbo_2008-01,2009,3.784,3.7840000000000025,2.6645352591003757e-15
cbo.revenue.estate_and_gift_taxes,cbo_2008-03,2009,3.784,3.7840000000000025,2.6645352591003757e-15
cbo.revenue.estate_and_gift_taxes,cbo_2009-01,2010,-6.173,-6.173000000000002,1.7763568394002505e-15
cbo.revenue.estate_and_gift_taxes,cbo_2009-03,2010,-5.444,-5.444000000000001,8.881784197001252e-16
cbo.revenue.estate_and_gift_taxes,cbo_2010-01,2011,3.688,3.6879999999999997,4.440892098500626e-16
cbo.revenue.estate_and_gift_taxes,cbo_2010-03,2011,3.688,3.6879999999999997,4.440892098500626e-16
cbo.revenue.estate_and_gift_taxes,cbo_2011-01,2012,-2.307,-2.3070000000000004,4.440892098500626e-16
cbo.revenue.estate_and_gift_taxes,cbo_2011-03,2012,-2.307,-2.3070000000000004,4.440892098500626e-16
cbo.revenue.estate_and_gift_taxes,cbo_2012-01,2013,-4.496,-4.495999999999999,1.7763568394002505e-15
cbo.revenue.estate_and_gift_taxes,cbo_2012-03,2013,-4.496,-4.495999999999999,1.7763568394002505e-15
cbo.revenue.estate_and_gift_taxes,cbo_2013-02,2014,-4.072,-4.072000000000001,8.881784197001252e-16
cbo.revenue.estate_and_gift_taxes,cbo_2013-05,2014,-4.072,-4.072000000000001,8.881784197001252e-16
cbo.revenue.estate_and_gift_taxes,cbo_2014-02,2015,1.108,1.1080000000000005,4.440892098500626e-16
cbo.revenue.estate_and_gift_taxes,cbo_2014-04,2015,1.108,1.1080000000000005,4.440892098500626e-16
cbo.revenue.estate_and_gift_taxes,cbo_2015-01,2016,-0.059,-0.0589999999999975,2.4980018054066022e-15
cbo.revenue.estate_and_gift_taxes,cbo_2015-03,2016,-0.059,-0.0589999999999975,2.4980018054066022e-15
cbo.revenue.estate_and_gift_taxes,cbo_2016-01,2017,-1.72,-1.7200000000000024,2.4424906541753444e-15
cbo.revenue.estate_and_gift_taxes,cbo_2016-03,2017,-1.841,-1.841000000000001,1.1102230246251565e-15
cbo.revenue.estate_and_gift_taxes,cbo_2017-01,2018,-0.942,-0.9420000000000002,2.220446049250313e-16
cbo.revenue.estate_and_gift_taxes,cbo_2017-06,2018,0.707,0.7069999999999972,2.7755575615628914e-15
cbo.revenue.estate_and_gift_taxes,cbo_2018-04,2019,2.494,2.4939999999999998,4.440892098500626e-16
cbo.revenue.estate_and_gift_taxes,cbo_2018-05,2019,2.494,2.4939999999999998,4.440892098500626e-16
cbo.revenue.estate_and_gift_taxes,cbo_2019-01,2020,0.253,0.2530000000000001,1.1102230246251565e-16
cbo.revenue.estate_and_gift_taxes,cbo_2019-05,2020,0.253,0.2530000000000001,1.1102230246251565e-16
cbo.revenue.estate_and_gift_taxes,cbo_2020-01,2021,-7.386,-7.385999999999999,8.881784197001252e-16
cbo.revenue.estate_and_gift_taxes,cbo_2020-03,2021,-7.386,-7.385999999999999,8.881784197001252e-16
cbo.revenue.estate_and_gift_taxes,cbo_2021-02,2022,-8.743,-8.742999999999999,1.7763568394002505e-15
cbo.revenue.estate_and_gift_taxes,cbo_2021-07,2022,-3.732,-3.7319999999999958,4.440892098500626e-15
cbo.revenue.estate_and_gift_taxes,cbo_2022-05,2023,-4.61,-4.609999999999999,8.881784197001252e-16
cbo.revenue.estate_and_gift_taxes,cbo_2023-02,2024,-6.851,-6.850999999999999,8.881784197001252e-16
cbo.revenue.estate_and_gift_taxes,cbo_2023-05,2024,-6.851,-6.850999999999999,8.881784197001252e-16
cbo.revenue.estate_and_gift_taxes,cbo_2024-02,2025,1.862,1.8620000000000019,1.7763568394002505e-15
cbo.revenue.estate_and_gift_taxes,cbo_2024-06,2025,5.127,5.126999999999999,8.881784197001252e-16
cbo.revenue.estate_and_gift_taxes,cbo_1982-02,1984,-0.11,-0.10999999999999943,5.689893001203927e-16
cbo.revenue.estate_and_gift_taxes,cbo_1983-02,1985,-0.822,-0.8220000000000001,1.1102230246251565e-16
cbo.revenue.estate_and_gift_taxes,cbo_1984-02,1986,-1.608,-1.6080000000000005,4.440892098500626e-16
cbo.revenue.estate_and_gift_taxes,cbo_1985-02,1987,-3.183,-3.1830000000000007,8.881784197001252e-16
cbo.revenue.estate_and_gift_taxes,cbo_1986-02,1988,-1.635,-1.6350000000000007,6.661338147750939e-16
cbo.revenue.estate_and_gift_taxes,cbo_1987-01,1989,-1.982,-1.9819999999999993,6.661338147750939e-16
cbo.revenue.estate_and_gift_taxes,cbo_1988-02,1990,-3.388,-3.388,0.0
cbo.revenue.estate_and_gift_taxes,cbo_1989-01,1991,-2.734,-2.734,0.0
cbo.revenue.estate_and_gift_taxes,cbo_1990-01,1992,-0.844,-0.8440000000000012,1.2212453270876722e-15
cbo.revenue.estate_and_gift_taxes,cbo_1991-01,1993,0.891,0.891,0.0
cbo.revenue.estate_and_gift_taxes,cbo_1992-01,1994,-2.345,-2.3450000000000006,4.440892098500626e-16
cbo.revenue.estate_and_gift_taxes,cbo_1992-03,1994,-2.345,-2.3450000000000006,4.440892098500626e-16
cbo.revenue.estate_and_gift_taxes,cbo_1993-01,1995,-1.843,-1.843,0.0
cbo.revenue.estate_and_gift_taxes,cbo_1993-03,1995,-1.843,-1.843,0.0
cbo.revenue.estate_and_gift_taxes,cbo_1994-01,1996,-2.63,-2.630000000000001,8.881784197001252e-16
cbo.revenue.estate_and_gift_taxes,cbo_1995-01,1997,-2.22,-2.219999999999999,1.3322676295501878e-15
cbo.revenue.estate_and_gift_taxes,cbo_1996-05,1998,-6.036,-6.036000000000001,1.7763568394002505e-15
cbo.revenue.estate_and_gift_taxes,cbo_1997-01,1999,-6.826,-6.8260000000000005,8.881784197001252e-16
cbo.revenue.estate_and_gift_taxes,cbo_1997-03,1999,-6.826,-6.8260000000000005,8.881784197001252e-16
cbo.revenue.estate_and_gift_taxes,cbo_1998-01,2000,-5.184,-5.184000000000001,8.881784197001252e-16
cbo.revenue.estate_and_gift_taxes,cbo_1998-03,2000,-5.184,-5.184000000000001,8.881784197001252e-16
cbo.revenue.estate_and_gift_taxes,cbo_1999-01,2001,-0.659,-0.6589999999999989,1.1102230246251565e-15
cbo.revenue.estate_and_gift_taxes,cbo_2000-01,2002,6.474,6.474,0.0
cbo.revenue.estate_and_gift_taxes,cbo_2001-01,2003,5.274,5.274000000000001,8.881784197001252e-16
cbo.revenue.estate_and_gift_taxes,cbo_2001-05,2003,5.274,5.274000000000001,8.881784197001252e-16
cbo.revenue.estate_and_gift_taxes,cbo_2002-01,2004,0.592,0.5919999999999987,1.2212453270876722e-15
cbo.revenue.estate_and_gift_taxes,cbo_2002-03,2004,0.592,0.5919999999999987,1.2212453270876722e-15
cbo.revenue.estate_and_gift_taxes,cbo_2003-01,2005,-3.737,-3.7369999999999983,1.7763568394002505e-15
cbo.revenue.estate_and_gift_taxes,cbo_2003-03,2005,-3.737,-3.7369999999999983,1.7763568394002505e-15
cbo.revenue.estate_and_gift_taxes,cbo_2004-01,2006,-1.652,-1.6519999999999975,2.4424906541753444e-15
cbo.revenue.estate_and_gift_taxes,cbo_2004-03,2006,-1.652,-1.6519999999999975,2.4424906541753444e-15
cbo.revenue.estate_and_gift_taxes,cbo_2005-01,2007,-1.033,-1.0330000000000013,1.3322676295501878e-15
cbo.revenue.estate_and_gift_taxes,cbo_2005-03,2007,-1.033,-1.0330000000000013,1.3322676295501878e-15
cbo.revenue.estate_and_gift_taxes,cbo_2006-01,2008,-1.062,-1.0620000000000012,1.1102230246251565e-15
cbo.revenue.estate_and_gift_taxes,cbo_2006-03,2008,-1.062,-1.0620000000000012,1.1102230246251565e-15
cbo.revenue.estate_and_gift_taxes,cbo_2007-01,2009,2.512,2.5120000000000005,4.440892098500626e-16
cbo.revenue.estate_and_gift_taxes,cbo_2007-03,2009,2.512,2.5120000000000005,4.440892098500626e-16
cbo.revenue.estate_and_gift_taxes,cbo_2008-01,2010,2.813,2.812999999999999,1.3322676295501878e-15
cbo.revenue.estate_and_gift_taxes,cbo_2008-03,2010,2.813,2.812999999999999,1.3322676295501878e-15
cbo.revenue.estate_and_gift_taxes,cbo_2009-01,2011,5.105,5.1049999999999995,8.881784197001252e-16
cbo.revenue.estate_and_gift_taxes,cbo_2009-03,2011,5.503,5.502999999999999,8.881784197001252e-16
cbo.revenue.estate_and_gift_taxes,cbo_2010-01,2012,-1.963,-1.9630000000000027,2.6645352591003757e-15
cbo.revenue.estate_and_gift_taxes,cbo_2010-03,2012,-1.963,-1.9630000000000027,2.6645352591003757e-15
cbo.revenue.estate_and_gift_taxes,cbo_2011-01,2013,-5.269,-5.268999999999998,1.7763568394002505e-15
cbo.revenue.estate_and_gift_taxes,cbo_2011-03,2013,-5.269,-5.268999999999998,1.7763568394002505e-15
cbo.revenue.estate_and_gift_taxes,cbo_2012-01,2014,-5.592,-5.592000000000002,2.6645352591003757e-15
cbo.revenue.estate_and_gift_taxes,cbo_2012-03,2014,-5.592,-5.592000000000002,2.6645352591003757e-15
cbo.revenue.estate_and_gift_taxes,cbo_2013-02,2015,-3.447,-3.446999999999999,8.881784197001252e-16
cbo.revenue.estate_and_gift_taxes,cbo_2013-05,2015,-3.447,-3.446999999999999,8.881784197001252e-16
cbo.revenue.estate_and_gift_taxes,cbo_2014-02,2016,1.801,1.801000000000002,1.9984014443252818e-15
cbo.revenue.estate_and_gift_taxes,cbo_2014-04,2016,1.801,1.801000000000002,1.9984014443252818e-15
cbo.revenue.estate_and_gift_taxes,cbo_2015-01,2017,-0.868,-0.8680000000000021,2.1094237467877974e-15
cbo.revenue.estate_and_gift_taxes,cbo_2015-03,2017,-0.868,-0.8680000000000021,2.1094237467877974e-15
cbo.revenue.estate_and_gift_taxes,cbo_2016-01,2018,-2.295,-2.2950000000000017,1.7763568394002505e-15
cbo.revenue.estate_and_gift_taxes,cbo_2016-03,2018,-2.397,-2.397000000000002,2.220446049250313e-15
cbo.revenue.estate_and_gift_taxes,cbo_2017-01,2019,-0.567,-0.5670000000000037,3.774758283725532e-15
cbo.revenue.estate_and_gift_taxes,cbo_2017-06,2019,0.997,0.9969999999999963,3.6637359812630166e-15
cbo.revenue.estate_and_gift_taxes,cbo_2018-04,2020,1.857,1.8570000000000029,2.886579864025407e-15
cbo.revenue.estate_and_gift_taxes,cbo_2018-05,2020,1.857,1.8570000000000029,2.886579864025407e-15
cbo.revenue.estate_and_gift_taxes,cbo_2019-01,2021,-8.103,-8.103000000000002,1.7763568394002505e-15
cbo.revenue.estate_and_gift_taxes,cbo_2019-05,2021,-8.103,-8.103000000000002,1.7763568394002505e-15
cbo.revenue.estate_and_gift_taxes,cbo_2020-01,2022,-11.914,-11.913999999999998,1.7763568394002505e-15
cbo.revenue.estate_and_gift_taxes,cbo_2020-03,2022,-11.914,-11.913999999999998,1.7763568394002505e-15
cbo.revenue.estate_and_gift_taxes,cbo_2021-02,2023,-9.527,-9.527000000000001,1.7763568394002505e-15
cbo.revenue.estate_and_gift_taxes,cbo_2021-07,2023,-5.337,-5.337,0.0
cbo.revenue.estate_and_gift_taxes,cbo_2022-05,2024,-3.752,-3.751999999999999,8.881784197001252e-16
cbo.revenue.estate_and_gift_taxes,cbo_2023-02,2025,-5.1,-5.100000000000001,1.7763568394002505e-15
cbo.revenue.estate_and_gift_taxes,cbo_2023-05,2025,-5.1,-5.100000000000001,1.7763568394002505e-15
cbo.revenue.estate_and_gift_taxes,cbo_1982-02,1985,-1.022,-1.0219999999999994,6.661338147750939e-16
cbo.revenue.estate_and_gift_taxes,cbo_1983-02,1986,-1.508,-1.508,0.0
cbo.revenue.estate_and_gift_taxes,cbo_1984-02,1987,-3.159,-3.1590000000000007,8.881784197001252e-16
cbo.revenue.estate_and_gift_taxes,cbo_1985-02,1988,-2.269,-2.269,0.0
cbo.revenue.estate_and_gift_taxes,cbo_1986-02,1989,-3.107,-3.1069999999999993,8.881784197001252e-16
cbo.revenue.estate_and_gift_taxes,cbo_1987-01,1990,-4.837,-4.837000000000001,8.881784197001252e-16
cbo.revenue.estate_and_gift_taxes,cbo_1988-02,1991,-2.767,-2.7669999999999995,4.440892098500626e-16
cbo.revenue.estate_and_gift_taxes,cbo_1989-01,1992,-2.777,-2.777000000000001,8.881784197001252e-16
cbo.revenue.estate_and_gift_taxes,cbo_1990-01,1993,-2.201,-2.2009999999999987,1.3322676295501878e-15
cbo.revenue.estate_and_gift_taxes,cbo_1991-01,1994,-1.147,-1.1470000000000002,2.220446049250313e-16
cbo.revenue.estate_and_gift_taxes,cbo_1992-01,1995,-1.225,-1.2249999999999996,4.440892098500626e-16
cbo.revenue.estate_and_gift_taxes,cbo_1992-03,1995,-1.225,-1.2249999999999996,4.440892098500626e-16
cbo.revenue.estate_and_gift_taxes,cbo_1993-01,1996,-3.608,-3.6079999999999988,1.3322676295501878e-15
cbo.revenue.estate_and_gift_taxes,cbo_1993-03,1996,-3.608,-3.6079999999999988,1.3322676295501878e-15
cbo.revenue.estate_and_gift_taxes,cbo_1994-01,1997,-4.558,-4.557999999999998,1.7763568394002505e-15
cbo.revenue.estate_and_gift_taxes,cbo_1995-01,1998,-5.606,-5.606000000000002,1.7763568394002505e-15
cbo.revenue.estate_and_gift_taxes,cbo_1996-05,1999,-9.75,-9.75,0.0
cbo.revenue.estate_and_gift_taxes,cbo_1997-01,2000,-7.127,-7.1270000000000024,2.6645352591003757e-15
cbo.revenue.estate_and_gift_taxes,cbo_1997-03,2000,-7.127,-7.1270000000000024,2.6645352591003757e-15
cbo.revenue.estate_and_gift_taxes,cbo_1998-01,2001,-3.58,-3.5799999999999983,1.7763568394002505e-15
cbo.revenue.estate_and_gift_taxes,cbo_1998-03,2001,-3.58,-3.5799999999999983,1.7763568394002505e-15
cbo.revenue.estate_and_gift_taxes,cbo_1999-01,2002,2.107,2.1069999999999993,8.881784197001252e-16
cbo.revenue.estate_and_gift_taxes,cbo_2000-01,2003,5.871,5.871000000000002,1.7763568394002505e-15
cbo.revenue.estate_and_gift_taxes,cbo_2001-01,2004,4.945,4.945000000000004,3.552713678800501e-15
cbo.revenue.estate_and_gift_taxes,cbo_2001-05,2004,4.945,4.945000000000004,3.552713678800501e-15
cbo.revenue.estate_and_gift_taxes,cbo_2002-01,2005,-2.726,-2.725999999999999,8.881784197001252e-16
cbo.revenue.estate_and_gift_taxes,cbo_2002-03,2005,-2.726,-2.725999999999999,8.881784197001252e-16
cbo.revenue.estate_and_gift_taxes,cbo_2003-01,2006,-4.334,-4.334,0.0
cbo.revenue.estate_and_gift_taxes,cbo_2003-03,2006,-4.334,-4.334,0.0
cbo.revenue.estate_and_gift_taxes,cbo_2004-01,2007,-1.777,-1.777000000000001,1.1102230246251565e-15
cbo.revenue.estate_and_gift_taxes,cbo_2004-03,2007,-1.777,-1.777000000000001,1.1102230246251565e-15
cbo.revenue.estate_and_gift_taxes,cbo_2005-01,2008,-2.693,-2.6930000000000014,1.3322676295501878e-15
cbo.revenue.estate_and_gift_taxes,cbo_2005-03,2008,-2.693,-2.6930000000000014,1.3322676295501878e-15
cbo.revenue.estate_and_gift_taxes,cbo_2006-01,2009,5.157,5.157,0.0
cbo.revenue.estate_and_gift_taxes,cbo_2006-03,2009,5.157,5.157,0.0
cbo.revenue.estate_and_gift_taxes,cbo_2007-01,2010,1.841,1.8409999999999975,2.4424906541753444e-15
cbo.revenue.estate_and_gift_taxes,cbo_2007-03,2010,1.841,1.8409999999999975,2.4424906541753444e-15
cbo.revenue.estate_and_gift_taxes,cbo_2008-01,2011,9.115,9.115000000000002,1.7763568394002505e-15
cbo.revenue.estate_and_gift_taxes,cbo_2008-03,2011,9.115,9.115000000000002,1.7763568394002505e-15
cbo.revenue.estate_and_gift_taxes,cbo_2009-01,2012,-6.487,-6.487000000000004,3.552713678800501e-15
cbo.revenue.estate_and_gift_taxes,cbo_2009-03,2012,-3.579,-3.5790000000000024,2.220446049250313e-15
cbo.revenue.estate_and_gift_taxes,cbo_2010-01,2013,-3.576,-3.5760000000000005,4.440892098500626e-16
cbo.revenue.estate_and_gift_taxes,cbo_2010-03,2013,-3.576,-3.5760000000000005,4.440892098500626e-16
cbo.revenue.estate_and_gift_taxes,cbo_2011-01,2014,-2.838,-2.8379999999999974,2.6645352591003757e-15
cbo.revenue.estate_and_gift_taxes,cbo_2011-03,2014,-2.838,-2.8379999999999974,2.6645352591003757e-15
cbo.revenue.estate_and_gift_taxes,cbo_2012-01,2015,-5.266,-5.266000000000002,1.7763568394002505e-15
cbo.revenue.estate_and_gift_taxes,cbo_2012-03,2015,-5.266,-5.266000000000002,1.7763568394002505e-15
cbo.revenue.estate_and_gift_taxes,cbo_2013-02,2016,-4.492,-4.492000000000001,8.881784197001252e-16
cbo.revenue.estate_and_gift_taxes,cbo_2013-05,2016,-4.492,-4.492000000000001,8.881784197001252e-16
cbo.revenue.estate_and_gift_taxes,cbo_2014-02,2017,1.801,1.8009999999999984,1.5543122344752192e-15
cbo.revenue.estate_and_gift_taxes,cbo_2014-04,2017,1.801,1.8009999999999984,1.5543122344752192e-15
cbo.revenue.estate_and_gift_taxes,cbo_2015-01,2018,-1.425,-1.4250000000000007,6.661338147750939e-16
cbo.revenue.estate_and_gift_taxes,cbo_2015-03,2018,-1.425,-1.4250000000000007,6.661338147750939e-16
cbo.revenue.estate_and_gift_taxes,cbo_2016-01,2019,-1.235,-1.2350000000000012,1.1102230246251565e-15
cbo.revenue.estate_and_gift_taxes,cbo_2016-03,2019,-1.314,-1.3140000000000018,1.7763568394002505e-15
cbo.revenue.estate_and_gift_taxes,cbo_2017-01,2020,-1.557,-1.5569999999999986,1.3322676295501878e-15
cbo.revenue.estate_and_gift_taxes,cbo_2017-06,2020,-0.195,-0.19499999999999673,3.2751579226442118e-15
cbo.revenue.estate_and_gift_taxes,cbo_2018-04,2021,-7.207,-7.207000000000001,8.881784197001252e-16
cbo.revenue.estate_and_gift_taxes,cbo_2018-05,2021,-7.207,-7.207000000000001,8.881784197001252e-16
cbo.revenue.estate_and_gift_taxes,cbo_2019-01,2022,-12.206,-12.205999999999996,3.552713678800501e-15
cbo.revenue.estate_and_gift_taxes,cbo_2019-05,2022,-12.206,-12.205999999999996,3.552713678800501e-15
cbo.revenue.estate_and_gift_taxes,cbo_2020-01,2023,-12.302,-12.302,0.0
cbo.revenue.estate_and_gift_taxes,cbo_2020-03,2023,-12.302,-12.302,0.0
cbo.revenue.estate_and_gift_taxes,cbo_2021-02,2024,-6.553,-6.553000000000001,8.881784197001252e-16
cbo.revenue.estate_and_gift_taxes,cbo_2021-07,2024,-3.324,-3.323999999999998,1.7763568394002505e-15
cbo.revenue.estate_and_gift_taxes,cbo_2022-05,2025,-1.683,-1.6829999999999998,2.220446049250313e-16
cbo.revenue.estate_and_gift_taxes,cbo_1982-02,1986,-1.808,-1.8079999999999998,2.220446049250313e-16
cbo.revenue.estate_and_gift_taxes,cbo_1983-02,1987,-2.959,-2.9590000000000005,4.440892098500626e-16
cbo.revenue.estate_and_gift_taxes,cbo_1984-02,1988,-2.285,-2.285000000000001,8.881784197001252e-16
cbo.revenue.estate_and_gift_taxes,cbo_1985-02,1989,-3.477,-3.4769999999999994,4.440892098500626e-16
cbo.revenue.estate_and_gift_taxes,cbo_1986-02,1990,-5.714,-5.7139999999999995,8.881784197001252e-16
cbo.revenue.estate_and_gift_taxes,cbo_1987-01,1991,-3.869,-3.8689999999999998,4.440892098500626e-16
cbo.revenue.estate_and_gift_taxes,cbo_1988-02,1992,-2.747,-2.747,0.0
cbo.revenue.estate_and_gift_taxes,cbo_1989-01,1993,-4.209,-4.209,0.0
cbo.revenue.estate_and_gift_taxes,cbo_1990-01,1994,-3.89,-3.8900000000000006,4.440892098500626e-16
cbo.revenue.estate_and_gift_taxes,cbo_1991-01,1995,0.086,0.0860000000000003,3.0531133177191805e-16
cbo.revenue.estate_and_gift_taxes,cbo_1992-01,1996,-2.952,-2.952,0.0
cbo.revenue.estate_and_gift_taxes,cbo_1992-03,1996,-2.952,-2.952,0.0
cbo.revenue.estate_and_gift_taxes,cbo_1993-01,1997,-5.567,-5.566999999999998,1.7763568394002505e-15
cbo.revenue.estate_and_gift_taxes,cbo_1993-03,1997,-5.567,-5.566999999999998,1.7763568394002505e-15
cbo.revenue.estate_and_gift_taxes,cbo_1994-01,1998,-8.06,-8.060000000000002,1.7763568394002505e-15
cbo.revenue.estate_and_gift_taxes,cbo_1995-01,1999,-9.299,-9.299,0.0
cbo.revenue.estate_and_gift_taxes,cbo_1996-05,2000,-10.451,-10.451000000000004,3.552713678800501e-15
cbo.revenue.estate_and_gift_taxes,cbo_1997-01,2001,-5.664,-5.6640000000000015,1.7763568394002505e-15
cbo.revenue.estate_and_gift_taxes,cbo_1997-03,2001,-5.664,-5.6640000000000015,1.7763568394002505e-15
cbo.revenue.estate_and_gift_taxes,cbo_1998-01,2002,-0.222,-0.2220000000000013,1.304512053934559e-15
cbo.revenue.estate_and_gift_taxes,cbo_1998-03,2002,-0.222,-0.2220000000000013,1.304512053934559e-15
cbo.revenue.estate_and_gift_taxes,cbo_1999-01,2003,1.426,1.4259999999999984,1.5543122344752192e-15
cbo.revenue.estate_and_gift_taxes,cbo_2000-01,2004,6.058,6.058000000000003,3.552713678800501e-15
cbo.revenue.estate_and_gift_taxes,cbo_2001-01,2005,3.383,3.382999999999999,8.881784197001252e-16
cbo.revenue.estate_and_gift_taxes,cbo_2001-05,2005,3.383,3.382999999999999,8.881784197001252e-16
cbo.revenue.estate_and_gift_taxes,cbo_2002-01,2006,-2.401,-2.401,0.0
cbo.revenue.estate_and_gift_taxes,cbo_2002-03,2006,-2.401,-2.401,0.0
cbo.revenue.estate_and_gift_taxes,cbo_2003-01,2007,-6.266,-6.266000000000002,1.7763568394002505e-15
cbo.revenue.estate_and_gift_taxes,cbo_2003-03,2007,-6.266,-6.266000000000002,1.7763568394002505e-15
cbo.revenue.estate_and_gift_taxes,cbo_2004-01,2008,-3.421,-3.4209999999999994,4.440892098500626e-16
cbo.revenue.estate_and_gift_taxes,cbo_2004-03,2008,-3.421,-3.4209999999999994,4.440892098500626e-16
cbo.revenue.estate_and_gift_taxes,cbo_2005-01,2009,3.706,3.7059999999999995,4.440892098500626e-16
cbo.revenue.estate_and_gift_taxes,cbo_2005-03,2009,3.706,3.7059999999999995,4.440892098500626e-16
cbo.revenue.estate_and_gift_taxes,cbo_2006-01,2010,2.75,2.75,0.0
cbo.revenue.estate_and_gift_taxes,cbo_2006-03,2010,2.75,2.75,0.0
cbo.revenue.estate_and_gift_taxes,cbo_2007-01,2011,10.777,10.777000000000001,1.7763568394002505e-15
cbo.revenue.estate_and_gift_taxes,cbo_2007-03,2011,10.777,10.777000000000001,1.7763568394002505e-15
cbo.revenue.estate_and_gift_taxes,cbo_2008-01,2012,15.244,15.244000000000002,1.7763568394002505e-15
cbo.revenue.estate_and_gift_taxes,cbo_2008-03,2012,15.244,15.244000000000002,1.7763568394002505e-15
cbo.revenue.estate_and_gift_taxes,cbo_2009-01,2013,-7.178,-7.177999999999997,2.6645352591003757e-15
cbo.revenue.estate_and_gift_taxes,cbo_2009-03,2013,-3.786,-3.7860000000000014,1.3322676295501878e-15
cbo.revenue.estate_and_gift_taxes,cbo_2010-01,2014,-0.207,-0.20700000000000074,7.494005416219807e-16
cbo.revenue.estate_and_gift_taxes,cbo_2010-03,2014,-0.207,-0.20700000000000074,7.494005416219807e-16
cbo.revenue.estate_and_gift_taxes,cbo_2011-01,2015,-1.084,-1.0839999999999996,4.440892098500626e-16
cbo.revenue.estate_and_gift_taxes,cbo_2011-03,2015,-1.084,-1.0839999999999996,4.440892098500626e-16
cbo.revenue.estate_and_gift_taxes,cbo_2012-01,2016,-6.365,-6.365000000000002,1.7763568394002505e-15
cbo.revenue.estate_and_gift_taxes,cbo_2012-03,2016,-6.365,-6.365000000000002,1.7763568394002505e-15
cbo.revenue.estate_and_gift_taxes,cbo_2013-02,2017,-4.659,-4.658999999999999,8.881784197001252e-16
cbo.revenue.estate_and_gift_taxes,cbo_2013-05,2017,-4.659,-4.658999999999999,8.881784197001252e-16
cbo.revenue.estate_and_gift_taxes,cbo_2014-02,2018,1.757,1.756999999999998,1.9984014443252818e-15
cbo.revenue.estate_and_gift_taxes,cbo_2014-04,2018,1.757,1.756999999999998,1.9984014443252818e-15
cbo.revenue.estate_and_gift_taxes,cbo_2015-01,2019,-0.678,-0.677999999999999,9.992007221626409e-16
cbo.revenue.estate_and_gift_taxes,cbo_2015-03,2019,-0.678,-0.677999999999999,9.992007221626409e-16
cbo.revenue.estate_and_gift_taxes,cbo_2016-01,2020,-2.126,-2.1259999999999994,4.440892098500626e-16
cbo.revenue.estate_and_gift_taxes,cbo_2016-03,2020,-2.198,-2.1979999999999986,1.3322676295501878e-15
cbo.revenue.estate_and_gift_taxes,cbo_2017-01,2021,-10.625,-10.625,0.0
cbo.revenue.estate_and_gift_taxes,cbo_2017-06,2021,-9.516,-9.515999999999998,1.7763568394002505e-15
cbo.revenue.estate_and_gift_taxes,cbo_2018-04,2022,-12.033,-12.032999999999998,1.7763568394002505e-15
cbo.revenue.estate_and_gift_taxes,cbo_2018-05,2022,-12.033,-12.032999999999998,1.7763568394002505e-15
cbo.revenue.estate_and_gift_taxes,cbo_2019-01,2023,-12.655,-12.654999999999998,1.7763568394002505e-15
cbo.revenue.estate_and_gift_taxes,cbo_2019-05,2023,-12.655,-12.654999999999998,1.7763568394002505e-15
cbo.revenue.estate_and_gift_taxes,cbo_2020-01,2024,-8.931,-8.931000000000001,1.7763568394002505e-15
cbo.revenue.estate_and_gift_taxes,cbo_2020-03,2024,-8.931,-8.931000000000001,1.7763568394002505e-15
cbo.revenue.estate_and_gift_taxes,cbo_2021-02,2025,-3.698,-3.6980000000000004,4.440892098500626e-16
cbo.revenue.estate_and_gift_taxes,cbo_2021-07,2025,-0.776,-0.7759999999999998,2.220446049250313e-16
cbo.revenue.estate_and_gift_taxes,cbo_1982-02,1987,-3.359,-3.359,0.0
cbo.revenue.estate_and_gift_taxes,cbo_1983-02,1988,-2.185,-2.1849999999999996,4.440892098500626e-16
cbo.revenue.estate_and_gift_taxes,cbo_1984-02,1989,-3.479,-3.478999999999999,8.881784197001252e-16
cbo.revenue.estate_and_gift_taxes,cbo_1985-02,1990,-6.06,-6.06,0.0
cbo.revenue.estate_and_gift_taxes,cbo_1986-02,1991,-4.526,-4.526,0.0
cbo.revenue.estate_and_gift_taxes,cbo_1987-01,1992,-5.613,-5.613000000000001,8.881784197001252e-16
cbo.revenue.estate_and_gift_taxes,cbo_1988-02,1993,-4.049,-4.049000000000001,8.881784197001252e-16
cbo.revenue.estate_and_gift_taxes,cbo_1989-01,1994,-6.4,-6.4,0.0
cbo.revenue.estate_and_gift_taxes,cbo_1990-01,1995,-3.164,-3.1639999999999997,4.440892098500626e-16
cbo.revenue.estate_and_gift_taxes,cbo_1991-01,1996,-1.517,-1.5169999999999995,4.440892098500626e-16
cbo.revenue.estate_and_gift_taxes,cbo_1992-01,1997,-4.86,-4.859999999999999,8.881784197001252e-16
cbo.revenue.estate_and_gift_taxes,cbo_1992-03,1997,-4.86,-4.859999999999999,8.881784197001252e-16
cbo.revenue.estate_and_gift_taxes,cbo_1993-01,1998,-9.101,-9.100999999999999,1.7763568394002505e-15
cbo.revenue.estate_and_gift_taxes,cbo_1993-03,1998,-9.101,-9.100999999999999,1.7763568394002505e-15
cbo.revenue.estate_and_gift_taxes,cbo_1994-01,1999,-11.876,-11.876000000000001,1.7763568394002505e-15
cbo.revenue.estate_and_gift_taxes,cbo_1995-01,2000,-9.977,-9.977000000000004,3.552713678800501e-15
cbo.revenue.estate_and_gift_taxes,cbo_1996-05,2001,-9.424,-9.424,0.0
cbo.revenue.estate_and_gift_taxes,cbo_1997-01,2002,-2.579,-2.5790000000000006,4.440892098500626e-16
cbo.revenue.estate_and_gift_taxes,cbo_1997-03,2002,-2.579,-2.5790000000000006,4.440892098500626e-16
cbo.revenue.estate_and_gift_taxes,cbo_1998-01,2003,-1.384,-1.3840000000000003,4.440892098500626e-16
cbo.revenue.estate_and_gift_taxes,cbo_1998-03,2003,-1.384,-1.3840000000000003,4.440892098500626e-16
cbo.revenue.estate_and_gift_taxes,cbo_1999-01,2004,1.042,1.0420000000000016,1.5543122344752192e-15
cbo.revenue.estate_and_gift_taxes,cbo_2000-01,2005,4.322,4.321999999999999,8.881784197001252e-16
cbo.revenue.estate_and_gift_taxes,cbo_2001-01,2006,4.141,4.141000000000002,1.7763568394002505e-15
cbo.revenue.estate_and_gift_taxes,cbo_2001-05,2006,4.141,4.141000000000002,1.7763568394002505e-15
cbo.revenue.estate_and_gift_taxes,cbo_2002-01,2007,-4.309,-4.309000000000001,8.881784197001252e-16
cbo.revenue.estate_and_gift_taxes,cbo_2002-03,2007,-4.309,-4.309000000000001,8.881784197001252e-16
cbo.revenue.estate_and_gift_taxes,cbo_2003-01,2008,-7.32,-7.32,0.0
cbo.revenue.estate_and_gift_taxes,cbo_2003-03,2008,-7.32,-7.32,0.0
cbo.revenue.estate_and_gift_taxes,cbo_2004-01,2009,2.496,2.496000000000002,2.220446049250313e-15
cbo.revenue.estate_and_gift_taxes,cbo_2004-03,2009,2.496,2.496000000000002,2.220446049250313e-15
cbo.revenue.estate_and_gift_taxes,cbo_2005-01,2010,1.81,1.8099999999999987,1.3322676295501878e-15
cbo.revenue.estate_and_gift_taxes,cbo_2005-03,2010,1.81,1.8099999999999987,1.3322676295501878e-15
cbo.revenue.estate_and_gift_taxes,cbo_2006-01,2011,8.057,8.057000000000002,1.7763568394002505e-15
cbo.revenue.estate_and_gift_taxes,cbo_2006-03,2011,8.057,8.057000000000002,1.7763568394002505e-15
cbo.revenue.estate_and_gift_taxes,cbo_2007-01,2012,9.494,9.494000000000002,1.7763568394002505e-15
cbo.revenue.estate_and_gift_taxes,cbo_2007-03,2012,9.494,9.494000000000005,5.329070518200751e-15
cbo.revenue.estate_and_gift_taxes,cbo_2008-01,2013,16.718,16.718000000000004,3.552713678800501e-15
cbo.revenue.estate_and_gift_taxes,cbo_2008-03,2013,16.718,16.717999999999996,3.552713678800501e-15
cbo.revenue.estate_and_gift_taxes,cbo_2009-01,2014,-2.775,-2.7749999999999986,1.3322676295501878e-15
cbo.revenue.estate_and_gift_taxes,cbo_2009-03,2014,-0.439,-0.43900000000000006,5.551115123125783e-17
cbo.revenue.estate_and_gift_taxes,cbo_2010-01,2015,1.491,1.4909999999999997,4.440892098500626e-16
cbo.revenue.estate_and_gift_taxes,cbo_2010-03,2015,1.491,1.4909999999999997,4.440892098500626e-16
cbo.revenue.estate_and_gift_taxes,cbo_2011-01,2016,-1.035,-1.0349999999999966,3.3306690738754696e-15
cbo.revenue.estate_and_gift_taxes,cbo_2011-03,2016,-1.035,-1.0349999999999966,3.3306690738754696e-15
cbo.revenue.estate_and_gift_taxes,cbo_2012-01,2017,-6.707,-6.707000000000001,8.881784197001252e-16
cbo.revenue.estate_and_gift_taxes,cbo_2012-03,2017,-6.707,-6.707000000000001,8.881784197001252e-16
cbo.revenue.estate_and_gift_taxes,cbo_2013-02,2018,-4.63,-4.630000000000003,2.6645352591003757e-15
cbo.revenue.estate_and_gift_taxes,cbo_2013-05,2018,-4.63,-4.630000000000003,2.6645352591003757e-15
cbo.revenue.estate_and_gift_taxes,cbo_2014-02,2019,2.832,2.831999999999997,2.6645352591003757e-15
cbo.revenue.estate_and_gift_taxes,cbo_2014-04,2019,2.832,2.831999999999997,2.6645352591003757e-15
cbo.revenue.estate_and_gift_taxes,cbo_2015-01,2020,-1.45,-1.4499999999999993,6.661338147750939e-16
cbo.revenue.estate_and_gift_taxes,cbo_2015-03,2020,-1.45,-1.4499999999999993,6.661338147750939e-16
cbo.revenue.estate_and_gift_taxes,cbo_2016-01,2021,-11.106,-11.106000000000002,1.7763568394002505e-15
cbo.revenue.estate_and_gift_taxes,cbo_2016-03,2021,-11.203,-11.203000000000001,1.7763568394002505e-15
cbo.revenue.estate_and_gift_taxes,cbo_2017-01,2022,-15.342,-15.341999999999995,5.329070518200751e-15
cbo.revenue.estate_and_gift_taxes,cbo_2017-06,2022,-14.377,-14.376999999999995,5.329070518200751e-15
cbo.revenue.estate_and_gift_taxes,cbo_2018-04,2023,-12.368,-12.367999999999999,1.7763568394002505e-15
cbo.revenue.estate_and_gift_taxes,cbo_2018-05,2023,-12.368,-12.367999999999999,1.7763568394002505e-15
cbo.revenue.estate_and_gift_taxes,cbo_2019-01,2024,-9.599,-9.599,0.0
cbo.revenue.estate_and_gift_taxes,cbo_2019-05,2024,-9.599,-9.599,0.0
cbo.revenue.estate_and_gift_taxes,cbo_2020-01,2025,-5.747,-5.747,0.0
cbo.revenue.estate_and_gift_taxes,cbo_2020-03,2025,-5.747,-5.747,0.0
cbo.revenue.estate_and_gift_taxes,cbo_1992-01,1998,-8.39,-8.39,0.0
cbo.revenue.estate_and_gift_taxes,cbo_1993-01,1999,-13.648,-13.648,0.0
cbo.revenue.estate_and_gift_taxes,cbo_1993-03,1999,-13.648,-13.648,0.0
cbo.revenue.estate_and_gift_taxes,cbo_1994-01,2000,-12.684,-12.684000000000001,1.7763568394002505e-15
cbo.revenue.estate_and_gift_taxes,cbo_1995-01,2001,-8.926,-8.926000000000002,1.7763568394002505e-15
cbo.revenue.estate_and_gift_taxes,cbo_1996-05,2002,-6.814,-6.814,0.0
cbo.revenue.estate_and_gift_taxes,cbo_1997-01,2003,-3.959,-3.9589999999999996,4.440892098500626e-16
cbo.revenue.estate_and_gift_taxes,cbo_1997-03,2003,-3.959,-3.9589999999999996,4.440892098500626e-16
cbo.revenue.estate_and_gift_taxes,cbo_1998-01,2004,-0.977,-0.9770000000000003,3.3306690738754696e-16
cbo.revenue.estate_and_gift_taxes,cbo_1998-03,2004,-0.977,-0.9770000000000003,3.3306690738754696e-16
cbo.revenue.estate_and_gift_taxes,cbo_1999-01,2005,-0.359,-0.35900000000000176,1.7763568394002505e-15
cbo.revenue.estate_and_gift_taxes,cbo_2000-01,2006,5.697,5.696999999999999,8.881784197001252e-16
cbo.revenue.estate_and_gift_taxes,cbo_2001-01,2007,2.831,2.8309999999999995,4.440892098500626e-16
cbo.revenue.estate_and_gift_taxes,cbo_2001-05,2007,2.831,2.8309999999999995,4.440892098500626e-16
cbo.revenue.estate_and_gift_taxes,cbo_2002-01,2008,-5.827,-5.827000000000002,1.7763568394002505e-15
cbo.revenue.estate_and_gift_taxes,cbo_2002-03,2008,-5.827,-5.827000000000002,1.7763568394002505e-15
cbo.revenue.estate_and_gift_taxes,cbo_2003-01,2009,-0.17,-0.16999999999999815,1.8596235662471372e-15
cbo.revenue.estate_and_gift_taxes,cbo_2003-03,2009,-0.17,-0.16999999999999815,1.8596235662471372e-15
cbo.revenue.estate_and_gift_taxes,cbo_2004-01,2010,0.395,0.3949999999999996,4.440892098500626e-16
cbo.revenue.estate_and_gift_taxes,cbo_2004-03,2010,0.395,0.3949999999999996,4.440892098500626e-16
cbo.revenue.estate_and_gift_taxes,cbo_2005-01,2011,7.489,7.489,0.0
cbo.revenue.estate_and_gift_taxes,cbo_2005-03,2011,7.489,7.489,0.0
cbo.revenue.estate_and_gift_taxes,cbo_2006-01,2012,5.057,5.057,0.0
cbo.revenue.estate_and_gift_taxes,cbo_2006-03,2012,5.057,5.056999999999997,3.552713678800501e-15
cbo.revenue.estate_and_gift_taxes,cbo_2007-01,2013,9.672,9.672,0.0
cbo.revenue.estate_and_gift_taxes,cbo_2007-03,2013,9.672,9.672000000000004,3.552713678800501e-15
cbo.revenue.estate_and_gift_taxes,cbo_2008-01,2014,22.054,22.054000000000006,7.105427357601002e-15
cbo.revenue.estate_and_gift_taxes,cbo_2008-03,2014,22.054,22.054000000000006,7.105427357601002e-15
cbo.revenue.estate_and_gift_taxes,cbo_2009-01,2015,-0.393,-0.3930000000000007,6.661338147750939e-16
cbo.revenue.estate_and_gift_taxes,cbo_2009-03,2015,0.873,0.8729999999999976,2.4424906541753444e-15
cbo.revenue.estate_and_gift_taxes,cbo_2010-01,2016,1.073,1.0730000000000075,7.549516567451064e-15
cbo.revenue.estate_and_gift_taxes,cbo_2010-03,2016,1.073,1.0730000000000075,7.549516567451064e-15
cbo.revenue.estate_and_gift_taxes,cbo_2011-01,2017,-1.159,-1.158999999999999,1.1102230246251565e-15
cbo.revenue.estate_and_gift_taxes,cbo_2011-03,2017,-1.159,-1.158999999999999,1.1102230246251565e-15
cbo.revenue.estate_and_gift_taxes,cbo_2012-01,2018,-6.873,-6.873000000000008,7.993605777301127e-15
cbo.revenue.estate_and_gift_taxes,cbo_2012-03,2018,-6.873,-6.873000000000008,7.993605777301127e-15
cbo.revenue.estate_and_gift_taxes,cbo_2013-02,2019,-3.579,-3.578999999999999,1.3322676295501878e-15
cbo.revenue.estate_and_gift_taxes,cbo_2013-05,2019,-3.579,-3.578999999999999,1.3322676295501878e-15
cbo.revenue.estate_and_gift_taxes,cbo_2014-02,2020,2.435,2.4349999999999987,1.3322676295501878e-15
cbo.revenue.estate_and_gift_taxes,cbo_2014-04,2020,2.435,2.4349999999999987,1.3322676295501878e-15
cbo.revenue.estate_and_gift_taxes,cbo_2015-01,2021,-10.36,-10.36,0.0
cbo.revenue.estate_and_gift_taxes,cbo_2015-03,2021,-10.36,-10.36,0.0
cbo.revenue.estate_and_gift_taxes,cbo_2016-01,2022,-15.996,-15.995999999999995,5.329070518200751e-15
cbo.revenue.estate_and_gift_taxes,cbo_2016-03,2022,-16.104,-16.103999999999996,3.552713678800501e-15
cbo.revenue.estate_and_gift_taxes,cbo_2017-01,2023,-15.639,-15.639000000000003,3.552713678800501e-15
cbo.revenue.estate_and_gift_taxes,cbo_2017-06,2023,-14.779,-14.778999999999996,3.552713678800501e-15
cbo.revenue.estate_and_gift_taxes,cbo_2018-04,2024,-8.846,-8.846,0.0
cbo.revenue.estate_and_gift_taxes,cbo_2018-05,2024,-8.846,-8.846,0.0
cbo.revenue.estate_and_gift_taxes,cbo_2019-01,2025,-6.485,-6.484999999999999,8.881784197001252e-16
cbo.revenue.estate_and_gift_taxes,cbo_2019-05,2025,-6.485,-6.484999999999999,8.881784197001252e-16
cbo.revenue.estate_and_gift_taxes,cbo_1992-01,1999,-12.902,-12.902000000000001,1.7763568394002505e-15
cbo.revenue.estate_and_gift_taxes,cbo_1993-01,2000,-14.544,-14.544,0.0
cbo.revenue.estate_and_gift_taxes,cbo_1993-03,2000,-14.544,-14.544,0.0
cbo.revenue.estate_and_gift_taxes,cbo_1994-01,2001,-11.768,-11.768,0.0
cbo.revenue.estate_and_gift_taxes,cbo_1995-01,2002,-6.291,-6.291,0.0
cbo.revenue.estate_and_gift_taxes,cbo_1996-05,2003,-8.709,-8.709,0.0
cbo.revenue.estate_and_gift_taxes,cbo_1997-01,2004,-4.095,-4.095000000000002,2.6645352591003757e-15
cbo.revenue.estate_and_gift_taxes,cbo_1997-03,2004,-4.095,-4.095000000000002,2.6645352591003757e-15
cbo.revenue.estate_and_gift_taxes,cbo_1998-01,2005,-3.009,-3.008999999999997,3.1086244689504383e-15
cbo.revenue.estate_and_gift_taxes,cbo_1998-03,2005,-3.009,-3.008999999999997,3.1086244689504383e-15
cbo.revenue.estate_and_gift_taxes,cbo_1999-01,2006,0.761,0.7609999999999992,7.771561172376096e-16
cbo.revenue.estate_and_gift_taxes,cbo_2000-01,2007,3.719,3.7189999999999976,2.220446049250313e-15
cbo.revenue.estate_and_gift_taxes,cbo_2001-01,2008,1.702,1.7019999999999982,1.7763568394002505e-15
cbo.revenue.estate_and_gift_taxes,cbo_2001-05,2008,1.702,1.7019999999999982,1.7763568394002505e-15
cbo.revenue.estate_and_gift_taxes,cbo_2002-01,2009,1.351,1.3510000000000026,2.6645352591003757e-15
cbo.revenue.estate_and_gift_taxes,cbo_2002-03,2009,1.351,1.3510000000000026,2.6645352591003757e-15
cbo.revenue.estate_and_gift_taxes,cbo_2003-01,2010,-4.372,-4.372000000000002,1.7763568394002505e-15
cbo.revenue.estate_and_gift_taxes,cbo_2003-03,2010,-4.372,-4.372000000000002,1.7763568394002505e-15
cbo.revenue.estate_and_gift_taxes,cbo_2004-01,2011,7.939,7.938999999999999,8.881784197001252e-16
cbo.revenue.estate_and_gift_taxes,cbo_2004-03,2011,7.939,7.938999999999999,8.881784197001252e-16
cbo.revenue.estate_and_gift_taxes,cbo_2005-01,2012,2.396,2.3959999999999955,4.440892098500626e-15
cbo.revenue.estate_and_gift_taxes,cbo_2005-03,2012,2.396,2.3959999999999955,4.440892098500626e-15
cbo.revenue.estate_and_gift_taxes,cbo_2006-01,2013,3.049,3.0490000000000066,6.661338147750939e-15
cbo.revenue.estate_and_gift_taxes,cbo_2006-03,2013,3.049,3.049000000000003,3.1086244689504383e-15
cbo.revenue.estate_and_gift_taxes,cbo_2007-01,2014,13.788,13.788,0.0
cbo.revenue.estate_and_gift_taxes,cbo_2007-03,2014,13.788,13.788,0.0
cbo.revenue.estate_and_gift_taxes,cbo_2008-01,2015,25.211,25.21099999999999,7.105427357601002e-15
cbo.revenue.estate_and_gift_taxes,cbo_2008-03,2015,25.211,25.21099999999999,7.105427357601002e-15
cbo.revenue.estate_and_gift_taxes,cbo_2009-01,2016,0.835,0.835000000000008,7.993605777301127e-15
cbo.revenue.estate_and_gift_taxes,cbo_2009-03,2016,1.204,1.2040000000000077,7.771561172376096e-15
cbo.revenue.estate_and_gift_taxes,cbo_2010-01,2017,0.654,0.6539999999999964,3.6637359812630166e-15
cbo.revenue.estate_and_gift_taxes,cbo_2010-03,2017,0.654,0.6539999999999964,3.6637359812630166e-15
cbo.revenue.estate_and_gift_taxes,cbo_2011-01,2018,-1.534,-1.5340000000000025,2.4424906541753444e-15
cbo.revenue.estate_and_gift_taxes,cbo_2011-03,2018,-1.534,-1.5340000000000025,2.4424906541753444e-15
cbo.revenue.estate_and_gift_taxes,cbo_2012-01,2019,-5.912,-5.9119999999999955,4.440892098500626e-15
cbo.revenue.estate_and_gift_taxes,cbo_2012-03,2019,-5.912,-5.9119999999999955,4.440892098500626e-15
cbo.revenue.estate_and_gift_taxes,cbo_2013-02,2020,-4.14,-4.139999999999999,8.881784197001252e-16
cbo.revenue.estate_and_gift_taxes,cbo_2013-05,2020,-4.14,-4.139999999999999,8.881784197001252e-16
cbo.revenue.estate_and_gift_taxes,cbo_2014-02,2021,-6.08,-6.079999999999998,1.7763568394002505e-15
cbo.revenue.estate_and_gift_taxes,cbo_2014-04,2021,-6.08,-6.079999999999998,1.7763568394002505e-15
cbo.revenue.estate_and_gift_taxes,cbo_2015-01,2022,-15.249,-15.248999999999995,5.329070518200751e-15
cbo.revenue.estate_and_gift_taxes,cbo_2015-03,2022,-15.249,-15.248999999999995,5.329070518200751e-15
cbo.revenue.estate_and_gift_taxes,cbo_2016-01,2023,-16.463,-16.463,0.0
cbo.revenue.estate_and_gift_taxes,cbo_2016-03,2023,-16.58,-16.58,0.0
cbo.revenue.estate_and_gift_taxes,cbo_2017-01,2024,-12.621,-12.621000000000002,1.7763568394002505e-15
cbo.revenue.estate_and_gift_taxes,cbo_2017-06,2024,-11.842,-11.841999999999999,1.7763568394002505e-15
cbo.revenue.estate_and_gift_taxes,cbo_2018-04,2025,-5.73,-5.73,0.0
cbo.revenue.estate_and_gift_taxes,cbo_2018-05,2025,-5.73,-5.73,0.0
cbo.revenue.estate_and_gift_taxes,cbo_1992-01,2000,-13.761,-13.761000000000003,3.552713678800501e-15
cbo.revenue.estate_and_gift_taxes,cbo_1993-01,2001,-13.721,-13.720999999999998,1.7763568394002505e-15
cbo.revenue.estate_and_gift_taxes,cbo_1993-03,2001,-13.721,-13.720999999999998,1.7763568394002505e-15
cbo.revenue.estate_and_gift_taxes,cbo_1994-01,2002,-9.276,-9.276,0.0
cbo.revenue.estate_and_gift_taxes,cbo_1995-01,2003,-8.16,-8.16,0.0
cbo.revenue.estate_and_gift_taxes,cbo_1996-05,2004,-9.406,-9.406,0.0
cbo.revenue.estate_and_gift_taxes,cbo_1997-01,2005,-6.883,-6.882999999999999,8.881784197001252e-16
cbo.revenue.estate_and_gift_taxes,cbo_1997-03,2005,-6.883,-6.882999999999999,8.881784197001252e-16
cbo.revenue.estate_and_gift_taxes,cbo_1998-01,2006,-2.955,-2.9549999999999983,1.7763568394002505e-15
cbo.revenue.estate_and_gift_taxes,cbo_1998-03,2006,-2.955,-2.9549999999999983,1.7763568394002505e-15
cbo.revenue.estate_and_gift_taxes,cbo_1999-01,2007,-1.128,-1.1280000000000037,3.774758283725532e-15
cbo.revenue.estate_and_gift_taxes,cbo_2000-01,2008,0.739,0.7389999999999972,2.7755575615628914e-15
cbo.revenue.estate_and_gift_taxes,cbo_2001-01,2009,8.856,8.856000000000002,1.7763568394002505e-15
cbo.revenue.estate_and_gift_taxes,cbo_2001-05,2009,8.856,8.856000000000002,1.7763568394002505e-15
cbo.revenue.estate_and_gift_taxes,cbo_2002-01,2010,-3.215,-3.2150000000000016,1.7763568394002505e-15
cbo.revenue.estate_and_gift_taxes,cbo_2002-03,2010,-3.215,-3.2150000000000016,1.7763568394002505e-15
cbo.revenue.estate_and_gift_taxes,cbo_2003-01,2011,7.451,7.451,0.0
cbo.revenue.estate_and_gift_taxes,cbo_2003-03,2011,7.451,7.451,0.0
cbo.revenue.estate_and_gift_taxes,cbo_2004-01,2012,-0.609,-0.6089999999999964,3.552713678800501e-15
cbo.revenue.estate_and_gift_taxes,cbo_2004-03,2012,-0.609,-0.609,0.0
cbo.revenue.estate_and_gift_taxes,cbo_2005-01,2013,-0.488,-0.4880000000000031,3.1086244689504383e-15
cbo.revenue.estate_and_gift_taxes,cbo_2005-03,2013,-0.488,-0.48799999999999955,4.440892098500626e-16
cbo.revenue.estate_and_gift_taxes,cbo_2006-01,2014,7.27,7.27,0.0
cbo.revenue.estate_and_gift_taxes,cbo_2006-03,2014,7.27,7.27,0.0
cbo.revenue.estate_and_gift_taxes,cbo_2007-01,2015,16.012,16.011999999999993,7.105427357601002e-15
cbo.revenue.estate_and_gift_taxes,cbo_2007-03,2015,16.012,16.011999999999993,7.105427357601002e-15
cbo.revenue.estate_and_gift_taxes,cbo_2008-01,2016,27.786,27.786,0.0
cbo.revenue.estate_and_gift_taxes,cbo_2008-03,2016,27.786,27.786,0.0
cbo.revenue.estate_and_gift_taxes,cbo_2009-01,2017,2.689,2.689,0.0
cbo.revenue.estate_and_gift_taxes,cbo_2009-03,2017,2.714,2.7139999999999986,1.3322676295501878e-15
cbo.revenue.estate_and_gift_taxes,cbo_2010-01,2018,0.133,0.13299999999999912,8.881784197001252e-16
cbo.revenue.estate_and_gift_taxes,cbo_2010-03,2018,0.133,0.13299999999999912,8.881784197001252e-16
cbo.revenue.estate_and_gift_taxes,cbo_2011-01,2019,-0.838,-0.8380000000000045,4.551914400963142e-15
cbo.revenue.estate_and_gift_taxes,cbo_2011-03,2019,-0.838,-0.8380000000000045,4.551914400963142e-15
cbo.revenue.estate_and_gift_taxes,cbo_2012-01,2020,-6.555,-6.555000000000003,3.552713678800501e-15
cbo.revenue.estate_and_gift_taxes,cbo_2012-03,2020,-6.555,-6.555000000000003,3.552713678800501e-15
cbo.revenue.estate_and_gift_taxes,cbo_2013-02,2021,-12.857,-12.857000000000001,1.7763568394002505e-15
cbo.revenue.estate_and_gift_taxes,cbo_2013-05,2021,-12.857,-12.857000000000001,1.7763568394002505e-15
cbo.revenue.estate_and_gift_taxes,cbo_2014-02,2022,-10.603,-10.602999999999998,1.7763568394002505e-15
cbo.revenue.estate_and_gift_taxes,cbo_2014-04,2022,-10.603,-10.602999999999998,1.7763568394002505e-15
cbo.revenue.estate_and_gift_taxes,cbo_2015-01,2023,-15.941,-15.941000000000003,1.7763568394002505e-15
cbo.revenue.estate_and_gift_taxes,cbo_2015-03,2023,-15.941,-15.941000000000003,1.7763568394002505e-15
cbo.revenue.estate_and_gift_taxes,cbo_2016-01,2024,-13.819,-13.818999999999996,5.329070518200751e-15
cbo.revenue.estate_and_gift_taxes,cbo_2016-03,2024,-13.943,-13.942999999999998,1.7763568394002505e-15
cbo.revenue.estate_and_gift_taxes,cbo_2017-01,2025,-9.473,-9.472999999999999,1.7763568394002505e-15
cbo.revenue.estate_and_gift_taxes,cbo_2017-06,2025,-8.762,-8.762,0.0
cbo.revenue.estate_and_gift_taxes,cbo_1992-01,2001,-12.899,-12.899,0.0
cbo.revenue.estate_and_gift_taxes,cbo_1993-01,2002,-11.326,-11.326000000000002,1.7763568394002505e-15
cbo.revenue.estate_and_gift_taxes,cbo_1993-03,2002,-11.326,-11.326000000000002,1.7763568394002505e-15
cbo.revenue.estate_and_gift_taxes,cbo_1994-01,2003,-11.295,-11.294999999999998,1.7763568394002505e-15
cbo.revenue.estate_and_gift_taxes,cbo_1995-01,2004,-8.829,-8.828999999999997,3.552713678800501e-15
cbo.revenue.estate_and_gift_taxes,cbo_1996-05,2005,-12.801,-12.801,0.0
cbo.revenue.estate_and_gift_taxes,cbo_1997-01,2006,-6.68,-6.68,0.0
cbo.revenue.estate_and_gift_taxes,cbo_1997-03,2006,-6.68,-6.68,0.0
cbo.revenue.estate_and_gift_taxes,cbo_1998-01,2007,-5.409,-5.4090000000000025,2.6645352591003757e-15
cbo.revenue.estate_and_gift_taxes,cbo_1998-03,2007,-5.409,-5.4090000000000025,2.6645352591003757e-15
cbo.revenue.estate_and_gift_taxes,cbo_1999-01,2008,-4.246,-4.246000000000002,1.7763568394002505e-15
cbo.revenue.estate_and_gift_taxes,cbo_2000-01,2009,8.319,8.319000000000003,1.7763568394002505e-15
cbo.revenue.estate_and_gift_taxes,cbo_2001-01,2010,5.997,5.997,0.0
cbo.revenue.estate_and_gift_taxes,cbo_2001-05,2010,5.997,5.997,0.0
cbo.revenue.estate_and_gift_taxes,cbo_2002-01,2011,3.332,3.332,0.0
cbo.revenue.estate_and_gift_taxes,cbo_2002-03,2011,3.332,3.332,0.0
cbo.revenue.estate_and_gift_taxes,cbo_2003-01,2012,3.057,3.056999999999997,3.1086244689504383e-15
cbo.revenue.estate_and_gift_taxes,cbo_2003-03,2012,3.057,3.0570000000000004,4.440892098500626e-16
cbo.revenue.estate_and_gift_taxes,cbo_2004-01,2013,-3.552,-3.5519999999999996,4.440892098500626e-16
cbo.revenue.estate_and_gift_taxes,cbo_2004-03,2013,-3.552,-3.552000000000003,3.1086244689504383e-15
cbo.revenue.estate_and_gift_taxes,cbo_2005-01,2014,3.816,3.815999999999999,8.881784197001252e-16
cbo.revenue.estate_and_gift_taxes,cbo_2005-03,2014,3.816,3.815999999999999,8.881784197001252e-16
cbo.revenue.estate_and_gift_taxes,cbo_2006-01,2015,10.097,10.097000000000001,1.7763568394002505e-15
cbo.revenue.estate_and_gift_taxes,cbo_2006-03,2015,10.097,10.097000000000001,1.7763568394002505e-15
cbo.revenue.estate_and_gift_taxes,cbo_2007-01,2016,17.596,17.596000000000004,3.552713678800501e-15
cbo.revenue.estate_and_gift_taxes,cbo_2007-03,2016,17.596,17.596000000000004,3.552713678800501e-15
cbo.revenue.estate_and_gift_taxes,cbo_2008-01,2017,31.374,31.373999999999995,3.552713678800501e-15
cbo.revenue.estate_and_gift_taxes,cbo_2008-03,2017,31.374,31.373999999999988,1.0658141036401503e-14
cbo.revenue.estate_and_gift_taxes,cbo_2009-01,2018,4.051,4.050999999999991,8.881784197001252e-15
cbo.revenue.estate_and_gift_taxes,cbo_2009-03,2018,2.181,2.181000000000001,8.881784197001252e-16
cbo.revenue.estate_and_gift_taxes,cbo_2010-01,2019,0.681,0.6809999999999938,6.217248937900877e-15
cbo.revenue.estate_and_gift_taxes,cbo_2010-03,2019,0.681,0.6809999999999938,6.217248937900877e-15
cbo.revenue.estate_and_gift_taxes,cbo_2011-01,2020,-1.671,-1.6709999999999958,4.218847493575595e-15
cbo.revenue.estate_and_gift_taxes,cbo_2011-03,2020,-1.671,-1.6709999999999958,4.218847493575595e-15
cbo.revenue.estate_and_gift_taxes,cbo_2012-01,2021,-15.314,-15.313999999999993,7.105427357601002e-15
cbo.revenue.estate_and_gift_taxes,cbo_2012-03,2021,-15.314,-15.313999999999993,7.105427357601002e-15
cbo.revenue.estate_and_gift_taxes,cbo_2013-02,2022,-17.614,-17.613999999999997,3.552713678800501e-15
cbo.revenue.estate_and_gift_taxes,cbo_2013-05,2022,-17.614,-17.613999999999997,3.552713678800501e-15
cbo.revenue.estate_and_gift_taxes,cbo_2014-02,2023,-10.799,-10.799,0.0
cbo.revenue.estate_and_gift_taxes,cbo_2014-04,2023,-10.799,-10.799,0.0
cbo.revenue.estate_and_gift_taxes,cbo_2015-01,2024,-13.598,-13.597999999999999,1.7763568394002505e-15
cbo.revenue.estate_and_gift_taxes,cbo_2015-03,2024,-13.598,-13.597999999999999,1.7763568394002505e-15
cbo.revenue.estate_and_gift_taxes,cbo_2016-01,2025,-10.714,-10.713999999999999,1.7763568394002505e-15
cbo.revenue.estate_and_gift_taxes,cbo_2016-03,2025,-10.851,-10.850999999999999,1.7763568394002505e-15
cbo.revenue.estate_and_gift_taxes,cbo_1992-01,2002,-10.462,-10.462,0.0
cbo.revenue.estate_and_gift_taxes,cbo_1993-01,2003,-13.447,-13.447,0.0
cbo.revenue.estate_and_gift_taxes,cbo_1993-03,2003,-13.447,-13.447,0.0
cbo.revenue.estate_and_gift_taxes,cbo_1994-01,2004,-12.121,-12.121,0.0
cbo.revenue.estate_and_gift_taxes,cbo_1995-01,2005,-12.196,-12.196000000000002,1.7763568394002505e-15
cbo.revenue.estate_and_gift_taxes,cbo_1996-05,2006,-13.258,-13.258000000000001,1.7763568394002505e-15
cbo.revenue.estate_and_gift_taxes,cbo_1997-01,2007,-9.793,-9.792999999999996,3.552713678800501e-15
cbo.revenue.estate_and_gift_taxes,cbo_1997-03,2007,-9.793,-9.792999999999996,3.552713678800501e-15
cbo.revenue.estate_and_gift_taxes,cbo_1998-01,2008,-8.13,-8.130000000000003,1.7763568394002505e-15
cbo.revenue.estate_and_gift_taxes,cbo_1998-03,2008,-8.13,-8.130000000000003,1.7763568394002505e-15
cbo.revenue.estate_and_gift_taxes,cbo_1999-01,2009,2.496,2.496000000000002,2.220446049250313e-15
cbo.revenue.estate_and_gift_taxes,cbo_2000-01,2010,5.387,5.3870000000000005,8.881784197001252e-16
cbo.revenue.estate_and_gift_taxes,cbo_2001-01,2011,-13.121,-13.121000000000002,1.7763568394002505e-15
cbo.revenue.estate_and_gift_taxes,cbo_2001-05,2011,-13.121,-13.121000000000002,1.7763568394002505e-15
cbo.revenue.estate_and_gift_taxes,cbo_2002-01,2012,3.451,3.4509999999999987,1.3322676295501878e-15
cbo.revenue.estate_and_gift_taxes,cbo_2002-03,2012,3.451,3.450999999999995,4.884981308350689e-15
cbo.revenue.estate_and_gift_taxes,cbo_2003-01,2013,1.134,1.1339999999999968,3.1086244689504383e-15
cbo.revenue.estate_and_gift_taxes,cbo_2003-03,2013,1.134,1.1340000000000003,4.440892098500626e-16
cbo.revenue.estate_and_gift_taxes,cbo_2004-01,2014,-0.827,-0.8270000000000017,1.7763568394002505e-15
cbo.revenue.estate_and_gift_taxes,cbo_2004-03,2014,-0.827,-0.8270000000000017,1.7763568394002505e-15
cbo.revenue.estate_and_gift_taxes,cbo_2005-01,2015,6.802,6.802,0.0
cbo.revenue.estate_and_gift_taxes,cbo_2005-03,2015,6.802,6.802,0.0
cbo.revenue.estate_and_gift_taxes,cbo_2006-01,2016,11.663,11.662999999999997,3.552713678800501e-15
cbo.revenue.estate_and_gift_taxes,cbo_2006-03,2016,11.663,11.662999999999997,3.552713678800501e-15
cbo.revenue.estate_and_gift_taxes,cbo_2007-01,2017,19.958,19.95799999999999,7.105427357601002e-15
cbo.revenue.estate_and_gift_taxes,cbo_2007-03,2017,19.958,19.95799999999999,7.105427357601002e-15
cbo.revenue.estate_and_gift_taxes,cbo_2008-01,2018,34.304,34.30399999999999,1.4210854715202004e-14
cbo.revenue.estate_and_gift_taxes,cbo_2008-03,2018,34.304,34.304,0.0
cbo.revenue.estate_and_gift_taxes,cbo_2009-01,2019,6.081,6.0809999999999995,8.881784197001252e-16
cbo.revenue.estate_and_gift_taxes,cbo_2009-03,2019,3.465,3.465,0.0
cbo.revenue.estate_and_gift_taxes,cbo_2010-01,2020,-0.316,-0.31599999999999895,1.0547118733938987e-15
cbo.revenue.estate_and_gift_taxes,cbo_2010-03,2020,-0.316,-0.31599999999999895,1.0547118733938987e-15
cbo.revenue.estate_and_gift_taxes,cbo_2011-01,2021,-10.437,-10.436999999999998,1.7763568394002505e-15
cbo.revenue.estate_and_gift_taxes,cbo_2011-03,2021,-10.437,-10.436999999999998,1.7763568394002505e-15
cbo.revenue.estate_and_gift_taxes,cbo_2012-01,2022,-20.058,-20.057999999999993,7.105427357601002e-15
cbo.revenue.estate_and_gift_taxes,cbo_2012-03,2022,-20.058,-20.057999999999993,7.105427357601002e-15
cbo.revenue.estate_and_gift_taxes,cbo_2013-02,2023,-18.028,-18.028,0.0
cbo.revenue.estate_and_gift_taxes,cbo_2013-05,2023,-18.028,-18.028,0.0
cbo.revenue.estate_and_gift_taxes,cbo_2014-02,2024,-7.802,-7.802,0.0
cbo.revenue.estate_and_gift_taxes,cbo_2014-04,2024,-7.802,-7.802,0.0
cbo.revenue.estate_and_gift_taxes,cbo_2015-01,2025,-11.149,-11.149000000000001,1.7763568394002505e-15
cbo.revenue.estate_and_gift_taxes,cbo_2015-03,2025,-11.149,-11.149000000000001,1.7763568394002505e-15
cbo.revenue.miscellaneous_receipts,cbo_1982-02,1982,-1.161,-1.1610000000000014,1.3322676295501878e-15
cbo.revenue.miscellaneous_receipts,cbo_1983-02,1983,-0.6,-0.5999999999999996,3.3306690738754696e-16
cbo.revenue.miscellaneous_receipts,cbo_1984-02,1984,-1.013,-1.0130000000000017,1.7763568394002505e-15
cbo.revenue.miscellaneous_receipts,cbo_1985-02,1985,-0.497,-0.4969999999999999,1.1102230246251565e-16
cbo.revenue.miscellaneous_receipts,cbo_1986-02,1986,-1.239,-1.2390000000000008,6.661338147750939e-16
cbo.revenue.miscellaneous_receipts,cbo_1987-01,1987,-1.033,-1.0330000000000013,1.3322676295501878e-15
cbo.revenue.miscellaneous_receipts,cbo_1988-02,1988,0.213,0.21300000000000097,9.71445146547012e-16
cbo.revenue.miscellaneous_receipts,cbo_1989-01,1989,-0.004,-0.004000000000001336,1.3357370765021415e-15
cbo.revenue.miscellaneous_receipts,cbo_1990-01,1990,-2.95,-2.9499999999999993,8.881784197001252e-16
cbo.revenue.miscellaneous_receipts,cbo_1991-01,1991,2.853,2.852999999999998,2.220446049250313e-15
cbo.revenue.miscellaneous_receipts,cbo_1992-01,1992,-3.484,-3.4840000000000018,1.7763568394002505e-15
cbo.revenue.miscellaneous_receipts,cbo_1992-03,1992,-3.559,-3.559000000000001,8.881784197001252e-16
cbo.revenue.miscellaneous_receipts,cbo_1993-01,1993,0.058,0.05799999999999983,1.734723475976807e-16
cbo.revenue.miscellaneous_receipts,cbo_1993-03,1993,-0.697,-0.6969999999999992,7.771561172376096e-16
cbo.revenue.miscellaneous_receipts,cbo_1994-01,1994,-3.579,-3.5790000000000006,4.440892098500626e-16
cbo.revenue.miscellaneous_receipts,cbo_1995-01,1995,-3.042,-3.0420000000000016,1.7763568394002505e-15
cbo.revenue.miscellaneous_receipts,cbo_1996-05,1996,4.928,4.928000000000004,4.440892098500626e-15
cbo.revenue.miscellaneous_receipts,cbo_1997-01,1997,2.244,2.2439999999999998,4.440892098500626e-16
cbo.revenue.miscellaneous_receipts,cbo_1997-03,1997,1.801,1.8009999999999984,1.5543122344752192e-15
cbo.revenue.miscellaneous_receipts,cbo_1998-01,1998,-0.979,-0.9789999999999992,7.771561172376096e-16
cbo.revenue.miscellaneous_receipts,cbo_1998-03,1998,-0.979,-0.9789999999999992,7.771561172376096e-16
cbo.revenue.miscellaneous_receipts,cbo_1999-01,1999,0.139,0.1390000000000029,2.886579864025407e-15
cbo.revenue.miscellaneous_receipts,cbo_2000-01,2000,-2.384,-2.3840000000000003,4.440892098500626e-16
cbo.revenue.miscellaneous_receipts,cbo_2001-01,2001,-1.731,-1.7310000000000016,1.5543122344752192e-15
cbo.revenue.miscellaneous_receipts,cbo_2001-05,2001,-1.759,-1.7590000000000003,4.440892098500626e-16
cbo.revenue.miscellaneous_receipts,cbo_2002-01,2002,-0.635,-0.6350000000000051,5.10702591327572e-15
cbo.revenue.miscellaneous_receipts,cbo_2002-03,2002,-0.465,-0.4650000000000034,3.3861802251067274e-15
cbo.revenue.miscellaneous_receipts,cbo_2003-01,2003,-1.662,-1.6620000000000061,6.217248937900877e-15
cbo.revenue.miscellaneous_receipts,cbo_2003-03,2003,-1.802,-1.8019999999999996,4.440892098500626e-16
cbo.revenue.miscellaneous_receipts,cbo_2004-01,2004,-0.701,-0.700999999999997,2.9976021664879227e-15
cbo.revenue.miscellaneous_receipts,cbo_2004-03,2004,-0.471,-0.47099999999999653,3.4416913763379853e-15
cbo.revenue.miscellaneous_receipts,cbo_2005-01,2005,1.536,1.5360000000000014,1.3322676295501878e-15
cbo.revenue.miscellaneous_receipts,cbo_2005-03,2005,1.852,1.8520000000000039,3.774758283725532e-15
cbo.revenue.miscellaneous_receipts,cbo_2006-01,2006,-3.622,-3.622,0.0
cbo.revenue.miscellaneous_receipts,cbo_2006-03,2006,-3.451,-3.4510000000000005,4.440892098500626e-16
cbo.revenue.miscellaneous_receipts,cbo_2007-01,2007,-0.986,-0.9859999999999971,2.886579864025407e-15
cbo.revenue.miscellaneous_receipts,cbo_2007-03,2007,-0.981,-0.9810000000000016,1.6653345369377348e-15
cbo.revenue.miscellaneous_receipts,cbo_2008-01,2008,-3.344,-3.344000000000001,1.3322676295501878e-15
cbo.revenue.miscellaneous_receipts,cbo_2008-03,2008,-5.08,-5.079999999999998,1.7763568394002505e-15
cbo.revenue.miscellaneous_receipts,cbo_2009-01,2009,-6.47,-6.469999999999999,8.881784197001252e-16
cbo.revenue.miscellaneous_receipts,cbo_2009-03,2009,-18.468,-18.467999999999996,3.552713678800501e-15
cbo.revenue.miscellaneous_receipts,cbo_2010-01,2010,-2.411,-2.4110000000000014,1.3322676295501878e-15
cbo.revenue.miscellaneous_receipts,cbo_2010-03,2010,-1.823,-1.8229999999999933,6.661338147750939e-15
cbo.revenue.miscellaneous_receipts,cbo_2011-01,2011,-5.401,-5.400999999999996,3.552713678800501e-15
cbo.revenue.miscellaneous_receipts,cbo_2011-03,2011,-3.855,-3.8549999999999898,1.021405182655144e-14
cbo.revenue.miscellaneous_receipts,cbo_2012-01,2012,-10.276,-10.27600000000001,1.0658141036401503e-14
cbo.revenue.miscellaneous_receipts,cbo_2012-03,2012,-7.199,-7.198999999999998,1.7763568394002505e-15
cbo.revenue.miscellaneous_receipts,cbo_2013-02,2013,5.803,5.802999999999997,2.6645352591003757e-15
cbo.revenue.miscellaneous_receipts,cbo_2013-05,2013,-0.331,-0.33100000000000307,3.0531133177191805e-15
cbo.revenue.miscellaneous_receipts,cbo_2014-02,2014,-16.552,-16.55199999999998,2.1316282072803006e-14
cbo.revenue.miscellaneous_receipts,cbo_2014-04,2014,-14.712,-14.711999999999989,1.0658141036401503e-14
cbo.revenue.miscellaneous_receipts,cbo_2015-01,2015,2.695,2.694999999999993,6.661338147750939e-15
cbo.revenue.miscellaneous_receipts,cbo_2015-03,2015,2.219,2.218999999999994,5.773159728050814e-15
cbo.revenue.miscellaneous_receipts,cbo_2016-01,2016,17.468,17.46799999999999,1.0658141036401503e-14
cbo.revenue.miscellaneous_receipts,cbo_2016-03,2016,-0.228,-0.22800000000000864,8.631984016460592e-15
cbo.revenue.miscellaneous_receipts,cbo_2017-01,2017,10.648,10.647999999999996,3.552713678800501e-15
cbo.revenue.miscellaneous_receipts,cbo_2017-06,2017,-2.131,-2.1310000000000144,1.4654943925052066e-14
cbo.revenue.miscellaneous_receipts,cbo_2018-04,2018,1.358,1.358000000000004,3.9968028886505635e-15
cbo.revenue.miscellaneous_receipts,cbo_2018-05,2018,2.172,2.171999999999997,3.1086244689504383e-15
cbo.revenue.miscellaneous_receipts,cbo_2019-01,2019,5.702,5.702000000000012,1.2434497875801753e-14
cbo.revenue.miscellaneous_receipts,cbo_2019-05,2019,6.052,6.052000000000007,7.105427357601002e-15
cbo.revenue.miscellaneous_receipts,cbo_2020-01,2020,-13.501,-13.50099999999999,8.881784197001252e-15
cbo.revenue.miscellaneous_receipts,cbo_2020-03,2020,-12.801,-12.801000000000002,1.7763568394002505e-15
cbo.revenue.miscellaneous_receipts,cbo_2021-02,2021,0.875,0.875,0.0
cbo.revenue.miscellaneous_receipts,cbo_2021-07,2021,-9.53,-9.530000000000001,1.7763568394002505e-15
cbo.revenue.miscellaneous_receipts,cbo_2022-05,2022,5.922,5.921999999999997,2.6645352591003757e-15
cbo.revenue.miscellaneous_receipts,cbo_2023-02,2023,-5.116,-5.116,0.0
cbo.revenue.miscellaneous_receipts,cbo_2023-05,2023,-4.209,-4.209000000000003,3.552713678800501e-15
cbo.revenue.miscellaneous_receipts,cbo_2024-02,2024,-8.864,-8.864000000000004,3.552713678800501e-15
cbo.revenue.miscellaneous_receipts,cbo_2024-06,2024,-0.601,-0.6009999999999991,8.881784197001252e-16
cbo.revenue.miscellaneous_receipts,cbo_2025-01,2025,1.832,1.8320000000000007,6.661338147750939e-16
cbo.revenue.miscellaneous_receipts,cbo_1982-02,1983,0.4,0.40000000000000036,3.3306690738754696e-16
cbo.revenue.miscellaneous_receipts,cbo_1983-02,1984,-4.013,-4.013000000000002,1.7763568394002505e-15
cbo.revenue.miscellaneous_receipts,cbo_1984-02,1985,-2.204,-2.203999999999997,3.1086244689504383e-15
cbo.revenue.miscellaneous_receipts,cbo_1985-02,1986,-1.473,-1.472999999999999,1.1102230246251565e-15
cbo.revenue.miscellaneous_receipts,cbo_1986-02,1987,0.216,0.21599999999999753,2.4702462297909733e-15
cbo.revenue.miscellaneous_receipts,cbo_1987-01,1988,-2.08,-2.0799999999999983,1.7763568394002505e-15
cbo.revenue.miscellaneous_receipts,cbo_1988-02,1989,-2.508,-2.5080000000000027,2.6645352591003757e-15
cbo.revenue.miscellaneous_receipts,cbo_1989-01,1990,-3.107,-3.1069999999999993,8.881784197001252e-16
cbo.revenue.miscellaneous_receipts,cbo_1990-01,1991,0.849,0.8489999999999966,3.3306690738754696e-15
cbo.revenue.miscellaneous_receipts,cbo_1991-01,1992,-2.62,-2.620000000000001,8.881784197001252e-16
cbo.revenue.miscellaneous_receipts,cbo_1992-01,1993,3.535,3.535,0.0
cbo.revenue.miscellaneous_receipts,cbo_1992-03,1993,3.356,3.355999999999998,1.7763568394002505e-15
cbo.revenue.miscellaneous_receipts,cbo_1993-01,1994,-1.657,-1.657,0.0
cbo.revenue.miscellaneous_receipts,cbo_1993-03,1994,-2.545,-2.5450000000000017,1.7763568394002505e-15
cbo.revenue.miscellaneous_receipts,cbo_1994-01,1995,-6.672,-6.672000000000001,8.881784197001252e-16
cbo.revenue.miscellaneous_receipts,cbo_1995-01,1996,2.424,2.4239999999999995,4.440892098500626e-16
cbo.revenue.miscellaneous_receipts,cbo_1996-05,1997,6.362,6.361999999999998,1.7763568394002505e-15
cbo.revenue.miscellaneous_receipts,cbo_1997-01,1998,-1.84,-1.8399999999999999,2.220446049250313e-16
cbo.revenue.miscellaneous_receipts,cbo_1997-03,1998,-2.307,-2.307000000000002,2.220446049250313e-15
cbo.revenue.miscellaneous_receipts,cbo_1998-01,1999,0.339,0.33900000000000574,5.717648576819556e-15
cbo.revenue.miscellaneous_receipts,cbo_1998-03,1999,0.339,0.33900000000000574,5.717648576819556e-15
cbo.revenue.miscellaneous_receipts,cbo_1999-01,2000,-3.219,-3.219000000000001,1.3322676295501878e-15
cbo.revenue.miscellaneous_receipts,cbo_2000-01,2001,-2.364,-2.3640000000000043,4.440892098500626e-15
cbo.revenue.miscellaneous_receipts,cbo_2001-01,2002,5.646,5.645999999999994,6.217248937900877e-15
cbo.revenue.miscellaneous_receipts,cbo_2001-05,2002,5.616,5.6159999999999926,7.105427357601002e-15
cbo.revenue.miscellaneous_receipts,cbo_2002-01,2003,-0.256,-0.2560000000000002,2.220446049250313e-16
cbo.revenue.miscellaneous_receipts,cbo_2002-03,2003,0.224,0.22399999999999665,3.3584246494910985e-15
cbo.revenue.miscellaneous_receipts,cbo_2003-01,2004,3.03,3.030000000000001,1.3322676295501878e-15
cbo.revenue.miscellaneous_receipts,cbo_2003-03,2004,2.95,2.950000000000003,2.6645352591003757e-15
cbo.revenue.miscellaneous_receipts,cbo_2004-01,2005,1.259,1.2590000000000074,7.549516567451064e-15
cbo.revenue.miscellaneous_receipts,cbo_2004-03,2005,2.156,2.155999999999999,1.3322676295501878e-15
cbo.revenue.miscellaneous_receipts,cbo_2005-01,2006,-4.854,-4.853999999999999,8.881784197001252e-16
cbo.revenue.miscellaneous_receipts,cbo_2005-03,2006,-4.515,-4.515000000000001,8.881784197001252e-16
cbo.revenue.miscellaneous_receipts,cbo_2006-01,2007,-0.31,-0.3100000000000023,2.275957200481571e-15
cbo.revenue.miscellaneous_receipts,cbo_2006-03,2007,-0.083,-0.08299999999999841,1.5959455978986625e-15
cbo.revenue.miscellaneous_receipts,cbo_2007-01,2008,1.586,1.5859999999999985,1.5543122344752192e-15
cbo.revenue.miscellaneous_receipts,cbo_2007-03,2008,1.778,1.7779999999999987,1.3322676295501878e-15
cbo.revenue.miscellaneous_receipts,cbo_2008-01,2009,-1.713,-1.713000000000001,8.881784197001252e-16
cbo.revenue.miscellaneous_receipts,cbo_2008-03,2009,-7.554,-7.554000000000002,1.7763568394002505e-15
cbo.revenue.miscellaneous_receipts,cbo_2009-01,2010,-58.761,-58.76099999999999,1.4210854715202004e-14
cbo.revenue.miscellaneous_receipts,cbo_2009-03,2010,-53.41,-53.40999999999999,7.105427357601002e-15
cbo.revenue.miscellaneous_receipts,cbo_2010-01,2011,-12.422,-12.421999999999997,3.552713678800501e-15
cbo.revenue.miscellaneous_receipts,cbo_2010-03,2011,-11.505,-11.504999999999995,5.329070518200751e-15
cbo.revenue.miscellaneous_receipts,cbo_2011-01,2012,-24.819,-24.819000000000003,3.552713678800501e-15
cbo.revenue.miscellaneous_receipts,cbo_2011-03,2012,-20.449,-20.449000000000012,1.0658141036401503e-14
cbo.revenue.miscellaneous_receipts,cbo_2012-01,2013,-4.465,-4.465000000000003,3.552713678800501e-15
cbo.revenue.miscellaneous_receipts,cbo_2012-03,2013,-3.546,-3.5460000000000065,6.661338147750939e-15
cbo.revenue.miscellaneous_receipts,cbo_2013-02,2014,-6.411,-6.410999999999973,2.6645352591003757e-14
cbo.revenue.miscellaneous_receipts,cbo_2013-05,2014,-14.268,-14.267999999999986,1.4210854715202004e-14
cbo.revenue.miscellaneous_receipts,cbo_2014-02,2015,-8.92,-8.920000000000016,1.5987211554602254e-14
cbo.revenue.miscellaneous_receipts,cbo_2014-04,2015,-12.232,-12.232,0.0
cbo.revenue.miscellaneous_receipts,cbo_2015-01,2016,-0.123,-0.12299999999999045,9.547918011776346e-15
cbo.revenue.miscellaneous_receipts,cbo_2015-03,2016,0.789,0.7890000000000157,1.5654144647214707e-14
cbo.revenue.miscellaneous_receipts,cbo_2016-01,2017,3.25,3.25,0.0
cbo.revenue.miscellaneous_receipts,cbo_2016-03,2017,-10.207,-10.207000000000008,7.105427357601002e-15
cbo.revenue.miscellaneous_receipts,cbo_2017-01,2018,21.105,21.105000000000018,1.7763568394002505e-14
cbo.revenue.miscellaneous_receipts,cbo_2017-06,2018,13.522,13.521999999999991,8.881784197001252e-15
cbo.revenue.miscellaneous_receipts,cbo_2018-04,2019,5.43,5.430000000000007,7.105427357601002e-15
cbo.revenue.miscellaneous_receipts,cbo_2018-05,2019,5.642,5.641999999999996,4.440892098500626e-15
cbo.revenue.miscellaneous_receipts,cbo_2019-01,2020,-27.66,-27.659999999999997,3.552713678800501e-15
cbo.revenue.miscellaneous_receipts,cbo_2019-05,2020,-28.205,-28.205,0.0
cbo.revenue.miscellaneous_receipts,cbo_2020-01,2021,-31.725,-31.724999999999994,7.105427357601002e-15
cbo.revenue.miscellaneous_receipts,cbo_2020-03,2021,-31.601,-31.600999999999985,1.4210854715202004e-14
cbo.revenue.miscellaneous_receipts,cbo_2021-02,2022,15.486,15.48599999999999,1.0658141036401503e-14
cbo.revenue.miscellaneous_receipts,cbo_2021-07,2022,15.829,15.829000000000008,7.105427357601002e-15
cbo.revenue.miscellaneous_receipts,cbo_2022-05,2023,23.783,23.783,0.0
cbo.revenue.miscellaneous_receipts,cbo_2023-02,2024,-7.704,-7.704000000000008,7.993605777301127e-15
cbo.revenue.miscellaneous_receipts,cbo_2023-05,2024,-6.241,-6.241000000000007,7.105427357601002e-15
cbo.revenue.miscellaneous_receipts,cbo_2024-02,2025,-2.798,-2.7979999999999947,5.329070518200751e-15
cbo.revenue.miscellaneous_receipts,cbo_2024-06,2025,4.826,4.8260000000000005,8.881784197001252e-16
cbo.revenue.miscellaneous_receipts,cbo_1982-02,1984,0.987,0.9869999999999983,1.6653345369377348e-15
cbo.revenue.miscellaneous_receipts,cbo_1983-02,1985,-4.504,-4.503999999999998,1.7763568394002505e-15
cbo.revenue.miscellaneous_receipts,cbo_1984-02,1986,-2.833,-2.8329999999999984,1.7763568394002505e-15
cbo.revenue.miscellaneous_receipts,cbo_1985-02,1987,-0.414,-0.4140000000000015,1.4988010832439613e-15
cbo.revenue.miscellaneous_receipts,cbo_1986-02,1988,-2.081,-2.0809999999999995,4.440892098500626e-16
cbo.revenue.miscellaneous_receipts,cbo_1987-01,1989,-5.904,-5.9040000000000035,3.552713678800501e-15
cbo.revenue.miscellaneous_receipts,cbo_1988-02,1990,-5.946,-5.9460000000000015,1.7763568394002505e-15
cbo.revenue.miscellaneous_receipts,cbo_1989-01,1991,1.417,1.416999999999998,1.9984014443252818e-15
cbo.revenue.miscellaneous_receipts,cbo_1990-01,1992,-1.911,-1.9110000000000014,1.3322676295501878e-15
cbo.revenue.miscellaneous_receipts,cbo_1991-01,1993,6.2,6.199999999999999,8.881784197001252e-16
cbo.revenue.miscellaneous_receipts,cbo_1992-01,1994,1.376,1.3759999999999977,2.220446049250313e-15
cbo.revenue.miscellaneous_receipts,cbo_1992-03,1994,1.307,1.3069999999999986,1.3322676295501878e-15
cbo.revenue.miscellaneous_receipts,cbo_1993-01,1995,-5.795,-5.795000000000002,1.7763568394002505e-15
cbo.revenue.miscellaneous_receipts,cbo_1993-03,1995,-6.69,-6.690000000000001,8.881784197001252e-16
cbo.revenue.miscellaneous_receipts,cbo_1994-01,1996,-1.441,-1.440999999999999,1.1102230246251565e-15
cbo.revenue.miscellaneous_receipts,cbo_1995-01,1997,3.959,3.9589999999999996,4.440892098500626e-16
cbo.revenue.miscellaneous_receipts,cbo_1996-05,1998,1.221,1.2209999999999965,3.552713678800501e-15
cbo.revenue.miscellaneous_receipts,cbo_1997-01,1999,0.298,0.2979999999999947,5.2735593669694936e-15
cbo.revenue.miscellaneous_receipts,cbo_1997-03,1999,-0.168,-0.16799999999999926,7.494005416219807e-16
cbo.revenue.miscellaneous_receipts,cbo_1998-01,2000,1.089,1.0890000000000057,5.773159728050814e-15
cbo.revenue.miscellaneous_receipts,cbo_1998-03,2000,1.089,1.0890000000000057,5.773159728050814e-15
cbo.revenue.miscellaneous_receipts,cbo_1999-01,2001,-3.163,-3.163000000000004,3.9968028886505635e-15
cbo.revenue.miscellaneous_receipts,cbo_2000-01,2002,5.625,5.624999999999993,7.105427357601002e-15
cbo.revenue.miscellaneous_receipts,cbo_2001-01,2003,7.863,7.8629999999999995,8.881784197001252e-16
cbo.revenue.miscellaneous_receipts,cbo_2001-05,2003,7.844,7.843999999999994,6.217248937900877e-15
cbo.revenue.miscellaneous_receipts,cbo_2002-01,2004,6.604,6.603999999999999,8.881784197001252e-16
cbo.revenue.miscellaneous_receipts,cbo_2002-03,2004,7.124,7.124000000000002,2.6645352591003757e-15
cbo.revenue.miscellaneous_receipts,cbo_2003-01,2005,7.668,7.667999999999999,8.881784197001252e-16
cbo.revenue.miscellaneous_receipts,cbo_2003-03,2005,7.518,7.518000000000001,8.881784197001252e-16
cbo.revenue.miscellaneous_receipts,cbo_2004-01,2006,-5.677,-5.677,0.0
cbo.revenue.miscellaneous_receipts,cbo_2004-03,2006,-5.613,-5.6129999999999995,8.881784197001252e-16
cbo.revenue.miscellaneous_receipts,cbo_2005-01,2007,-3.555,-3.5549999999999997,4.440892098500626e-16
cbo.revenue.miscellaneous_receipts,cbo_2005-03,2007,-3.187,-3.1869999999999976,2.220446049250313e-15
cbo.revenue.miscellaneous_receipts,cbo_2006-01,2008,-0.446,-0.44600000000000506,5.051514762044462e-15
cbo.revenue.miscellaneous_receipts,cbo_2006-03,2008,-0.01,-0.010000000000005116,5.115699530655604e-15
cbo.revenue.miscellaneous_receipts,cbo_2007-01,2009,2.554,2.554000000000002,2.220446049250313e-15
cbo.revenue.miscellaneous_receipts,cbo_2007-03,2009,3.052,3.0519999999999996,4.440892098500626e-16
cbo.revenue.miscellaneous_receipts,cbo_2008-01,2010,-42.211,-42.211,0.0
cbo.revenue.miscellaneous_receipts,cbo_2008-03,2010,-47.749,-47.748999999999995,7.105427357601002e-15
cbo.revenue.miscellaneous_receipts,cbo_2009-01,2011,-59.615,-59.614999999999995,7.105427357601002e-15
cbo.revenue.miscellaneous_receipts,cbo_2009-03,2011,-60.288,-60.288,0.0
cbo.revenue.miscellaneous_receipts,cbo_2010-01,2012,-37.13,-37.129999999999995,7.105427357601002e-15
cbo.revenue.miscellaneous_receipts,cbo_2010-03,2012,-36.383,-36.38300000000001,7.105427357601002e-15
cbo.revenue.miscellaneous_receipts,cbo_2011-01,2013,-32.167,-32.167,0.0
cbo.revenue.miscellaneous_receipts,cbo_2011-03,2013,-35.91,-35.91000000000001,1.4210854715202004e-14
cbo.revenue.miscellaneous_receipts,cbo_2012-01,2014,-31.271,-31.270999999999987,1.4210854715202004e-14
cbo.revenue.miscellaneous_receipts,cbo_2012-03,2014,-31.639,-31.63899999999998,1.7763568394002505e-14
cbo.revenue.miscellaneous_receipts,cbo_2013-02,2015,19.615,19.61500000000001,1.0658141036401503e-14
cbo.revenue.miscellaneous_receipts,cbo_2013-05,2015,22.273,22.272999999999996,3.552713678800501e-15
cbo.revenue.miscellaneous_receipts,cbo_2014-02,2016,-12.151,-12.15100000000001,1.0658141036401503e-14
cbo.revenue.miscellaneous_receipts,cbo_2014-04,2016,-19.133,-19.13299999999998,1.7763568394002505e-14
cbo.revenue.miscellaneous_receipts,cbo_2015-01,2017,-21.476,-21.476,0.0
cbo.revenue.miscellaneous_receipts,cbo_2015-03,2017,-21.712,-21.712000000000018,1.7763568394002505e-14
cbo.revenue.miscellaneous_receipts,cbo_2016-01,2018,-2.23,-2.230000000000004,3.9968028886505635e-15
cbo.revenue.miscellaneous_receipts,cbo_2016-03,2018,-10.442,-10.442000000000007,7.105427357601002e-15
cbo.revenue.miscellaneous_receipts,cbo_2017-01,2019,29.833,29.833000000000013,1.4210854715202004e-14
cbo.revenue.miscellaneous_receipts,cbo_2017-06,2019,20.89,20.89,0.0
cbo.revenue.miscellaneous_receipts,cbo_2018-04,2020,-33.806,-33.806,0.0
cbo.revenue.miscellaneous_receipts,cbo_2018-05,2020,-32.647,-32.647000000000006,7.105427357601002e-15
cbo.revenue.miscellaneous_receipts,cbo_2019-01,2021,-37.244,-37.244,0.0
cbo.revenue.miscellaneous_receipts,cbo_2019-05,2021,-39.936,-39.93599999999999,7.105427357601002e-15
cbo.revenue.miscellaneous_receipts,cbo_2020-01,2022,-35.913,-35.913,0.0
cbo.revenue.miscellaneous_receipts,cbo_2020-03,2022,-36.11,-36.11,0.0
cbo.revenue.miscellaneous_receipts,cbo_2021-02,2023,120.747,120.74699999999999,1.4210854715202004e-14
cbo.revenue.miscellaneous_receipts,cbo_2021-07,2023,135.413,135.41299999999998,2.842170943040401e-14
cbo.revenue.miscellaneous_receipts,cbo_2022-05,2024,12.289,12.288999999999994,5.329070518200751e-15
cbo.revenue.miscellaneous_receipts,cbo_2023-02,2025,-2.483,-2.48299999999999,1.021405182655144e-14
cbo.revenue.miscellaneous_receipts,cbo_2023-05,2025,-0.309,-0.3089999999999975,2.4980018054066022e-15
cbo.revenue.miscellaneous_receipts,cbo_1982-02,1985,0.496,0.4960000000000022,2.220446049250313e-15
cbo.revenue.miscellaneous_receipts,cbo_1983-02,1986,-6.933,-6.933,0.0
cbo.revenue.miscellaneous_receipts,cbo_1984-02,1987,-1.178,-1.1780000000000008,8.881784197001252e-16
cbo.revenue.miscellaneous_receipts,cbo_1985-02,1988,-0.5,-0.5,0.0
cbo.revenue.miscellaneous_receipts,cbo_1986-02,1989,-5.25,-5.25,0.0
cbo.revenue.miscellaneous_receipts,cbo_1987-01,1990,-10.522,-10.521999999999998,1.7763568394002505e-15
cbo.revenue.miscellaneous_receipts,cbo_1988-02,1991,-0.7,-0.7000000000000028,2.886579864025407e-15
cbo.revenue.miscellaneous_receipts,cbo_1989-01,1992,-1.677,-1.6769999999999996,4.440892098500626e-16
cbo.revenue.miscellaneous_receipts,cbo_1990-01,1993,6.888,6.887999999999998,1.7763568394002505e-15
cbo.revenue.miscellaneous_receipts,cbo_1991-01,1994,3.198,3.1980000000000004,4.440892098500626e-16
cbo.revenue.miscellaneous_receipts,cbo_1992-01,1995,-2.984,-2.9840000000000018,1.7763568394002505e-15
cbo.revenue.miscellaneous_receipts,cbo_1992-03,1995,-3.061,-3.061,0.0
cbo.revenue.miscellaneous_receipts,cbo_1993-01,1996,-1.344,-1.3439999999999976,2.4424906541753444e-15
cbo.revenue.miscellaneous_receipts,cbo_1993-03,1996,-2.243,-2.2429999999999986,1.3322676295501878e-15
cbo.revenue.miscellaneous_receipts,cbo_1994-01,1997,0.523,0.5229999999999997,3.3306690738754696e-16
cbo.revenue.miscellaneous_receipts,cbo_1995-01,1998,-1.556,-1.556000000000001,8.881784197001252e-16
cbo.revenue.miscellaneous_receipts,cbo_1996-05,1999,0.333,0.3329999999999984,1.609823385706477e-15
cbo.revenue.miscellaneous_receipts,cbo_1997-01,2000,-0.044,-0.04399999999999693,3.066991105526995e-15
cbo.revenue.miscellaneous_receipts,cbo_1997-03,2000,-0.508,-0.5079999999999956,4.440892098500626e-15
cbo.revenue.miscellaneous_receipts,cbo_1998-01,2001,1.195,1.1949999999999932,6.8833827526759706e-15
cbo.revenue.miscellaneous_receipts,cbo_1998-03,2001,1.195,1.1949999999999932,6.8833827526759706e-15
cbo.revenue.miscellaneous_receipts,cbo_1999-01,2002,8.578,8.577999999999996,3.552713678800501e-15
cbo.revenue.miscellaneous_receipts,cbo_2000-01,2003,7.172,7.171999999999997,2.6645352591003757e-15
cbo.revenue.miscellaneous_receipts,cbo_2001-01,2004,16.469,16.469,0.0
cbo.revenue.miscellaneous_receipts,cbo_2001-05,2004,16.49,16.490000000000002,3.552713678800501e-15
cbo.revenue.miscellaneous_receipts,cbo_2002-01,2005,9.306,9.306000000000004,5.329070518200751e-15
cbo.revenue.miscellaneous_receipts,cbo_2002-03,2005,9.887,9.887,0.0
cbo.revenue.miscellaneous_receipts,cbo_2003-01,2006,0.296,0.2959999999999994,6.106226635438361e-16
cbo.revenue.miscellaneous_receipts,cbo_2003-03,2006,0.116,0.11599999999999966,3.469446951953614e-16
cbo.revenue.miscellaneous_receipts,cbo_2004-01,2007,-4.021,-4.021000000000001,8.881784197001252e-16
cbo.revenue.miscellaneous_receipts,cbo_2004-03,2007,-3.954,-3.9540000000000006,4.440892098500626e-16
cbo.revenue.miscellaneous_receipts,cbo_2005-01,2008,-2.726,-2.725999999999999,8.881784197001252e-16
cbo.revenue.miscellaneous_receipts,cbo_2005-03,2008,-2.362,-2.362000000000002,1.7763568394002505e-15
cbo.revenue.miscellaneous_receipts,cbo_2006-01,2009,0.485,0.48500000000000654,6.5503158452884236e-15
cbo.revenue.miscellaneous_receipts,cbo_2006-03,2009,1.066,1.0660000000000025,2.4424906541753444e-15
cbo.revenue.miscellaneous_receipts,cbo_2007-01,2010,-39.67,-39.669999999999995,7.105427357601002e-15
cbo.revenue.miscellaneous_receipts,cbo_2007-03,2010,-39.161,-39.160999999999994,7.105427357601002e-15
cbo.revenue.miscellaneous_receipts,cbo_2008-01,2011,-44.424,-44.42399999999999,7.105427357601002e-15
cbo.revenue.miscellaneous_receipts,cbo_2008-03,2011,-45.431,-45.43099999999999,7.105427357601002e-15
cbo.revenue.miscellaneous_receipts,cbo_2009-01,2012,-60.343,-60.343,0.0
cbo.revenue.miscellaneous_receipts,cbo_2009-03,2012,-61.372,-61.37200000000001,7.105427357601002e-15
cbo.revenue.miscellaneous_receipts,cbo_2010-01,2013,-43.462,-43.462,0.0
cbo.revenue.miscellaneous_receipts,cbo_2010-03,2013,-42.697,-42.697,0.0
cbo.revenue.miscellaneous_receipts,cbo_2011-01,2014,-58.104,-58.103999999999985,1.4210854715202004e-14
cbo.revenue.miscellaneous_receipts,cbo_2011-03,2014,-56.21,-56.20999999999998,2.1316282072803006e-14
cbo.revenue.miscellaneous_receipts,cbo_2012-01,2015,-46.206,-46.206,0.0
cbo.revenue.miscellaneous_receipts,cbo_2012-03,2015,-45.704,-45.70400000000001,7.105427357601002e-15
cbo.revenue.miscellaneous_receipts,cbo_2013-02,2016,8.414,8.414000000000016,1.5987211554602254e-14
cbo.revenue.miscellaneous_receipts,cbo_2013-05,2016,9.287,9.287000000000006,5.329070518200751e-15
cbo.revenue.miscellaneous_receipts,cbo_2014-02,2017,-36.137,-36.137000000000015,1.4210854715202004e-14
cbo.revenue.miscellaneous_receipts,cbo_2014-04,2017,-44.407,-44.40700000000001,1.4210854715202004e-14
cbo.revenue.miscellaneous_receipts,cbo_2015-01,2018,-24.489,-24.489000000000004,3.552713678800501e-15
cbo.revenue.miscellaneous_receipts,cbo_2015-03,2018,-25.298,-25.298000000000002,3.552713678800501e-15
cbo.revenue.miscellaneous_receipts,cbo_2016-01,2019,9.378,9.378000000000014,1.4210854715202004e-14
cbo.revenue.miscellaneous_receipts,cbo_2016-03,2019,7.856,7.856000000000009,8.881784197001252e-15
cbo.revenue.miscellaneous_receipts,cbo_2017-01,2020,-18.35,-18.349999999999994,7.105427357601002e-15
cbo.revenue.miscellaneous_receipts,cbo_2017-06,2020,-26.376,-26.37599999999999,1.0658141036401503e-14
cbo.revenue.miscellaneous_receipts,cbo_2018-04,2021,-45.18,-45.17999999999999,7.105427357601002e-15
cbo.revenue.miscellaneous_receipts,cbo_2018-05,2021,-43.893,-43.893,0.0
cbo.revenue.miscellaneous_receipts,cbo_2019-01,2022,-36.061,-36.06100000000001,7.105427357601002e-15
cbo.revenue.miscellaneous_receipts,cbo_2019-05,2022,-38.366,-38.366,0.0
cbo.revenue.miscellaneous_receipts,cbo_2020-01,2023,61.785,61.785,0.0
cbo.revenue.miscellaneous_receipts,cbo_2020-03,2023,61.596,61.596000000000004,7.105427357601002e-15
cbo.revenue.miscellaneous_receipts,cbo_2021-02,2024,126.339,126.33899999999997,2.842170943040401e-14
cbo.revenue.miscellaneous_receipts,cbo_2021-07,2024,124.066,124.06599999999997,2.842170943040401e-14
cbo.revenue.miscellaneous_receipts,cbo_2022-05,2025,25.419,25.418999999999997,3.552713678800501e-15
cbo.revenue.miscellaneous_receipts,cbo_1982-02,1986,-0.933,-0.9329999999999998,2.220446049250313e-16
cbo.revenue.miscellaneous_receipts,cbo_1983-02,1987,-6.178,-6.178000000000001,8.881784197001252e-16
cbo.revenue.miscellaneous_receipts,cbo_1984-02,1988,-0.857,-0.8569999999999993,6.661338147750939e-16
cbo.revenue.miscellaneous_receipts,cbo_1985-02,1989,-2.715,-2.715,0.0
cbo.revenue.miscellaneous_receipts,cbo_1986-02,1990,-10.076,-10.076,0.0
cbo.revenue.miscellaneous_receipts,cbo_1987-01,1991,-5.783,-5.783000000000001,8.881784197001252e-16
cbo.revenue.miscellaneous_receipts,cbo_1988-02,1992,-3.706,-3.7059999999999995,4.440892098500626e-16
cbo.revenue.miscellaneous_receipts,cbo_1989-01,1993,7.221,7.2209999999999965,3.552713678800501e-15
cbo.revenue.miscellaneous_receipts,cbo_1990-01,1994,3.636,3.6359999999999992,8.881784197001252e-16
cbo.revenue.miscellaneous_receipts,cbo_1991-01,1995,-1.953,-1.9529999999999994,6.661338147750939e-16
cbo.revenue.miscellaneous_receipts,cbo_1992-01,1996,1.21,1.2100000000000009,8.881784197001252e-16
cbo.revenue.miscellaneous_receipts,cbo_1992-03,1996,1.197,1.1970000000000027,2.6645352591003757e-15
cbo.revenue.miscellaneous_receipts,cbo_1993-01,1997,0.807,0.8069999999999986,1.4432899320127035e-15
cbo.revenue.miscellaneous_receipts,cbo_1993-03,1997,-0.266,-0.2660000000000018,1.7763568394002505e-15
cbo.revenue.miscellaneous_receipts,cbo_1994-01,1998,-4.42,-4.420000000000002,1.7763568394002505e-15
cbo.revenue.miscellaneous_receipts,cbo_1995-01,1999,-2.563,-2.5630000000000024,2.220446049250313e-15
cbo.revenue.miscellaneous_receipts,cbo_1996-05,2000,-1.741,-1.7409999999999997,4.440892098500626e-16
cbo.revenue.miscellaneous_receipts,cbo_1997-01,2001,1.005,1.0049999999999955,4.440892098500626e-15
cbo.revenue.miscellaneous_receipts,cbo_1997-03,2001,0.643,0.6429999999999936,6.439293542825908e-15
cbo.revenue.miscellaneous_receipts,cbo_1998-01,2002,9.099,9.098999999999997,3.552713678800501e-15
cbo.revenue.miscellaneous_receipts,cbo_1998-03,2002,9.099,9.098999999999997,3.552713678800501e-15
cbo.revenue.miscellaneous_receipts,cbo_1999-01,2003,9.077,9.076999999999998,1.7763568394002505e-15
cbo.revenue.miscellaneous_receipts,cbo_2000-01,2004,14.706,14.706000000000003,3.552713678800501e-15
cbo.revenue.miscellaneous_receipts,cbo_2001-01,2005,17.684,17.684000000000005,3.552713678800501e-15
cbo.revenue.miscellaneous_receipts,cbo_2001-05,2005,17.721,17.721000000000004,3.552713678800501e-15
cbo.revenue.miscellaneous_receipts,cbo_2002-01,2006,-0.226,-0.2259999999999991,9.159339953157541e-16
cbo.revenue.miscellaneous_receipts,cbo_2002-03,2006,0.394,0.39399999999999835,1.6653345369377348e-15
cbo.revenue.miscellaneous_receipts,cbo_2003-01,2007,0.307,0.30699999999999505,4.9404924595819466e-15
cbo.revenue.miscellaneous_receipts,cbo_2003-03,2007,0.107,0.10699999999999932,6.800116025829084e-16
cbo.revenue.miscellaneous_receipts,cbo_2004-01,2008,-2.787,-2.786999999999999,8.881784197001252e-16
cbo.revenue.miscellaneous_receipts,cbo_2004-03,2008,-2.712,-2.7120000000000033,3.1086244689504383e-15
cbo.revenue.miscellaneous_receipts,cbo_2005-01,2009,-0.664,-0.6639999999999944,5.662137425588298e-15
cbo.revenue.miscellaneous_receipts,cbo_2005-03,2009,-0.292,-0.2919999999999945,5.495603971894525e-15
cbo.revenue.miscellaneous_receipts,cbo_2006-01,2010,-41.746,-41.74599999999999,1.4210854715202004e-14
cbo.revenue.miscellaneous_receipts,cbo_2006-03,2010,-41.081,-41.08099999999999,1.4210854715202004e-14
cbo.revenue.miscellaneous_receipts,cbo_2007-01,2011,-43.489,-43.48899999999999,7.105427357601002e-15
cbo.revenue.miscellaneous_receipts,cbo_2007-03,2011,-42.957,-42.956999999999994,7.105427357601002e-15
cbo.revenue.miscellaneous_receipts,cbo_2008-01,2012,-44.572,-44.572,0.0
cbo.revenue.miscellaneous_receipts,cbo_2008-03,2012,-43.933,-43.933,0.0
cbo.revenue.miscellaneous_receipts,cbo_2009-01,2013,-56.063,-56.06300000000001,7.105427357601002e-15
cbo.revenue.miscellaneous_receipts,cbo_2009-03,2013,-56.433,-56.43300000000001,7.105427357601002e-15
cbo.revenue.miscellaneous_receipts,cbo_2010-01,2014,-56.496,-56.49599999999998,2.1316282072803006e-14
cbo.revenue.miscellaneous_receipts,cbo_2010-03,2014,-55.703,-55.70299999999999,1.4210854715202004e-14
cbo.revenue.miscellaneous_receipts,cbo_2011-01,2015,-60.066,-60.066,0.0
cbo.revenue.miscellaneous_receipts,cbo_2011-03,2015,-58.735,-58.735,0.0
cbo.revenue.miscellaneous_receipts,cbo_2012-01,2016,-35.138,-35.138000000000005,7.105427357601002e-15
cbo.revenue.miscellaneous_receipts,cbo_2012-03,2016,-33.228,-33.22800000000001,7.105427357601002e-15
cbo.revenue.miscellaneous_receipts,cbo_2013-02,2017,-42.709,-42.709,0.0
cbo.revenue.miscellaneous_receipts,cbo_2013-05,2017,-42.388,-42.388000000000005,7.105427357601002e-15
cbo.revenue.miscellaneous_receipts,cbo_2014-02,2018,-31.368,-31.36800000000001,1.0658141036401503e-14
cbo.revenue.miscellaneous_receipts,cbo_2014-04,2018,-36.793,-36.793000000000006,7.105427357601002e-15
cbo.revenue.miscellaneous_receipts,cbo_2015-01,2019,11.102,11.102000000000004,3.552713678800501e-15
cbo.revenue.miscellaneous_receipts,cbo_2015-03,2019,8.801,8.801000000000002,1.7763568394002505e-15
cbo.revenue.miscellaneous_receipts,cbo_2016-01,2020,-22.088,-22.087999999999994,7.105427357601002e-15
cbo.revenue.miscellaneous_receipts,cbo_2016-03,2020,-29.571,-29.570999999999984,1.7763568394002505e-14
cbo.revenue.miscellaneous_receipts,cbo_2017-01,2021,-38.07,-38.06999999999999,7.105427357601002e-15
cbo.revenue.miscellaneous_receipts,cbo_2017-06,2021,-42.012,-42.012,0.0
cbo.revenue.miscellaneous_receipts,cbo_2018-04,2022,-41.795,-41.795,0.0
cbo.revenue.miscellaneous_receipts,cbo_2018-05,2022,-40.723,-40.72300000000001,1.4210854715202004e-14
cbo.revenue.miscellaneous_receipts,cbo_2019-01,2023,67.15,67.15,0.0
cbo.revenue.miscellaneous_receipts,cbo_2019-05,2023,64.414,64.414,0.0
cbo.revenue.miscellaneous_receipts,cbo_2020-01,2024,58.786,58.786,0.0
cbo.revenue.miscellaneous_receipts,cbo_2020-03,2024,58.746,58.745999999999995,7.105427357601002e-15
cbo.revenue.miscellaneous_receipts,cbo_2021-02,2025,111.951,111.95100000000001,1.4210854715202004e-14
cbo.revenue.miscellaneous_receipts,cbo_2021-07,2025,106.455,106.45500000000003,2.842170943040401e-14
cbo.revenue.miscellaneous_receipts,cbo_1982-02,1987,-0.178,-0.17800000000000082,8.326672684688674e-16
cbo.revenue.miscellaneous_receipts,cbo_1983-02,1988,-6.857,-6.857000000000001,8.881784197001252e-16
cbo.revenue.miscellaneous_receipts,cbo_1984-02,1989,-3.023,-3.0229999999999997,4.440892098500626e-16
cbo.revenue.miscellaneous_receipts,cbo_1985-02,1990,-6.364,-6.364000000000001,8.881784197001252e-16
cbo.revenue.miscellaneous_receipts,cbo_1986-02,1991,-6.041,-6.041000000000004,3.552713678800501e-15
cbo.revenue.miscellaneous_receipts,cbo_1987-01,1992,-9.212,-9.212,0.0
cbo.revenue.miscellaneous_receipts,cbo_1988-02,1993,5.049,5.0489999999999995,8.881784197001252e-16
cbo.revenue.miscellaneous_receipts,cbo_1989-01,1994,4.209,4.209,0.0
cbo.revenue.miscellaneous_receipts,cbo_1990-01,1995,-1.301,-1.301000000000002,1.9984014443252818e-15
cbo.revenue.miscellaneous_receipts,cbo_1991-01,1996,1.959,1.9589999999999996,4.440892098500626e-16
cbo.revenue.miscellaneous_receipts,cbo_1992-01,1997,3.329,3.328999999999997,3.1086244689504383e-15
cbo.revenue.miscellaneous_receipts,cbo_1992-03,1997,3.281,3.280999999999999,1.3322676295501878e-15
cbo.revenue.miscellaneous_receipts,cbo_1993-01,1998,-4.21,-4.210000000000001,8.881784197001252e-16
cbo.revenue.miscellaneous_receipts,cbo_1993-03,1998,-5.382,-5.3820000000000014,1.7763568394002505e-15
cbo.revenue.miscellaneous_receipts,cbo_1994-01,1999,-5.182,-5.181999999999999,1.7763568394002505e-15
cbo.revenue.miscellaneous_receipts,cbo_1995-01,2000,-4.768,-4.768000000000001,8.881784197001252e-16
cbo.revenue.miscellaneous_receipts,cbo_1996-05,2001,-2.223,-2.222999999999999,8.881784197001252e-16
cbo.revenue.miscellaneous_receipts,cbo_1997-01,2002,8.654,8.653999999999996,3.552713678800501e-15
cbo.revenue.miscellaneous_receipts,cbo_1997-03,2002,8.496,8.495999999999995,5.329070518200751e-15
cbo.revenue.miscellaneous_receipts,cbo_1998-01,2003,9.506,9.506,0.0
cbo.revenue.miscellaneous_receipts,cbo_1998-03,2003,9.506,9.506,0.0
cbo.revenue.miscellaneous_receipts,cbo_1999-01,2004,12.756,12.756,0.0
cbo.revenue.miscellaneous_receipts,cbo_2000-01,2005,15.633,15.633000000000003,3.552713678800501e-15
cbo.revenue.miscellaneous_receipts,cbo_2001-01,2006,7.733,7.733000000000004,4.440892098500626e-15
cbo.revenue.miscellaneous_receipts,cbo_2001-05,2006,7.793,7.793000000000006,6.217248937900877e-15
cbo.revenue.miscellaneous_receipts,cbo_2002-01,2007,-0.781,-0.7809999999999988,1.2212453270876722e-15
cbo.revenue.miscellaneous_receipts,cbo_2002-03,2007,-0.1,-0.10000000000000142,1.4155343563970746e-15
cbo.revenue.miscellaneous_receipts,cbo_2003-01,2008,0.361,0.3610000000000042,4.218847493575595e-15
cbo.revenue.miscellaneous_receipts,cbo_2003-03,2008,0.141,0.14100000000000534,5.35682609381638e-15
cbo.revenue.miscellaneous_receipts,cbo_2004-01,2009,-0.722,-0.7219999999999942,5.773159728050814e-15
cbo.revenue.miscellaneous_receipts,cbo_2004-03,2009,-0.642,-0.6419999999999959,4.107825191113079e-15
cbo.revenue.miscellaneous_receipts,cbo_2005-01,2010,-42.796,-42.79599999999999,7.105427357601002e-15
cbo.revenue.miscellaneous_receipts,cbo_2005-03,2010,-42.413,-42.41299999999999,7.105427357601002e-15
cbo.revenue.miscellaneous_receipts,cbo_2006-01,2011,-45.544,-45.544,0.0
cbo.revenue.miscellaneous_receipts,cbo_2006-03,2011,-44.903,-44.90299999999999,7.105427357601002e-15
cbo.revenue.miscellaneous_receipts,cbo_2007-01,2012,-44.577,-44.577000000000005,7.105427357601002e-15
cbo.revenue.miscellaneous_receipts,cbo_2007-03,2012,-43.912,-43.912000000000006,7.105427357601002e-15
cbo.revenue.miscellaneous_receipts,cbo_2008-01,2013,-37.542,-37.542,0.0
cbo.revenue.miscellaneous_receipts,cbo_2008-03,2013,-38.486,-38.486000000000004,7.105427357601002e-15
cbo.revenue.miscellaneous_receipts,cbo_2009-01,2014,-61.945,-61.94499999999999,7.105427357601002e-15
cbo.revenue.miscellaneous_receipts,cbo_2009-03,2014,-66.547,-66.54699999999998,1.4210854715202004e-14
cbo.revenue.miscellaneous_receipts,cbo_2010-01,2015,-50.05,-50.04999999999998,1.4210854715202004e-14
cbo.revenue.miscellaneous_receipts,cbo_2010-03,2015,-48.947,-48.947,0.0
cbo.revenue.miscellaneous_receipts,cbo_2011-01,2016,-41.494,-41.494,0.0
cbo.revenue.miscellaneous_receipts,cbo_2011-03,2016,-36.349,-36.349000000000004,7.105427357601002e-15
cbo.revenue.miscellaneous_receipts,cbo_2012-01,2017,-27.937,-27.937000000000012,1.0658141036401503e-14
cbo.revenue.miscellaneous_receipts,cbo_2012-03,2017,-23.971,-23.971000000000004,3.552713678800501e-15
cbo.revenue.miscellaneous_receipts,cbo_2013-02,2018,-38.62,-38.620000000000005,7.105427357601002e-15
cbo.revenue.miscellaneous_receipts,cbo_2013-05,2018,-39.995,-39.995000000000005,7.105427357601002e-15
cbo.revenue.miscellaneous_receipts,cbo_2014-02,2019,6.744,6.744,0.0
cbo.revenue.miscellaneous_receipts,cbo_2014-04,2019,0.964,0.9639999999999986,1.3322676295501878e-15
cbo.revenue.miscellaneous_receipts,cbo_2015-01,2020,-19.525,-19.52499999999999,7.105427357601002e-15
cbo.revenue.miscellaneous_receipts,cbo_2015-03,2020,-21.531,-21.53099999999999,7.105427357601002e-15
cbo.revenue.miscellaneous_receipts,cbo_2016-01,2021,-33.259,-33.259,0.0
cbo.revenue.miscellaneous_receipts,cbo_2016-03,2021,-41.937,-41.937,0.0
cbo.revenue.miscellaneous_receipts,cbo_2017-01,2022,-38.393,-38.393,0.0
cbo.revenue.miscellaneous_receipts,cbo_2017-06,2022,-39.725,-39.72500000000002,2.1316282072803006e-14
cbo.revenue.miscellaneous_receipts,cbo_2018-04,2023,65.1,65.10000000000001,1.4210854715202004e-14
cbo.revenue.miscellaneous_receipts,cbo_2018-05,2023,66.229,66.229,0.0
cbo.revenue.miscellaneous_receipts,cbo_2019-01,2024,71.222,71.22200000000001,1.4210854715202004e-14
cbo.revenue.miscellaneous_receipts,cbo_2019-05,2024,68.157,68.157,0.0
cbo.revenue.miscellaneous_receipts,cbo_2020-01,2025,65.292,65.29200000000002,1.4210854715202004e-14
cbo.revenue.miscellaneous_receipts,cbo_2020-03,2025,65.414,65.41400000000002,1.4210854715202004e-14
cbo.revenue.miscellaneous_receipts,cbo_1992-01,1998,-1.37,-1.370000000000001,8.881784197001252e-16
cbo.revenue.miscellaneous_receipts,cbo_1993-01,1999,-4.96,-4.960000000000001,8.881784197001252e-16
cbo.revenue.miscellaneous_receipts,cbo_1993-03,1999,-6.24,-6.239999999999998,1.7763568394002505e-15
cbo.revenue.miscellaneous_receipts,cbo_1994-01,2000,-7.198,-7.198,0.0
cbo.revenue.miscellaneous_receipts,cbo_1995-01,2001,-5.407,-5.407000000000004,3.552713678800501e-15
cbo.revenue.miscellaneous_receipts,cbo_1996-05,2002,5.683,5.682999999999993,7.105427357601002e-15
cbo.revenue.miscellaneous_receipts,cbo_1997-01,2003,8.835,8.835,0.0
cbo.revenue.miscellaneous_receipts,cbo_1997-03,2003,8.78,8.779999999999994,5.329070518200751e-15
cbo.revenue.miscellaneous_receipts,cbo_1998-01,2004,12.93,12.930000000000007,7.105427357601002e-15
cbo.revenue.miscellaneous_receipts,cbo_1998-03,2004,12.93,12.930000000000007,7.105427357601002e-15
cbo.revenue.miscellaneous_receipts,cbo_1999-01,2005,14.417,14.417000000000002,1.7763568394002505e-15
cbo.revenue.miscellaneous_receipts,cbo_2000-01,2006,5.237,5.237000000000002,1.7763568394002505e-15
cbo.revenue.miscellaneous_receipts,cbo_2001-01,2007,6.663,6.663000000000004,3.552713678800501e-15
cbo.revenue.miscellaneous_receipts,cbo_2001-05,2007,6.609,6.609000000000002,1.7763568394002505e-15
cbo.revenue.miscellaneous_receipts,cbo_2002-01,2008,-1.215,-1.2150000000000034,3.3306690738754696e-15
cbo.revenue.miscellaneous_receipts,cbo_2002-03,2008,-0.465,-0.4650000000000034,3.3861802251067274e-15
cbo.revenue.miscellaneous_receipts,cbo_2003-01,2009,2.069,2.0690000000000026,2.6645352591003757e-15
cbo.revenue.miscellaneous_receipts,cbo_2003-03,2009,1.829,1.8290000000000006,6.661338147750939e-16
cbo.revenue.miscellaneous_receipts,cbo_2004-01,2010,-43.058,-43.05799999999999,7.105427357601002e-15
cbo.revenue.miscellaneous_receipts,cbo_2004-03,2010,-42.975,-42.974999999999994,7.105427357601002e-15
cbo.revenue.miscellaneous_receipts,cbo_2005-01,2011,-46.677,-46.67699999999999,7.105427357601002e-15
cbo.revenue.miscellaneous_receipts,cbo_2005-03,2011,-46.293,-46.29299999999999,7.105427357601002e-15
cbo.revenue.miscellaneous_receipts,cbo_2006-01,2012,-46.544,-46.544000000000004,7.105427357601002e-15
cbo.revenue.miscellaneous_receipts,cbo_2006-03,2012,-45.909,-45.909,0.0
cbo.revenue.miscellaneous_receipts,cbo_2007-01,2013,-38.43,-38.43000000000001,7.105427357601002e-15
cbo.revenue.miscellaneous_receipts,cbo_2007-03,2013,-37.761,-37.76100000000001,7.105427357601002e-15
cbo.revenue.miscellaneous_receipts,cbo_2008-01,2014,-49.007,-49.00699999999999,7.105427357601002e-15
cbo.revenue.miscellaneous_receipts,cbo_2008-03,2014,-49.734,-49.733999999999995,7.105427357601002e-15
cbo.revenue.miscellaneous_receipts,cbo_2009-01,2015,-56.821,-56.821,0.0
cbo.revenue.miscellaneous_receipts,cbo_2009-03,2015,-56.767,-56.766999999999996,7.105427357601002e-15
cbo.revenue.miscellaneous_receipts,cbo_2010-01,2016,-33.255,-33.254999999999995,7.105427357601002e-15
cbo.revenue.miscellaneous_receipts,cbo_2010-03,2016,-32.168,-32.168000000000006,7.105427357601002e-15
cbo.revenue.miscellaneous_receipts,cbo_2011-01,2017,-36.2,-36.2,0.0
cbo.revenue.miscellaneous_receipts,cbo_2011-03,2017,-31.167,-31.167000000000016,1.4210854715202004e-14
cbo.revenue.miscellaneous_receipts,cbo_2012-01,2018,-8.642,-8.64200000000001,1.0658141036401503e-14
cbo.revenue.miscellaneous_receipts,cbo_2012-03,2018,-3.276,-3.2760000000000105,1.0658141036401503e-14
cbo.revenue.miscellaneous_receipts,cbo_2013-02,2019,-12.703,-12.703000000000003,3.552713678800501e-15
cbo.revenue.miscellaneous_receipts,cbo_2013-05,2019,-13.908,-13.908000000000001,1.7763568394002505e-15
cbo.revenue.miscellaneous_receipts,cbo_2014-02,2020,-17.917,-17.917,0.0
cbo.revenue.miscellaneous_receipts,cbo_2014-04,2020,-23.378,-23.378,0.0
cbo.revenue.miscellaneous_receipts,cbo_2015-01,2021,-28.475,-28.47500000000001,7.105427357601002e-15
cbo.revenue.miscellaneous_receipts,cbo_2015-03,2021,-32.455,-32.454999999999984,1.4210854715202004e-14
cbo.revenue.miscellaneous_receipts,cbo_2016-01,2022,-28.28,-28.280000000000015,1.4210854715202004e-14
cbo.revenue.miscellaneous_receipts,cbo_2016-03,2022,-37.013,-37.013000000000005,7.105427357601002e-15
cbo.revenue.miscellaneous_receipts,cbo_2017-01,2023,65.405,65.405,0.0
cbo.revenue.miscellaneous_receipts,cbo_2017-06,2023,65.875,65.875,0.0
cbo.revenue.miscellaneous_receipts,cbo_2018-04,2024,69.965,69.965,0.0
cbo.revenue.miscellaneous_receipts,cbo_2018-05,2024,71.214,71.214,0.0
cbo.revenue.miscellaneous_receipts,cbo_2019-01,2025,78.848,78.84800000000001,1.4210854715202004e-14
cbo.revenue.miscellaneous_receipts,cbo_2019-05,2025,75.078,75.078,0.0
cbo.revenue.miscellaneous_receipts,cbo_1992-01,1999,-1.539,-1.5389999999999944,5.551115123125783e-15
cbo.revenue.miscellaneous_receipts,cbo_1993-01,2000,-7.357,-7.356999999999999,8.881784197001252e-16
cbo.revenue.miscellaneous_receipts,cbo_1993-03,2000,-8.755,-8.755000000000003,1.7763568394002505e-15
cbo.revenue.miscellaneous_receipts,cbo_1994-01,2001,-7.672,-7.672000000000004,4.440892098500626e-15
cbo.revenue.miscellaneous_receipts,cbo_1995-01,2002,2.462,2.461999999999996,3.9968028886505635e-15
cbo.revenue.miscellaneous_receipts,cbo_1996-05,2003,9.543,9.543,0.0
cbo.revenue.miscellaneous_receipts,cbo_1997-01,2004,11.873,11.873000000000005,5.329070518200751e-15
cbo.revenue.miscellaneous_receipts,cbo_1997-03,2004,11.821,11.821000000000005,5.329070518200751e-15
cbo.revenue.miscellaneous_receipts,cbo_1998-01,2005,14.533,14.533000000000001,1.7763568394002505e-15
cbo.revenue.miscellaneous_receipts,cbo_1998-03,2005,14.533,14.533000000000001,1.7763568394002505e-15
cbo.revenue.miscellaneous_receipts,cbo_1999-01,2006,4.23,4.230000000000004,3.552713678800501e-15
cbo.revenue.miscellaneous_receipts,cbo_2000-01,2007,3.256,3.2560000000000002,4.440892098500626e-16
cbo.revenue.miscellaneous_receipts,cbo_2001-01,2008,6.22,6.219999999999999,8.881784197001252e-16
cbo.revenue.miscellaneous_receipts,cbo_2001-05,2008,6.222,6.222000000000001,8.881784197001252e-16
cbo.revenue.miscellaneous_receipts,cbo_2002-01,2009,0.177,0.1769999999999996,3.885780586188048e-16
cbo.revenue.miscellaneous_receipts,cbo_2002-03,2009,0.987,0.9870000000000019,1.887379141862766e-15
cbo.revenue.miscellaneous_receipts,cbo_2003-01,2010,-40.291,-40.291,0.0
cbo.revenue.miscellaneous_receipts,cbo_2003-03,2010,-40.561,-40.56099999999999,7.105427357601002e-15
cbo.revenue.miscellaneous_receipts,cbo_2004-01,2011,-46.88,-46.87999999999999,1.4210854715202004e-14
cbo.revenue.miscellaneous_receipts,cbo_2004-03,2011,-46.786,-46.785999999999994,7.105427357601002e-15
cbo.revenue.miscellaneous_receipts,cbo_2005-01,2012,-47.662,-47.662000000000006,7.105427357601002e-15
cbo.revenue.miscellaneous_receipts,cbo_2005-03,2012,-47.302,-47.30200000000001,7.105427357601002e-15
cbo.revenue.miscellaneous_receipts,cbo_2006-01,2013,-40.452,-40.452000000000005,7.105427357601002e-15
cbo.revenue.miscellaneous_receipts,cbo_2006-03,2013,-39.793,-39.793000000000006,7.105427357601002e-15
cbo.revenue.miscellaneous_receipts,cbo_2007-01,2014,-50.352,-50.35199999999999,7.105427357601002e-15
cbo.revenue.miscellaneous_receipts,cbo_2007-03,2014,-49.68,-49.67999999999999,7.105427357601002e-15
cbo.revenue.miscellaneous_receipts,cbo_2008-01,2015,-46.199,-46.19900000000001,1.4210854715202004e-14
cbo.revenue.miscellaneous_receipts,cbo_2008-03,2015,-46.411,-46.411,0.0
cbo.revenue.miscellaneous_receipts,cbo_2009-01,2016,-35.831,-35.831,0.0
cbo.revenue.miscellaneous_receipts,cbo_2009-03,2016,-35.17,-35.16999999999999,1.4210854715202004e-14
cbo.revenue.miscellaneous_receipts,cbo_2010-01,2017,-24.238,-24.238,0.0
cbo.revenue.miscellaneous_receipts,cbo_2010-03,2017,-23.18,-23.180000000000007,7.105427357601002e-15
cbo.revenue.miscellaneous_receipts,cbo_2011-01,2018,-9.102,-9.102000000000004,3.552713678800501e-15
cbo.revenue.miscellaneous_receipts,cbo_2011-03,2018,-3.592,-3.5919999999999987,1.3322676295501878e-15
cbo.revenue.miscellaneous_receipts,cbo_2012-01,2019,19.793,19.792999999999992,7.105427357601002e-15
cbo.revenue.miscellaneous_receipts,cbo_2012-03,2019,25.927,25.926999999999992,7.105427357601002e-15
cbo.revenue.miscellaneous_receipts,cbo_2013-02,2020,-46.009,-46.009,0.0
cbo.revenue.miscellaneous_receipts,cbo_2013-05,2020,-47.565,-47.565,0.0
cbo.revenue.miscellaneous_receipts,cbo_2014-02,2021,-25.835,-25.835000000000008,7.105427357601002e-15
cbo.revenue.miscellaneous_receipts,cbo_2014-04,2021,-30.622,-30.622,0.0
cbo.revenue.miscellaneous_receipts,cbo_2015-01,2022,-23.916,-23.915999999999997,3.552713678800501e-15
cbo.revenue.miscellaneous_receipts,cbo_2015-03,2022,-28.589,-28.589000000000013,1.4210854715202004e-14
cbo.revenue.miscellaneous_receipts,cbo_2016-01,2023,75.828,75.828,0.0
cbo.revenue.miscellaneous_receipts,cbo_2016-03,2023,67.193,67.193,0.0
cbo.revenue.miscellaneous_receipts,cbo_2017-01,2024,68.293,68.29299999999999,1.4210854715202004e-14
cbo.revenue.miscellaneous_receipts,cbo_2017-06,2024,69.819,69.81899999999999,1.4210854715202004e-14
cbo.revenue.miscellaneous_receipts,cbo_2018-04,2025,78.102,78.102,0.0
cbo.revenue.miscellaneous_receipts,cbo_2018-05,2025,79.377,79.377,0.0
cbo.revenue.miscellaneous_receipts,cbo_1992-01,2000,-3.364,-3.363999999999997,2.6645352591003757e-15
cbo.revenue.miscellaneous_receipts,cbo_1993-01,2001,-7.985,-7.985000000000003,2.6645352591003757e-15
cbo.revenue.miscellaneous_receipts,cbo_1993-03,2001,-9.512,-9.512000000000004,3.552713678800501e-15
cbo.revenue.miscellaneous_receipts,cbo_1994-01,2002,0.152,0.15199999999999392,6.078471059822732e-15
cbo.revenue.miscellaneous_receipts,cbo_1995-01,2003,6.185,6.184999999999995,4.440892098500626e-15
cbo.revenue.miscellaneous_receipts,cbo_1996-05,2004,12.663,12.663000000000004,3.552713678800501e-15
cbo.revenue.miscellaneous_receipts,cbo_1997-01,2005,13.234,13.234000000000002,1.7763568394002505e-15
cbo.revenue.miscellaneous_receipts,cbo_1997-03,2005,13.185,13.185000000000002,1.7763568394002505e-15
cbo.revenue.miscellaneous_receipts,cbo_1998-01,2006,4.428,4.427999999999997,2.6645352591003757e-15
cbo.revenue.miscellaneous_receipts,cbo_1998-03,2006,4.428,4.427999999999997,2.6645352591003757e-15
cbo.revenue.miscellaneous_receipts,cbo_1999-01,2007,2.618,2.618000000000002,2.220446049250313e-15
cbo.revenue.miscellaneous_receipts,cbo_2000-01,2008,2.422,2.422000000000004,3.9968028886505635e-15
cbo.revenue.miscellaneous_receipts,cbo_2001-01,2009,7.419,7.419000000000004,4.440892098500626e-15
cbo.revenue.miscellaneous_receipts,cbo_2001-05,2009,7.475,7.475000000000001,1.7763568394002505e-15
cbo.revenue.miscellaneous_receipts,cbo_2002-01,2010,-42.14,-42.13999999999999,7.105427357601002e-15
cbo.revenue.miscellaneous_receipts,cbo_2002-03,2010,-41.279,-41.27899999999999,1.4210854715202004e-14
cbo.revenue.miscellaneous_receipts,cbo_2003-01,2011,-44.007,-44.00699999999999,7.105427357601002e-15
cbo.revenue.miscellaneous_receipts,cbo_2003-03,2011,-44.297,-44.29699999999999,7.105427357601002e-15
cbo.revenue.miscellaneous_receipts,cbo_2004-01,2012,-47.858,-47.858000000000004,7.105427357601002e-15
cbo.revenue.miscellaneous_receipts,cbo_2004-03,2012,-47.766,-47.766000000000005,7.105427357601002e-15
cbo.revenue.miscellaneous_receipts,cbo_2005-01,2013,-41.554,-41.55400000000001,7.105427357601002e-15
cbo.revenue.miscellaneous_receipts,cbo_2005-03,2013,-41.219,-41.21900000000001,7.105427357601002e-15
cbo.revenue.miscellaneous_receipts,cbo_2006-01,2014,-52.432,-52.43199999999999,1.4210854715202004e-14
cbo.revenue.miscellaneous_receipts,cbo_2006-03,2014,-51.749,-51.748999999999995,7.105427357601002e-15
cbo.revenue.miscellaneous_receipts,cbo_2007-01,2015,-47.52,-47.51999999999998,2.1316282072803006e-14
cbo.revenue.miscellaneous_receipts,cbo_2007-03,2015,-46.843,-46.84299999999999,1.4210854715202004e-14
cbo.revenue.miscellaneous_receipts,cbo_2008-01,2016,-26.702,-26.701999999999998,3.552713678800501e-15
cbo.revenue.miscellaneous_receipts,cbo_2008-03,2016,-26.742,-26.74199999999999,1.0658141036401503e-14
cbo.revenue.miscellaneous_receipts,cbo_2009-01,2017,-25.463,-25.463000000000022,2.1316282072803006e-14
cbo.revenue.miscellaneous_receipts,cbo_2009-03,2017,-25.014,-25.01400000000001,1.0658141036401503e-14
cbo.revenue.miscellaneous_receipts,cbo_2010-01,2018,0.017,0.016999999999995907,4.093947403305265e-15
cbo.revenue.miscellaneous_receipts,cbo_2010-03,2018,1.054,1.054000000000002,1.9984014443252818e-15
cbo.revenue.miscellaneous_receipts,cbo_2011-01,2019,23.23,23.230000000000004,3.552713678800501e-15
cbo.revenue.miscellaneous_receipts,cbo_2011-03,2019,26.501,26.50099999999999,1.0658141036401503e-14
cbo.revenue.miscellaneous_receipts,cbo_2012-01,2020,-5.518,-5.518000000000001,8.881784197001252e-16
cbo.revenue.miscellaneous_receipts,cbo_2012-03,2020,1.031,1.031000000000006,5.995204332975845e-15
cbo.revenue.miscellaneous_receipts,cbo_2013-02,2021,-38.548,-38.548,0.0
cbo.revenue.miscellaneous_receipts,cbo_2013-05,2021,-41.251,-41.251000000000005,7.105427357601002e-15
cbo.revenue.miscellaneous_receipts,cbo_2014-02,2022,-18.044,-18.04400000000001,1.0658141036401503e-14
cbo.revenue.miscellaneous_receipts,cbo_2014-04,2022,-22.628,-22.628,0.0
cbo.revenue.miscellaneous_receipts,cbo_2015-01,2023,81.256,81.256,0.0
cbo.revenue.miscellaneous_receipts,cbo_2015-03,2023,75.865,75.865,0.0
cbo.revenue.miscellaneous_receipts,cbo_2016-01,2024,78.42,78.42,0.0
cbo.revenue.miscellaneous_receipts,cbo_2016-03,2024,69.929,69.929,0.0
cbo.revenue.miscellaneous_receipts,cbo_2017-01,2025,76.902,76.90200000000002,1.4210854715202004e-14
cbo.revenue.miscellaneous_receipts,cbo_2017-06,2025,78.769,78.769,0.0
cbo.revenue.miscellaneous_receipts,cbo_1992-01,2001,-3.404,-3.4040000000000035,3.552713678800501e-15
cbo.revenue.miscellaneous_receipts,cbo_1993-01,2002,-0.328,-0.32800000000000296,2.942091015256665e-15
cbo.revenue.miscellaneous_receipts,cbo_1993-03,2002,-1.996,-1.9960000000000022,2.220446049250313e-15
cbo.revenue.miscellaneous_receipts,cbo_1994-01,2003,3.899,3.899000000000001,8.881784197001252e-16
cbo.revenue.miscellaneous_receipts,cbo_1995-01,2004,9.337,9.337000000000003,3.552713678800501e-15
cbo.revenue.miscellaneous_receipts,cbo_1996-05,2005,13.999,13.999000000000002,1.7763568394002505e-15
cbo.revenue.miscellaneous_receipts,cbo_1997-01,2006,2.75,2.75,0.0
cbo.revenue.miscellaneous_receipts,cbo_1997-03,2006,2.804,2.803999999999995,4.884981308350689e-15
cbo.revenue.miscellaneous_receipts,cbo_1998-01,2007,3.745,3.7450000000000045,4.440892098500626e-15
cbo.revenue.miscellaneous_receipts,cbo_1998-03,2007,3.745,3.7450000000000045,4.440892098500626e-15
cbo.revenue.miscellaneous_receipts,cbo_1999-01,2008,1.675,1.6750000000000043,4.218847493575595e-15
cbo.revenue.miscellaneous_receipts,cbo_2000-01,2009,3.386,3.386000000000003,2.6645352591003757e-15
cbo.revenue.miscellaneous_receipts,cbo_2001-01,2010,-35.03,-35.02999999999999,1.4210854715202004e-14
cbo.revenue.miscellaneous_receipts,cbo_2001-05,2010,-34.954,-34.95399999999999,7.105427357601002e-15
cbo.revenue.miscellaneous_receipts,cbo_2002-01,2011,-45.632,-45.632,0.0
cbo.revenue.miscellaneous_receipts,cbo_2002-03,2011,-44.742,-44.742,0.0
cbo.revenue.miscellaneous_receipts,cbo_2003-01,2012,-44.781,-44.781,0.0
cbo.revenue.miscellaneous_receipts,cbo_2003-03,2012,-45.091,-45.091,0.0
cbo.revenue.miscellaneous_receipts,cbo_2004-01,2013,-41.314,-41.31400000000001,7.105427357601002e-15
cbo.revenue.miscellaneous_receipts,cbo_2004-03,2013,-41.604,-41.604000000000006,7.105427357601002e-15
cbo.revenue.miscellaneous_receipts,cbo_2005-01,2014,-53.537,-53.53699999999999,7.105427357601002e-15
cbo.revenue.miscellaneous_receipts,cbo_2005-03,2014,-53.201,-53.20099999999999,7.105427357601002e-15
cbo.revenue.miscellaneous_receipts,cbo_2006-01,2015,-49.617,-49.61699999999999,7.105427357601002e-15
cbo.revenue.miscellaneous_receipts,cbo_2006-03,2015,-48.921,-48.92099999999999,7.105427357601002e-15
cbo.revenue.miscellaneous_receipts,cbo_2007-01,2016,-27.852,-27.852000000000004,3.552713678800501e-15
cbo.revenue.miscellaneous_receipts,cbo_2007-03,2016,-27.171,-27.170999999999992,7.105427357601002e-15
cbo.revenue.miscellaneous_receipts,cbo_2008-01,2017,-17.115,-17.11500000000001,1.0658141036401503e-14
cbo.revenue.miscellaneous_receipts,cbo_2008-03,2017,-17.096,-17.096000000000004,3.552713678800501e-15
cbo.revenue.miscellaneous_receipts,cbo_2009-01,2018,-2.313,-2.312999999999988,1.199040866595169e-14
cbo.revenue.miscellaneous_receipts,cbo_2009-03,2018,-1.694,-1.6939999999999884,1.1546319456101628e-14
cbo.revenue.miscellaneous_receipts,cbo_2010-01,2019,28.535,28.534999999999997,3.552713678800501e-15
cbo.revenue.miscellaneous_receipts,cbo_2010-03,2019,29.55,29.55000000000001,1.0658141036401503e-14
cbo.revenue.miscellaneous_receipts,cbo_2011-01,2020,-5.246,-5.245999999999995,5.329070518200751e-15
cbo.revenue.miscellaneous_receipts,cbo_2011-03,2020,-1.285,-1.2849999999999824,1.7541523789077473e-14
cbo.revenue.miscellaneous_receipts,cbo_2012-01,2021,-13.503,-13.503,0.0
cbo.revenue.miscellaneous_receipts,cbo_2012-03,2021,-6.483,-6.48299999999999,9.769962616701378e-15
cbo.revenue.miscellaneous_receipts,cbo_2013-02,2022,-8.951,-8.951000000000008,7.105427357601002e-15
cbo.revenue.miscellaneous_receipts,cbo_2013-05,2022,-12.51,-12.51000000000002,1.9539925233402755e-14
cbo.revenue.miscellaneous_receipts,cbo_2014-02,2023,85.234,85.23400000000001,1.4210854715202004e-14
cbo.revenue.miscellaneous_receipts,cbo_2014-04,2023,81.021,81.021,0.0
cbo.revenue.miscellaneous_receipts,cbo_2015-01,2024,84.176,84.17599999999999,1.4210854715202004e-14
cbo.revenue.miscellaneous_receipts,cbo_2015-03,2024,78.414,78.414,0.0
cbo.revenue.miscellaneous_receipts,cbo_2016-01,2025,87.012,87.01200000000001,1.4210854715202004e-14
cbo.revenue.miscellaneous_receipts,cbo_2016-03,2025,78.948,78.94800000000001,1.4210854715202004e-14
cbo.revenue.miscellaneous_receipts,cbo_1992-01,2002,4.888,4.887999999999998,1.7763568394002505e-15
cbo.revenue.miscellaneous_receipts,cbo_1993-01,2003,3.238,3.2379999999999995,4.440892098500626e-16
cbo.revenue.miscellaneous_receipts,cbo_1993-03,2003,1.416,1.4159999999999968,3.1086244689504383e-15
cbo.revenue.miscellaneous_receipts,cbo_1994-01,2004,7.108,7.108000000000004,4.440892098500626e-15
cbo.revenue.miscellaneous_receipts,cbo_1995-01,2005,10.751,10.750999999999998,1.7763568394002505e-15
cbo.revenue.miscellaneous_receipts,cbo_1996-05,2006,3.668,3.6680000000000064,6.217248937900877e-15
cbo.revenue.miscellaneous_receipts,cbo_1997-01,2007,2.448,2.4480000000000004,4.440892098500626e-16
cbo.revenue.miscellaneous_receipts,cbo_1997-03,2007,2.506,2.5060000000000002,4.440892098500626e-16
cbo.revenue.miscellaneous_receipts,cbo_1998-01,2008,1.073,1.0730000000000004,4.440892098500626e-16
cbo.revenue.miscellaneous_receipts,cbo_1998-03,2008,1.073,1.0730000000000004,4.440892098500626e-16
cbo.revenue.miscellaneous_receipts,cbo_1999-01,2009,2.384,2.3840000000000003,4.440892098500626e-16
cbo.revenue.miscellaneous_receipts,cbo_2000-01,2010,-39.091,-39.090999999999994,7.105427357601002e-15
cbo.revenue.miscellaneous_receipts,cbo_2001-01,2011,-38.679,-38.67899999999999,1.4210854715202004e-14
cbo.revenue.miscellaneous_receipts,cbo_2001-05,2011,-38.591,-38.590999999999994,7.105427357601002e-15
cbo.revenue.miscellaneous_receipts,cbo_2002-01,2012,-46.216,-46.21600000000001,7.105427357601002e-15
cbo.revenue.miscellaneous_receipts,cbo_2002-03,2012,-45.216,-45.21600000000001,7.105427357601002e-15
cbo.revenue.miscellaneous_receipts,cbo_2003-01,2013,-38.475,-38.47500000000001,7.105427357601002e-15
cbo.revenue.miscellaneous_receipts,cbo_2003-03,2013,-38.805,-38.80500000000001,7.105427357601002e-15
cbo.revenue.miscellaneous_receipts,cbo_2004-01,2014,-53.666,-53.66599999999998,1.4210854715202004e-14
cbo.revenue.miscellaneous_receipts,cbo_2004-03,2014,-53.525,-53.52499999999999,7.105427357601002e-15
cbo.revenue.miscellaneous_receipts,cbo_2005-01,2015,-50.855,-50.85499999999999,7.105427357601002e-15
cbo.revenue.miscellaneous_receipts,cbo_2005-03,2015,-50.521,-50.52099999999999,1.4210854715202004e-14
cbo.revenue.miscellaneous_receipts,cbo_2006-01,2016,-30.022,-30.02199999999999,7.105427357601002e-15
cbo.revenue.miscellaneous_receipts,cbo_2006-03,2016,-29.269,-29.268999999999977,2.1316282072803006e-14
cbo.revenue.miscellaneous_receipts,cbo_2007-01,2017,-18.023,-18.02300000000001,1.0658141036401503e-14
cbo.revenue.miscellaneous_receipts,cbo_2007-03,2017,-17.332,-17.332000000000008,7.105427357601002e-15
cbo.revenue.miscellaneous_receipts,cbo_2008-01,2018,7.076,7.075999999999993,6.217248937900877e-15
cbo.revenue.miscellaneous_receipts,cbo_2008-03,2018,6.682,6.681999999999988,1.2434497875801753e-14
cbo.revenue.miscellaneous_receipts,cbo_2009-01,2019,24.809,24.808999999999997,3.552713678800501e-15
cbo.revenue.miscellaneous_receipts,cbo_2009-03,2019,25.839,25.839,0.0
cbo.revenue.miscellaneous_receipts,cbo_2010-01,2020,-2.617,-2.6169999999999902,9.769962616701378e-15
cbo.revenue.miscellaneous_receipts,cbo_2010-03,2020,-1.626,-1.6259999999999906,9.325873406851315e-15
cbo.revenue.miscellaneous_receipts,cbo_2011-01,2021,-11.987,-11.986999999999995,5.329070518200751e-15
cbo.revenue.miscellaneous_receipts,cbo_2011-03,2021,-10.246,-10.245999999999995,5.329070518200751e-15
cbo.revenue.miscellaneous_receipts,cbo_2012-01,2022,-10.368,-10.36800000000001,8.881784197001252e-15
cbo.revenue.miscellaneous_receipts,cbo_2012-03,2022,-3.212,-3.2120000000000175,1.7319479184152442e-14
cbo.revenue.miscellaneous_receipts,cbo_2013-02,2023,97.685,97.685,0.0
cbo.revenue.miscellaneous_receipts,cbo_2013-05,2023,92.799,92.79899999999998,2.842170943040401e-14
cbo.revenue.miscellaneous_receipts,cbo_2014-02,2024,90.551,90.55100000000002,1.4210854715202004e-14
cbo.revenue.miscellaneous_receipts,cbo_2014-04,2024,86.004,86.00400000000002,1.4210854715202004e-14
cbo.revenue.miscellaneous_receipts,cbo_2015-01,2025,92.934,92.93399999999998,1.4210854715202004e-14
cbo.revenue.miscellaneous_receipts,cbo_2015-03,2025,86.998,86.998,0.0
cbo.outlay.total,cbo_1984-02,1984,16.053,16.05300000000011,1.1013412404281553e-13
cbo.outlay.total,cbo_1985-02,1985,4.687,4.687000000000012,1.1546319456101628e-14
cbo.outlay.total,cbo_1986-02,1986,-7.847,-7.84699999999998,2.042810365310288e-14
cbo.outlay.total,cbo_1987-02,1987,8.977,8.976999999999862,1.3855583347321954e-13
cbo.outlay.total,cbo_1988-03,1988,-5.056,-5.055999999999813,1.8740564655672642e-13
cbo.outlay.total,cbo_1989-02,1989,13.094,13.094000000000051,5.1514348342607263e-14
cbo.outlay.total,cbo_1990-03,1990,-26.965,-26.964999999999918,8.171241461241152e-14
cbo.outlay.total,cbo_1991-03,1991,80.85,80.84999999999991,8.526512829121202e-14
cbo.outlay.total,cbo_1992-03,1992,73.048,73.048,0.0
cbo.outlay.total,cbo_1993-03,1993,37.72,37.72000000000003,2.842170943040401e-14
cbo.outlay.total,cbo_1994-04,1994,16.792,16.791999999999916,8.526512829121202e-14
cbo.outlay.total,cbo_1995-04,1995,14.068,14.068000000000211,2.113864638886298e-13
cbo.outlay.total,cbo_1996-05,1996,12.814,12.814000000000078,7.815970093361102e-14
cbo.outlay.total,cbo_1997-03,1997,21.735,21.7349999999999,9.947598300641403e-14
cbo.outlay.total,cbo_1998-03,1998,20.625,20.625,0.0
cbo.outlay.total,cbo_1999-04,1999,5.925,5.9249999999999545,4.529709940470639e-14
cbo.outlay.total,cbo_2000-04,2000,-0.076,-0.07600000000002183,2.182976022169214e-14
cbo.outlay.total,cbo_2001-05,2001,-10.061,-10.06100000000015,1.4921397450962104e-13
cbo.outlay.total,cbo_2002-03,2002,5.837,5.836999999999989,1.0658141036401503e-14
cbo.outlay.total,cbo_2003-03,2003,23.138,23.13799999999992,8.171241461241152e-14
cbo.outlay.total,cbo_2004-03,2004,2.551,2.550999999999931,6.927791673660977e-14
cbo.outlay.total,cbo_2005-03,2005,-14.925,-14.924999999999727,2.7355895326763857e-13
cbo.outlay.total,cbo_2006-03,2006,19.371,19.37099999999964,3.588240815588506e-13
cbo.outlay.total,cbo_2007-03,2007,18.983,18.983000000000175,1.7408297026122455e-13
cbo.outlay.total,cbo_2008-03,2008,-40.6,-40.59999999999991,9.237055564881302e-14
cbo.outlay.total,cbo_2009-03,2009,167.303,167.30299999999988,1.1368683772161603e-13
cbo.outlay.total,cbo_2010-03,2010,128.685,128.6849999999995,5.115907697472721e-13
cbo.outlay.total,cbo_2011-03,2011,23.332,23.33199999999988,1.2079226507921703e-13
cbo.outlay.total,cbo_2012-03,2012,93.45,93.45000000000027,2.7000623958883807e-13
cbo.outlay.total,cbo_2013-05,2013,23.87,23.86999999999989,1.1013412404281553e-13
cbo.outlay.total,cbo_2014-04,2014,26.223,26.2229999999995,4.973799150320701e-13
cbo.outlay.total,cbo_2015-03,2015,-3.259,-3.2590000000000146,1.4654943925052066e-14
cbo.outlay.total,cbo_2016-03,2016,48.84,48.83999999999969,3.126388037344441e-13
cbo.outlay.total,cbo_2017-06,2017,26.199,26.199000000000524,5.222489107836736e-13
cbo.outlay.total,cbo_2018-05,2018,18.481,18.480999999999767,2.3447910280083306e-13
cbo.outlay.total,cbo_2019-05,2019,-26.833,-26.83299999999963,3.694822225952521e-13
cbo.outlay.total,cbo_2020-03,2020,-69.29,-69.28999999999996,4.263256414560601e-14
cbo.outlay.total,cbo_2021-07,2021,22.4,22.400000000000546,5.471179065352771e-13
cbo.outlay.total,cbo_2022-05,2022,-21.336,-21.33599999999933,6.679101716144942e-13
cbo.outlay.total,cbo_2023-05,2023,-116.976,-116.97599999999966,3.410605131648481e-13
cbo.outlay.total,cbo_2024-06,2024,54.065,54.0649999999996,3.979039320256561e-13
cbo.outlay.total,cbo_2025-01,2025,-90.068,-90.06800000000021,2.1316282072803006e-13
cbo.outlay.total,cbo_1984-02,1985,12.664,12.663999999999874,1.2612133559741778e-13
cbo.outlay.total,cbo_1985-02,1986,-1.036,-1.0359999999999445,5.551115123125783e-14
cbo.outlay.total,cbo_1986-02,1987,0.652,0.6520000000000437,4.363176486776865e-14
cbo.outlay.total,cbo_1987-02,1988,-17.508,-17.508000000000038,3.907985046680551e-14
cbo.outlay.total,cbo_1988-03,1989,7.968,7.968000000000075,7.460698725481052e-14
cbo.outlay.total,cbo_1989-02,1990,-45.178,-45.177999999999884,1.1368683772161603e-13
cbo.outlay.total,cbo_1990-03,1991,-37.012,-37.01200000000017,1.7053025658242404e-13
cbo.outlay.total,cbo_1991-03,1992,110.666,110.66599999999994,5.684341886080802e-14
cbo.outlay.total,cbo_1992-03,1993,108.676,108.67600000000016,1.5631940186722204e-13
cbo.outlay.total,cbo_1993-03,1994,45.281,45.281000000000176,1.7763568394002505e-13
cbo.outlay.total,cbo_1994-04,1995,4.758,4.758000000000038,3.8191672047105385e-14
cbo.outlay.total,cbo_1995-04,1996,51.172,51.172000000000025,2.842170943040401e-14
cbo.outlay.total,cbo_1996-05,1997,40.328,40.327999999999975,2.842170943040401e-14
cbo.outlay.total,cbo_1997-03,1998,48.18,48.179999999999836,1.6342482922482304e-13
cbo.outlay.total,cbo_1998-03,1999,51.544,51.54399999999987,1.2789769243681803e-13
cbo.outlay.total,cbo_1999-04,2000,11.872,11.872000000000071,7.105427357601002e-14
cbo.outlay.total,cbo_2000-04,2001,8.606,8.605999999999995,5.329070518200751e-15
cbo.outlay.total,cbo_2001-05,2002,-13.689,-13.689000000000078,7.815970093361102e-14
cbo.outlay.total,cbo_2002-03,2003,32.682,32.682000000000244,2.4158453015843406e-13
cbo.outlay.total,cbo_2003-03,2004,28.539,28.539000000000215,2.1316282072803006e-13
cbo.outlay.total,cbo_2004-03,2005,-21.388,-21.38799999999992,8.171241461241152e-14
cbo.outlay.total,cbo_2005-03,2006,-9.384,-9.384000000000015,1.4210854715202004e-14
cbo.outlay.total,cbo_2006-03,2007,80.601,80.60100000000011,1.1368683772161603e-13
cbo.outlay.total,cbo_2007-03,2008,1.287,1.287000000000262,2.6201263381153694e-13
cbo.outlay.total,cbo_2008-03,2009,38.78,38.7800000000002,1.9895196601282805e-13
cbo.outlay.total,cbo_2009-03,2010,177.526,177.52599999999984,1.7053025658242404e-13
cbo.outlay.total,cbo_2010-03,2011,192.841,192.8409999999999,1.1368683772161603e-13
cbo.outlay.total,cbo_2011-03,2012,134.697,134.69700000000012,1.1368683772161603e-13
cbo.outlay.total,cbo_2012-03,2013,82.941,82.94100000000026,2.5579538487363607e-13
cbo.outlay.total,cbo_2013-05,2014,67.612,67.61199999999963,3.694822225952521e-13
cbo.outlay.total,cbo_2014-04,2015,71.306,71.30599999999959,4.121147867408581e-13
cbo.outlay.total,cbo_2015-03,2016,104.408,104.4079999999999,9.947598300641403e-14
cbo.outlay.total,cbo_2016-03,2017,63.7,63.69999999999982,1.8474111129762605e-13
cbo.outlay.total,cbo_2017-06,2018,81.821,81.82099999999991,8.526512829121202e-14
cbo.outlay.total,cbo_2018-05,2019,-5.362,-5.36200000000008,7.993605777301127e-14
cbo.outlay.total,cbo_2019-05,2020,-82.275,-82.27500000000055,5.400124791776761e-13
cbo.outlay.total,cbo_2020-03,2021,190.216,190.21600000000035,3.410605131648481e-13
cbo.outlay.total,cbo_2021-07,2022,-305.256,-305.2559999999994,5.684341886080801e-13
cbo.outlay.total,cbo_2022-05,2023,-564.665,-564.665,0.0
cbo.outlay.total,cbo_2023-05,2024,-377.978,-377.97800000000007,5.684341886080802e-14
cbo.outlay.total,cbo_2024-06,2025,-120.614,-120.61400000000049,4.831690603168681e-13
cbo.outlay.total,cbo_1984-02,1986,15.139,15.13900000000001,1.0658141036401503e-14
cbo.outlay.total,cbo_1985-02,1987,18.943,18.94299999999987,1.3145040611561853e-13
cbo.outlay.total,cbo_1986-02,1988,-12.227,-12.22700000000009,8.881784197001252e-14
cbo.outlay.total,cbo_1987-02,1989,-20.583,-20.583000000000084,8.526512829121202e-14
cbo.outlay.total,cbo_1988-03,1990,-49.445,-49.444999999999936,6.394884621840902e-14
cbo.outlay.total,cbo_1989-02,1991,-56.498,-56.49800000000005,4.973799150320701e-14
cbo.outlay.total,cbo_1990-03,1992,-57.686,-57.68599999999992,7.815970093361102e-14
cbo.outlay.total,cbo_1991-03,1993,77.143,77.14300000000003,2.842170943040401e-14
cbo.outlay.total,cbo_1992-03,1994,75.409,75.4090000000001,9.947598300641403e-14
cbo.outlay.total,cbo_1993-03,1995,55.983,55.98299999999995,4.973799150320701e-14
cbo.outlay.total,cbo_1994-04,1996,14.748,14.748000000000047,4.796163466380676e-14
cbo.outlay.total,cbo_1995-04,1997,85.012,85.01199999999994,5.684341886080802e-14
cbo.outlay.total,cbo_1996-05,1998,88.614,88.6139999999998,1.9895196601282805e-13
cbo.outlay.total,cbo_1997-03,1999,93.753,93.75299999999993,7.105427357601002e-14
cbo.outlay.total,cbo_1998-03,2000,69.365,69.36500000000001,1.4210854715202004e-14
cbo.outlay.total,cbo_1999-04,2001,20.382,20.382000000000062,6.039613253960852e-14
cbo.outlay.total,cbo_2000-04,2002,3.087,3.0869999999997617,2.384759056894836e-13
cbo.outlay.total,cbo_2001-05,2003,9.635,9.635000000000218,2.184918912462308e-13
cbo.outlay.total,cbo_2002-03,2004,26.12,26.11999999999989,1.1013412404281553e-13
cbo.outlay.total,cbo_2003-03,2005,11.122,11.122000000000298,2.984279490192421e-13
cbo.outlay.total,cbo_2004-03,2006,-27.531,-27.531000000000404,4.050093593832571e-13
cbo.outlay.total,cbo_2005-03,2007,68.662,68.66199999999981,1.9895196601282805e-13
cbo.outlay.total,cbo_2006-03,2008,54.378,54.378000000000156,1.5631940186722204e-13
cbo.outlay.total,cbo_2007-03,2009,73.217,73.2170000000001,9.947598300641403e-14
cbo.outlay.total,cbo_2008-03,2010,183.313,183.3130000000001,1.1368683772161603e-13
cbo.outlay.total,cbo_2009-03,2011,99.521,99.52099999999973,2.7000623958883807e-13
cbo.outlay.total,cbo_2010-03,2012,197.156,197.15599999999995,5.684341886080802e-14
cbo.outlay.total,cbo_2011-03,2013,176.996,176.9960000000001,8.526512829121202e-14
cbo.outlay.total,cbo_2012-03,2014,179.158,179.1579999999999,8.526512829121202e-14
cbo.outlay.total,cbo_2013-05,2015,98.648,98.64799999999968,3.126388037344441e-13
cbo.outlay.total,cbo_2014-04,2016,183.706,183.70599999999968,3.126388037344441e-13
cbo.outlay.total,cbo_2015-03,2017,115.357,115.35699999999952,4.831690603168681e-13
cbo.outlay.total,cbo_2016-03,2018,208.12,208.1199999999999,1.1368683772161603e-13
cbo.outlay.total,cbo_2017-06,2019,82.5,82.5,0.0
cbo.outlay.total,cbo_2018-05,2020,-3.452,-3.4520000000002256,2.255973186038318e-13
cbo.outlay.total,cbo_2019-05,2021,332.655,332.65500000000065,6.821210263296962e-13
cbo.outlay.total,cbo_2020-03,2022,-139.053,-139.05299999999988,1.1368683772161603e-13
cbo.outlay.total,cbo_2021-07,2023,-953.714,-953.713999999999,1.0231815394945443e-12
cbo.outlay.total,cbo_2022-05,2024,-659.025,-659.0250000000005,5.684341886080801e-13
cbo.outlay.total,cbo_2023-05,2025,-455.082,-455.08200000000033,3.410605131648481e-13
cbo.outlay.total,cbo_1984-02,1987,42.086,42.085999999999785,2.1316282072803006e-13
cbo.outlay.total,cbo_1985-02,1988,12.935,12.935000000000173,1.723066134218243e-13
cbo.outlay.total,cbo_1986-02,1989,-24.485,-24.485000000000127,1.2789769243681803e-13
cbo.outlay.total,cbo_1987-02,1990,-97.339,-97.33899999999994,5.684341886080802e-14
cbo.outlay.total,cbo_1988-03,1991,-66.412,-66.41200000000003,2.842170943040401e-14
cbo.outlay.total,cbo_1989-02,1992,-46.235,-46.23500000000013,1.2789769243681803e-13
cbo.outlay.total,cbo_1990-03,1993,-39.891,-39.89099999999985,1.4921397450962104e-13
cbo.outlay.total,cbo_1991-03,1994,51.516,51.516000000000076,7.815970093361102e-14
cbo.outlay.total,cbo_1992-03,1995,25.194,25.19399999999996,3.907985046680551e-14
cbo.outlay.total,cbo_1993-03,1996,41.143,41.14300000000003,2.842170943040401e-14
cbo.outlay.total,cbo_1994-04,1997,49.89,49.88999999999987,1.2789769243681803e-13
cbo.outlay.total,cbo_1995-04,1998,128.357,128.35699999999997,2.842170943040401e-14
cbo.outlay.total,cbo_1996-05,1999,129.719,129.71899999999982,1.7053025658242404e-13
cbo.outlay.total,cbo_1997-03,2000,121.087,121.08699999999999,1.4210854715202004e-14
cbo.outlay.total,cbo_1998-03,2001,85.873,85.87300000000005,4.263256414560601e-14
cbo.outlay.total,cbo_1999-04,2002,18.019,18.019000000000005,7.105427357601002e-15
cbo.outlay.total,cbo_2000-04,2003,31.818,31.81800000000021,2.0961010704922955e-13
cbo.outlay.total,cbo_2001-05,2004,15.608,15.608000000000175,1.7408297026122455e-13
cbo.outlay.total,cbo_2002-03,2005,-3.999,-3.9989999999997963,2.0383694732117874e-13
cbo.outlay.total,cbo_2003-03,2006,11.752,11.751999999999953,4.796163466380676e-14
cbo.outlay.total,cbo_2004-03,2007,40.341,40.340999999999894,1.0658141036401503e-13
cbo.outlay.total,cbo_2005-03,2008,42.547,42.547000000000025,2.842170943040401e-14
cbo.outlay.total,cbo_2006-03,2009,122.803,122.80299999999988,1.1368683772161603e-13
cbo.outlay.total,cbo_2007-03,2010,203.211,203.21099999999979,2.2737367544323206e-13
cbo.outlay.total,cbo_2008-03,2011,160.179,160.17899999999963,3.694822225952521e-13
cbo.outlay.total,cbo_2009-03,2012,112.927,112.92699999999968,3.268496584496461e-13
cbo.outlay.total,cbo_2010-03,2013,191.307,191.3069999999998,1.9895196601282805e-13
cbo.outlay.total,cbo_2011-03,2014,279.282,279.28200000000015,1.7053025658242404e-13
cbo.outlay.total,cbo_2012-03,2015,201.589,201.58899999999994,5.684341886080802e-14
cbo.outlay.total,cbo_2013-05,2016,201.939,201.93899999999985,1.4210854715202004e-13
cbo.outlay.total,cbo_2014-04,2017,249.815,249.81500000000005,5.684341886080802e-14
cbo.outlay.total,cbo_2015-03,2018,262.741,262.741,0.0
cbo.outlay.total,cbo_2016-03,2019,225.355,225.35499999999956,4.263256414560601e-13
cbo.outlay.total,cbo_2017-06,2020,62.192,62.19200000000001,7.105427357601002e-15
cbo.outlay.total,cbo_2018-05,2021,440.329,440.32900000000063,6.252776074688882e-13
cbo.outlay.total,cbo_2019-05,2022,49.801,49.800999999999476,5.258016244624741e-13
cbo.outlay.total,cbo_2020-03,2023,-740.115,-740.1149999999998,2.2737367544323206e-13
cbo.outlay.total,cbo_2021-07,2024,-1047.018,-1047.018000000001,9.094947017729282e-13
cbo.outlay.total,cbo_2022-05,2025,-720.121,-720.1210000000001,1.1368683772161603e-13
cbo.outlay.total,cbo_1984-02,1988,45.898,45.89800000000014,1.3500311979441904e-13
cbo.outlay.total,cbo_1985-02,1989,12.519,12.519000000000233,2.327027459614328e-13
cbo.outlay.total,cbo_1986-02,1990,-109.506,-109.50600000000009,8.526512829121202e-14
cbo.outlay.total,cbo_1987-02,1991,-123.985,-123.98500000000013,1.2789769243681803e-13
cbo.outlay.total,cbo_1988-03,1992,-54.113,-54.113000000000056,5.684341886080802e-14
cbo.outlay.total,cbo_1989-02,1993,-30.542,-30.542000000000144,1.4210854715202004e-13
cbo.outlay.total,cbo_1990-03,1994,-65.247,-65.24699999999984,1.5631940186722204e-13
cbo.outlay.total,cbo_1991-03,1995,-29.369,-29.368999999999915,8.526512829121202e-14
cbo.outlay.total,cbo_1992-03,1996,-1.712,-1.7119999999997617,2.382538610845586e-13
cbo.outlay.total,cbo_1993-03,1997,57.416,57.41599999999994,5.684341886080802e-14
cbo.outlay.total,cbo_1994-04,1998,93.11,93.11000000000013,1.2789769243681803e-13
cbo.outlay.total,cbo_1995-04,1999,183.768,183.7679999999998,1.9895196601282805e-13
cbo.outlay.total,cbo_1996-05,2000,157.265,157.2650000000001,1.1368683772161603e-13
cbo.outlay.total,cbo_1997-03,2001,151.941,151.94100000000003,2.842170943040401e-14
cbo.outlay.total,cbo_1998-03,2002,85.932,85.93200000000002,1.4210854715202004e-14
cbo.outlay.total,cbo_1999-04,2003,67.223,67.22299999999996,4.263256414560601e-14
cbo.outlay.total,cbo_2000-04,2004,42.566,42.56600000000026,2.5579538487363607e-13
cbo.outlay.total,cbo_2001-05,2005,-6.745,-6.744999999999891,1.092459456231154e-13
cbo.outlay.total,cbo_2002-03,2006,-10.458,-10.458000000000084,8.348877145181177e-14
cbo.outlay.total,cbo_2003-03,2007,74.038,74.03799999999956,4.405364961712621e-13
cbo.outlay.total,cbo_2004-03,2008,9.722,9.721999999999753,2.469136006766348e-13
cbo.outlay.total,cbo_2005-03,2009,104.829,104.82900000000018,1.8474111129762605e-13
cbo.outlay.total,cbo_2006-03,2010,264.231,264.23099999999977,2.2737367544323206e-13
cbo.outlay.total,cbo_2007-03,2011,164.913,164.913,0.0
cbo.outlay.total,cbo_2008-03,2012,218.171,218.17099999999982,1.7053025658242404e-13
cbo.outlay.total,cbo_2009-03,2013,138.925,138.92500000000018,1.7053025658242404e-13
cbo.outlay.total,cbo_2010-03,2014,295.323,295.32299999999987,1.1368683772161603e-13
cbo.outlay.total,cbo_2011-03,2015,314.324,314.3239999999996,3.979039320256561e-13
cbo.outlay.total,cbo_2012-03,2016,312.338,312.33799999999974,2.8421709430404007e-13
cbo.outlay.total,cbo_2013-05,2017,281.572,281.57200000000057,5.684341886080801e-13
cbo.outlay.total,cbo_2014-04,2018,425.885,425.8850000000002,2.2737367544323206e-13
cbo.outlay.total,cbo_2015-03,2019,267.89,267.8900000000003,3.410605131648481e-13
cbo.outlay.total,cbo_2016-03,2020,198.431,198.43099999999959,4.263256414560601e-13
cbo.outlay.total,cbo_2017-06,2021,459.401,459.40099999999984,1.7053025658242404e-13
cbo.outlay.total,cbo_2018-05,2022,158.116,158.1160000000009,8.810729923425242e-13
cbo.outlay.total,cbo_2019-05,2023,-540.436,-540.4359999999997,3.410605131648481e-13
cbo.outlay.total,cbo_2020-03,2024,-787.705,-787.7049999999999,1.1368683772161603e-13
cbo.outlay.total,cbo_2021-07,2025,-1082.858,-1082.8580000000002,2.2737367544323206e-13
cbo.outlay.total,cbo_1984-02,1989,52.307,52.307000000000016,1.4210854715202004e-14
cbo.outlay.total,cbo_1985-02,1990,-57.794,-57.79399999999987,1.2789769243681803e-13
cbo.outlay.total,cbo_1986-02,1991,-138.121,-138.1210000000001,8.526512829121202e-14
cbo.outlay.total,cbo_1987-02,1992,-124.384,-124.38400000000001,1.4210854715202004e-14
cbo.outlay.total,cbo_1988-03,1993,-40.96,-40.960000000000036,3.552713678800501e-14
cbo.outlay.total,cbo_1989-02,1994,-62.368,-62.36799999999994,6.394884621840902e-14
cbo.outlay.total,cbo_1990-03,1995,-85.843,-85.84300000000007,7.105427357601002e-14
cbo.outlay.total,cbo_1991-03,1996,-38.983,-38.98299999999972,2.7711166694643907e-13
cbo.outlay.total,cbo_1992-03,1997,49.538,49.53800000000001,1.4210854715202004e-14
cbo.outlay.total,cbo_1993-03,1998,106.127,106.12699999999995,4.263256414560601e-14
cbo.outlay.total,cbo_1994-04,1999,141.633,141.63300000000004,2.842170943040401e-14
cbo.outlay.total,cbo_1995-04,2000,226.32,226.31999999999994,5.684341886080802e-14
cbo.outlay.total,cbo_1996-05,2001,208.005,208.0050000000001,1.1368683772161603e-13
cbo.outlay.total,cbo_1997-03,2002,161.2,161.20000000000005,5.684341886080802e-14
cbo.outlay.total,cbo_1998-03,2003,149.825,149.82500000000027,2.8421709430404007e-13
cbo.outlay.total,cbo_1999-04,2004,83.068,83.06799999999976,2.4158453015843406e-13
cbo.outlay.total,cbo_2000-04,2005,24.177,24.177000000000135,1.3500311979441904e-13
cbo.outlay.total,cbo_2001-05,2006,-31.424,-31.423999999999978,2.1316282072803006e-14
cbo.outlay.total,cbo_2002-03,2007,40.372,40.371999999999844,1.5631940186722204e-13
cbo.outlay.total,cbo_2003-03,2008,39.079,39.07899999999972,2.7711166694643907e-13
cbo.outlay.total,cbo_2004-03,2009,75.752,75.75199999999995,4.263256414560601e-14
cbo.outlay.total,cbo_2005-03,2010,253.771,253.77100000000019,1.9895196601282805e-13
cbo.outlay.total,cbo_2006-03,2011,234.862,234.86199999999963,3.694822225952521e-13
cbo.outlay.total,cbo_2007-03,2012,214.355,214.35500000000002,2.842170943040401e-14
cbo.outlay.total,cbo_2008-03,2013,242.325,242.32499999999982,1.7053025658242404e-13
cbo.outlay.total,cbo_2009-03,2014,233.584,233.58399999999983,1.7053025658242404e-13
cbo.outlay.total,cbo_2010-03,2015,313.105,313.105,0.0
cbo.outlay.total,cbo_2011-03,2016,429.859,429.8590000000004,3.979039320256561e-13
cbo.outlay.total,cbo_2012-03,2017,369.002,369.00199999999995,5.684341886080802e-14
cbo.outlay.total,cbo_2013-05,2018,479.027,479.02700000000004,5.684341886080802e-14
cbo.outlay.total,cbo_2014-04,2019,426.245,426.2449999999999,1.1368683772161603e-13
cbo.outlay.total,cbo_2015-03,2020,246.275,246.27499999999964,3.694822225952521e-13
cbo.outlay.total,cbo_2016-03,2021,581.208,581.2080000000005,5.684341886080801e-13
cbo.outlay.total,cbo_2017-06,2022,148.125,148.125,0.0
cbo.outlay.total,cbo_2018-05,2023,-429.139,-429.1390000000001,1.1368683772161603e-13
cbo.outlay.total,cbo_2019-05,2024,-590.961,-590.9610000000002,2.2737367544323206e-13
cbo.outlay.total,cbo_2020-03,2025,-826.672,-826.6720000000005,4.547473508864641e-13
cbo.outlay.total,cbo_1996-05,2002,222.052,222.0519999999999,8.526512829121202e-14
cbo.outlay.total,cbo_1997-03,2003,239.395,239.39500000000044,4.263256414560601e-13
cbo.outlay.total,cbo_1998-03,2004,177.146,177.14600000000019,1.9895196601282805e-13
cbo.outlay.total,cbo_1999-04,2005,76.905,76.9050000000002,1.9895196601282805e-13
cbo.outlay.total,cbo_2000-04,2006,5.089,5.088999999999942,5.861977570020827e-14
cbo.outlay.total,cbo_2001-05,2007,9.86,9.859999999999673,3.268496584496461e-13
cbo.outlay.total,cbo_2002-03,2008,4.18,4.180000000000291,2.913225216616411e-13
cbo.outlay.total,cbo_2003-03,2009,105.238,105.23799999999983,1.7053025658242404e-13
cbo.outlay.total,cbo_2004-03,2010,224.786,224.78600000000006,5.684341886080802e-14
cbo.outlay.total,cbo_2005-03,2011,222.157,222.1569999999997,3.126388037344441e-13
cbo.outlay.total,cbo_2006-03,2012,301.262,301.26200000000017,1.7053025658242404e-13
cbo.outlay.total,cbo_2007-03,2013,236.982,236.98199999999997,2.842170943040401e-14
cbo.outlay.total,cbo_2008-03,2014,322.414,322.41399999999976,2.2737367544323206e-13
cbo.outlay.total,cbo_2009-03,2015,235.891,235.89099999999962,3.694822225952521e-13
cbo.outlay.total,cbo_2010-03,2016,432.733,432.73299999999927,7.389644451905042e-13
cbo.outlay.total,cbo_2011-03,2017,492.286,492.2859999999996,3.979039320256561e-13
cbo.outlay.total,cbo_2012-03,2018,553.751,553.7510000000002,2.2737367544323206e-13
cbo.outlay.total,cbo_2013-05,2019,473.714,473.71399999999994,5.684341886080802e-14
cbo.outlay.total,cbo_2014-04,2020,403.797,403.7970000000005,4.547473508864641e-13
cbo.outlay.total,cbo_2015-03,2021,634.117,634.1170000000002,2.2737367544323206e-13
cbo.outlay.total,cbo_2016-03,2022,275.695,275.6949999999997,2.8421709430404007e-13
cbo.outlay.total,cbo_2017-06,2023,-435.729,-435.72899999999936,6.252776074688882e-13
cbo.outlay.total,cbo_2018-05,2024,-492.333,-492.33300000000054,5.115907697472721e-13
cbo.outlay.total,cbo_2019-05,2025,-644.02,-644.0200000000004,4.547473508864641e-13
cbo.outlay.total,cbo_1996-05,2003,317.55,317.5499999999997,2.8421709430404007e-13
cbo.outlay.total,cbo_1997-03,2004,282.065,282.06500000000005,5.684341886080802e-14
cbo.outlay.total,cbo_1998-03,2005,189.332,189.33199999999988,1.1368683772161603e-13
cbo.outlay.total,cbo_1999-04,2006,73.786,73.78600000000006,5.684341886080802e-14
cbo.outlay.total,cbo_2000-04,2007,61.431,61.430999999999585,4.121147867408581e-13
cbo.outlay.total,cbo_2001-05,2008,-34.821,-34.82099999999991,8.526512829121202e-14
cbo.outlay.total,cbo_2002-03,2009,60.515,60.51499999999987,1.2789769243681803e-13
cbo.outlay.total,cbo_2003-03,2010,257.05,257.0500000000002,1.7053025658242404e-13
cbo.outlay.total,cbo_2004-03,2011,188.011,188.01099999999997,2.842170943040401e-14
cbo.outlay.total,cbo_2005-03,2012,316.076,316.07599999999957,4.547473508864641e-13
cbo.outlay.total,cbo_2006-03,2013,336.379,336.37900000000036,3.410605131648481e-13
cbo.outlay.total,cbo_2007-03,2014,313.605,313.605,0.0
cbo.outlay.total,cbo_2008-03,2015,335.939,335.93899999999985,1.7053025658242404e-13
cbo.outlay.total,cbo_2009-03,2016,331.135,331.1350000000002,2.2737367544323206e-13
cbo.outlay.total,cbo_2010-03,2017,491.129,491.12900000000036,3.410605131648481e-13
cbo.outlay.total,cbo_2011-03,2018,671.616,671.616,0.0
cbo.outlay.total,cbo_2012-03,2019,552.062,552.0619999999999,1.1368683772161603e-13
cbo.outlay.total,cbo_2013-05,2020,450.709,450.70899999999983,1.7053025658242404e-13
cbo.outlay.total,cbo_2014-04,2021,806.44,806.4400000000005,4.547473508864641e-13
cbo.outlay.total,cbo_2015-03,2022,335.603,335.60300000000007,5.684341886080802e-14
cbo.outlay.total,cbo_2016-03,2023,-306.056,-306.0559999999996,3.979039320256561e-13
cbo.outlay.total,cbo_2017-06,2024,-468.782,-468.78200000000015,1.7053025658242404e-13
cbo.outlay.total,cbo_2018-05,2025,-544.702,-544.7020000000002,2.2737367544323206e-13
cbo.outlay.total,cbo_1996-05,2004,373.153,373.15300000000025,2.2737367544323206e-13
cbo.outlay.total,cbo_1997-03,2005,311.249,311.24900000000025,2.2737367544323206e-13
cbo.outlay.total,cbo_1998-03,2006,192.875,192.87499999999955,4.547473508864641e-13
cbo.outlay.total,cbo_1999-04,2007,150.136,150.13599999999997,2.842170943040401e-14
cbo.outlay.total,cbo_2000-04,2008,32.325,32.32500000000027,2.7000623958883807e-13
cbo.outlay.total,cbo_2001-05,2009,12.976,12.976000000000113,1.1191048088221578e-13
cbo.outlay.total,cbo_2002-03,2010,206.657,206.65700000000015,1.4210854715202004e-13
cbo.outlay.total,cbo_2003-03,2011,222.949,222.94899999999961,3.979039320256561e-13
cbo.outlay.total,cbo_2004-03,2012,285.59,285.5899999999997,2.8421709430404007e-13
cbo.outlay.total,cbo_2005-03,2013,345.447,345.4470000000001,1.1368683772161603e-13
cbo.outlay.total,cbo_2006-03,2014,427.76,427.75999999999976,2.2737367544323206e-13
cbo.outlay.total,cbo_2007-03,2015,326.251,326.25099999999975,2.2737367544323206e-13
cbo.outlay.total,cbo_2008-03,2016,441.588,441.58799999999974,2.8421709430404007e-13
cbo.outlay.total,cbo_2009-03,2017,360.0,360.00000000000045,4.547473508864641e-13
cbo.outlay.total,cbo_2010-03,2018,659.85,659.8500000000004,3.410605131648481e-13
cbo.outlay.total,cbo_2011-03,2019,675.827,675.8270000000002,2.2737367544323206e-13
cbo.outlay.total,cbo_2012-03,2020,539.317,539.3169999999991,9.094947017729282e-13
cbo.outlay.total,cbo_2013-05,2021,852.975,852.9750000000004,3.410605131648481e-13
cbo.outlay.total,cbo_2014-04,2022,506.348,506.34799999999996,5.684341886080802e-14
cbo.outlay.total,cbo_2015-03,2023,-248.138,-248.13799999999992,8.526512829121202e-14
cbo.outlay.total,cbo_2016-03,2024,-342.085,-342.08500000000004,5.684341886080802e-14
cbo.outlay.total,cbo_2017-06,2025,-501.695,-501.6949999999997,2.8421709430404007e-13
cbo.outlay.total,cbo_1996-05,2005,403.847,403.8470000000002,2.2737367544323206e-13
cbo.outlay.total,cbo_1997-03,2006,336.942,336.942,0.0
cbo.outlay.total,cbo_1998-03,2007,288.14,288.1399999999999,1.1368683772161603e-13
cbo.outlay.total,cbo_1999-04,2008,138.317,138.317,0.0
cbo.outlay.total,cbo_2000-04,2009,96.512,96.51200000000017,1.7053025658242404e-13
cbo.outlay.total,cbo_2001-05,2010,150.418,150.41799999999967,3.410605131648481e-13
cbo.outlay.total,cbo_2002-03,2011,166.66,166.65999999999985,1.4210854715202004e-13
cbo.outlay.total,cbo_2003-03,2012,328.282,328.2819999999997,2.8421709430404007e-13
cbo.outlay.total,cbo_2004-03,2013,314.127,314.12699999999995,5.684341886080802e-14
cbo.outlay.total,cbo_2005-03,2014,440.101,440.10099999999966,3.410605131648481e-13
cbo.outlay.total,cbo_2006-03,2015,457.986,457.9859999999994,5.684341886080801e-13
cbo.outlay.total,cbo_2007-03,2016,433.662,433.66200000000026,2.8421709430404007e-13
cbo.outlay.total,cbo_2008-03,2017,468.54,468.5400000000004,3.979039320256561e-13
cbo.outlay.total,cbo_2009-03,2018,520.897,520.8969999999999,1.1368683772161603e-13
cbo.outlay.total,cbo_2010-03,2019,665.964,665.9639999999999,1.1368683772161603e-13
cbo.outlay.total,cbo_2011-03,2020,658.242,658.2420000000002,2.2737367544323206e-13
cbo.outlay.total,cbo_2012-03,2021,956.63,956.630000000001,1.0231815394945443e-12
cbo.outlay.total,cbo_2013-05,2022,554.144,554.1440000000002,2.2737367544323206e-13
cbo.outlay.total,cbo_2014-04,2023,-68.073,-68.07299999999941,5.826450433232822e-13
cbo.outlay.total,cbo_2015-03,2024,-285.142,-285.1419999999998,1.7053025658242404e-13
cbo.outlay.total,cbo_2016-03,2025,-369.364,-369.3640000000005,5.115907697472721e-13
cbo.outlay.total,cbo_1996-05,2006,450.442,450.442,0.0
cbo.outlay.total,cbo_1997-03,2007,457.371,457.37099999999964,3.410605131648481e-13
cbo.outlay.total,cbo_1998-03,2008,290.574,290.57400000000007,5.684341886080802e-14
cbo.outlay.total,cbo_1999-04,2009,221.025,221.0250000000001,8.526512829121202e-14
cbo.outlay.total,cbo_2000-04,2010,254.584,254.58399999999983,1.7053025658242404e-13
cbo.outlay.total,cbo_2001-05,2011,105.613,105.61299999999983,1.7053025658242404e-13
cbo.outlay.total,cbo_2002-03,2012,264.985,264.9849999999997,3.410605131648481e-13
cbo.outlay.total,cbo_2003-03,2013,357.409,357.40899999999965,3.410605131648481e-13
cbo.outlay.total,cbo_2004-03,2014,411.457,411.4569999999999,1.1368683772161603e-13
cbo.outlay.total,cbo_2005-03,2015,470.97,470.9699999999998,2.2737367544323206e-13
cbo.outlay.total,cbo_2006-03,2016,577.793,577.7929999999997,3.410605131648481e-13
cbo.outlay.total,cbo_2007-03,2017,466.744,466.74400000000014,1.1368683772161603e-13
cbo.outlay.total,cbo_2008-03,2018,604.712,604.7119999999995,4.547473508864641e-13
cbo.outlay.total,cbo_2009-03,2019,515.818,515.8180000000002,2.2737367544323206e-13
cbo.outlay.total,cbo_2010-03,2020,638.175,638.1750000000002,2.2737367544323206e-13
cbo.outlay.total,cbo_2011-03,2021,1064.051,1064.0510000000004,4.547473508864641e-13
cbo.outlay.total,cbo_2012-03,2022,659.986,659.9860000000008,7.958078640513122e-13
cbo.outlay.total,cbo_2013-05,2023,-20.283,-20.282999999999447,5.542233338928781e-13
cbo.outlay.total,cbo_2014-04,2024,-92.457,-92.45699999999943,5.684341886080801e-13
cbo.outlay.total,cbo_2015-03,2025,-323.495,-323.4950000000008,7.958078640513122e-13
cbo.outlay.total_mandatory,cbo_1992-03,1992,58.81,58.81000000000006,5.684341886080802e-14
cbo.outlay.total_mandatory,cbo_1993-03,1993,26.143,26.14300000000003,2.842170943040401e-14
cbo.outlay.total_mandatory,cbo_1994-04,1994,12.414,12.413999999999987,1.2434497875801753e-14
cbo.outlay.total_mandatory,cbo_1995-04,1995,7.757,7.757000000000062,6.217248937900877e-14
cbo.outlay.total_mandatory,cbo_1996-05,1996,11.864,11.864000000000033,3.197442310920451e-14
cbo.outlay.total_mandatory,cbo_1997-03,1997,13.813,13.812999999999988,1.2434497875801753e-14
cbo.outlay.total_mandatory,cbo_1998-03,1998,9.111,9.11099999999999,1.0658141036401503e-14
cbo.outlay.total_mandatory,cbo_1999-04,1999,0.551,0.5509999999999309,6.916689443414725e-14
cbo.outlay.total_mandatory,cbo_2000-04,2000,-3.626,-3.6259999999999764,2.353672812205332e-14
cbo.outlay.total_mandatory,cbo_2001-05,2001,-4.895,-4.894999999999982,1.7763568394002505e-14
cbo.outlay.total_mandatory,cbo_2002-03,2002,6.53,6.5300000000002,1.9984014443252818e-13
cbo.outlay.total_mandatory,cbo_2003-03,2003,7.113,7.113000000000056,5.595524044110789e-14
cbo.outlay.total_mandatory,cbo_2004-03,2004,7.468,7.468000000000075,7.460698725481052e-14
cbo.outlay.total_mandatory,cbo_2005-03,2005,-3.379,-3.379000000000133,1.3278267374516872e-13
cbo.outlay.total_mandatory,cbo_2006-03,2006,17.198,17.197999999999865,1.3500311979441904e-13
cbo.outlay.total_mandatory,cbo_2007-03,2007,4.078,4.0779999999999745,2.5757174171303632e-14
cbo.outlay.total_mandatory,cbo_2008-03,2008,-17.317,-17.317000000000007,7.105427357601002e-15
cbo.outlay.total_mandatory,cbo_2009-03,2009,171.486,171.48599999999965,3.410605131648481e-13
cbo.outlay.total_mandatory,cbo_2010-03,2010,91.18,91.17999999999984,1.7053025658242404e-13
cbo.outlay.total_mandatory,cbo_2011-03,2011,23.376,23.375999999999976,2.4868995751603507e-14
cbo.outlay.total_mandatory,cbo_2012-03,2012,63.187,63.18700000000035,3.552713678800501e-13
cbo.outlay.total_mandatory,cbo_2013-05,2013,11.509,11.509000000000015,1.4210854715202004e-14
cbo.outlay.total_mandatory,cbo_2014-04,2014,27.004,27.00400000000036,3.588240815588506e-13
cbo.outlay.total_mandatory,cbo_2015-03,2015,-11.226,-11.226000000000113,1.1191048088221578e-13
cbo.outlay.total_mandatory,cbo_2016-03,2016,25.663,25.66300000000001,1.0658141036401503e-14
cbo.outlay.total_mandatory,cbo_2017-06,2017,16.892,16.891999999999825,1.7408297026122455e-13
cbo.outlay.total_mandatory,cbo_2018-05,2018,15.671,15.670999999999822,1.7763568394002505e-13
cbo.outlay.total_mandatory,cbo_2019-05,2019,-30.623,-30.623000000000047,4.618527782440651e-14
cbo.outlay.total_mandatory,cbo_2020-03,2020,-124.157,-124.15700000000015,1.5631940186722204e-13
cbo.outlay.total_mandatory,cbo_2021-07,2021,27.893,27.89300000000003,2.842170943040401e-14
cbo.outlay.total_mandatory,cbo_2022-05,2022,-3.614,-3.6140000000000327,3.2862601528904634e-14
cbo.outlay.total_mandatory,cbo_2023-05,2023,-115.923,-115.92299999999977,2.2737367544323206e-13
cbo.outlay.total_mandatory,cbo_2024-06,2024,60.355,60.35500000000002,2.1316282072803006e-14
cbo.outlay.total_mandatory,cbo_2025-01,2025,-87.508,-87.50799999999981,1.8474111129762605e-13
cbo.outlay.total_mandatory,cbo_1992-03,1993,85.135,85.13499999999999,1.4210854715202004e-14
cbo.outlay.total_mandatory,cbo_1993-03,1994,29.424,29.423999999999978,2.1316282072803006e-14
cbo.outlay.total_mandatory,cbo_1994-04,1995,19.638,19.638000000000034,3.197442310920451e-14
cbo.outlay.total_mandatory,cbo_1995-04,1996,31.291,31.29099999999994,6.039613253960852e-14
cbo.outlay.total_mandatory,cbo_1996-05,1997,39.406,39.40600000000006,6.394884621840902e-14
cbo.outlay.total_mandatory,cbo_1997-03,1998,31.59,31.589999999999918,8.171241461241152e-14
cbo.outlay.total_mandatory,cbo_1998-03,1999,21.998,21.997999999999934,6.750155989720952e-14
cbo.outlay.total_mandatory,cbo_1999-04,2000,11.563,11.562999999999988,1.2434497875801753e-14
cbo.outlay.total_mandatory,cbo_2000-04,2001,-4.554,-4.554000000000087,8.704148513061227e-14
cbo.outlay.total_mandatory,cbo_2001-05,2002,-21.603,-21.602999999999838,1.6342482922482304e-13
cbo.outlay.total_mandatory,cbo_2002-03,2003,4.818,4.817999999999756,2.433608869978343e-13
cbo.outlay.total_mandatory,cbo_2003-03,2004,8.207,8.20699999999988,1.2079226507921703e-13
cbo.outlay.total_mandatory,cbo_2004-03,2005,-16.828,-16.828000000000202,2.0250467969162855e-13
cbo.outlay.total_mandatory,cbo_2005-03,2006,-14.944,-14.944000000000187,1.865174681370263e-13
cbo.outlay.total_mandatory,cbo_2006-03,2007,37.97,37.9699999999998,1.9895196601282805e-13
cbo.outlay.total_mandatory,cbo_2007-03,2008,-13.455,-13.454999999999927,7.283063041541027e-14
cbo.outlay.total_mandatory,cbo_2008-03,2009,0.958,0.9580000000000837,8.37108160567368e-14
cbo.outlay.total_mandatory,cbo_2009-03,2010,157.449,157.44899999999984,1.7053025658242404e-13
cbo.outlay.total_mandatory,cbo_2010-03,2011,139.355,139.35500000000025,2.5579538487363607e-13
cbo.outlay.total_mandatory,cbo_2011-03,2012,54.636,54.63599999999997,3.552713678800501e-14
cbo.outlay.total_mandatory,cbo_2012-03,2013,44.831,44.830999999999676,3.268496584496461e-13
cbo.outlay.total_mandatory,cbo_2013-05,2014,38.138,38.13799999999992,7.815970093361102e-14
cbo.outlay.total_mandatory,cbo_2014-04,2015,11.686,11.685999999999694,3.055333763768431e-13
cbo.outlay.total_mandatory,cbo_2015-03,2016,49.16,49.16000000000031,3.126388037344441e-13
cbo.outlay.total_mandatory,cbo_2016-03,2017,-4.382,-4.382000000000517,5.169198402654729e-13
cbo.outlay.total_mandatory,cbo_2017-06,2018,42.612,42.61200000000008,7.815970093361102e-14
cbo.outlay.total_mandatory,cbo_2018-05,2019,-33.717,-33.7170000000001,9.947598300641403e-14
cbo.outlay.total_mandatory,cbo_2019-05,2020,-209.91,-209.91000000000076,7.673861546209082e-13
cbo.outlay.total_mandatory,cbo_2020-03,2021,90.862,90.86200000000008,8.526512829121202e-14
cbo.outlay.total_mandatory,cbo_2021-07,2022,-174.798,-174.79800000000023,2.2737367544323206e-13
cbo.outlay.total_mandatory,cbo_2022-05,2023,-427.889,-427.88899999999967,3.410605131648481e-13
cbo.outlay.total_mandatory,cbo_2023-05,2024,-252.963,-252.96299999999974,2.5579538487363607e-13
cbo.outlay.total_mandatory,cbo_2024-06,2025,-170.04,-170.04000000000042,4.263256414560601e-13
cbo.outlay.total_mandatory,cbo_1992-03,1994,38.849,38.84899999999993,6.394884621840902e-14
cbo.outlay.total_mandatory,cbo_1993-03,1995,55.734,55.73400000000004,3.552713678800501e-14
cbo.outlay.total_mandatory,cbo_1994-04,1996,25.748,25.748000000000047,4.618527782440651e-14
cbo.outlay.total_mandatory,cbo_1995-04,1997,59.578,59.577999999999975,2.842170943040401e-14
cbo.outlay.total_mandatory,cbo_1996-05,1998,65.546,65.54599999999994,7.105427357601002e-14
cbo.outlay.total_mandatory,cbo_1997-03,1999,50.184,50.18399999999997,2.842170943040401e-14
cbo.outlay.total_mandatory,cbo_1998-03,2000,42.345,42.34500000000003,2.842170943040401e-14
cbo.outlay.total_mandatory,cbo_1999-04,2001,12.627,12.626999999999953,4.796163466380676e-14
cbo.outlay.total_mandatory,cbo_2000-04,2002,-45.46,-45.460000000000036,3.552713678800501e-14
cbo.outlay.total_mandatory,cbo_2001-05,2003,-17.475,-17.475000000000136,1.3500311979441904e-13
cbo.outlay.total_mandatory,cbo_2002-03,2004,-19.413,-19.41300000000001,1.0658141036401503e-14
cbo.outlay.total_mandatory,cbo_2003-03,2005,-19.811,-19.81100000000015,1.4921397450962104e-13
cbo.outlay.total_mandatory,cbo_2004-03,2006,-38.446,-38.44600000000014,1.4210854715202004e-13
cbo.outlay.total_mandatory,cbo_2005-03,2007,16.576,16.576000000000022,2.1316282072803006e-14
cbo.outlay.total_mandatory,cbo_2006-03,2008,19.952,19.951999999999998,3.552713678800501e-15
cbo.outlay.total_mandatory,cbo_2007-03,2009,-30.836,-30.83600000000024,2.4158453015843406e-13
cbo.outlay.total_mandatory,cbo_2008-03,2010,63.941,63.94100000000003,2.842170943040401e-14
cbo.outlay.total_mandatory,cbo_2009-03,2011,61.572,61.57199999999989,1.1368683772161603e-13
cbo.outlay.total_mandatory,cbo_2010-03,2012,61.79,61.789999999999964,3.552713678800501e-14
cbo.outlay.total_mandatory,cbo_2011-03,2013,35.6,35.59999999999991,9.237055564881302e-14
cbo.outlay.total_mandatory,cbo_2012-03,2014,115.314,115.31399999999985,1.4210854715202004e-13
cbo.outlay.total_mandatory,cbo_2013-05,2015,27.796,27.79599999999982,1.7763568394002505e-13
cbo.outlay.total_mandatory,cbo_2014-04,2016,78.017,78.01699999999983,1.7053025658242404e-13
cbo.outlay.total_mandatory,cbo_2015-03,2017,13.947,13.946999999999662,3.375077994860476e-13
cbo.outlay.total_mandatory,cbo_2016-03,2018,99.287,99.28699999999981,1.9895196601282805e-13
cbo.outlay.total_mandatory,cbo_2017-06,2019,33.03,33.0300000000002,1.9895196601282805e-13
cbo.outlay.total_mandatory,cbo_2018-05,2020,-171.229,-171.22900000000027,2.5579538487363607e-13
cbo.outlay.total_mandatory,cbo_2019-05,2021,106.759,106.75900000000092,9.237055564881302e-13
cbo.outlay.total_mandatory,cbo_2020-03,2022,-116.223,-116.22300000000041,4.121147867408581e-13
cbo.outlay.total_mandatory,cbo_2021-07,2023,-661.928,-661.9279999999994,5.684341886080801e-13
cbo.outlay.total_mandatory,cbo_2022-05,2024,-330.807,-330.80700000000024,2.2737367544323206e-13
cbo.outlay.total_mandatory,cbo_2023-05,2025,-284.08,-284.0799999999999,5.684341886080802e-14
cbo.outlay.total_mandatory,cbo_1992-03,1995,11.516,11.515999999999963,3.730349362740526e-14
cbo.outlay.total_mandatory,cbo_1993-03,1996,38.716,38.71600000000001,7.105427357601002e-15
cbo.outlay.total_mandatory,cbo_1994-04,1997,58.65,58.64999999999998,2.1316282072803006e-14
cbo.outlay.total_mandatory,cbo_1995-04,1998,71.835,71.83499999999992,7.105427357601002e-14
cbo.outlay.total_mandatory,cbo_1996-05,1999,75.197,75.197,0.0
cbo.outlay.total_mandatory,cbo_1997-03,2000,69.76,69.7600000000001,9.947598300641403e-14
cbo.outlay.total_mandatory,cbo_1998-03,2001,48.533,48.533000000000015,1.4210854715202004e-14
cbo.outlay.total_mandatory,cbo_1999-04,2002,-27.426,-27.42599999999993,6.750155989720952e-14
cbo.outlay.total_mandatory,cbo_2000-04,2003,-34.305,-34.305000000000064,6.394884621840902e-14
cbo.outlay.total_mandatory,cbo_2001-05,2004,-4.503,-4.502999999999929,7.105427357601002e-14
cbo.outlay.total_mandatory,cbo_2002-03,2005,-38.728,-38.728000000000065,6.394884621840902e-14
cbo.outlay.total_mandatory,cbo_2003-03,2006,-26.116,-26.115999999999985,1.4210854715202004e-14
cbo.outlay.total_mandatory,cbo_2004-03,2007,-9.777,-9.777000000000044,4.440892098500626e-14
cbo.outlay.total_mandatory,cbo_2005-03,2008,-13.555,-13.554999999999836,1.6342482922482304e-13
cbo.outlay.total_mandatory,cbo_2006-03,2009,-2.595,-2.5950000000000273,2.708944180085382e-14
cbo.outlay.total_mandatory,cbo_2007-03,2010,37.425,37.424999999999955,4.263256414560601e-14
cbo.outlay.total_mandatory,cbo_2008-03,2011,19.291,19.29099999999994,6.039613253960852e-14
cbo.outlay.total_mandatory,cbo_2009-03,2012,-4.6,-4.599999999999909,9.059419880941277e-14
cbo.outlay.total_mandatory,cbo_2010-03,2013,12.09,12.090000000000146,1.4566126083082054e-13
cbo.outlay.total_mandatory,cbo_2011-03,2014,66.014,66.01399999999967,3.268496584496461e-13
cbo.outlay.total_mandatory,cbo_2012-03,2015,97.464,97.46399999999994,5.684341886080802e-14
cbo.outlay.total_mandatory,cbo_2013-05,2016,97.071,97.07099999999991,8.526512829121202e-14
cbo.outlay.total_mandatory,cbo_2014-04,2017,77.68,77.67999999999984,1.7053025658242404e-13
cbo.outlay.total_mandatory,cbo_2015-03,2018,105.016,105.01599999999962,3.836930773104541e-13
cbo.outlay.total_mandatory,cbo_2016-03,2019,94.487,94.48700000000008,8.526512829121202e-14
cbo.outlay.total_mandatory,cbo_2017-06,2020,-98.63,-98.63000000000011,1.1368683772161603e-13
cbo.outlay.total_mandatory,cbo_2018-05,2021,160.354,160.35400000000027,2.5579538487363607e-13
cbo.outlay.total_mandatory,cbo_2019-05,2022,-80.537,-80.53700000000026,2.5579538487363607e-13
cbo.outlay.total_mandatory,cbo_2020-03,2023,-623.911,-623.9109999999996,3.410605131648481e-13
cbo.outlay.total_mandatory,cbo_2021-07,2024,-514.797,-514.797,0.0
cbo.outlay.total_mandatory,cbo_2022-05,2025,-385.932,-385.93200000000024,2.2737367544323206e-13
cbo.outlay.total_mandatory,cbo_1992-03,1996,-17.143,-17.142999999999915,8.526512829121202e-14
cbo.outlay.total_mandatory,cbo_1993-03,1997,50.955,50.95499999999993,7.105427357601002e-14
cbo.outlay.total_mandatory,cbo_1994-04,1998,72.088,72.08799999999997,2.842170943040401e-14
cbo.outlay.total_mandatory,cbo_1995-04,1999,91.999,91.99899999999991,8.526512829121202e-14
cbo.outlay.total_mandatory,cbo_1996-05,2000,89.09,89.08999999999992,8.526512829121202e-14
cbo.outlay.total_mandatory,cbo_1997-03,2001,79.941,79.94099999999992,8.526512829121202e-14
cbo.outlay.total_mandatory,cbo_1998-03,2002,4.223,4.222999999999956,4.3520742565306136e-14
cbo.outlay.total_mandatory,cbo_1999-04,2003,-5.406,-5.406000000000176,1.7674750552032492e-13
cbo.outlay.total_mandatory,cbo_2000-04,2004,-23.395,-23.394999999999982,1.7763568394002505e-14
cbo.outlay.total_mandatory,cbo_2001-05,2005,-2.146,-2.145999999999958,4.1744385725905886e-14
cbo.outlay.total_mandatory,cbo_2002-03,2006,-30.631,-30.631000000000085,8.526512829121202e-14
cbo.outlay.total_mandatory,cbo_2003-03,2007,9.486,9.485999999999876,1.2434497875801753e-13
cbo.outlay.total_mandatory,cbo_2004-03,2008,-41.564,-41.56400000000008,7.815970093361102e-14
cbo.outlay.total_mandatory,cbo_2005-03,2009,-46.915,-46.91500000000019,1.9184653865522705e-13
cbo.outlay.total_mandatory,cbo_2006-03,2010,74.111,74.11099999999988,1.2789769243681803e-13
cbo.outlay.total_mandatory,cbo_2007-03,2011,-2.535,-2.5349999999998545,1.4566126083082054e-13
cbo.outlay.total_mandatory,cbo_2008-03,2012,5.281,5.280999999999949,5.062616992290714e-14
cbo.outlay.total_mandatory,cbo_2009-03,2013,-34.278,-34.27800000000025,2.4868995751603507e-13
cbo.outlay.total_mandatory,cbo_2010-03,2014,54.951,54.95100000000002,2.1316282072803006e-14
cbo.outlay.total_mandatory,cbo_2011-03,2015,36.524,36.52399999999989,1.1368683772161603e-13
cbo.outlay.total_mandatory,cbo_2012-03,2016,147.676,147.67599999999993,5.684341886080802e-14
cbo.outlay.total_mandatory,cbo_2013-05,2017,100.639,100.63899999999967,3.268496584496461e-13
cbo.outlay.total_mandatory,cbo_2014-04,2018,181.316,181.3159999999998,1.9895196601282805e-13
cbo.outlay.total_mandatory,cbo_2015-03,2019,87.902,87.90200000000004,4.263256414560601e-14
cbo.outlay.total_mandatory,cbo_2016-03,2020,-47.063,-47.0630000000001,9.947598300641403e-14
cbo.outlay.total_mandatory,cbo_2017-06,2021,215.085,215.08500000000004,2.842170943040401e-14
cbo.outlay.total_mandatory,cbo_2018-05,2022,-36.012,-36.01200000000017,1.7053025658242404e-13
cbo.outlay.total_mandatory,cbo_2019-05,2023,-593.782,-593.7819999999997,3.410605131648481e-13
cbo.outlay.total_mandatory,cbo_2020-03,2024,-473.299,-473.299,0.0
cbo.outlay.total_mandatory,cbo_2021-07,2025,-525.293,-525.2930000000001,1.1368683772161603e-13
cbo.outlay.total_mandatory,cbo_1992-03,1997,28.32,28.319999999999936,6.394884621840902e-14
cbo.outlay.total_mandatory,cbo_1993-03,1998,66.926,66.92599999999993,7.105427357601002e-14
cbo.outlay.total_mandatory,cbo_1994-04,1999,90.365,90.36500000000001,1.4210854715202004e-14
cbo.outlay.total_mandatory,cbo_1995-04,2000,112.375,112.375,0.0
cbo.outlay.total_mandatory,cbo_1996-05,2001,112.368,112.36800000000005,5.684341886080802e-14
cbo.outlay.total_mandatory,cbo_1997-03,2002,34.511,34.51099999999997,3.552713678800501e-14
cbo.outlay.total_mandatory,cbo_1998-03,2003,31.599,31.598999999999933,6.750155989720952e-14
cbo.outlay.total_mandatory,cbo_1999-04,2004,0.825,0.8250000000000455,4.551914400963142e-14
cbo.outlay.total_mandatory,cbo_2000-04,2005,-30.06,-30.060000000000173,1.7408297026122455e-13
cbo.outlay.total_mandatory,cbo_2001-05,2006,-3.318,-3.3179999999999836,1.6431300764452317e-14
cbo.outlay.total_mandatory,cbo_2002-03,2007,6.227,6.226999999999862,1.3855583347321954e-13
cbo.outlay.total_mandatory,cbo_2003-03,2008,-18.846,-18.846000000000004,3.552713678800501e-15
cbo.outlay.total_mandatory,cbo_2004-03,2009,-73.484,-73.48400000000015,1.5631940186722204e-13
cbo.outlay.total_mandatory,cbo_2005-03,2010,32.607,32.60699999999997,2.842170943040401e-14
cbo.outlay.total_mandatory,cbo_2006-03,2011,38.145,38.14500000000021,2.0605739337042905e-13
cbo.outlay.total_mandatory,cbo_2007-03,2012,-12.935,-12.935000000000173,1.723066134218243e-13
cbo.outlay.total_mandatory,cbo_2008-03,2013,11.201,11.201000000000022,2.1316282072803006e-14
cbo.outlay.total_mandatory,cbo_2009-03,2014,-6.159,-6.1590000000001055,1.056932319443149e-13
cbo.outlay.total_mandatory,cbo_2010-03,2015,17.307,17.30699999999979,2.0961010704922955e-13
cbo.outlay.total_mandatory,cbo_2011-03,2016,90.874,90.87400000000025,2.5579538487363607e-13
cbo.outlay.total_mandatory,cbo_2012-03,2017,137.522,137.52199999999993,5.684341886080802e-14
cbo.outlay.total_mandatory,cbo_2013-05,2018,219.956,219.95599999999968,3.126388037344441e-13
cbo.outlay.total_mandatory,cbo_2014-04,2019,150.642,150.64200000000028,2.8421709430404007e-13
cbo.outlay.total_mandatory,cbo_2015-03,2020,-53.143,-53.14300000000094,9.379164112033322e-13
cbo.outlay.total_mandatory,cbo_2016-03,2021,251.5,251.5000000000009,9.094947017729282e-13
cbo.outlay.total_mandatory,cbo_2017-06,2022,0.804,0.8040000000000873,8.72635297355373e-14
cbo.outlay.total_mandatory,cbo_2018-05,2023,-543.833,-543.8329999999996,3.410605131648481e-13
cbo.outlay.total_mandatory,cbo_2019-05,2024,-451.056,-451.05600000000004,5.684341886080802e-14
cbo.outlay.total_mandatory,cbo_2020-03,2025,-489.515,-489.5149999999999,1.1368683772161603e-13
cbo.outlay.total_mandatory,cbo_1996-05,2002,64.911,64.91100000000006,5.684341886080802e-14
cbo.outlay.total_mandatory,cbo_1997-03,2003,63.828,63.827999999999975,2.842170943040401e-14
cbo.outlay.total_mandatory,cbo_1998-03,2004,39.473,39.473000000000184,1.8474111129762605e-13
cbo.outlay.total_mandatory,cbo_1999-04,2005,-3.157,-3.157000000000153,1.5276668818842154e-13
cbo.outlay.total_mandatory,cbo_2000-04,2006,-40.949,-40.94900000000007,7.105427357601002e-14
cbo.outlay.total_mandatory,cbo_2001-05,2007,32.253,32.25299999999993,7.105427357601002e-14
cbo.outlay.total_mandatory,cbo_2002-03,2008,-14.571,-14.57100000000014,1.4033219031261979e-13
cbo.outlay.total_mandatory,cbo_2003-03,2009,-46.98,-46.980000000000246,2.4868995751603507e-13
cbo.outlay.total_mandatory,cbo_2004-03,2010,4.865,4.865000000000009,8.881784197001252e-15
cbo.outlay.total_mandatory,cbo_2005-03,2011,-11.235,-11.235000000000127,1.2789769243681803e-13
cbo.outlay.total_mandatory,cbo_2006-03,2012,36.936,36.935999999999694,3.055333763768431e-13
cbo.outlay.total_mandatory,cbo_2007-03,2013,-7.91,-7.9099999999998545,1.4566126083082054e-13
cbo.outlay.total_mandatory,cbo_2008-03,2014,64.6,64.59999999999991,8.526512829121202e-14
cbo.outlay.total_mandatory,cbo_2009-03,2015,-45.184,-45.1840000000002,1.9895196601282805e-13
cbo.outlay.total_mandatory,cbo_2010-03,2016,86.602,86.60200000000032,3.126388037344441e-13
cbo.outlay.total_mandatory,cbo_2011-03,2017,88.927,88.92699999999968,3.268496584496461e-13
cbo.outlay.total_mandatory,cbo_2012-03,2018,260.804,260.8040000000001,1.1368683772161603e-13
cbo.outlay.total_mandatory,cbo_2013-05,2019,185.733,185.73300000000017,1.7053025658242404e-13
cbo.outlay.total_mandatory,cbo_2014-04,2020,6.444,6.443999999999505,4.947153797729698e-13
cbo.outlay.total_mandatory,cbo_2015-03,2021,251.709,251.70900000000074,7.389644451905042e-13
cbo.outlay.total_mandatory,cbo_2016-03,2022,43.57,43.570000000000164,1.6342482922482304e-13
cbo.outlay.total_mandatory,cbo_2017-06,2023,-510.555,-510.5549999999994,6.252776074688882e-13
cbo.outlay.total_mandatory,cbo_2018-05,2024,-400.329,-400.3289999999997,2.8421709430404007e-13
cbo.outlay.total_mandatory,cbo_2019-05,2025,-480.85,-480.85000000000036,3.410605131648481e-13
cbo.outlay.total_mandatory,cbo_1996-05,2003,105.87,105.86999999999989,1.1368683772161603e-13
cbo.outlay.total_mandatory,cbo_1997-03,2004,73.833,73.83300000000008,8.526512829121202e-14
cbo.outlay.total_mandatory,cbo_1998-03,2005,43.562,43.5619999999999,9.947598300641403e-14
cbo.outlay.total_mandatory,cbo_1999-04,2006,-7.683,-7.682999999999993,7.105427357601002e-15
cbo.outlay.total_mandatory,cbo_2000-04,2007,-5.455,-5.455000000000155,1.545430450278218e-13
cbo.outlay.total_mandatory,cbo_2001-05,2008,12.326,12.325999999999794,2.0605739337042905e-13
cbo.outlay.total_mandatory,cbo_2002-03,2009,-42.932,-42.932000000000016,1.4210854715202004e-14
cbo.outlay.total_mandatory,cbo_2003-03,2010,36.593,36.593000000000075,7.105427357601002e-14
cbo.outlay.total_mandatory,cbo_2004-03,2011,-44.326,-44.32600000000002,2.1316282072803006e-14
cbo.outlay.total_mandatory,cbo_2005-03,2012,9.847,9.84699999999998,1.9539925233402755e-14
cbo.outlay.total_mandatory,cbo_2006-03,2013,47.876,47.87599999999975,2.4868995751603507e-13
cbo.outlay.total_mandatory,cbo_2007-03,2014,43.127,43.12699999999995,4.973799150320701e-14
cbo.outlay.total_mandatory,cbo_2008-03,2015,61.791,61.79099999999971,2.8421709430404007e-13
cbo.outlay.total_mandatory,cbo_2009-03,2016,18.309,18.309000000000196,1.9539925233402755e-13
cbo.outlay.total_mandatory,cbo_2010-03,2017,88.733,88.73300000000017,1.7053025658242404e-13
cbo.outlay.total_mandatory,cbo_2011-03,2018,212.192,212.19199999999955,4.547473508864641e-13
cbo.outlay.total_mandatory,cbo_2012-03,2019,235.062,235.0619999999999,1.1368683772161603e-13
cbo.outlay.total_mandatory,cbo_2013-05,2020,41.633,41.63299999999981,1.9184653865522705e-13
cbo.outlay.total_mandatory,cbo_2014-04,2021,321.666,321.66600000000017,1.7053025658242404e-13
cbo.outlay.total_mandatory,cbo_2015-03,2022,45.186,45.185999999999694,3.055333763768431e-13
cbo.outlay.total_mandatory,cbo_2016-03,2023,-466.8,-466.7999999999997,2.8421709430404007e-13
cbo.outlay.total_mandatory,cbo_2017-06,2024,-358.202,-358.2020000000002,2.2737367544323206e-13
cbo.outlay.total_mandatory,cbo_2018-05,2025,-424.022,-424.02199999999993,5.684341886080802e-14
cbo.outlay.total_mandatory,cbo_1996-05,2004,123.001,123.0010000000002,1.9895196601282805e-13
cbo.outlay.total_mandatory,cbo_1997-03,2005,79.676,79.67599999999993,7.105427357601002e-14
cbo.outlay.total_mandatory,cbo_1998-03,2006,34.674,34.67399999999975,2.4868995751603507e-13
cbo.outlay.total_mandatory,cbo_1999-04,2007,36.737,36.73699999999985,1.4921397450962104e-13
cbo.outlay.total_mandatory,cbo_2000-04,2008,-27.613,-27.613000000000056,5.684341886080802e-14
cbo.outlay.total_mandatory,cbo_2001-05,2009,-15.393,-15.393000000000029,2.842170943040401e-14
cbo.outlay.total_mandatory,cbo_2002-03,2010,43.938,43.937999999999874,1.2789769243681803e-13
cbo.outlay.total_mandatory,cbo_2003-03,2011,-8.421,-8.420999999999822,1.7763568394002505e-13
cbo.outlay.total_mandatory,cbo_2004-03,2012,-20.522,-20.522000000000162,1.6342482922482304e-13
cbo.outlay.total_mandatory,cbo_2005-03,2013,11.529,11.528999999999996,3.552713678800501e-15
cbo.outlay.total_mandatory,cbo_2006-03,2014,108.883,108.88300000000027,2.7000623958883807e-13
cbo.outlay.total_mandatory,cbo_2007-03,2015,39.415,39.414999999999964,3.552713678800501e-14
cbo.outlay.total_mandatory,cbo_2008-03,2016,157.39,157.38999999999987,1.1368683772161603e-13
cbo.outlay.total_mandatory,cbo_2009-03,2017,15.019,15.018999999999778,2.220446049250313e-13
cbo.outlay.total_mandatory,cbo_2010-03,2018,207.478,207.47800000000007,5.684341886080802e-14
cbo.outlay.total_mandatory,cbo_2011-03,2019,203.184,203.1840000000002,1.9895196601282805e-13
cbo.outlay.total_mandatory,cbo_2012-03,2020,103.192,103.19200000000001,1.4210854715202004e-14
cbo.outlay.total_mandatory,cbo_2013-05,2021,357.598,357.59800000000087,8.526512829121202e-13
cbo.outlay.total_mandatory,cbo_2014-04,2022,109.986,109.98599999999988,1.2789769243681803e-13
cbo.outlay.total_mandatory,cbo_2015-03,2023,-466.922,-466.92199999999957,4.547473508864641e-13
cbo.outlay.total_mandatory,cbo_2016-03,2024,-317.879,-317.8789999999999,1.1368683772161603e-13
cbo.outlay.total_mandatory,cbo_2017-06,2025,-383.997,-383.99699999999984,1.7053025658242404e-13
cbo.outlay.total_mandatory,cbo_1996-05,2005,125.474,125.47399999999993,7.105427357601002e-14
cbo.outlay.total_mandatory,cbo_1997-03,2006,75.564,75.56399999999985,1.4210854715202004e-13
cbo.outlay.total_mandatory,cbo_1998-03,2007,86.479,86.47900000000004,4.263256414560601e-14
cbo.outlay.total_mandatory,cbo_1999-04,2008,21.14,21.139999999999873,1.2789769243681803e-13
cbo.outlay.total_mandatory,cbo_2000-04,2009,-58.383,-58.38300000000004,3.552713678800501e-14
cbo.outlay.total_mandatory,cbo_2001-05,2010,71.214,71.21399999999994,5.684341886080802e-14
cbo.outlay.total_mandatory,cbo_2002-03,2011,1.844,1.844000000000051,5.084821452783217e-14
cbo.outlay.total_mandatory,cbo_2003-03,2012,26.118,26.117999999999938,6.039613253960852e-14
cbo.outlay.total_mandatory,cbo_2004-03,2013,-21.288,-21.28800000000001,1.0658141036401503e-14
cbo.outlay.total_mandatory,cbo_2005-03,2014,71.957,71.95700000000033,3.410605131648481e-13
cbo.outlay.total_mandatory,cbo_2006-03,2015,117.01,117.00999999999976,2.4158453015843406e-13
cbo.outlay.total_mandatory,cbo_2007-03,2016,135.961,135.96100000000024,2.2737367544323206e-13
cbo.outlay.total_mandatory,cbo_2008-03,2017,173.339,173.33899999999994,5.684341886080802e-14
cbo.outlay.total_mandatory,cbo_2009-03,2018,131.169,131.16899999999987,1.4210854715202004e-13
cbo.outlay.total_mandatory,cbo_2010-03,2019,203.883,203.88300000000027,2.5579538487363607e-13
cbo.outlay.total_mandatory,cbo_2011-03,2020,70.208,70.20799999999963,3.694822225952521e-13
cbo.outlay.total_mandatory,cbo_2012-03,2021,432.572,432.5720000000001,1.1368683772161603e-13
cbo.outlay.total_mandatory,cbo_2013-05,2022,148.395,148.39499999999998,2.842170943040401e-14
cbo.outlay.total_mandatory,cbo_2014-04,2023,-400.063,-400.0629999999992,7.958078640513122e-13
cbo.outlay.total_mandatory,cbo_2015-03,2024,-321.935,-321.93499999999995,5.684341886080802e-14
cbo.outlay.total_mandatory,cbo_2016-03,2025,-340.838,-340.8380000000002,1.7053025658242404e-13
cbo.outlay.total_mandatory,cbo_1996-05,2006,137.73,137.7299999999998,1.9895196601282805e-13
cbo.outlay.total_mandatory,cbo_1997-03,2007,133.42,133.42000000000007,8.526512829121202e-14
cbo.outlay.total_mandatory,cbo_1998-03,2008,72.288,72.28800000000001,1.4210854715202004e-14
cbo.outlay.total_mandatory,cbo_1999-04,2009,-3.888,-3.8880000000001473,1.474376176702208e-13
cbo.outlay.total_mandatory,cbo_2000-04,2010,26.315,26.315000000000055,5.3290705182007514e-14
cbo.outlay.total_mandatory,cbo_2001-05,2011,32.608,32.60799999999995,4.973799150320701e-14
cbo.outlay.total_mandatory,cbo_2002-03,2012,40.474,40.473999999999705,2.913225216616411e-13
cbo.outlay.total_mandatory,cbo_2003-03,2013,32.103,32.103000000000065,6.394884621840902e-14
cbo.outlay.total_mandatory,cbo_2004-03,2014,40.183,40.18299999999999,7.105427357601002e-15
cbo.outlay.total_mandatory,cbo_2005-03,2015,78.469,78.4689999999996,3.979039320256561e-13
cbo.outlay.total_mandatory,cbo_2006-03,2016,221.098,221.09799999999996,5.684341886080802e-14
cbo.outlay.total_mandatory,cbo_2007-03,2017,155.531,155.5309999999995,5.115907697472721e-13
cbo.outlay.total_mandatory,cbo_2008-03,2018,310.39,310.3899999999999,1.1368683772161603e-13
cbo.outlay.total_mandatory,cbo_2009-03,2019,123.113,123.11299999999983,1.7053025658242404e-13
cbo.outlay.total_mandatory,cbo_2010-03,2020,65.566,65.5659999999998,1.9895196601282805e-13
cbo.outlay.total_mandatory,cbo_2011-03,2021,390.65,390.65000000000055,5.684341886080801e-13
cbo.outlay.total_mandatory,cbo_2012-03,2022,224.156,224.15599999999995,5.684341886080802e-14
cbo.outlay.total_mandatory,cbo_2013-05,2023,-353.602,-353.6019999999994,5.684341886080801e-13
cbo.outlay.total_mandatory,cbo_2014-04,2024,-247.174,-247.17399999999998,2.842170943040401e-14
cbo.outlay.total_mandatory,cbo_2015-03,2025,-354.731,-354.7310000000002,2.2737367544323206e-13
cbo.outlay.social_security,cbo_1992-03,1992,-0.663,-0.6629999999999541,4.596323321948148e-14
cbo.outlay.social_security,cbo_1993-03,1993,0.182,0.18199999999995953,4.0467629247586956e-14
cbo.outlay.social_security,cbo_1994-04,1994,1.094,1.093999999999994,5.995204332975845e-15
cbo.outlay.social_security,cbo_1995-04,1995,0.432,0.4319999999999595,4.0467629247586956e-14
cbo.outlay.social_security,cbo_1996-05,1996,1.565,1.5649999999999977,2.220446049250313e-15
cbo.outlay.social_security,cbo_1997-03,1997,0.67,0.6700000000000159,1.587618925213974e-14
cbo.outlay.social_security,cbo_1998-03,1998,-0.334,-0.3340000000000032,3.164135620181696e-15
cbo.outlay.social_security,cbo_1999-04,1999,0.46,0.4600000000000364,3.6359804056473877e-14
cbo.outlay.social_security,cbo_2000-04,2000,-0.341,-0.3410000000000082,8.1601392309949e-15
cbo.outlay.social_security,cbo_2001-05,2001,-0.281,-0.2810000000000059,5.88418203051333e-15
cbo.outlay.social_security,cbo_2002-03,2002,1.366,1.3660000000000423,4.218847493575595e-14
cbo.outlay.social_security,cbo_2003-03,2003,2.576,2.576000000000022,2.1760371282653068e-14
cbo.outlay.social_security,cbo_2004-03,2004,0.858,0.8580000000000041,4.107825191113079e-15
cbo.outlay.social_security,cbo_2005-03,2005,-2.621,-2.620999999999981,1.9095836023552692e-14
cbo.outlay.social_security,cbo_2006-03,2006,6.142,6.142000000000053,5.240252676230739e-14
cbo.outlay.social_security,cbo_2007-03,2007,-0.601,-0.6009999999999991,8.881784197001252e-16
cbo.outlay.social_security,cbo_2008-03,2008,-0.421,-0.4210000000000491,4.912736883966318e-14
cbo.outlay.social_security,cbo_2009-03,2009,-0.356,-0.35599999999999454,5.440092820663267e-15
cbo.outlay.social_security,cbo_2010-03,2010,1.684,1.6840000000000828,8.282263763703668e-14
cbo.outlay.social_security,cbo_2011-03,2011,1.853,1.8529999999999518,4.8183679268731794e-14
cbo.outlay.social_security,cbo_2012-03,2012,1.661,1.6609999999999445,5.551115123125783e-14
cbo.outlay.social_security,cbo_2013-05,2013,0.924,0.9239999999999782,2.1871393585115584e-14
cbo.outlay.social_security,cbo_2014-04,2014,0.031,0.031000000000062755,6.275535646693697e-14
cbo.outlay.social_security,cbo_2015-03,2015,1.172,1.1720000000000255,2.55351295663786e-14
cbo.outlay.social_security,cbo_2016-03,2016,0.353,0.3529999999999518,4.8183679268731794e-14
cbo.outlay.social_security,cbo_2017-06,2017,-0.003,-0.0029999999999290594,7.094064918833354e-14
cbo.outlay.social_security,cbo_2018-05,2018,2.388,2.3880000000000337,3.375077994860476e-14
cbo.outlay.social_security,cbo_2019-05,2019,-0.896,-0.8959999999999582,4.18554080283684e-14
cbo.outlay.social_security,cbo_2020-03,2020,1.36,1.3600000000001273,1.2723155862204294e-13
cbo.outlay.social_security,cbo_2021-07,2021,0.14,0.14000000000010004,1.000310945187266e-13
cbo.outlay.social_security,cbo_2022-05,2022,-0.94,-0.9400000000000546,5.46229728115577e-14
cbo.outlay.social_security,cbo_2023-05,2023,-3.208,-3.2080000000000837,8.348877145181177e-14
cbo.outlay.social_security,cbo_2024-06,2024,-2.448,-2.4480000000000928,9.281464485866309e-14
cbo.outlay.social_security,cbo_2025-01,2025,-3.201,-3.201000000000022,2.1760371282653068e-14
cbo.outlay.social_security,cbo_1992-03,1993,-1.42,-1.420000000000016,1.5987211554602254e-14
cbo.outlay.social_security,cbo_1993-03,1994,1.921,1.9209999999999923,7.771561172376096e-15
cbo.outlay.social_security,cbo_1994-04,1995,1.455,1.454999999999984,1.5987211554602254e-14
cbo.outlay.social_security,cbo_1995-04,1996,4.966,4.966000000000008,7.993605777301127e-15
cbo.outlay.social_security,cbo_1996-05,1997,3.102,3.1020000000000323,3.241851231905457e-14
cbo.outlay.social_security,cbo_1997-03,1998,4.628,4.627999999999986,1.4210854715202004e-14
cbo.outlay.social_security,cbo_1998-03,1999,4.486,4.48599999999999,9.769962616701378e-15
cbo.outlay.social_security,cbo_1999-04,2000,1.912,1.9119999999999777,2.220446049250313e-14
cbo.outlay.social_security,cbo_2000-04,2001,-4.959,-4.959000000000003,3.552713678800501e-15
cbo.outlay.social_security,cbo_2001-05,2002,-0.782,-0.7819999999999823,1.7763568394002505e-14
cbo.outlay.social_security,cbo_2002-03,2003,1.971,1.9710000000000036,3.552713678800501e-15
cbo.outlay.social_security,cbo_2003-03,2004,2.915,2.9150000000000205,2.042810365310288e-14
cbo.outlay.social_security,cbo_2004-03,2005,-5.815,-5.814999999999941,5.950795411990839e-14
cbo.outlay.social_security,cbo_2005-03,2006,-3.688,-3.687999999999988,1.199040866595169e-14
cbo.outlay.social_security,cbo_2006-03,2007,-2.928,-2.9279999999999973,2.6645352591003757e-15
cbo.outlay.social_security,cbo_2007-03,2008,-4.396,-4.395999999999958,4.1744385725905886e-14
cbo.outlay.social_security,cbo_2008-03,2009,-17.675,-17.674999999999955,4.618527782440651e-14
cbo.outlay.social_security,cbo_2009-03,2010,-5.428,-5.427999999999997,2.6645352591003757e-15
cbo.outlay.social_security,cbo_2010-03,2011,3.46,3.4600000000000364,3.6415315207705135e-14
cbo.outlay.social_security,cbo_2011-03,2012,-7.358,-7.358000000000061,6.128431095930864e-14
cbo.outlay.social_security,cbo_2012-03,2013,5.108,5.107999999999947,5.240252676230739e-14
cbo.outlay.social_security,cbo_2013-05,2014,3.364,3.3640000000000327,3.2862601528904634e-14
cbo.outlay.social_security,cbo_2014-04,2015,1.817,1.8170000000000073,7.327471962526033e-15
cbo.outlay.social_security,cbo_2015-03,2016,9.548,9.548000000000002,1.7763568394002505e-15
cbo.outlay.social_security,cbo_2016-03,2017,7.465,7.465000000000032,3.197442310920451e-14
cbo.outlay.social_security,cbo_2017-06,2018,6.405,6.404999999999973,2.7533531010703882e-14
cbo.outlay.social_security,cbo_2018-05,2019,4.77,4.769999999999982,1.7763568394002505e-14
cbo.outlay.social_security,cbo_2019-05,2020,8.829,8.829000000000178,1.7763568394002505e-13
cbo.outlay.social_security,cbo_2020-03,2021,24.354,24.354000000000042,4.263256414560601e-14
cbo.outlay.social_security,cbo_2021-07,2022,-9.748,-9.748000000000047,4.796163466380676e-14
cbo.outlay.social_security,cbo_2022-05,2023,-27.671,-27.67100000000005,4.973799150320701e-14
cbo.outlay.social_security,cbo_2023-05,2024,2.318,2.3179999999999836,1.6431300764452317e-14
cbo.outlay.social_security,cbo_2024-06,2025,-1.229,-1.2290000000000418,4.1744385725905886e-14
cbo.outlay.social_security,cbo_1992-03,1994,0.761,0.7609999999999673,3.275157922644212e-14
cbo.outlay.social_security,cbo_1993-03,1995,1.706,1.7059999999999604,3.952393967665557e-14
cbo.outlay.social_security,cbo_1994-04,1996,5.471,5.471000000000004,3.552713678800501e-15
cbo.outlay.social_security,cbo_1995-04,1997,8.296,8.295999999999992,7.105427357601002e-15
cbo.outlay.social_security,cbo_1996-05,1998,7.273,7.272999999999968,3.197442310920451e-14
cbo.outlay.social_security,cbo_1997-03,1999,12.479,12.479000000000042,4.263256414560601e-14
cbo.outlay.social_security,cbo_1998-03,2000,6.601,6.600999999999999,8.881784197001252e-16
cbo.outlay.social_security,cbo_1999-04,2001,-1.529,-1.5289999999999964,3.552713678800501e-15
cbo.outlay.social_security,cbo_2000-04,2002,-8.452,-8.451999999999998,1.7763568394002505e-15
cbo.outlay.social_security,cbo_2001-05,2003,3.249,3.2490000000000236,2.353672812205332e-14
cbo.outlay.social_security,cbo_2002-03,2004,1.559,1.559000000000026,2.5979218776228663e-14
cbo.outlay.social_security,cbo_2003-03,2005,-4.372,-4.371999999999957,4.263256414560601e-14
cbo.outlay.social_security,cbo_2004-03,2006,-10.466,-10.465999999999894,1.0480505352461478e-13
cbo.outlay.social_security,cbo_2005-03,2007,-16.209,-16.20900000000006,6.039613253960852e-14
cbo.outlay.social_security,cbo_2006-03,2008,-5.517,-5.517000000000053,5.240252676230739e-14
cbo.outlay.social_security,cbo_2007-03,2009,-25.803,-25.802999999999997,3.552713678800501e-15
cbo.outlay.social_security,cbo_2008-03,2010,-20.218,-20.21799999999996,3.907985046680551e-14
cbo.outlay.social_security,cbo_2009-03,2011,-5.35,-5.350000000000023,2.3092638912203256e-14
cbo.outlay.social_security,cbo_2010-03,2012,-6.27,-6.2700000000000955,9.592326932761353e-14
cbo.outlay.social_security,cbo_2011-03,2013,-9.227,-9.226999999999975,2.4868995751603507e-14
cbo.outlay.social_security,cbo_2012-03,2014,11.082,11.081999999999994,7.105427357601002e-15
cbo.outlay.social_security,cbo_2013-05,2015,12.185,12.18500000000006,5.861977570020827e-14
cbo.outlay.social_security,cbo_2014-04,2016,20.294,20.293999999999983,1.7763568394002505e-14
cbo.outlay.social_security,cbo_2015-03,2017,28.93,28.930000000000064,6.394884621840902e-14
cbo.outlay.social_security,cbo_2016-03,2018,20.823,20.82299999999998,2.1316282072803006e-14
cbo.outlay.social_security,cbo_2017-06,2019,10.818,10.817999999999984,1.5987211554602254e-14
cbo.outlay.social_security,cbo_2018-05,2020,19.685,19.684999999999945,5.3290705182007514e-14
cbo.outlay.social_security,cbo_2019-05,2021,37.018,37.01800000000003,2.842170943040401e-14
cbo.outlay.social_security,cbo_2020-03,2022,11.277,11.276999999999816,1.829647544582258e-13
cbo.outlay.social_security,cbo_2021-07,2023,-67.423,-67.423,0.0
cbo.outlay.social_security,cbo_2022-05,2024,-45.385,-45.38499999999999,7.105427357601002e-15
cbo.outlay.social_security,cbo_2023-05,2025,3.192,3.1920000000000073,7.105427357601002e-15
cbo.outlay.social_security,cbo_1992-03,1995,2.169,2.1689999999999827,1.7319479184152442e-14
cbo.outlay.social_security,cbo_1993-03,1996,4.519,4.5190000000000055,5.329070518200751e-15
cbo.outlay.social_security,cbo_1994-04,1997,7.594,7.594000000000051,5.062616992290714e-14
cbo.outlay.social_security,cbo_1995-04,1998,14.559,14.558999999999969,3.019806626980426e-14
cbo.outlay.social_security,cbo_1996-05,1999,15.345,15.345000000000027,2.6645352591003757e-14
cbo.outlay.social_security,cbo_1997-03,2000,17.353,17.35300000000001,7.105427357601002e-15
cbo.outlay.social_security,cbo_1998-03,2001,3.352,3.3519999999999754,2.4424906541753444e-14
cbo.outlay.social_security,cbo_1999-04,2002,-5.373,-5.3729999999999905,9.769962616701378e-15
cbo.outlay.social_security,cbo_2000-04,2003,-6.681,-6.680999999999983,1.687538997430238e-14
cbo.outlay.social_security,cbo_2001-05,2004,6.366,6.366000000000042,4.263256414560601e-14
cbo.outlay.social_security,cbo_2002-03,2005,-0.341,-0.3410000000000082,8.1601392309949e-15
cbo.outlay.social_security,cbo_2003-03,2006,-4.532,-4.532000000000039,3.907985046680551e-14
cbo.outlay.social_security,cbo_2004-03,2007,-22.872,-22.871999999999957,4.263256414560601e-14
cbo.outlay.social_security,cbo_2005-03,2008,-19.09,-19.090000000000032,3.197442310920451e-14
cbo.outlay.social_security,cbo_2006-03,2009,-25.475,-25.475000000000023,2.1316282072803006e-14
cbo.outlay.social_security,cbo_2007-03,2010,-27.422,-27.422000000000025,2.4868995751603507e-14
cbo.outlay.social_security,cbo_2008-03,2011,-9.943,-9.942999999999984,1.5987211554602254e-14
cbo.outlay.social_security,cbo_2009-03,2012,-19.894,-19.89400000000012,1.2079226507921703e-13
cbo.outlay.social_security,cbo_2010-03,2013,-9.171,-9.17100000000005,4.973799150320701e-14
cbo.outlay.social_security,cbo_2011-03,2014,-3.436,-3.435999999999922,7.815970093361102e-14
cbo.outlay.social_security,cbo_2012-03,2015,18.489,18.489000000000033,3.197442310920451e-14
cbo.outlay.social_security,cbo_2013-05,2016,33.922,33.92199999999991,8.526512829121202e-14
cbo.outlay.social_security,cbo_2014-04,2017,47.22,47.22000000000003,2.842170943040401e-14
cbo.outlay.social_security,cbo_2015-03,2018,46.885,46.885000000000105,1.0658141036401503e-13
cbo.outlay.social_security,cbo_2016-03,2019,28.316,28.31600000000003,3.197442310920451e-14
cbo.outlay.social_security,cbo_2017-06,2020,24.473,24.472999999999956,4.263256414560601e-14
cbo.outlay.social_security,cbo_2018-05,2021,50.754,50.753999999999905,9.237055564881302e-14
cbo.outlay.social_security,cbo_2019-05,2022,25.482,25.48199999999997,2.842170943040401e-14
cbo.outlay.social_security,cbo_2020-03,2023,-49.416,-49.41599999999994,5.684341886080802e-14
cbo.outlay.social_security,cbo_2021-07,2024,-96.655,-96.65499999999997,2.842170943040401e-14
cbo.outlay.social_security,cbo_2022-05,2025,-59.006,-59.00599999999986,1.4210854715202004e-13
cbo.outlay.social_security,cbo_1992-03,1996,7.688,7.687999999999988,1.1546319456101628e-14
cbo.outlay.social_security,cbo_1993-03,1997,5.638,5.638000000000034,3.375077994860476e-14
cbo.outlay.social_security,cbo_1994-04,1998,12.326,12.325999999999965,3.552713678800501e-14
cbo.outlay.social_security,cbo_1995-04,1999,24.871,24.871000000000038,3.907985046680551e-14
cbo.outlay.social_security,cbo_1996-05,2000,20.234,20.23399999999998,2.1316282072803006e-14
cbo.outlay.social_security,cbo_1997-03,2001,16.335,16.33499999999998,2.1316282072803006e-14
cbo.outlay.social_security,cbo_1998-03,2002,0.619,0.6190000000000282,2.8199664825478976e-14
cbo.outlay.social_security,cbo_1999-04,2003,-3.148,-3.1479999999999677,3.241851231905457e-14
cbo.outlay.social_security,cbo_2000-04,2004,-6.099,-6.098999999999933,6.750155989720952e-14
cbo.outlay.social_security,cbo_2001-05,2005,4.595,4.595000000000027,2.7533531010703882e-14
cbo.outlay.social_security,cbo_2002-03,2006,1.698,1.697999999999979,2.0872192862952943e-14
cbo.outlay.social_security,cbo_2003-03,2007,-14.156,-14.155999999999949,5.1514348342607263e-14
cbo.outlay.social_security,cbo_2004-03,2008,-25.669,-25.668999999999983,1.7763568394002505e-14
cbo.outlay.social_security,cbo_2005-03,2009,-38.674,-38.67399999999998,2.1316282072803006e-14
cbo.outlay.social_security,cbo_2006-03,2010,-26.74,-26.74000000000001,1.0658141036401503e-14
cbo.outlay.social_security,cbo_2007-03,2011,-14.294,-14.293999999999983,1.7763568394002505e-14
cbo.outlay.social_security,cbo_2008-03,2012,-11.618,-11.618000000000052,5.1514348342607263e-14
cbo.outlay.social_security,cbo_2009-03,2013,-25.83,-25.83000000000004,4.263256414560601e-14
cbo.outlay.social_security,cbo_2010-03,2014,-7.552,-7.552000000000021,2.1316282072803006e-14
cbo.outlay.social_security,cbo_2011-03,2015,5.946,5.946000000000026,2.6645352591003757e-14
cbo.outlay.social_security,cbo_2012-03,2016,38.013,38.01299999999992,7.815970093361102e-14
cbo.outlay.social_security,cbo_2013-05,2017,59.597,59.597000000000094,9.237055564881302e-14
cbo.outlay.social_security,cbo_2014-04,2018,65.931,65.93100000000015,1.5631940186722204e-13
cbo.outlay.social_security,cbo_2015-03,2019,55.028,55.02800000000002,2.1316282072803006e-14
cbo.outlay.social_security,cbo_2016-03,2020,45.033,45.03300000000013,1.2789769243681803e-13
cbo.outlay.social_security,cbo_2017-06,2021,55.002,55.00199999999995,4.973799150320701e-14
cbo.outlay.social_security,cbo_2018-05,2022,40.25,40.24999999999977,2.2737367544323206e-13
cbo.outlay.social_security,cbo_2019-05,2023,-34.854,-34.85400000000004,4.263256414560601e-14
cbo.outlay.social_security,cbo_2020-03,2024,-77.288,-77.28800000000001,1.4210854715202004e-14
cbo.outlay.social_security,cbo_2021-07,2025,-111.384,-111.38400000000001,1.4210854715202004e-14
cbo.outlay.social_security,cbo_1992-03,1997,11.926,11.926000000000045,4.440892098500626e-14
cbo.outlay.social_security,cbo_1993-03,1998,9.047,9.046999999999969,3.197442310920451e-14
cbo.outlay.social_security,cbo_1994-04,1999,20.904,20.903999999999996,3.552713678800501e-15
cbo.outlay.social_security,cbo_1995-04,2000,32.398,32.398000000000025,2.1316282072803006e-14
cbo.outlay.social_security,cbo_1996-05,2001,19.677,19.67700000000002,2.1316282072803006e-14
cbo.outlay.social_security,cbo_1997-03,2002,15.558,15.557999999999993,7.105427357601002e-15
cbo.outlay.social_security,cbo_1998-03,2003,4.253,4.253000000000043,4.263256414560601e-14
cbo.outlay.social_security,cbo_1999-04,2004,-1.97,-1.9699999999999704,2.9531932455029164e-14
cbo.outlay.social_security,cbo_2000-04,2005,-9.875,-9.875,0.0
cbo.outlay.social_security,cbo_2001-05,2006,5.928,5.927999999999997,2.6645352591003757e-15
cbo.outlay.social_security,cbo_2002-03,2007,-6.094,-6.093999999999937,6.306066779870889e-14
cbo.outlay.social_security,cbo_2003-03,2008,-14.184,-14.183999999999969,3.019806626980426e-14
cbo.outlay.social_security,cbo_2004-03,2009,-45.975,-45.97500000000002,2.1316282072803006e-14
cbo.outlay.social_security,cbo_2005-03,2010,-40.192,-40.19200000000001,7.105427357601002e-15
cbo.outlay.social_security,cbo_2006-03,2011,-14.094,-14.094000000000051,5.1514348342607263e-14
cbo.outlay.social_security,cbo_2007-03,2012,-15.014,-15.014000000000124,1.2434497875801753e-13
cbo.outlay.social_security,cbo_2008-03,2013,-6.032,-6.032000000000039,3.907985046680551e-14
cbo.outlay.social_security,cbo_2009-03,2014,-24.04,-24.039999999999964,3.552713678800501e-14
cbo.outlay.social_security,cbo_2010-03,2015,-1.909,-1.9089999999999918,8.215650382226158e-15
cbo.outlay.social_security,cbo_2011-03,2016,28.26,28.25999999999999,1.0658141036401503e-14
cbo.outlay.social_security,cbo_2012-03,2017,62.99,62.99000000000012,1.2079226507921703e-13
cbo.outlay.social_security,cbo_2013-05,2018,75.186,75.18600000000004,2.842170943040401e-14
cbo.outlay.social_security,cbo_2014-04,2019,76.195,76.19499999999994,5.684341886080802e-14
cbo.outlay.social_security,cbo_2015-03,2020,73.262,73.26200000000017,1.7053025658242404e-13
cbo.outlay.social_security,cbo_2016-03,2021,77.696,77.69599999999991,8.526512829121202e-14
cbo.outlay.social_security,cbo_2017-06,2022,44.294,44.29399999999987,1.2789769243681803e-13
cbo.outlay.social_security,cbo_2018-05,2023,-17.888,-17.888000000000147,1.4566126083082054e-13
cbo.outlay.social_security,cbo_2019-05,2024,-63.442,-63.442000000000235,2.3447910280083306e-13
cbo.outlay.social_security,cbo_2020-03,2025,-90.663,-90.66300000000001,1.4210854715202004e-14
cbo.outlay.social_security,cbo_1996-05,2002,18.655,18.65500000000003,2.842170943040401e-14
cbo.outlay.social_security,cbo_1997-03,2003,20.436,20.436000000000035,3.552713678800501e-14
cbo.outlay.social_security,cbo_1998-03,2004,6.93,6.930000000000007,7.105427357601002e-15
cbo.outlay.social_security,cbo_1999-04,2005,-5.072,-5.072000000000003,2.6645352591003757e-15
cbo.outlay.social_security,cbo_2000-04,2006,-10.36,-10.3599999999999,9.947598300641403e-14
cbo.outlay.social_security,cbo_2001-05,2007,-3.475,-3.4750000000000227,2.2648549702353193e-14
cbo.outlay.social_security,cbo_2002-03,2008,-4.632,-4.632000000000062,6.217248937900877e-14
cbo.outlay.social_security,cbo_2003-03,2009,-31.415,-31.414999999999964,3.552713678800501e-14
cbo.outlay.social_security,cbo_2004-03,2010,-47.782,-47.781999999999925,7.105427357601002e-14
cbo.outlay.social_security,cbo_2005-03,2011,-26.393,-26.39300000000003,2.842170943040401e-14
cbo.outlay.social_security,cbo_2006-03,2012,-13.704,-13.704000000000065,6.394884621840902e-14
cbo.outlay.social_security,cbo_2007-03,2013,-8.368,-8.368000000000052,5.1514348342607263e-14
cbo.outlay.social_security,cbo_2008-03,2014,6.129,6.129000000000019,1.9539925233402755e-14
cbo.outlay.social_security,cbo_2009-03,2015,-18.25,-18.25,0.0
cbo.outlay.social_security,cbo_2010-03,2016,19.084,19.083999999999946,5.3290705182007514e-14
cbo.outlay.social_security,cbo_2011-03,2017,56.096,56.09600000000012,1.2079226507921703e-13
cbo.outlay.social_security,cbo_2012-03,2018,78.765,78.76499999999999,1.4210854715202004e-14
cbo.outlay.social_security,cbo_2013-05,2019,81.971,81.971,0.0
cbo.outlay.social_security,cbo_2014-04,2020,96.511,96.5110000000002,1.9895196601282805e-13
cbo.outlay.social_security,cbo_2015-03,2021,107.553,107.55300000000011,1.1368683772161603e-13
cbo.outlay.social_security,cbo_2016-03,2022,69.068,69.06799999999976,2.4158453015843406e-13
cbo.outlay.social_security,cbo_2017-06,2023,-15.015,-15.0150000000001,9.947598300641403e-14
cbo.outlay.social_security,cbo_2018-05,2024,-44.179,-44.17900000000009,8.526512829121202e-14
cbo.outlay.social_security,cbo_2019-05,2025,-78.029,-78.029,0.0
cbo.outlay.social_security,cbo_1996-05,2003,23.411,23.411,0.0
cbo.outlay.social_security,cbo_1997-03,2004,23.873,23.87299999999999,1.0658141036401503e-14
cbo.outlay.social_security,cbo_1998-03,2005,5.658,5.6580000000000155,1.509903313490213e-14
cbo.outlay.social_security,cbo_1999-04,2006,-4.609,-4.608999999999924,7.638334409421077e-14
cbo.outlay.social_security,cbo_2000-04,2007,-21.763,-21.76299999999992,8.171241461241152e-14
cbo.outlay.social_security,cbo_2001-05,2008,-3.789,-3.7889999999999873,1.2878587085651816e-14
cbo.outlay.social_security,cbo_2002-03,2009,-19.752,-19.751999999999953,4.618527782440651e-14
cbo.outlay.social_security,cbo_2003-03,2010,-30.5,-30.5,0.0
cbo.outlay.social_security,cbo_2004-03,2011,-34.58,-34.58000000000004,4.263256414560601e-14
cbo.outlay.social_security,cbo_2005-03,2012,-26.359,-26.35900000000015,1.4921397450962104e-13
cbo.outlay.social_security,cbo_2006-03,2013,-6.96,-6.960000000000036,3.6415315207705135e-14
cbo.outlay.social_security,cbo_2007-03,2014,4.488,4.488000000000056,5.595524044110789e-14
cbo.outlay.social_security,cbo_2008-03,2015,22.081,22.081000000000017,1.7763568394002505e-14
cbo.outlay.social_security,cbo_2009-03,2016,2.379,2.379000000000019,1.9095836023552692e-14
cbo.outlay.social_security,cbo_2010-03,2017,45.164,45.1640000000001,9.947598300641403e-14
cbo.outlay.social_security,cbo_2011-03,2018,75.496,75.49599999999998,1.4210854715202004e-14
cbo.outlay.social_security,cbo_2012-03,2019,86.126,86.12599999999998,2.842170943040401e-14
cbo.outlay.social_security,cbo_2013-05,2020,99.087,99.08700000000022,2.1316282072803006e-13
cbo.outlay.social_security,cbo_2014-04,2021,132.747,132.74700000000007,5.684341886080802e-14
cbo.outlay.social_security,cbo_2015-03,2022,100.221,100.22099999999978,2.2737367544323206e-13
cbo.outlay.social_security,cbo_2016-03,2023,12.153,12.15300000000002,1.9539925233402755e-14
cbo.outlay.social_security,cbo_2017-06,2024,-41.485,-41.4849999999999,9.947598300641403e-14
cbo.outlay.social_security,cbo_2018-05,2025,-55.579,-55.57899999999995,4.973799150320701e-14
cbo.outlay.social_security,cbo_1996-05,2004,26.11,26.109999999999957,4.263256414560601e-14
cbo.outlay.social_security,cbo_1997-03,2005,22.697,22.697000000000003,3.552713678800501e-15
cbo.outlay.social_security,cbo_1998-03,2006,8.69,8.690000000000055,5.5067062021407764e-14
cbo.outlay.social_security,cbo_1999-04,2007,-14.98,-14.980000000000018,1.7763568394002505e-14
cbo.outlay.social_security,cbo_2000-04,2008,-23.899,-23.899,0.0
cbo.outlay.social_security,cbo_2001-05,2009,-21.271,-21.270999999999958,4.263256414560601e-14
cbo.outlay.social_security,cbo_2002-03,2010,-16.498,-16.497999999999934,6.750155989720952e-14
cbo.outlay.social_security,cbo_2003-03,2011,-14.159,-14.158999999999992,8.881784197001252e-15
cbo.outlay.social_security,cbo_2004-03,2012,-35.425,-35.42500000000007,7.105427357601002e-14
cbo.outlay.social_security,cbo_2005-03,2013,-19.907,-19.90700000000004,3.907985046680551e-14
cbo.outlay.social_security,cbo_2006-03,2014,6.538,6.538000000000011,1.0658141036401503e-14
cbo.outlay.social_security,cbo_2007-03,2015,21.49,21.49000000000001,1.0658141036401503e-14
cbo.outlay.social_security,cbo_2008-03,2016,50.812,50.81200000000001,1.4210854715202004e-14
cbo.outlay.social_security,cbo_2009-03,2017,27.725,27.725000000000023,2.1316282072803006e-14
cbo.outlay.social_security,cbo_2010-03,2018,61.55,61.55000000000007,7.105427357601002e-14
cbo.outlay.social_security,cbo_2011-03,2019,85.036,85.03599999999983,1.7053025658242404e-13
cbo.outlay.social_security,cbo_2012-03,2020,103.531,103.53100000000018,1.7053025658242404e-13
cbo.outlay.social_security,cbo_2013-05,2021,131.227,131.2270000000001,8.526512829121202e-14
cbo.outlay.social_security,cbo_2014-04,2022,127.68,127.67999999999984,1.7053025658242404e-13
cbo.outlay.social_security,cbo_2015-03,2023,45.6,45.59999999999991,9.237055564881302e-14
cbo.outlay.social_security,cbo_2016-03,2024,-12.316,-12.316000000000258,2.575717417130363e-13
cbo.outlay.social_security,cbo_2017-06,2025,-54.071,-54.07100000000014,1.4210854715202004e-13
cbo.outlay.social_security,cbo_1996-05,2005,23.531,23.53099999999995,4.973799150320701e-14
cbo.outlay.social_security,cbo_1997-03,2006,25.266,25.266000000000076,7.815970093361102e-14
cbo.outlay.social_security,cbo_1998-03,2007,1.188,1.1879999999999882,1.176836406102666e-14
cbo.outlay.social_security,cbo_1999-04,2008,-15.992,-15.991999999999962,3.907985046680551e-14
cbo.outlay.social_security,cbo_2000-04,2009,-42.81,-42.809999999999945,5.684341886080802e-14
cbo.outlay.social_security,cbo_2001-05,2010,-20.926,-20.92599999999993,6.750155989720952e-14
cbo.outlay.social_security,cbo_2002-03,2011,2.06,2.060000000000059,5.906386491005833e-14
cbo.outlay.social_security,cbo_2003-03,2012,-11.935,-11.93500000000006,5.861977570020827e-14
cbo.outlay.social_security,cbo_2004-03,2013,-29.88,-29.88000000000011,1.1013412404281553e-13
cbo.outlay.social_security,cbo_2005-03,2014,-6.903,-6.90300000000002,2.042810365310288e-14
cbo.outlay.social_security,cbo_2006-03,2015,24.142,24.142000000000053,5.3290705182007514e-14
cbo.outlay.social_security,cbo_2007-03,2016,51.347,51.34699999999998,2.1316282072803006e-14
cbo.outlay.social_security,cbo_2008-03,2017,83.51,83.5100000000001,9.947598300641403e-14
cbo.outlay.social_security,cbo_2009-03,2018,42.706,42.70600000000002,1.4210854715202004e-14
cbo.outlay.social_security,cbo_2010-03,2019,68.556,68.55600000000004,4.263256414560601e-14
cbo.outlay.social_security,cbo_2011-03,2020,103.665,103.66500000000019,1.8474111129762605e-13
cbo.outlay.social_security,cbo_2012-03,2021,135.843,135.84300000000007,8.526512829121202e-14
cbo.outlay.social_security,cbo_2013-05,2022,122.46,122.45999999999981,1.8474111129762605e-13
cbo.outlay.social_security,cbo_2014-04,2023,74.13,74.13000000000011,1.1368683772161603e-13
cbo.outlay.social_security,cbo_2015-03,2024,23.627,23.626999999999953,4.618527782440651e-14
cbo.outlay.social_security,cbo_2016-03,2025,-21.312,-21.312000000000126,1.2434497875801753e-13
cbo.outlay.social_security,cbo_1996-05,2006,24.511,24.51100000000008,8.171241461241152e-14
cbo.outlay.social_security,cbo_1997-03,2007,17.842,17.841999999999985,1.4210854715202004e-14
cbo.outlay.social_security,cbo_1998-03,2008,2.307,2.3070000000000164,1.6431300764452317e-14
cbo.outlay.social_security,cbo_1999-04,2009,-33.547,-33.54699999999991,8.526512829121202e-14
cbo.outlay.social_security,cbo_2000-04,2010,-43.563,-43.56299999999999,1.4210854715202004e-14
cbo.outlay.social_security,cbo_2001-05,2011,-6.207,-6.206999999999994,6.217248937900877e-15
cbo.outlay.social_security,cbo_2002-03,2012,5.849,5.848999999999933,6.750155989720952e-14
cbo.outlay.social_security,cbo_2003-03,2013,-2.656,-2.6560000000000628,6.261657858885883e-14
cbo.outlay.social_security,cbo_2004-03,2014,-17.997,-17.996999999999957,4.263256414560601e-14
cbo.outlay.social_security,cbo_2005-03,2015,10.0,10.0,0.0
cbo.outlay.social_security,cbo_2006-03,2016,54.183,54.18299999999999,7.105427357601002e-15
cbo.outlay.social_security,cbo_2007-03,2017,84.914,84.91399999999999,1.4210854715202004e-14
cbo.outlay.social_security,cbo_2008-03,2018,106.443,106.4430000000001,9.947598300641403e-14
cbo.outlay.social_security,cbo_2009-03,2019,47.68,47.680000000000064,6.394884621840902e-14
cbo.outlay.social_security,cbo_2010-03,2020,84.826,84.82600000000025,2.5579538487363607e-13
cbo.outlay.social_security,cbo_2011-03,2021,136.499,136.49900000000002,2.842170943040401e-14
cbo.outlay.social_security,cbo_2012-03,2022,126.783,126.7829999999999,9.947598300641403e-14
cbo.outlay.social_security,cbo_2013-05,2023,65.909,65.9090000000001,9.947598300641403e-14
cbo.outlay.social_security,cbo_2014-04,2024,53.229,53.228999999999814,1.8474111129762605e-13
cbo.outlay.social_security,cbo_2015-03,2025,14.794,14.793999999999869,1.3145040611561853e-13
cbo.outlay.medicare,cbo_1992-03,1992,1.83,1.8299999999999983,1.7763568394002505e-15
cbo.outlay.medicare,cbo_1993-03,1993,3.378,3.378,0.0
cbo.outlay.medicare,cbo_1994-04,1994,0.752,0.7520000000000095,9.547918011776346e-15
cbo.outlay.medicare,cbo_1995-04,1995,1.181,1.1810000000000116,1.1546319456101628e-14
cbo.outlay.medicare,cbo_1996-05,1996,4.855,4.855000000000018,1.7763568394002505e-14
cbo.outlay.medicare,cbo_1997-03,1997,1.127,1.1270000000000095,9.547918011776346e-15
cbo.outlay.medicare,cbo_1998-03,1998,6.708,6.707999999999998,1.7763568394002505e-15
cbo.outlay.medicare,cbo_1999-04,1999,4.021,4.021000000000015,1.509903313490213e-14
cbo.outlay.medicare,cbo_2000-04,2000,2.318,2.3179999999999836,1.6431300764452317e-14
cbo.outlay.medicare,cbo_2001-05,2001,0.783,0.782999999999987,1.2989609388114332e-14
cbo.outlay.medicare,cbo_2002-03,2002,-5.079,-5.079000000000008,7.993605777301127e-15
cbo.outlay.medicare,cbo_2003-03,2003,-1.072,-1.0720000000000027,2.6645352591003757e-15
cbo.outlay.medicare,cbo_2004-03,2004,0.055,0.05500000000000682,6.8209327075408055e-15
cbo.outlay.medicare,cbo_2005-03,2005,-4.736,-4.73599999999999,9.769962616701378e-15
cbo.outlay.medicare,cbo_2006-03,2006,1.875,1.875,0.0
cbo.outlay.medicare,cbo_2007-03,2007,-5.46,-5.4599999999999795,2.042810365310288e-14
cbo.outlay.medicare,cbo_2008-03,2008,1.469,1.468999999999994,5.995204332975845e-15
cbo.outlay.medicare,cbo_2009-03,2009,-3.614,-3.6140000000000327,3.2862601528904634e-14
cbo.outlay.medicare,cbo_2010-03,2010,13.791,13.790999999999997,3.552713678800501e-15
cbo.outlay.medicare,cbo_2011-03,2011,5.333,5.33299999999997,3.019806626980426e-14
cbo.outlay.medicare,cbo_2012-03,2012,19.584,19.584000000000003,3.552713678800501e-15
cbo.outlay.medicare,cbo_2013-05,2013,3.931,3.930999999999983,1.687538997430238e-14
cbo.outlay.medicare,cbo_2014-04,2014,7.056,7.05600000000004,3.9968028886505635e-14
cbo.outlay.medicare,cbo_2015-03,2015,-5.848,-5.847999999999956,4.3520742565306136e-14
cbo.outlay.medicare,cbo_2016-03,2016,2.852,2.8519999999999754,2.4424906541753444e-14
cbo.outlay.medicare,cbo_2017-06,2017,-1.633,-1.6329999999999245,7.549516567451064e-14
cbo.outlay.medicare,cbo_2018-05,2018,1.336,1.3360000000000127,1.2656542480726785e-14
cbo.outlay.medicare,cbo_2019-05,2019,-13.558,-13.557999999999993,7.105427357601002e-15
cbo.outlay.medicare,cbo_2020-03,2020,-22.387,-22.386999999999944,5.684341886080802e-14
cbo.outlay.medicare,cbo_2021-07,2021,-6.266,-6.266000000000076,7.638334409421077e-14
cbo.outlay.medicare,cbo_2022-05,2022,20.525,20.524999999999977,2.1316282072803006e-14
cbo.outlay.medicare,cbo_2023-05,2023,-13.56,-13.56000000000006,5.861977570020827e-14
cbo.outlay.medicare,cbo_2024-06,2024,-7.111,-7.11099999999999,9.769962616701378e-15
cbo.outlay.medicare,cbo_2025-01,2025,-44.105,-44.10500000000013,1.3500311979441904e-13
cbo.outlay.medicare,cbo_1992-03,1993,2.643,2.6429999999999865,1.3322676295501878e-14
cbo.outlay.medicare,cbo_1993-03,1994,5.399,5.399000000000001,8.881784197001252e-16
cbo.outlay.medicare,cbo_1994-04,1995,0.625,0.625,0.0
cbo.outlay.medicare,cbo_1995-04,1996,7.518,7.518000000000029,2.930988785010413e-14
cbo.outlay.medicare,cbo_1996-05,1997,7.794,7.793999999999983,1.687538997430238e-14
cbo.outlay.medicare,cbo_1997-03,1998,9.24,9.23999999999998,1.9539925233402755e-14
cbo.outlay.medicare,cbo_1998-03,1999,20.637,20.637,0.0
cbo.outlay.medicare,cbo_1999-04,2000,12.619,12.618999999999971,2.842170943040401e-14
cbo.outlay.medicare,cbo_2000-04,2001,2.776,2.775999999999982,1.7763568394002505e-14
cbo.outlay.medicare,cbo_2001-05,2002,-1.665,-1.6650000000000205,2.042810365310288e-14
cbo.outlay.medicare,cbo_2002-03,2003,-11.482,-11.482000000000028,2.842170943040401e-14
cbo.outlay.medicare,cbo_2003-03,2004,-6.357,-6.356999999999971,2.930988785010413e-14
cbo.outlay.medicare,cbo_2004-03,2005,-9.135,-9.134999999999991,8.881784197001252e-15
cbo.outlay.medicare,cbo_2005-03,2006,-2.029,-2.0289999999999964,3.552713678800501e-15
cbo.outlay.medicare,cbo_2006-03,2007,15.123,15.12299999999999,8.881784197001252e-15
cbo.outlay.medicare,cbo_2007-03,2008,4.943,4.9430000000000405,4.085620730620576e-14
cbo.outlay.medicare,cbo_2008-03,2009,-4.604,-4.604000000000042,4.1744385725905886e-14
cbo.outlay.medicare,cbo_2009-03,2010,-3.191,-3.190999999999974,2.5757174171303632e-14
cbo.outlay.medicare,cbo_2010-03,2011,28.2,28.19999999999999,1.0658141036401503e-14
cbo.outlay.medicare,cbo_2011-03,2012,22.949,22.949000000000012,1.0658141036401503e-14
cbo.outlay.medicare,cbo_2012-03,2013,25.119,25.11899999999997,2.842170943040401e-14
cbo.outlay.medicare,cbo_2013-05,2014,9.8,9.800000000000068,6.750155989720952e-14
cbo.outlay.medicare,cbo_2014-04,2015,-10.305,-10.30499999999995,4.973799150320701e-14
cbo.outlay.medicare,cbo_2015-03,2016,-8.537,-8.537000000000035,3.375077994860476e-14
cbo.outlay.medicare,cbo_2016-03,2017,2.894,2.8940000000000055,5.329070518200751e-15
cbo.outlay.medicare,cbo_2017-06,2018,3.793,3.7930000000000064,6.217248937900877e-15
cbo.outlay.medicare,cbo_2018-05,2019,-2.922,-2.9220000000000255,2.531308496145357e-14
cbo.outlay.medicare,cbo_2019-05,2020,-39.275,-39.27500000000009,9.237055564881302e-14
cbo.outlay.medicare,cbo_2020-03,2021,110.921,110.92100000000005,4.263256414560601e-14
cbo.outlay.medicare,cbo_2021-07,2022,1.669,1.6689999999999827,1.7319479184152442e-14
cbo.outlay.medicare,cbo_2022-05,2023,10.803,10.802999999999997,3.552713678800501e-15
cbo.outlay.medicare,cbo_2023-05,2024,-36.21,-36.210000000000036,3.552713678800501e-14
cbo.outlay.medicare,cbo_2024-06,2025,-50.525,-50.52499999999998,2.1316282072803006e-14
cbo.outlay.medicare,cbo_1992-03,1994,0.787,0.7870000000000061,6.106226635438361e-15
cbo.outlay.medicare,cbo_1993-03,1995,6.173,6.173000000000002,1.7763568394002505e-15
cbo.outlay.medicare,cbo_1994-04,1996,4.0,4.000000000000028,2.842170943040401e-14
cbo.outlay.medicare,cbo_1995-04,1997,10.328,10.328000000000003,3.552713678800501e-15
cbo.outlay.medicare,cbo_1996-05,1998,17.408,17.407999999999987,1.4210854715202004e-14
cbo.outlay.medicare,cbo_1997-03,1999,22.507,22.507000000000033,3.197442310920451e-14
cbo.outlay.medicare,cbo_1998-03,2000,27.438,27.437999999999988,1.0658141036401503e-14
cbo.outlay.medicare,cbo_1999-04,2001,14.639,14.63900000000001,1.0658141036401503e-14
cbo.outlay.medicare,cbo_2000-04,2002,-1.098,-1.0980000000000132,1.3100631690576847e-14
cbo.outlay.medicare,cbo_2001-05,2003,-4.593,-4.593000000000018,1.7763568394002505e-14
cbo.outlay.medicare,cbo_2002-03,2004,-15.196,-15.19599999999997,3.019806626980426e-14
cbo.outlay.medicare,cbo_2003-03,2005,-16.995,-16.995000000000005,3.552713678800501e-15
cbo.outlay.medicare,cbo_2004-03,2006,-9.711,-9.711000000000013,1.2434497875801753e-14
cbo.outlay.medicare,cbo_2005-03,2007,5.26,5.259999999999991,8.881784197001252e-15
cbo.outlay.medicare,cbo_2006-03,2008,29.215,29.215000000000032,3.197442310920451e-14
cbo.outlay.medicare,cbo_2007-03,2009,-6.792,-6.79200000000003,3.019806626980426e-14
cbo.outlay.medicare,cbo_2008-03,2010,3.111,3.11099999999999,1.021405182655144e-14
cbo.outlay.medicare,cbo_2009-03,2011,16.357,16.357000000000028,2.842170943040401e-14
cbo.outlay.medicare,cbo_2010-03,2012,34.269,34.26900000000006,6.394884621840902e-14
cbo.outlay.medicare,cbo_2011-03,2013,36.527,36.52699999999999,1.4210854715202004e-14
cbo.outlay.medicare,cbo_2012-03,2014,35.638,35.638000000000034,3.552713678800501e-14
cbo.outlay.medicare,cbo_2013-05,2015,-2.059,-2.058999999999969,3.108624468950438e-14
cbo.outlay.medicare,cbo_2014-04,2016,-6.669,-6.668999999999983,1.687538997430238e-14
cbo.outlay.medicare,cbo_2015-03,2017,-13.04,-13.039999999999964,3.552713678800501e-14
cbo.outlay.medicare,cbo_2016-03,2018,12.975,12.975000000000023,2.3092638912203256e-14
cbo.outlay.medicare,cbo_2017-06,2019,5.926,5.926000000000045,4.440892098500626e-14
cbo.outlay.medicare,cbo_2018-05,2020,-25.449,-25.448999999999955,4.618527782440651e-14
cbo.outlay.medicare,cbo_2019-05,2021,104.873,104.87299999999993,7.105427357601002e-14
cbo.outlay.medicare,cbo_2020-03,2022,18.346,18.346000000000004,3.552713678800501e-15
cbo.outlay.medicare,cbo_2021-07,2023,-9.377,-9.377000000000066,6.572520305780927e-14
cbo.outlay.medicare,cbo_2022-05,2024,-1.214,-1.2140000000000555,5.551115123125783e-14
cbo.outlay.medicare,cbo_2023-05,2025,-67.851,-67.85100000000011,1.1368683772161603e-13
cbo.outlay.medicare,cbo_1992-03,1995,-1.338,-1.3379999999999939,6.217248937900877e-15
cbo.outlay.medicare,cbo_1993-03,1996,6.6,6.599999999999994,5.329070518200751e-15
cbo.outlay.medicare,cbo_1994-04,1997,5.964,5.963999999999999,1.7763568394002505e-15
cbo.outlay.medicare,cbo_1995-04,1998,19.51,19.50999999999999,1.0658141036401503e-14
cbo.outlay.medicare,cbo_1996-05,1999,29.716,29.716000000000008,7.105427357601002e-15
cbo.outlay.medicare,cbo_1997-03,2000,29.373,29.37299999999999,1.0658141036401503e-14
cbo.outlay.medicare,cbo_1998-03,2001,33.966,33.96600000000001,7.105427357601002e-15
cbo.outlay.medicare,cbo_1999-04,2002,11.638,11.637999999999977,2.3092638912203256e-14
cbo.outlay.medicare,cbo_2000-04,2003,-1.667,-1.66700000000003,2.9976021664879227e-14
cbo.outlay.medicare,cbo_2001-05,2004,-3.471,-3.4710000000000036,3.552713678800501e-15
cbo.outlay.medicare,cbo_2002-03,2005,-23.627,-23.62700000000001,1.0658141036401503e-14
cbo.outlay.medicare,cbo_2003-03,2006,-12.736,-12.736000000000047,4.618527782440651e-14
cbo.outlay.medicare,cbo_2004-03,2007,-3.031,-3.030999999999949,5.10702591327572e-14
cbo.outlay.medicare,cbo_2005-03,2008,9.746,9.746000000000038,3.730349362740526e-14
cbo.outlay.medicare,cbo_2006-03,2009,17.759,17.758999999999958,4.263256414560601e-14
cbo.outlay.medicare,cbo_2007-03,2010,-1.568,-1.5679999999999836,1.6431300764452317e-14
cbo.outlay.medicare,cbo_2008-03,2011,24.879,24.87900000000002,1.7763568394002505e-14
cbo.outlay.medicare,cbo_2009-03,2012,28.466,28.466000000000065,6.394884621840902e-14
cbo.outlay.medicare,cbo_2010-03,2013,46.15,46.14999999999992,7.815970093361102e-14
cbo.outlay.medicare,cbo_2011-03,2014,41.095,41.09500000000003,2.842170943040401e-14
cbo.outlay.medicare,cbo_2012-03,2015,25.127,25.126999999999953,4.618527782440651e-14
cbo.outlay.medicare,cbo_2013-05,2016,5.863,5.863000000000056,5.595524044110789e-14
cbo.outlay.medicare,cbo_2014-04,2017,-5.971,-5.971000000000004,3.552713678800501e-15
cbo.outlay.medicare,cbo_2015-03,2018,-0.913,-0.9129999999998972,1.028066520802895e-13
cbo.outlay.medicare,cbo_2016-03,2019,18.005,18.004999999999995,3.552713678800501e-15
cbo.outlay.medicare,cbo_2017-06,2020,-10.852,-10.851999999999975,2.4868995751603507e-14
cbo.outlay.medicare,cbo_2018-05,2021,117.704,117.70399999999995,4.263256414560601e-14
cbo.outlay.medicare,cbo_2019-05,2022,18.708,18.70799999999997,2.842170943040401e-14
cbo.outlay.medicare,cbo_2020-03,2023,-8.209,-8.20900000000006,6.039613253960852e-14
cbo.outlay.medicare,cbo_2021-07,2024,-11.856,-11.855999999999995,5.329070518200751e-15
cbo.outlay.medicare,cbo_2022-05,2025,-32.794,-32.79399999999998,1.4210854715202004e-14
cbo.outlay.medicare,cbo_1992-03,1996,-2.268,-2.2680000000000007,8.881784197001252e-16
cbo.outlay.medicare,cbo_1993-03,1997,8.146,8.145999999999987,1.4210854715202004e-14
cbo.outlay.medicare,cbo_1994-04,1998,15.618,15.617999999999995,5.329070518200751e-15
cbo.outlay.medicare,cbo_1995-04,1999,33.62,33.620000000000005,7.105427357601002e-15
cbo.outlay.medicare,cbo_1996-05,2000,33.455,33.454999999999984,1.4210854715202004e-14
cbo.outlay.medicare,cbo_1997-03,2001,35.255,35.25499999999997,3.552713678800501e-14
cbo.outlay.medicare,cbo_1998-03,2002,30.578,30.577999999999975,2.4868995751603507e-14
cbo.outlay.medicare,cbo_1999-04,2003,12.53,12.53000000000003,3.019806626980426e-14
cbo.outlay.medicare,cbo_2000-04,2004,-0.435,-0.4350000000000023,2.275957200481571e-15
cbo.outlay.medicare,cbo_2001-05,2005,-7.587,-7.586999999999989,1.0658141036401503e-14
cbo.outlay.medicare,cbo_2002-03,2006,-15.708,-15.708000000000027,2.6645352591003757e-14
cbo.outlay.medicare,cbo_2003-03,2007,-5.509,-5.508999999999958,4.263256414560601e-14
cbo.outlay.medicare,cbo_2004-03,2008,3.08,3.079999999999984,1.5987211554602254e-14
cbo.outlay.medicare,cbo_2005-03,2009,-8.657,-8.656999999999982,1.7763568394002505e-14
cbo.outlay.medicare,cbo_2006-03,2010,26.92,26.920000000000016,1.4210854715202004e-14
cbo.outlay.medicare,cbo_2007-03,2011,16.452,16.451999999999998,3.552713678800501e-15
cbo.outlay.medicare,cbo_2008-03,2012,29.405,29.40500000000003,2.842170943040401e-14
cbo.outlay.medicare,cbo_2009-03,2013,37.971,37.97099999999995,4.973799150320701e-14
cbo.outlay.medicare,cbo_2010-03,2014,61.725,61.72500000000002,2.1316282072803006e-14
cbo.outlay.medicare,cbo_2011-03,2015,28.777,28.77699999999993,7.105427357601002e-14
cbo.outlay.medicare,cbo_2012-03,2016,30.457,30.456999999999994,7.105427357601002e-15
cbo.outlay.medicare,cbo_2013-05,2017,12.437,12.437000000000126,1.2612133559741778e-13
cbo.outlay.medicare,cbo_2014-04,2018,4.286,4.286000000000058,5.861977570020827e-14
cbo.outlay.medicare,cbo_2015-03,2019,5.489,5.489000000000033,3.2862601528904634e-14
cbo.outlay.medicare,cbo_2016-03,2020,-0.604,-0.6039999999999281,7.183142969324763e-14
cbo.outlay.medicare,cbo_2017-06,2021,135.867,135.86699999999996,2.842170943040401e-14
cbo.outlay.medicare,cbo_2018-05,2022,21.388,21.38799999999992,8.171241461241152e-14
cbo.outlay.medicare,cbo_2019-05,2023,-12.427,-12.427000000000021,2.1316282072803006e-14
cbo.outlay.medicare,cbo_2020-03,2024,-9.716,-9.716000000000008,8.881784197001252e-15
cbo.outlay.medicare,cbo_2021-07,2025,-44.97,-44.97000000000014,1.4210854715202004e-13
cbo.outlay.medicare,cbo_1992-03,1997,-1.932,-1.9320000000000164,1.6431300764452317e-14
cbo.outlay.medicare,cbo_1993-03,1998,19.022,19.02199999999999,7.105427357601002e-15
cbo.outlay.medicare,cbo_1994-04,1999,32.271,32.271000000000015,1.4210854715202004e-14
cbo.outlay.medicare,cbo_1995-04,2000,39.81,39.809999999999974,2.842170943040401e-14
cbo.outlay.medicare,cbo_1996-05,2001,50.177,50.17699999999999,7.105427357601002e-15
cbo.outlay.medicare,cbo_1997-03,2002,31.498,31.49799999999999,1.0658141036401503e-14
cbo.outlay.medicare,cbo_1998-03,2003,35.381,35.38099999999997,2.842170943040401e-14
cbo.outlay.medicare,cbo_1999-04,2004,14.717,14.716999999999985,1.5987211554602254e-14
cbo.outlay.medicare,cbo_2000-04,2005,-2.788,-2.788000000000011,1.1102230246251565e-14
cbo.outlay.medicare,cbo_2001-05,2006,2.954,2.9540000000000077,7.549516567451064e-15
cbo.outlay.medicare,cbo_2002-03,2007,-5.124,-5.124000000000024,2.398081733190338e-14
cbo.outlay.medicare,cbo_2003-03,2008,1.392,1.391999999999996,3.9968028886505635e-15
cbo.outlay.medicare,cbo_2004-03,2009,-13.84,-13.840000000000032,3.197442310920451e-14
cbo.outlay.medicare,cbo_2005-03,2010,-3.156,-3.156000000000006,5.773159728050814e-15
cbo.outlay.medicare,cbo_2006-03,2011,48.576,48.57600000000002,2.1316282072803006e-14
cbo.outlay.medicare,cbo_2007-03,2012,22.448,22.448000000000036,3.552713678800501e-14
cbo.outlay.medicare,cbo_2008-03,2013,47.907,47.90699999999998,1.4210854715202004e-14
cbo.outlay.medicare,cbo_2009-03,2014,40.438,40.43799999999999,1.4210854715202004e-14
cbo.outlay.medicare,cbo_2010-03,2015,44.343,44.34299999999985,1.5631940186722204e-13
cbo.outlay.medicare,cbo_2011-03,2016,32.847,32.84699999999998,2.1316282072803006e-14
cbo.outlay.medicare,cbo_2012-03,2017,37.738,37.738000000000056,5.684341886080802e-14
cbo.outlay.medicare,cbo_2013-05,2018,29.988,29.988000000000056,5.684341886080802e-14
cbo.outlay.medicare,cbo_2014-04,2019,4.55,4.550000000000068,6.838973831690964e-14
cbo.outlay.medicare,cbo_2015-03,2020,-16.261,-16.260999999999967,3.197442310920451e-14
cbo.outlay.medicare,cbo_2016-03,2021,141.664,141.664,0.0
cbo.outlay.medicare,cbo_2017-06,2022,44.684,44.68399999999997,2.842170943040401e-14
cbo.outlay.medicare,cbo_2018-05,2023,-3.907,-3.907000000000039,3.907985046680551e-14
cbo.outlay.medicare,cbo_2019-05,2024,-12.236,-12.23599999999999,1.0658141036401503e-14
cbo.outlay.medicare,cbo_2020-03,2025,-46.122,-46.12200000000007,7.105427357601002e-14
cbo.outlay.medicare,cbo_1996-05,2002,43.514,43.51399999999995,4.973799150320701e-14
cbo.outlay.medicare,cbo_1997-03,2003,35.967,35.96700000000004,4.263256414560601e-14
cbo.outlay.medicare,cbo_1998-03,2004,40.629,40.62899999999996,3.552713678800501e-14
cbo.outlay.medicare,cbo_1999-04,2005,15.655,15.654999999999973,2.6645352591003757e-14
cbo.outlay.medicare,cbo_2000-04,2006,0.424,0.42399999999997817,2.1815882433884326e-14
cbo.outlay.medicare,cbo_2001-05,2007,15.767,15.766999999999996,3.552713678800501e-15
cbo.outlay.medicare,cbo_2002-03,2008,5.478,5.477999999999952,4.796163466380676e-14
cbo.outlay.medicare,cbo_2003-03,2009,-13.913,-13.913000000000011,1.0658141036401503e-14
cbo.outlay.medicare,cbo_2004-03,2010,-8.281,-8.281000000000006,5.329070518200751e-15
cbo.outlay.medicare,cbo_2005-03,2011,8.4,8.399999999999977,2.3092638912203256e-14
cbo.outlay.medicare,cbo_2006-03,2012,61.397,61.39699999999999,7.105427357601002e-15
cbo.outlay.medicare,cbo_2007-03,2013,38.526,38.5259999999999,1.0658141036401503e-13
cbo.outlay.medicare,cbo_2008-03,2014,50.463,50.46300000000008,7.815970093361102e-14
cbo.outlay.medicare,cbo_2009-03,2015,24.864,24.86399999999992,8.171241461241152e-14
cbo.outlay.medicare,cbo_2010-03,2016,48.149,48.149,0.0
cbo.outlay.medicare,cbo_2011-03,2017,44.873,44.87300000000005,4.973799150320701e-14
cbo.outlay.medicare,cbo_2012-03,2018,61.25,61.25,0.0
cbo.outlay.medicare,cbo_2013-05,2019,31.022,31.022000000000048,4.973799150320701e-14
cbo.outlay.medicare,cbo_2014-04,2020,-18.094,-18.093999999999937,6.394884621840902e-14
cbo.outlay.medicare,cbo_2015-03,2021,129.389,129.389,0.0
cbo.outlay.medicare,cbo_2016-03,2022,50.522,50.521999999999935,6.394884621840902e-14
cbo.outlay.medicare,cbo_2017-06,2023,19.535,19.534999999999968,3.197442310920451e-14
cbo.outlay.medicare,cbo_2018-05,2024,-2.434,-2.4340000000000828,8.260059303211165e-14
cbo.outlay.medicare,cbo_2019-05,2025,-54.579,-54.579000000000065,6.394884621840902e-14
cbo.outlay.medicare,cbo_1996-05,2003,50.674,50.67399999999998,2.1316282072803006e-14
cbo.outlay.medicare,cbo_1997-03,2004,42.067,42.06700000000001,7.105427357601002e-15
cbo.outlay.medicare,cbo_1998-03,2005,47.848,47.847999999999956,4.263256414560601e-14
cbo.outlay.medicare,cbo_1999-04,2006,23.231,23.230999999999995,7.105427357601002e-15
cbo.outlay.medicare,cbo_2000-04,2007,15.394,15.394000000000005,5.329070518200751e-15
cbo.outlay.medicare,cbo_2001-05,2008,28.493,28.492999999999995,3.552713678800501e-15
cbo.outlay.medicare,cbo_2002-03,2009,-7.732,-7.732000000000028,2.7533531010703882e-14
cbo.outlay.medicare,cbo_2003-03,2010,-7.212,-7.211999999999989,1.0658141036401503e-14
cbo.outlay.medicare,cbo_2004-03,2011,0.813,0.8129999999999882,1.176836406102666e-14
cbo.outlay.medicare,cbo_2005-03,2012,42.423,42.42300000000006,5.684341886080802e-14
cbo.outlay.medicare,cbo_2006-03,2013,84.97,84.96999999999997,2.842170943040401e-14
cbo.outlay.medicare,cbo_2007-03,2014,37.572,37.572,0.0
cbo.outlay.medicare,cbo_2008-03,2015,46.566,46.56600000000003,2.842170943040401e-14
cbo.outlay.medicare,cbo_2009-03,2016,30.91,30.909999999999968,3.197442310920451e-14
cbo.outlay.medicare,cbo_2010-03,2017,53.674,53.67400000000009,9.237055564881302e-14
cbo.outlay.medicare,cbo_2011-03,2018,69.278,69.27800000000002,1.4210854715202004e-14
cbo.outlay.medicare,cbo_2012-03,2019,59.077,59.077,0.0
cbo.outlay.medicare,cbo_2013-05,2020,10.706,10.706000000000017,1.7763568394002505e-14
cbo.outlay.medicare,cbo_2014-04,2021,126.865,126.86500000000001,1.4210854715202004e-14
cbo.outlay.medicare,cbo_2015-03,2022,42.782,42.781999999999925,7.105427357601002e-14
cbo.outlay.medicare,cbo_2016-03,2023,24.804,24.803999999999974,2.4868995751603507e-14
cbo.outlay.medicare,cbo_2017-06,2024,32.334,32.333999999999946,5.684341886080802e-14
cbo.outlay.medicare,cbo_2018-05,2025,-46.021,-46.02100000000007,7.105427357601002e-14
cbo.outlay.medicare,cbo_1996-05,2004,59.656,59.656000000000006,7.105427357601002e-15
cbo.outlay.medicare,cbo_1997-03,2005,48.778,48.77800000000002,2.1316282072803006e-14
cbo.outlay.medicare,cbo_1998-03,2006,49.421,49.420999999999935,6.394884621840902e-14
cbo.outlay.medicare,cbo_1999-04,2007,43.166,43.166000000000054,5.684341886080802e-14
cbo.outlay.medicare,cbo_2000-04,2008,26.377,26.37700000000001,1.0658141036401503e-14
cbo.outlay.medicare,cbo_2001-05,2009,18.513,18.512999999999977,2.4868995751603507e-14
cbo.outlay.medicare,cbo_2002-03,2010,0.145,0.1449999999999818,1.8179902028236938e-14
cbo.outlay.medicare,cbo_2003-03,2011,1.067,1.0670000000000073,7.327471962526033e-15
cbo.outlay.medicare,cbo_2004-03,2012,36.068,36.067999999999984,1.4210854715202004e-14
cbo.outlay.medicare,cbo_2005-03,2013,54.062,54.061999999999955,4.263256414560601e-14
cbo.outlay.medicare,cbo_2006-03,2014,95.068,95.06799999999998,1.4210854715202004e-14
cbo.outlay.medicare,cbo_2007-03,2015,31.476,31.476,0.0
cbo.outlay.medicare,cbo_2008-03,2016,63.761,63.76099999999997,3.552713678800501e-14
cbo.outlay.medicare,cbo_2009-03,2017,31.255,31.254999999999995,3.552713678800501e-15
cbo.outlay.medicare,cbo_2010-03,2018,72.211,72.21100000000001,1.4210854715202004e-14
cbo.outlay.medicare,cbo_2011-03,2019,65.73,65.73000000000002,1.4210854715202004e-14
cbo.outlay.medicare,cbo_2012-03,2020,40.217,40.2170000000001,9.947598300641403e-14
cbo.outlay.medicare,cbo_2013-05,2021,157.115,157.115,0.0
cbo.outlay.medicare,cbo_2014-04,2022,31.267,31.26699999999994,6.039613253960852e-14
cbo.outlay.medicare,cbo_2015-03,2023,15.947,15.947000000000003,3.552713678800501e-15
cbo.outlay.medicare,cbo_2016-03,2024,31.362,31.361999999999966,3.197442310920451e-14
cbo.outlay.medicare,cbo_2017-06,2025,-12.441,-12.441000000000031,3.019806626980426e-14
cbo.outlay.medicare,cbo_1996-05,2005,60.15,60.150000000000034,3.552713678800501e-14
cbo.outlay.medicare,cbo_1997-03,2006,53.752,53.75200000000001,7.105427357601002e-15
cbo.outlay.medicare,cbo_1998-03,2007,74.296,74.29600000000005,4.263256414560601e-14
cbo.outlay.medicare,cbo_1999-04,2008,59.565,59.565,0.0
cbo.outlay.medicare,cbo_2000-04,2009,14.514,14.51400000000001,1.0658141036401503e-14
cbo.outlay.medicare,cbo_2001-05,2010,29.809,29.809000000000026,2.4868995751603507e-14
cbo.outlay.medicare,cbo_2002-03,2011,8.686,8.686000000000035,3.552713678800501e-14
cbo.outlay.medicare,cbo_2003-03,2012,41.401,41.40100000000001,7.105427357601002e-15
cbo.outlay.medicare,cbo_2004-03,2013,45.045,45.045000000000016,1.4210854715202004e-14
cbo.outlay.medicare,cbo_2005-03,2014,61.2,61.200000000000045,4.263256414560601e-14
cbo.outlay.medicare,cbo_2006-03,2015,100.645,100.64499999999998,1.4210854715202004e-14
cbo.outlay.medicare,cbo_2007-03,2016,48.322,48.322000000000116,1.1368683772161603e-13
cbo.outlay.medicare,cbo_2008-03,2017,66.732,66.73200000000008,8.526512829121202e-14
cbo.outlay.medicare,cbo_2009-03,2018,45.876,45.875999999999976,2.1316282072803006e-14
cbo.outlay.medicare,cbo_2010-03,2019,78.696,78.69600000000014,1.4210854715202004e-13
cbo.outlay.medicare,cbo_2011-03,2020,47.804,47.80400000000009,8.526512829121202e-14
cbo.outlay.medicare,cbo_2012-03,2021,186.269,186.269,0.0
cbo.outlay.medicare,cbo_2013-05,2022,62.416,62.41599999999994,5.684341886080802e-14
cbo.outlay.medicare,cbo_2014-04,2023,3.202,3.201999999999998,1.7763568394002505e-15
cbo.outlay.medicare,cbo_2015-03,2024,19.96,19.959999999999923,7.815970093361102e-14
cbo.outlay.medicare,cbo_2016-03,2025,-10.825,-10.825000000000045,4.618527782440651e-14
cbo.outlay.medicare,cbo_1996-05,2006,76.613,76.613,0.0
cbo.outlay.medicare,cbo_1997-03,2007,82.105,82.10500000000002,1.4210854715202004e-14
cbo.outlay.medicare,cbo_1998-03,2008,90.357,90.35700000000003,2.842170943040401e-14
cbo.outlay.medicare,cbo_1999-04,2009,52.119,52.11899999999997,2.842170943040401e-14
cbo.outlay.medicare,cbo_2000-04,2010,24.352,24.352000000000032,3.197442310920451e-14
cbo.outlay.medicare,cbo_2001-05,2011,47.293,47.293000000000006,7.105427357601002e-15
cbo.outlay.medicare,cbo_2002-03,2012,50.634,50.63400000000007,7.105427357601002e-14
cbo.outlay.medicare,cbo_2003-03,2013,50.417,50.41699999999997,2.842170943040401e-14
cbo.outlay.medicare,cbo_2004-03,2014,52.146,52.14600000000007,7.105427357601002e-14
cbo.outlay.medicare,cbo_2005-03,2015,62.824,62.823999999999955,4.263256414560601e-14
cbo.outlay.medicare,cbo_2006-03,2016,126.793,126.793,0.0
cbo.outlay.medicare,cbo_2007-03,2017,54.253,54.25300000000004,4.263256414560601e-14
cbo.outlay.medicare,cbo_2008-03,2018,82.034,82.03399999999999,1.4210854715202004e-14
cbo.outlay.medicare,cbo_2009-03,2019,46.983,46.98299999999995,4.973799150320701e-14
cbo.outlay.medicare,cbo_2010-03,2020,56.62,56.620000000000005,7.105427357601002e-15
cbo.outlay.medicare,cbo_2011-03,2021,196.271,196.27099999999996,2.842170943040401e-14
cbo.outlay.medicare,cbo_2012-03,2022,83.623,83.62299999999993,7.105427357601002e-14
cbo.outlay.medicare,cbo_2013-05,2023,41.817,41.816999999999894,1.0658141036401503e-13
cbo.outlay.medicare,cbo_2014-04,2024,11.504,11.504000000000019,1.9539925233402755e-14
cbo.outlay.medicare,cbo_2015-03,2025,-30.924,-30.923999999999978,2.1316282072803006e-14
cbo.outlay.medicaid,cbo_1992-03,1992,0.525,0.5250000000000057,5.662137425588298e-15
cbo.outlay.medicaid,cbo_1993-03,1993,4.546,4.545999999999992,7.993605777301127e-15
cbo.outlay.medicaid,cbo_1994-04,1994,3.818,3.817999999999998,2.220446049250313e-15
cbo.outlay.medicaid,cbo_1995-04,1995,0.146,0.1460000000000008,8.049116928532385e-16
cbo.outlay.medicaid,cbo_1996-05,1996,3.797,3.796999999999997,3.1086244689504383e-15
cbo.outlay.medicaid,cbo_1997-03,1997,3.047,3.046999999999997,3.1086244689504383e-15
cbo.outlay.medicaid,cbo_1998-03,1998,-0.728,-0.7279999999999944,5.551115123125783e-15
cbo.outlay.medicaid,cbo_1999-04,1999,-0.558,-0.5580000000000069,6.8833827526759706e-15
cbo.outlay.medicaid,cbo_2000-04,2000,-2.776,-2.7760000000000105,1.0658141036401503e-14
cbo.outlay.medicaid,cbo_2001-05,2001,0.172,0.17199999999999704,2.942091015256665e-15
cbo.outlay.medicaid,cbo_2002-03,2002,-1.462,-1.461999999999989,1.0880185641326534e-14
cbo.outlay.medicaid,cbo_2003-03,2003,1.393,1.3929999999999723,2.7755575615628914e-14
cbo.outlay.medicaid,cbo_2004-03,2004,-2.28,-2.280000000000001,1.3322676295501878e-15
cbo.outlay.medicaid,cbo_2005-03,2005,1.47,1.4699999999999989,1.1102230246251565e-15
cbo.outlay.medicaid,cbo_2006-03,2006,9.194,9.193999999999988,1.2434497875801753e-14
cbo.outlay.medicaid,cbo_2007-03,2007,1.656,1.656000000000006,5.995204332975845e-15
cbo.outlay.medicaid,cbo_2008-03,2008,5.823,5.8230000000000075,7.105427357601002e-15
cbo.outlay.medicaid,cbo_2009-03,2009,4.455,4.454999999999984,1.5987211554602254e-14
cbo.outlay.medicaid,cbo_2010-03,2010,4.304,4.303999999999974,2.6645352591003757e-14
cbo.outlay.medicaid,cbo_2011-03,2011,0.077,0.07699999999999818,1.817990202823694e-15
cbo.outlay.medicaid,cbo_2012-03,2012,7.506,7.506000000000029,2.842170943040401e-14
cbo.outlay.medicaid,cbo_2013-05,2013,-0.076,-0.07600000000002183,2.182976022169214e-14
cbo.outlay.medicaid,cbo_2014-04,2014,-2.605,-2.6049999999999613,3.863576125695545e-14
cbo.outlay.medicaid,cbo_2015-03,2015,-6.389,-6.38900000000001,9.769962616701378e-15
cbo.outlay.medicaid,cbo_2016-03,2016,2.647,2.647000000000048,4.8405723873656825e-14
cbo.outlay.medicaid,cbo_2017-06,2017,10.558,10.557999999999993,7.105427357601002e-15
cbo.outlay.medicaid,cbo_2018-05,2018,-5.923,-5.923000000000002,1.7763568394002505e-15
cbo.outlay.medicaid,cbo_2019-05,2019,-4.795,-4.795000000000016,1.5987211554602254e-14
cbo.outlay.medicaid,cbo_2020-03,2020,5.513,5.512999999999977,2.3092638912203256e-14
cbo.outlay.medicaid,cbo_2021-07,2021,-1.43,-1.42999999999995,4.9960036108132044e-14
cbo.outlay.medicaid,cbo_2022-05,2022,-2.694,-2.69399999999996,3.9968028886505635e-14
cbo.outlay.medicaid,cbo_2023-05,2023,-21.485,-21.485000000000014,1.4210854715202004e-14
cbo.outlay.medicaid,cbo_2024-06,2024,-10.619,-10.619000000000028,2.842170943040401e-14
cbo.outlay.medicaid,cbo_2025-01,2025,-10.982,-10.981999999999971,2.842170943040401e-14
cbo.outlay.medicaid,cbo_1992-03,1993,3.816,3.8160000000000025,2.6645352591003757e-15
cbo.outlay.medicaid,cbo_1993-03,1994,9.836,9.835999999999999,1.7763568394002505e-15
cbo.outlay.medicaid,cbo_1994-04,1995,7.129,7.129000000000005,5.329070518200751e-15
cbo.outlay.medicaid,cbo_1995-04,1996,7.352,7.352000000000004,3.552713678800501e-15
cbo.outlay.medicaid,cbo_1996-05,1997,9.791,9.790999999999997,3.552713678800501e-15
cbo.outlay.medicaid,cbo_1997-03,1998,4.711,4.711000000000013,1.2434497875801753e-14
cbo.outlay.medicaid,cbo_1998-03,1999,0.376,0.3760000000000048,4.773959005888173e-15
cbo.outlay.medicaid,cbo_1999-04,2000,-1.343,-1.3430000000000035,3.552713678800501e-15
cbo.outlay.medicaid,cbo_2000-04,2001,-5.234,-5.233999999999995,5.329070518200751e-15
cbo.outlay.medicaid,cbo_2001-05,2002,-6.0,-6.0,0.0
cbo.outlay.medicaid,cbo_2002-03,2003,-2.403,-2.40300000000002,1.9984014443252818e-14
cbo.outlay.medicaid,cbo_2003-03,2004,-0.046,-0.04599999999999227,7.729927808952652e-15
cbo.outlay.medicaid,cbo_2004-03,2005,-0.899,-0.8990000000000009,8.881784197001252e-16
cbo.outlay.medicaid,cbo_2005-03,2006,10.252,10.25200000000001,8.881784197001252e-15
cbo.outlay.medicaid,cbo_2006-03,2007,8.563,8.562999999999988,1.2434497875801753e-14
cbo.outlay.medicaid,cbo_2007-03,2008,7.736,7.736000000000018,1.865174681370263e-14
cbo.outlay.medicaid,cbo_2008-03,2009,7.955,7.9550000000000125,1.2434497875801753e-14
cbo.outlay.medicaid,cbo_2009-03,2010,11.437,11.436999999999955,4.440892098500626e-14
cbo.outlay.medicaid,cbo_2010-03,2011,3.291,3.290999999999997,3.1086244689504383e-15
cbo.outlay.medicaid,cbo_2011-03,2012,9.427,9.427000000000021,2.1316282072803006e-14
cbo.outlay.medicaid,cbo_2012-03,2013,10.568,10.56800000000004,4.085620730620576e-14
cbo.outlay.medicaid,cbo_2013-05,2014,-3.392,-3.391999999999996,3.9968028886505635e-15
cbo.outlay.medicaid,cbo_2014-04,2015,-19.514,-19.51400000000001,1.0658141036401503e-14
cbo.outlay.medicaid,cbo_2015-03,2016,-0.657,-0.6569999999999823,1.7763568394002505e-14
cbo.outlay.medicaid,cbo_2016-03,2017,18.47,18.46999999999997,2.842170943040401e-14
cbo.outlay.medicaid,cbo_2017-06,2018,22.862,22.862000000000023,2.4868995751603507e-14
cbo.outlay.medicaid,cbo_2018-05,2019,-7.833,-7.83299999999997,3.019806626980426e-14
cbo.outlay.medicaid,cbo_2019-05,2020,3.231,3.2309999999999945,5.329070518200751e-15
cbo.outlay.medicaid,cbo_2020-03,2021,-2.951,-2.951000000000022,2.1760371282653068e-14
cbo.outlay.medicaid,cbo_2021-07,2022,-46.102,-46.101999999999975,2.1316282072803006e-14
cbo.outlay.medicaid,cbo_2022-05,2023,-27.033,-27.03300000000013,1.2789769243681803e-13
cbo.outlay.medicaid,cbo_2023-05,2024,-77.112,-77.11200000000008,8.526512829121202e-14
cbo.outlay.medicaid,cbo_2024-06,2025,-66.366,-66.3660000000001,9.947598300641403e-14
cbo.outlay.medicaid,cbo_1992-03,1994,7.014,7.013999999999996,4.440892098500626e-15
cbo.outlay.medicaid,cbo_1993-03,1995,14.89,14.89,0.0
cbo.outlay.medicaid,cbo_1994-04,1996,16.179,16.179000000000002,3.552713678800501e-15
cbo.outlay.medicaid,cbo_1995-04,1997,15.031,15.030999999999992,8.881784197001252e-15
cbo.outlay.medicaid,cbo_1996-05,1998,14.327,14.327000000000012,1.2434497875801753e-14
cbo.outlay.medicaid,cbo_1997-03,1999,5.353,5.352999999999994,5.329070518200751e-15
cbo.outlay.medicaid,cbo_1998-03,2000,-2.907,-2.9070000000000107,1.0658141036401503e-14
cbo.outlay.medicaid,cbo_1999-04,2001,-3.974,-3.9740000000000038,3.552713678800501e-15
cbo.outlay.medicaid,cbo_2000-04,2002,-14.573,-14.573000000000008,7.105427357601002e-15
cbo.outlay.medicaid,cbo_2001-05,2003,-5.339,-5.338999999999999,1.7763568394002505e-15
cbo.outlay.medicaid,cbo_2002-03,2004,-2.551,-2.5509999999999877,1.2434497875801753e-14
cbo.outlay.medicaid,cbo_2003-03,2005,0.84,0.839999999999975,2.4980018054066022e-14
cbo.outlay.medicaid,cbo_2004-03,2006,6.451,6.450999999999993,6.217248937900877e-15
cbo.outlay.medicaid,cbo_2005-03,2007,10.707,10.706999999999994,7.105427357601002e-15
cbo.outlay.medicaid,cbo_2006-03,2008,14.849,14.849000000000018,1.7763568394002505e-14
cbo.outlay.medicaid,cbo_2007-03,2009,9.914,9.913999999999959,4.085620730620576e-14
cbo.outlay.medicaid,cbo_2008-03,2010,12.026,12.02600000000001,1.0658141036401503e-14
cbo.outlay.medicaid,cbo_2009-03,2011,9.096,9.095999999999947,5.3290705182007514e-14
cbo.outlay.medicaid,cbo_2010-03,2012,11.747,11.747000000000014,1.4210854715202004e-14
cbo.outlay.medicaid,cbo_2011-03,2013,10.397,10.396999999999991,8.881784197001252e-15
cbo.outlay.medicaid,cbo_2012-03,2014,37.268,37.26800000000003,2.842170943040401e-14
cbo.outlay.medicaid,cbo_2013-05,2015,-20.606,-20.605999999999995,7.105427357601002e-15
cbo.outlay.medicaid,cbo_2014-04,2016,0.462,0.46200000000004593,4.590772206825022e-14
cbo.outlay.medicaid,cbo_2015-03,2017,11.597,11.59699999999998,1.9539925233402755e-14
cbo.outlay.medicaid,cbo_2016-03,2018,27.909,27.908999999999992,7.105427357601002e-15
cbo.outlay.medicaid,cbo_2017-06,2019,19.774,19.774,0.0
cbo.outlay.medicaid,cbo_2018-05,2020,1.86,1.8599999999999568,4.3298697960381105e-14
cbo.outlay.medicaid,cbo_2019-05,2021,-5.714,-5.713999999999942,5.861977570020827e-14
cbo.outlay.medicaid,cbo_2020-03,2022,-57.589,-57.58899999999994,5.684341886080802e-14
cbo.outlay.medicaid,cbo_2021-07,2023,-116.093,-116.09300000000002,1.4210854715202004e-14
cbo.outlay.medicaid,cbo_2022-05,2024,-74.191,-74.19100000000014,1.4210854715202004e-13
cbo.outlay.medicaid,cbo_2023-05,2025,-130.31,-130.31000000000006,5.684341886080802e-14
cbo.outlay.medicaid,cbo_1992-03,1995,10.114,10.114000000000004,3.552713678800501e-15
cbo.outlay.medicaid,cbo_1993-03,1996,24.12,24.120000000000005,3.552713678800501e-15
cbo.outlay.medicaid,cbo_1994-04,1997,25.937,25.936999999999998,3.552713678800501e-15
cbo.outlay.medicaid,cbo_1995-04,1998,20.951,20.951000000000008,7.105427357601002e-15
cbo.outlay.medicaid,cbo_1996-05,1999,17.532,17.531999999999996,3.552713678800501e-15
cbo.outlay.medicaid,cbo_1997-03,2000,3.539,3.5390000000000015,1.3322676295501878e-15
cbo.outlay.medicaid,cbo_1998-03,2001,-6.221,-6.221000000000004,3.552713678800501e-15
cbo.outlay.medicaid,cbo_1999-04,2002,-13.025,-13.025000000000006,5.329070518200751e-15
cbo.outlay.medicaid,cbo_2000-04,2003,-14.668,-14.668000000000035,3.552713678800501e-14
cbo.outlay.medicaid,cbo_2001-05,2004,-5.019,-5.0190000000000055,5.329070518200751e-15
cbo.outlay.medicaid,cbo_2002-03,2005,-0.247,-0.24699999999998568,1.432187701766452e-14
cbo.outlay.medicaid,cbo_2003-03,2006,10.413,10.412999999999982,1.7763568394002505e-14
cbo.outlay.medicaid,cbo_2004-03,2007,6.6,6.600000000000023,2.3092638912203256e-14
cbo.outlay.medicaid,cbo_2005-03,2008,17.877,17.87700000000001,1.0658141036401503e-14
cbo.outlay.medicaid,cbo_2006-03,2009,16.758,16.75800000000001,1.0658141036401503e-14
cbo.outlay.medicaid,cbo_2007-03,2010,13.904,13.903999999999996,3.552713678800501e-15
cbo.outlay.medicaid,cbo_2008-03,2011,13.32,13.319999999999993,7.105427357601002e-15
cbo.outlay.medicaid,cbo_2009-03,2012,19.115,19.11500000000001,1.0658141036401503e-14
cbo.outlay.medicaid,cbo_2010-03,2013,10.274,10.274000000000001,1.7763568394002505e-15
cbo.outlay.medicaid,cbo_2011-03,2014,19.903,19.90300000000002,2.1316282072803006e-14
cbo.outlay.medicaid,cbo_2012-03,2015,34.411,34.411,0.0
cbo.outlay.medicaid,cbo_2013-05,2016,1.869,1.8690000000000282,2.8199664825478976e-14
cbo.outlay.medicaid,cbo_2014-04,2017,22.131,22.130999999999972,2.842170943040401e-14
cbo.outlay.medicaid,cbo_2015-03,2018,18.494,18.49399999999997,2.842170943040401e-14
cbo.outlay.medicaid,cbo_2016-03,2019,24.132,24.132000000000005,3.552713678800501e-15
cbo.outlay.medicaid,cbo_2017-06,2020,27.502,27.50200000000001,1.0658141036401503e-14
cbo.outlay.medicaid,cbo_2018-05,2021,-6.388,-6.38799999999992,7.993605777301127e-14
cbo.outlay.medicaid,cbo_2019-05,2022,-58.914,-58.913999999999874,1.2789769243681803e-13
cbo.outlay.medicaid,cbo_2020-03,2023,-116.99,-116.99000000000007,7.105427357601002e-14
cbo.outlay.medicaid,cbo_2021-07,2024,-100.443,-100.44299999999998,1.4210854715202004e-14
cbo.outlay.medicaid,cbo_2022-05,2025,-115.14,-115.13999999999999,1.4210854715202004e-14
cbo.outlay.medicaid,cbo_1992-03,1996,19.036,19.036,0.0
cbo.outlay.medicaid,cbo_1993-03,1997,33.89,33.88999999999997,2.842170943040401e-14
cbo.outlay.medicaid,cbo_1994-04,1998,34.253,34.253,0.0
cbo.outlay.medicaid,cbo_1995-04,1999,25.996,25.99599999999998,1.7763568394002505e-14
cbo.outlay.medicaid,cbo_1996-05,2000,18.251,18.25099999999999,1.0658141036401503e-14
cbo.outlay.medicaid,cbo_1997-03,2001,1.343,1.3430000000000177,1.7763568394002505e-14
cbo.outlay.medicaid,cbo_1998-03,2002,-17.061,-17.061000000000007,7.105427357601002e-15
cbo.outlay.medicaid,cbo_1999-04,2003,-12.914,-12.914000000000016,1.5987211554602254e-14
cbo.outlay.medicaid,cbo_2000-04,2004,-15.41,-15.409999999999968,3.197442310920451e-14
cbo.outlay.medicaid,cbo_2001-05,2005,-3.422,-3.421999999999997,3.1086244689504383e-15
cbo.outlay.medicaid,cbo_2002-03,2006,9.395,9.39500000000001,1.0658141036401503e-14
cbo.outlay.medicaid,cbo_2003-03,2007,9.558,9.557999999999993,7.105427357601002e-15
cbo.outlay.medicaid,cbo_2004-03,2008,13.083,13.083000000000027,2.6645352591003757e-14
cbo.outlay.medicaid,cbo_2005-03,2009,20.891,20.89099999999999,7.105427357601002e-15
cbo.outlay.medicaid,cbo_2006-03,2010,20.718,20.718000000000018,1.7763568394002505e-14
cbo.outlay.medicaid,cbo_2007-03,2011,16.088,16.087999999999965,3.552713678800501e-14
cbo.outlay.medicaid,cbo_2008-03,2012,30.33,30.329999999999984,1.4210854715202004e-14
cbo.outlay.medicaid,cbo_2009-03,2013,21.064,21.06400000000002,2.1316282072803006e-14
cbo.outlay.medicaid,cbo_2010-03,2014,14.597,14.597000000000037,3.730349362740526e-14
cbo.outlay.medicaid,cbo_2011-03,2015,8.446,8.446000000000026,2.6645352591003757e-14
cbo.outlay.medicaid,cbo_2012-03,2016,57.342,57.34200000000004,4.263256414560601e-14
cbo.outlay.medicaid,cbo_2013-05,2017,21.728,21.72800000000001,7.105427357601002e-15
cbo.outlay.medicaid,cbo_2014-04,2018,33.449,33.44900000000007,7.105427357601002e-14
cbo.outlay.medicaid,cbo_2015-03,2019,12.822,12.822000000000003,3.552713678800501e-15
cbo.outlay.medicaid,cbo_2016-03,2020,32.751,32.750999999999976,2.1316282072803006e-14
cbo.outlay.medicaid,cbo_2017-06,2021,14.099,14.099000000000046,4.618527782440651e-14
cbo.outlay.medicaid,cbo_2018-05,2022,-58.483,-58.48299999999995,4.973799150320701e-14
cbo.outlay.medicaid,cbo_2019-05,2023,-117.721,-117.721,0.0
cbo.outlay.medicaid,cbo_2020-03,2024,-90.805,-90.80500000000006,5.684341886080802e-14
cbo.outlay.medicaid,cbo_2021-07,2025,-120.621,-120.62099999999998,1.4210854715202004e-14
cbo.outlay.medicaid,cbo_1992-03,1997,29.249,29.248999999999995,3.552713678800501e-15
cbo.outlay.medicaid,cbo_1993-03,1998,42.331,42.331,0.0
cbo.outlay.medicaid,cbo_1994-04,1999,42.215,42.215,0.0
cbo.outlay.medicaid,cbo_1995-04,2000,28.214,28.214000000000013,1.4210854715202004e-14
cbo.outlay.medicaid,cbo_1996-05,2001,19.115,19.11500000000001,1.0658141036401503e-14
cbo.outlay.medicaid,cbo_1997-03,2002,-7.766,-7.7660000000000196,1.9539925233402755e-14
cbo.outlay.medicaid,cbo_1998-03,2003,-18.245,-18.245000000000033,3.197442310920451e-14
cbo.outlay.medicaid,cbo_1999-04,2004,-13.803,-13.802999999999997,3.552713678800501e-15
cbo.outlay.medicaid,cbo_2000-04,2005,-14.016,-14.015999999999991,8.881784197001252e-15
cbo.outlay.medicaid,cbo_2001-05,2006,5.612,5.611999999999995,5.329070518200751e-15
cbo.outlay.medicaid,cbo_2002-03,2007,8.009,8.008999999999986,1.4210854715202004e-14
cbo.outlay.medicaid,cbo_2003-03,2008,16.143,16.143,0.0
cbo.outlay.medicaid,cbo_2004-03,2009,15.247,15.246999999999986,1.4210854715202004e-14
cbo.outlay.medicaid,cbo_2005-03,2010,26.774,26.774,0.0
cbo.outlay.medicaid,cbo_2006-03,2011,22.89,22.890000000000043,4.263256414560601e-14
cbo.outlay.medicaid,cbo_2007-03,2012,33.384,33.384000000000015,1.4210854715202004e-14
cbo.outlay.medicaid,cbo_2008-03,2013,40.629,40.62900000000002,2.1316282072803006e-14
cbo.outlay.medicaid,cbo_2009-03,2014,28.327,28.326999999999998,3.552713678800501e-15
cbo.outlay.medicaid,cbo_2010-03,2015,6.834,6.834000000000003,3.552713678800501e-15
cbo.outlay.medicaid,cbo_2011-03,2016,30.222,30.22199999999998,2.1316282072803006e-14
cbo.outlay.medicaid,cbo_2012-03,2017,76.881,76.88099999999997,2.842170943040401e-14
cbo.outlay.medicaid,cbo_2013-05,2018,33.363,33.363000000000056,5.684341886080802e-14
cbo.outlay.medicaid,cbo_2014-04,2019,31.286,31.286,0.0
cbo.outlay.medicaid,cbo_2015-03,2020,19.496,19.49599999999998,1.7763568394002505e-14
cbo.outlay.medicaid,cbo_2016-03,2021,19.208,19.208000000000084,8.526512829121202e-14
cbo.outlay.medicaid,cbo_2017-06,2022,-44.501,-44.500999999999976,2.1316282072803006e-14
cbo.outlay.medicaid,cbo_2018-05,2023,-116.672,-116.67200000000003,2.842170943040401e-14
cbo.outlay.medicaid,cbo_2019-05,2024,-92.068,-92.0680000000001,9.947598300641403e-14
cbo.outlay.medicaid,cbo_2020-03,2025,-107.679,-107.67900000000009,8.526512829121202e-14
cbo.outlay.medicaid,cbo_1996-05,2002,13.262,13.262,0.0
cbo.outlay.medicaid,cbo_1997-03,2003,1.328,1.3279999999999745,2.55351295663786e-14
cbo.outlay.medicaid,cbo_1998-03,2004,-20.536,-20.536,0.0
cbo.outlay.medicaid,cbo_1999-04,2005,-12.811,-12.811000000000007,7.105427357601002e-15
cbo.outlay.medicaid,cbo_2000-04,2006,-6.196,-6.195999999999998,1.7763568394002505e-15
cbo.outlay.medicaid,cbo_2001-05,2007,3.025,3.0250000000000057,5.773159728050814e-15
cbo.outlay.medicaid,cbo_2002-03,2008,14.089,14.088999999999999,1.7763568394002505e-15
cbo.outlay.medicaid,cbo_2003-03,2009,19.249,19.248999999999995,3.552713678800501e-15
cbo.outlay.medicaid,cbo_2004-03,2010,20.453,20.452999999999975,2.4868995751603507e-14
cbo.outlay.medicaid,cbo_2005-03,2011,31.248,31.24799999999999,1.0658141036401503e-14
cbo.outlay.medicaid,cbo_2006-03,2012,39.97,39.97000000000003,2.842170943040401e-14
cbo.outlay.medicaid,cbo_2007-03,2013,43.833,43.83300000000003,2.842170943040401e-14
cbo.outlay.medicaid,cbo_2008-03,2014,56.504,56.50400000000002,2.1316282072803006e-14
cbo.outlay.medicaid,cbo_2009-03,2015,20.184,20.184000000000026,2.4868995751603507e-14
cbo.outlay.medicaid,cbo_2010-03,2016,34.365,34.36500000000001,7.105427357601002e-15
cbo.outlay.medicaid,cbo_2011-03,2017,50.467,50.466999999999985,1.4210854715202004e-14
cbo.outlay.medicaid,cbo_2012-03,2018,89.811,89.81100000000004,2.842170943040401e-14
cbo.outlay.medicaid,cbo_2013-05,2019,31.724,31.724000000000046,4.618527782440651e-14
cbo.outlay.medicaid,cbo_2014-04,2020,39.611,39.61099999999999,7.105427357601002e-15
cbo.outlay.medicaid,cbo_2015-03,2021,4.598,4.59800000000007,7.016609515630989e-14
cbo.outlay.medicaid,cbo_2016-03,2022,-39.156,-39.15599999999995,4.973799150320701e-14
cbo.outlay.medicaid,cbo_2017-06,2023,-106.655,-106.65500000000003,2.842170943040401e-14
cbo.outlay.medicaid,cbo_2018-05,2024,-89.783,-89.78300000000002,1.4210854715202004e-14
cbo.outlay.medicaid,cbo_2019-05,2025,-107.697,-107.69700000000012,1.1368683772161603e-13
cbo.outlay.medicaid,cbo_1996-05,2003,26.296,26.295999999999992,7.105427357601002e-15
cbo.outlay.medicaid,cbo_1997-03,2004,-9.284,-9.283999999999992,8.881784197001252e-15
cbo.outlay.medicaid,cbo_1998-03,2005,-20.57,-20.569999999999993,7.105427357601002e-15
cbo.outlay.medicaid,cbo_1999-04,2006,-5.089,-5.088999999999999,1.7763568394002505e-15
cbo.outlay.medicaid,cbo_2000-04,2007,-9.181,-9.180999999999983,1.5987211554602254e-14
cbo.outlay.medicaid,cbo_2001-05,2008,8.363,8.363,0.0
cbo.outlay.medicaid,cbo_2002-03,2009,16.393,16.393,0.0
cbo.outlay.medicaid,cbo_2003-03,2010,25.622,25.621999999999957,4.263256414560601e-14
cbo.outlay.medicaid,cbo_2004-03,2011,24.488,24.488,0.0
cbo.outlay.medicaid,cbo_2005-03,2012,50.35,50.349999999999966,3.552713678800501e-14
cbo.outlay.medicaid,cbo_2006-03,2013,50.278,50.27799999999996,3.552713678800501e-14
cbo.outlay.medicaid,cbo_2007-03,2014,60.301,60.30099999999999,1.4210854715202004e-14
cbo.outlay.medicaid,cbo_2008-03,2015,54.81,54.81,0.0
cbo.outlay.medicaid,cbo_2009-03,2016,45.242,45.24200000000002,2.1316282072803006e-14
cbo.outlay.medicaid,cbo_2010-03,2017,60.984,60.98400000000004,3.552713678800501e-14
cbo.outlay.medicaid,cbo_2011-03,2018,64.889,64.88900000000001,1.4210854715202004e-14
cbo.outlay.medicaid,cbo_2012-03,2019,96.236,96.23600000000005,4.263256414560601e-14
cbo.outlay.medicaid,cbo_2013-05,2020,40.776,40.77600000000001,7.105427357601002e-15
cbo.outlay.medicaid,cbo_2014-04,2021,26.695,26.69500000000005,4.973799150320701e-14
cbo.outlay.medicaid,cbo_2015-03,2022,-54.96,-54.960000000000036,3.552713678800501e-14
cbo.outlay.medicaid,cbo_2016-03,2023,-101.367,-101.36699999999996,4.263256414560601e-14
cbo.outlay.medicaid,cbo_2017-06,2024,-83.555,-83.55500000000006,5.684341886080802e-14
cbo.outlay.medicaid,cbo_2018-05,2025,-105.346,-105.346,0.0
cbo.outlay.medicaid,cbo_1996-05,2004,20.496,20.49600000000001,1.0658141036401503e-14
cbo.outlay.medicaid,cbo_1997-03,2005,-8.422,-8.421999999999997,3.552713678800501e-15
cbo.outlay.medicaid,cbo_1998-03,2006,-14.367,-14.36699999999999,1.0658141036401503e-14
cbo.outlay.medicaid,cbo_1999-04,2007,-7.932,-7.932000000000016,1.5987211554602254e-14
cbo.outlay.medicaid,cbo_2000-04,2008,-4.568,-4.567999999999984,1.5987211554602254e-14
cbo.outlay.medicaid,cbo_2001-05,2009,9.507,9.506999999999977,2.3092638912203256e-14
cbo.outlay.medicaid,cbo_2002-03,2010,22.188,22.187999999999988,1.0658141036401503e-14
cbo.outlay.medicaid,cbo_2003-03,2011,30.948,30.94799999999998,2.1316282072803006e-14
cbo.outlay.medicaid,cbo_2004-03,2012,44.238,44.238,0.0
cbo.outlay.medicaid,cbo_2005-03,2013,62.822,62.822,0.0
cbo.outlay.medicaid,cbo_2006-03,2014,66.529,66.529,0.0
cbo.outlay.medicaid,cbo_2007-03,2015,59.356,59.355999999999995,7.105427357601002e-15
cbo.outlay.medicaid,cbo_2008-03,2016,86.725,86.72500000000002,2.842170943040401e-14
cbo.outlay.medicaid,cbo_2009-03,2017,70.459,70.45899999999995,5.684341886080802e-14
cbo.outlay.medicaid,cbo_2010-03,2018,77.401,77.40100000000001,1.4210854715202004e-14
cbo.outlay.medicaid,cbo_2011-03,2019,70.851,70.851,0.0
cbo.outlay.medicaid,cbo_2012-03,2020,114.364,114.36399999999998,2.842170943040401e-14
cbo.outlay.medicaid,cbo_2013-05,2021,28.845,28.845000000000027,2.842170943040401e-14
cbo.outlay.medicaid,cbo_2014-04,2022,-30.909,-30.908999999999992,7.105427357601002e-15
cbo.outlay.medicaid,cbo_2015-03,2023,-118.344,-118.344,0.0
cbo.outlay.medicaid,cbo_2016-03,2024,-78.414,-78.4140000000001,9.947598300641403e-14
cbo.outlay.medicaid,cbo_2017-06,2025,-101.945,-101.94499999999994,5.684341886080802e-14
cbo.outlay.medicaid,cbo_1996-05,2005,26.614,26.614000000000004,3.552713678800501e-15
cbo.outlay.medicaid,cbo_1997-03,2006,-1.056,-1.0559999999999832,1.687538997430238e-14
cbo.outlay.medicaid,cbo_1998-03,2007,-18.938,-18.938000000000017,1.7763568394002505e-14
cbo.outlay.medicaid,cbo_1999-04,2008,-2.99,-2.9899999999999807,1.9539925233402755e-14
cbo.outlay.medicaid,cbo_2000-04,2009,-3.986,-3.9860000000000184,1.8207657603852567e-14
cbo.outlay.medicaid,cbo_2001-05,2010,14.628,14.627999999999986,1.4210854715202004e-14
cbo.outlay.medicaid,cbo_2002-03,2011,26.614,26.613999999999976,2.4868995751603507e-14
cbo.outlay.medicaid,cbo_2003-03,2012,52.317,52.31700000000001,7.105427357601002e-15
cbo.outlay.medicaid,cbo_2004-03,2013,57.168,57.168000000000006,7.105427357601002e-15
cbo.outlay.medicaid,cbo_2005-03,2014,81.674,81.67399999999998,2.842170943040401e-14
cbo.outlay.medicaid,cbo_2006-03,2015,65.372,65.37200000000001,1.4210854715202004e-14
cbo.outlay.medicaid,cbo_2007-03,2016,91.916,91.916,0.0
cbo.outlay.medicaid,cbo_2008-03,2017,118.318,118.31799999999998,1.4210854715202004e-14
cbo.outlay.medicaid,cbo_2009-03,2018,87.847,87.84700000000004,4.263256414560601e-14
cbo.outlay.medicaid,cbo_2010-03,2019,84.569,84.56900000000002,1.4210854715202004e-14
cbo.outlay.medicaid,cbo_2011-03,2020,88.381,88.38099999999991,8.526512829121202e-14
cbo.outlay.medicaid,cbo_2012-03,2021,113.278,113.27800000000002,1.4210854715202004e-14
cbo.outlay.medicaid,cbo_2013-05,2022,-27.696,-27.695999999999913,8.881784197001252e-14
cbo.outlay.medicaid,cbo_2014-04,2023,-91.897,-91.89700000000005,4.263256414560601e-14
cbo.outlay.medicaid,cbo_2015-03,2024,-96.933,-96.9330000000001,9.947598300641403e-14
cbo.outlay.medicaid,cbo_2016-03,2025,-97.632,-97.63200000000006,5.684341886080802e-14
cbo.outlay.medicaid,cbo_1996-05,2006,39.727,39.727000000000004,7.105427357601002e-15
cbo.outlay.medicaid,cbo_1997-03,2007,-3.888,-3.8880000000000052,5.329070518200751e-15
cbo.outlay.medicaid,cbo_1998-03,2008,-16.052,-16.051999999999964,3.552713678800501e-14
cbo.outlay.medicaid,cbo_1999-04,2009,-2.231,-2.2309999999999945,5.329070518200751e-15
cbo.outlay.medicaid,cbo_2000-04,2010,0.155,0.15500000000002956,2.955968803064479e-14
cbo.outlay.medicaid,cbo_2001-05,2011,19.227,19.226999999999975,2.4868995751603507e-14
cbo.outlay.medicaid,cbo_2002-03,2012,47.851,47.851,0.0
cbo.outlay.medicaid,cbo_2003-03,2013,67.31,67.31,0.0
cbo.outlay.medicaid,cbo_2004-03,2014,76.564,76.56400000000002,2.842170943040401e-14
cbo.outlay.medicaid,cbo_2005-03,2015,83.6,83.60000000000002,2.842170943040401e-14
cbo.outlay.medicaid,cbo_2006-03,2016,97.788,97.78800000000001,1.4210854715202004e-14
cbo.outlay.medicaid,cbo_2007-03,2017,123.89,123.88999999999999,1.4210854715202004e-14
cbo.outlay.medicaid,cbo_2008-03,2018,142.435,142.435,0.0
cbo.outlay.medicaid,cbo_2009-03,2019,96.645,96.64499999999998,1.4210854715202004e-14
cbo.outlay.medicaid,cbo_2010-03,2020,103.62,103.61999999999995,5.684341886080802e-14
cbo.outlay.medicaid,cbo_2011-03,2021,86.415,86.41500000000008,7.105427357601002e-14
cbo.outlay.medicaid,cbo_2012-03,2022,69.28,69.27999999999997,2.842170943040401e-14
cbo.outlay.medicaid,cbo_2013-05,2023,-87.842,-87.84199999999998,1.4210854715202004e-14
cbo.outlay.medicaid,cbo_2014-04,2024,-66.635,-66.6350000000001,9.947598300641403e-14
cbo.outlay.medicaid,cbo_2015-03,2025,-117.471,-117.471,0.0
cbo.outlay.other_mandatory,cbo_1992-03,1992,57.118,57.117999999999995,7.105427357601002e-15
cbo.outlay.other_mandatory,cbo_1993-03,1993,18.037,18.037000000000006,7.105427357601002e-15
cbo.outlay.other_mandatory,cbo_1994-04,1994,6.75,6.75,0.0
cbo.outlay.other_mandatory,cbo_1995-04,1995,5.998,5.9979999999999905,9.769962616701378e-15
cbo.outlay.other_mandatory,cbo_1996-05,1996,1.647,1.6469999999999914,8.659739592076221e-15
cbo.outlay.other_mandatory,cbo_1997-03,1997,8.969,8.968999999999994,5.329070518200751e-15
cbo.outlay.other_mandatory,cbo_1998-03,1998,3.465,3.4650000000000034,3.552713678800501e-15
cbo.outlay.other_mandatory,cbo_1999-04,1999,-3.372,-3.372000000000014,1.4210854715202004e-14
cbo.outlay.other_mandatory,cbo_2000-04,2000,-2.827,-2.826999999999998,1.7763568394002505e-15
cbo.outlay.other_mandatory,cbo_2001-05,2001,-5.569,-5.569000000000017,1.687538997430238e-14
cbo.outlay.other_mandatory,cbo_2002-03,2002,11.705,11.704999999999984,1.5987211554602254e-14
cbo.outlay.other_mandatory,cbo_2003-03,2003,4.216,4.216000000000008,7.993605777301127e-15
cbo.outlay.other_mandatory,cbo_2004-03,2004,8.835,8.83499999999998,2.1316282072803006e-14
cbo.outlay.other_mandatory,cbo_2005-03,2005,2.508,2.5079999999999814,1.865174681370263e-14
cbo.outlay.other_mandatory,cbo_2006-03,2006,-0.013,-0.012999999999976808,2.3191518150333934e-14
cbo.outlay.other_mandatory,cbo_2007-03,2007,8.483,8.483000000000004,3.552713678800501e-15
cbo.outlay.other_mandatory,cbo_2008-03,2008,-24.188,-24.187999999999988,1.0658141036401503e-14
cbo.outlay.other_mandatory,cbo_2009-03,2009,171.001,171.0010000000001,8.526512829121202e-14
cbo.outlay.other_mandatory,cbo_2010-03,2010,71.401,71.4009999999999,9.947598300641403e-14
cbo.outlay.other_mandatory,cbo_2011-03,2011,16.113,16.112999999999943,5.684341886080802e-14
cbo.outlay.other_mandatory,cbo_2012-03,2012,34.436,34.436000000000035,3.552713678800501e-14
cbo.outlay.other_mandatory,cbo_2013-05,2013,6.73,6.730000000000132,1.3145040611561853e-13
cbo.outlay.other_mandatory,cbo_2014-04,2014,22.522,22.522000000000048,4.973799150320701e-14
cbo.outlay.other_mandatory,cbo_2015-03,2015,-0.161,-0.16099999999994452,5.54833956556422e-14
cbo.outlay.other_mandatory,cbo_2016-03,2016,19.811,19.810999999999922,7.815970093361102e-14
cbo.outlay.other_mandatory,cbo_2017-06,2017,7.97,7.970000000000027,2.7533531010703882e-14
cbo.outlay.other_mandatory,cbo_2018-05,2018,17.87,17.870000000000005,3.552713678800501e-15
cbo.outlay.other_mandatory,cbo_2019-05,2019,-11.374,-11.374000000000024,2.3092638912203256e-14
cbo.outlay.other_mandatory,cbo_2020-03,2020,-108.643,-108.64300000000003,2.842170943040401e-14
cbo.outlay.other_mandatory,cbo_2021-07,2021,35.449,35.448999999999614,3.836930773104541e-13
cbo.outlay.other_mandatory,cbo_2022-05,2022,-20.505,-20.50500000000011,1.1013412404281553e-13
cbo.outlay.other_mandatory,cbo_2023-05,2023,-77.67,-77.67000000000007,7.105427357601002e-14
cbo.outlay.other_mandatory,cbo_2024-06,2024,80.533,80.53300000000013,1.2789769243681803e-13
cbo.outlay.other_mandatory,cbo_2025-01,2025,-29.22,-29.219999999999914,8.526512829121202e-14
cbo.outlay.other_mandatory,cbo_1992-03,1993,80.096,80.096,0.0
cbo.outlay.other_mandatory,cbo_1993-03,1994,12.268,12.268,0.0
cbo.outlay.other_mandatory,cbo_1994-04,1995,10.429,10.428999999999974,2.6645352591003757e-14
cbo.outlay.other_mandatory,cbo_1995-04,1996,11.455,11.455000000000013,1.2434497875801753e-14
cbo.outlay.other_mandatory,cbo_1996-05,1997,18.719,18.718999999999994,7.105427357601002e-15
cbo.outlay.other_mandatory,cbo_1997-03,1998,13.011,13.010999999999996,3.552713678800501e-15
cbo.outlay.other_mandatory,cbo_1998-03,1999,-3.501,-3.5010000000000048,4.884981308350689e-15
cbo.outlay.other_mandatory,cbo_1999-04,2000,-1.625,-1.625,0.0
cbo.outlay.other_mandatory,cbo_2000-04,2001,2.863,2.862999999999971,2.886579864025407e-14
cbo.outlay.other_mandatory,cbo_2001-05,2002,-13.156,-13.156000000000006,5.329070518200751e-15
cbo.outlay.other_mandatory,cbo_2002-03,2003,16.732,16.732000000000028,2.842170943040401e-14
cbo.outlay.other_mandatory,cbo_2003-03,2004,11.695,11.694999999999993,7.105427357601002e-15
cbo.outlay.other_mandatory,cbo_2004-03,2005,-0.979,-0.978999999999985,1.4988010832439613e-14
cbo.outlay.other_mandatory,cbo_2005-03,2006,-19.479,-19.479000000000042,4.263256414560601e-14
cbo.outlay.other_mandatory,cbo_2006-03,2007,17.212,17.21199999999999,1.0658141036401503e-14
cbo.outlay.other_mandatory,cbo_2007-03,2008,-21.738,-21.738,0.0
cbo.outlay.other_mandatory,cbo_2008-03,2009,15.282,15.282000000000039,3.907985046680551e-14
cbo.outlay.other_mandatory,cbo_2009-03,2010,154.631,154.63099999999991,8.526512829121202e-14
cbo.outlay.other_mandatory,cbo_2010-03,2011,104.405,104.40499999999997,2.842170943040401e-14
cbo.outlay.other_mandatory,cbo_2011-03,2012,29.618,29.618000000000052,5.3290705182007514e-14
cbo.outlay.other_mandatory,cbo_2012-03,2013,4.036,4.036000000000058,5.861977570020827e-14
cbo.outlay.other_mandatory,cbo_2013-05,2014,28.366,28.365999999999985,1.4210854715202004e-14
cbo.outlay.other_mandatory,cbo_2014-04,2015,39.688,39.68799999999999,1.4210854715202004e-14
cbo.outlay.other_mandatory,cbo_2015-03,2016,48.806,48.80600000000004,4.263256414560601e-14
cbo.outlay.other_mandatory,cbo_2016-03,2017,-33.211,-33.2109999999999,9.947598300641403e-14
cbo.outlay.other_mandatory,cbo_2017-06,2018,9.552,9.552000000000021,2.1316282072803006e-14
cbo.outlay.other_mandatory,cbo_2018-05,2019,-27.732,-27.732000000000085,8.526512829121202e-14
cbo.outlay.other_mandatory,cbo_2019-05,2020,-182.695,-182.6949999999997,2.8421709430404007e-13
cbo.outlay.other_mandatory,cbo_2020-03,2021,-41.462,-41.46199999999999,1.4210854715202004e-14
cbo.outlay.other_mandatory,cbo_2021-07,2022,-120.617,-120.61699999999996,4.263256414560601e-14
cbo.outlay.other_mandatory,cbo_2022-05,2023,-383.988,-383.98800000000017,1.7053025658242404e-13
cbo.outlay.other_mandatory,cbo_2023-05,2024,-141.959,-141.95899999999995,5.684341886080802e-14
cbo.outlay.other_mandatory,cbo_2024-06,2025,-51.92,-51.91999999999996,4.263256414560601e-14
cbo.outlay.other_mandatory,cbo_1992-03,1994,30.287,30.287000000000006,7.105427357601002e-15
cbo.outlay.other_mandatory,cbo_1993-03,1995,32.965,32.965,0.0
cbo.outlay.other_mandatory,cbo_1994-04,1996,0.098,0.09800000000001319,1.3183898417423734e-14
cbo.outlay.other_mandatory,cbo_1995-04,1997,25.923,25.923000000000002,3.552713678800501e-15
cbo.outlay.other_mandatory,cbo_1996-05,1998,26.538,26.53800000000004,3.907985046680551e-14
cbo.outlay.other_mandatory,cbo_1997-03,1999,9.845,9.84499999999997,3.019806626980426e-14
cbo.outlay.other_mandatory,cbo_1998-03,2000,11.213,11.213000000000022,2.3092638912203256e-14
cbo.outlay.other_mandatory,cbo_1999-04,2001,3.491,3.4909999999999854,1.4654943925052066e-14
cbo.outlay.other_mandatory,cbo_2000-04,2002,-21.337,-21.33699999999999,1.0658141036401503e-14
cbo.outlay.other_mandatory,cbo_2001-05,2003,-10.792,-10.791999999999973,2.6645352591003757e-14
cbo.outlay.other_mandatory,cbo_2002-03,2004,-3.225,-3.224999999999966,3.419486915845482e-14
cbo.outlay.other_mandatory,cbo_2003-03,2005,0.716,0.7160000000000082,8.215650382226158e-15
cbo.outlay.other_mandatory,cbo_2004-03,2006,-24.72,-24.720000000000027,2.842170943040401e-14
cbo.outlay.other_mandatory,cbo_2005-03,2007,16.818,16.817999999999984,1.7763568394002505e-14
cbo.outlay.other_mandatory,cbo_2006-03,2008,-18.595,-18.595000000000027,2.842170943040401e-14
cbo.outlay.other_mandatory,cbo_2007-03,2009,-8.155,-8.154999999999973,2.6645352591003757e-14
cbo.outlay.other_mandatory,cbo_2008-03,2010,69.022,69.02199999999999,1.4210854715202004e-14
cbo.outlay.other_mandatory,cbo_2009-03,2011,41.47,41.469999999999914,8.526512829121202e-14
cbo.outlay.other_mandatory,cbo_2010-03,2012,22.044,22.043999999999983,1.7763568394002505e-14
cbo.outlay.other_mandatory,cbo_2011-03,2013,-2.097,-2.09699999999998,1.9984014443252818e-14
cbo.outlay.other_mandatory,cbo_2012-03,2014,31.326,31.326000000000022,2.1316282072803006e-14
cbo.outlay.other_mandatory,cbo_2013-05,2015,38.276,38.275999999999954,4.973799150320701e-14
cbo.outlay.other_mandatory,cbo_2014-04,2016,63.93,63.92999999999995,4.973799150320701e-14
cbo.outlay.other_mandatory,cbo_2015-03,2017,-13.54,-13.539999999999964,3.552713678800501e-14
cbo.outlay.other_mandatory,cbo_2016-03,2018,37.579,37.579000000000065,6.394884621840902e-14
cbo.outlay.other_mandatory,cbo_2017-06,2019,-3.488,-3.4880000000000564,5.639932965095795e-14
cbo.outlay.other_mandatory,cbo_2018-05,2020,-167.325,-167.32499999999982,1.7053025658242404e-13
cbo.outlay.other_mandatory,cbo_2019-05,2021,-29.418,-29.41800000000012,1.2079226507921703e-13
cbo.outlay.other_mandatory,cbo_2020-03,2022,-88.257,-88.25699999999983,1.7053025658242404e-13
cbo.outlay.other_mandatory,cbo_2021-07,2023,-469.035,-469.0350000000002,1.7053025658242404e-13
cbo.outlay.other_mandatory,cbo_2022-05,2024,-210.017,-210.01699999999994,5.684341886080802e-14
cbo.outlay.other_mandatory,cbo_2023-05,2025,-89.111,-89.11099999999999,1.4210854715202004e-14
cbo.outlay.other_mandatory,cbo_1992-03,1995,0.571,0.570999999999998,1.9984014443252818e-15
cbo.outlay.other_mandatory,cbo_1993-03,1996,3.477,3.477000000000004,3.9968028886505635e-15
cbo.outlay.other_mandatory,cbo_1994-04,1997,19.155,19.155,0.0
cbo.outlay.other_mandatory,cbo_1995-04,1998,16.815,16.814999999999998,3.552713678800501e-15
cbo.outlay.other_mandatory,cbo_1996-05,1999,12.604,12.603999999999985,1.4210854715202004e-14
cbo.outlay.other_mandatory,cbo_1997-03,2000,19.495,19.495000000000005,3.552713678800501e-15
cbo.outlay.other_mandatory,cbo_1998-03,2001,17.436,17.436000000000007,7.105427357601002e-15
cbo.outlay.other_mandatory,cbo_1999-04,2002,-20.666,-20.665999999999997,3.552713678800501e-15
cbo.outlay.other_mandatory,cbo_2000-04,2003,-11.289,-11.289000000000044,4.440892098500626e-14
cbo.outlay.other_mandatory,cbo_2001-05,2004,-2.379,-2.379000000000019,1.9095836023552692e-14
cbo.outlay.other_mandatory,cbo_2002-03,2005,-14.513,-14.512999999999977,2.3092638912203256e-14
cbo.outlay.other_mandatory,cbo_2003-03,2006,-19.261,-19.261000000000024,2.4868995751603507e-14
cbo.outlay.other_mandatory,cbo_2004-03,2007,9.526,9.525999999999954,4.618527782440651e-14
cbo.outlay.other_mandatory,cbo_2005-03,2008,-22.088,-22.088000000000022,2.1316282072803006e-14
cbo.outlay.other_mandatory,cbo_2006-03,2009,-11.637,-11.636999999999944,5.684341886080802e-14
cbo.outlay.other_mandatory,cbo_2007-03,2010,52.511,52.51099999999997,3.552713678800501e-14
cbo.outlay.other_mandatory,cbo_2008-03,2011,-8.964,-8.964000000000055,5.5067062021407764e-14
cbo.outlay.other_mandatory,cbo_2009-03,2012,-32.287,-32.287000000000035,3.552713678800501e-14
cbo.outlay.other_mandatory,cbo_2010-03,2013,-35.163,-35.1629999999999,9.947598300641403e-14
cbo.outlay.other_mandatory,cbo_2011-03,2014,8.452,8.452000000000112,1.1191048088221578e-13
cbo.outlay.other_mandatory,cbo_2012-03,2015,19.437,19.437000000000012,1.0658141036401503e-14
cbo.outlay.other_mandatory,cbo_2013-05,2016,55.417,55.41700000000003,2.842170943040401e-14
cbo.outlay.other_mandatory,cbo_2014-04,2017,14.3,14.300000000000068,6.750155989720952e-14
cbo.outlay.other_mandatory,cbo_2015-03,2018,40.549,40.54899999999998,2.1316282072803006e-14
cbo.outlay.other_mandatory,cbo_2016-03,2019,24.035,24.034999999999968,3.197442310920451e-14
cbo.outlay.other_mandatory,cbo_2017-06,2020,-139.753,-139.75300000000016,1.7053025658242404e-13
cbo.outlay.other_mandatory,cbo_2018-05,2021,-1.716,-1.7160000000003492,3.4927616354707425e-13
cbo.outlay.other_mandatory,cbo_2019-05,2022,-65.813,-65.81299999999987,1.2789769243681803e-13
cbo.outlay.other_mandatory,cbo_2020-03,2023,-449.296,-449.29600000000016,1.7053025658242404e-13
cbo.outlay.other_mandatory,cbo_2021-07,2024,-305.843,-305.84299999999996,5.684341886080802e-14
cbo.outlay.other_mandatory,cbo_2022-05,2025,-178.992,-178.99199999999996,2.842170943040401e-14
cbo.outlay.other_mandatory,cbo_1992-03,1996,-41.599,-41.59899999999999,7.105427357601002e-15
cbo.outlay.other_mandatory,cbo_1993-03,1997,3.281,3.2809999999999775,2.2648549702353193e-14
cbo.outlay.other_mandatory,cbo_1994-04,1998,9.891,9.89100000000002,1.9539925233402755e-14
cbo.outlay.other_mandatory,cbo_1995-04,1999,7.512,7.5120000000000005,8.881784197001252e-16
cbo.outlay.other_mandatory,cbo_1996-05,2000,17.15,17.150000000000006,7.105427357601002e-15
cbo.outlay.other_mandatory,cbo_1997-03,2001,27.008,27.00800000000001,1.0658141036401503e-14
cbo.outlay.other_mandatory,cbo_1998-03,2002,-9.913,-9.913000000000011,1.0658141036401503e-14
cbo.outlay.other_mandatory,cbo_1999-04,2003,-1.874,-1.8740000000000236,2.353672812205332e-14
cbo.outlay.other_mandatory,cbo_2000-04,2004,-1.451,-1.450999999999965,3.5083047578154947e-14
cbo.outlay.other_mandatory,cbo_2001-05,2005,4.268,4.268000000000029,2.930988785010413e-14
cbo.outlay.other_mandatory,cbo_2002-03,2006,-26.016,-26.015999999999963,3.552713678800501e-14
cbo.outlay.other_mandatory,cbo_2003-03,2007,19.593,19.59299999999996,3.907985046680551e-14
cbo.outlay.other_mandatory,cbo_2004-03,2008,-32.058,-32.05799999999999,7.105427357601002e-15
cbo.outlay.other_mandatory,cbo_2005-03,2009,-20.475,-20.47499999999991,9.237055564881302e-14
cbo.outlay.other_mandatory,cbo_2006-03,2010,53.213,53.21300000000002,2.1316282072803006e-14
cbo.outlay.other_mandatory,cbo_2007-03,2011,-20.78,-20.779999999999973,2.842170943040401e-14
cbo.outlay.other_mandatory,cbo_2008-03,2012,-42.836,-42.83600000000007,7.105427357601002e-14
cbo.outlay.other_mandatory,cbo_2009-03,2013,-67.483,-67.48299999999995,5.684341886080802e-14
cbo.outlay.other_mandatory,cbo_2010-03,2014,-13.819,-13.81899999999996,4.085620730620576e-14
cbo.outlay.other_mandatory,cbo_2011-03,2015,-6.645,-6.644999999999982,1.7763568394002505e-14
cbo.outlay.other_mandatory,cbo_2012-03,2016,21.864,21.86399999999992,8.171241461241152e-14
cbo.outlay.other_mandatory,cbo_2013-05,2017,6.877,6.877000000000066,6.661338147750939e-14
cbo.outlay.other_mandatory,cbo_2014-04,2018,77.649,77.649,0.0
cbo.outlay.other_mandatory,cbo_2015-03,2019,14.564,14.563999999999965,3.552713678800501e-14
cbo.outlay.other_mandatory,cbo_2016-03,2020,-124.242,-124.24199999999973,2.7000623958883807e-13
cbo.outlay.other_mandatory,cbo_2017-06,2021,10.117,10.116999999999734,2.6645352591003757e-13
cbo.outlay.other_mandatory,cbo_2018-05,2022,-39.167,-39.166999999999916,8.526512829121202e-14
cbo.outlay.other_mandatory,cbo_2019-05,2023,-428.78,-428.7800000000001,1.1368683772161603e-13
cbo.outlay.other_mandatory,cbo_2020-03,2024,-295.49,-295.49,0.0
cbo.outlay.other_mandatory,cbo_2021-07,2025,-248.318,-248.31799999999998,2.842170943040401e-14
cbo.outlay.other_mandatory,cbo_1992-03,1997,-10.923,-10.92300000000003,3.019806626980426e-14
cbo.outlay.other_mandatory,cbo_1993-03,1998,-3.474,-3.4739999999999895,1.0658141036401503e-14
cbo.outlay.other_mandatory,cbo_1994-04,1999,-5.025,-5.025000000000006,5.329070518200751e-15
cbo.outlay.other_mandatory,cbo_1995-04,2000,11.953,11.953000000000003,3.552713678800501e-15
cbo.outlay.other_mandatory,cbo_1996-05,2001,23.399,23.398999999999972,2.842170943040401e-14
cbo.outlay.other_mandatory,cbo_1997-03,2002,-4.779,-4.779000000000053,5.3290705182007514e-14
cbo.outlay.other_mandatory,cbo_1998-03,2003,10.21,10.20999999999998,2.1316282072803006e-14
cbo.outlay.other_mandatory,cbo_1999-04,2004,1.881,1.8810000000000286,2.864375403532904e-14
cbo.outlay.other_mandatory,cbo_2000-04,2005,-3.381,-3.380999999999972,2.7977620220553945e-14
cbo.outlay.other_mandatory,cbo_2001-05,2006,-17.812,-17.812000000000012,1.0658141036401503e-14
cbo.outlay.other_mandatory,cbo_2002-03,2007,9.436,9.435999999999979,2.1316282072803006e-14
cbo.outlay.other_mandatory,cbo_2003-03,2008,-22.197,-22.197000000000003,3.552713678800501e-15
cbo.outlay.other_mandatory,cbo_2004-03,2009,-28.916,-28.91599999999994,6.039613253960852e-14
cbo.outlay.other_mandatory,cbo_2005-03,2010,49.181,49.18099999999998,1.4210854715202004e-14
cbo.outlay.other_mandatory,cbo_2006-03,2011,-19.226,-19.226000000000113,1.1368683772161603e-13
cbo.outlay.other_mandatory,cbo_2007-03,2012,-53.753,-53.75300000000004,4.263256414560601e-14
cbo.outlay.other_mandatory,cbo_2008-03,2013,-71.303,-71.303,0.0
cbo.outlay.other_mandatory,cbo_2009-03,2014,-50.884,-50.88399999999996,4.263256414560601e-14
cbo.outlay.other_mandatory,cbo_2010-03,2015,-31.962,-31.96199999999999,1.0658141036401503e-14
cbo.outlay.other_mandatory,cbo_2011-03,2016,-0.455,-0.4550000000000409,4.091171845743702e-14
cbo.outlay.other_mandatory,cbo_2012-03,2017,-40.087,-40.08699999999999,1.4210854715202004e-14
cbo.outlay.other_mandatory,cbo_2013-05,2018,81.418,81.418,0.0
cbo.outlay.other_mandatory,cbo_2014-04,2019,38.612,38.611999999999966,3.552713678800501e-14
cbo.outlay.other_mandatory,cbo_2015-03,2020,-129.639,-129.63899999999967,3.410605131648481e-13
cbo.outlay.other_mandatory,cbo_2016-03,2021,12.932,12.931999999999789,2.113864638886298e-13
cbo.outlay.other_mandatory,cbo_2017-06,2022,-43.674,-43.67399999999998,2.1316282072803006e-14
cbo.outlay.other_mandatory,cbo_2018-05,2023,-405.366,-405.3660000000001,1.1368683772161603e-13
cbo.outlay.other_mandatory,cbo_2019-05,2024,-283.31,-283.30999999999995,5.684341886080802e-14
cbo.outlay.other_mandatory,cbo_2020-03,2025,-245.051,-245.05100000000004,5.684341886080802e-14
cbo.outlay.other_mandatory,cbo_1996-05,2002,-10.52,-10.520000000000039,3.907985046680551e-14
cbo.outlay.other_mandatory,cbo_1997-03,2003,6.097,6.097000000000037,3.6415315207705135e-14
cbo.outlay.other_mandatory,cbo_1998-03,2004,12.45,12.449999999999989,1.0658141036401503e-14
cbo.outlay.other_mandatory,cbo_1999-04,2005,-0.929,-0.9289999999999736,2.6423307986078726e-14
cbo.outlay.other_mandatory,cbo_2000-04,2006,-24.817,-24.817000000000007,7.105427357601002e-15
cbo.outlay.other_mandatory,cbo_2001-05,2007,16.936,16.93599999999998,2.1316282072803006e-14
cbo.outlay.other_mandatory,cbo_2002-03,2008,-29.506,-29.50600000000003,2.842170943040401e-14
cbo.outlay.other_mandatory,cbo_2003-03,2009,-20.901,-20.900999999999954,4.618527782440651e-14
cbo.outlay.other_mandatory,cbo_2004-03,2010,40.475,40.474999999999966,3.552713678800501e-14
cbo.outlay.other_mandatory,cbo_2005-03,2011,-24.489,-24.489000000000033,3.197442310920451e-14
cbo.outlay.other_mandatory,cbo_2006-03,2012,-50.727,-50.72700000000003,3.552713678800501e-14
cbo.outlay.other_mandatory,cbo_2007-03,2013,-81.901,-81.90099999999995,4.263256414560601e-14
cbo.outlay.other_mandatory,cbo_2008-03,2014,-48.496,-48.495999999999924,7.815970093361102e-14
cbo.outlay.other_mandatory,cbo_2009-03,2015,-71.983,-71.98299999999995,5.684341886080802e-14
cbo.outlay.other_mandatory,cbo_2010-03,2016,-14.996,-14.995999999999981,1.9539925233402755e-14
cbo.outlay.other_mandatory,cbo_2011-03,2017,-62.509,-62.509000000000015,1.4210854715202004e-14
cbo.outlay.other_mandatory,cbo_2012-03,2018,30.977,30.976999999999975,2.4868995751603507e-14
cbo.outlay.other_mandatory,cbo_2013-05,2019,41.017,41.01699999999994,6.394884621840902e-14
cbo.outlay.other_mandatory,cbo_2014-04,2020,-111.583,-111.58300000000008,8.526512829121202e-14
cbo.outlay.other_mandatory,cbo_2015-03,2021,10.169,10.168999999999869,1.3145040611561853e-13
cbo.outlay.other_mandatory,cbo_2016-03,2022,-36.865,-36.86500000000001,7.105427357601002e-15
cbo.outlay.other_mandatory,cbo_2017-06,2023,-408.421,-408.42100000000005,5.684341886080802e-14
cbo.outlay.other_mandatory,cbo_2018-05,2024,-263.933,-263.933,0.0
cbo.outlay.other_mandatory,cbo_2019-05,2025,-240.545,-240.54499999999996,2.842170943040401e-14
cbo.outlay.other_mandatory,cbo_1996-05,2003,5.489,5.489000000000033,3.2862601528904634e-14
cbo.outlay.other_mandatory,cbo_1997-03,2004,17.177,17.17700000000002,2.1316282072803006e-14
cbo.outlay.other_mandatory,cbo_1998-03,2005,10.626,10.626000000000033,3.375077994860476e-14
cbo.outlay.other_mandatory,cbo_1999-04,2006,-21.216,-21.216000000000008,7.105427357601002e-15
cbo.outlay.other_mandatory,cbo_2000-04,2007,10.095,10.09499999999997,3.019806626980426e-14
cbo.outlay.other_mandatory,cbo_2001-05,2008,-20.741,-20.741000000000042,4.263256414560601e-14
cbo.outlay.other_mandatory,cbo_2002-03,2009,-31.841,-31.840999999999894,1.0658141036401503e-13
cbo.outlay.other_mandatory,cbo_2003-03,2010,48.683,48.682999999999936,6.394884621840902e-14
cbo.outlay.other_mandatory,cbo_2004-03,2011,-35.046,-35.04600000000005,4.973799150320701e-14
cbo.outlay.other_mandatory,cbo_2005-03,2012,-56.567,-56.567000000000064,6.394884621840902e-14
cbo.outlay.other_mandatory,cbo_2006-03,2013,-80.412,-80.41199999999998,2.842170943040401e-14
cbo.outlay.other_mandatory,cbo_2007-03,2014,-59.234,-59.233999999999924,7.815970093361102e-14
cbo.outlay.other_mandatory,cbo_2008-03,2015,-61.667,-61.66700000000003,2.842170943040401e-14
cbo.outlay.other_mandatory,cbo_2009-03,2016,-60.222,-60.222000000000094,9.237055564881302e-14
cbo.outlay.other_mandatory,cbo_2010-03,2017,-71.09,-71.08999999999992,8.526512829121202e-14
cbo.outlay.other_mandatory,cbo_2011-03,2018,2.528,2.52800000000002,1.9984014443252818e-14
cbo.outlay.other_mandatory,cbo_2012-03,2019,-6.376,-6.375999999999976,2.398081733190338e-14
cbo.outlay.other_mandatory,cbo_2013-05,2020,-108.935,-108.93499999999995,5.684341886080802e-14
cbo.outlay.other_mandatory,cbo_2014-04,2021,35.359,35.358999999999924,7.815970093361102e-14
cbo.outlay.other_mandatory,cbo_2015-03,2022,-42.858,-42.85799999999995,4.973799150320701e-14
cbo.outlay.other_mandatory,cbo_2016-03,2023,-402.391,-402.3910000000001,5.684341886080802e-14
cbo.outlay.other_mandatory,cbo_2017-06,2024,-265.497,-265.49699999999984,1.7053025658242404e-13
cbo.outlay.other_mandatory,cbo_2018-05,2025,-217.076,-217.07600000000002,2.842170943040401e-14
cbo.outlay.other_mandatory,cbo_1996-05,2004,16.739,16.739000000000033,3.197442310920451e-14
cbo.outlay.other_mandatory,cbo_1997-03,2005,16.623,16.623000000000047,4.618527782440651e-14
cbo.outlay.other_mandatory,cbo_1998-03,2006,-9.07,-9.07000000000005,4.973799150320701e-14
cbo.outlay.other_mandatory,cbo_1999-04,2007,16.483,16.482999999999947,5.3290705182007514e-14
cbo.outlay.other_mandatory,cbo_2000-04,2008,-25.523,-25.522999999999968,3.197442310920451e-14
cbo.outlay.other_mandatory,cbo_2001-05,2009,-22.142,-22.142000000000053,5.3290705182007514e-14
cbo.outlay.other_mandatory,cbo_2002-03,2010,38.103,38.10300000000001,7.105427357601002e-15
cbo.outlay.other_mandatory,cbo_2003-03,2011,-26.276,-26.276000000000067,6.750155989720952e-14
cbo.outlay.other_mandatory,cbo_2004-03,2012,-65.403,-65.40300000000002,1.4210854715202004e-14
cbo.outlay.other_mandatory,cbo_2005-03,2013,-85.448,-85.44799999999998,1.4210854715202004e-14
cbo.outlay.other_mandatory,cbo_2006-03,2014,-59.252,-59.25199999999995,4.973799150320701e-14
cbo.outlay.other_mandatory,cbo_2007-03,2015,-72.908,-72.90800000000002,1.4210854715202004e-14
cbo.outlay.other_mandatory,cbo_2008-03,2016,-43.908,-43.908000000000015,1.4210854715202004e-14
cbo.outlay.other_mandatory,cbo_2009-03,2017,-114.421,-114.42099999999994,7.105427357601002e-14
cbo.outlay.other_mandatory,cbo_2010-03,2018,-3.685,-3.6849999999999454,5.46229728115577e-14
cbo.outlay.other_mandatory,cbo_2011-03,2019,-18.432,-18.432000000000016,1.7763568394002505e-14
cbo.outlay.other_mandatory,cbo_2012-03,2020,-154.919,-154.91899999999987,1.4210854715202004e-13
cbo.outlay.other_mandatory,cbo_2013-05,2021,40.411,40.4109999999996,3.979039320256561e-13
cbo.outlay.other_mandatory,cbo_2014-04,2022,-18.053,-18.052999999999884,1.1723955140041653e-13
cbo.outlay.other_mandatory,cbo_2015-03,2023,-410.126,-410.1260000000001,1.1368683772161603e-13
cbo.outlay.other_mandatory,cbo_2016-03,2024,-258.512,-258.51199999999994,5.684341886080802e-14
cbo.outlay.other_mandatory,cbo_2017-06,2025,-215.541,-215.54099999999994,5.684341886080802e-14
cbo.outlay.other_mandatory,cbo_1996-05,2005,15.179,15.17900000000003,3.019806626980426e-14
cbo.outlay.other_mandatory,cbo_1997-03,2006,-2.398,-2.3980000000000246,2.4424906541753444e-14
cbo.outlay.other_mandatory,cbo_1998-03,2007,29.933,29.932999999999993,7.105427357601002e-15
cbo.outlay.other_mandatory,cbo_1999-04,2008,-19.443,-19.44300000000004,3.907985046680551e-14
cbo.outlay.other_mandatory,cbo_2000-04,2009,-26.101,-26.100999999999885,1.1368683772161603e-13
cbo.outlay.other_mandatory,cbo_2001-05,2010,47.703,47.702999999999975,2.842170943040401e-14
cbo.outlay.other_mandatory,cbo_2002-03,2011,-35.515,-35.51500000000004,4.263256414560601e-14
cbo.outlay.other_mandatory,cbo_2003-03,2012,-55.665,-55.66500000000008,7.815970093361102e-14
cbo.outlay.other_mandatory,cbo_2004-03,2013,-93.621,-93.62099999999998,1.4210854715202004e-14
cbo.outlay.other_mandatory,cbo_2005-03,2014,-64.014,-64.01399999999995,4.263256414560601e-14
cbo.outlay.other_mandatory,cbo_2006-03,2015,-73.15,-73.14999999999998,2.842170943040401e-14
cbo.outlay.other_mandatory,cbo_2007-03,2016,-55.624,-55.624000000000024,2.1316282072803006e-14
cbo.outlay.other_mandatory,cbo_2008-03,2017,-95.222,-95.22199999999998,1.4210854715202004e-14
cbo.outlay.other_mandatory,cbo_2009-03,2018,-45.261,-45.26099999999997,3.552713678800501e-14
cbo.outlay.other_mandatory,cbo_2010-03,2019,-27.937,-27.937000000000012,1.0658141036401503e-14
cbo.outlay.other_mandatory,cbo_2011-03,2020,-169.641,-169.64100000000008,8.526512829121202e-14
cbo.outlay.other_mandatory,cbo_2012-03,2021,-2.818,-2.818000000000211,2.1094237467877974e-13
cbo.outlay.other_mandatory,cbo_2013-05,2022,-8.786,-8.78599999999983,1.687538997430238e-13
cbo.outlay.other_mandatory,cbo_2014-04,2023,-385.499,-385.49900000000014,1.1368683772161603e-13
cbo.outlay.other_mandatory,cbo_2015-03,2024,-268.59,-268.5899999999999,5.684341886080802e-14
cbo.outlay.other_mandatory,cbo_2016-03,2025,-211.071,-211.0709999999999,8.526512829121202e-14
cbo.outlay.other_mandatory,cbo_1996-05,2006,-3.121,-3.1210000000000377,3.774758283725532e-14
cbo.outlay.other_mandatory,cbo_1997-03,2007,37.361,37.36099999999993,6.394884621840902e-14
cbo.outlay.other_mandatory,cbo_1998-03,2008,-4.324,-4.324000000000012,1.2434497875801753e-14
cbo.outlay.other_mandatory,cbo_1999-04,2009,-20.229,-20.228999999999928,7.105427357601002e-14
cbo.outlay.other_mandatory,cbo_2000-04,2010,45.371,45.37099999999998,2.1316282072803006e-14
cbo.outlay.other_mandatory,cbo_2001-05,2011,-27.704,-27.704000000000065,6.394884621840902e-14
cbo.outlay.other_mandatory,cbo_2002-03,2012,-63.86,-63.860000000000014,1.4210854715202004e-14
cbo.outlay.other_mandatory,cbo_2003-03,2013,-82.968,-82.96799999999996,4.263256414560601e-14
cbo.outlay.other_mandatory,cbo_2004-03,2014,-70.53,-70.52999999999997,2.842170943040401e-14
cbo.outlay.other_mandatory,cbo_2005-03,2015,-77.956,-77.95600000000002,1.4210854715202004e-14
cbo.outlay.other_mandatory,cbo_2006-03,2016,-57.666,-57.666000000000054,5.684341886080802e-14
cbo.outlay.other_mandatory,cbo_2007-03,2017,-107.527,-107.52699999999993,7.105427357601002e-14
cbo.outlay.other_mandatory,cbo_2008-03,2018,-20.523,-20.52299999999991,8.881784197001252e-14
cbo.outlay.other_mandatory,cbo_2009-03,2019,-68.194,-68.19400000000007,7.105427357601002e-14
cbo.outlay.other_mandatory,cbo_2010-03,2020,-179.499,-179.4989999999998,1.9895196601282805e-13
cbo.outlay.other_mandatory,cbo_2011-03,2021,-28.535,-28.53500000000031,3.090860900556436e-13
cbo.outlay.other_mandatory,cbo_2012-03,2022,-55.531,-55.53099999999995,4.973799150320701e-14
cbo.outlay.other_mandatory,cbo_2013-05,2023,-373.487,-373.4870000000001,5.684341886080802e-14
cbo.outlay.other_mandatory,cbo_2014-04,2024,-245.273,-245.2729999999999,8.526512829121202e-14
cbo.outlay.other_mandatory,cbo_2015-03,2025,-221.132,-221.13200000000006,5.684341886080802e-14
cbo.outlay.total_discretionary,cbo_1992-03,1992,12.562,12.562000000000012,1.2434497875801753e-14
cbo.outlay.total_discretionary,cbo_1993-03,1993,11.527,11.52699999999993,6.927791673660977e-14
cbo.outlay.total_discretionary,cbo_1994-04,1994,6.15,6.149999999999977,2.3092638912203256e-14
cbo.outlay.total_discretionary,cbo_1995-04,1995,3.103,3.102999999999952,4.8405723873656825e-14
cbo.outlay.total_discretionary,cbo_1996-05,1996,2.165,2.1650000000000773,7.72715225139109e-14
cbo.outlay.total_discretionary,cbo_1997-03,1997,4.265,4.264999999999986,1.3322676295501878e-14
cbo.outlay.total_discretionary,cbo_1998-03,1998,7.5,7.499999999999886,1.1368683772161603e-13
cbo.outlay.total_discretionary,cbo_1999-04,1999,5.669,5.668999999999983,1.687538997430238e-14
cbo.outlay.total_discretionary,cbo_2000-04,2000,1.993,1.9930000000000518,5.1736392947532295e-14
cbo.outlay.total_discretionary,cbo_2001-05,2001,-4.927,-4.927000000000021,2.1316282072803006e-14
cbo.outlay.total_discretionary,cbo_2002-03,2002,2.801,2.8010000000000446,4.440892098500626e-14
cbo.outlay.total_discretionary,cbo_2003-03,2003,13.617,13.616999999999962,3.907985046680551e-14
cbo.outlay.total_discretionary,cbo_2004-03,2004,0.476,0.4759999999999991,8.881784197001252e-16
cbo.outlay.total_discretionary,cbo_2005-03,2005,-4.337,-4.337000000000103,1.0302869668521453e-13
cbo.outlay.total_discretionary,cbo_2006-03,2006,10.91,10.909999999999854,1.4566126083082054e-13
cbo.outlay.total_discretionary,cbo_2007-03,2007,15.731,15.730999999999995,5.329070518200751e-15
cbo.outlay.total_discretionary,cbo_2008-03,2008,-4.294,-4.294000000000096,9.681144774731365e-14
cbo.outlay.total_discretionary,cbo_2009-03,2009,13.021,13.020999999999958,4.263256414560601e-14
cbo.outlay.total_discretionary,cbo_2010-03,2010,24.95,24.950000000000045,4.618527782440651e-14
cbo.outlay.total_discretionary,cbo_2011-03,2011,17.403,17.40300000000002,2.1316282072803006e-14
cbo.outlay.total_discretionary,cbo_2012-03,2012,26.894,26.894000000000005,7.105427357601002e-15
cbo.outlay.total_discretionary,cbo_2013-05,2013,10.354,10.353999999999814,1.8474111129762605e-13
cbo.outlay.total_discretionary,cbo_2014-04,2014,0.887,0.887000000000171,1.709743457922741e-13
cbo.outlay.total_discretionary,cbo_2015-03,2015,2.455,2.4549999999999272,7.283063041541027e-14
cbo.outlay.total_discretionary,cbo_2016-03,2016,10.696,10.69600000000014,1.4033219031261979e-13
cbo.outlay.total_discretionary,cbo_2017-06,2017,2.98,2.980000000000018,1.8207657603852567e-14
cbo.outlay.total_discretionary,cbo_2018-05,2018,12.293,12.292999999999893,1.0658141036401503e-13
cbo.outlay.total_discretionary,cbo_2019-05,2019,-2.687,-2.6870000000001255,1.2567724638756772e-13
cbo.outlay.total_discretionary,cbo_2020-03,2020,16.073,16.072999999999865,1.3500311979441904e-13
cbo.outlay.total_discretionary,cbo_2021-07,2021,16.054,16.054000000000087,8.881784197001252e-14
cbo.outlay.total_discretionary,cbo_2022-05,2022,59.077,59.077,0.0
cbo.outlay.total_discretionary,cbo_2023-05,2023,-5.366,-5.366000000000213,2.1316282072803006e-13
cbo.outlay.total_discretionary,cbo_2024-06,2024,-18.716,-18.715999999999894,1.0658141036401503e-13
cbo.outlay.total_discretionary,cbo_2025-01,2025,15.005,15.00500000000011,1.0835776720341528e-13
cbo.outlay.total_discretionary,cbo_1992-03,1993,8.191,8.191000000000031,3.019806626980426e-14
cbo.outlay.total_discretionary,cbo_1993-03,1994,8.925,8.924999999999955,4.618527782440651e-14
cbo.outlay.total_discretionary,cbo_1994-04,1995,3.701,3.701000000000022,2.1760371282653068e-14
cbo.outlay.total_discretionary,cbo_1995-04,1996,0.586,0.5860000000000127,1.27675647831893e-14
cbo.outlay.total_discretionary,cbo_1996-05,1997,-0.306,-0.30600000000004,4.0023540037736893e-14
cbo.outlay.total_discretionary,cbo_1997-03,1998,5.149,5.149000000000001,8.881784197001252e-16
cbo.outlay.total_discretionary,cbo_1998-03,1999,12.895,12.894999999999982,1.7763568394002505e-14
cbo.outlay.total_discretionary,cbo_1999-04,2000,4.047,4.0470000000000255,2.5757174171303632e-14
cbo.outlay.total_discretionary,cbo_2000-04,2001,-1.685,-1.6850000000000591,5.906386491005833e-14
cbo.outlay.total_discretionary,cbo_2001-05,2002,-5.188,-5.188000000000102,1.021405182655144e-13
cbo.outlay.total_discretionary,cbo_2002-03,2003,7.559,7.558999999999969,3.108624468950438e-14
cbo.outlay.total_discretionary,cbo_2003-03,2004,12.266,12.265999999999963,3.730349362740526e-14
cbo.outlay.total_discretionary,cbo_2004-03,2005,-1.41,-1.4100000000000819,8.193445921733655e-14
cbo.outlay.total_discretionary,cbo_2005-03,2006,17.214,17.213999999999942,5.684341886080802e-14
cbo.outlay.total_discretionary,cbo_2006-03,2007,31.979,31.979000000000042,4.263256414560601e-14
cbo.outlay.total_discretionary,cbo_2007-03,2008,11.275,11.275000000000091,9.059419880941277e-14
cbo.outlay.total_discretionary,cbo_2008-03,2009,3.62,3.619999999999891,1.092459456231154e-13
cbo.outlay.total_discretionary,cbo_2009-03,2010,47.326,47.32600000000002,2.1316282072803006e-14
cbo.outlay.total_discretionary,cbo_2010-03,2011,41.357,41.35699999999997,2.842170943040401e-14
cbo.outlay.total_discretionary,cbo_2011-03,2012,43.462,43.46200000000022,2.1316282072803006e-13
cbo.outlay.total_discretionary,cbo_2012-03,2013,24.905,24.904999999999973,2.842170943040401e-14
cbo.outlay.total_discretionary,cbo_2013-05,2014,20.819,20.81899999999996,3.907985046680551e-14
cbo.outlay.total_discretionary,cbo_2014-04,2015,16.859,16.858999999999924,7.815970093361102e-14
cbo.outlay.total_discretionary,cbo_2015-03,2016,17.597,17.597000000000207,2.0605739337042905e-13
cbo.outlay.total_discretionary,cbo_2016-03,2017,24.68,24.679999999999836,1.6342482922482304e-13
cbo.outlay.total_discretionary,cbo_2017-06,2018,54.124,54.124000000000024,2.1316282072803006e-14
cbo.outlay.total_discretionary,cbo_2018-05,2019,14.337,14.336999999999989,1.0658141036401503e-14
cbo.outlay.total_discretionary,cbo_2019-05,2020,14.271,14.270999999999958,4.263256414560601e-14
cbo.outlay.total_discretionary,cbo_2020-03,2021,46.55,46.549999999999955,4.263256414560601e-14
cbo.outlay.total_discretionary,cbo_2021-07,2022,39.566,39.56600000000003,2.842170943040401e-14
cbo.outlay.total_discretionary,cbo_2022-05,2023,79.167,79.16699999999992,8.526512829121202e-14
cbo.outlay.total_discretionary,cbo_2023-05,2024,10.859,10.858999999999924,7.638334409421077e-14
cbo.outlay.total_discretionary,cbo_2024-06,2025,3.205,3.2049999999999272,7.283063041541027e-14
cbo.outlay.total_discretionary,cbo_1992-03,1994,8.539,8.538999999999987,1.2434497875801753e-14
cbo.outlay.total_discretionary,cbo_1993-03,1995,4.659,4.658999999999992,7.993605777301127e-15
cbo.outlay.total_discretionary,cbo_1994-04,1996,0.134,0.13400000000001455,1.454392162258955e-14
cbo.outlay.total_discretionary,cbo_1995-04,1997,-1.26,-1.2600000000001046,1.0458300891968975e-13
cbo.outlay.total_discretionary,cbo_1996-05,1998,7.782,7.781999999999925,7.460698725481052e-14
cbo.outlay.total_discretionary,cbo_1997-03,1999,13.111,13.11099999999999,1.0658141036401503e-14
cbo.outlay.total_discretionary,cbo_1998-03,2000,5.241,5.2409999999999854,1.4210854715202004e-14
cbo.outlay.total_discretionary,cbo_1999-04,2001,-0.765,-0.7649999999999864,1.3655743202889425e-14
cbo.outlay.total_discretionary,cbo_2000-04,2002,1.431,1.4309999999999263,7.37188088351104e-14
cbo.outlay.total_discretionary,cbo_2001-05,2003,2.781,2.780999999999949,5.10702591327572e-14
cbo.outlay.total_discretionary,cbo_2002-03,2004,8.117,8.116999999999962,3.907985046680551e-14
cbo.outlay.total_discretionary,cbo_2003-03,2005,4.686,4.685999999999922,7.815970093361102e-14
cbo.outlay.total_discretionary,cbo_2004-03,2006,12.287,12.287000000000035,3.375077994860476e-14
cbo.outlay.total_discretionary,cbo_2005-03,2007,27.896,27.895999999999958,4.263256414560601e-14
cbo.outlay.total_discretionary,cbo_2006-03,2008,11.863,11.862999999999829,1.7053025658242404e-13
cbo.outlay.total_discretionary,cbo_2007-03,2009,14.561,14.560999999999694,3.055333763768431e-13
cbo.outlay.total_discretionary,cbo_2008-03,2010,47.602,47.60199999999986,1.3500311979441904e-13
cbo.outlay.total_discretionary,cbo_2009-03,2011,56.51,56.51000000000022,2.2026824808563106e-13
cbo.outlay.total_discretionary,cbo_2010-03,2012,59.518,59.51800000000003,2.842170943040401e-14
cbo.outlay.total_discretionary,cbo_2011-03,2013,39.679,39.67899999999986,1.4210854715202004e-13
cbo.outlay.total_discretionary,cbo_2012-03,2014,39.09,39.08999999999992,8.526512829121202e-14
cbo.outlay.total_discretionary,cbo_2013-05,2015,28.924,28.923999999999978,2.1316282072803006e-14
cbo.outlay.total_discretionary,cbo_2014-04,2016,21.144,21.144000000000005,7.105427357601002e-15
cbo.outlay.total_discretionary,cbo_2015-03,2017,28.389,28.389000000000124,1.2434497875801753e-13
cbo.outlay.total_discretionary,cbo_2016-03,2018,64.583,64.58299999999986,1.4210854715202004e-13
cbo.outlay.total_discretionary,cbo_2017-06,2019,50.859,50.858999999999924,7.815970093361102e-14
cbo.outlay.total_discretionary,cbo_2018-05,2020,26.674,26.673999999999978,2.1316282072803006e-14
cbo.outlay.total_discretionary,cbo_2019-05,2021,46.12,46.12000000000012,1.2079226507921703e-13
cbo.outlay.total_discretionary,cbo_2020-03,2022,10.453,10.453000000000202,2.0250467969162855e-13
cbo.outlay.total_discretionary,cbo_2021-07,2023,49.689,49.68900000000008,7.815970093361102e-14
cbo.outlay.total_discretionary,cbo_2022-05,2024,25.284,25.284000000000106,1.0658141036401503e-13
cbo.outlay.total_discretionary,cbo_2023-05,2025,28.669,28.669000000000096,9.592326932761353e-14
cbo.outlay.total_discretionary,cbo_1992-03,1995,2.933,2.9329999999999927,7.105427357601002e-15
cbo.outlay.total_discretionary,cbo_1993-03,1996,0.212,0.21200000000010277,1.0277889650467387e-13
cbo.outlay.total_discretionary,cbo_1994-04,1997,-5.541,-5.541000000000054,5.3290705182007514e-14
cbo.outlay.total_discretionary,cbo_1995-04,1998,17.741,17.740999999999985,1.4210854715202004e-14
cbo.outlay.total_discretionary,cbo_1996-05,1999,15.083,15.082999999999856,1.438849039914203e-13
cbo.outlay.total_discretionary,cbo_1997-03,2000,6.199,6.198999999999955,4.440892098500626e-14
cbo.outlay.total_discretionary,cbo_1998-03,2001,-1.545,-1.5450000000000728,7.283063041541027e-14
cbo.outlay.total_discretionary,cbo_1999-04,2002,1.69,1.6899999999999409,5.906386491005833e-14
cbo.outlay.total_discretionary,cbo_2000-04,2003,4.235,4.235000000000014,1.3322676295501878e-14
cbo.outlay.total_discretionary,cbo_2001-05,2004,3.203,3.202999999999861,1.389999226830696e-13
cbo.outlay.total_discretionary,cbo_2002-03,2005,6.128,6.127999999999815,1.8474111129762605e-13
cbo.outlay.total_discretionary,cbo_2003-03,2006,18.575,18.575000000000045,4.618527782440651e-14
cbo.outlay.total_discretionary,cbo_2004-03,2007,16.635,16.63499999999999,1.0658141036401503e-14
cbo.outlay.total_discretionary,cbo_2005-03,2008,7.661,7.661000000000058,5.861977570020827e-14
cbo.outlay.total_discretionary,cbo_2006-03,2009,7.65,7.649999999999864,1.3677947663381929e-13
cbo.outlay.total_discretionary,cbo_2007-03,2010,52.367,52.36699999999996,3.552713678800501e-14
cbo.outlay.total_discretionary,cbo_2008-03,2011,53.059,53.0590000000002,1.9895196601282805e-13
cbo.outlay.total_discretionary,cbo_2009-03,2012,59.148,59.14799999999991,9.237055564881302e-14
cbo.outlay.total_discretionary,cbo_2010-03,2013,36.688,36.687999999999874,1.2789769243681803e-13
cbo.outlay.total_discretionary,cbo_2011-03,2014,44.452,44.452,0.0
cbo.outlay.total_discretionary,cbo_2012-03,2015,33.521,33.52099999999996,4.263256414560601e-14
cbo.outlay.total_discretionary,cbo_2013-05,2016,28.811,28.81100000000015,1.4921397450962104e-13
cbo.outlay.total_discretionary,cbo_2014-04,2017,29.176,29.17600000000016,1.5987211554602254e-13
cbo.outlay.total_discretionary,cbo_2015-03,2018,64.572,64.57200000000012,1.1368683772161603e-13
cbo.outlay.total_discretionary,cbo_2016-03,2019,54.821,54.82100000000014,1.4210854715202004e-13
cbo.outlay.total_discretionary,cbo_2017-06,2020,49.867,49.86699999999996,3.552713678800501e-14
cbo.outlay.total_discretionary,cbo_2018-05,2021,49.841,49.84100000000012,1.2079226507921703e-13
cbo.outlay.total_discretionary,cbo_2019-05,2022,0.848,0.8480000000001837,1.837419105754634e-13
cbo.outlay.total_discretionary,cbo_2020-03,2023,47.062,47.0619999999999,9.947598300641403e-14
cbo.outlay.total_discretionary,cbo_2021-07,2024,-2.444,-2.44399999999996,3.9968028886505635e-14
cbo.outlay.total_discretionary,cbo_2022-05,2025,26.923,26.923000000000002,3.552713678800501e-15
cbo.outlay.total_discretionary,cbo_1992-03,1996,2.224,2.2240000000000464,4.618527782440651e-14
cbo.outlay.total_discretionary,cbo_1993-03,1997,-6.301,-6.301000000000045,4.440892098500626e-14
cbo.outlay.total_discretionary,cbo_1994-04,1998,10.956,10.956000000000017,1.7763568394002505e-14
cbo.outlay.total_discretionary,cbo_1995-04,1999,27.262,27.261999999999944,5.684341886080802e-14
cbo.outlay.total_discretionary,cbo_1996-05,2000,7.67,7.669999999999959,4.085620730620576e-14
cbo.outlay.total_discretionary,cbo_1997-03,2001,-0.216,-0.21600000000000819,8.18789480661053e-15
cbo.outlay.total_discretionary,cbo_1998-03,2002,1.306,1.3059999999999263,7.37188088351104e-14
cbo.outlay.total_discretionary,cbo_1999-04,2003,5.07,5.069999999999936,6.394884621840902e-14
cbo.outlay.total_discretionary,cbo_2000-04,2004,3.739,3.7390000000000327,3.2862601528904634e-14
cbo.outlay.total_discretionary,cbo_2001-05,2005,2.162,2.161999999999921,7.904787935331115e-14
cbo.outlay.total_discretionary,cbo_2002-03,2006,20.739,20.739000000000033,3.197442310920451e-14
cbo.outlay.total_discretionary,cbo_2003-03,2007,27.806,27.80600000000004,3.907985046680551e-14
cbo.outlay.total_discretionary,cbo_2004-03,2008,-4.156,-4.155999999999949,5.062616992290714e-14
cbo.outlay.total_discretionary,cbo_2005-03,2009,-0.238,-0.23800000000028376,2.8377300509419e-13
cbo.outlay.total_discretionary,cbo_2006-03,2010,44.093,44.093000000000075,7.105427357601002e-14
cbo.outlay.total_discretionary,cbo_2007-03,2011,54.968,54.96799999999985,1.5631940186722204e-13
cbo.outlay.total_discretionary,cbo_2008-03,2012,72.602,72.60200000000009,8.526512829121202e-14
cbo.outlay.total_discretionary,cbo_2009-03,2013,32.852,32.85199999999986,1.3500311979441904e-13
cbo.outlay.total_discretionary,cbo_2010-03,2014,35.604,35.60400000000004,4.263256414560601e-14
cbo.outlay.total_discretionary,cbo_2011-03,2015,35.272,35.27199999999971,2.913225216616411e-13
cbo.outlay.total_discretionary,cbo_2012-03,2016,39.231,39.230999999999995,7.105427357601002e-15
cbo.outlay.total_discretionary,cbo_2013-05,2017,39.092,39.0920000000001,9.947598300641403e-14
cbo.outlay.total_discretionary,cbo_2014-04,2018,65.483,65.48299999999995,5.684341886080802e-14
cbo.outlay.total_discretionary,cbo_2015-03,2019,55.591,55.59100000000012,1.2079226507921703e-13
cbo.outlay.total_discretionary,cbo_2016-03,2020,54.68,54.679999999999836,1.6342482922482304e-13
cbo.outlay.total_discretionary,cbo_2017-06,2021,57.42,57.42000000000007,7.105427357601002e-14
cbo.outlay.total_discretionary,cbo_2018-05,2022,4.374,4.374000000000251,2.5135449277513544e-13
cbo.outlay.total_discretionary,cbo_2019-05,2023,38.012,38.011999999999944,5.684341886080802e-14
cbo.outlay.total_discretionary,cbo_2020-03,2024,14.711,14.711000000000013,1.2434497875801753e-14
cbo.outlay.total_discretionary,cbo_2021-07,2025,1.56,1.5599999999999454,5.46229728115577e-14
cbo.outlay.total_discretionary,cbo_1992-03,1997,-0.689,-0.6889999999999645,3.5416114485542494e-14
cbo.outlay.total_discretionary,cbo_1993-03,1998,9.781,9.781000000000063,6.217248937900877e-14
cbo.outlay.total_discretionary,cbo_1994-04,1999,18.64,18.639999999999986,1.4210854715202004e-14
cbo.outlay.total_discretionary,cbo_1995-04,2000,23.371,23.37099999999998,1.7763568394002505e-14
cbo.outlay.total_discretionary,cbo_1996-05,2001,0.724,0.7239999999999327,6.727951529228449e-14
cbo.outlay.total_discretionary,cbo_1997-03,2002,2.351,2.3509999999998854,1.1457501614131615e-13
cbo.outlay.total_discretionary,cbo_1998-03,2003,5.81,5.809999999999832,1.6786572132332367e-13
cbo.outlay.total_discretionary,cbo_1999-04,2004,5.179,5.17899999999986,1.4033219031261979e-13
cbo.outlay.total_discretionary,cbo_2000-04,2005,3.752,3.751999999999839,1.6076029396572267e-13
cbo.outlay.total_discretionary,cbo_2001-05,2006,16.875,16.875,0.0
cbo.outlay.total_discretionary,cbo_2002-03,2007,28.174,28.173999999999978,2.1316282072803006e-14
cbo.outlay.total_discretionary,cbo_2003-03,2008,10.057,10.057000000000016,1.5987211554602254e-14
cbo.outlay.total_discretionary,cbo_2004-03,2009,-9.854,-9.854000000000042,4.263256414560601e-14
cbo.outlay.total_discretionary,cbo_2005-03,2010,35.161,35.16099999999983,1.7053025658242404e-13
cbo.outlay.total_discretionary,cbo_2006-03,2011,45.443,45.442999999999984,1.4210854715202004e-14
cbo.outlay.total_discretionary,cbo_2007-03,2012,71.834,71.83400000000006,5.684341886080802e-14
cbo.outlay.total_discretionary,cbo_2008-03,2013,62.054,62.05399999999986,1.4210854715202004e-13
cbo.outlay.total_discretionary,cbo_2009-03,2014,26.864,26.864000000000033,3.197442310920451e-14
cbo.outlay.total_discretionary,cbo_2010-03,2015,21.35,21.34999999999991,9.237055564881302e-14
cbo.outlay.total_discretionary,cbo_2011-03,2016,36.462,36.46199999999999,1.4210854715202004e-14
cbo.outlay.total_discretionary,cbo_2012-03,2017,45.171,45.17100000000005,4.973799150320701e-14
cbo.outlay.total_discretionary,cbo_2013-05,2018,73.623,73.62299999999982,1.8474111129762605e-13
cbo.outlay.total_discretionary,cbo_2014-04,2019,56.605,56.60500000000002,2.1316282072803006e-14
cbo.outlay.total_discretionary,cbo_2015-03,2020,56.035,56.034999999999854,1.4210854715202004e-13
cbo.outlay.total_discretionary,cbo_2016-03,2021,62.727,62.72700000000009,9.237055564881302e-14
cbo.outlay.total_discretionary,cbo_2017-06,2022,5.383,5.383000000000038,3.8191672047105385e-14
cbo.outlay.total_discretionary,cbo_2018-05,2023,39.444,39.44399999999996,4.263256414560601e-14
cbo.outlay.total_discretionary,cbo_2019-05,2024,2.733,2.7330000000001746,1.745270594710746e-13
cbo.outlay.total_discretionary,cbo_2020-03,2025,19.07,19.069999999999936,6.394884621840902e-14
cbo.outlay.total_discretionary,cbo_1996-05,2002,3.319,3.31899999999996,3.9968028886505635e-14
cbo.outlay.total_discretionary,cbo_1997-03,2003,8.007,8.006999999999948,5.1514348342607263e-14
cbo.outlay.total_discretionary,cbo_1998-03,2004,7.103,7.102999999999952,4.796163466380676e-14
cbo.outlay.total_discretionary,cbo_1999-04,2005,5.826,5.825999999999908,9.14823772291129e-14
cbo.outlay.total_discretionary,cbo_2000-04,2006,20.973,20.973000000000184,1.8474111129762605e-13
cbo.outlay.total_discretionary,cbo_2001-05,2007,24.11,24.110000000000127,1.2789769243681803e-13
cbo.outlay.total_discretionary,cbo_2002-03,2008,9.995,9.99499999999989,1.0835776720341528e-13
cbo.outlay.total_discretionary,cbo_2003-03,2009,8.178,8.177999999999884,1.1723955140041653e-13
cbo.outlay.total_discretionary,cbo_2004-03,2010,27.366,27.365999999999985,1.4210854715202004e-14
cbo.outlay.total_discretionary,cbo_2005-03,2011,37.598,37.597999999999956,4.263256414560601e-14
cbo.outlay.total_discretionary,cbo_2006-03,2012,64.0,64.0,0.0
cbo.outlay.total_discretionary,cbo_2007-03,2013,60.556,60.55599999999981,1.8474111129762605e-13
cbo.outlay.total_discretionary,cbo_2008-03,2014,70.48,70.48000000000002,1.4210854715202004e-14
cbo.outlay.total_discretionary,cbo_2009-03,2015,7.99,7.990000000000009,8.881784197001252e-15
cbo.outlay.total_discretionary,cbo_2010-03,2016,22.179,22.179000000000087,8.881784197001252e-14
cbo.outlay.total_discretionary,cbo_2011-03,2017,44.489,44.48900000000003,3.552713678800501e-14
cbo.outlay.total_discretionary,cbo_2012-03,2018,78.217,78.2170000000001,9.947598300641403e-14
cbo.outlay.total_discretionary,cbo_2013-05,2019,64.837,64.83699999999999,1.4210854715202004e-14
cbo.outlay.total_discretionary,cbo_2014-04,2020,56.335,56.335000000000036,3.552713678800501e-14
cbo.outlay.total_discretionary,cbo_2015-03,2021,63.253,63.253000000000156,1.5631940186722204e-13
cbo.outlay.total_discretionary,cbo_2016-03,2022,9.66,9.660000000000082,8.171241461241152e-14
cbo.outlay.total_discretionary,cbo_2017-06,2023,38.205,38.20499999999993,7.105427357601002e-14
cbo.outlay.total_discretionary,cbo_2018-05,2024,2.682,2.6820000000002437,2.438049762076844e-13
cbo.outlay.total_discretionary,cbo_2019-05,2025,5.888,5.888000000000147,1.474376176702208e-13
cbo.outlay.total_discretionary,cbo_1996-05,2003,9.004,9.004000000000019,1.9539925233402755e-14
cbo.outlay.total_discretionary,cbo_1997-03,2004,10.517,10.516999999999939,6.039613253960852e-14
cbo.outlay.total_discretionary,cbo_1998-03,2005,8.998,8.997999999999934,6.572520305780927e-14
cbo.outlay.total_discretionary,cbo_1999-04,2006,23.714,23.713999999999942,5.684341886080802e-14
cbo.outlay.total_discretionary,cbo_2000-04,2007,29.474,29.47400000000016,1.5987211554602254e-13
cbo.outlay.total_discretionary,cbo_2001-05,2008,4.769,4.7690000000000055,5.329070518200751e-15
cbo.outlay.total_discretionary,cbo_2002-03,2009,6.682,6.681999999999789,2.113864638886298e-13
cbo.outlay.total_discretionary,cbo_2003-03,2010,50.363,50.36299999999983,1.7053025658242404e-13
cbo.outlay.total_discretionary,cbo_2004-03,2011,31.206,31.205999999999904,9.592326932761353e-14
cbo.outlay.total_discretionary,cbo_2005-03,2012,56.556,56.55600000000004,4.263256414560601e-14
cbo.outlay.total_discretionary,cbo_2006-03,2013,54.064,54.06400000000008,7.815970093361102e-14
cbo.outlay.total_discretionary,cbo_2007-03,2014,69.176,69.17599999999993,7.105427357601002e-14
cbo.outlay.total_discretionary,cbo_2008-03,2015,63.909,63.90899999999988,1.2079226507921703e-13
cbo.outlay.total_discretionary,cbo_2009-03,2016,4.8,4.800000000000182,1.8207657603852567e-13
cbo.outlay.total_discretionary,cbo_2010-03,2017,26.664,26.663999999999987,1.4210854715202004e-14
cbo.outlay.total_discretionary,cbo_2011-03,2018,80.551,80.55099999999993,7.105427357601002e-14
cbo.outlay.total_discretionary,cbo_2012-03,2019,69.06,69.06000000000017,1.7053025658242404e-13
cbo.outlay.total_discretionary,cbo_2013-05,2020,63.804,63.80399999999986,1.4210854715202004e-13
cbo.outlay.total_discretionary,cbo_2014-04,2021,62.841,62.840999999999894,1.0658141036401503e-13
cbo.outlay.total_discretionary,cbo_2015-03,2022,11.937,11.937000000000126,1.2612133559741778e-13
cbo.outlay.total_discretionary,cbo_2016-03,2023,42.429,42.42900000000009,8.526512829121202e-14
cbo.outlay.total_discretionary,cbo_2017-06,2024,0.55,0.5500000000001819,1.8185453143360064e-13
cbo.outlay.total_discretionary,cbo_2018-05,2025,7.837,7.8370000000002165,2.1671553440683056e-13
cbo.outlay.total_discretionary,cbo_1996-05,2004,11.545,11.544999999999845,1.545430450278218e-13
cbo.outlay.total_discretionary,cbo_1997-03,2005,14.296,14.295999999999935,6.394884621840902e-14
cbo.outlay.total_discretionary,cbo_1998-03,2006,28.2,28.200000000000045,4.618527782440651e-14
cbo.outlay.total_discretionary,cbo_1999-04,2007,32.913,32.91300000000024,2.4158453015843406e-13
cbo.outlay.total_discretionary,cbo_2000-04,2008,10.722,10.72199999999998,1.9539925233402755e-14
cbo.outlay.total_discretionary,cbo_2001-05,2009,0.485,0.48499999999989996,1.000310945187266e-13
cbo.outlay.total_discretionary,cbo_2002-03,2010,47.434,47.43399999999997,2.842170943040401e-14
cbo.outlay.total_discretionary,cbo_2003-03,2011,58.505,58.50500000000011,1.0658141036401503e-13
cbo.outlay.total_discretionary,cbo_2004-03,2012,51.139,51.139000000000124,1.2079226507921703e-13
cbo.outlay.total_discretionary,cbo_2005-03,2013,46.321,46.32099999999991,8.526512829121202e-14
cbo.outlay.total_discretionary,cbo_2006-03,2014,62.608,62.608000000000175,1.7763568394002505e-13
cbo.outlay.total_discretionary,cbo_2007-03,2015,62.703,62.702999999999975,2.842170943040401e-14
cbo.outlay.total_discretionary,cbo_2008-03,2016,68.519,68.51900000000023,2.2737367544323206e-13
cbo.outlay.total_discretionary,cbo_2009-03,2017,7.218,7.217999999999847,1.5276668818842154e-13
cbo.outlay.total_discretionary,cbo_2010-03,2018,58.054,58.05400000000009,8.526512829121202e-14
cbo.outlay.total_discretionary,cbo_2011-03,2019,72.286,72.28599999999983,1.7053025658242404e-13
cbo.outlay.total_discretionary,cbo_2012-03,2020,69.049,69.04899999999998,2.842170943040401e-14
cbo.outlay.total_discretionary,cbo_2013-05,2021,71.926,71.92599999999993,7.105427357601002e-14
cbo.outlay.total_discretionary,cbo_2014-04,2022,12.244,12.243999999999915,8.526512829121202e-14
cbo.outlay.total_discretionary,cbo_2015-03,2023,44.97,44.9699999999998,1.9895196601282805e-13
cbo.outlay.total_discretionary,cbo_2016-03,2024,4.291,4.291000000000167,1.6697754290362354e-13
cbo.outlay.total_discretionary,cbo_2017-06,2025,4.312,4.3120000000001255,1.2523315717771766e-13
cbo.outlay.total_discretionary,cbo_1996-05,2005,14.707,14.706999999999994,7.105427357601002e-15
cbo.outlay.total_discretionary,cbo_1997-03,2006,35.487,35.48699999999985,1.4921397450962104e-13
cbo.outlay.total_discretionary,cbo_1998-03,2007,38.782,38.78200000000015,1.5631940186722204e-13
cbo.outlay.total_discretionary,cbo_1999-04,2008,14.895,14.894999999999982,1.7763568394002505e-14
cbo.outlay.total_discretionary,cbo_2000-04,2009,6.763,6.76299999999992,7.993605777301127e-14
cbo.outlay.total_discretionary,cbo_2001-05,2010,40.507,40.506999999999834,1.6342482922482304e-13
cbo.outlay.total_discretionary,cbo_2002-03,2011,53.573,53.572999999999865,1.3500311979441904e-13
cbo.outlay.total_discretionary,cbo_2003-03,2012,83.303,83.30300000000011,1.1368683772161603e-13
cbo.outlay.total_discretionary,cbo_2004-03,2013,42.189,42.18900000000008,7.815970093361102e-14
cbo.outlay.total_discretionary,cbo_2005-03,2014,54.491,54.490999999999985,1.4210854715202004e-14
cbo.outlay.total_discretionary,cbo_2006-03,2015,55.585,55.58499999999981,1.9184653865522705e-13
cbo.outlay.total_discretionary,cbo_2007-03,2016,65.841,65.84100000000012,1.2789769243681803e-13
cbo.outlay.total_discretionary,cbo_2008-03,2017,76.578,76.57799999999997,2.842170943040401e-14
cbo.outlay.total_discretionary,cbo_2009-03,2018,36.87,36.86999999999989,1.0658141036401503e-13
cbo.outlay.total_discretionary,cbo_2010-03,2019,42.718,42.718000000000075,7.105427357601002e-14
cbo.outlay.total_discretionary,cbo_2011-03,2020,72.73,72.72999999999979,2.1316282072803006e-13
cbo.outlay.total_discretionary,cbo_2012-03,2021,77.906,77.90600000000018,1.7053025658242404e-13
cbo.outlay.total_discretionary,cbo_2013-05,2022,22.241,22.240999999999985,1.4210854715202004e-14
cbo.outlay.total_discretionary,cbo_2014-04,2023,46.893,46.8929999999998,1.9895196601282805e-13
cbo.outlay.total_discretionary,cbo_2015-03,2024,7.14,7.1400000000001,1.0036416142611415e-13
cbo.outlay.total_discretionary,cbo_2016-03,2025,8.002,8.00200000000018,1.794120407794253e-13
cbo.outlay.total_discretionary,cbo_1996-05,2006,35.245,35.24500000000012,1.2079226507921703e-13
cbo.outlay.total_discretionary,cbo_1997-03,2007,48.172,48.172000000000025,2.842170943040401e-14
cbo.outlay.total_discretionary,cbo_1998-03,2008,22.217,22.21699999999987,1.2789769243681803e-13
cbo.outlay.total_discretionary,cbo_1999-04,2009,11.704,11.703999999999724,2.7711166694643907e-13
cbo.outlay.total_discretionary,cbo_2000-04,2010,47.444,47.44399999999996,4.263256414560601e-14
cbo.outlay.total_discretionary,cbo_2001-05,2011,46.235,46.23500000000013,1.2789769243681803e-13
cbo.outlay.total_discretionary,cbo_2002-03,2012,74.793,74.79299999999989,1.1368683772161603e-13
cbo.outlay.total_discretionary,cbo_2003-03,2013,77.88,77.87999999999988,1.1368683772161603e-13
cbo.outlay.total_discretionary,cbo_2004-03,2014,51.546,51.54600000000005,4.973799150320701e-14
cbo.outlay.total_discretionary,cbo_2005-03,2015,46.948,46.94800000000009,9.237055564881302e-14
cbo.outlay.total_discretionary,cbo_2006-03,2016,58.62,58.62000000000012,1.2079226507921703e-13
cbo.outlay.total_discretionary,cbo_2007-03,2017,72.566,72.5659999999998,1.9895196601282805e-13
cbo.outlay.total_discretionary,cbo_2008-03,2018,113.28,113.27999999999975,2.5579538487363607e-13
cbo.outlay.total_discretionary,cbo_2009-03,2019,20.617,20.616999999999962,3.907985046680551e-14
cbo.outlay.total_discretionary,cbo_2010-03,2020,37.418,37.41799999999989,1.0658141036401503e-13
cbo.outlay.total_discretionary,cbo_2011-03,2021,81.168,81.16800000000012,1.1368683772161603e-13
cbo.outlay.total_discretionary,cbo_2012-03,2022,28.353,28.353000000000065,6.394884621840902e-14
cbo.outlay.total_discretionary,cbo_2013-05,2023,57.115,57.11500000000001,7.105427357601002e-15
cbo.outlay.total_discretionary,cbo_2014-04,2024,10.331,10.331000000000131,1.3145040611561853e-13
cbo.outlay.total_discretionary,cbo_2015-03,2025,11.187,11.187000000000126,1.2612133559741778e-13
cbo.outlay.defense_discretionary,cbo_1998-03,1998,-0.688,-0.6879999999999882,1.176836406102666e-14
cbo.outlay.defense_discretionary,cbo_1999-04,1999,1.313,1.3129999999999882,1.176836406102666e-14
cbo.outlay.defense_discretionary,cbo_2000-04,2000,-11.422,-11.421999999999969,3.197442310920451e-14
cbo.outlay.defense_discretionary,cbo_2001-05,2001,-3.51,-3.509999999999991,8.881784197001252e-15
cbo.outlay.defense_discretionary,cbo_2002-03,2002,4.383,4.383000000000038,3.8191672047105385e-14
cbo.outlay.defense_discretionary,cbo_2003-03,2003,8.407,8.406999999999982,1.7763568394002505e-14
cbo.outlay.defense_discretionary,cbo_2004-03,2004,-2.109,-2.1090000000000373,3.730349362740526e-14
cbo.outlay.defense_discretionary,cbo_2005-03,2005,2.122,2.122000000000014,1.4210854715202004e-14
cbo.outlay.defense_discretionary,cbo_2006-03,2006,2.893,2.893000000000029,2.930988785010413e-14
cbo.outlay.defense_discretionary,cbo_2007-03,2007,8.888,8.888000000000034,3.375077994860476e-14
cbo.outlay.defense_discretionary,cbo_2008-03,2008,-11.016,-11.015999999999963,3.730349362740526e-14
cbo.outlay.defense_discretionary,cbo_2009-03,2009,9.785,9.784999999999968,3.197442310920451e-14
cbo.outlay.defense_discretionary,cbo_2010-03,2010,5.553,5.552999999999997,2.6645352591003757e-15
cbo.outlay.defense_discretionary,cbo_2011-03,2011,11.046,11.045999999999935,6.394884621840902e-14
cbo.outlay.defense_discretionary,cbo_2012-03,2012,2.026,2.0259999999999536,4.618527782440651e-14
cbo.outlay.defense_discretionary,cbo_2013-05,2013,3.196,3.1960000000000264,2.6201263381153694e-14
cbo.outlay.defense_discretionary,cbo_2014-04,2014,-0.459,-0.45899999999994634,5.367928324062632e-14
cbo.outlay.defense_discretionary,cbo_2015-03,2015,-0.77,-0.7699999999999818,1.8207657603852567e-14
cbo.outlay.defense_discretionary,cbo_2016-03,2016,2.72,2.7200000000000273,2.708944180085382e-14
cbo.outlay.defense_discretionary,cbo_2017-06,2017,-1.609,-1.6090000000000373,3.730349362740526e-14
cbo.outlay.defense_discretionary,cbo_2018-05,2018,-4.887,-4.886999999999944,5.595524044110789e-14
cbo.outlay.defense_discretionary,cbo_2019-05,2019,-9.73,-9.730000000000018,1.7763568394002505e-14
cbo.outlay.defense_discretionary,cbo_2020-03,2020,-0.109,-0.10900000000003729,3.7289615839597445e-14
cbo.outlay.defense_discretionary,cbo_2021-07,2021,-2.653,-2.65300000000002,1.9984014443252818e-14
cbo.outlay.defense_discretionary,cbo_2022-05,2022,7.971,7.971000000000004,3.552713678800501e-15
cbo.outlay.defense_discretionary,cbo_2023-05,2023,-13.205,-13.205000000000041,4.085620730620576e-14
cbo.outlay.defense_discretionary,cbo_2024-06,2024,-7.31,-7.310000000000059,5.950795411990839e-14
cbo.outlay.defense_discretionary,cbo_2025-01,2025,-5.436,-5.4360000000000355,3.552713678800501e-14
cbo.outlay.defense_discretionary,cbo_1998-03,1999,2.31,2.3099999999999454,5.46229728115577e-14
cbo.outlay.defense_discretionary,cbo_1999-04,2000,-8.635,-8.634999999999991,8.881784197001252e-15
cbo.outlay.defense_discretionary,cbo_2000-04,2001,-6.381,-6.380999999999972,2.842170943040401e-14
cbo.outlay.defense_discretionary,cbo_2001-05,2002,3.665,3.6650000000000205,2.042810365310288e-14
cbo.outlay.defense_discretionary,cbo_2002-03,2003,4.36,4.360000000000014,1.3322676295501878e-14
cbo.outlay.defense_discretionary,cbo_2003-03,2004,1.215,1.214999999999975,2.5091040356528538e-14
cbo.outlay.defense_discretionary,cbo_2004-03,2005,0.955,0.9549999999999841,1.587618925213974e-14
cbo.outlay.defense_discretionary,cbo_2005-03,2006,5.478,5.4780000000000655,6.572520305780927e-14
cbo.outlay.defense_discretionary,cbo_2006-03,2007,14.198,14.197999999999979,2.1316282072803006e-14
cbo.outlay.defense_discretionary,cbo_2007-03,2008,0.546,0.5460000000000491,4.907185768843192e-14
cbo.outlay.defense_discretionary,cbo_2008-03,2009,3.957,3.9569999999999936,6.217248937900877e-15
cbo.outlay.defense_discretionary,cbo_2009-03,2010,11.333,11.33299999999997,3.019806626980426e-14
cbo.outlay.defense_discretionary,cbo_2010-03,2011,23.153,23.15300000000002,2.1316282072803006e-14
cbo.outlay.defense_discretionary,cbo_2011-03,2012,18.796,18.795999999999935,6.394884621840902e-14
cbo.outlay.defense_discretionary,cbo_2012-03,2013,9.929,9.928999999999974,2.6645352591003757e-14
cbo.outlay.defense_discretionary,cbo_2013-05,2014,13.37,13.370000000000005,5.329070518200751e-15
cbo.outlay.defense_discretionary,cbo_2014-04,2015,3.603,3.6030000000000655,6.52811138479592e-14
cbo.outlay.defense_discretionary,cbo_2015-03,2016,3.735,3.7350000000000136,1.3766765505351941e-14
cbo.outlay.defense_discretionary,cbo_2016-03,2017,9.224,9.223999999999933,6.750155989720952e-14
cbo.outlay.defense_discretionary,cbo_2017-06,2018,19.723,19.722999999999956,4.263256414560601e-14
cbo.outlay.defense_discretionary,cbo_2018-05,2019,-12.978,-12.977999999999952,4.796163466380676e-14
cbo.outlay.defense_discretionary,cbo_2019-05,2020,-4.021,-4.021000000000072,7.194245199571014e-14
cbo.outlay.defense_discretionary,cbo_2020-03,2021,-5.408,-5.4080000000000155,1.509903313490213e-14
cbo.outlay.defense_discretionary,cbo_2021-07,2022,12.024,12.024000000000001,1.7763568394002505e-15
cbo.outlay.defense_discretionary,cbo_2022-05,2023,3.835,3.8349999999999227,7.72715225139109e-14
cbo.outlay.defense_discretionary,cbo_2023-05,2024,2.358,2.3579999999999472,5.284661597215745e-14
cbo.outlay.defense_discretionary,cbo_2024-06,2025,5.161,5.1609999999999445,5.5067062021407764e-14
cbo.outlay.defense_discretionary,cbo_1998-03,2000,-11.0,-11.0,0.0
cbo.outlay.defense_discretionary,cbo_1999-04,2001,-10.997,-10.996999999999957,4.263256414560601e-14
cbo.outlay.defense_discretionary,cbo_2000-04,2002,-1.218,-1.217999999999961,3.907985046680551e-14
cbo.outlay.defense_discretionary,cbo_2001-05,2003,2.413,2.413000000000011,1.1102230246251565e-14
cbo.outlay.defense_discretionary,cbo_2002-03,2004,0.41,0.40999999999996817,3.1807889655510735e-14
cbo.outlay.defense_discretionary,cbo_2003-03,2005,4.847,4.847000000000037,3.6415315207705135e-14
cbo.outlay.defense_discretionary,cbo_2004-03,2006,0.708,0.7080000000000837,8.37108160567368e-14
cbo.outlay.defense_discretionary,cbo_2005-03,2007,9.679,9.678999999999974,2.6645352591003757e-14
cbo.outlay.defense_discretionary,cbo_2006-03,2008,-0.047,-0.047000000000025466,2.5465740627339528e-14
cbo.outlay.defense_discretionary,cbo_2007-03,2009,7.564,7.5639999999999645,3.552713678800501e-14
cbo.outlay.defense_discretionary,cbo_2008-03,2010,5.387,5.386999999999944,5.595524044110789e-14
cbo.outlay.defense_discretionary,cbo_2009-03,2011,24.204,24.20399999999995,4.973799150320701e-14
cbo.outlay.defense_discretionary,cbo_2010-03,2012,25.526,25.525999999999954,4.618527782440651e-14
cbo.outlay.defense_discretionary,cbo_2011-03,2013,18.374,18.374000000000024,2.4868995751603507e-14
cbo.outlay.defense_discretionary,cbo_2012-03,2014,25.285,25.285000000000082,8.171241461241152e-14
cbo.outlay.defense_discretionary,cbo_2013-05,2015,12.191,12.191000000000031,3.019806626980426e-14
cbo.outlay.defense_discretionary,cbo_2014-04,2016,6.113,6.113000000000056,5.595524044110789e-14
cbo.outlay.defense_discretionary,cbo_2015-03,2017,10.342,10.341999999999985,1.5987211554602254e-14
cbo.outlay.defense_discretionary,cbo_2016-03,2018,24.409,24.408999999999992,7.105427357601002e-15
cbo.outlay.defense_discretionary,cbo_2017-06,2019,5.763,5.763000000000034,3.375077994860476e-14
cbo.outlay.defense_discretionary,cbo_2018-05,2020,-7.919,-7.919000000000096,9.681144774731365e-14
cbo.outlay.defense_discretionary,cbo_2019-05,2021,-8.02,-8.019999999999982,1.7763568394002505e-14
cbo.outlay.defense_discretionary,cbo_2020-03,2022,14.936,14.936000000000035,3.552713678800501e-14
cbo.outlay.defense_discretionary,cbo_2021-07,2023,-3.542,-3.54200000000003,3.019806626980426e-14
cbo.outlay.defense_discretionary,cbo_2022-05,2024,-0.29,-0.2900000000000773,7.732703366514215e-14
cbo.outlay.defense_discretionary,cbo_2023-05,2025,6.617,6.6170000000000755,7.549516567451064e-14
cbo.outlay.defense_discretionary,cbo_1998-03,2001,-15.712,-15.711999999999989,1.0658141036401503e-14
cbo.outlay.defense_discretionary,cbo_1999-04,2002,-1.4,-1.3999999999999773,2.2648549702353193e-14
cbo.outlay.defense_discretionary,cbo_2000-04,2003,-2.636,-2.6359999999999673,3.2862601528904634e-14
cbo.outlay.defense_discretionary,cbo_2001-05,2004,-2.388,-2.3880000000000337,3.375077994860476e-14
cbo.outlay.defense_discretionary,cbo_2002-03,2005,7.54,7.539999999999964,3.6415315207705135e-14
cbo.outlay.defense_discretionary,cbo_2003-03,2006,6.069,6.069000000000074,7.37188088351104e-14
cbo.outlay.defense_discretionary,cbo_2004-03,2007,3.509,3.5090000000000146,1.4654943925052066e-14
cbo.outlay.defense_discretionary,cbo_2005-03,2008,-4.354,-4.353999999999928,7.194245199571014e-14
cbo.outlay.defense_discretionary,cbo_2006-03,2009,6.62,6.6200000000000045,4.440892098500626e-15
cbo.outlay.defense_discretionary,cbo_2007-03,2010,5.489,5.488999999999919,8.08242361927114e-14
cbo.outlay.defense_discretionary,cbo_2008-03,2011,23.837,23.83699999999999,1.0658141036401503e-14
cbo.outlay.defense_discretionary,cbo_2009-03,2012,23.511,23.510999999999967,3.197442310920451e-14
cbo.outlay.defense_discretionary,cbo_2010-03,2013,17.055,17.055000000000064,6.394884621840902e-14
cbo.outlay.defense_discretionary,cbo_2011-03,2014,27.706,27.706000000000017,1.7763568394002505e-14
cbo.outlay.defense_discretionary,cbo_2012-03,2015,18.778,18.77800000000002,2.1316282072803006e-14
cbo.outlay.defense_discretionary,cbo_2013-05,2016,10.618,10.617999999999938,6.217248937900877e-14
cbo.outlay.defense_discretionary,cbo_2014-04,2017,11.575,11.574999999999932,6.750155989720952e-14
cbo.outlay.defense_discretionary,cbo_2015-03,2018,25.84,25.840000000000032,3.197442310920451e-14
cbo.outlay.defense_discretionary,cbo_2016-03,2019,7.873,7.872999999999934,6.661338147750939e-14
cbo.outlay.defense_discretionary,cbo_2017-06,2020,1.125,1.125,0.0
cbo.outlay.defense_discretionary,cbo_2018-05,2021,-10.062,-10.062000000000012,1.2434497875801753e-14
cbo.outlay.defense_discretionary,cbo_2019-05,2022,11.747,11.747000000000071,7.105427357601002e-14
cbo.outlay.defense_discretionary,cbo_2020-03,2023,-2.525,-2.5249999999999773,2.2648549702353193e-14
cbo.outlay.defense_discretionary,cbo_2021-07,2024,-9.961,-9.961000000000013,1.2434497875801753e-14
cbo.outlay.defense_discretionary,cbo_2022-05,2025,0.792,0.79200000000003,2.9976021664879227e-14
cbo.outlay.defense_discretionary,cbo_1998-03,2002,-4.967,-4.9669999999999845,1.509903313490213e-14
cbo.outlay.defense_discretionary,cbo_1999-04,2003,-2.489,-2.488999999999976,2.398081733190338e-14
cbo.outlay.defense_discretionary,cbo_2000-04,2004,-8.361,-8.36099999999999,1.0658141036401503e-14
cbo.outlay.defense_discretionary,cbo_2001-05,2005,5.55,5.550000000000011,1.1546319456101628e-14
cbo.outlay.defense_discretionary,cbo_2002-03,2006,8.544,8.543999999999983,1.7763568394002505e-14
cbo.outlay.defense_discretionary,cbo_2003-03,2007,11.623,11.622999999999934,6.572520305780927e-14
cbo.outlay.defense_discretionary,cbo_2004-03,2008,-11.202,-11.201999999999998,1.7763568394002505e-15
cbo.outlay.defense_discretionary,cbo_2005-03,2009,2.215,2.214999999999918,8.171241461241152e-14
cbo.outlay.defense_discretionary,cbo_2006-03,2010,3.977,3.9769999999999754,2.4424906541753444e-14
cbo.outlay.defense_discretionary,cbo_2007-03,2011,23.551,23.55099999999993,6.750155989720952e-14
cbo.outlay.defense_discretionary,cbo_2008-03,2012,30.093,30.09299999999996,3.907985046680551e-14
cbo.outlay.defense_discretionary,cbo_2009-03,2013,12.012,12.011999999999944,5.684341886080802e-14
cbo.outlay.defense_discretionary,cbo_2010-03,2014,23.337,23.337000000000103,1.0302869668521453e-13
cbo.outlay.defense_discretionary,cbo_2011-03,2015,20.109,20.109000000000037,3.552713678800501e-14
cbo.outlay.defense_discretionary,cbo_2012-03,2016,15.841,15.840999999999894,1.0480505352461478e-13
cbo.outlay.defense_discretionary,cbo_2013-05,2017,13.996,13.995999999999981,1.9539925233402755e-14
cbo.outlay.defense_discretionary,cbo_2014-04,2018,27.438,27.437999999999988,1.0658141036401503e-14
cbo.outlay.defense_discretionary,cbo_2015-03,2019,10.021,10.021000000000072,7.105427357601002e-14
cbo.outlay.defense_discretionary,cbo_2016-03,2020,3.136,3.1359999999999673,3.2862601528904634e-14
cbo.outlay.defense_discretionary,cbo_2017-06,2021,-7.141,-7.140999999999963,3.730349362740526e-14
cbo.outlay.defense_discretionary,cbo_2018-05,2022,10.997,10.996999999999957,4.263256414560601e-14
cbo.outlay.defense_discretionary,cbo_2019-05,2023,-7.796,-7.796000000000049,4.884981308350689e-14
cbo.outlay.defense_discretionary,cbo_2020-03,2024,-10.357,-10.356999999999971,2.842170943040401e-14
cbo.outlay.defense_discretionary,cbo_2021-07,2025,-9.68,-9.67999999999995,4.973799150320701e-14
cbo.outlay.defense_discretionary,cbo_1998-03,2003,-4.558,-4.557999999999993,7.105427357601002e-15
cbo.outlay.defense_discretionary,cbo_1999-04,2004,-7.711,-7.711000000000013,1.2434497875801753e-14
cbo.outlay.defense_discretionary,cbo_2000-04,2005,-0.885,-0.8849999999999909,9.103828801926284e-15
cbo.outlay.defense_discretionary,cbo_2001-05,2006,7.224,7.224000000000046,4.618527782440651e-14
cbo.outlay.defense_discretionary,cbo_2002-03,2007,13.171,13.170999999999935,6.394884621840902e-14
cbo.outlay.defense_discretionary,cbo_2003-03,2008,-1.245,-1.2449999999998909,1.092459456231154e-13
cbo.outlay.defense_discretionary,cbo_2004-03,2009,-4.383,-4.383000000000038,3.8191672047105385e-14
cbo.outlay.defense_discretionary,cbo_2005-03,2010,0.023,0.02299999999991087,8.913009219568835e-14
cbo.outlay.defense_discretionary,cbo_2006-03,2011,21.464,21.463999999999942,5.684341886080802e-14
cbo.outlay.defense_discretionary,cbo_2007-03,2012,28.965,28.965000000000032,3.197442310920451e-14
cbo.outlay.defense_discretionary,cbo_2008-03,2013,27.403,27.40300000000002,2.1316282072803006e-14
cbo.outlay.defense_discretionary,cbo_2009-03,2014,15.23,15.230000000000132,1.3145040611561853e-13
cbo.outlay.defense_discretionary,cbo_2010-03,2015,13.746,13.745999999999981,1.9539925233402755e-14
cbo.outlay.defense_discretionary,cbo_2011-03,2016,15.964,15.964000000000055,5.5067062021407764e-14
cbo.outlay.defense_discretionary,cbo_2012-03,2017,18.568,18.567999999999984,1.7763568394002505e-14
cbo.outlay.defense_discretionary,cbo_2013-05,2018,29.562,29.562000000000012,1.0658141036401503e-14
cbo.outlay.defense_discretionary,cbo_2014-04,2019,12.171,12.17100000000005,4.973799150320701e-14
cbo.outlay.defense_discretionary,cbo_2015-03,2020,6.196,6.196000000000026,2.6645352591003757e-14
cbo.outlay.defense_discretionary,cbo_2016-03,2021,-5.509,-5.5090000000000146,1.4210854715202004e-14
cbo.outlay.defense_discretionary,cbo_2017-06,2022,11.314,11.313999999999965,3.552713678800501e-14
cbo.outlay.defense_discretionary,cbo_2018-05,2023,-8.719,-8.719000000000051,5.1514348342607263e-14
cbo.outlay.defense_discretionary,cbo_2019-05,2024,-16.182,-16.182000000000016,1.7763568394002505e-14
cbo.outlay.defense_discretionary,cbo_2020-03,2025,-10.36,-10.3599999999999,9.947598300641403e-14
cbo.outlay.defense_discretionary,cbo_1998-03,2004,-8.24,-8.240000000000009,8.881784197001252e-15
cbo.outlay.defense_discretionary,cbo_1999-04,2005,0.19,0.18999999999999773,2.275957200481571e-15
cbo.outlay.defense_discretionary,cbo_2000-04,2006,0.251,0.25099999999997635,2.3647750424515834e-14
cbo.outlay.defense_discretionary,cbo_2001-05,2007,12.108,12.107999999999947,5.3290705182007514e-14
cbo.outlay.defense_discretionary,cbo_2002-03,2008,0.314,0.3140000000000782,7.821521208484228e-14
cbo.outlay.defense_discretionary,cbo_2003-03,2009,7.257,7.256999999999948,5.1514348342607263e-14
cbo.outlay.defense_discretionary,cbo_2004-03,2010,-6.393,-6.393000000000029,2.930988785010413e-14
cbo.outlay.defense_discretionary,cbo_2005-03,2011,17.759,17.759000000000015,1.4210854715202004e-14
cbo.outlay.defense_discretionary,cbo_2006-03,2012,26.695,26.69500000000005,4.973799150320701e-14
cbo.outlay.defense_discretionary,cbo_2007-03,2013,26.484,26.484000000000037,3.552713678800501e-14
cbo.outlay.defense_discretionary,cbo_2008-03,2014,38.79,38.789999999999964,3.552713678800501e-14
cbo.outlay.defense_discretionary,cbo_2009-03,2015,3.194,3.1940000000000737,7.37188088351104e-14
cbo.outlay.defense_discretionary,cbo_2010-03,2016,8.536,8.535999999999945,5.5067062021407764e-14
cbo.outlay.defense_discretionary,cbo_2011-03,2017,19.722,19.72199999999998,2.1316282072803006e-14
cbo.outlay.defense_discretionary,cbo_2012-03,2018,33.95,33.94999999999993,7.105427357601002e-14
cbo.outlay.defense_discretionary,cbo_2013-05,2019,14.44,14.440000000000055,5.5067062021407764e-14
cbo.outlay.defense_discretionary,cbo_2014-04,2020,7.913,7.913000000000011,1.0658141036401503e-14
cbo.outlay.defense_discretionary,cbo_2015-03,2021,-2.133,-2.133000000000038,3.8191672047105385e-14
cbo.outlay.defense_discretionary,cbo_2016-03,2022,12.797,12.797000000000025,2.4868995751603507e-14
cbo.outlay.defense_discretionary,cbo_2017-06,2023,-9.239,-9.239000000000033,3.197442310920451e-14
cbo.outlay.defense_discretionary,cbo_2018-05,2024,-17.892,-17.892000000000053,5.3290705182007514e-14
cbo.outlay.defense_discretionary,cbo_2019-05,2025,-17.287,-17.287000000000035,3.552713678800501e-14
cbo.outlay.defense_discretionary,cbo_1998-03,2005,1.34,1.339999999999975,2.5091040356528538e-14
cbo.outlay.defense_discretionary,cbo_1999-04,2006,1.945,1.94500000000005,4.9960036108132044e-14
cbo.outlay.defense_discretionary,cbo_2000-04,2007,4.495,4.4950000000000045,4.440892098500626e-15
cbo.outlay.defense_discretionary,cbo_2001-05,2008,-1.093,-1.092999999999961,3.907985046680551e-14
cbo.outlay.defense_discretionary,cbo_2002-03,2009,8.224,8.223999999999933,6.750155989720952e-14
cbo.outlay.defense_discretionary,cbo_2003-03,2010,7.201,7.201000000000022,2.220446049250313e-14
cbo.outlay.defense_discretionary,cbo_2004-03,2011,11.565,11.56499999999994,5.861977570020827e-14
cbo.outlay.defense_discretionary,cbo_2005-03,2012,23.366,23.365999999999985,1.4210854715202004e-14
cbo.outlay.defense_discretionary,cbo_2006-03,2013,24.291,24.29099999999994,6.039613253960852e-14
cbo.outlay.defense_discretionary,cbo_2007-03,2014,37.821,37.82100000000014,1.4210854715202004e-13
cbo.outlay.defense_discretionary,cbo_2008-03,2015,32.416,32.416000000000054,5.684341886080802e-14
cbo.outlay.defense_discretionary,cbo_2009-03,2016,-3.232,-3.2320000000000846,8.43769498715119e-14
cbo.outlay.defense_discretionary,cbo_2010-03,2017,10.569,10.56899999999996,4.085620730620576e-14
cbo.outlay.defense_discretionary,cbo_2011-03,2018,36.376,36.37600000000009,9.237055564881302e-14
cbo.outlay.defense_discretionary,cbo_2012-03,2019,18.79,18.789999999999964,3.552713678800501e-14
cbo.outlay.defense_discretionary,cbo_2013-05,2020,10.514,10.51400000000001,1.0658141036401503e-14
cbo.outlay.defense_discretionary,cbo_2014-04,2021,-0.095,-0.09500000000002728,2.7283730830163222e-14
cbo.outlay.defense_discretionary,cbo_2015-03,2022,16.478,16.477999999999952,4.973799150320701e-14
cbo.outlay.defense_discretionary,cbo_2016-03,2023,-7.68,-7.680000000000064,6.394884621840902e-14
cbo.outlay.defense_discretionary,cbo_2017-06,2024,-18.667,-18.666999999999916,8.526512829121202e-14
cbo.outlay.defense_discretionary,cbo_2018-05,2025,-17.954,-17.95399999999995,4.973799150320701e-14
cbo.outlay.defense_discretionary,cbo_1998-03,2006,4.712,4.711999999999989,1.0658141036401503e-14
cbo.outlay.defense_discretionary,cbo_1999-04,2007,7.012,7.011999999999944,5.595524044110789e-14
cbo.outlay.defense_discretionary,cbo_2000-04,2008,-9.628,-9.627999999999929,7.105427357601002e-14
cbo.outlay.defense_discretionary,cbo_2001-05,2009,6.472,6.47199999999998,2.042810365310288e-14
cbo.outlay.defense_discretionary,cbo_2002-03,2010,7.429,7.429000000000087,8.704148513061227e-14
cbo.outlay.defense_discretionary,cbo_2003-03,2011,26.66,26.659999999999968,3.197442310920451e-14
cbo.outlay.defense_discretionary,cbo_2004-03,2012,17.49,17.49000000000001,1.0658141036401503e-14
cbo.outlay.defense_discretionary,cbo_2005-03,2013,20.743,20.742999999999938,6.039613253960852e-14
cbo.outlay.defense_discretionary,cbo_2006-03,2014,35.501,35.50100000000009,9.237055564881302e-14
cbo.outlay.defense_discretionary,cbo_2007-03,2015,31.283,31.283000000000015,1.4210854715202004e-14
cbo.outlay.defense_discretionary,cbo_2008-03,2016,30.361,30.36099999999999,1.0658141036401503e-14
cbo.outlay.defense_discretionary,cbo_2009-03,2017,-2.548,-2.548000000000002,1.7763568394002505e-15
cbo.outlay.defense_discretionary,cbo_2010-03,2018,25.133,25.133000000000038,3.907985046680551e-14
cbo.outlay.defense_discretionary,cbo_2011-03,2019,21.827,21.826999999999998,3.552713678800501e-15
cbo.outlay.defense_discretionary,cbo_2012-03,2020,14.965,14.965000000000032,3.197442310920451e-14
cbo.outlay.defense_discretionary,cbo_2013-05,2021,2.622,2.622000000000071,7.105427357601002e-14
cbo.outlay.defense_discretionary,cbo_2014-04,2022,18.946,18.94600000000014,1.3855583347321954e-13
cbo.outlay.defense_discretionary,cbo_2015-03,2023,-3.997,-3.997000000000071,7.105427357601002e-14
cbo.outlay.defense_discretionary,cbo_2016-03,2024,-17.072,-17.072000000000003,3.552713678800501e-15
cbo.outlay.defense_discretionary,cbo_2017-06,2025,-19.377,-19.377000000000066,6.750155989720952e-14
cbo.outlay.defense_discretionary,cbo_1998-03,2007,11.564,11.563999999999965,3.552713678800501e-14
cbo.outlay.defense_discretionary,cbo_1999-04,2008,-6.198,-6.197999999999979,2.1316282072803006e-14
cbo.outlay.defense_discretionary,cbo_2000-04,2009,-3.328,-3.328000000000088,8.837375276016246e-14
cbo.outlay.defense_discretionary,cbo_2001-05,2010,5.609,5.608999999999924,7.638334409421077e-14
cbo.outlay.defense_discretionary,cbo_2002-03,2011,26.231,26.230999999999995,7.105427357601002e-15
cbo.outlay.defense_discretionary,cbo_2003-03,2012,34.888,34.888000000000034,3.552713678800501e-14
cbo.outlay.defense_discretionary,cbo_2004-03,2013,15.342,15.342000000000098,9.769962616701378e-14
cbo.outlay.defense_discretionary,cbo_2005-03,2014,31.93,31.930000000000064,6.394884621840902e-14
cbo.outlay.defense_discretionary,cbo_2006-03,2015,28.53,28.530000000000086,8.526512829121202e-14
cbo.outlay.defense_discretionary,cbo_2007-03,2016,28.584,28.583999999999946,5.3290705182007514e-14
cbo.outlay.defense_discretionary,cbo_2008-03,2017,33.976,33.976,0.0
cbo.outlay.defense_discretionary,cbo_2009-03,2018,10.529,10.528999999999996,3.552713678800501e-15
cbo.outlay.defense_discretionary,cbo_2010-03,2019,7.198,7.197999999999979,2.1316282072803006e-14
cbo.outlay.defense_discretionary,cbo_2011-03,2020,17.642,17.64199999999994,6.039613253960852e-14
cbo.outlay.defense_discretionary,cbo_2012-03,2021,7.171,7.171000000000049,4.884981308350689e-14
cbo.outlay.defense_discretionary,cbo_2013-05,2022,21.936,21.936000000000035,3.552713678800501e-14
cbo.outlay.defense_discretionary,cbo_2014-04,2023,-1.001,-1.0009999999999764,2.353672812205332e-14
cbo.outlay.defense_discretionary,cbo_2015-03,2024,-13.514,-13.514000000000124,1.2434497875801753e-13
cbo.outlay.defense_discretionary,cbo_2016-03,2025,-17.774,-17.773999999999887,1.1368683772161603e-13
cbo.outlay.defense_discretionary,cbo_1998-03,2008,0.068,0.06799999999998363,1.637578961322106e-14
cbo.outlay.defense_discretionary,cbo_1999-04,2009,1.092,1.0919999999998709,1.2922996006636822e-13
cbo.outlay.defense_discretionary,cbo_2000-04,2010,-5.397,-5.397000000000048,4.796163466380676e-14
cbo.outlay.defense_discretionary,cbo_2001-05,2011,24.297,24.296999999999912,8.881784197001252e-14
cbo.outlay.defense_discretionary,cbo_2002-03,2012,32.245,32.245000000000005,7.105427357601002e-15
cbo.outlay.defense_discretionary,cbo_2003-03,2013,33.94,33.940000000000055,5.684341886080802e-14
cbo.outlay.defense_discretionary,cbo_2004-03,2014,26.897,26.897000000000048,4.973799150320701e-14
cbo.outlay.defense_discretionary,cbo_2005-03,2015,24.898,24.89799999999991,8.881784197001252e-14
cbo.outlay.defense_discretionary,cbo_2006-03,2016,25.966,25.966000000000008,7.105427357601002e-15
cbo.outlay.defense_discretionary,cbo_2007-03,2017,31.303,31.302999999999997,3.552713678800501e-15
cbo.outlay.defense_discretionary,cbo_2008-03,2018,50.562,50.56200000000001,1.4210854715202004e-14
cbo.outlay.defense_discretionary,cbo_2009-03,2019,-8.297,-8.297000000000025,2.4868995751603507e-14
cbo.outlay.defense_discretionary,cbo_2010-03,2020,0.539,0.5389999999999873,1.27675647831893e-14
cbo.outlay.defense_discretionary,cbo_2011-03,2021,9.497,9.497000000000071,7.105427357601002e-14
cbo.outlay.defense_discretionary,cbo_2012-03,2022,26.573,26.573000000000093,9.237055564881302e-14
cbo.outlay.defense_discretionary,cbo_2013-05,2023,2.121,2.120999999999867,1.3278267374516872e-13
cbo.outlay.defense_discretionary,cbo_2014-04,2024,-9.967,-9.966999999999985,1.5987211554602254e-14
cbo.outlay.defense_discretionary,cbo_2015-03,2025,-14.286,-14.285999999999945,5.5067062021407764e-14
cbo.outlay.nondefense_discretionary,cbo_1998-03,1998,8.188,8.187999999999988,1.2434497875801753e-14
cbo.outlay.nondefense_discretionary,cbo_1999-04,1999,4.356,4.3559999999999945,5.329070518200751e-15
cbo.outlay.nondefense_discretionary,cbo_2000-04,2000,13.415,13.414999999999964,3.552713678800501e-14
cbo.outlay.nondefense_discretionary,cbo_2001-05,2001,-1.417,-1.4169999999999732,2.6867397195928788e-14
cbo.outlay.nondefense_discretionary,cbo_2002-03,2002,-1.582,-1.5819999999999936,6.439293542825908e-15
cbo.outlay.nondefense_discretionary,cbo_2003-03,2003,5.21,5.210000000000036,3.6415315207705135e-14
cbo.outlay.nondefense_discretionary,cbo_2004-03,2004,2.585,2.5849999999999795,2.042810365310288e-14
cbo.outlay.nondefense_discretionary,cbo_2005-03,2005,-6.459,-6.459000000000003,3.552713678800501e-15
cbo.outlay.nondefense_discretionary,cbo_2006-03,2006,8.017,8.016999999999996,3.552713678800501e-15
cbo.outlay.nondefense_discretionary,cbo_2007-03,2007,6.843,6.843000000000018,1.7763568394002505e-14
cbo.outlay.nondefense_discretionary,cbo_2008-03,2008,6.722,6.721999999999866,1.341149413747189e-13
cbo.outlay.nondefense_discretionary,cbo_2009-03,2009,3.236,3.2360000000001037,1.0347278589506459e-13
cbo.outlay.nondefense_discretionary,cbo_2010-03,2010,19.397,19.396999999999935,6.394884621840902e-14
cbo.outlay.nondefense_discretionary,cbo_2011-03,2011,6.357,6.356999999999971,2.930988785010413e-14
cbo.outlay.nondefense_discretionary,cbo_2012-03,2012,24.868,24.867999999999938,6.039613253960852e-14
cbo.outlay.nondefense_discretionary,cbo_2013-05,2013,7.158,7.1580000000000155,1.509903313490213e-14
cbo.outlay.nondefense_discretionary,cbo_2014-04,2014,1.346,1.3460000000000036,3.552713678800501e-15
cbo.outlay.nondefense_discretionary,cbo_2015-03,2015,3.225,3.2250000000000227,2.2648549702353193e-14
cbo.outlay.nondefense_discretionary,cbo_2016-03,2016,7.976,7.975999999999999,8.881784197001252e-16
cbo.outlay.nondefense_discretionary,cbo_2017-06,2017,4.589,4.588999999999942,5.861977570020827e-14
cbo.outlay.nondefense_discretionary,cbo_2018-05,2018,17.18,17.17999999999995,4.973799150320701e-14
cbo.outlay.nondefense_discretionary,cbo_2019-05,2019,7.043,7.043000000000006,6.217248937900877e-15
cbo.outlay.nondefense_discretionary,cbo_2020-03,2020,16.182,16.182000000000016,1.7763568394002505e-14
cbo.outlay.nondefense_discretionary,cbo_2021-07,2021,18.707,18.706999999999994,7.105427357601002e-15
cbo.outlay.nondefense_discretionary,cbo_2022-05,2022,51.106,51.10600000000011,1.0658141036401503e-13
cbo.outlay.nondefense_discretionary,cbo_2023-05,2023,7.839,7.8390000000000555,5.5067062021407764e-14
cbo.outlay.nondefense_discretionary,cbo_2024-06,2024,-11.406,-11.406000000000063,6.217248937900877e-14
cbo.outlay.nondefense_discretionary,cbo_2025-01,2025,20.441,20.44100000000003,3.197442310920451e-14
cbo.outlay.nondefense_discretionary,cbo_1998-03,1999,10.585,10.585000000000036,3.552713678800501e-14
cbo.outlay.nondefense_discretionary,cbo_1999-04,2000,12.682,12.682000000000016,1.5987211554602254e-14
cbo.outlay.nondefense_discretionary,cbo_2000-04,2001,4.696,4.6959999999999695,3.019806626980426e-14
cbo.outlay.nondefense_discretionary,cbo_2001-05,2002,-8.853,-8.853000000000009,8.881784197001252e-15
cbo.outlay.nondefense_discretionary,cbo_2002-03,2003,3.199,3.1990000000000123,1.2434497875801753e-14
cbo.outlay.nondefense_discretionary,cbo_2003-03,2004,11.051,11.051000000000045,4.440892098500626e-14
cbo.outlay.nondefense_discretionary,cbo_2004-03,2005,-2.365,-2.365000000000009,8.881784197001252e-15
cbo.outlay.nondefense_discretionary,cbo_2005-03,2006,11.736,11.73599999999999,1.0658141036401503e-14
cbo.outlay.nondefense_discretionary,cbo_2006-03,2007,17.781,17.781000000000006,7.105427357601002e-15
cbo.outlay.nondefense_discretionary,cbo_2007-03,2008,10.729,10.728999999999928,7.105427357601002e-14
cbo.outlay.nondefense_discretionary,cbo_2008-03,2009,-0.337,-0.3369999999998754,1.2462253451417382e-13
cbo.outlay.nondefense_discretionary,cbo_2009-03,2010,35.993,35.99299999999994,6.394884621840902e-14
cbo.outlay.nondefense_discretionary,cbo_2010-03,2011,18.204,18.20399999999995,4.973799150320701e-14
cbo.outlay.nondefense_discretionary,cbo_2011-03,2012,24.666,24.66599999999994,6.039613253960852e-14
cbo.outlay.nondefense_discretionary,cbo_2012-03,2013,14.976,14.975999999999999,1.7763568394002505e-15
cbo.outlay.nondefense_discretionary,cbo_2013-05,2014,7.449,7.448999999999955,4.440892098500626e-14
cbo.outlay.nondefense_discretionary,cbo_2014-04,2015,13.256,13.255999999999972,2.842170943040401e-14
cbo.outlay.nondefense_discretionary,cbo_2015-03,2016,13.862,13.861999999999966,3.375077994860476e-14
cbo.outlay.nondefense_discretionary,cbo_2016-03,2017,15.456,15.456000000000131,1.3145040611561853e-13
cbo.outlay.nondefense_discretionary,cbo_2017-06,2018,34.401,34.400999999999954,4.973799150320701e-14
cbo.outlay.nondefense_discretionary,cbo_2018-05,2019,27.315,27.31499999999994,6.039613253960852e-14
cbo.outlay.nondefense_discretionary,cbo_2019-05,2020,18.292,18.29200000000003,2.842170943040401e-14
cbo.outlay.nondefense_discretionary,cbo_2020-03,2021,51.958,51.958000000000084,8.526512829121202e-14
cbo.outlay.nondefense_discretionary,cbo_2021-07,2022,27.542,27.54200000000003,2.842170943040401e-14
cbo.outlay.nondefense_discretionary,cbo_2022-05,2023,75.332,75.332,0.0
cbo.outlay.nondefense_discretionary,cbo_2023-05,2024,8.501,8.500999999999976,2.3092638912203256e-14
cbo.outlay.nondefense_discretionary,cbo_2024-06,2025,-1.956,-1.9559999999999036,9.636735853746359e-14
cbo.outlay.nondefense_discretionary,cbo_1998-03,2000,16.241,16.241000000000042,4.263256414560601e-14
cbo.outlay.nondefense_discretionary,cbo_1999-04,2001,10.232,10.231999999999971,2.842170943040401e-14
cbo.outlay.nondefense_discretionary,cbo_2000-04,2002,2.649,2.649000000000001,8.881784197001252e-16
cbo.outlay.nondefense_discretionary,cbo_2001-05,2003,0.368,0.367999999999995,4.9960036108132044e-15
cbo.outlay.nondefense_discretionary,cbo_2002-03,2004,7.707,7.706999999999994,6.217248937900877e-15
cbo.outlay.nondefense_discretionary,cbo_2003-03,2005,-0.161,-0.16100000000000136,1.3600232051658168e-15
cbo.outlay.nondefense_discretionary,cbo_2004-03,2006,11.579,11.579000000000008,7.105427357601002e-15
cbo.outlay.nondefense_discretionary,cbo_2005-03,2007,18.217,18.21700000000004,4.263256414560601e-14
cbo.outlay.nondefense_discretionary,cbo_2006-03,2008,11.91,11.909999999999968,3.197442310920451e-14
cbo.outlay.nondefense_discretionary,cbo_2007-03,2009,6.997,6.997000000000071,7.105427357601002e-14
cbo.outlay.nondefense_discretionary,cbo_2008-03,2010,42.215,42.21499999999992,8.526512829121202e-14
cbo.outlay.nondefense_discretionary,cbo_2009-03,2011,32.306,32.305999999999926,7.105427357601002e-14
cbo.outlay.nondefense_discretionary,cbo_2010-03,2012,33.992,33.99199999999996,3.552713678800501e-14
cbo.outlay.nondefense_discretionary,cbo_2011-03,2013,21.305,21.305000000000064,6.394884621840902e-14
cbo.outlay.nondefense_discretionary,cbo_2012-03,2014,13.805,13.80499999999995,4.973799150320701e-14
cbo.outlay.nondefense_discretionary,cbo_2013-05,2015,16.733,16.732999999999947,5.3290705182007514e-14
cbo.outlay.nondefense_discretionary,cbo_2014-04,2016,15.031,15.030999999999949,5.1514348342607263e-14
cbo.outlay.nondefense_discretionary,cbo_2015-03,2017,18.047,18.047000000000025,2.4868995751603507e-14
cbo.outlay.nondefense_discretionary,cbo_2016-03,2018,40.174,40.17400000000009,9.237055564881302e-14
cbo.outlay.nondefense_discretionary,cbo_2017-06,2019,45.096,45.09599999999989,1.0658141036401503e-13
cbo.outlay.nondefense_discretionary,cbo_2018-05,2020,34.593,34.59299999999996,4.263256414560601e-14
cbo.outlay.nondefense_discretionary,cbo_2019-05,2021,54.14,54.1400000000001,9.947598300641403e-14
cbo.outlay.nondefense_discretionary,cbo_2020-03,2022,-4.483,-4.483000000000061,6.128431095930864e-14
cbo.outlay.nondefense_discretionary,cbo_2021-07,2023,53.231,53.23100000000011,1.0658141036401503e-13
cbo.outlay.nondefense_discretionary,cbo_2022-05,2024,25.574,25.573999999999955,4.618527782440651e-14
cbo.outlay.nondefense_discretionary,cbo_2023-05,2025,22.052,22.052000000000135,1.3500311979441904e-13
cbo.outlay.nondefense_discretionary,cbo_1998-03,2001,14.167,14.166999999999973,2.6645352591003757e-14
cbo.outlay.nondefense_discretionary,cbo_1999-04,2002,3.09,3.089999999999975,2.4868995751603507e-14
cbo.outlay.nondefense_discretionary,cbo_2000-04,2003,6.871,6.870999999999981,1.9539925233402755e-14
cbo.outlay.nondefense_discretionary,cbo_2001-05,2004,5.591,5.591000000000008,7.993605777301127e-15
cbo.outlay.nondefense_discretionary,cbo_2002-03,2005,-1.412,-1.4119999999999777,2.220446049250313e-14
cbo.outlay.nondefense_discretionary,cbo_2003-03,2006,12.506,12.506000000000029,2.842170943040401e-14
cbo.outlay.nondefense_discretionary,cbo_2004-03,2007,13.126,13.125999999999976,2.3092638912203256e-14
cbo.outlay.nondefense_discretionary,cbo_2005-03,2008,12.015,12.014999999999986,1.4210854715202004e-14
cbo.outlay.nondefense_discretionary,cbo_2006-03,2009,1.03,1.0299999999999727,2.731148640577885e-14
cbo.outlay.nondefense_discretionary,cbo_2007-03,2010,46.878,46.87800000000004,4.263256414560601e-14
cbo.outlay.nondefense_discretionary,cbo_2008-03,2011,29.222,29.22199999999998,2.1316282072803006e-14
cbo.outlay.nondefense_discretionary,cbo_2009-03,2012,35.637,35.636999999999944,5.684341886080802e-14
cbo.outlay.nondefense_discretionary,cbo_2010-03,2013,19.633,19.633000000000038,3.907985046680551e-14
cbo.outlay.nondefense_discretionary,cbo_2011-03,2014,16.746,16.74599999999998,1.7763568394002505e-14
cbo.outlay.nondefense_discretionary,cbo_2012-03,2015,14.743,14.742999999999938,6.217248937900877e-14
cbo.outlay.nondefense_discretionary,cbo_2013-05,2016,18.193,18.192999999999984,1.7763568394002505e-14
cbo.outlay.nondefense_discretionary,cbo_2014-04,2017,17.601,17.601,0.0
cbo.outlay.nondefense_discretionary,cbo_2015-03,2018,38.732,38.73199999999997,2.842170943040401e-14
cbo.outlay.nondefense_discretionary,cbo_2016-03,2019,46.948,46.94799999999998,2.1316282072803006e-14
cbo.outlay.nondefense_discretionary,cbo_2017-06,2020,48.742,48.74199999999985,1.4921397450962104e-13
cbo.outlay.nondefense_discretionary,cbo_2018-05,2021,59.903,59.90300000000002,2.1316282072803006e-14
cbo.outlay.nondefense_discretionary,cbo_2019-05,2022,-10.899,-10.899000000000001,1.7763568394002505e-15
cbo.outlay.nondefense_discretionary,cbo_2020-03,2023,49.587,49.5870000000001,9.947598300641403e-14
cbo.outlay.nondefense_discretionary,cbo_2021-07,2024,7.517,7.517000000000053,5.240252676230739e-14
cbo.outlay.nondefense_discretionary,cbo_2022-05,2025,26.131,26.130999999999972,2.842170943040401e-14
cbo.outlay.nondefense_discretionary,cbo_1998-03,2002,6.273,6.273000000000025,2.4868995751603507e-14
cbo.outlay.nondefense_discretionary,cbo_1999-04,2003,7.559,7.559000000000026,2.5757174171303632e-14
cbo.outlay.nondefense_discretionary,cbo_2000-04,2004,12.1,12.099999999999966,3.375077994860476e-14
cbo.outlay.nondefense_discretionary,cbo_2001-05,2005,-3.388,-3.387999999999977,2.3092638912203256e-14
cbo.outlay.nondefense_discretionary,cbo_2002-03,2006,12.195,12.194999999999993,7.105427357601002e-15
cbo.outlay.nondefense_discretionary,cbo_2003-03,2007,16.183,16.182999999999993,7.105427357601002e-15
cbo.outlay.nondefense_discretionary,cbo_2004-03,2008,7.046,7.045999999999935,6.483702463810914e-14
cbo.outlay.nondefense_discretionary,cbo_2005-03,2009,-2.453,-2.4529999999999745,2.531308496145357e-14
cbo.outlay.nondefense_discretionary,cbo_2006-03,2010,40.116,40.115999999999985,1.4210854715202004e-14
cbo.outlay.nondefense_discretionary,cbo_2007-03,2011,31.417,31.416999999999916,8.526512829121202e-14
cbo.outlay.nondefense_discretionary,cbo_2008-03,2012,42.509,42.509000000000015,1.4210854715202004e-14
cbo.outlay.nondefense_discretionary,cbo_2009-03,2013,20.84,20.840000000000032,3.197442310920451e-14
cbo.outlay.nondefense_discretionary,cbo_2010-03,2014,12.267,12.266999999999939,6.039613253960852e-14
cbo.outlay.nondefense_discretionary,cbo_2011-03,2015,15.163,15.163000000000011,1.0658141036401503e-14
cbo.outlay.nondefense_discretionary,cbo_2012-03,2016,23.39,23.389999999999986,1.4210854715202004e-14
cbo.outlay.nondefense_discretionary,cbo_2013-05,2017,25.096,25.096000000000004,3.552713678800501e-15
cbo.outlay.nondefense_discretionary,cbo_2014-04,2018,38.045,38.04499999999996,4.263256414560601e-14
cbo.outlay.nondefense_discretionary,cbo_2015-03,2019,45.57,45.57000000000005,4.973799150320701e-14
cbo.outlay.nondefense_discretionary,cbo_2016-03,2020,51.544,51.54399999999998,1.4210854715202004e-14
cbo.outlay.nondefense_discretionary,cbo_2017-06,2021,64.561,64.56099999999992,8.526512829121202e-14
cbo.outlay.nondefense_discretionary,cbo_2018-05,2022,-6.623,-6.622999999999934,6.661338147750939e-14
cbo.outlay.nondefense_discretionary,cbo_2019-05,2023,45.808,45.808000000000106,1.0658141036401503e-13
cbo.outlay.nondefense_discretionary,cbo_2020-03,2024,25.068,25.06799999999987,1.3145040611561853e-13
cbo.outlay.nondefense_discretionary,cbo_2021-07,2025,11.24,11.240000000000009,8.881784197001252e-15
cbo.outlay.nondefense_discretionary,cbo_1998-03,2003,10.368,10.367999999999995,5.329070518200751e-15
cbo.outlay.nondefense_discretionary,cbo_1999-04,2004,12.89,12.890000000000043,4.263256414560601e-14
cbo.outlay.nondefense_discretionary,cbo_2000-04,2005,4.637,4.637000000000057,5.773159728050814e-14
cbo.outlay.nondefense_discretionary,cbo_2001-05,2006,9.651,9.65100000000001,1.0658141036401503e-14
cbo.outlay.nondefense_discretionary,cbo_2002-03,2007,15.003,15.002999999999986,1.4210854715202004e-14
cbo.outlay.nondefense_discretionary,cbo_2003-03,2008,11.302,11.301999999999907,9.237055564881302e-14
cbo.outlay.nondefense_discretionary,cbo_2004-03,2009,-5.471,-5.47099999999989,1.1013412404281553e-13
cbo.outlay.nondefense_discretionary,cbo_2005-03,2010,35.138,35.13799999999992,7.815970093361102e-14
cbo.outlay.nondefense_discretionary,cbo_2006-03,2011,23.979,23.978999999999928,7.105427357601002e-14
cbo.outlay.nondefense_discretionary,cbo_2007-03,2012,42.869,42.86900000000003,2.842170943040401e-14
cbo.outlay.nondefense_discretionary,cbo_2008-03,2013,34.651,34.650999999999954,4.973799150320701e-14
cbo.outlay.nondefense_discretionary,cbo_2009-03,2014,11.634,11.6339999999999,9.947598300641403e-14
cbo.outlay.nondefense_discretionary,cbo_2010-03,2015,7.604,7.604000000000042,4.1744385725905886e-14
cbo.outlay.nondefense_discretionary,cbo_2011-03,2016,20.498,20.497999999999934,6.750155989720952e-14
cbo.outlay.nondefense_discretionary,cbo_2012-03,2017,26.603,26.603000000000065,6.394884621840902e-14
cbo.outlay.nondefense_discretionary,cbo_2013-05,2018,44.061,44.061000000000035,3.552713678800501e-14
cbo.outlay.nondefense_discretionary,cbo_2014-04,2019,44.434,44.43399999999997,2.842170943040401e-14
cbo.outlay.nondefense_discretionary,cbo_2015-03,2020,49.839,49.839000000000055,5.684341886080802e-14
cbo.outlay.nondefense_discretionary,cbo_2016-03,2021,68.236,68.2360000000001,9.947598300641403e-14
cbo.outlay.nondefense_discretionary,cbo_2017-06,2022,-5.931,-5.930999999999926,7.37188088351104e-14
cbo.outlay.nondefense_discretionary,cbo_2018-05,2023,48.163,48.163000000000125,1.2789769243681803e-13
cbo.outlay.nondefense_discretionary,cbo_2019-05,2024,18.915,18.915000000000077,7.815970093361102e-14
cbo.outlay.nondefense_discretionary,cbo_2020-03,2025,29.43,29.430000000000064,6.394884621840902e-14
cbo.outlay.nondefense_discretionary,cbo_1998-03,2004,15.343,15.342999999999961,3.907985046680551e-14
cbo.outlay.nondefense_discretionary,cbo_1999-04,2005,5.636,5.635999999999967,3.2862601528904634e-14
cbo.outlay.nondefense_discretionary,cbo_2000-04,2006,20.722,20.72200000000015,1.4921397450962104e-13
cbo.outlay.nondefense_discretionary,cbo_2001-05,2007,12.002,12.001999999999953,4.796163466380676e-14
cbo.outlay.nondefense_discretionary,cbo_2002-03,2008,9.681,9.680999999999926,7.283063041541027e-14
cbo.outlay.nondefense_discretionary,cbo_2003-03,2009,0.921,0.9210000000000491,4.907185768843192e-14
cbo.outlay.nondefense_discretionary,cbo_2004-03,2010,33.759,33.759000000000015,1.4210854715202004e-14
cbo.outlay.nondefense_discretionary,cbo_2005-03,2011,19.839,19.838999999999942,5.684341886080802e-14
cbo.outlay.nondefense_discretionary,cbo_2006-03,2012,37.305,37.30499999999995,4.973799150320701e-14
cbo.outlay.nondefense_discretionary,cbo_2007-03,2013,34.072,34.072,0.0
cbo.outlay.nondefense_discretionary,cbo_2008-03,2014,31.69,31.68999999999994,6.039613253960852e-14
cbo.outlay.nondefense_discretionary,cbo_2009-03,2015,4.796,4.796000000000049,4.884981308350689e-14
cbo.outlay.nondefense_discretionary,cbo_2010-03,2016,13.643,13.643000000000029,2.842170943040401e-14
cbo.outlay.nondefense_discretionary,cbo_2011-03,2017,24.767,24.767000000000053,5.3290705182007514e-14
cbo.outlay.nondefense_discretionary,cbo_2012-03,2018,44.267,44.26700000000005,4.973799150320701e-14
cbo.outlay.nondefense_discretionary,cbo_2013-05,2019,50.397,50.39700000000005,4.973799150320701e-14
cbo.outlay.nondefense_discretionary,cbo_2014-04,2020,48.422,48.42199999999991,8.526512829121202e-14
cbo.outlay.nondefense_discretionary,cbo_2015-03,2021,65.386,65.38600000000008,8.526512829121202e-14
cbo.outlay.nondefense_discretionary,cbo_2016-03,2022,-3.137,-3.1370000000000573,5.728750807065808e-14
cbo.outlay.nondefense_discretionary,cbo_2017-06,2023,47.444,47.444000000000074,7.105427357601002e-14
cbo.outlay.nondefense_discretionary,cbo_2018-05,2024,20.574,20.57400000000007,6.750155989720952e-14
cbo.outlay.nondefense_discretionary,cbo_2019-05,2025,23.175,23.175000000000068,6.750155989720952e-14
cbo.outlay.nondefense_discretionary,cbo_1998-03,2005,7.658,7.6580000000000155,1.509903313490213e-14
cbo.outlay.nondefense_discretionary,cbo_1999-04,2006,21.769,21.769000000000062,6.394884621840902e-14
cbo.outlay.nondefense_discretionary,cbo_2000-04,2007,24.979,24.979000000000042,4.263256414560601e-14
cbo.outlay.nondefense_discretionary,cbo_2001-05,2008,5.862,5.861999999999966,3.375077994860476e-14
cbo.outlay.nondefense_discretionary,cbo_2002-03,2009,-1.542,-1.5419999999999163,8.37108160567368e-14
cbo.outlay.nondefense_discretionary,cbo_2003-03,2010,43.162,43.162000000000035,3.552713678800501e-14
cbo.outlay.nondefense_discretionary,cbo_2004-03,2011,19.641,19.640999999999963,3.552713678800501e-14
cbo.outlay.nondefense_discretionary,cbo_2005-03,2012,33.19,33.18999999999994,5.684341886080802e-14
cbo.outlay.nondefense_discretionary,cbo_2006-03,2013,29.773,29.773000000000025,2.4868995751603507e-14
cbo.outlay.nondefense_discretionary,cbo_2007-03,2014,31.355,31.354999999999905,9.592326932761353e-14
cbo.outlay.nondefense_discretionary,cbo_2008-03,2015,31.493,31.492999999999938,6.039613253960852e-14
cbo.outlay.nondefense_discretionary,cbo_2009-03,2016,8.032,8.032000000000039,3.907985046680551e-14
cbo.outlay.nondefense_discretionary,cbo_2010-03,2017,16.095,16.095000000000027,2.842170943040401e-14
cbo.outlay.nondefense_discretionary,cbo_2011-03,2018,44.175,44.174999999999955,4.263256414560601e-14
cbo.outlay.nondefense_discretionary,cbo_2012-03,2019,50.27,50.26999999999998,2.1316282072803006e-14
cbo.outlay.nondefense_discretionary,cbo_2013-05,2020,53.29,53.29000000000008,7.815970093361102e-14
cbo.outlay.nondefense_discretionary,cbo_2014-04,2021,62.936,62.93599999999992,7.815970093361102e-14
cbo.outlay.nondefense_discretionary,cbo_2015-03,2022,-4.541,-4.541000000000054,5.3290705182007514e-14
cbo.outlay.nondefense_discretionary,cbo_2016-03,2023,50.109,50.10900000000004,3.552713678800501e-14
cbo.outlay.nondefense_discretionary,cbo_2017-06,2024,19.217,19.216999999999985,1.4210854715202004e-14
cbo.outlay.nondefense_discretionary,cbo_2018-05,2025,25.791,25.791000000000167,1.6697754290362354e-13
cbo.outlay.nondefense_discretionary,cbo_1998-03,2006,23.488,23.488,0.0
cbo.outlay.nondefense_discretionary,cbo_1999-04,2007,25.901,25.901000000000067,6.750155989720952e-14
cbo.outlay.nondefense_discretionary,cbo_2000-04,2008,20.35,20.34999999999991,9.237055564881302e-14
cbo.outlay.nondefense_discretionary,cbo_2001-05,2009,-5.987,-5.986999999999966,3.375077994860476e-14
cbo.outlay.nondefense_discretionary,cbo_2002-03,2010,40.005,40.00500000000011,1.0658141036401503e-13
cbo.outlay.nondefense_discretionary,cbo_2003-03,2011,31.845,31.845000000000027,2.842170943040401e-14
cbo.outlay.nondefense_discretionary,cbo_2004-03,2012,33.649,33.64899999999989,1.1368683772161603e-13
cbo.outlay.nondefense_discretionary,cbo_2005-03,2013,25.578,25.577999999999975,2.4868995751603507e-14
cbo.outlay.nondefense_discretionary,cbo_2006-03,2014,27.107,27.10699999999997,2.842170943040401e-14
cbo.outlay.nondefense_discretionary,cbo_2007-03,2015,31.42,31.41999999999996,4.263256414560601e-14
cbo.outlay.nondefense_discretionary,cbo_2008-03,2016,38.158,38.1579999999999,9.947598300641403e-14
cbo.outlay.nondefense_discretionary,cbo_2009-03,2017,9.766,9.766000000000076,7.638334409421077e-14
cbo.outlay.nondefense_discretionary,cbo_2010-03,2018,32.921,32.92100000000005,4.973799150320701e-14
cbo.outlay.nondefense_discretionary,cbo_2011-03,2019,50.459,50.45900000000006,5.684341886080802e-14
cbo.outlay.nondefense_discretionary,cbo_2012-03,2020,54.084,54.083999999999946,5.684341886080802e-14
cbo.outlay.nondefense_discretionary,cbo_2013-05,2021,69.304,69.30400000000009,8.526512829121202e-14
cbo.outlay.nondefense_discretionary,cbo_2014-04,2022,-6.702,-6.7019999999998845,1.1546319456101628e-13
cbo.outlay.nondefense_discretionary,cbo_2015-03,2023,48.967,48.966999999999985,1.4210854715202004e-14
cbo.outlay.nondefense_discretionary,cbo_2016-03,2024,21.363,21.362999999999943,5.684341886080802e-14
cbo.outlay.nondefense_discretionary,cbo_2017-06,2025,23.689,23.689000000000078,7.815970093361102e-14
cbo.outlay.nondefense_discretionary,cbo_1998-03,2007,27.218,27.218000000000075,7.460698725481052e-14
cbo.outlay.nondefense_discretionary,cbo_1999-04,2008,21.093,21.09299999999996,3.907985046680551e-14
cbo.outlay.nondefense_discretionary,cbo_2000-04,2009,10.091,10.091000000000122,1.2256862191861728e-13
cbo.outlay.nondefense_discretionary,cbo_2001-05,2010,34.898,34.89799999999991,9.237055564881302e-14
cbo.outlay.nondefense_discretionary,cbo_2002-03,2011,27.342,27.341999999999985,1.4210854715202004e-14
cbo.outlay.nondefense_discretionary,cbo_2003-03,2012,48.415,48.414999999999964,3.552713678800501e-14
cbo.outlay.nondefense_discretionary,cbo_2004-03,2013,26.847,26.847000000000094,9.237055564881302e-14
cbo.outlay.nondefense_discretionary,cbo_2005-03,2014,22.561,22.561000000000035,3.552713678800501e-14
cbo.outlay.nondefense_discretionary,cbo_2006-03,2015,27.055,27.055000000000064,6.394884621840902e-14
cbo.outlay.nondefense_discretionary,cbo_2007-03,2016,37.257,37.25699999999995,4.973799150320701e-14
cbo.outlay.nondefense_discretionary,cbo_2008-03,2017,42.602,42.60200000000009,9.237055564881302e-14
cbo.outlay.nondefense_discretionary,cbo_2009-03,2018,26.341,26.341000000000008,7.105427357601002e-15
cbo.outlay.nondefense_discretionary,cbo_2010-03,2019,35.52,35.51999999999998,2.1316282072803006e-14
cbo.outlay.nondefense_discretionary,cbo_2011-03,2020,55.088,55.08799999999985,1.4921397450962104e-13
cbo.outlay.nondefense_discretionary,cbo_2012-03,2021,70.735,70.73500000000013,1.2789769243681803e-13
cbo.outlay.nondefense_discretionary,cbo_2013-05,2022,0.305,0.30499999999995,5.00155472593633e-14
cbo.outlay.nondefense_discretionary,cbo_2014-04,2023,47.894,47.89399999999989,1.0658141036401503e-13
cbo.outlay.nondefense_discretionary,cbo_2015-03,2024,20.654,20.653999999999996,3.552713678800501e-15
cbo.outlay.nondefense_discretionary,cbo_2016-03,2025,25.776,25.776000000000067,6.750155989720952e-14
cbo.outlay.nondefense_discretionary,cbo_1998-03,2008,22.149,22.148999999999887,1.1368683772161603e-13
cbo.outlay.nondefense_discretionary,cbo_1999-04,2009,10.612,10.61200000000008,7.993605777301127e-14
cbo.outlay.nondefense_discretionary,cbo_2000-04,2010,52.841,52.84100000000001,7.105427357601002e-15
cbo.outlay.nondefense_discretionary,cbo_2001-05,2011,21.938,21.937999999999988,1.0658141036401503e-14
cbo.outlay.nondefense_discretionary,cbo_2002-03,2012,42.548,42.548,0.0
cbo.outlay.nondefense_discretionary,cbo_2003-03,2013,43.94,43.93999999999994,5.684341886080802e-14
cbo.outlay.nondefense_discretionary,cbo_2004-03,2014,24.649,24.649,0.0
cbo.outlay.nondefense_discretionary,cbo_2005-03,2015,22.05,22.050000000000068,6.750155989720952e-14
cbo.outlay.nondefense_discretionary,cbo_2006-03,2016,32.654,32.653999999999996,7.105427357601002e-15
cbo.outlay.nondefense_discretionary,cbo_2007-03,2017,41.263,41.263000000000034,3.552713678800501e-14
cbo.outlay.nondefense_discretionary,cbo_2008-03,2018,62.718,62.71799999999996,4.263256414560601e-14
cbo.outlay.nondefense_discretionary,cbo_2009-03,2019,28.914,28.913999999999987,1.4210854715202004e-14
cbo.outlay.nondefense_discretionary,cbo_2010-03,2020,36.879,36.878999999999905,9.237055564881302e-14
cbo.outlay.nondefense_discretionary,cbo_2011-03,2021,71.671,71.67100000000005,4.263256414560601e-14
cbo.outlay.nondefense_discretionary,cbo_2012-03,2022,1.78,1.7799999999999727,2.731148640577885e-14
cbo.outlay.nondefense_discretionary,cbo_2013-05,2023,54.994,54.99400000000003,2.842170943040401e-14
cbo.outlay.nondefense_discretionary,cbo_2014-04,2024,20.298,20.297999999999888,1.1013412404281553e-13
cbo.outlay.nondefense_discretionary,cbo_2015-03,2025,25.473,25.472999999999956,4.263256414560601e-14
cbo.outlay.net_interest,cbo_1992-03,1992,1.675,1.6750000000000114,1.1324274851176597e-14
cbo.outlay.net_interest,cbo_1993-03,1993,0.049,0.049000000000006594,6.591949208711867e-15
cbo.outlay.net_interest,cbo_1994-04,1994,-1.772,-1.7719999999999914,8.659739592076221e-15
cbo.outlay.net_interest,cbo_1995-04,1995,3.208,3.208000000000027,2.6645352591003757e-14
cbo.outlay.net_interest,cbo_1996-05,1996,-1.215,-1.2150000000000034,3.3306690738754696e-15
cbo.outlay.net_interest,cbo_1997-03,1997,3.657,3.6570000000000107,1.0658141036401503e-14
cbo.outlay.net_interest,cbo_1998-03,1998,4.014,4.013999999999982,1.865174681370263e-14
cbo.outlay.net_interest,cbo_1999-04,1999,-0.295,-0.2949999999999875,1.2490009027033011e-14
cbo.outlay.net_interest,cbo_2000-04,2000,1.556,1.5559999999999832,1.687538997430238e-14
cbo.outlay.net_interest,cbo_2001-05,2001,-0.237,-0.23699999999999477,5.218048215738236e-15
cbo.outlay.net_interest,cbo_2002-03,2002,-3.495,-3.495000000000033,3.2862601528904634e-14
cbo.outlay.net_interest,cbo_2003-03,2003,2.408,2.407999999999987,1.2878587085651816e-14
cbo.outlay.net_interest,cbo_2004-03,2004,-5.393,-5.393000000000001,8.881784197001252e-16
cbo.outlay.net_interest,cbo_2005-03,2005,-7.209,-7.208999999999975,2.4868995751603507e-14
cbo.outlay.net_interest,cbo_2006-03,2006,-8.737,-8.736999999999995,5.329070518200751e-15
cbo.outlay.net_interest,cbo_2007-03,2007,-0.826,-0.8260000000000218,2.1871393585115584e-14
cbo.outlay.net_interest,cbo_2008-03,2008,-18.989,-18.989000000000004,3.552713678800501e-15
cbo.outlay.net_interest,cbo_2009-03,2009,-17.204,-17.204000000000008,7.105427357601002e-15
cbo.outlay.net_interest,cbo_2010-03,2010,12.554,12.55400000000003,3.019806626980426e-14
cbo.outlay.net_interest,cbo_2011-03,2011,-17.447,-17.447000000000003,3.552713678800501e-15
cbo.outlay.net_interest,cbo_2012-03,2012,3.369,3.3689999999999998,4.440892098500626e-16
cbo.outlay.net_interest,cbo_2013-05,2013,2.007,2.007000000000005,4.884981308350689e-15
cbo.outlay.net_interest,cbo_2014-04,2014,-1.668,-1.667999999999978,2.19824158875781e-14
cbo.outlay.net_interest,cbo_2015-03,2015,5.512,5.5120000000000005,8.881784197001252e-16
cbo.outlay.net_interest,cbo_2016-03,2016,12.481,12.481000000000023,2.3092638912203256e-14
cbo.outlay.net_interest,cbo_2017-06,2017,6.327,6.326999999999998,1.7763568394002505e-15
cbo.outlay.net_interest,cbo_2018-05,2018,-9.483,-9.483000000000004,3.552713678800501e-15
cbo.outlay.net_interest,cbo_2019-05,2019,6.477,6.476999999999975,2.4868995751603507e-14
cbo.outlay.net_interest,cbo_2020-03,2020,38.794,38.793999999999926,7.105427357601002e-14
cbo.outlay.net_interest,cbo_2021-07,2021,-21.547,-21.547000000000025,2.4868995751603507e-14
cbo.outlay.net_interest,cbo_2022-05,2022,-76.799,-76.79899999999998,2.842170943040401e-14
cbo.outlay.net_interest,cbo_2023-05,2023,4.289,4.288999999999987,1.2434497875801753e-14
cbo.outlay.net_interest,cbo_2024-06,2024,12.426,12.42599999999993,6.927791673660977e-14
cbo.outlay.net_interest,cbo_2025-01,2025,-17.565,-17.565000000000055,5.3290705182007514e-14
cbo.outlay.net_interest,cbo_1992-03,1993,15.351,15.351000000000028,2.6645352591003757e-14
cbo.outlay.net_interest,cbo_1993-03,1994,6.931,6.931000000000012,1.1546319456101628e-14
cbo.outlay.net_interest,cbo_1994-04,1995,-18.581,-18.58099999999999,1.0658141036401503e-14
cbo.outlay.net_interest,cbo_1995-04,1996,19.295,19.295000000000016,1.4210854715202004e-14
cbo.outlay.net_interest,cbo_1996-05,1997,1.228,1.2280000000000086,8.659739592076221e-15
cbo.outlay.net_interest,cbo_1997-03,1998,11.441,11.441000000000003,1.7763568394002505e-15
cbo.outlay.net_interest,cbo_1998-03,1999,16.651,16.65100000000001,1.0658141036401503e-14
cbo.outlay.net_interest,cbo_1999-04,2000,-3.739,-3.7390000000000043,4.440892098500626e-15
cbo.outlay.net_interest,cbo_2000-04,2001,14.846,14.846000000000004,3.552713678800501e-15
cbo.outlay.net_interest,cbo_2001-05,2002,13.101,13.10099999999997,3.019806626980426e-14
cbo.outlay.net_interest,cbo_2002-03,2003,20.305,20.305000000000007,7.105427357601002e-15
cbo.outlay.net_interest,cbo_2003-03,2004,8.066,8.065999999999974,2.6645352591003757e-14
cbo.outlay.net_interest,cbo_2004-03,2005,-3.15,-3.1500000000000057,5.773159728050814e-15
cbo.outlay.net_interest,cbo_2005-03,2006,-11.654,-11.654000000000025,2.4868995751603507e-14
cbo.outlay.net_interest,cbo_2006-03,2007,10.652,10.651999999999987,1.2434497875801753e-14
cbo.outlay.net_interest,cbo_2007-03,2008,3.466,3.466000000000008,7.993605777301127e-15
cbo.outlay.net_interest,cbo_2008-03,2009,34.202,34.20200000000003,2.842170943040401e-14
cbo.outlay.net_interest,cbo_2009-03,2010,-27.25,-27.25,0.0
cbo.outlay.net_interest,cbo_2010-03,2011,12.128,12.128000000000014,1.4210854715202004e-14
cbo.outlay.net_interest,cbo_2011-03,2012,36.598,36.597999999999985,1.4210854715202004e-14
cbo.outlay.net_interest,cbo_2012-03,2013,13.204,13.204000000000008,7.105427357601002e-15
cbo.outlay.net_interest,cbo_2013-05,2014,8.654,8.653999999999996,3.552713678800501e-15
cbo.outlay.net_interest,cbo_2014-04,2015,42.761,42.76099999999994,6.394884621840902e-14
cbo.outlay.net_interest,cbo_2015-03,2016,37.652,37.652000000000015,1.4210854715202004e-14
cbo.outlay.net_interest,cbo_2016-03,2017,43.402,43.402000000000044,4.263256414560601e-14
cbo.outlay.net_interest,cbo_2017-06,2018,-14.916,-14.915999999999997,3.552713678800501e-15
cbo.outlay.net_interest,cbo_2018-05,2019,14.018,14.017999999999972,2.842170943040401e-14
cbo.outlay.net_interest,cbo_2019-05,2020,113.364,113.36399999999998,2.842170943040401e-14
cbo.outlay.net_interest,cbo_2020-03,2021,52.804,52.803999999999974,2.842170943040401e-14
cbo.outlay.net_interest,cbo_2021-07,2022,-170.024,-170.024,0.0
cbo.outlay.net_interest,cbo_2022-05,2023,-215.967,-215.96700000000004,2.842170943040401e-14
cbo.outlay.net_interest,cbo_2023-05,2024,-135.874,-135.87400000000002,2.842170943040401e-14
cbo.outlay.net_interest,cbo_2024-06,2025,46.221,46.221000000000004,7.105427357601002e-15
cbo.outlay.net_interest,cbo_1992-03,1994,28.02,28.02000000000001,1.0658141036401503e-14
cbo.outlay.net_interest,cbo_1993-03,1995,-4.41,-4.409999999999997,3.552713678800501e-15
cbo.outlay.net_interest,cbo_1994-04,1996,-11.134,-11.133999999999986,1.4210854715202004e-14
cbo.outlay.net_interest,cbo_1995-04,1997,26.694,26.69399999999999,1.0658141036401503e-14
cbo.outlay.net_interest,cbo_1996-05,1998,15.286,15.286000000000001,1.7763568394002505e-15
cbo.outlay.net_interest,cbo_1997-03,1999,30.458,30.45799999999997,2.842170943040401e-14
cbo.outlay.net_interest,cbo_1998-03,2000,21.779,21.778999999999968,3.197442310920451e-14
cbo.outlay.net_interest,cbo_1999-04,2001,8.52,8.52000000000001,1.0658141036401503e-14
cbo.outlay.net_interest,cbo_2000-04,2002,47.115,47.11499999999998,2.1316282072803006e-14
cbo.outlay.net_interest,cbo_2001-05,2003,24.329,24.32899999999998,2.1316282072803006e-14
cbo.outlay.net_interest,cbo_2002-03,2004,37.417,37.417,0.0
cbo.outlay.net_interest,cbo_2003-03,2005,26.248,26.24799999999999,1.0658141036401503e-14
cbo.outlay.net_interest,cbo_2004-03,2006,-1.372,-1.372000000000014,1.3988810110276972e-14
cbo.outlay.net_interest,cbo_2005-03,2007,24.19,24.190000000000026,2.4868995751603507e-14
cbo.outlay.net_interest,cbo_2006-03,2008,22.562,22.562000000000012,1.0658141036401503e-14
cbo.outlay.net_interest,cbo_2007-03,2009,89.492,89.49200000000002,1.4210854715202004e-14
cbo.outlay.net_interest,cbo_2008-03,2010,71.769,71.76899999999998,2.842170943040401e-14
cbo.outlay.net_interest,cbo_2009-03,2011,-18.562,-18.561999999999983,1.7763568394002505e-14
cbo.outlay.net_interest,cbo_2010-03,2012,75.847,75.84700000000001,1.4210854715202004e-14
cbo.outlay.net_interest,cbo_2011-03,2013,101.716,101.71600000000001,1.4210854715202004e-14
cbo.outlay.net_interest,cbo_2012-03,2014,24.754,24.75400000000002,1.7763568394002505e-14
cbo.outlay.net_interest,cbo_2013-05,2015,41.928,41.928000000000026,2.842170943040401e-14
cbo.outlay.net_interest,cbo_2014-04,2016,84.546,84.54600000000002,1.4210854715202004e-14
cbo.outlay.net_interest,cbo_2015-03,2017,73.022,73.02199999999999,1.4210854715202004e-14
cbo.outlay.net_interest,cbo_2016-03,2018,44.251,44.250999999999976,2.1316282072803006e-14
cbo.outlay.net_interest,cbo_2017-06,2019,-1.389,-1.38900000000001,9.992007221626409e-15
cbo.outlay.net_interest,cbo_2018-05,2020,141.103,141.10299999999995,5.684341886080802e-14
cbo.outlay.net_interest,cbo_2019-05,2021,179.776,179.776,0.0
cbo.outlay.net_interest,cbo_2020-03,2022,-33.283,-33.283000000000015,1.4210854715202004e-14
cbo.outlay.net_interest,cbo_2021-07,2023,-341.499,-341.499,0.0
cbo.outlay.net_interest,cbo_2022-05,2024,-353.502,-353.50200000000007,5.684341886080802e-14
cbo.outlay.net_interest,cbo_2023-05,2025,-199.671,-199.67099999999994,5.684341886080802e-14
cbo.outlay.net_interest,cbo_1992-03,1995,10.746,10.746000000000038,3.730349362740526e-14
cbo.outlay.net_interest,cbo_1993-03,1996,2.225,2.2249999999999943,5.773159728050814e-15
cbo.outlay.net_interest,cbo_1994-04,1997,-3.219,-3.218999999999994,5.773159728050814e-15
cbo.outlay.net_interest,cbo_1995-04,1998,38.78,38.77999999999997,2.842170943040401e-14
cbo.outlay.net_interest,cbo_1996-05,1999,39.439,39.43900000000002,2.1316282072803006e-14
cbo.outlay.net_interest,cbo_1997-03,2000,45.128,45.127999999999986,1.4210854715202004e-14
cbo.outlay.net_interest,cbo_1998-03,2001,38.885,38.88500000000002,2.1316282072803006e-14
cbo.outlay.net_interest,cbo_1999-04,2002,43.755,43.754999999999995,7.105427357601002e-15
cbo.outlay.net_interest,cbo_2000-04,2003,61.889,61.88900000000001,7.105427357601002e-15
cbo.outlay.net_interest,cbo_2001-05,2004,16.908,16.908000000000015,1.4210854715202004e-14
cbo.outlay.net_interest,cbo_2002-03,2005,28.601,28.601,0.0
cbo.outlay.net_interest,cbo_2003-03,2006,19.294,19.29400000000001,1.0658141036401503e-14
cbo.outlay.net_interest,cbo_2004-03,2007,33.483,33.482999999999976,2.1316282072803006e-14
cbo.outlay.net_interest,cbo_2005-03,2008,48.44,48.44,0.0
cbo.outlay.net_interest,cbo_2006-03,2009,117.748,117.74799999999999,1.4210854715202004e-14
cbo.outlay.net_interest,cbo_2007-03,2010,113.417,113.41700000000006,5.684341886080802e-14
cbo.outlay.net_interest,cbo_2008-03,2011,87.828,87.82800000000003,2.842170943040401e-14
cbo.outlay.net_interest,cbo_2009-03,2012,58.378,58.37800000000007,7.105427357601002e-14
cbo.outlay.net_interest,cbo_2010-03,2013,142.528,142.52800000000002,2.842170943040401e-14
cbo.outlay.net_interest,cbo_2011-03,2014,168.815,168.81499999999997,2.842170943040401e-14
cbo.outlay.net_interest,cbo_2012-03,2015,70.605,70.60499999999999,1.4210854715202004e-14
cbo.outlay.net_interest,cbo_2013-05,2016,76.06,76.06000000000003,2.842170943040401e-14
cbo.outlay.net_interest,cbo_2014-04,2017,142.96,142.96000000000004,2.842170943040401e-14
cbo.outlay.net_interest,cbo_2015-03,2018,93.155,93.15499999999997,2.842170943040401e-14
cbo.outlay.net_interest,cbo_2016-03,2019,76.047,76.04699999999997,2.842170943040401e-14
cbo.outlay.net_interest,cbo_2017-06,2020,110.955,110.95499999999998,1.4210854715202004e-14
cbo.outlay.net_interest,cbo_2018-05,2021,230.134,230.13399999999996,2.842170943040401e-14
cbo.outlay.net_interest,cbo_2019-05,2022,129.49,129.49000000000007,5.684341886080802e-14
cbo.outlay.net_interest,cbo_2020-03,2023,-163.29,-163.29000000000008,8.526512829121202e-14
cbo.outlay.net_interest,cbo_2021-07,2024,-529.777,-529.777,0.0
cbo.outlay.net_interest,cbo_2022-05,2025,-361.112,-361.11199999999997,5.684341886080802e-14
cbo.outlay.net_interest,cbo_1992-03,1996,13.206,13.206000000000017,1.7763568394002505e-14
cbo.outlay.net_interest,cbo_1993-03,1997,12.761,12.760999999999996,3.552713678800501e-15
cbo.outlay.net_interest,cbo_1994-04,1998,10.065,10.064999999999998,1.7763568394002505e-15
cbo.outlay.net_interest,cbo_1995-04,1999,64.508,64.50800000000004,4.263256414560601e-14
cbo.outlay.net_interest,cbo_1996-05,2000,60.505,60.504999999999995,7.105427357601002e-15
cbo.outlay.net_interest,cbo_1997-03,2001,72.216,72.21599999999998,1.4210854715202004e-14
cbo.outlay.net_interest,cbo_1998-03,2002,80.403,80.40299999999996,4.263256414560601e-14
cbo.outlay.net_interest,cbo_1999-04,2003,67.56,67.56,0.0
cbo.outlay.net_interest,cbo_2000-04,2004,62.221,62.220999999999975,2.1316282072803006e-14
cbo.outlay.net_interest,cbo_2001-05,2005,-6.762,-6.761999999999972,2.7533531010703882e-14
cbo.outlay.net_interest,cbo_2002-03,2006,-0.565,-0.5650000000000261,2.6201263381153694e-14
cbo.outlay.net_interest,cbo_2003-03,2007,36.746,36.74600000000001,7.105427357601002e-15
cbo.outlay.net_interest,cbo_2004-03,2008,55.441,55.440999999999974,2.842170943040401e-14
cbo.outlay.net_interest,cbo_2005-03,2009,151.982,151.98200000000003,2.842170943040401e-14
cbo.outlay.net_interest,cbo_2006-03,2010,146.025,146.025,0.0
cbo.outlay.net_interest,cbo_2007-03,2011,112.479,112.47899999999998,1.4210854715202004e-14
cbo.outlay.net_interest,cbo_2008-03,2012,140.287,140.287,0.0
cbo.outlay.net_interest,cbo_2009-03,2013,140.35,140.34999999999997,2.842170943040401e-14
cbo.outlay.net_interest,cbo_2010-03,2014,204.767,204.76700000000002,2.842170943040401e-14
cbo.outlay.net_interest,cbo_2011-03,2015,242.529,242.52899999999997,2.842170943040401e-14
cbo.outlay.net_interest,cbo_2012-03,2016,125.436,125.436,0.0
cbo.outlay.net_interest,cbo_2013-05,2017,141.842,141.84199999999998,2.842170943040401e-14
cbo.outlay.net_interest,cbo_2014-04,2018,179.088,179.08799999999997,2.842170943040401e-14
cbo.outlay.net_interest,cbo_2015-03,2019,124.397,124.39699999999999,1.4210854715202004e-14
cbo.outlay.net_interest,cbo_2016-03,2020,190.814,190.81399999999996,2.842170943040401e-14
cbo.outlay.net_interest,cbo_2017-06,2021,186.896,186.89600000000002,2.842170943040401e-14
cbo.outlay.net_interest,cbo_2018-05,2022,189.754,189.75399999999996,2.842170943040401e-14
cbo.outlay.net_interest,cbo_2019-05,2023,15.31,15.309999999999945,5.5067062021407764e-14
cbo.outlay.net_interest,cbo_2020-03,2024,-329.117,-329.11699999999996,5.684341886080802e-14
cbo.outlay.net_interest,cbo_2021-07,2025,-559.125,-559.125,0.0
cbo.outlay.net_interest,cbo_1992-03,1997,21.907,21.90700000000001,1.0658141036401503e-14
cbo.outlay.net_interest,cbo_1993-03,1998,29.419,29.418999999999983,1.7763568394002505e-14
cbo.outlay.net_interest,cbo_1994-04,1999,32.628,32.62800000000004,4.263256414560601e-14
cbo.outlay.net_interest,cbo_1995-04,2000,90.575,90.57499999999999,1.4210854715202004e-14
cbo.outlay.net_interest,cbo_1996-05,2001,94.913,94.91299999999998,1.4210854715202004e-14
cbo.outlay.net_interest,cbo_1997-03,2002,124.338,124.33800000000002,2.842170943040401e-14
cbo.outlay.net_interest,cbo_1998-03,2003,112.417,112.417,0.0
cbo.outlay.net_interest,cbo_1999-04,2004,77.063,77.06299999999999,1.4210854715202004e-14
cbo.outlay.net_interest,cbo_2000-04,2005,50.484,50.48400000000001,7.105427357601002e-15
cbo.outlay.net_interest,cbo_2001-05,2006,-44.982,-44.98200000000003,2.842170943040401e-14
cbo.outlay.net_interest,cbo_2002-03,2007,5.973,5.972999999999985,1.509903313490213e-14
cbo.outlay.net_interest,cbo_2003-03,2008,47.867,47.86699999999996,3.552713678800501e-14
cbo.outlay.net_interest,cbo_2004-03,2009,159.09,159.08999999999997,2.842170943040401e-14
cbo.outlay.net_interest,cbo_2005-03,2010,186.001,186.001,0.0
cbo.outlay.net_interest,cbo_2006-03,2011,151.273,151.27300000000002,2.842170943040401e-14
cbo.outlay.net_interest,cbo_2007-03,2012,155.454,155.45399999999998,2.842170943040401e-14
cbo.outlay.net_interest,cbo_2008-03,2013,169.069,169.06900000000002,2.842170943040401e-14
cbo.outlay.net_interest,cbo_2009-03,2014,212.878,212.87799999999996,2.842170943040401e-14
cbo.outlay.net_interest,cbo_2010-03,2015,274.45,274.45000000000005,5.684341886080802e-14
cbo.outlay.net_interest,cbo_2011-03,2016,302.529,302.529,0.0
cbo.outlay.net_interest,cbo_2012-03,2017,186.31,186.31,0.0
cbo.outlay.net_interest,cbo_2013-05,2018,185.449,185.44899999999996,5.684341886080802e-14
cbo.outlay.net_interest,cbo_2014-04,2019,218.998,218.99800000000005,5.684341886080802e-14
cbo.outlay.net_interest,cbo_2015-03,2020,243.383,243.38300000000004,2.842170943040401e-14
cbo.outlay.net_interest,cbo_2016-03,2021,266.981,266.98100000000005,5.684341886080802e-14
cbo.outlay.net_interest,cbo_2017-06,2022,141.938,141.93800000000005,5.684341886080802e-14
cbo.outlay.net_interest,cbo_2018-05,2023,75.226,75.226,0.0
cbo.outlay.net_interest,cbo_2019-05,2024,-142.638,-142.63800000000003,2.842170943040401e-14
cbo.outlay.net_interest,cbo_2020-03,2025,-356.227,-356.227,0.0
cbo.outlay.net_interest,cbo_1996-05,2002,153.822,153.822,0.0
cbo.outlay.net_interest,cbo_1997-03,2003,167.561,167.561,0.0
cbo.outlay.net_interest,cbo_1998-03,2004,130.569,130.56900000000002,2.842170943040401e-14
cbo.outlay.net_interest,cbo_1999-04,2005,74.235,74.23500000000001,1.4210854715202004e-14
cbo.outlay.net_interest,cbo_2000-04,2006,25.064,25.063999999999993,7.105427357601002e-15
cbo.outlay.net_interest,cbo_2001-05,2007,-46.503,-46.503000000000014,1.4210854715202004e-14
cbo.outlay.net_interest,cbo_2002-03,2008,8.756,8.756000000000029,2.842170943040401e-14
cbo.outlay.net_interest,cbo_2003-03,2009,144.04,144.04000000000002,2.842170943040401e-14
cbo.outlay.net_interest,cbo_2004-03,2010,192.553,192.55300000000003,2.842170943040401e-14
cbo.outlay.net_interest,cbo_2005-03,2011,195.793,195.793,0.0
cbo.outlay.net_interest,cbo_2006-03,2012,200.324,200.32400000000004,2.842170943040401e-14
cbo.outlay.net_interest,cbo_2007-03,2013,184.335,184.33500000000004,2.842170943040401e-14
cbo.outlay.net_interest,cbo_2008-03,2014,187.333,187.333,0.0
cbo.outlay.net_interest,cbo_2009-03,2015,273.087,273.087,0.0
cbo.outlay.net_interest,cbo_2010-03,2016,323.958,323.95799999999997,5.684341886080802e-14
cbo.outlay.net_interest,cbo_2011-03,2017,358.871,358.87100000000004,5.684341886080802e-14
cbo.outlay.net_interest,cbo_2012-03,2018,214.732,214.73199999999997,2.842170943040401e-14
cbo.outlay.net_interest,cbo_2013-05,2019,223.145,223.14499999999998,2.842170943040401e-14
cbo.outlay.net_interest,cbo_2014-04,2020,341.018,341.0179999999999,5.684341886080802e-14
cbo.outlay.net_interest,cbo_2015-03,2021,319.155,319.1549999999999,5.684341886080802e-14
cbo.outlay.net_interest,cbo_2016-03,2022,222.466,222.46600000000007,5.684341886080802e-14
cbo.outlay.net_interest,cbo_2017-06,2023,36.597,36.59699999999998,2.1316282072803006e-14
cbo.outlay.net_interest,cbo_2018-05,2024,-94.686,-94.68599999999992,8.526512829121202e-14
cbo.outlay.net_interest,cbo_2019-05,2025,-169.058,-169.058,0.0
cbo.outlay.net_interest,cbo_1996-05,2003,202.676,202.67599999999996,2.842170943040401e-14
cbo.outlay.net_interest,cbo_1997-03,2004,197.714,197.714,0.0
cbo.outlay.net_interest,cbo_1998-03,2005,136.771,136.77100000000002,2.842170943040401e-14
cbo.outlay.net_interest,cbo_1999-04,2006,57.754,57.75399999999996,3.552713678800501e-14
cbo.outlay.net_interest,cbo_2000-04,2007,37.412,37.412000000000006,7.105427357601002e-15
cbo.outlay.net_interest,cbo_2001-05,2008,-51.918,-51.918000000000006,7.105427357601002e-15
cbo.outlay.net_interest,cbo_2002-03,2009,96.765,96.76499999999999,1.4210854715202004e-14
cbo.outlay.net_interest,cbo_2003-03,2010,170.092,170.092,0.0
cbo.outlay.net_interest,cbo_2004-03,2011,201.129,201.12900000000002,2.842170943040401e-14
cbo.outlay.net_interest,cbo_2005-03,2012,249.671,249.67100000000002,2.842170943040401e-14
cbo.outlay.net_interest,cbo_2006-03,2013,234.438,234.438,0.0
cbo.outlay.net_interest,cbo_2007-03,2014,201.301,201.30099999999996,2.842170943040401e-14
cbo.outlay.net_interest,cbo_2008-03,2015,210.241,210.241,0.0
cbo.outlay.net_interest,cbo_2009-03,2016,308.032,308.0319999999999,5.684341886080802e-14
cbo.outlay.net_interest,cbo_2010-03,2017,375.734,375.734,0.0
cbo.outlay.net_interest,cbo_2011-03,2018,378.876,378.876,0.0
cbo.outlay.net_interest,cbo_2012-03,2019,247.943,247.94299999999998,2.842170943040401e-14
cbo.outlay.net_interest,cbo_2013-05,2020,345.272,345.27199999999993,5.684341886080802e-14
cbo.outlay.net_interest,cbo_2014-04,2021,421.933,421.93299999999994,5.684341886080802e-14
cbo.outlay.net_interest,cbo_2015-03,2022,278.481,278.48099999999994,5.684341886080802e-14
cbo.outlay.net_interest,cbo_2016-03,2023,118.291,118.29099999999994,5.684341886080802e-14
cbo.outlay.net_interest,cbo_2017-06,2024,-111.13,-111.13,0.0
cbo.outlay.net_interest,cbo_2018-05,2025,-128.517,-128.51700000000005,5.684341886080802e-14
cbo.outlay.net_interest,cbo_1996-05,2004,238.605,238.60499999999996,2.842170943040401e-14
cbo.outlay.net_interest,cbo_1997-03,2005,217.276,217.27600000000007,5.684341886080802e-14
cbo.outlay.net_interest,cbo_1998-03,2006,130.0,129.99999999999994,5.684341886080802e-14
cbo.outlay.net_interest,cbo_1999-04,2007,80.486,80.48600000000002,1.4210854715202004e-14
cbo.outlay.net_interest,cbo_2000-04,2008,49.215,49.21500000000003,2.842170943040401e-14
cbo.outlay.net_interest,cbo_2001-05,2009,27.883,27.88299999999998,1.7763568394002505e-14
cbo.outlay.net_interest,cbo_2002-03,2010,115.281,115.28100000000003,2.842170943040401e-14
cbo.outlay.net_interest,cbo_2003-03,2011,172.863,172.86300000000006,5.684341886080802e-14
cbo.outlay.net_interest,cbo_2004-03,2012,254.971,254.97099999999998,2.842170943040401e-14
cbo.outlay.net_interest,cbo_2005-03,2013,287.596,287.596,0.0
cbo.outlay.net_interest,cbo_2006-03,2014,256.268,256.26800000000003,5.684341886080802e-14
cbo.outlay.net_interest,cbo_2007-03,2015,224.135,224.13500000000002,2.842170943040401e-14
cbo.outlay.net_interest,cbo_2008-03,2016,215.685,215.68500000000003,2.842170943040401e-14
cbo.outlay.net_interest,cbo_2009-03,2017,337.765,337.76499999999993,5.684341886080802e-14
cbo.outlay.net_interest,cbo_2010-03,2018,394.32,394.31999999999994,5.684341886080802e-14
cbo.outlay.net_interest,cbo_2011-03,2019,400.36,400.36,0.0
cbo.outlay.net_interest,cbo_2012-03,2020,367.076,367.076,0.0
cbo.outlay.net_interest,cbo_2013-05,2021,423.451,423.45099999999996,5.684341886080802e-14
cbo.outlay.net_interest,cbo_2014-04,2022,384.119,384.11899999999997,5.684341886080802e-14
cbo.outlay.net_interest,cbo_2015-03,2023,173.79,173.78999999999996,2.842170943040401e-14
cbo.outlay.net_interest,cbo_2016-03,2024,-28.498,-28.498000000000047,4.618527782440651e-14
cbo.outlay.net_interest,cbo_2017-06,2025,-122.01,-122.00999999999999,1.4210854715202004e-14
cbo.outlay.net_interest,cbo_1996-05,2005,263.662,263.66200000000003,5.684341886080802e-14
cbo.outlay.net_interest,cbo_1997-03,2006,225.89,225.89,0.0
cbo.outlay.net_interest,cbo_1998-03,2007,162.879,162.87899999999993,5.684341886080802e-14
cbo.outlay.net_interest,cbo_1999-04,2008,102.28,102.28000000000003,2.842170943040401e-14
cbo.outlay.net_interest,cbo_2000-04,2009,148.131,148.13100000000003,2.842170943040401e-14
cbo.outlay.net_interest,cbo_2001-05,2010,38.693,38.69299999999993,7.105427357601002e-14
cbo.outlay.net_interest,cbo_2002-03,2011,111.243,111.243,0.0
cbo.outlay.net_interest,cbo_2003-03,2012,218.859,218.859,0.0
cbo.outlay.net_interest,cbo_2004-03,2013,293.225,293.225,0.0
cbo.outlay.net_interest,cbo_2005-03,2014,313.652,313.65200000000004,5.684341886080802e-14
cbo.outlay.net_interest,cbo_2006-03,2015,285.393,285.39300000000003,5.684341886080802e-14
cbo.outlay.net_interest,cbo_2007-03,2016,231.866,231.866,0.0
cbo.outlay.net_interest,cbo_2008-03,2017,218.625,218.625,0.0
cbo.outlay.net_interest,cbo_2009-03,2018,352.86,352.86,0.0
cbo.outlay.net_interest,cbo_2010-03,2019,419.367,419.36699999999996,5.684341886080802e-14
cbo.outlay.net_interest,cbo_2011-03,2020,515.305,515.305,0.0
cbo.outlay.net_interest,cbo_2012-03,2021,446.152,446.152,0.0
cbo.outlay.net_interest,cbo_2013-05,2022,383.51,383.51000000000005,5.684341886080802e-14
cbo.outlay.net_interest,cbo_2014-04,2023,285.073,285.073,0.0
cbo.outlay.net_interest,cbo_2015-03,2024,29.652,29.652000000000044,4.263256414560601e-14
cbo.outlay.net_interest,cbo_2016-03,2025,-36.527,-36.527000000000044,4.263256414560601e-14
cbo.outlay.net_interest,cbo_1996-05,2006,277.464,277.464,0.0
cbo.outlay.net_interest,cbo_1997-03,2007,275.779,275.7789999999999,1.1368683772161603e-13
cbo.outlay.net_interest,cbo_1998-03,2008,196.067,196.06699999999995,5.684341886080802e-14
cbo.outlay.net_interest,cbo_1999-04,2009,213.208,213.20800000000003,2.842170943040401e-14
cbo.outlay.net_interest,cbo_2000-04,2010,180.82,180.81999999999996,2.842170943040401e-14
cbo.outlay.net_interest,cbo_2001-05,2011,26.771,26.771000000000072,7.105427357601002e-14
cbo.outlay.net_interest,cbo_2002-03,2012,149.717,149.717,0.0
cbo.outlay.net_interest,cbo_2003-03,2013,247.425,247.425,0.0
cbo.outlay.net_interest,cbo_2004-03,2014,319.727,319.727,0.0
cbo.outlay.net_interest,cbo_2005-03,2015,345.555,345.55499999999984,1.7053025658242404e-13
cbo.outlay.net_interest,cbo_2006-03,2016,298.081,298.081,0.0
cbo.outlay.net_interest,cbo_2007-03,2017,238.648,238.64800000000008,8.526512829121202e-14
cbo.outlay.net_interest,cbo_2008-03,2018,181.044,181.04399999999998,2.842170943040401e-14
cbo.outlay.net_interest,cbo_2009-03,2019,372.092,372.092,0.0
cbo.outlay.net_interest,cbo_2010-03,2020,535.192,535.192,0.0
cbo.outlay.net_interest,cbo_2011-03,2021,592.232,592.232,0.0
cbo.outlay.net_interest,cbo_2012-03,2022,407.479,407.479,0.0
cbo.outlay.net_interest,cbo_2013-05,2023,276.18,276.17999999999995,5.684341886080802e-14
cbo.outlay.net_interest,cbo_2014-04,2024,144.385,144.3850000000001,1.1368683772161603e-13
cbo.outlay.net_interest,cbo_2015-03,2025,20.051,20.051000000000045,4.618527782440651e-14
cbo.deficit.total,cbo_1984-02,1984,18.591,-18.591000000000008,7.105427357601002e-15
cbo.deficit.total,cbo_1985-02,1985,3.934,-3.9339999999999975,2.6645352591003757e-15
cbo.deficit.total,cbo_1986-02,1986,-17.289,17.288999999999987,1.4210854715202004e-14
cbo.deficit.total,cbo_1987-02,1987,29.163,-29.16300000000001,1.0658141036401503e-14
cbo.deficit.total,cbo_1988-03,1988,5.713,-5.712999999999994,6.217248937900877e-15
cbo.deficit.total,cbo_1989-02,1989,20.843,-20.84299999999999,1.0658141036401503e-14
cbo.deficit.total,cbo_1990-03,1990,-62.175,62.17499999999998,1.4210854715202004e-14
cbo.deficit.total,cbo_1991-03,1991,43.048,-43.048,0.0
cbo.deficit.total,cbo_1992-03,1992,76.436,-76.43599999999998,2.842170943040401e-14
cbo.deficit.total,cbo_1993-03,1993,50.156,-50.156000000000034,3.552713678800501e-14
cbo.deficit.total,cbo_1994-04,1994,24.848,-24.847999999999985,1.4210854715202004e-14
cbo.deficit.total,cbo_1995-04,1995,10.893,-10.893,0.0
cbo.deficit.total,cbo_1996-05,1996,37.522,-37.522000000000006,7.105427357601002e-15
cbo.deficit.total,cbo_1997-03,1997,91.275,-91.27499999999999,1.4210854715202004e-14
cbo.deficit.total,cbo_1998-03,1998,62.067,-62.06699999999999,7.105427357601002e-15
cbo.deficit.total,cbo_1999-04,1999,18.813,-18.813000000000002,3.552713678800501e-15
cbo.deficit.total,cbo_2000-04,2000,79.995,-79.995,0.0
cbo.deficit.total,cbo_2001-05,2001,-63.315,63.315000000000026,2.842170943040401e-14
cbo.deficit.total,cbo_2002-03,2002,-103.981,103.98100000000001,1.4210854715202004e-14
cbo.deficit.total,cbo_2003-03,2003,-32.713,32.71300000000002,2.1316282072803006e-14
cbo.deficit.total,cbo_2004-03,2004,61.947,-61.94700000000006,5.684341886080802e-14
cbo.deficit.total,cbo_2005-03,2005,81.107,-81.10700000000003,2.842170943040401e-14
cbo.deficit.total,cbo_2006-03,2006,117.998,-117.99799999999996,4.263256414560601e-14
cbo.deficit.total,cbo_2007-03,2007,44.867,-44.86699999999999,7.105427357601002e-15
cbo.deficit.total,cbo_2008-03,2008,-61.757,61.757000000000005,7.105427357601002e-15
cbo.deficit.total,cbo_2009-03,2009,86.596,-86.596,0.0
cbo.deficit.total,cbo_2010-03,2010,123.166,-123.16600000000017,1.7053025658242404e-13
cbo.deficit.total,cbo_2011-03,2011,96.599,-96.59899999999993,7.105427357601002e-14
cbo.deficit.total,cbo_2012-03,2012,87.128,-87.12799999999993,7.105427357601002e-14
cbo.deficit.total,cbo_2013-05,2013,-14.429,14.428999999999974,2.6645352591003757e-14
cbo.deficit.total,cbo_2014-04,2014,15.395,-15.394999999999982,1.7763568394002505e-14
cbo.deficit.total,cbo_2015-03,2015,56.177,-56.17700000000002,2.1316282072803006e-14
cbo.deficit.total,cbo_2016-03,2016,-46.748,46.74800000000005,4.973799150320701e-14
cbo.deficit.total,cbo_2017-06,2017,27.452,-27.451999999999884,1.1723955140041653e-13
cbo.deficit.total,cbo_2018-05,2018,9.618,-9.617999999999938,6.217248937900877e-14
cbo.deficit.total,cbo_2019-05,2019,-74.431,74.43100000000004,4.263256414560601e-14
cbo.deficit.total,cbo_2020-03,2020,258.128,-258.12800000000016,1.7053025658242404e-13
cbo.deficit.total,cbo_2021-07,2021,227.733,-227.73299999999972,2.8421709430404007e-13
cbo.deficit.total,cbo_2022-05,2022,39.968,-39.968000000000075,7.105427357601002e-14
cbo.deficit.total,cbo_2023-05,2023,-490.738,490.73799999999983,1.7053025658242404e-13
cbo.deficit.total,cbo_2024-06,2024,84.187,-84.18700000000013,1.2789769243681803e-13
cbo.deficit.total,cbo_2025-01,2025,113.039,-113.03899999999999,1.4210854715202004e-14
cbo.deficit.total,cbo_1984-02,1985,3.654,-3.654000000000025,2.4868995751603507e-14
cbo.deficit.total,cbo_1985-02,1986,-21.876,21.876000000000005,3.552713678800501e-15
cbo.deficit.total,cbo_1986-02,1987,-8.631,8.631,0.0
cbo.deficit.total,cbo_1987-02,1988,-19.279,19.278999999999996,3.552713678800501e-15
cbo.deficit.total,cbo_1988-03,1989,44.687,-44.68700000000001,1.4210854715202004e-14
cbo.deficit.total,cbo_1989-02,1990,-81.163,81.16300000000001,1.4210854715202004e-14
cbo.deficit.total,cbo_1990-03,1991,-136.356,136.356,0.0
cbo.deficit.total,cbo_1991-03,1992,44.254,-44.25399999999996,3.552713678800501e-14
cbo.deficit.total,cbo_1992-03,1993,85.432,-85.43199999999999,1.4210854715202004e-14
cbo.deficit.total,cbo_1993-03,1994,63.167,-63.167,0.0
cbo.deficit.total,cbo_1994-04,1995,18.063,-18.062999999999988,1.0658141036401503e-14
cbo.deficit.total,cbo_1995-04,1996,86.58,-86.58,0.0
cbo.deficit.total,cbo_1996-05,1997,132.63,-132.63,0.0
cbo.deficit.total,cbo_1997-03,1998,211.895,-211.89499999999998,2.842170943040401e-14
cbo.deficit.total,cbo_1998-03,1999,139.236,-139.236,0.0
cbo.deficit.total,cbo_1999-04,2000,163.855,-163.85500000000002,2.842170943040401e-14
cbo.deficit.total,cbo_2000-04,2001,56.061,-56.06099999999998,2.1316282072803006e-14
cbo.deficit.total,cbo_2001-05,2002,-311.76,311.76,0.0
cbo.deficit.total,cbo_2002-03,2003,-177.561,177.56099999999998,2.842170943040401e-14
cbo.deficit.total,cbo_2003-03,2004,16.593,-16.593000000000075,7.460698725481052e-14
cbo.deficit.total,cbo_2004-03,2005,108.956,-108.95600000000002,1.4210854715202004e-14
cbo.deficit.total,cbo_2005-03,2006,196.906,-196.90599999999998,2.842170943040401e-14
cbo.deficit.total,cbo_2006-03,2007,234.965,-234.96499999999995,5.684341886080802e-14
cbo.deficit.total,cbo_2007-03,2008,-10.162,10.162000000000035,3.375077994860476e-14
cbo.deficit.total,cbo_2008-03,2009,-473.414,473.414,0.0
cbo.deficit.total,cbo_2009-03,2010,52.1,-52.09999999999991,9.237055564881302e-14
cbo.deficit.total,cbo_2010-03,2011,233.795,-233.79500000000007,8.526512829121202e-14
cbo.deficit.total,cbo_2011-03,2012,116.667,-116.66699999999992,8.526512829121202e-14
cbo.deficit.total,cbo_2012-03,2013,167.08,-167.08000000000004,2.842170943040401e-14
cbo.deficit.total,cbo_2013-05,2014,46.468,-46.46799999999996,4.263256414560601e-14
cbo.deficit.total,cbo_2014-04,2015,95.824,-95.82399999999996,4.263256414560601e-14
cbo.deficit.total,cbo_2015-03,2016,36.007,-36.00699999999995,4.973799150320701e-14
cbo.deficit.total,cbo_2016-03,2017,-128.253,128.25300000000004,5.684341886080802e-14
cbo.deficit.total,cbo_2017-06,2018,43.218,-43.218000000000075,7.105427357601002e-14
cbo.deficit.total,cbo_2018-05,2019,-32.645,32.64499999999998,2.1316282072803006e-14
cbo.deficit.total,cbo_2019-05,2020,230.948,-230.94799999999987,1.4210854715202004e-13
cbo.deficit.total,cbo_2020-03,2021,805.352,-805.3520000000003,3.410605131648481e-13
cbo.deficit.total,cbo_2021-07,2022,193.126,-193.12599999999998,2.842170943040401e-14
cbo.deficit.total,cbo_2022-05,2023,-1039.581,1039.581,0.0
cbo.deficit.total,cbo_2023-05,2024,-304.205,304.2049999999999,5.684341886080802e-14
cbo.deficit.total,cbo_2024-06,2025,213.689,-213.68899999999985,1.4210854715202004e-13
cbo.deficit.total,cbo_1984-02,1986,-28.365,28.36500000000001,1.0658141036401503e-14
cbo.deficit.total,cbo_1985-02,1987,-1.646,1.6459999999999866,1.3322676295501878e-14
cbo.deficit.total,cbo_1986-02,1988,-42.832,42.831999999999994,7.105427357601002e-15
cbo.deficit.total,cbo_1987-02,1989,-7.754,7.754000000000019,1.9539925233402755e-14
cbo.deficit.total,cbo_1988-03,1990,-57.315,57.315,0.0
cbo.deficit.total,cbo_1989-02,1991,-157.303,157.303,0.0
cbo.deficit.total,cbo_1990-03,1992,-191.352,191.35200000000003,2.842170943040401e-14
cbo.deficit.total,cbo_1991-03,1993,-18.281,18.281000000000006,7.105427357601002e-15
cbo.deficit.total,cbo_1992-03,1994,45.843,-45.84299999999999,1.4210854715202004e-14
cbo.deficit.total,cbo_1993-03,1995,74.301,-74.30100000000004,4.263256414560601e-14
cbo.deficit.total,cbo_1994-04,1996,58.449,-58.449,0.0
cbo.deficit.total,cbo_1995-04,1997,185.014,-185.014,0.0
cbo.deficit.total,cbo_1996-05,1998,275.68,-275.68,0.0
cbo.deficit.total,cbo_1997-03,1999,293.539,-293.539,0.0
cbo.deficit.total,cbo_1998-03,2000,305.667,-305.66700000000003,5.684341886080802e-14
cbo.deficit.total,cbo_1999-04,2001,159.819,-159.819,0.0
cbo.deficit.total,cbo_2000-04,2002,-162.343,162.343,0.0
cbo.deficit.total,cbo_2001-05,2003,-366.496,366.496,0.0
cbo.deficit.total,cbo_2002-03,2004,-141.152,141.15200000000004,5.684341886080802e-14
cbo.deficit.total,cbo_2003-03,2005,64.079,-64.07900000000001,1.4210854715202004e-14
cbo.deficit.total,cbo_2004-03,2006,180.272,-180.27199999999996,2.842170943040401e-14
cbo.deficit.total,cbo_2005-03,2007,334.772,-334.77200000000005,5.684341886080802e-14
cbo.deficit.total,cbo_2006-03,2008,182.548,-182.548,0.0
cbo.deficit.total,cbo_2007-03,2009,-462.801,462.80100000000004,5.684341886080802e-14
cbo.deficit.total,cbo_2008-03,2010,-350.31,350.30999999999995,5.684341886080802e-14
cbo.deficit.total,cbo_2009-03,2011,23.335,-23.33499999999981,1.9184653865522705e-13
cbo.deficit.total,cbo_2010-03,2012,99.811,-99.81099999999992,8.526512829121202e-14
cbo.deficit.total,cbo_2011-03,2013,177.472,-177.4720000000001,8.526512829121202e-14
cbo.deficit.total,cbo_2012-03,2014,211.525,-211.52499999999998,2.842170943040401e-14
cbo.deficit.total,cbo_2013-05,2015,29.443,-29.442999999999984,1.7763568394002505e-14
cbo.deficit.total,cbo_2014-04,2016,87.689,-87.68899999999996,2.842170943040401e-14
cbo.deficit.total,cbo_2015-03,2017,-79.161,79.16099999999994,5.684341886080802e-14
cbo.deficit.total,cbo_2016-03,2018,55.534,-55.53399999999999,7.105427357601002e-15
cbo.deficit.total,cbo_2017-06,2019,144.237,-144.23700000000008,8.526512829121202e-14
cbo.deficit.total,cbo_2018-05,2020,311.518,-311.5180000000005,5.115907697472721e-13
cbo.deficit.total,cbo_2019-05,2021,955.845,-955.8450000000003,2.2737367544323206e-13
cbo.deficit.total,cbo_2020-03,2022,640.856,-640.856,0.0
cbo.deficit.total,cbo_2021-07,2023,-1137.763,1137.763,0.0
cbo.deficit.total,cbo_2022-05,2024,-679.863,679.8629999999998,2.2737367544323206e-13
cbo.deficit.total,cbo_2023-05,2025,-59.729,59.72900000000004,4.263256414560601e-14
cbo.deficit.total,cbo_1984-02,1987,-8.934,8.933999999999997,1.7763568394002505e-15
cbo.deficit.total,cbo_1985-02,1988,-31.188,31.188000000000017,1.7763568394002505e-14
cbo.deficit.total,cbo_1986-02,1989,-40.645,40.645000000000024,2.1316282072803006e-14
cbo.deficit.total,cbo_1987-02,1990,-137.583,137.583,0.0
cbo.deficit.total,cbo_1988-03,1991,-143.721,143.721,0.0
cbo.deficit.total,cbo_1989-02,1992,-183.154,183.15400000000002,2.842170943040401e-14
cbo.deficit.total,cbo_1990-03,1993,-193.109,193.10899999999998,2.842170943040401e-14
cbo.deficit.total,cbo_1991-03,1994,-46.603,46.60300000000001,7.105427357601002e-15
cbo.deficit.total,cbo_1992-03,1995,-6.972,6.972000000000008,7.993605777301127e-15
cbo.deficit.total,cbo_1993-03,1996,88.855,-88.85499999999998,2.842170943040401e-14
cbo.deficit.total,cbo_1994-04,1997,148.101,-148.101,0.0
cbo.deficit.total,cbo_1995-04,1998,311.72,-311.71999999999997,5.684341886080802e-14
cbo.deficit.total,cbo_1996-05,1999,353.169,-353.169,0.0
cbo.deficit.total,cbo_1997-03,2000,458.925,-458.925,0.0
cbo.deficit.total,cbo_1998-03,2001,309.812,-309.812,0.0
cbo.deficit.total,cbo_1999-04,2002,-57.695,57.69500000000002,2.1316282072803006e-14
cbo.deficit.total,cbo_2000-04,2003,-179.397,179.39699999999993,5.684341886080802e-14
cbo.deficit.total,cbo_2001-05,2004,-292.228,292.22800000000007,5.684341886080802e-14
cbo.deficit.total,cbo_2002-03,2005,-83.735,83.73499999999999,1.4210854715202004e-14
cbo.deficit.total,cbo_2003-03,2006,135.537,-135.53699999999995,5.684341886080802e-14
cbo.deficit.total,cbo_2004-03,2007,305.05,-305.04999999999995,5.684341886080802e-14
cbo.deficit.total,cbo_2005-03,2008,264.389,-264.3889999999999,1.1368683772161603e-13
cbo.deficit.total,cbo_2006-03,2009,-320.884,320.884,0.0
cbo.deficit.total,cbo_2007-03,2010,-323.444,323.4440000000002,1.7053025658242404e-13
cbo.deficit.total,cbo_2008-03,2011,-333.575,333.57499999999993,5.684341886080802e-14
cbo.deficit.total,cbo_2009-03,2012,-101.238,101.23800000000006,5.684341886080802e-14
cbo.deficit.total,cbo_2010-03,2013,94.767,-94.76699999999994,5.684341886080802e-14
cbo.deficit.total,cbo_2011-03,2014,199.116,-199.11599999999999,2.842170943040401e-14
cbo.deficit.total,cbo_2012-03,2015,211.686,-211.68599999999992,8.526512829121202e-14
cbo.deficit.total,cbo_2013-05,2016,-25.257,25.257000000000062,6.039613253960852e-14
cbo.deficit.total,cbo_2014-04,2017,20.05,-20.049999999999955,4.618527782440651e-14
cbo.deficit.total,cbo_2015-03,2018,88.787,-88.78700000000003,2.842170943040401e-14
cbo.deficit.total,cbo_2016-03,2019,202.216,-202.2159999999999,1.1368683772161603e-13
cbo.deficit.total,cbo_2017-06,2020,468.198,-468.19799999999987,1.1368683772161603e-13
cbo.deficit.total,cbo_2018-05,2021,1068.595,-1068.5949999999998,2.2737367544323206e-13
cbo.deficit.total,cbo_2019-05,2022,853.576,-853.576,0.0
cbo.deficit.total,cbo_2020-03,2023,-701.921,701.921,0.0
cbo.deficit.total,cbo_2021-07,2024,-817.58,817.5799999999999,1.1368683772161603e-13
cbo.deficit.total,cbo_2022-05,2025,-333.449,333.44900000000007,5.684341886080802e-14
cbo.deficit.total,cbo_1984-02,1988,-33.714,33.714,0.0
cbo.deficit.total,cbo_1985-02,1989,-17.33,17.329999999999984,1.4210854715202004e-14
cbo.deficit.total,cbo_1986-02,1990,-173.029,173.029,0.0
cbo.deficit.total,cbo_1987-02,1991,-245.716,245.716,0.0
cbo.deficit.total,cbo_1988-03,1992,-168.611,168.61100000000005,5.684341886080802e-14
cbo.deficit.total,cbo_1989-02,1993,-186.702,186.702,0.0
cbo.deficit.total,cbo_1990-03,1994,-223.421,223.421,0.0
cbo.deficit.total,cbo_1991-03,1995,-135.652,135.652,0.0
cbo.deficit.total,cbo_1992-03,1996,-13.185,13.185000000000016,1.5987211554602254e-14
cbo.deficit.total,cbo_1993-03,1997,161.127,-161.12699999999995,5.684341886080802e-14
cbo.deficit.total,cbo_1994-04,1998,269.666,-269.666,0.0
cbo.deficit.total,cbo_1995-04,1999,396.282,-396.28200000000004,5.684341886080802e-14
cbo.deficit.total,cbo_1996-05,2000,518.685,-518.685,0.0
cbo.deficit.total,cbo_1997-03,2001,465.328,-465.328,0.0
cbo.deficit.total,cbo_1998-03,2002,96.866,-96.86600000000001,1.4210854715202004e-14
cbo.deficit.total,cbo_1999-04,2003,-55.671,55.67099999999999,7.105427357601002e-15
cbo.deficit.total,cbo_2000-04,2004,-71.247,71.24700000000001,1.4210854715202004e-14
cbo.deficit.total,cbo_2001-05,2005,-211.515,211.51500000000004,5.684341886080802e-14
cbo.deficit.total,cbo_2002-03,2006,9.987,-9.986999999999995,5.329070518200751e-15
cbo.deficit.total,cbo_2003-03,2007,232.353,-232.35300000000004,2.842170943040401e-14
cbo.deficit.total,cbo_2004-03,2008,249.377,-249.37699999999995,5.684341886080802e-14
cbo.deficit.total,cbo_2005-03,2009,-255.32,255.31999999999994,5.684341886080802e-14
cbo.deficit.total,cbo_2006-03,2010,-225.381,225.38100000000009,8.526512829121202e-14
cbo.deficit.total,cbo_2007-03,2011,-302.781,302.78100000000006,5.684341886080802e-14
cbo.deficit.total,cbo_2008-03,2012,-385.987,385.98699999999997,5.684341886080802e-14
cbo.deficit.total,cbo_2009-03,2013,-13.691,13.690999999999917,8.348877145181177e-14
cbo.deficit.total,cbo_2010-03,2014,95.796,-95.79599999999994,7.105427357601002e-14
cbo.deficit.total,cbo_2011-03,2015,270.391,-270.3910000000001,5.684341886080802e-14
cbo.deficit.total,cbo_2012-03,2016,155.365,-155.3649999999999,1.1368683772161603e-13
cbo.deficit.total,cbo_2013-05,2017,-106.661,106.66100000000006,5.684341886080802e-14
cbo.deficit.total,cbo_2014-04,2018,204.676,-204.67599999999993,5.684341886080802e-14
cbo.deficit.total,cbo_2015-03,2019,189.131,-189.13099999999986,1.4210854715202004e-13
cbo.deficit.total,cbo_2016-03,2020,527.114,-527.114,0.0
cbo.deficit.total,cbo_2017-06,2021,1144.737,-1144.737,0.0
cbo.deficit.total,cbo_2018-05,2022,950.506,-950.5060000000001,1.1368683772161603e-13
cbo.deficit.total,cbo_2019-05,2023,-463.566,463.56600000000003,5.684341886080802e-14
cbo.deficit.total,cbo_2020-03,2024,-269.231,269.231,0.0
cbo.deficit.total,cbo_2021-07,2025,-452.568,452.568,0.0
cbo.deficit.total,cbo_1984-02,1989,-15.33,15.329999999999984,1.5987211554602254e-14
cbo.deficit.total,cbo_1985-02,1990,-142.207,142.20700000000002,2.842170943040401e-14
cbo.deficit.total,cbo_1986-02,1991,-275.591,275.591,0.0
cbo.deficit.total,cbo_1987-02,1992,-293.937,293.937,0.0
cbo.deficit.total,cbo_1988-03,1993,-184.219,184.219,0.0
cbo.deficit.total,cbo_1989-02,1994,-224.642,224.642,0.0
cbo.deficit.total,cbo_1990-03,1995,-253.103,253.103,0.0
cbo.deficit.total,cbo_1991-03,1996,-131.434,131.43400000000003,2.842170943040401e-14
cbo.deficit.total,cbo_1992-03,1997,75.031,-75.03099999999999,1.4210854715202004e-14
cbo.deficit.total,cbo_1993-03,1998,298.334,-298.334,0.0
cbo.deficit.total,cbo_1994-04,1999,345.953,-345.95300000000003,5.684341886080802e-14
cbo.deficit.total,cbo_1995-04,2000,568.526,-568.5260000000001,1.1368683772161603e-13
cbo.deficit.total,cbo_1996-05,2001,544.186,-544.1859999999999,1.1368683772161603e-13
cbo.deficit.total,cbo_1997-03,2002,259.242,-259.24199999999996,5.684341886080802e-14
cbo.deficit.total,cbo_1998-03,2003,111.642,-111.642,0.0
cbo.deficit.total,cbo_1999-04,2004,49.797,-49.79699999999997,2.842170943040401e-14
cbo.deficit.total,cbo_2000-04,2005,31.671,-31.670999999999992,7.105427357601002e-15
cbo.deficit.total,cbo_2001-05,2006,-123.724,123.72400000000002,1.4210854715202004e-14
cbo.deficit.total,cbo_2002-03,2007,117.522,-117.52200000000008,7.105427357601002e-14
cbo.deficit.total,cbo_2003-03,2008,152.605,-152.60500000000013,1.4210854715202004e-13
cbo.deficit.total,cbo_2004-03,2009,-256.565,256.56500000000005,5.684341886080802e-14
cbo.deficit.total,cbo_2005-03,2010,-156.854,156.85400000000004,2.842170943040401e-14
cbo.deficit.total,cbo_2006-03,2011,-195.58,195.58000000000015,1.4210854715202004e-13
cbo.deficit.total,cbo_2007-03,2012,-349.331,349.3309999999999,1.1368683772161603e-13
cbo.deficit.total,cbo_2008-03,2013,-255.456,255.45600000000002,2.842170943040401e-14
cbo.deficit.total,cbo_2009-03,2014,29.351,-29.351,0.0
cbo.deficit.total,cbo_2010-03,2015,164.488,-164.48800000000006,5.684341886080802e-14
cbo.deficit.total,cbo_2011-03,2016,250.801,-250.80099999999993,5.684341886080802e-14
cbo.deficit.total,cbo_2012-03,2017,28.125,-28.124999999999886,1.1368683772161603e-13
cbo.deficit.total,cbo_2013-05,2018,77.667,-77.66700000000003,2.842170943040401e-14
cbo.deficit.total,cbo_2014-04,2019,287.822,-287.8220000000001,1.1368683772161603e-13
cbo.deficit.total,cbo_2015-03,2020,473.567,-473.56699999999955,4.547473508864641e-13
cbo.deficit.total,cbo_2016-03,2021,1196.111,-1196.1109999999999,2.2737367544323206e-13
cbo.deficit.total,cbo_2017-06,2022,980.87,-980.8700000000001,1.1368683772161603e-13
cbo.deficit.total,cbo_2018-05,2023,-384.658,384.65800000000013,1.1368683772161603e-13
cbo.deficit.total,cbo_2019-05,2024,-94.101,94.10099999999989,1.1368683772161603e-13
cbo.deficit.total,cbo_2020-03,2025,-29.667,29.666999999999916,8.526512829121202e-14
cbo.deficit.total,cbo_1996-05,2002,339.754,-339.7539999999999,1.1368683772161603e-13
cbo.deficit.total,cbo_1997-03,2003,294.532,-294.532,0.0
cbo.deficit.total,cbo_1998-03,2004,224.974,-224.97400000000005,5.684341886080802e-14
cbo.deficit.total,cbo_1999-04,2005,159.304,-159.30399999999986,1.4210854715202004e-13
cbo.deficit.total,cbo_2000-04,2006,140.87,-140.86999999999992,8.526512829121202e-14
cbo.deficit.total,cbo_2001-05,2007,-16.124,16.123999999999995,3.552713678800501e-15
cbo.deficit.total,cbo_2002-03,2008,41.755,-41.754999999999995,7.105427357601002e-15
cbo.deficit.total,cbo_2003-03,2009,-370.621,370.6210000000001,1.1368683772161603e-13
cbo.deficit.total,cbo_2004-03,2010,-154.97,154.97000000000003,2.842170943040401e-14
cbo.deficit.total,cbo_2005-03,2011,-129.243,129.24300000000017,1.7053025658242404e-13
cbo.deficit.total,cbo_2006-03,2012,-228.31,228.30999999999995,5.684341886080802e-14
cbo.deficit.total,cbo_2007-03,2013,-213.13,213.13,0.0
cbo.deficit.total,cbo_2008-03,2014,-220.089,220.08900000000006,5.684341886080802e-14
cbo.deficit.total,cbo_2009-03,2015,119.985,-119.9849999999999,9.947598300641403e-14
cbo.deficit.total,cbo_2010-03,2016,192.222,-192.22199999999998,2.842170943040401e-14
cbo.deficit.total,cbo_2011-03,2017,149.956,-149.95600000000013,1.4210854715202004e-13
cbo.deficit.total,cbo_2012-03,2018,191.767,-191.76699999999994,5.684341886080802e-14
cbo.deficit.total,cbo_2013-05,2019,158.062,-158.0619999999999,1.1368683772161603e-13
cbo.deficit.total,cbo_2014-04,2020,564.765,-564.7649999999999,1.1368683772161603e-13
cbo.deficit.total,cbo_2015-03,2021,1116.685,-1116.6849999999995,4.547473508864641e-13
cbo.deficit.total,cbo_2016-03,2022,1039.558,-1039.558,0.0
cbo.deficit.total,cbo_2017-06,2023,-357.442,357.4419999999998,2.2737367544323206e-13
cbo.deficit.total,cbo_2018-05,2024,-4.519,4.5190000000000055,5.329070518200751e-15
cbo.deficit.total,cbo_2019-05,2025,120.485,-120.48499999999967,3.268496584496461e-13
cbo.deficit.total,cbo_1996-05,2003,384.542,-384.542,0.0
cbo.deficit.total,cbo_1997-03,2004,432.209,-432.20899999999995,5.684341886080802e-14
cbo.deficit.total,cbo_1998-03,2005,351.068,-351.06799999999987,1.1368683772161603e-13
cbo.deficit.total,cbo_1999-04,2006,282.907,-282.9069999999998,1.7053025658242404e-13
cbo.deficit.total,cbo_2000-04,2007,284.05,-284.04999999999995,5.684341886080802e-14
cbo.deficit.total,cbo_2001-05,2008,-93.063,93.0630000000001,9.947598300641403e-14
cbo.deficit.total,cbo_2002-03,2009,-489.28,489.28,0.0
cbo.deficit.total,cbo_2003-03,2010,-282.584,282.58399999999983,1.7053025658242404e-13
cbo.deficit.total,cbo_2004-03,2011,-133.734,133.73400000000015,1.4210854715202004e-13
cbo.deficit.total,cbo_2005-03,2012,-136.813,136.813,0.0
cbo.deficit.total,cbo_2006-03,2013,-96.886,96.88599999999985,1.4210854715202004e-13
cbo.deficit.total,cbo_2007-03,2014,-182.219,182.21900000000005,5.684341886080802e-14
cbo.deficit.total,cbo_2008-03,2015,-135.257,135.2569999999999,1.1368683772161603e-13
cbo.deficit.total,cbo_2009-03,2016,142.184,-142.18399999999997,2.842170943040401e-14
cbo.deficit.total,cbo_2010-03,2017,111.046,-111.04599999999994,7.105427357601002e-14
cbo.deficit.total,cbo_2011-03,2018,312.941,-312.94100000000003,5.684341886080802e-14
cbo.deficit.total,cbo_2012-03,2019,249.906,-249.90599999999995,5.684341886080802e-14
cbo.deficit.total,cbo_2013-05,2020,430.079,-430.0789999999997,2.8421709430404007e-13
cbo.deficit.total,cbo_2014-04,2021,1217.523,-1217.5230000000001,2.2737367544323206e-13
cbo.deficit.total,cbo_2015-03,2022,958.47,-958.47,0.0
cbo.deficit.total,cbo_2016-03,2023,-289.893,289.8929999999998,1.7053025658242404e-13
cbo.deficit.total,cbo_2017-06,2024,69.988,-69.98800000000006,5.684341886080802e-14
cbo.deficit.total,cbo_2018-05,2025,189.576,-189.57600000000002,2.842170943040401e-14
cbo.deficit.total,cbo_1996-05,2004,532.804,-532.804,0.0
cbo.deficit.total,cbo_1997-03,2005,586.232,-586.232,0.0
cbo.deficit.total,cbo_1998-03,2006,480.163,-480.1629999999999,1.1368683772161603e-13
cbo.deficit.total,cbo_1999-04,2007,445.571,-445.571,0.0
cbo.deficit.total,cbo_2000-04,2008,248.701,-248.70100000000002,2.842170943040401e-14
cbo.deficit.total,cbo_2001-05,2009,-626.114,626.1139999999999,1.1368683772161603e-13
cbo.deficit.total,cbo_2002-03,2010,-403.592,403.59199999999976,2.2737367544323206e-13
cbo.deficit.total,cbo_2003-03,2011,-287.875,287.8750000000001,1.1368683772161603e-13
cbo.deficit.total,cbo_2004-03,2012,-133.862,133.86199999999985,1.4210854715202004e-13
cbo.deficit.total,cbo_2005-03,2013,-14.378,14.377999999999815,1.8474111129762605e-13
cbo.deficit.total,cbo_2006-03,2014,-60.473,60.47300000000007,7.105427357601002e-14
cbo.deficit.total,cbo_2007-03,2015,-97.959,97.95899999999995,5.684341886080802e-14
cbo.deficit.total,cbo_2008-03,2016,-140.871,140.87099999999998,2.842170943040401e-14
cbo.deficit.total,cbo_2009-03,2017,48.382,-48.38199999999995,4.973799150320701e-14
cbo.deficit.total,cbo_2010-03,2018,286.651,-286.65099999999984,1.7053025658242404e-13
cbo.deficit.total,cbo_2011-03,2019,381.904,-381.904,0.0
cbo.deficit.total,cbo_2012-03,2020,507.463,-507.46299999999974,2.8421709430404007e-13
cbo.deficit.total,cbo_2013-05,2021,1053.291,-1053.2909999999997,2.2737367544323206e-13
cbo.deficit.total,cbo_2014-04,2022,1042.572,-1042.572,0.0
cbo.deficit.total,cbo_2015-03,2023,-385.996,385.99599999999987,1.1368683772161603e-13
cbo.deficit.total,cbo_2016-03,2024,127.066,-127.06600000000003,2.842170943040401e-14
cbo.deficit.total,cbo_2017-06,2025,303.035,-303.0350000000003,2.8421709430404007e-13
cbo.deficit.total,cbo_1996-05,2005,681.769,-681.769,0.0
cbo.deficit.total,cbo_1997-03,2006,744.662,-744.662,0.0
cbo.deficit.total,cbo_1998-03,2007,656.272,-656.2719999999998,2.2737367544323206e-13
cbo.deficit.total,cbo_1999-04,2008,430.634,-430.63400000000024,2.2737367544323206e-13
cbo.deficit.total,cbo_2000-04,2009,-243.203,243.20299999999997,2.842170943040401e-14
cbo.deficit.total,cbo_2001-05,2010,-544.439,544.439,0.0
cbo.deficit.total,cbo_2002-03,2011,-410.692,410.69200000000023,2.2737367544323206e-13
cbo.deficit.total,cbo_2003-03,2012,-302.487,302.4870000000002,1.7053025658242404e-13
cbo.deficit.total,cbo_2004-03,2013,-9.127,9.126999999999953,4.796163466380676e-14
cbo.deficit.total,cbo_2005-03,2014,20.777,-20.777000000000044,4.263256414560601e-14
cbo.deficit.total,cbo_2006-03,2015,32.6,-32.599999999999966,3.552713678800501e-14
cbo.deficit.total,cbo_2007-03,2016,-97.794,97.79400000000021,2.1316282072803006e-13
cbo.deficit.total,cbo_2008-03,2017,-280.252,280.25199999999995,5.684341886080802e-14
cbo.deficit.total,cbo_2009-03,2018,235.376,-235.37599999999986,1.4210854715202004e-13
cbo.deficit.total,cbo_2010-03,2019,376.268,-376.26800000000003,5.684341886080802e-14
cbo.deficit.total,cbo_2011-03,2020,640.826,-640.826,0.0
cbo.deficit.total,cbo_2012-03,2021,1151.535,-1151.5349999999999,2.2737367544323206e-13
cbo.deficit.total,cbo_2013-05,2022,843.081,-843.0809999999999,1.1368683772161603e-13
cbo.deficit.total,cbo_2014-04,2023,-300.831,300.8309999999999,1.1368683772161603e-13
cbo.deficit.total,cbo_2015-03,2024,21.225,-21.22499999999991,9.237055564881302e-14
cbo.deficit.total,cbo_2016-03,2025,352.251,-352.25099999999975,2.2737367544323206e-13
cbo.deficit.total,cbo_1996-05,2006,851.633,-851.6329999999998,2.2737367544323206e-13
cbo.deficit.total,cbo_1997-03,2007,953.813,-953.8130000000001,1.1368683772161603e-13
cbo.deficit.total,cbo_1998-03,2008,652.217,-652.217,0.0
cbo.deficit.total,cbo_1999-04,2009,-32.694,32.69399999999973,2.7000623958883807e-13
cbo.deficit.total,cbo_2000-04,2010,-110.119,110.11900000000014,1.4210854715202004e-13
cbo.deficit.total,cbo_2001-05,2011,-521.095,521.0950000000001,1.1368683772161603e-13
cbo.deficit.total,cbo_2002-03,2012,-442.062,442.062,0.0
cbo.deficit.total,cbo_2003-03,2013,-202.73,202.7299999999999,8.526512829121202e-14
cbo.deficit.total,cbo_2004-03,2014,31.023,-31.023000000000025,2.4868995751603507e-14
cbo.deficit.total,cbo_2005-03,2015,113.522,-113.52199999999993,7.105427357601002e-14
cbo.deficit.total,cbo_2006-03,2016,33.429,-33.42900000000009,8.526512829121202e-14
cbo.deficit.total,cbo_2007-03,2017,-227.502,227.50200000000007,5.684341886080802e-14
cbo.deficit.total,cbo_2008-03,2018,-171.606,171.6060000000001,1.1368683772161603e-13
cbo.deficit.total,cbo_2009-03,2019,332.968,-332.9680000000001,5.684341886080802e-14
cbo.deficit.total,cbo_2010-03,2020,633.108,-633.1079999999997,2.2737367544323206e-13
cbo.deficit.total,cbo_2011-03,2021,1273.2,-1273.2000000000003,2.2737367544323206e-13
cbo.deficit.total,cbo_2012-03,2022,962.605,-962.6050000000002,2.2737367544323206e-13
cbo.deficit.total,cbo_2013-05,2023,-517.592,517.5919999999999,1.1368683772161603e-13
cbo.deficit.total,cbo_2014-04,2024,107.154,-107.154,0.0
cbo.deficit.total,cbo_2015-03,2025,228.583,-228.58300000000008,8.526512829121202e-14
cbo.debt.total,cbo_1984-02,1984,22.383,22.383000000000038,3.907985046680551e-14
cbo.debt.total,cbo_1985-02,1985,20.263,20.26299999999992,8.171241461241152e-14
cbo.debt.total,cbo_1986-02,1986,-24.55,-24.549999999999955,4.618527782440651e-14
cbo.debt.total,cbo_1987-02,1987,26.401,26.401000000000067,6.750155989720952e-14
cbo.debt.total,cbo_1988-03,1988,-5.562,-5.561999999999898,1.021405182655144e-13
cbo.debt.total,cbo_1989-02,1989,17.848,17.847999999999956,4.263256414560601e-14
cbo.debt.total,cbo_1990-03,1990,-67.401,-67.40099999999984,1.5631940186722204e-13
cbo.debt.total,cbo_1991-03,1991,18.492,18.49200000000019,1.8829382497642655e-13
cbo.debt.total,cbo_1992-03,1992,48.439,48.43899999999985,1.4921397450962104e-13
cbo.debt.total,cbo_1993-03,1993,37.248,37.24799999999959,4.050093593832571e-13
cbo.debt.total,cbo_1994-04,1994,32.196,32.19599999999991,8.526512829121202e-14
cbo.debt.total,cbo_1995-04,1995,13.819,13.81899999999996,4.085620730620576e-14
cbo.debt.total,cbo_1996-05,1996,36.913,36.91300000000001,1.4210854715202004e-14
cbo.debt.total,cbo_1997-03,1997,89.744,89.74400000000014,1.4210854715202004e-13
cbo.debt.total,cbo_1998-03,1998,53.371,53.37099999999964,3.623767952376511e-13
cbo.debt.total,cbo_1999-04,1999,-0.655,-0.6549999999997453,2.546851618490109e-13
cbo.debt.total,cbo_2000-04,2000,65.344,65.34400000000005,5.684341886080802e-14
cbo.debt.total,cbo_2001-05,2001,-66.924,-66.92399999999998,2.842170943040401e-14
cbo.debt.total,cbo_2002-03,2002,-126.482,-126.48199999999997,2.842170943040401e-14
cbo.debt.total,cbo_2003-03,2003,1.549,1.5489999999999782,2.1760371282653068e-14
cbo.debt.total,cbo_2004-03,2004,86.691,86.6909999999998,1.9895196601282805e-13
cbo.debt.total,cbo_2005-03,2005,98.67,98.66999999999916,8.384404281969182e-13
cbo.debt.total,cbo_2006-03,2006,132.404,132.40400000000045,4.547473508864641e-13
cbo.debt.total,cbo_2007-03,2007,3.583,3.5830000000005384,5.382361223382759e-13
cbo.debt.total,cbo_2008-03,2008,-396.093,-396.09299999999985,1.7053025658242404e-13
cbo.debt.total,cbo_2009-03,2009,189.666,189.66599999999926,7.389644451905042e-13
cbo.debt.total,cbo_2010-03,2010,31.23,31.229999999999563,4.369837824924616e-13
cbo.debt.total,cbo_2011-03,2011,237.643,237.64300000000003,2.842170943040401e-14
cbo.debt.total,cbo_2012-03,2012,67.717,67.71700000000055,5.542233338928781e-13
cbo.debt.total,cbo_2013-05,2013,61.367,61.36700000000019,1.9184653865522705e-13
cbo.debt.total,cbo_2014-04,2014,-39.919,-39.91899999999987,1.2789769243681803e-13
cbo.debt.total,cbo_2015-03,2015,258.79,258.7900000000009,8.526512829121202e-13
cbo.debt.total,cbo_2016-03,2016,-216.624,-216.6239999999998,1.9895196601282805e-13
cbo.debt.total,cbo_2017-06,2017,-9.639,-9.639000000001033,1.0338396805309458e-12
cbo.debt.total,cbo_2018-05,2018,-73.567,-73.5669999999991,8.952838470577262e-13
cbo.debt.total,cbo_2019-05,2019,-171.761,-171.76100000000224,2.2453150450019166e-12
cbo.debt.total,cbo_2020-03,2020,-864.361,-864.3610000000008,7.958078640513122e-13
cbo.debt.total,cbo_2021-07,2021,727.96,727.9599999999991,9.094947017729282e-13
cbo.debt.total,cbo_2022-05,2022,-79.298,-79.2980000000025,2.5011104298755527e-12
cbo.debt.total,cbo_2023-05,2023,-471.846,-471.84599999999773,2.2737367544323206e-12
cbo.debt.total,cbo_2024-06,2024,-17.938,-17.93800000000192,1.922018100231071e-12
cbo.debt.total,cbo_2025-01,2025,-46.675,-46.67499999999927,7.247535904753022e-13
cbo.debt.total,cbo_1984-02,1985,35.059,35.05899999999997,2.842170943040401e-14
cbo.debt.total,cbo_1985-02,1986,-14.261,-14.260999999999967,3.197442310920451e-14
cbo.debt.total,cbo_1986-02,1987,-33.247,-33.246999999999844,1.5631940186722204e-13
cbo.debt.total,cbo_1987-02,1988,-2.247,-2.2469999999998436,1.5631940186722204e-13
cbo.debt.total,cbo_1988-03,1989,51.603,51.603000000000065,6.394884621840902e-14
cbo.debt.total,cbo_1989-02,1990,-63.371,-63.371000000000095,9.237055564881302e-14
cbo.debt.total,cbo_1990-03,1991,-213.183,-213.183,0.0
cbo.debt.total,cbo_1991-03,1992,36.173,36.172999999999774,2.2737367544323206e-13
cbo.debt.total,cbo_1992-03,1993,140.097,140.09699999999975,2.5579538487363607e-13
cbo.debt.total,cbo_1993-03,1994,122.245,122.24499999999989,1.1368683772161603e-13
cbo.debt.total,cbo_1994-04,1995,51.392,51.391999999999825,1.7763568394002505e-13
cbo.debt.total,cbo_1995-04,1996,92.864,92.86400000000003,2.842170943040401e-14
cbo.debt.total,cbo_1996-05,1997,179.42,179.42000000000007,8.526512829121202e-14
cbo.debt.total,cbo_1997-03,1998,301.49,301.4899999999998,2.2737367544323206e-13
cbo.debt.total,cbo_1998-03,1999,171.354,171.35400000000027,2.5579538487363607e-13
cbo.debt.total,cbo_1999-04,2000,166.49,166.48999999999978,2.2737367544323206e-13
cbo.debt.total,cbo_2000-04,2001,96.456,96.45600000000013,1.2789769243681803e-13
cbo.debt.total,cbo_2001-05,2002,-436.809,-436.8090000000002,1.7053025658242404e-13
cbo.debt.total,cbo_2002-03,2003,-287.169,-287.1690000000003,3.410605131648481e-13
cbo.debt.total,cbo_2003-03,2004,45.974,45.97400000000016,1.6342482922482304e-13
cbo.debt.total,cbo_2004-03,2005,231.046,231.04599999999937,6.252776074688882e-13
cbo.debt.total,cbo_2005-03,2006,317.881,317.8810000000003,3.410605131648481e-13
cbo.debt.total,cbo_2006-03,2007,332.145,332.14500000000044,4.547473508864641e-13
cbo.debt.total,cbo_2007-03,2008,-302.292,-302.29200000000037,3.979039320256561e-13
cbo.debt.total,cbo_2008-03,2009,-1272.479,-1272.4790000000003,2.2737367544323206e-13
cbo.debt.total,cbo_2009-03,2010,-136.341,-136.34100000000035,3.410605131648481e-13
cbo.debt.total,cbo_2010-03,2011,308.739,308.7389999999996,3.979039320256561e-13
cbo.debt.total,cbo_2011-03,2012,357.551,357.5510000000013,1.3073986337985843e-12
cbo.debt.total,cbo_2012-03,2013,425.746,425.746000000001,1.0231815394945443e-12
cbo.debt.total,cbo_2013-05,2014,-34.568,-34.5679999999993,6.963318810448982e-13
cbo.debt.total,cbo_2014-04,2015,264.636,264.6360000000004,3.979039320256561e-13
cbo.debt.total,cbo_2015-03,2016,-78.068,-78.0679999999993,6.963318810448982e-13
cbo.debt.total,cbo_2016-03,2017,-74.737,-74.73700000000099,9.947598300641403e-13
cbo.debt.total,cbo_2017-06,2018,57.923,57.923000000000684,6.821210263296962e-13
cbo.debt.total,cbo_2018-05,2019,-57.862,-57.86200000000099,9.876544027065393e-13
cbo.debt.total,cbo_2019-05,2020,-955.21,-955.2100000000028,2.7284841053187847e-12
cbo.debt.total,cbo_2020-03,2021,1434.48,1434.4799999999996,4.547473508864641e-13
cbo.debt.total,cbo_2021-07,2022,186.954,186.95400000000154,1.5347723092418164e-12
cbo.debt.total,cbo_2022-05,2023,-1027.949,-1027.9490000000005,4.547473508864641e-13
cbo.debt.total,cbo_2023-05,2024,-840.249,-840.2489999999998,2.2737367544323206e-13
cbo.debt.total,cbo_2024-06,2025,73.106,73.1060000000034,3.410605131648481e-12
cbo.debt.total,cbo_1984-02,1986,-5.642,-5.642000000000053,5.240252676230739e-14
cbo.debt.total,cbo_1985-02,1987,-16.317,-16.317000000000007,7.105427357601002e-15
cbo.debt.total,cbo_1986-02,1988,-84.486,-84.48599999999988,1.2789769243681803e-13
cbo.debt.total,cbo_1987-02,1989,2.21,2.2100000000000364,3.6415315207705135e-14
cbo.debt.total,cbo_1988-03,1990,-6.187,-6.186999999999898,1.021405182655144e-13
cbo.debt.total,cbo_1989-02,1991,-230.316,-230.3159999999998,1.9895196601282805e-13
cbo.debt.total,cbo_1990-03,1992,-426.362,-426.3620000000001,5.684341886080802e-14
cbo.debt.total,cbo_1991-03,1993,22.238,22.23799999999983,1.7053025658242404e-13
cbo.debt.total,cbo_1992-03,1994,208.231,208.23099999999977,2.2737367544323206e-13
cbo.debt.total,cbo_1993-03,1995,193.811,193.8109999999997,3.126388037344441e-13
cbo.debt.total,cbo_1994-04,1996,100.721,100.721,0.0
cbo.debt.total,cbo_1995-04,1997,278.427,278.42700000000013,1.1368683772161603e-13
cbo.debt.total,cbo_1996-05,1998,457.28,457.27999999999975,2.2737367544323206e-13
cbo.debt.total,cbo_1997-03,1999,572.417,572.4169999999999,1.1368683772161603e-13
cbo.debt.total,cbo_1998-03,2000,476.581,476.58100000000013,1.1368683772161603e-13
cbo.debt.total,cbo_1999-04,2001,303.954,303.9540000000002,1.7053025658242404e-13
cbo.debt.total,cbo_2000-04,2002,-123.954,-123.95400000000018,1.8474111129762605e-13
cbo.debt.total,cbo_2001-05,2003,-778.29,-778.29,0.0
cbo.debt.total,cbo_2002-03,2004,-383.436,-383.4359999999997,2.8421709430404007e-13
cbo.debt.total,cbo_2003-03,2005,138.015,138.01499999999942,5.684341886080801e-13
cbo.debt.total,cbo_2004-03,2006,436.092,436.09200000000055,5.684341886080801e-13
cbo.debt.total,cbo_2005-03,2007,620.099,620.0990000000002,1.1368683772161603e-13
cbo.debt.total,cbo_2006-03,2008,219.002,219.0019999999995,5.115907697472721e-13
cbo.debt.total,cbo_2007-03,2009,-1171.108,-1171.1080000000002,2.2737367544323206e-13
cbo.debt.total,cbo_2008-03,2010,-1825.132,-1825.1319999999996,4.547473508864641e-13
cbo.debt.total,cbo_2009-03,2011,82.634,82.63400000000001,1.4210854715202004e-14
cbo.debt.total,cbo_2010-03,2012,389.782,389.78200000000106,1.0800249583553523e-12
cbo.debt.total,cbo_2011-03,2013,718.46,718.460000000001,9.094947017729282e-13
cbo.debt.total,cbo_2012-03,2014,507.428,507.4279999999999,1.1368683772161603e-13
cbo.debt.total,cbo_2013-05,2015,220.797,220.79700000000048,4.831690603168681e-13
cbo.debt.total,cbo_2014-04,2016,-32.609,-32.60900000000038,3.765876499528531e-13
cbo.debt.total,cbo_2015-03,2017,118.547,118.54700000000048,4.831690603168681e-13
cbo.debt.total,cbo_2016-03,2018,-256.403,-256.4029999999984,1.5916157281026244e-12
cbo.debt.total,cbo_2017-06,2019,210.874,210.8739999999998,1.9895196601282805e-13
cbo.debt.total,cbo_2018-05,2020,-766.444,-766.4440000000031,3.183231456205249e-12
cbo.debt.total,cbo_2019-05,2021,1566.515,1566.5149999999994,6.821210263296962e-13
cbo.debt.total,cbo_2020-03,2022,1174.802,1174.8019999999997,2.2737367544323206e-13
cbo.debt.total,cbo_2021-07,2023,-917.899,-917.8990000000013,1.2505552149377763e-12
cbo.debt.total,cbo_2022-05,2024,-1855.698,-1855.6980000000003,2.2737367544323206e-13
cbo.debt.total,cbo_2023-05,2025,-992.826,-992.8259999999973,2.7284841053187847e-12
cbo.debt.total,cbo_1984-02,1987,-15.676,-15.67599999999993,6.927791673660977e-14
cbo.debt.total,cbo_1985-02,1988,-55.239,-55.23900000000003,3.552713678800501e-14
cbo.debt.total,cbo_1986-02,1989,-112.482,-112.48199999999997,2.842170943040401e-14
cbo.debt.total,cbo_1987-02,1990,-137.907,-137.90700000000015,1.4210854715202004e-13
cbo.debt.total,cbo_1988-03,1991,-161.579,-161.57899999999972,2.8421709430404007e-13
cbo.debt.total,cbo_1989-02,1992,-434.442,-434.442,0.0
cbo.debt.total,cbo_1990-03,1993,-614.25,-614.25,0.0
cbo.debt.total,cbo_1991-03,1994,-7.022,-7.0219999999999345,6.572520305780927e-14
cbo.debt.total,cbo_1992-03,1995,199.995,199.9949999999999,1.1368683772161603e-13
cbo.debt.total,cbo_1993-03,1996,266.353,266.35300000000007,5.684341886080802e-14
cbo.debt.total,cbo_1994-04,1997,249.871,249.8710000000001,8.526512829121202e-14
cbo.debt.total,cbo_1995-04,1998,588.164,588.1639999999998,2.2737367544323206e-13
cbo.debt.total,cbo_1996-05,1999,795.421,795.4209999999998,2.2737367544323206e-13
cbo.debt.total,cbo_1997-03,2000,1031.263,1031.263,0.0
cbo.debt.total,cbo_1998-03,2001,763.426,763.4260000000004,3.410605131648481e-13
cbo.debt.total,cbo_1999-04,2002,199.575,199.57499999999982,1.7053025658242404e-13
cbo.debt.total,cbo_2000-04,2003,-286.996,-286.9960000000001,1.1368683772161603e-13
cbo.debt.total,cbo_2001-05,2004,-1020.369,-1020.3690000000001,1.1368683772161603e-13
cbo.debt.total,cbo_2002-03,2005,-429.398,-429.39800000000014,1.1368683772161603e-13
cbo.debt.total,cbo_2003-03,2006,297.635,297.6350000000002,2.2737367544323206e-13
cbo.debt.total,cbo_2004-03,2007,708.405,708.4049999999997,2.2737367544323206e-13
cbo.debt.total,cbo_2005-03,2008,589.056,589.0559999999996,4.547473508864641e-13
cbo.debt.total,cbo_2006-03,2009,-510.46,-510.46000000000095,9.663381206337363e-13
cbo.debt.total,cbo_2007-03,2010,-1701.396,-1701.3959999999997,2.2737367544323206e-13
cbo.debt.total,cbo_2008-03,2011,-1956.024,-1956.0240000000003,4.547473508864641e-13
cbo.debt.total,cbo_2009-03,2012,-37.787,-37.78699999999844,1.5560885913146194e-12
cbo.debt.total,cbo_2010-03,2013,603.646,603.6460000000006,6.821210263296962e-13
cbo.debt.total,cbo_2011-03,2014,777.244,777.2440000000006,5.684341886080801e-13
cbo.debt.total,cbo_2012-03,2015,947.091,947.0910000000003,3.410605131648481e-13
cbo.debt.total,cbo_2013-05,2016,-173.655,-173.65500000000065,6.536993168992922e-13
cbo.debt.total,cbo_2014-04,2017,249.128,249.1280000000006,6.252776074688882e-13
cbo.debt.total,cbo_2015-03,2018,-18.843,-18.842999999998938,1.0622613899613498e-12
cbo.debt.total,cbo_2016-03,2019,-54.766,-54.76599999999962,3.765876499528531e-13
cbo.debt.total,cbo_2017-06,2020,-348.061,-348.0610000000015,1.5347723092418164e-12
cbo.debt.total,cbo_2018-05,2021,1863.072,1863.0720000000001,2.2737367544323206e-13
cbo.debt.total,cbo_2019-05,2022,1499.588,1499.5879999999997,2.2737367544323206e-13
cbo.debt.total,cbo_2020-03,2023,560.676,560.6759999999995,5.684341886080801e-13
cbo.debt.total,cbo_2021-07,2024,-1799.775,-1799.7750000000015,1.3642420526593924e-12
cbo.debt.total,cbo_2022-05,2025,-2350.977,-2350.976999999999,9.094947017729282e-13
cbo.debt.total,cbo_1984-02,1988,-56.775,-56.77500000000009,9.237055564881302e-14
cbo.debt.total,cbo_1985-02,1989,-59.601,-59.60100000000011,1.1368683772161603e-13
cbo.debt.total,cbo_1986-02,1990,-286.634,-286.634,0.0
cbo.debt.total,cbo_1987-02,1991,-394.324,-394.3239999999996,3.979039320256561e-13
cbo.debt.total,cbo_1988-03,1992,-351.533,-351.5329999999999,1.1368683772161603e-13
cbo.debt.total,cbo_1989-02,1993,-615.929,-615.9290000000001,1.1368683772161603e-13
cbo.debt.total,cbo_1990-03,1994,-820.613,-820.6129999999998,2.2737367544323206e-13
cbo.debt.total,cbo_1991-03,1995,-146.8,-146.80000000000018,1.7053025658242404e-13
cbo.debt.total,cbo_1992-03,1996,171.715,171.71500000000015,1.4210854715202004e-13
cbo.debt.total,cbo_1993-03,1997,416.414,416.41399999999976,2.2737367544323206e-13
cbo.debt.total,cbo_1994-04,1998,519.279,519.2789999999995,4.547473508864641e-13
cbo.debt.total,cbo_1995-04,1999,964.282,964.2820000000006,5.684341886080801e-13
cbo.debt.total,cbo_1996-05,2000,1321.01,1321.0100000000002,2.2737367544323206e-13
cbo.debt.total,cbo_1997-03,2001,1472.904,1472.9040000000005,4.547473508864641e-13
cbo.debt.total,cbo_1998-03,2002,811.985,811.9850000000001,1.1368683772161603e-13
cbo.debt.total,cbo_1999-04,2003,164.099,164.0989999999997,2.8421709430404007e-13
cbo.debt.total,cbo_2000-04,2004,-316.825,-316.8249999999998,1.7053025658242404e-13
cbo.debt.total,cbo_2001-05,2005,-1192.419,-1192.4190000000008,6.821210263296962e-13
cbo.debt.total,cbo_2002-03,2006,-392.594,-392.59399999999914,8.526512829121202e-13
cbo.debt.total,cbo_2003-03,2007,496.862,496.8620000000001,5.684341886080802e-14
cbo.debt.total,cbo_2004-03,2008,660.53,660.5299999999997,2.2737367544323206e-13
cbo.debt.total,cbo_2005-03,2009,-74.394,-74.39400000000023,2.2737367544323206e-13
cbo.debt.total,cbo_2006-03,2010,-943.642,-943.6419999999998,2.2737367544323206e-13
cbo.debt.total,cbo_2007-03,2011,-1806.643,-1806.643,0.0
cbo.debt.total,cbo_2008-03,2012,-2401.76,-2401.76,0.0
cbo.debt.total,cbo_2009-03,2013,41.39,41.38999999999942,5.826450433232822e-13
cbo.debt.total,cbo_2010-03,2014,499.239,499.2389999999996,3.979039320256561e-13
cbo.debt.total,cbo_2011-03,2015,1275.662,1275.6620000000003,2.2737367544323206e-13
cbo.debt.total,cbo_2012-03,2016,748.697,748.6970000000001,1.1368683772161603e-13
cbo.debt.total,cbo_2013-05,2017,-6.185,-6.184999999999491,5.089262344881718e-13
cbo.debt.total,cbo_2014-04,2018,212.433,212.4330000000009,9.094947017729282e-13
cbo.debt.total,cbo_2015-03,2019,188.001,188.0010000000002,1.9895196601282805e-13
cbo.debt.total,cbo_2016-03,2020,-567.006,-567.0060000000012,1.2505552149377763e-12
cbo.debt.total,cbo_2017-06,2021,2359.274,2359.2739999999976,2.2737367544323206e-12
cbo.debt.total,cbo_2018-05,2022,1894.216,1894.2160000000003,4.547473508864641e-13
cbo.debt.total,cbo_2019-05,2023,1130.335,1130.3349999999955,4.547473508864641e-12
cbo.debt.total,cbo_2020-03,2024,225.04,225.04000000000087,8.810729923425242e-13
cbo.debt.total,cbo_2021-07,2025,-2429.182,-2429.181999999997,2.7284841053187847e-12
cbo.debt.total,cbo_1984-02,1989,-59.666,-59.66600000000017,1.7053025658242404e-13
cbo.debt.total,cbo_1985-02,1990,-202.688,-202.6880000000001,1.1368683772161603e-13
cbo.debt.total,cbo_1986-02,1991,-570.555,-570.5549999999998,1.1368683772161603e-13
cbo.debt.total,cbo_1987-02,1992,-709.648,-709.6480000000001,1.1368683772161603e-13
cbo.debt.total,cbo_1988-03,1993,-529.95,-529.9500000000003,2.2737367544323206e-13
cbo.debt.total,cbo_1989-02,1994,-822.005,-822.0050000000001,1.1368683772161603e-13
cbo.debt.total,cbo_1990-03,1995,-1081.504,-1081.5040000000004,4.547473508864641e-13
cbo.debt.total,cbo_1991-03,1996,-297.244,-297.2439999999997,3.410605131648481e-13
cbo.debt.total,cbo_1992-03,1997,236.913,236.913,0.0
cbo.debt.total,cbo_1993-03,1998,703.018,703.018,0.0
cbo.debt.total,cbo_1994-04,1999,847.672,847.672,0.0
cbo.debt.total,cbo_1995-04,2000,1536.944,1536.9439999999995,4.547473508864641e-13
cbo.debt.total,cbo_1996-05,2001,1847.362,1847.362,0.0
cbo.debt.total,cbo_1997-03,2002,1682.569,1682.569,0.0
cbo.debt.total,cbo_1998-03,2003,944.541,944.5410000000002,1.1368683772161603e-13
cbo.debt.total,cbo_1999-04,2004,260.024,260.02400000000034,3.410605131648481e-13
cbo.debt.total,cbo_2000-04,2005,-253.517,-253.51700000000073,7.389644451905042e-13
cbo.debt.total,cbo_2001-05,2006,-1228.428,-1228.4279999999999,2.2737367544323206e-13
cbo.debt.total,cbo_2002-03,2007,-306.358,-306.3580000000002,1.7053025658242404e-13
cbo.debt.total,cbo_2003-03,2008,350.702,350.7020000000002,2.2737367544323206e-13
cbo.debt.total,cbo_2004-03,2009,-3.246,-3.246000000001004,1.0040857034709916e-12
cbo.debt.total,cbo_2005-03,2010,-440.434,-440.4339999999993,7.389644451905042e-13
cbo.debt.total,cbo_2006-03,2011,-943.231,-943.2309999999998,2.2737367544323206e-13
cbo.debt.total,cbo_2007-03,2012,-2221.491,-2221.491,0.0
cbo.debt.total,cbo_2008-03,2013,-2565.636,-2565.6359999999986,1.3642420526593924e-12
cbo.debt.total,cbo_2009-03,2014,-116.384,-116.38400000000001,1.4210854715202004e-14
cbo.debt.total,cbo_2010-03,2015,822.997,822.9970000000012,1.2505552149377763e-12
cbo.debt.total,cbo_2011-03,2016,1170.769,1170.7690000000002,2.2737367544323206e-13
cbo.debt.total,cbo_2012-03,2017,1071.08,1071.08,0.0
cbo.debt.total,cbo_2013-05,2018,-159.324,-159.3239999999987,1.3073986337985843e-12
cbo.debt.total,cbo_2014-04,2019,505.586,505.58599999999933,6.821210263296962e-13
cbo.debt.total,cbo_2015-03,2020,-356.996,-356.9960000000028,2.8421709430404007e-12
cbo.debt.total,cbo_2016-03,2021,2172.954,2172.953999999998,2.2737367544323206e-12
cbo.debt.total,cbo_2017-06,2022,2420.76,2420.7599999999984,1.8189894035458565e-12
cbo.debt.total,cbo_2018-05,2023,1608.65,1608.6499999999978,2.2737367544323206e-12
cbo.debt.total,cbo_2019-05,2024,957.208,957.2079999999987,1.2505552149377763e-12
cbo.debt.total,cbo_2020-03,2025,54.183,54.1830000000009,9.023892744153272e-13
cbo.debt.total,cbo_1996-05,2002,2140.937,2140.9369999999994,4.547473508864641e-13
cbo.debt.total,cbo_1997-03,2003,1993.837,1993.8369999999995,4.547473508864641e-13
cbo.debt.total,cbo_1998-03,2004,1215.34,1215.3400000000001,2.2737367544323206e-13
cbo.debt.total,cbo_1999-04,2005,455.645,455.6449999999995,4.547473508864641e-13
cbo.debt.total,cbo_2000-04,2006,-92.203,-92.20299999999952,4.831690603168681e-13
cbo.debt.total,cbo_2001-05,2007,-832.881,-832.8810000000003,3.410605131648481e-13
cbo.debt.total,cbo_2002-03,2008,-560.149,-560.1490000000003,3.410605131648481e-13
cbo.debt.total,cbo_2003-03,2009,-430.731,-430.7310000000007,6.821210263296962e-13
cbo.debt.total,cbo_2004-03,2010,-365.944,-365.9439999999995,5.115907697472721e-13
cbo.debt.total,cbo_2005-03,2011,-374.556,-374.5560000000005,5.115907697472721e-13
cbo.debt.total,cbo_2006-03,2012,-1238.369,-1238.3690000000006,6.821210263296962e-13
cbo.debt.total,cbo_2007-03,2013,-2349.491,-2349.490999999998,1.8189894035458565e-12
cbo.debt.total,cbo_2008-03,2014,-3008.346,-3008.3459999999995,4.547473508864641e-13
cbo.debt.total,cbo_2009-03,2015,165.652,165.65200000000186,1.8758328224066645e-12
cbo.debt.total,cbo_2010-03,2016,605.454,605.4539999999997,2.2737367544323206e-13
cbo.debt.total,cbo_2011-03,2017,1611.949,1611.9489999999987,1.3642420526593924e-12
cbo.debt.total,cbo_2012-03,2018,1054.868,1054.8680000000022,2.2737367544323206e-12
cbo.debt.total,cbo_2013-05,2019,13.402,13.401999999998225,1.7745804825608502e-12
cbo.debt.total,cbo_2014-04,2020,45.883,45.88299999999799,2.0108359422010835e-12
cbo.debt.total,cbo_2015-03,2021,2327.688,2327.6879999999983,1.8189894035458565e-12
cbo.debt.total,cbo_2016-03,2022,2278.367,2278.3669999999984,1.8189894035458565e-12
cbo.debt.total,cbo_2017-06,2023,2161.709,2161.7089999999953,4.547473508864641e-12
cbo.debt.total,cbo_2018-05,2024,1534.315,1534.3149999999987,1.3642420526593924e-12
cbo.debt.total,cbo_2019-05,2025,929.537,929.5370000000003,2.2737367544323206e-13
cbo.debt.total,cbo_1996-05,2003,2543.964,2543.964,0.0
cbo.debt.total,cbo_1997-03,2004,2466.614,2466.6139999999996,4.547473508864641e-13
cbo.debt.total,cbo_1998-03,2005,1602.691,1602.6909999999998,2.2737367544323206e-13
cbo.debt.total,cbo_1999-04,2006,763.299,763.2990000000009,9.094947017729282e-13
cbo.debt.total,cbo_2000-04,2007,290.42,290.4200000000001,5.684341886080802e-14
cbo.debt.total,cbo_2001-05,2008,-678.835,-678.835000000001,9.094947017729282e-13
cbo.debt.total,cbo_2002-03,2009,-1456.614,-1456.6140000000005,4.547473508864641e-13
cbo.debt.total,cbo_2003-03,2010,-925.664,-925.6639999999989,1.1368683772161603e-12
cbo.debt.total,cbo_2004-03,2011,-302.231,-302.23099999999977,2.2737367544323206e-13
cbo.debt.total,cbo_2005-03,2012,-580.62,-580.6200000000008,7.958078640513122e-13
cbo.debt.total,cbo_2006-03,2013,-1253.066,-1253.065999999999,1.1368683772161603e-12
cbo.debt.total,cbo_2007-03,2014,-2760.937,-2760.937,0.0
cbo.debt.total,cbo_2008-03,2015,-3001.446,-3001.446,0.0
cbo.debt.total,cbo_2009-03,2016,-117.7,-117.70000000000073,7.247535904753022e-13
cbo.debt.total,cbo_2010-03,2017,965.288,965.2880000000005,4.547473508864641e-13
cbo.debt.total,cbo_2011-03,2018,1724.562,1724.5620000000017,1.8189894035458565e-12
cbo.debt.total,cbo_2012-03,2019,1338.446,1338.446,0.0
cbo.debt.total,cbo_2013-05,2020,-574.385,-574.385000000002,2.0463630789890885e-12
cbo.debt.total,cbo_2014-04,2021,2832.629,2832.628999999997,2.7284841053187847e-12
cbo.debt.total,cbo_2015-03,2022,2373.973,2373.973000000002,1.8189894035458565e-12
cbo.debt.total,cbo_2016-03,2023,2073.812,2073.8120000000017,1.8189894035458565e-12
cbo.debt.total,cbo_2017-06,2024,2158.135,2158.1349999999984,1.8189894035458565e-12
cbo.debt.total,cbo_2018-05,2025,1584.662,1584.6620000000003,2.2737367544323206e-13
cbo.debt.total,cbo_1996-05,2004,3119.135,3119.135,0.0
cbo.debt.total,cbo_1997-03,2005,3085.108,3085.1079999999993,9.094947017729282e-13
cbo.debt.total,cbo_1998-03,2006,2109.352,2109.3520000000008,9.094947017729282e-13
cbo.debt.total,cbo_1999-04,2007,1175.014,1175.014000000001,1.1368683772161603e-12
cbo.debt.total,cbo_2000-04,2008,693.007,693.0069999999996,3.410605131648481e-13
cbo.debt.total,cbo_2001-05,2009,-1100.141,-1100.1410000000014,1.3642420526593924e-12
cbo.debt.total,cbo_2002-03,2010,-2067.875,-2067.875,0.0
cbo.debt.total,cbo_2003-03,2011,-1020.59,-1020.5900000000001,1.1368683772161603e-13
cbo.debt.total,cbo_2004-03,2012,-500.346,-500.34599999999955,4.547473508864641e-13
cbo.debt.total,cbo_2005-03,2013,-514.179,-514.1790000000001,1.1368683772161603e-13
cbo.debt.total,cbo_2006-03,2014,-1544.17,-1544.17,0.0
cbo.debt.total,cbo_2007-03,2015,-2724.712,-2724.7119999999995,4.547473508864641e-13
cbo.debt.total,cbo_2008-03,2016,-3579.394,-3579.3940000000002,4.547473508864641e-13
cbo.debt.total,cbo_2009-03,2017,148.872,148.8719999999994,6.252776074688882e-13
cbo.debt.total,cbo_2010-03,2018,1006.561,1006.5610000000015,1.4779288903810084e-12
cbo.debt.total,cbo_2011-03,2019,2150.158,2150.1579999999994,4.547473508864641e-13
cbo.debt.total,cbo_2012-03,2020,845.829,845.8289999999979,2.0463630789890885e-12
cbo.debt.total,cbo_2013-05,2021,2048.405,2048.404999999999,1.3642420526593924e-12
cbo.debt.total,cbo_2014-04,2022,2965.974,2965.974000000002,1.8189894035458565e-12
cbo.debt.total,cbo_2015-03,2023,2092.069,2092.0689999999995,4.547473508864641e-13
cbo.debt.total,cbo_2016-03,2024,2117.204,2117.203999999998,2.2737367544323206e-12
cbo.debt.total,cbo_2017-06,2025,2314.719,2314.719000000001,9.094947017729282e-13
cbo.debt.total,cbo_1996-05,2005,3832.657,3832.657,0.0
cbo.debt.total,cbo_1997-03,2006,3850.088,3850.0880000000016,1.3642420526593924e-12
cbo.debt.total,cbo_1998-03,2007,2733.725,2733.7249999999995,4.547473508864641e-13
cbo.debt.total,cbo_1999-04,2008,1308.41,1308.409999999999,1.1368683772161603e-12
cbo.debt.total,cbo_2000-04,2009,547.599,547.5990000000002,1.1368683772161603e-13
cbo.debt.total,cbo_2001-05,2010,-1112.74,-1112.7399999999998,2.2737367544323206e-13
cbo.debt.total,cbo_2002-03,2011,-2282.778,-2282.7780000000002,4.547473508864641e-13
cbo.debt.total,cbo_2003-03,2012,-1392.057,-1392.0569999999989,1.1368683772161603e-12
cbo.debt.total,cbo_2004-03,2013,-423.003,-423.0030000000006,6.252776074688882e-13
cbo.debt.total,cbo_2005-03,2014,-726.684,-726.6839999999993,6.821210263296962e-13
cbo.debt.total,cbo_2006-03,2015,-1377.894,-1377.8940000000002,2.2737367544323206e-13
cbo.debt.total,cbo_2007-03,2016,-3269.023,-3269.0229999999992,9.094947017729282e-13
cbo.debt.total,cbo_2008-03,2017,-3648.802,-3648.8019999999997,4.547473508864641e-13
cbo.debt.total,cbo_2009-03,2018,-263.966,-263.96600000000035,3.410605131648481e-13
cbo.debt.total,cbo_2010-03,2019,1386.939,1386.9389999999985,1.5916157281026244e-12
cbo.debt.total,cbo_2011-03,2020,1805.298,1805.2979999999989,1.1368683772161603e-12
cbo.debt.total,cbo_2012-03,2021,3586.191,3586.190999999999,9.094947017729282e-13
cbo.debt.total,cbo_2013-05,2022,1988.939,1988.9389999999985,1.5916157281026244e-12
cbo.debt.total,cbo_2014-04,2023,2774.021,2774.0210000000006,4.547473508864641e-13
cbo.debt.total,cbo_2015-03,2024,2044.063,2044.0629999999983,1.8189894035458565e-12
cbo.debt.total,cbo_2016-03,2025,2317.885,2317.8849999999984,1.8189894035458565e-12
cbo.debt.total,cbo_1996-05,2006,4705.525,4705.525,0.0
cbo.debt.total,cbo_1997-03,2007,4769.7,4769.7,0.0
cbo.debt.total,cbo_1998-03,2008,3090.592,3090.5919999999996,4.547473508864641e-13
cbo.debt.total,cbo_1999-04,2009,866.384,866.384,0.0
cbo.debt.total,cbo_2000-04,2010,776.152,776.152,0.0
cbo.debt.total,cbo_2001-05,2011,-620.907,-620.9069999999992,7.958078640513122e-13
cbo.debt.total,cbo_2002-03,2012,-2791.255,-2791.254999999999,9.094947017729282e-13
cbo.debt.total,cbo_2003-03,2013,-1514.066,-1514.065999999999,1.1368683772161603e-12
cbo.debt.total,cbo_2004-03,2014,-616.074,-616.0739999999987,1.2505552149377763e-12
cbo.debt.total,cbo_2005-03,2015,-483.783,-483.78299999999945,5.684341886080801e-13
cbo.debt.total,cbo_2006-03,2016,-1793.274,-1793.2739999999994,4.547473508864641e-13
cbo.debt.total,cbo_2007-03,2017,-3295.225,-3295.2250000000004,4.547473508864641e-13
cbo.debt.total,cbo_2008-03,2018,-4103.309,-4103.308999999999,9.094947017729282e-13
cbo.debt.total,cbo_2009-03,2019,19.144,19.144000000000233,2.3447910280083306e-13
cbo.debt.total,cbo_2010-03,2020,993.043,993.0429999999978,2.1600499167107046e-12
cbo.debt.total,cbo_2011-03,2021,4682.576,4682.576000000001,9.094947017729282e-13
cbo.debt.total,cbo_2012-03,2022,3661.609,3661.6090000000004,4.547473508864641e-13
cbo.debt.total,cbo_2013-05,2023,1580.432,1580.431999999997,2.9558577807620168e-12
cbo.debt.total,cbo_2014-04,2024,2819.132,2819.131999999998,2.2737367544323206e-12
cbo.debt.total,cbo_2015-03,2025,2134.088,2134.0879999999997,4.547473508864641e-13
