sheet,vintage_label,target_period,value,chart_copy_value,abs_diff,note
£PSCR,June 2010,2008-09,533.8,533.8,0.0,
£PSCR,June 2010,2009-10,514.6,514.6,0.0,
£PSCR,June 2010,2010-11,547.7,547.7,0.0,
£PSCR,June 2010,2011-12,584.2,584.2,0.0,
£PSCR,June 2010,2012-13,621.9,621.9,0.0,
£PSCR,June 2010,2013-14,661.9,661.9,0.0,
£PSCR,June 2010,2014-15,700.1,700.1,0.0,
£PSCR,June 2010,2015-16,737.0,737.0,0.0,
£PSCR,November 2010,2009-10,513.8,513.8,0.0,
£PSCR,November 2010,2010-11,549.7,549.7,0.0,
£PSCR,November 2010,2011-12,586.2,586.2,0.0,
£PSCR,November 2010,2012-13,620.3,620.3,0.0,
£PSCR,November 2010,2013-14,659.1,659.1,0.0,
£PSCR,November 2010,2014-15,698.0,698.0,0.0,
£PSCR,November 2010,2015-16,734.6,734.6,0.0,
£PSCR,March 2011,2009-10,513.3,513.3,0.0,
£PSCR,March 2011,2010-11,548.5,548.5,0.0,
£PSCR,March 2011,2011-12,588.6,588.6,0.0,
£PSCR,March 2011,2012-13,619.7,619.7,0.0,
£PSCR,March 2011,2013-14,660.3,660.3,0.0,
£PSCR,March 2011,2014-15,697.5,697.5,0.0,
£PSCR,March 2011,2015-16,734.5,734.5,0.0,
£PSCR,November 2011,2010-11,551.4,551.4,0.0,
£PSCR,November 2011,2011-12,575.5,575.5,0.0,
£PSCR,November 2011,2012-13,594.4,594.4,0.0,
£PSCR,November 2011,2013-14,623.6,623.6,0.0,
£PSCR,November 2011,2014-15,657.4,657.4,0.0,
£PSCR,November 2011,2015-16,693.5,693.5,0.0,
£PSCR,November 2011,2016-17,735.2,735.2,0.0,
£PSCR,March 2012,2010-11,550.8,550.8,0.0,
£PSCR,March 2012,2011-12,570.4,570.4,0.0,
£PSCR,March 2012,2012-13,591.5,591.5,0.0,
£PSCR,March 2012,2013-14,622.5,622.5,0.0,
£PSCR,March 2012,2014-15,658.4,658.4,0.0,
£PSCR,March 2012,2015-16,692.0,692.0,0.0,
£PSCR,March 2012,2016-17,735.3,735.3,0.0,
£PSCR,December 2012,2011-12,569.5,569.5,0.0,
£PSCR,December 2012,2012-13,593.8,593.8,0.0,
£PSCR,December 2012,2013-14,620.6,620.6,0.0,
£PSCR,December 2012,2014-15,643.0,643.0,0.0,
£PSCR,December 2012,2015-16,671.4,671.4,0.0,
£PSCR,December 2012,2016-17,706.1,706.1,0.0,
£PSCR,December 2012,2017-18,734.2,734.2,0.0,
£PSCR,March 2013,2011-12,572.6,572.6,0.0,
£PSCR,March 2013,2012-13,586.8,586.8,0.0,
£PSCR,March 2013,2013-14,612.4,612.4,0.0,
£PSCR,March 2013,2014-15,633.1,633.1,0.0,
£PSCR,March 2013,2015-16,657.6,657.6,0.0,
£PSCR,March 2013,2016-17,694.1,694.1,0.0,
£PSCR,March 2013,2017-18,723.0,723.0,0.0,
£PSCR,December 2013,2012-13,593.3,593.3,0.0,
£PSCR,December 2013,2013-14,618.8,618.8,0.0,
£PSCR,December 2013,2014-15,646.6,646.6,0.0,
£PSCR,December 2013,2015-16,672.7,672.7,0.0,
£PSCR,December 2013,2016-17,708.4,708.4,0.0,
£PSCR,December 2013,2017-18,740.8,740.8,0.0,
£PSCR,December 2013,2018-19,776.8,776.8,0.0,
£PSCR,March 2014,2012-13,593.4,593.4,0.0,
£PSCR,March 2014,2013-14,619.8,619.8,0.0,
£PSCR,March 2014,2014-15,648.1,648.1,0.0,
£PSCR,March 2014,2015-16,675.4,675.4,0.0,
£PSCR,March 2014,2016-17,711.0,711.0,0.0,
£PSCR,March 2014,2017-18,743.4,743.4,0.0,
£PSCR,March 2014,2018-19,777.7,777.7,0.0,
£PSCR,December 2014,2013-14,622.3,622.3,0.0,
£PSCR,December 2014,2014-15,645.8,645.8,0.0,
£PSCR,December 2014,2015-16,670.3,670.3,0.0,
£PSCR,December 2014,2016-17,705.8,705.8,0.0,
£PSCR,December 2014,2017-18,736.7,736.7,0.0,
£PSCR,December 2014,2018-19,769.3,769.3,0.0,
£PSCR,December 2014,2019-20,803.0,803.0,0.0,
£PSCR,March 2015,2013-14,624.1,624.1,0.0,
£PSCR,March 2015,2014-15,646.9,646.9,0.0,
£PSCR,March 2015,2015-16,667.4,667.4,0.0,
£PSCR,March 2015,2016-17,700.9,700.9,0.0,
£PSCR,March 2015,2017-18,731.2,731.2,0.0,
£PSCR,March 2015,2018-19,764.5,764.5,0.0,
£PSCR,March 2015,2019-20,804.3,804.3,0.0,
£PSCR,July 2015,2014-15,646.4,646.4,0.0,
£PSCR,July 2015,2015-16,672.8,672.8,0.0,
£PSCR,July 2015,2016-17,711.2,711.2,0.0,
£PSCR,July 2015,2017-18,743.7,743.7,0.0,
£PSCR,July 2015,2018-19,777.9,777.9,0.0,
£PSCR,July 2015,2019-20,814.4,814.4,0.0,
£PSCR,July 2015,2020-21,856.1,856.1,0.0,
£PSCR,November 2015,2014-15,654.3,654.3,0.0,
£PSCR,November 2015,2015-16,682.2,682.2,0.0,
£PSCR,November 2015,2016-17,723.4,723.4,0.0,
£PSCR,November 2015,2017-18,762.7,762.7,0.0,
£PSCR,November 2015,2018-19,796.5,796.5,0.0,
£PSCR,November 2015,2019-20,831.1,831.1,0.0,
£PSCR,November 2015,2020-21,871.9,871.9,0.0,
£PSCR,March 2016,2014-15,654.8359782451537,654.8359782451537,0.0,
£PSCR,March 2016,2015-16,681.7728571718019,681.7728571718019,0.0,
£PSCR,March 2016,2016-17,716.4549919806642,716.4549919806642,0.0,
£PSCR,March 2016,2017-18,745.7949848967734,745.7949848967734,0.0,
£PSCR,March 2016,2018-19,779.5226495506549,779.5226495506549,0.0,
£PSCR,March 2016,2019-20,820.891981207723,820.891981207723,0.0,
£PSCR,March 2016,2020-21,852.1554545183309,852.1554545183309,0.0,
£PSCR,November 2016,2015-16,679.75476205024,679.75476205024,0.0,
£PSCR,November 2016,2016-17,710.6097162649385,710.6097162649385,0.0,
£PSCR,November 2016,2017-18,738.0398996227904,738.0398996227904,0.0,
£PSCR,November 2016,2018-19,767.9593752716995,767.9593752716995,0.0,
£PSCR,November 2016,2019-20,801.7584458706458,801.7584458706458,0.0,
£PSCR,November 2016,2020-21,834.8187149545092,834.8187149545092,0.0,
£PSCR,November 2016,2021-22,869.1798387188007,869.1798387188007,0.0,
£PSCR,March 2017,2015-16,682.2804770663837,682.2804770663837,0.0,
£PSCR,March 2017,2016-17,721.0899139422603,721.0899139422603,0.0,
£PSCR,March 2017,2017-18,744.1577563323829,744.1577563323829,0.0,
£PSCR,March 2017,2018-19,776.3529282766814,776.3529282766814,0.0,
£PSCR,March 2017,2019-20,806.5462624207581,806.5462624207581,0.0,
£PSCR,March 2017,2020-21,834.7608931607438,834.7608931607438,0.0,
£PSCR,March 2017,2021-22,869.5477317438919,869.5477317438919,0.0,
£PSCR,November 2017,2016-17,726.7090186159201,726.7090186159201,0.0,
£PSCR,November 2017,2017-18,745.4466871367608,745.4466871367608,0.0,
£PSCR,November 2017,2018-19,769.8006021835319,769.8006021835319,0.0,
£PSCR,November 2017,2019-20,792.0010548874269,792.0010548874269,0.0,
£PSCR,November 2017,2020-21,817.1698772062384,817.1698772062384,0.0,
£PSCR,November 2017,2021-22,841.6381587611427,841.6381587611427,0.0,
£PSCR,November 2017,2022-23,871.2674053083241,871.2674053083241,0.0,
£PSCR,March 2018,2016-17,726.4818910319601,726.4818910319601,0.0,
£PSCR,March 2018,2017-18,752.2173098287299,752.2173098287299,0.0,
£PSCR,March 2018,2018-19,775.8135066666316,775.8135066666316,0.0,
£PSCR,March 2018,2019-20,800.096308005455,800.096308005455,0.0,
£PSCR,March 2018,2020-21,824.9076819256614,824.9076819256614,0.0,
£PSCR,March 2018,2021-22,847.4563662626908,847.4563662626908,0.0,
£PSCR,March 2018,2022-23,876.6245790721251,876.6245790721251,0.0,
£PSCR,October 2018,2017-18,754.0159,754.0159,0.0,
£PSCR,October 2018,2018-19,787.3080858244888,787.3080858244888,0.0,
£PSCR,October 2018,2019-20,809.8306134529598,809.8306134529598,0.0,
£PSCR,October 2018,2020-21,840.4089108593631,840.4089108593631,0.0,
£PSCR,October 2018,2021-22,869.5625818058027,869.5625818058027,0.0,
£PSCR,October 2018,2022-23,900.8437799241345,900.8437799241345,0.0,
£PSCR,October 2018,2023-24,935.4964663950417,935.4964663950417,0.0,
£PSCR,March 2019,2017-18,753.13578789286,753.13578789286,0.0,
£PSCR,March 2019,2018-19,789.0271094025188,789.0271094025188,0.0,
£PSCR,March 2019,2019-20,811.389898550378,811.389898550378,0.0,
£PSCR,March 2019,2020-21,844.0331453127635,844.0331453127635,0.0,
£PSCR,March 2019,2021-22,874.0454878056837,874.0454878056837,0.0,
£PSCR,March 2019,2022-23,906.5591199590418,906.5591199590418,0.0,
£PSCR,March 2019,2023-24,941.4934278939415,941.4934278939415,0.0,
£PSCR,March 2020,2018-19,812.9050119522057,812.9050119522057,0.0,
£PSCR,March 2020,2019-20,839.3269703863288,839.3269703863288,0.0,
£PSCR,March 2020,2020-21,872.9200499597459,872.9200499597459,0.0,
£PSCR,March 2020,2021-22,910.7540254511389,910.7540254511389,0.0,
£PSCR,March 2020,2022-23,949.195094349611,949.195094349611,0.0,
£PSCR,March 2020,2023-24,984.6590541329108,984.6590541329108,0.0,
£PSCR,March 2020,2024-25,1022.2610299465166,1022.2610299465166,0.0,
£PSCR,November 2020,2019-20,827.597,827.597,0.0,
£PSCR,November 2020,2020-21,771.032430142143,771.032430142143,0.0,
£PSCR,November 2020,2021-22,847.2660595821679,847.2660595821679,0.0,
£PSCR,November 2020,2022-23,885.887147377904,885.887147377904,0.0,
£PSCR,November 2020,2023-24,926.9927629421802,926.9927629421802,0.0,
£PSCR,November 2020,2024-25,964.3928552992915,964.3928552992915,0.0,
£PSCR,November 2020,2025-26,1004.2674524727298,1004.2674524727298,0.0,
£PSCR,March 2021,2019-20,828.1512710843382,828.1512710843382,0.0,
£PSCR,March 2021,2020-21,786.3184396572885,786.3184396572885,0.0,
£PSCR,March 2021,2021-22,819.3166090584627,819.3166090584627,0.0,
£PSCR,March 2021,2022-23,885.3857624273198,885.3857624273198,0.0,
£PSCR,March 2021,2023-24,944.7131586298406,944.7131586298406,0.0,
£PSCR,March 2021,2024-25,994.2249953403702,994.2249953403702,0.0,
£PSCR,March 2021,2025-26,1037.797089122268,1037.797089122268,0.0,
£PSCR,October 2021,2020-21,795.252,795.252,0.0,
£PSCR,October 2021,2021-22,861.9804683857793,861.9804683857793,0.0,
£PSCR,October 2021,2022-23,962.3807361617562,962.3807361617562,0.0,
£PSCR,October 2021,2023-24,1019.7720960561184,1019.7720960561184,0.0,
£PSCR,October 2021,2024-25,1061.2865173705693,1061.2865173705693,0.0,
£PSCR,October 2021,2025-26,1101.9403623865694,1101.9403623865694,0.0,
£PSCR,October 2021,2026-27,1147.7882294580081,1147.7882294580081,0.0,
£PSCR,March 2022,2020-21,793.045,793.045,0.0,
£PSCR,March 2022,2021-22,899.4905081264686,899.4905081264686,0.0,
£PSCR,March 2022,2022-23,987.468589539539,987.468589539539,0.0,
£PSCR,March 2022,2023-24,1050.094796667556,1050.094796667556,0.0,
£PSCR,March 2022,2024-25,1090.4196104506166,1090.4196104506166,0.0,
£PSCR,March 2022,2025-26,1130.8243836396762,1130.8243836396762,0.0,
£PSCR,March 2022,2026-27,1174.573456594222,1174.573456594222,0.0,
£PSCR,November 2022,2021-22,914.0038328409499,914.0038328409499,0.0,
£PSCR,November 2022,2022-23,1004.8584980331459,1004.8584980331459,0.0,
£PSCR,November 2022,2023-24,1058.746066071956,1058.746066071956,0.0,
£PSCR,November 2022,2024-25,1096.0148937145693,1096.0148937145693,0.0,
£PSCR,November 2022,2025-26,1122.2861121801159,1122.2861121801159,0.0,
£PSCR,November 2022,2026-27,1159.3656530511234,1159.3656530511234,0.0,
£PSCR,November 2022,2027-28,1201.9515454375608,1201.9515454375608,0.0,
£PSCR,March 2023,2021-22,917.7003053798418,917.7003053798418,0.0,
£PSCR,March 2023,2022-23,1019.6507529397322,1019.6507529397322,0.0,
£PSCR,March 2023,2023-24,1057.6043470602372,1057.6043470602372,0.0,
£PSCR,March 2023,2024-25,1103.7421138620657,1103.7421138620657,0.0,
£PSCR,March 2023,2025-26,1136.93022905158,1136.93022905158,0.0,
£PSCR,March 2023,2026-27,1183.7057364822476,1183.7057364822476,0.0,
£PSCR,March 2023,2027-28,1230.281313457735,1230.281313457735,0.0,
£PSCR,November 2023,2022-23,1023.159,1023.159,0.0,
£PSCR,November 2023,2023-24,1098.4227807067657,1098.4227807067657,0.0,
£PSCR,November 2023,2024-25,1152.1861902508144,1152.1861902508144,0.0,
£PSCR,November 2023,2025-26,1187.6905296060008,1187.6905296060008,0.0,
£PSCR,November 2023,2026-27,1232.9037244137219,1232.9037244137219,0.0,
£PSCR,November 2023,2027-28,1284.5058268359385,1284.5058268359385,0.0,
£PSCR,November 2023,2028-29,1338.0332382134984,1338.0332382134984,0.0,
£PSCR,March 2024,2022-23,1028.73,1028.73,0.0,
£PSCR,March 2024,2023-24,1102.1889797053825,1102.1889797053825,0.0,
£PSCR,March 2024,2024-25,1139.1216243472645,1139.1216243472645,0.0,
£PSCR,March 2024,2025-26,1174.1748592520482,1174.1748592520482,0.0,
£PSCR,March 2024,2026-27,1221.592401860302,1221.592401860302,0.0,
£PSCR,March 2024,2027-28,1272.4995452577255,1272.4995452577255,0.0,
£PSCR,March 2024,2028-29,1322.2410101070552,1322.2410101070552,0.0,
£PSCR,October 2024,2023-24,1100.811,1100.811,0.0,
£PSCR,October 2024,2024-25,1148.6872588739361,1148.6872588739361,0.0,
£PSCR,October 2024,2025-26,1229.4796666500777,1229.4796666500777,0.0,
£PSCR,October 2024,2026-27,1290.5340400341224,1290.5340400341224,0.0,
£PSCR,October 2024,2027-28,1345.9792784398599,1345.9792784398599,0.0,
£PSCR,October 2024,2028-29,1389.7674838480054,1389.7674838480054,0.0,
£PSCR,October 2024,2029-30,1439.914048579725,1439.914048579725,0.0,
£PSCR,March 2025,2023-24,1098.592,1098.592,0.0,
£PSCR,March 2025,2024-25,1141.229445996776,1141.229445996776,0.0,
£PSCR,March 2025,2025-26,1229.4985058656325,1229.4985058656325,0.0,
£PSCR,March 2025,2026-27,1292.3063469533176,1292.3063469533176,0.0,
£PSCR,March 2025,2027-28,1350.6552226267656,1350.6552226267656,0.0,
£PSCR,March 2025,2028-29,1394.0199787189486,1394.0199787189486,0.0,
£PSCR,March 2025,2029-30,1445.0065045114238,1445.0065045114238,0.0,
£PSCR,November 2025,2024-25,1138.597,1138.597,0.0,
£PSCR,November 2025,2025-26,1231.518013630808,1231.518013630808,0.0,
£PSCR,November 2025,2026-27,1303.7560118773658,1303.7560118773658,0.0,
£PSCR,November 2025,2027-28,1370.2761752111023,1370.2761752111023,0.0,
£PSCR,November 2025,2028-29,1420.699515517682,1420.699515517682,0.0,
£PSCR,November 2025,2029-30,1483.2949009895292,1483.2949009895292,0.0,
£PSCR,November 2025,2030-31,1539.4195043520922,1539.4195043520922,0.0,
£PSCR,March 2026,2024-25,1139.044,1139.044,0.0,
£PSCR,March 2026,2025-26,1235.2532368396464,1235.2532368396464,0.0,
£PSCR,March 2026,2026-27,1303.7934517913395,1303.7934517913395,0.0,
£PSCR,March 2026,2027-28,1375.4075484044538,1375.4075484044538,0.0,
£PSCR,March 2026,2028-29,1427.4376050521678,1427.4376050521678,0.0,
£PSCR,March 2026,2029-30,1491.944415242361,1491.944415242361,0.0,
£PSCR,March 2026,2030-31,1551.4845539264122,1551.4845539264122,0.0,
£TME,June 2010,2008-09,629.8,629.8,0.0,
£TME,June 2010,2009-10,669.3,669.3,0.0,
£TME,June 2010,2010-11,696.8,696.8,0.0,
£TME,June 2010,2011-12,699.8,699.8,0.0,
£TME,June 2010,2012-13,711.0,711.0,0.0,
£TME,June 2010,2013-14,722.0,722.0,0.0,
£TME,June 2010,2014-15,737.5,737.5,0.0,
£TME,June 2010,2015-16,757.5,757.5,0.0,
£TME,November 2010,2009-10,669.8,669.8,0.0,
£TME,November 2010,2010-11,698.2,698.2,0.0,
£TME,November 2010,2011-12,703.7,703.7,0.0,
£TME,November 2010,2012-13,711.3,711.3,0.0,
£TME,November 2010,2013-14,719.3,719.3,0.0,
£TME,November 2010,2014-15,733.0,733.0,0.0,
£TME,November 2010,2015-16,752.9,752.9,0.0,
£TME,March 2011,2009-10,669.7,669.7,0.0,
£TME,March 2011,2010-11,694.4,694.4,0.0,
£TME,March 2011,2011-12,710.4,710.4,0.0,
£TME,March 2011,2012-13,720.2,720.2,0.0,
£TME,March 2011,2013-14,730.1,730.1,0.0,
£TME,March 2011,2014-15,743.6,743.6,0.0,
£TME,March 2011,2015-16,763.8,763.8,0.0,
£TME,November 2011,2010-11,688.5,688.5,0.0,
£TME,November 2011,2011-12,702.6,702.6,0.0,
£TME,November 2011,2012-13,714.5,714.5,0.0,
£TME,November 2011,2013-14,723.1,723.1,0.0,
£TME,November 2011,2014-15,736.4,736.4,0.0,
£TME,November 2011,2015-16,746.6,746.6,0.0,
£TME,November 2011,2016-17,758.7,758.7,0.0,
£TME,March 2012,2010-11,687.6,687.6,0.0,
£TME,March 2012,2011-12,696.4,696.4,0.0,
£TME,March 2012,2012-13,683.4,683.4,0.0,
£TME,March 2012,2013-14,720.0,720.0,0.0,
£TME,March 2012,2014-15,733.5,733.5,0.0,
£TME,March 2012,2015-16,744.0,744.0,0.0,
£TME,March 2012,2016-17,756.3,756.3,0.0,
£TME,December 2012,2011-12,690.9,690.9,0.0,
£TME,December 2012,2012-13,674.3,674.3,0.0,
£TME,December 2012,2013-14,719.9,719.9,0.0,
£TME,December 2012,2014-15,731.0,731.0,0.0,
£TME,December 2012,2015-16,744.7,744.7,0.0,
£TME,December 2012,2016-17,755.1,755.1,0.0,
£TME,December 2012,2017-18,765.5,765.5,0.0,
£TME,March 2013,2011-12,693.6,693.6,0.0,
£TME,March 2013,2012-13,673.3,673.3,0.0,
£TME,March 2013,2013-14,720.0,720.0,0.0,
£TME,March 2013,2014-15,730.4,730.4,0.0,
£TME,March 2013,2015-16,744.7,744.7,0.0,
£TME,March 2013,2016-17,754.9,754.9,0.0,
£TME,March 2013,2017-18,765.1,765.1,0.0,
£TME,December 2013,2012-13,673.9,673.9,0.0,
£TME,December 2013,2013-14,717.8,717.8,0.0,
£TME,December 2013,2014-15,730.5,730.5,0.0,
£TME,December 2013,2015-16,744.3,744.3,0.0,
£TME,December 2013,2016-17,756.3,756.3,0.0,
£TME,December 2013,2017-18,765.5,765.5,0.0,
£TME,December 2013,2018-19,778.7,778.7,0.0,
£TME,March 2014,2012-13,673.7,673.7,0.0,
£TME,March 2014,2013-14,715.5,715.5,0.0,
£TME,March 2014,2014-15,732.0,732.0,0.0,
£TME,March 2014,2015-16,743.6,743.6,0.0,
£TME,March 2014,2016-17,752.5,752.5,0.0,
£TME,March 2014,2017-18,761.2,761.2,0.0,
£TME,March 2014,2018-19,776.5,776.5,0.0,
£TME,December 2014,2013-14,719.9,719.9,0.0,
£TME,December 2014,2014-15,737.1,737.1,0.0,
£TME,December 2014,2015-16,746.2,746.2,0.0,
£TME,December 2014,2016-17,746.7,746.7,0.0,
£TME,December 2014,2017-18,751.3,751.3,0.0,
£TME,December 2014,2018-19,765.3,765.3,0.0,
£TME,December 2014,2019-20,779.9,779.9,0.0,
£TME,March 2015,2013-14,721.5,721.5,0.0,
£TME,March 2015,2014-15,737.1,737.1,0.0,
£TME,March 2015,2015-16,742.6,742.6,0.0,
£TME,March 2015,2016-17,740.3,740.3,0.0,
£TME,March 2015,2017-18,743.9,743.9,0.0,
£TME,March 2015,2018-19,759.2,759.2,0.0,
£TME,March 2015,2019-20,797.3,797.3,0.0,
£TME,July 2015,2014-15,735.5,735.5,0.0,
£TME,July 2015,2015-16,742.3,742.3,0.0,
£TME,July 2015,2016-17,754.3,754.3,0.0,
£TME,July 2015,2017-18,768.0,768.0,0.0,
£TME,July 2015,2018-19,784.3,784.3,0.0,
£TME,July 2015,2019-20,804.4,804.4,0.0,
£TME,July 2015,2020-21,844.5,844.5,0.0,
£TME,November 2015,2014-15,749.0,749.0,0.0,
£TME,November 2015,2015-16,755.7,755.7,0.0,
£TME,November 2015,2016-17,773.3,773.3,0.0,
£TME,November 2015,2017-18,787.5,787.5,0.0,
£TME,November 2015,2018-19,801.2,801.2,0.0,
£TME,November 2015,2019-20,821.0,821.0,0.0,
£TME,November 2015,2020-21,857.2,857.2,0.0,
£TME,March 2016,2014-15,746.691,746.691,0.0,
£TME,March 2016,2015-16,753.9346578351988,753.9346578351988,0.0,
£TME,March 2016,2016-17,771.9456054116804,771.9456054116804,0.0,
£TME,March 2016,2017-18,784.5784857961819,784.5784857961819,0.0,
£TME,March 2016,2018-19,800.9613537086948,800.9613537086948,0.0,
£TME,March 2016,2019-20,810.4472787848761,810.4472787848761,0.0,
£TME,March 2016,2020-21,841.1129783338466,841.1129783338466,0.0,
£TME,November 2016,2015-16,755.7859999999997,755.7859999999997,0.0,
£TME,November 2016,2016-17,778.7920255279153,778.7920255279153,0.0,
£TME,November 2016,2017-18,797.0118547131276,797.0118547131276,0.0,
£TME,November 2016,2018-19,814.4754663034992,814.4754663034992,0.0,
£TME,November 2016,2019-20,823.6991407726399,823.6991407726399,0.0,
£TME,November 2016,2020-21,855.5611669492907,855.5611669492907,0.0,
£TME,November 2016,2021-22,886.3989547900162,886.3989547900162,0.0,
£TME,March 2017,2015-16,753.9369999999999,753.9369999999999,0.0,
£TME,March 2017,2016-17,772.8396394081418,772.8396394081418,0.0,
£TME,March 2017,2017-18,802.4128613298341,802.4128613298341,0.0,
£TME,March 2017,2018-19,817.1652467105666,817.1652467105666,0.0,
£TME,March 2017,2019-20,827.9061046158569,827.9061046158569,0.0,
£TME,March 2017,2020-21,855.3514304544198,855.3514304544198,0.0,
£TME,March 2017,2021-22,886.350527188212,886.350527188212,0.0,
£TME,November 2017,2016-17,772.39,772.39,0.0,
£TME,November 2017,2017-18,795.3291649052247,795.3291649052247,0.0,
£TME,November 2017,2018-19,809.2990489971988,809.2990489971988,0.0,
£TME,November 2017,2019-20,826.7433670284913,826.7433670284913,0.0,
£TME,November 2017,2020-21,849.9378963376885,849.9378963376885,0.0,
£TME,November 2017,2021-22,871.7087693732284,871.7087693732284,0.0,
£TME,November 2017,2022-23,896.830561895655,896.830561895655,0.0,
£TME,March 2018,2016-17,772.235,772.235,0.0,
£TME,March 2018,2017-18,797.3769943666764,797.3769943666764,0.0,
£TME,March 2018,2018-19,812.8685242762194,812.8685242762194,0.0,
£TME,March 2018,2019-20,833.9997627336999,833.9997627336999,0.0,
£TME,March 2018,2020-21,853.6433151300084,853.6433151300084,0.0,
£TME,March 2018,2021-22,873.4497495108078,873.4497495108078,0.0,
£TME,March 2018,2022-23,898.0128282857629,898.0128282857629,0.0,
£TME,October 2018,2017-18,793.8250000000002,793.8250000000002,0.0,
£TME,October 2018,2018-19,812.7857704181079,812.7857704181079,0.0,
£TME,October 2018,2019-20,841.5861571544092,841.5861571544092,0.0,
£TME,October 2018,2020-21,867.0660895331221,867.0660895331221,0.0,
£TME,October 2018,2021-22,893.3794832673366,893.3794832673366,0.0,
£TME,October 2018,2022-23,921.6522718571696,921.6522718571696,0.0,
£TME,October 2018,2023-24,955.2508713300723,955.2508713300723,0.0,
£TME,March 2019,2017-18,795.04,795.04,0.0,
£TME,March 2019,2018-19,811.8492705986421,811.8492705986421,0.0,
£TME,March 2019,2019-20,840.7260796875682,840.7260796875682,0.0,
£TME,March 2019,2020-21,865.1896948325171,865.1896948325171,0.0,
£TME,March 2019,2021-22,891.678018762082,891.678018762082,0.0,
£TME,March 2019,2022-23,920.9746022984617,920.9746022984617,0.0,
£TME,March 2019,2023-24,954.948581669268,954.948581669268,0.0,
£TME,March 2020,2018-19,851.3139999999999,851.3139999999999,0.0,
£TME,March 2020,2019-20,886.7753262983651,886.7753262983651,0.0,
£TME,March 2020,2020-21,927.7056671260477,927.7056671260477,0.0,
£TME,March 2020,2021-22,977.4073644646671,977.4073644646671,0.0,
£TME,March 2020,2022-23,1010.6810303304283,1010.6810303304283,0.0,
£TME,March 2020,2023-24,1044.8936757450776,1044.8936757450776,0.0,
£TME,March 2020,2024-25,1080.184724201149,1080.184724201149,0.0,
£TME,November 2020,2019-20,883.653,883.653,0.0,
£TME,November 2020,2020-21,1164.5793248190737,1164.5793248190737,0.0,
£TME,November 2020,2021-22,1011.4940824445871,1011.4940824445871,0.0,
£TME,November 2020,2022-23,990.4850930389608,990.4850930389608,0.0,
£TME,November 2020,2023-24,1027.3871584368082,1027.3871584368082,0.0,
£TME,November 2020,2024-25,1063.9669277437927,1063.9669277437927,0.0,
£TME,November 2020,2025-26,1106.099682717918,1106.099682717918,0.0,
£TME,March 2021,2019-20,885.2279999999998,885.2279999999998,0.0,
£TME,March 2021,2020-21,1140.9483409529691,1140.9483409529691,0.0,
£TME,March 2021,2021-22,1053.2509458613313,1053.2509458613313,0.0,
£TME,March 2021,2022-23,992.3060850780184,992.3060850780184,0.0,
£TME,March 2021,2023-24,1030.0539858053535,1030.0539858053535,0.0,
£TME,March 2021,2024-25,1068.6642638546248,1068.6642638546248,0.0,
£TME,March 2021,2025-26,1111.4754774337785,1111.4754774337785,0.0,
£TME,October 2021,2020-21,1115.1959999999997,1115.1959999999997,0.0,
£TME,October 2021,2021-22,1044.9742451140341,1044.9742451140341,0.0,
£TME,October 2021,2022-23,1045.3824346898803,1045.3824346898803,0.0,
£TME,October 2021,2023-24,1081.355967254791,1081.355967254791,0.0,
£TME,October 2021,2024-25,1107.6085816152079,1107.6085816152079,0.0,
£TME,October 2021,2025-26,1148.310212913588,1148.310212913588,0.0,
£TME,October 2021,2026-27,1191.7442947158665,1191.7442947158665,0.0,
£TME,March 2022,2020-21,1114.9620000000002,1114.9620000000002,0.0,
£TME,March 2022,2021-22,1027.3203833458674,1027.3203833458674,0.0,
£TME,March 2022,2022-23,1086.609280154618,1086.609280154618,0.0,
£TME,March 2022,2023-24,1100.2893650170527,1100.2893650170527,0.0,
£TME,March 2022,2024-25,1126.9429035784217,1126.9429035784217,0.0,
£TME,March 2022,2025-26,1165.6513987373808,1165.6513987373808,0.0,
£TME,March 2022,2026-27,1206.1243251911528,1206.1243251911528,0.0,
£TME,November 2022,2021-22,1047.2760000000003,1047.2760000000003,0.0,
£TME,November 2022,2022-23,1181.8924172661254,1181.8924172661254,0.0,
£TME,November 2022,2023-24,1198.774140568105,1198.774140568105,0.0,
£TME,November 2022,2024-25,1180.341475702211,1180.341475702211,0.0,
£TME,November 2022,2025-26,1199.2011224013552,1199.2011224013552,0.0,
£TME,November 2022,2026-27,1239.7110506859497,1239.7110506859497,0.0,
£TME,November 2022,2027-28,1271.1492839423695,1271.1492839423695,0.0,
£TME,March 2023,2021-22,1040.071,1040.071,0.0,
£TME,March 2023,2022-23,1172.0231574309682,1172.0231574309682,0.0,
£TME,March 2023,2023-24,1189.1700272371033,1189.1700272371033,0.0,
£TME,March 2023,2024-25,1189.1400293920508,1189.1400293920508,0.0,
£TME,March 2023,2025-26,1213.614532690831,1213.614532690831,0.0,
£TME,March 2023,2026-27,1247.1652450520621,1247.1652450520621,0.0,
£TME,March 2023,2027-28,1279.539569758006,1279.539569758006,0.0,
£TME,November 2023,2022-23,1151.425,1151.425,0.0,
£TME,November 2023,2023-24,1222.332663097006,1222.332663097006,0.0,
£TME,November 2023,2024-25,1236.7565161151272,1236.7565161151272,0.0,
£TME,November 2023,2025-26,1264.5261694756418,1264.5261694756418,0.0,
£TME,November 2023,2026-27,1301.3093113061068,1301.3093113061068,0.0,
£TME,November 2023,2027-28,1333.5644369090749,1333.5644369090749,0.0,
£TME,November 2023,2028-29,1373.0372358330578,1373.0372358330578,0.0,
£TME,March 2024,2022-23,1157.412,1157.412,0.0,
£TME,March 2024,2023-24,1216.2739049695556,1216.2739049695556,0.0,
£TME,March 2024,2024-25,1226.3482059732546,1226.3482059732546,0.0,
£TME,March 2024,2025-26,1251.657174461426,1251.657174461426,0.0,
£TME,March 2024,2026-27,1290.2530429531496,1290.2530429531496,0.0,
£TME,March 2024,2027-28,1323.0616969261953,1323.0616969261953,0.0,
£TME,March 2024,2028-29,1361.6757700200976,1361.6757700200976,0.0,
£TME,October 2024,2023-24,1222.685,1222.685,0.0,
£TME,October 2024,2024-25,1276.179122710102,1276.179122710102,0.0,
£TME,October 2024,2025-26,1335.0561808124394,1335.0561808124394,0.0,
£TME,October 2024,2026-27,1378.9937093523713,1378.9937093523713,0.0,
£TME,October 2024,2027-28,1418.147176903324,1418.147176903324,0.0,
£TME,October 2024,2028-29,1461.6741989636578,1461.6741989636578,0.0,
£TME,March 2025,2023-24,1229.9359999999997,1229.9359999999997,0.0,
£TME,March 2025,2024-25,1278.5585649749064,1278.5585649749064,0.0,
£TME,March 2025,2025-26,1347.1860091384792,1347.1860091384792,0.0,
£TME,March 2025,2026-27,1389.4675834403672,1389.4675834403672,0.0,
£TME,March 2025,2027-28,1430.8197404448263,1430.8197404448263,0.0,
£TME,March 2025,2028-29,1471.4446599551075,1471.4446599551075,0.0,
£TME,November 2025,2024-25,1288.0529999999997,1288.0529999999997,0.0,
£TME,November 2025,2025-26,1369.7880458714735,1369.7880458714735,0.0,
£TME,November 2025,2026-27,1415.851642120837,1415.851642120837,0.0,
£TME,November 2025,2027-28,1468.7440634291795,1468.7440634291795,0.0,
£TME,November 2025,2028-29,1507.6386235057553,1507.6386235057553,0.0,
£TME,March 2026,2024-25,1291.7859999999998,1291.7859999999998,0.0,
£TME,March 2026,2025-26,1367.9883125951724,1367.9883125951724,0.0,
£TME,March 2026,2026-27,1419.2548755569867,1419.2548755569867,0.0,
£TME,March 2026,2027-28,1471.8749163531106,1471.8749163531106,0.0,
£TME,March 2026,2028-29,1513.4532390311035,1513.4532390311035,0.0,
PSCR,June 2010,2008-09,37.2,37.2,0.0,
PSCR,June 2010,2009-10,36.6,36.6,0.0,
PSCR,June 2010,2010-11,37.2,37.2,0.0,
PSCR,June 2010,2011-12,38.0,38.0,0.0,
PSCR,June 2010,2012-13,38.4,38.4,0.0,
PSCR,June 2010,2013-14,38.7,38.7,0.0,
PSCR,June 2010,2014-15,38.8,38.8,0.0,
PSCR,June 2010,2015-16,38.7,38.7,0.0,
PSCR,November 2010,2009-10,36.6,36.6,0.0,
PSCR,November 2010,2010-11,37.1,37.1,0.0,
PSCR,November 2010,2011-12,37.8,37.8,0.0,
PSCR,November 2010,2012-13,38.1,38.1,0.0,
PSCR,November 2010,2013-14,38.3,38.3,0.0,
PSCR,November 2010,2014-15,38.4,38.4,0.0,
PSCR,November 2010,2015-16,38.3,38.3,0.0,
PSCR,March 2011,2009-10,36.5,36.5,0.0,
PSCR,March 2011,2010-11,37.2,37.2,0.0,
PSCR,March 2011,2011-12,38.1,38.1,0.0,
PSCR,March 2011,2012-13,38.1,38.1,0.0,
PSCR,March 2011,2013-14,38.4,38.4,0.0,
PSCR,March 2011,2014-15,38.5,38.5,0.0,
PSCR,March 2011,2015-16,38.4,38.4,0.0,
PSCR,November 2011,2010-11,37.3,37.3,0.0,
PSCR,November 2011,2011-12,37.8,37.8,0.0,
PSCR,November 2011,2012-13,37.7,37.7,0.0,
PSCR,November 2011,2013-14,37.7,37.7,0.0,
PSCR,November 2011,2014-15,37.7,37.7,0.0,
PSCR,November 2011,2015-16,37.7,37.7,0.0,
PSCR,November 2011,2016-17,37.8,37.8,0.0,
PSCR,March 2012,2010-11,37.3,37.3,0.0,
PSCR,March 2012,2011-12,37.5,37.5,0.0,
PSCR,March 2012,2012-13,37.5,37.5,0.0,
PSCR,March 2012,2013-14,37.7,37.7,0.0,
PSCR,March 2012,2014-15,37.8,37.8,0.0,
PSCR,March 2012,2015-16,37.6,37.6,0.0,
PSCR,March 2012,2016-17,37.9,37.9,0.0,
PSCR,December 2012,2011-12,37.3,37.3,0.0,
PSCR,December 2012,2012-13,38.0,38.0,0.0,
PSCR,December 2012,2013-14,38.3,38.3,0.0,
PSCR,December 2012,2014-15,38.1,38.1,0.0,
PSCR,December 2012,2015-16,38.1,38.1,0.0,
PSCR,December 2012,2016-17,38.2,38.2,0.0,
PSCR,December 2012,2017-18,37.9,37.9,0.0,
PSCR,March 2013,2011-12,37.5,37.5,0.0,
PSCR,March 2013,2012-13,38.0,38.0,0.0,
PSCR,March 2013,2013-14,38.4,38.4,0.0,
PSCR,March 2013,2014-15,38.2,38.2,0.0,
PSCR,March 2013,2015-16,38.1,38.1,0.0,
PSCR,March 2013,2016-17,38.4,38.4,0.0,
PSCR,March 2013,2017-18,38.3,38.3,0.0,
PSCR,December 2013,2012-13,37.8,37.8,0.0,
PSCR,December 2013,2013-14,37.7,37.7,0.0,
PSCR,December 2013,2014-15,37.8,37.8,0.0,
PSCR,December 2013,2015-16,37.9,37.9,0.0,
PSCR,December 2013,2016-17,38.1,38.1,0.0,
PSCR,December 2013,2017-18,38.2,38.2,0.0,
PSCR,December 2013,2018-19,38.3,38.3,0.0,
PSCR,March 2014,2012-13,37.8,37.8,0.0,
PSCR,March 2014,2013-14,37.7,37.7,0.0,
PSCR,March 2014,2014-15,37.7,37.7,0.0,
PSCR,March 2014,2015-16,37.8,37.8,0.0,
PSCR,March 2014,2016-17,38.0,38.0,0.0,
PSCR,March 2014,2017-18,38.0,38.0,0.0,
PSCR,March 2014,2018-19,38.1,38.1,0.0,
PSCR,December 2014,2013-14,35.9,35.9,0.0,
PSCR,December 2014,2014-15,35.5,35.5,0.0,
PSCR,December 2014,2015-16,35.5,35.5,0.0,
PSCR,December 2014,2016-17,36.1,36.1,0.0,
PSCR,December 2014,2017-18,36.2,36.2,0.0,
PSCR,December 2014,2018-19,36.2,36.2,0.0,
PSCR,December 2014,2019-20,36.2,36.2,0.0,
PSCR,March 2015,2013-14,36.1,36.1,0.0,
PSCR,March 2015,2014-15,35.8,35.8,0.0,
PSCR,March 2015,2015-16,35.5,35.5,0.0,
PSCR,March 2015,2016-17,36.1,36.1,0.0,
PSCR,March 2015,2017-18,36.2,36.2,0.0,
PSCR,March 2015,2018-19,36.2,36.2,0.0,
PSCR,March 2015,2019-20,36.3,36.3,0.0,
PSCR,July 2015,2014-15,35.7,35.7,0.0,
PSCR,July 2015,2015-16,35.9,35.9,0.0,
PSCR,July 2015,2016-17,36.5,36.5,0.0,
PSCR,July 2015,2017-18,36.6,36.6,0.0,
PSCR,July 2015,2018-19,36.7,36.7,0.0,
PSCR,July 2015,2019-20,36.7,36.7,0.0,
PSCR,July 2015,2020-21,36.8,36.8,0.0,
PSCR,November 2015,2014-15,35.8,35.8,0.0,
PSCR,November 2015,2015-16,35.8,35.8,0.0,
PSCR,November 2015,2016-17,36.5,36.5,0.0,
PSCR,November 2015,2017-18,36.9,36.9,0.0,
PSCR,November 2015,2018-19,36.9,36.9,0.0,
PSCR,November 2015,2019-20,36.9,36.9,0.0,
PSCR,November 2015,2020-21,37.1,37.1,0.0,
PSCR,March 2016,2014-15,35.746039015255846,35.746039015255846,0.0,
PSCR,March 2016,2015-16,36.34947090016783,36.34947090016783,0.0,
PSCR,March 2016,2016-17,36.87755840200578,36.87755840200578,0.0,
PSCR,March 2016,2017-18,36.904393567209866,36.904393567209866,0.0,
PSCR,March 2016,2018-19,37.0081500806918,37.0081500806918,0.0,
PSCR,March 2016,2019-20,37.49532873742979,37.49532873742979,0.0,
PSCR,March 2016,2020-21,37.35141951222031,37.35141951222031,0.0,
PSCR,November 2016,2015-16,36.108613632851146,36.108613632851146,0.0,
PSCR,November 2016,2016-17,36.41802961294398,36.41802961294398,0.0,
PSCR,November 2016,2017-18,36.87500247932466,36.87500247932466,0.0,
PSCR,November 2016,2018-19,36.86232131972649,36.86232131972649,0.0,
PSCR,November 2016,2019-20,37.00450353428613,37.00450353428613,0.0,
PSCR,November 2016,2020-21,37.046825150028255,37.046825150028255,0.0,
PSCR,November 2016,2021-22,37.05046553799661,37.05046553799661,0.0,
PSCR,March 2017,2015-16,36.179627315651686,36.179627315651686,0.0,
PSCR,March 2017,2016-17,36.70860635373013,36.70860635373013,0.0,
PSCR,March 2017,2017-18,36.681273119085,36.681273119085,0.0,
PSCR,March 2017,2018-19,37.054854355029434,37.054854355029434,0.0,
PSCR,March 2017,2019-20,37.207707316500546,37.207707316500546,0.0,
PSCR,March 2017,2020-21,37.08714924992497,37.08714924992497,0.0,
PSCR,March 2017,2021-22,37.15757114969735,37.15757114969735,0.0,
PSCR,November 2017,2016-17,36.67872713808131,36.67872713808131,0.0,
PSCR,November 2017,2017-18,36.48414904298785,36.48414904298785,0.0,
PSCR,November 2017,2018-19,36.6491261767551,36.6491261767551,0.0,
PSCR,November 2017,2019-20,36.702772579702234,36.702772579702234,0.0,
PSCR,November 2017,2020-21,36.74172998267331,36.74172998267331,0.0,
PSCR,November 2017,2021-22,36.611523875196845,36.611523875196845,0.0,
PSCR,November 2017,2022-23,36.672652252479764,36.672652252479764,0.0,
PSCR,March 2018,2016-17,36.564947863172726,36.564947863172726,0.0,
PSCR,March 2018,2017-18,36.61764839633432,36.61764839633432,0.0,
PSCR,March 2018,2018-19,36.66323606576166,36.66323606576166,0.0,
PSCR,March 2018,2019-20,36.75354194913899,36.75354194913899,0.0,
PSCR,March 2018,2020-21,36.803315878087595,36.803315878087595,0.0,
PSCR,March 2018,2021-22,36.654211505157406,36.654211505157406,0.0,
PSCR,March 2018,2022-23,36.69428270348515,36.69428270348515,0.0,
PSCR,October 2018,2017-18,36.59473736064324,36.59473736064324,0.0,
PSCR,October 2018,2018-19,37.029979057064,37.029979057064,0.0,
PSCR,October 2018,2019-20,36.84213317135902,36.84213317135902,0.0,
PSCR,October 2018,2020-21,36.974157118235674,36.974157118235674,0.0,
PSCR,October 2018,2021-22,36.99760933956692,36.99760933956692,0.0,
PSCR,October 2018,2022-23,37.04200493776746,37.04200493776746,0.0,
PSCR,October 2018,2023-24,37.157069000999,37.157069000999,0.0,
PSCR,March 2019,2017-18,36.43871599631808,36.43871599631808,0.0,
PSCR,March 2019,2018-19,37.03291100766273,37.03291100766273,0.0,
PSCR,March 2019,2019-20,36.8840649405846,36.8840649405846,0.0,
PSCR,March 2019,2020-21,37.103583933471214,37.103583933471214,0.0,
PSCR,March 2019,2021-22,37.11085696788246,37.11085696788246,0.0,
PSCR,March 2019,2022-23,37.15488567128907,37.15488567128907,0.0,
PSCR,March 2019,2023-24,37.2328229594861,37.2328229594861,0.0,
PSCR,March 2020,2018-19,37.50740024667369,37.50740024667369,0.0,
PSCR,March 2020,2019-20,37.66038836809032,37.66038836809032,0.0,
PSCR,March 2020,2020-21,37.87951299541653,37.87951299541653,0.0,
PSCR,March 2020,2021-22,38.04529277633672,38.04529277633672,0.0,
PSCR,March 2020,2022-23,38.30344115153665,38.30344115153665,0.0,
PSCR,March 2020,2023-24,38.438613435327426,38.438613435327426,0.0,
PSCR,March 2020,2024-25,38.51516782228928,38.51516782228928,0.0,
PSCR,November 2020,2019-20,37.31403781193585,37.31403781193585,0.0,
PSCR,November 2020,2020-21,37.25716706379121,37.25716706379121,0.0,
PSCR,November 2020,2021-22,38.17738691322853,38.17738691322853,0.0,
PSCR,November 2020,2022-23,37.682727805063195,37.682727805063195,0.0,
PSCR,November 2020,2023-24,37.97828313784545,37.97828313784545,0.0,
PSCR,November 2020,2024-25,38.033410072667586,38.033410072667586,0.0,
PSCR,November 2020,2025-26,38.08362801144032,38.08362801144032,0.0,
PSCR,March 2021,2019-20,37.23572839808775,37.23572839808775,0.0,
PSCR,March 2021,2020-21,37.50326352691752,37.50326352691752,0.0,
PSCR,March 2021,2021-22,36.18158366040439,36.18158366040439,0.0,
PSCR,March 2021,2022-23,37.28072216017474,37.28072216017474,0.0,
PSCR,March 2021,2023-24,38.41532820389675,38.41532820389675,0.0,
PSCR,March 2021,2024-25,38.96276884425237,38.96276884425237,0.0,
PSCR,March 2021,2025-26,39.13471610050921,39.13471610050921,0.0,
PSCR,October 2021,2020-21,37.89149884145932,37.89149884145932,0.0,
PSCR,October 2021,2021-22,37.19627030664592,37.19627030664592,0.0,
PSCR,October 2021,2022-23,38.79654867676929,38.79654867676929,0.0,
PSCR,October 2021,2023-24,39.55763482894102,39.55763482894102,0.0,
PSCR,October 2021,2024-25,39.848202326761594,39.848202326761594,0.0,
PSCR,October 2021,2025-26,39.91174509617198,39.91174509617198,0.0,
PSCR,October 2021,2026-27,40.045904739596885,40.045904739596885,0.0,
PSCR,March 2022,2020-21,37.02604795745001,37.02604795745001,0.0,
PSCR,March 2022,2021-22,38.043047125370045,38.043047125370045,0.0,
PSCR,March 2022,2022-23,39.29174109455304,39.29174109455304,0.0,
PSCR,March 2022,2023-24,40.056501998417616,40.056501998417616,0.0,
PSCR,March 2022,2024-25,39.998275088924316,39.998275088924316,0.0,
PSCR,March 2022,2025-26,40.012583397393,40.012583397393,0.0,
PSCR,March 2022,2026-27,40.07107033389817,40.07107033389817,0.0,
PSCR,November 2022,2021-22,39.017240632100126,39.017240632100126,0.0,
PSCR,November 2022,2022-23,40.24135252527513,40.24135252527513,0.0,
PSCR,November 2022,2023-24,41.64972671365683,41.64972671365683,0.0,
PSCR,November 2022,2024-25,41.70505646940381,41.70505646940381,0.0,
PSCR,November 2022,2025-26,41.363066844995885,41.363066844995885,0.0,
PSCR,November 2022,2026-27,41.16096922240114,41.16096922240114,0.0,
PSCR,November 2022,2027-28,41.05862503488337,41.05862503488337,0.0,
PSCR,March 2023,2021-22,39.255590096825365,39.255590096825365,0.0,
PSCR,March 2023,2022-23,40.714207958469224,40.714207958469224,0.0,
PSCR,March 2023,2023-24,41.10025195284492,41.10025195284492,0.0,
PSCR,March 2023,2024-25,41.35856345294036,41.35856345294036,0.0,
PSCR,March 2023,2025-26,41.20412253197388,41.20412253197388,0.0,
PSCR,March 2023,2026-27,41.53842047902802,41.53842047902802,0.0,
PSCR,March 2023,2027-28,41.707367765568016,41.707367765568016,0.0,
PSCR,November 2023,2022-23,40.08888711266165,40.08888711266165,0.0,
PSCR,November 2023,2023-24,40.28699927259288,40.28699927259288,0.0,
PSCR,November 2023,2024-25,41.18026370121919,41.18026370121919,0.0,
PSCR,November 2023,2025-26,41.13877923132134,41.13877923132134,0.0,
PSCR,November 2023,2026-27,41.16466667007925,41.16466667007925,0.0,
PSCR,November 2023,2027-28,41.35824196010503,41.35824196010503,0.0,
PSCR,November 2023,2028-29,41.57768971700115,41.57768971700115,0.0,
PSCR,March 2024,2022-23,40.29868812733497,40.29868812733497,0.0,
PSCR,March 2024,2023-24,40.35112852070284,40.35112852070284,0.0,
PSCR,March 2024,2024-25,40.89301725634205,40.89301725634205,0.0,
PSCR,March 2024,2025-26,40.83999008302449,40.83999008302449,0.0,
PSCR,March 2024,2026-27,40.92667066591012,40.92667066591012,0.0,
PSCR,March 2024,2027-28,41.121457115861084,41.121457115861084,0.0,
PSCR,March 2024,2028-29,41.22372827316511,41.22372827316511,0.0,
PSCR,October 2024,2023-24,40.466945952463576,40.466945952463576,0.0,
PSCR,October 2024,2024-25,40.81062257034983,40.81062257034983,0.0,
PSCR,October 2024,2025-26,41.67703325806012,41.67703325806012,0.0,
PSCR,October 2024,2026-27,42.18263850926848,42.18263850926848,0.0,
PSCR,October 2024,2027-28,42.495645530764264,42.495645530764264,0.0,
PSCR,October 2024,2028-29,42.3832429765679,42.3832429765679,0.0,
PSCR,October 2024,2029-30,42.38430303399679,42.38430303399679,0.0,
PSCR,March 2025,2023-24,39.92677493906089,39.92677493906089,0.0,
PSCR,March 2025,2024-25,39.674182300429,39.674182300429,0.0,
PSCR,March 2025,2025-26,41.067447936937896,41.067447936937896,0.0,
PSCR,March 2025,2026-27,41.66987670456142,41.66987670456142,0.0,
PSCR,March 2025,2027-28,41.94911472040532,41.94911472040532,0.0,
PSCR,March 2025,2028-29,41.743448031412804,41.743448031412804,0.0,
PSCR,March 2025,2029-30,41.714841219438206,41.714841219438206,0.0,
PSCR,November 2025,2024-25,38.902213940190336,38.902213940190336,0.0,
PSCR,November 2025,2025-26,40.47175340366314,40.47175340366314,0.0,
PSCR,November 2025,2026-27,41.193637835164196,41.193637835164196,0.0,
PSCR,November 2025,2027-28,41.80872585519365,41.80872585519365,0.0,
PSCR,November 2025,2028-29,41.92835372838798,41.92835372838798,0.0,
PSCR,November 2025,2029-30,42.331509565108846,42.331509565108846,0.0,
PSCR,November 2025,2030-31,42.43316333047848,42.43316333047848,0.0,
PSCR,March 2026,2024-25,38.82194435554483,38.82194435554483,0.0,
PSCR,March 2026,2025-26,40.43824074856087,40.43824074856087,0.0,
PSCR,March 2026,2026-27,41.20616089759874,41.20616089759874,0.0,
PSCR,March 2026,2027-28,41.971436782136514,41.971436782136514,0.0,
PSCR,March 2026,2028-29,42.097055921251126,42.097055921251126,0.0,
PSCR,March 2026,2029-30,42.54579890650238,42.54579890650238,0.0,
PSCR,March 2026,2030-31,42.71906802058648,42.71906802058648,0.0,
TME,June 2010,2008-09,43.9,43.9,0.0,
TME,June 2010,2009-10,47.5,47.5,0.0,
TME,June 2010,2010-11,47.3,47.3,0.0,
TME,June 2010,2011-12,45.5,45.5,0.0,
TME,June 2010,2012-13,43.9,43.9,0.0,
TME,June 2010,2013-14,42.2,42.2,0.0,
TME,June 2010,2014-15,40.9,40.9,0.0,
TME,June 2010,2015-16,39.8,39.8,0.0,
TME,November 2010,2009-10,47.7,47.7,0.0,
TME,November 2010,2010-11,47.1,47.1,0.0,
TME,November 2010,2011-12,45.4,45.4,0.0,
TME,November 2010,2012-13,43.7,43.7,0.0,
TME,November 2010,2013-14,41.8,41.8,0.0,
TME,November 2010,2014-15,40.4,40.4,0.0,
TME,November 2010,2015-16,39.3,39.3,0.0,
TME,March 2011,2009-10,47.7,47.7,0.0,
TME,March 2011,2010-11,47.1,47.1,0.0,
TME,March 2011,2011-12,46.0,46.0,0.0,
TME,March 2011,2012-13,44.3,44.3,0.0,
TME,March 2011,2013-14,42.5,42.5,0.0,
TME,March 2011,2014-15,41.0,41.0,0.0,
TME,March 2011,2015-16,39.9,39.9,0.0,
TME,November 2011,2010-11,46.6,46.6,0.0,
TME,November 2011,2011-12,46.2,46.2,0.0,
TME,November 2011,2012-13,45.3,45.3,0.0,
TME,November 2011,2013-14,43.7,43.7,0.0,
TME,November 2011,2014-15,42.2,42.2,0.0,
TME,November 2011,2015-16,40.5,40.5,0.0,
TME,November 2011,2016-17,39.0,39.0,0.0,
TME,March 2012,2010-11,46.5,46.5,0.0,
TME,March 2012,2011-12,45.8,45.8,0.0,
TME,March 2012,2012-13,43.4,43.4,0.0,
TME,March 2012,2013-14,43.6,43.6,0.0,
TME,March 2012,2014-15,42.2,42.2,0.0,
TME,March 2012,2015-16,40.5,40.5,0.0,
TME,March 2012,2016-17,39.0,39.0,0.0,
TME,December 2012,2011-12,45.2,45.2,0.0,
TME,December 2012,2012-13,43.1,43.1,0.0,
TME,December 2012,2013-14,44.4,44.4,0.0,
TME,December 2012,2014-15,43.3,43.3,0.0,
TME,December 2012,2015-16,42.2,42.2,0.0,
TME,December 2012,2016-17,40.9,40.9,0.0,
TME,December 2012,2017-18,39.5,39.5,0.0,
TME,March 2013,2011-12,45.5,45.5,0.0,
TME,March 2013,2012-13,43.6,43.6,0.0,
TME,March 2013,2013-14,45.2,45.2,0.0,
TME,March 2013,2014-15,44.0,44.0,0.0,
TME,March 2013,2015-16,43.1,43.1,0.0,
TME,March 2013,2016-17,41.8,41.8,0.0,
TME,March 2013,2017-18,40.5,40.5,0.0,
TME,December 2013,2012-13,42.9,42.9,0.0,
TME,December 2013,2013-14,43.7,43.7,0.0,
TME,December 2013,2014-15,42.7,42.7,0.0,
TME,December 2013,2015-16,41.9,41.9,0.0,
TME,December 2013,2016-17,40.7,40.7,0.0,
TME,December 2013,2017-18,39.5,39.5,0.0,
TME,December 2013,2018-19,38.4,38.4,0.0,
TME,March 2014,2012-13,42.9,42.9,0.0,
TME,March 2014,2013-14,43.5,43.5,0.0,
TME,March 2014,2014-15,42.5,42.5,0.0,
TME,March 2014,2015-16,41.6,41.6,0.0,
TME,March 2014,2016-17,40.2,40.2,0.0,
TME,March 2014,2017-18,38.9,38.9,0.0,
TME,March 2014,2018-19,38.0,38.0,0.0,
TME,December 2014,2013-14,41.5,41.5,0.0,
TME,December 2014,2014-15,40.5,40.5,0.0,
TME,December 2014,2015-16,39.5,39.5,0.0,
TME,December 2014,2016-17,38.2,38.2,0.0,
TME,December 2014,2017-18,36.9,36.9,0.0,
TME,December 2014,2018-19,36.0,36.0,0.0,
TME,December 2014,2019-20,35.2,35.2,0.0,
TME,March 2015,2013-14,41.7,41.7,0.0,
TME,March 2015,2014-15,40.7,40.7,0.0,
TME,March 2015,2015-16,39.6,39.6,0.0,
TME,March 2015,2016-17,38.1,38.1,0.0,
TME,March 2015,2017-18,36.8,36.8,0.0,
TME,March 2015,2018-19,36.0,36.0,0.0,
TME,March 2015,2019-20,36.0,36.0,0.0,
TME,July 2015,2014-15,40.7,40.7,0.0,
TME,July 2015,2015-16,39.6,39.6,0.0,
TME,July 2015,2016-17,38.7,38.7,0.0,
TME,July 2015,2017-18,37.8,37.8,0.0,
TME,July 2015,2018-19,37.0,37.0,0.0,
TME,July 2015,2019-20,36.3,36.3,0.0,
TME,July 2015,2020-21,36.3,36.3,0.0,
TME,November 2015,2014-15,40.9,40.9,0.0,
TME,November 2015,2015-16,39.7,39.7,0.0,
TME,November 2015,2016-17,39.1,39.1,0.0,
TME,November 2015,2017-18,38.1,38.1,0.0,
TME,November 2015,2018-19,37.2,37.2,0.0,
TME,November 2015,2019-20,36.5,36.5,0.0,
TME,November 2015,2020-21,36.4,36.4,0.0,
TME,March 2016,2014-15,40.76020027162877,40.76020027162877,0.0,
TME,March 2016,2015-16,40.196856793761526,40.196856793761526,0.0,
TME,March 2016,2016-17,39.73378574422612,39.73378574422612,0.0,
TME,March 2016,2017-18,38.82352899999119,38.82352899999119,0.0,
TME,March 2016,2018-19,38.025961149393446,38.025961149393446,0.0,
TME,March 2016,2019-20,37.0182531174035,37.0182531174035,0.0,
TME,March 2016,2020-21,36.867409044137936,36.867409044137936,0.0,
TME,November 2016,2015-16,40.14739754202858,40.14739754202858,0.0,
TME,November 2016,2016-17,39.9123040381085,39.9123040381085,0.0,
TME,November 2016,2017-18,39.82144343905899,39.82144343905899,0.0,
TME,November 2016,2018-19,39.09511012257846,39.09511012257846,0.0,
TME,November 2016,2019-20,38.017158313574264,38.017158313574264,0.0,
TME,November 2016,2020-21,37.96731480660645,37.96731480660645,0.0,
TME,November 2016,2021-22,37.784463541829425,37.784463541829425,0.0,
TME,March 2017,2015-16,39.979393513888425,39.979393513888425,0.0,
TME,March 2017,2016-17,39.3430355203441,39.3430355203441,0.0,
TME,March 2017,2017-18,39.55280324668073,39.55280324668073,0.0,
TME,March 2017,2018-19,39.002801558391745,39.002801558391745,0.0,
TME,March 2017,2019-20,38.19308260586897,38.19308260586897,0.0,
TME,March 2017,2020-21,38.00195531715129,38.00195531715129,0.0,
TME,March 2017,2021-22,37.87558931528325,37.87558931528325,0.0,
TME,November 2017,2016-17,38.984354574462394,38.984354574462394,0.0,
TME,November 2017,2017-18,38.925530546108384,38.925530546108384,0.0,
TME,November 2017,2018-19,38.52959178947854,38.52959178947854,0.0,
TME,November 2017,2019-20,38.31279465421545,38.31279465421545,0.0,
TME,November 2017,2020-21,38.21505119112377,38.21505119112377,0.0,
TME,November 2017,2021-22,37.91960486808654,37.91960486808654,0.0,
TME,November 2017,2022-23,37.74863506360205,37.74863506360205,0.0,
TME,March 2018,2016-17,38.867772014257916,38.867772014257916,0.0,
TME,March 2018,2017-18,38.81600441459241,38.81600441459241,0.0,
TME,March 2018,2018-19,38.414374511234804,38.414374511234804,0.0,
TME,March 2018,2019-20,38.3109445181892,38.3109445181892,0.0,
TME,March 2018,2020-21,38.085358231369675,38.085358231369675,0.0,
TME,March 2018,2021-22,37.77847819927976,37.77847819927976,0.0,
TME,March 2018,2022-23,37.589564996400696,37.589564996400696,0.0,
TME,October 2018,2017-18,38.5267968292348,38.5267968292348,0.0,
TME,October 2018,2018-19,38.22828775465118,38.22828775465118,0.0,
TME,October 2018,2019-20,38.286808083053586,38.286808083053586,0.0,
TME,October 2018,2020-21,38.146951337664625,38.146951337664625,0.0,
TME,October 2018,2021-22,38.01095608928894,38.01095608928894,0.0,
TME,October 2018,2022-23,37.897634157959104,37.897634157959104,0.0,
TME,October 2018,2023-24,37.941696002395545,37.941696002395545,0.0,
TME,March 2019,2017-18,38.4661534233638,38.4661534233638,0.0,
TME,March 2019,2018-19,38.104066934381855,38.104066934381855,0.0,
TME,March 2019,2019-20,38.217625553190246,38.217625553190246,0.0,
TME,March 2019,2020-21,38.03362301452879,38.03362301452879,0.0,
TME,March 2019,2021-22,37.85951175008086,37.85951175008086,0.0,
TME,March 2019,2022-23,37.745697220613984,37.745697220613984,0.0,
TME,March 2019,2023-24,37.76492795731923,37.76492795731923,0.0,
TME,March 2020,2018-19,39.27958920675728,39.27958920675728,0.0,
TME,March 2020,2019-20,39.78938406836214,39.78938406836214,0.0,
TME,March 2020,2020-21,40.25688134376475,40.25688134376475,0.0,
TME,March 2020,2021-22,40.82962940996729,40.82962940996729,0.0,
TME,March 2020,2022-23,40.78462014678011,40.78462014678011,0.0,
TME,March 2020,2023-24,40.79002159620823,40.79002159620823,0.0,
TME,March 2020,2024-25,40.69752706298229,40.69752706298229,0.0,
TME,November 2020,2019-20,39.84144632548275,39.84144632548275,0.0,
TME,November 2020,2020-21,56.27380220028161,56.27380220028161,0.0,
TME,November 2020,2021-22,45.57741987796819,45.57741987796819,0.0,
TME,November 2020,2022-23,42.13198065513644,42.13198065513644,0.0,
TME,November 2020,2023-24,42.09137541857304,42.09137541857304,0.0,
TME,November 2020,2024-25,41.960379781201894,41.960379781201894,0.0,
TME,November 2020,2025-26,41.94528933152417,41.94528933152417,0.0,
TME,March 2021,2019-20,39.80203922795838,39.80203922795838,0.0,
TME,March 2021,2020-21,54.41724897105041,54.41724897105041,0.0,
TME,March 2021,2021-22,46.512284496313164,46.512284496313164,0.0,
TME,March 2021,2022-23,41.782790084882464,41.782790084882464,0.0,
TME,March 2021,2023-24,41.88558354562837,41.88558354562837,0.0,
TME,March 2021,2024-25,41.87997573972295,41.87997573972295,0.0,
TME,March 2021,2025-26,41.91308466555567,41.91308466555567,0.0,
TME,October 2021,2020-21,53.135921622328596,53.135921622328596,0.0,
TME,October 2021,2021-22,45.09283668287134,45.09283668287134,0.0,
TME,October 2021,2022-23,42.142604261842486,42.142604261842486,0.0,
TME,October 2021,2023-24,41.94651396934022,41.94651396934022,0.0,
TME,October 2021,2024-25,41.58746025381683,41.58746025381683,0.0,
TME,October 2021,2025-26,41.5912385765394,41.5912385765394,0.0,
TME,October 2021,2026-27,41.57951551976223,41.57951551976223,0.0,
TME,March 2022,2020-21,52.05585620328529,52.05585620328529,0.0,
TME,March 2022,2021-22,43.4494832389994,43.4494832389994,0.0,
TME,March 2022,2022-23,43.23658591174295,43.23658591174295,0.0,
TME,March 2022,2023-24,41.97120420795333,41.97120420795333,0.0,
TME,March 2022,2024-25,41.338005878501434,41.338005878501434,0.0,
TME,March 2022,2025-26,41.244886897600495,41.244886897600495,0.0,
TME,March 2022,2026-27,41.14744156257303,41.14744156257303,0.0,
TME,November 2022,2021-22,44.706398629877356,44.706398629877356,0.0,
TME,November 2022,2022-23,47.33099187920377,47.33099187920377,0.0,
TME,November 2022,2023-24,47.158253471769775,47.158253471769775,0.0,
TME,November 2022,2024-25,44.91381292320277,44.91381292320277,0.0,
TME,November 2022,2025-26,44.19785262255888,44.19785262255888,0.0,
TME,November 2022,2026-27,44.01347259828201,44.01347259828201,0.0,
TME,November 2022,2027-28,43.422417493336056,43.422417493336056,0.0,
TME,March 2023,2021-22,44.49012450823589,44.49012450823589,0.0,
TME,March 2023,2022-23,46.79837133078309,46.79837133078309,0.0,
TME,March 2023,2023-24,46.21311161406626,46.21311161406626,0.0,
TME,March 2023,2024-25,44.55852752411026,44.55852752411026,0.0,
TME,March 2023,2025-26,43.98328114935588,43.98328114935588,0.0,
TME,March 2023,2026-27,43.765331838095314,43.765331838095314,0.0,
TME,March 2023,2027-28,43.377255935479326,43.377255935479326,0.0,
TME,November 2023,2022-23,45.11453922967637,45.11453922967637,0.0,
TME,November 2023,2023-24,44.831658605414326,44.831658605414326,0.0,
TME,November 2023,2024-25,44.202890035277505,44.202890035277505,0.0,
TME,November 2023,2025-26,43.80018331504596,43.80018331504596,0.0,
TME,November 2023,2026-27,43.44861887740606,43.44861887740606,0.0,
TME,November 2023,2027-28,42.937820521168554,42.937820521168554,0.0,
TME,November 2023,2028-29,42.665394648624435,42.665394648624435,0.0,
TME,March 2024,2022-23,45.339579114864954,45.339579114864954,0.0,
TME,March 2024,2023-24,44.5277765968249,44.5277765968249,0.0,
TME,March 2024,2024-25,44.02434057722735,44.02434057722735,0.0,
TME,March 2024,2025-26,43.5349694209201,43.5349694209201,0.0,
TME,March 2024,2026-27,43.22698903841959,43.22698903841959,0.0,
TME,March 2024,2027-28,42.75539825106167,42.75539825106167,0.0,
TME,March 2024,2028-29,42.45319235327342,42.45319235327342,0.0,
TME,October 2024,2023-24,44.94715969579512,44.94715969579512,0.0,
TME,October 2024,2024-25,45.340160349770095,45.340160349770095,0.0,
TME,October 2024,2025-26,45.25587722869988,45.25587722869988,0.0,
TME,October 2024,2026-27,45.07404790859161,45.07404790859161,0.0,
TME,October 2024,2027-28,44.77415121129624,44.77415121129624,0.0,
TME,October 2024,2028-29,44.576156405478464,44.576156405478464,0.0,
TME,March 2025,2023-24,44.70028715068814,44.70028715068814,0.0,
TME,March 2025,2024-25,44.44834977447001,44.44834977447001,0.0,
TME,March 2025,2025-26,44.998420923426444,44.998420923426444,0.0,
TME,March 2025,2026-27,44.802800066288384,44.802800066288384,0.0,
TME,March 2025,2027-28,44.43889190270928,44.43889190270928,0.0,
TME,March 2025,2028-29,44.06190343870213,44.06190343870213,0.0,
TME,November 2025,2024-25,44.008646933290684,44.008646933290684,0.0,
TME,November 2025,2025-26,45.01576379248592,45.01576379248592,0.0,
TME,November 2025,2026-27,44.73542537292964,44.73542537292964,0.0,
TME,November 2025,2027-28,44.81309608254232,44.81309608254232,0.0,
TME,November 2025,2028-29,44.494141660839134,44.494141660839134,0.0,
TME,March 2026,2024-25,44.02783756489813,44.02783756489813,0.0,
TME,March 2026,2025-26,44.78356265430481,44.78356265430481,0.0,
TME,March 2026,2026-27,44.8552987258462,44.8552987258462,0.0,
TME,March 2026,2027-28,44.915199916265784,44.915199916265784,0.0,
TME,March 2026,2028-29,44.63377272126901,44.63377272126901,0.0,
£PSNB,June 2010,2008-09,96.1,96.1,0.0,
£PSNB,June 2010,2009-10,154.7,154.7,0.0,
£PSNB,June 2010,2010-11,149.1,149.1,0.0,
£PSNB,June 2010,2011-12,116.0,116.0,0.0,
£PSNB,June 2010,2012-13,89.0,89.0,0.0,
£PSNB,June 2010,2013-14,60.0,60.0,0.0,
£PSNB,June 2010,2014-15,37.0,37.0,0.0,
£PSNB,June 2010,2015-16,20.0,20.0,0.0,
£PSNB,November 2010,2009-10,156.0,156.0,0.0,
£PSNB,November 2010,2010-11,148.5,148.5,0.0,
£PSNB,November 2010,2011-12,117.0,117.0,0.0,
£PSNB,November 2010,2012-13,91.0,91.0,0.0,
£PSNB,November 2010,2013-14,60.0,60.0,0.0,
£PSNB,November 2010,2014-15,35.0,35.0,0.0,
£PSNB,November 2010,2015-16,18.0,18.0,0.0,
£PSNB,March 2011,2009-10,156.4,156.4,0.0,
£PSNB,March 2011,2010-11,145.9,145.9,0.0,
£PSNB,March 2011,2011-12,122.0,122.0,0.0,
£PSNB,March 2011,2012-13,101.0,101.0,0.0,
£PSNB,March 2011,2013-14,70.0,70.0,0.0,
£PSNB,March 2011,2014-15,46.0,46.0,0.0,
£PSNB,March 2011,2015-16,29.0,29.0,0.0,
£PSNB,November 2011,2010-11,137.1,137.1,0.0,
£PSNB,November 2011,2011-12,127.0,127.0,0.0,
£PSNB,November 2011,2012-13,120.0,120.0,0.0,
£PSNB,November 2011,2013-14,100.0,100.0,0.0,
£PSNB,November 2011,2014-15,79.0,79.0,0.0,
£PSNB,November 2011,2015-16,53.0,53.0,0.0,
£PSNB,November 2011,2016-17,24.0,24.0,0.0,
£PSNB,March 2012,2010-11,136.8,136.8,0.0,
£PSNB,March 2012,2011-12,126.0,126.0,0.0,
£PSNB,March 2012,2012-13,92.0,92.0,0.0,
£PSNB,March 2012,2013-14,98.0,98.0,0.0,
£PSNB,March 2012,2014-15,75.0,75.0,0.0,
£PSNB,March 2012,2015-16,52.0,52.0,0.0,
£PSNB,March 2012,2016-17,21.0,21.0,0.0,
£PSNB,December 2012,2011-12,121.4,121.4,0.0,
£PSNB,December 2012,2012-13,80.5,80.5,0.0,
£PSNB,December 2012,2013-14,99.3,99.3,0.0,
£PSNB,December 2012,2014-15,87.9,87.9,0.0,
£PSNB,December 2012,2015-16,73.3,73.3,0.0,
£PSNB,December 2012,2016-17,49.0,49.0,0.0,
£PSNB,December 2012,2017-18,31.2,31.2,0.0,
£PSNB,March 2013,2011-12,121.0,121.0,0.0,
£PSNB,March 2013,2012-13,86.5,86.5,0.0,
£PSNB,March 2013,2013-14,107.7,107.7,0.0,
£PSNB,March 2013,2014-15,97.3,97.3,0.0,
£PSNB,March 2013,2015-16,87.1,87.1,0.0,
£PSNB,March 2013,2016-17,60.8,60.8,0.0,
£PSNB,March 2013,2017-18,42.0,42.0,0.0,
£PSNB,December 2013,2012-13,80.6,80.6,0.0,
£PSNB,December 2013,2013-14,99.0,99.0,0.0,
£PSNB,December 2013,2014-15,83.9,83.9,0.0,
£PSNB,December 2013,2015-16,71.5,71.5,0.0,
£PSNB,December 2013,2016-17,47.8,47.8,0.0,
£PSNB,December 2013,2017-18,24.8,24.8,0.0,
£PSNB,December 2013,2018-19,1.9,1.9,0.0,
£PSNB,March 2014,2012-13,80.3,80.3,0.0,
£PSNB,March 2014,2013-14,95.6,95.6,0.0,
£PSNB,March 2014,2014-15,83.9,83.9,0.0,
£PSNB,March 2014,2015-16,68.3,68.3,0.0,
£PSNB,March 2014,2016-17,41.5,41.5,0.0,
£PSNB,March 2014,2017-18,17.8,17.8,0.0,
£PSNB,March 2014,2018-19,-1.1,-1.1,0.0,
£PSNB,December 2014,2013-14,97.5,97.5,0.0,
£PSNB,December 2014,2014-15,91.3,91.3,0.0,
£PSNB,December 2014,2015-16,75.9,75.9,0.0,
£PSNB,December 2014,2016-17,40.9,40.9,0.0,
£PSNB,December 2014,2017-18,14.5,14.5,0.0,
£PSNB,December 2014,2018-19,-4.0,-4.0,0.0,
£PSNB,December 2014,2019-20,-23.1,-23.1,0.0,
£PSNB,March 2015,2013-14,97.3,97.3,0.0,
£PSNB,March 2015,2014-15,90.2,90.2,0.0,
£PSNB,March 2015,2015-16,75.3,75.3,0.0,
£PSNB,March 2015,2016-17,39.4,39.4,0.0,
£PSNB,March 2015,2017-18,12.8,12.8,0.0,
£PSNB,March 2015,2018-19,-5.2,-5.2,0.0,
£PSNB,March 2015,2019-20,-7.0,-7.0,0.0,
£PSNB,July 2015,2014-15,89.2,89.2,0.0,
£PSNB,July 2015,2015-16,69.5,69.5,0.0,
£PSNB,July 2015,2016-17,43.1,43.1,0.0,
£PSNB,July 2015,2017-18,24.3,24.3,0.0,
£PSNB,July 2015,2018-19,6.4,6.4,0.0,
£PSNB,July 2015,2019-20,-10.0,-10.0,0.0,
£PSNB,July 2015,2020-21,-11.6,-11.6,0.0,
£PSNB,November 2015,2014-15,94.7,94.7,0.0,
£PSNB,November 2015,2015-16,73.5,73.5,0.0,
£PSNB,November 2015,2016-17,49.9,49.9,0.0,
£PSNB,November 2015,2017-18,24.8,24.8,0.0,
£PSNB,November 2015,2018-19,4.6,4.6,0.0,
£PSNB,November 2015,2019-20,-10.1,-10.1,0.0,
£PSNB,November 2015,2020-21,-14.7,-14.7,0.0,
£PSNB,March 2016,2014-15,91.855,91.855,0.0,
£PSNB,March 2016,2015-16,72.16180066339692,72.16180066339692,0.0,
£PSNB,March 2016,2016-17,55.49061343101617,55.49061343101617,0.0,
£PSNB,March 2016,2017-18,38.78350089940865,38.78350089940865,0.0,
£PSNB,March 2016,2018-19,21.43870415803988,21.43870415803988,0.0,
£PSNB,March 2016,2019-20,-10.44470242284688,-10.44470242284688,0.0,
£PSNB,March 2016,2020-21,-11.042476184484185,-11.042476184484185,0.0,
£PSNB,November 2016,2015-16,76.031,76.031,0.0,
£PSNB,November 2016,2016-17,68.18230926297674,68.18230926297674,0.0,
£PSNB,November 2016,2017-18,58.9719550903372,58.9719550903372,0.0,
£PSNB,November 2016,2018-19,46.51609103179966,46.51609103179966,0.0,
£PSNB,November 2016,2019-20,21.940694901994096,21.940694901994096,0.0,
£PSNB,November 2016,2020-21,20.742451994781497,20.742451994781497,0.0,
£PSNB,November 2016,2021-22,17.219116071215495,17.219116071215495,0.0,
£PSNB,March 2017,2015-16,71.657,71.657,0.0,
£PSNB,March 2017,2016-17,51.74972546588154,51.74972546588154,0.0,
£PSNB,March 2017,2017-18,58.25510499745124,58.25510499745124,0.0,
£PSNB,March 2017,2018-19,40.81231843388533,40.81231843388533,0.0,
£PSNB,March 2017,2019-20,21.359842195098754,21.359842195098754,0.0,
£PSNB,March 2017,2020-21,20.590537293676054,20.590537293676054,0.0,
£PSNB,March 2017,2021-22,16.802795444320196,16.802795444320196,0.0,
£PSNB,November 2017,2016-17,45.681,45.681,0.0,
£PSNB,November 2017,2017-18,49.88247776846385,45.159684537946625,4.722793230517226,
£PSNB,November 2017,2018-19,39.4984468136669,37.055017609587786,2.4434292040791163,
£PSNB,November 2017,2019-20,34.74231214106438,33.903454728244874,0.8388574128195074,
£PSNB,November 2017,2020-21,32.76801913144998,28.73563320434699,4.032385927102993,
£PSNB,November 2017,2021-22,30.07061061208573,25.993383248116995,4.077227363968735,
£PSNB,November 2017,2022-23,25.56315658733086,21.38824921363787,4.174907373692989,
£PSNB,March 2018,2016-17,45.753,45.753,0.0,
£PSNB,March 2018,2017-18,45.159684537946625,45.159684537946625,0.0,
£PSNB,March 2018,2018-19,37.055017609587786,37.055017609587786,0.0,
£PSNB,March 2018,2019-20,33.903454728244874,33.903454728244874,0.0,
£PSNB,March 2018,2020-21,28.73563320434699,28.73563320434699,0.0,
£PSNB,March 2018,2021-22,25.993383248116995,25.993383248116995,0.0,
£PSNB,March 2018,2022-23,21.38824921363787,21.38824921363787,0.0,
£PSNB,October 2018,2017-18,39.809,39.809,0.0,
£PSNB,October 2018,2018-19,25.477684593619067,25.477684593619067,0.0,
£PSNB,October 2018,2019-20,31.755543701449497,31.755543701449497,0.0,
£PSNB,October 2018,2020-21,26.657178673758843,26.657178673758843,0.0,
£PSNB,October 2018,2021-22,23.81690146153394,23.81690146153394,0.0,
£PSNB,October 2018,2022-23,20.80849193303511,20.80849193303511,0.0,
£PSNB,October 2018,2023-24,19.754404935030617,19.754404935030617,0.0,
£PSNB,March 2019,2017-18,41.904,41.904,0.0,
£PSNB,March 2019,2018-19,22.822161196123286,22.822161196123286,0.0,
£PSNB,March 2019,2019-20,29.336181137190245,29.336181137190245,0.0,
£PSNB,March 2019,2020-21,21.156549519753696,21.156549519753696,0.0,
£PSNB,March 2019,2021-22,17.632530956398323,17.632530956398323,0.0,
£PSNB,March 2019,2022-23,14.415482339419963,14.415482339419963,0.0,
£PSNB,March 2019,2023-24,13.45515377532653,13.45515377532653,0.0,
£PSNB,March 2020,2018-19,38.409,38.409,0.0,
£PSNB,March 2020,2019-20,47.448355912036455,47.448355912036455,0.0,
£PSNB,March 2020,2020-21,54.785617166301854,54.785617166301854,0.0,
£PSNB,March 2020,2021-22,66.65333901352832,66.65333901352832,0.0,
£PSNB,March 2020,2022-23,61.48593598081721,61.48593598081721,0.0,
£PSNB,March 2020,2023-24,60.23462161216681,60.23462161216681,0.0,
£PSNB,March 2020,2024-25,57.92369425463253,57.92369425463253,0.0,
£PSNB,November 2020,2019-20,56.056,56.056,0.0,
£PSNB,November 2020,2020-21,393.5468946769307,393.5468946769307,0.0,
£PSNB,November 2020,2021-22,164.22802286241927,164.22802286241927,0.0,
£PSNB,November 2020,2022-23,104.59794566105693,104.59794566105693,0.0,
£PSNB,November 2020,2023-24,100.39439549462811,100.39439549462811,0.0,
£PSNB,November 2020,2024-25,99.5740724445013,99.5740724445013,0.0,
£PSNB,November 2020,2025-26,101.8322302451883,101.8322302451883,0.0,
£PSNB,March 2021,2019-20,57.077,57.077,0.0,
£PSNB,March 2021,2020-21,354.62990129568055,354.62990129568055,0.0,
£PSNB,March 2021,2021-22,233.9343368028683,233.9343368028683,0.0,
£PSNB,March 2021,2022-23,106.92032265069857,106.92032265069857,0.0,
£PSNB,March 2021,2023-24,85.34082717551293,85.34082717551293,0.0,
£PSNB,March 2021,2024-25,74.43926851425442,74.43926851425442,0.0,
£PSNB,March 2021,2025-26,73.67838831151022,73.67838831151022,0.0,
£PSNB,October 2021,2020-21,319.944,319.944,0.0,
£PSNB,October 2021,2021-22,182.99377672825486,182.99377672825486,0.0,
£PSNB,October 2021,2022-23,83.00169852812405,83.00169852812405,0.0,
£PSNB,October 2021,2023-24,61.58387119867263,61.58387119867263,0.0,
£PSNB,October 2021,2024-25,46.32206424463856,46.32206424463856,0.0,
£PSNB,October 2021,2025-26,46.36985052701861,46.36985052701861,0.0,
£PSNB,October 2021,2026-27,43.95606525785821,43.95606525785821,0.0,
£PSNB,March 2022,2020-21,321.917,321.917,0.0,
£PSNB,March 2022,2021-22,127.82987521939876,127.82987521939876,0.0,
£PSNB,March 2022,2022-23,99.14069061507905,99.14069061507905,0.0,
£PSNB,March 2022,2023-24,50.194568349496826,50.194568349496826,0.0,
£PSNB,March 2022,2024-25,36.52329312780514,36.52329312780514,0.0,
£PSNB,March 2022,2025-26,34.82701509770446,34.82701509770446,0.0,
£PSNB,March 2022,2026-27,31.55086859693067,31.55086859693067,0.0,
£PSNB,November 2022,2021-22,133.272,133.272,0.0,
£PSNB,November 2022,2022-23,177.03391923297974,177.03391923297974,0.0,
£PSNB,November 2022,2023-24,140.02807449614903,140.02807449614903,0.0,
£PSNB,November 2022,2024-25,84.32658198764175,84.32658198764175,0.0,
£PSNB,November 2022,2025-26,76.91501022123927,76.91501022123927,0.0,
£PSNB,November 2022,2026-27,80.34539763482607,80.34539763482607,0.0,
£PSNB,November 2022,2027-28,69.19773850480877,69.19773850480877,0.0,
£PSNB,March 2023,2021-22,122.37069462015818,122.37069462015818,0.0,
£PSNB,March 2023,2022-23,152.37240449123607,152.37240449123607,0.0,
£PSNB,March 2023,2023-24,131.5656801768664,131.5656801768664,0.0,
£PSNB,March 2023,2024-25,85.39791552998535,85.39791552998535,0.0,
£PSNB,March 2023,2025-26,76.68430363925081,76.68430363925081,0.0,
£PSNB,March 2023,2026-27,63.45950856981443,63.45950856981443,0.0,
£PSNB,March 2023,2027-28,49.2582563002712,49.2582563002712,0.0,
£PSNB,November 2023,2022-23,128.266,128.266,0.0,
£PSNB,November 2023,2023-24,123.90988239024044,123.90988239024044,0.0,
£PSNB,November 2023,2024-25,84.5703258643127,84.5703258643127,0.0,
£PSNB,November 2023,2025-26,76.83563986964104,76.83563986964104,0.0,
£PSNB,November 2023,2026-27,68.40558689238503,68.40558689238503,0.0,
£PSNB,November 2023,2027-28,49.05861007313656,49.05861007313656,0.0,
£PSNB,November 2023,2028-29,35.00399761955954,35.00399761955954,0.0,
£PSNB,March 2024,2022-23,128.682,128.682,0.0,
£PSNB,March 2024,2023-24,114.08492526417305,114.08492526417305,0.0,
£PSNB,March 2024,2024-25,87.22658162599016,87.22658162599016,0.0,
£PSNB,March 2024,2025-26,77.48231520937773,77.48231520937773,0.0,
£PSNB,March 2024,2026-27,68.66064109284736,68.66064109284736,0.0,
£PSNB,March 2024,2027-28,50.56215166846958,50.56215166846958,0.0,
£PSNB,March 2024,2028-29,39.43475991304232,39.43475991304232,0.0,
£PSNB,October 2024,2023-24,121.874,121.874,0.0,
£PSNB,October 2024,2024-25,127.49186383616608,127.49186383616608,0.0,
£PSNB,October 2024,2025-26,105.57651416236195,105.57651416236195,0.0,
£PSNB,October 2024,2026-27,88.45966931824864,88.45966931824864,0.0,
£PSNB,October 2024,2027-28,72.16789846346418,72.16789846346418,0.0,
£PSNB,October 2024,2028-29,71.90671511565218,71.90671511565218,0.0,
£PSNB,October 2024,2029-30,70.58378627519575,70.58378627519575,0.0,
£PSNB,March 2025,2023-24,131.344,131.344,0.0,
£PSNB,March 2025,2024-25,137.32911897813034,137.32911897813034,0.0,
£PSNB,March 2025,2025-26,117.68750327284663,117.68750327284663,0.0,
£PSNB,March 2025,2026-27,97.16123648704938,97.16123648704938,0.0,
£PSNB,March 2025,2027-28,80.16451781806049,80.16451781806049,0.0,
£PSNB,March 2025,2028-29,77.42468123615876,77.42468123615876,0.0,
£PSNB,March 2025,2029-30,74.04238966686944,74.04238966686944,0.0,
£PSNB,November 2025,2024-25,149.45599999999976,149.45599999999976,0.0,
£PSNB,November 2025,2025-26,138.27003224066596,138.27003224066596,0.0,
£PSNB,November 2025,2026-27,112.09563024347113,112.09563024347113,0.0,
£PSNB,November 2025,2027-28,98.46788821807728,98.46788821807728,0.0,
£PSNB,November 2025,2028-29,86.93910798807346,86.93910798807346,0.0,
£PSNB,November 2025,2029-30,67.8676203794705,67.8676203794705,0.0,
£PSNB,November 2025,2030-31,67.15491540575225,67.15491540575225,0.0,
£PSNB,March 2026,2024-25,152.74199999999976,152.74199999999976,0.0,
£PSNB,March 2026,2025-26,132.73507575552568,132.73507575552568,0.0,
£PSNB,March 2026,2026-27,115.46142376564706,115.46142376564706,0.0,
£PSNB,March 2026,2027-28,96.4673679486571,96.4673679486571,0.0,
£PSNB,March 2026,2028-29,86.01563397893582,86.01563397893582,0.0,
£PSNB,March 2026,2029-30,63.40344342385986,63.40344342385986,0.0,
£PSNB,March 2026,2030-31,59.01991120137833,59.01991120137833,0.0,
PSNB,June 2010,2008-09,6.7,6.7,0.0,
PSNB,June 2010,2009-10,11.0,11.0,0.0,
PSNB,June 2010,2010-11,10.1,10.1,0.0,
PSNB,June 2010,2011-12,7.5,7.5,0.0,
PSNB,June 2010,2012-13,5.5,5.5,0.0,
PSNB,June 2010,2013-14,3.5,3.5,0.0,
PSNB,June 2010,2014-15,2.1,2.1,0.0,
PSNB,June 2010,2015-16,1.1,1.1,0.0,
PSNB,November 2010,2009-10,11.1,11.1,0.0,
PSNB,November 2010,2010-11,10.0,10.0,0.0,
PSNB,November 2010,2011-12,7.6,7.6,0.0,
PSNB,November 2010,2012-13,5.6,5.6,0.0,
PSNB,November 2010,2013-14,3.5,3.5,0.0,
PSNB,November 2010,2014-15,1.9,1.9,0.0,
PSNB,November 2010,2015-16,1.0,1.0,0.0,
PSNB,March 2011,2009-10,11.1,11.1,0.0,
PSNB,March 2011,2010-11,9.9,9.9,0.0,
PSNB,March 2011,2011-12,7.9,7.9,0.0,
PSNB,March 2011,2012-13,6.2,6.2,0.0,
PSNB,March 2011,2013-14,4.1,4.1,0.0,
PSNB,March 2011,2014-15,2.5,2.5,0.0,
PSNB,March 2011,2015-16,1.5,1.5,0.0,
PSNB,November 2011,2010-11,9.3,9.3,0.0,
PSNB,November 2011,2011-12,8.4,8.4,0.0,
PSNB,November 2011,2012-13,7.6,7.6,0.0,
PSNB,November 2011,2013-14,6.0,6.0,0.0,
PSNB,November 2011,2014-15,4.5,4.5,0.0,
PSNB,November 2011,2015-16,2.9,2.9,0.0,
PSNB,November 2011,2016-17,1.2,1.2,0.0,
PSNB,March 2012,2010-11,9.3,9.3,0.0,
PSNB,March 2012,2011-12,8.3,8.3,0.0,
PSNB,March 2012,2012-13,5.8,5.8,0.0,
PSNB,March 2012,2013-14,5.9,5.9,0.0,
PSNB,March 2012,2014-15,4.3,4.3,0.0,
PSNB,March 2012,2015-16,2.8,2.8,0.0,
PSNB,March 2012,2016-17,1.1,1.1,0.0,
PSNB,December 2012,2011-12,7.9,7.9,0.0,
PSNB,December 2012,2012-13,5.1,5.1,0.0,
PSNB,December 2012,2013-14,6.1,6.1,0.0,
PSNB,December 2012,2014-15,5.2,5.2,0.0,
PSNB,December 2012,2015-16,4.2,4.2,0.0,
PSNB,December 2012,2016-17,2.6,2.6,0.0,
PSNB,December 2012,2017-18,1.6,1.6,0.0,
PSNB,March 2013,2011-12,7.9,7.9,0.0,
PSNB,March 2013,2012-13,5.6,5.6,0.0,
PSNB,March 2013,2013-14,6.8,6.8,0.0,
PSNB,March 2013,2014-15,5.9,5.9,0.0,
PSNB,March 2013,2015-16,5.0,5.0,0.0,
PSNB,March 2013,2016-17,3.4,3.4,0.0,
PSNB,March 2013,2017-18,2.2,2.2,0.0,
PSNB,December 2013,2012-13,5.1,5.1,0.0,
PSNB,December 2013,2013-14,6.0,6.0,0.0,
PSNB,December 2013,2014-15,4.9,4.9,0.0,
PSNB,December 2013,2015-16,4.0,4.0,0.0,
PSNB,December 2013,2016-17,2.6,2.6,0.0,
PSNB,December 2013,2017-18,1.3,1.3,0.0,
PSNB,December 2013,2018-19,0.1,0.1,0.0,
PSNB,March 2014,2012-13,5.1,5.1,0.0,
PSNB,March 2014,2013-14,5.8,5.8,0.0,
PSNB,March 2014,2014-15,4.9,4.9,0.0,
PSNB,March 2014,2015-16,3.8,3.8,0.0,
PSNB,March 2014,2016-17,2.2,2.2,0.0,
PSNB,March 2014,2017-18,0.9,0.9,0.0,
PSNB,March 2014,2018-19,-0.1,-0.1,0.0,
PSNB,December 2014,2013-14,5.6,5.6,0.0,
PSNB,December 2014,2014-15,5.0,5.0,0.0,
PSNB,December 2014,2015-16,4.0,4.0,0.0,
PSNB,December 2014,2016-17,2.1,2.1,0.0,
PSNB,December 2014,2017-18,0.7,0.7,0.0,
PSNB,December 2014,2018-19,-0.2,-0.2,0.0,
PSNB,December 2014,2019-20,-1.0,-1.0,0.0,
PSNB,March 2015,2013-14,5.6,5.6,0.0,
PSNB,March 2015,2014-15,5.0,5.0,0.0,
PSNB,March 2015,2015-16,4.0,4.0,0.0,
PSNB,March 2015,2016-17,2.0,2.0,0.0,
PSNB,March 2015,2017-18,0.6,0.6,0.0,
PSNB,March 2015,2018-19,-0.2,-0.2,0.0,
PSNB,March 2015,2019-20,-0.3,-0.3,0.0,
PSNB,July 2015,2014-15,4.9,4.9,0.0,
PSNB,July 2015,2015-16,3.7,3.7,0.0,
PSNB,July 2015,2016-17,2.2,2.2,0.0,
PSNB,July 2015,2017-18,1.2,1.2,0.0,
PSNB,July 2015,2018-19,0.3,0.3,0.0,
PSNB,July 2015,2019-20,-0.4,-0.4,0.0,
PSNB,July 2015,2020-21,-0.5,-0.5,0.0,
PSNB,November 2015,2014-15,5.2,5.2,0.0,
PSNB,November 2015,2015-16,3.9,3.9,0.0,
PSNB,November 2015,2016-17,2.5,2.5,0.0,
PSNB,November 2015,2017-18,1.2,1.2,0.0,
PSNB,November 2015,2018-19,0.2,0.2,0.0,
PSNB,November 2015,2019-20,-0.5,-0.5,0.0,
PSNB,November 2015,2020-21,-0.6,-0.6,0.0,
PSNB,March 2016,2014-15,5.014160068824267,5.014160068824267,0.0,
PSNB,March 2016,2015-16,3.8473858935936933,3.8473858935936933,0.0,
PSNB,March 2016,2016-17,2.856227342220337,2.856227342220337,0.0,
PSNB,March 2016,2017-18,1.9191354327813301,1.9191354327813301,0.0,
PSNB,March 2016,2018-19,1.0178110687016466,1.0178110687016466,0.0,
PSNB,March 2016,2019-20,-0.4770756200262767,-0.4770756200262767,0.0,
PSNB,March 2016,2020-21,-0.48401046808238013,-0.48401046808238013,0.0,
PSNB,November 2016,2015-16,4.038771269271957,4.038771269271957,0.0,
PSNB,November 2016,2016-17,3.494274425164522,3.494274425164522,0.0,
PSNB,November 2016,2017-18,2.9464409597343346,2.9464409597343346,0.0,
PSNB,November 2016,2018-19,2.2327888028519727,2.2327888028519727,0.0,
PSNB,November 2016,2019-20,1.0126547792881315,1.0126547792881315,0.0,
PSNB,November 2016,2020-21,0.9204896565781934,0.9204896565781934,0.0,
PSNB,November 2016,2021-22,0.7339980038328213,0.7339980038328213,0.0,
PSNB,March 2017,2015-16,3.7997914958739303,2.634429166613971,1.1653623292599593,
PSNB,March 2017,2016-17,2.634429166613971,2.634429166613971,0.0,
PSNB,March 2017,2017-18,2.871530127595734,2.634429166613971,0.23710096098176292,
PSNB,March 2017,2018-19,1.9479472033623129,2.634429166613971,0.6864819632516581,
PSNB,March 2017,2019-20,0.9853752893684212,2.634429166613971,1.6490538772455499,
PSNB,March 2017,2020-21,0.9148060672263197,2.634429166613971,1.7196230993876513,
PSNB,March 2017,2021-22,0.7180181655859099,2.634429166613971,1.916411001028061,
PSNB,November 2017,2016-17,2.30562837597071,2.30562837597071,0.0,
PSNB,November 2017,2017-18,2.441381503120528,2.441381503120528,0.0,
PSNB,November 2017,2018-19,1.8804656127234403,1.8804656127234403,0.0,
PSNB,November 2017,2019-20,1.61002207451322,1.61002207451322,0.0,
PSNB,November 2017,2020-21,1.473321208450459,1.473321208450459,0.0,
PSNB,November 2017,2021-22,1.308080992889688,1.308080992889688,0.0,
PSNB,November 2017,2022-23,1.0759828111222873,1.0759828111222873,0.0,
PSNB,March 2018,2016-17,2.3028186665566084,2.3028186665566084,0.0,
PSNB,March 2018,2017-18,2.1983560182580986,2.1983560182580986,0.0,
PSNB,March 2018,2018-19,1.751138445473142,1.751138445473142,0.0,
PSNB,March 2018,2019-20,1.5574025690502087,1.5574025690502087,0.0,
PSNB,March 2018,2020-21,1.2820423532820848,1.2820423532820848,0.0,
PSNB,March 2018,2021-22,1.1242666941223511,1.1242666941223511,0.0,
PSNB,March 2018,2022-23,0.8952822929155512,0.8952822929155512,0.0,
PSNB,October 2018,2017-18,1.9320546152804559,1.9320546152804559,0.0,
PSNB,October 2018,2018-19,1.1983086975871764,1.1983086975871764,0.0,
PSNB,October 2018,2019-20,1.4446749116945692,1.4446749116945692,0.0,
PSNB,October 2018,2020-21,1.1727942194289498,1.1727942194289498,0.0,
PSNB,October 2018,2021-22,1.013346749722014,1.013346749722014,0.0,
PSNB,October 2018,2022-23,0.8556292201916449,0.8556292201916449,0.0,
PSNB,October 2018,2023-24,0.7846270013965477,0.7846270013965477,0.0,
PSNB,March 2019,2017-18,2.027427164737166,2.027427164737166,0.0,
PSNB,March 2019,2018-19,1.0711559267191246,1.0711559267191246,0.0,
PSNB,March 2019,2019-20,1.3335606126056494,1.3335606126056494,0.0,
PSNB,March 2019,2020-21,0.9300390810575798,0.9300390810575798,0.0,
PSNB,March 2019,2021-22,0.7486547821983994,0.7486547821983994,0.0,
PSNB,March 2019,2022-23,0.5908115493249178,0.5908115493249178,0.0,
PSNB,March 2019,2023-24,0.5321049978331108,0.5321049978331108,0.0,
PSNB,March 2020,2018-19,1.7721895115578277,1.7721895115578277,0.0,
PSNB,March 2020,2019-20,2.12899570027182,2.12899570027182,0.0,
PSNB,March 2020,2020-21,2.3773683483482193,2.3773683483482193,0.0,
PSNB,March 2020,2021-22,2.7843366336305673,2.7843366336305673,0.0,
PSNB,March 2020,2022-23,2.481178995243453,2.481178995243453,0.0,
PSNB,March 2020,2023-24,2.3514081608808026,2.3514081608808026,0.0,
PSNB,March 2020,2024-25,2.1823592406930206,2.1823592406930206,0.0,
PSNB,November 2020,2019-20,2.527408513546902,2.527408513546902,0.0,
PSNB,November 2020,2020-21,19.016635136490397,19.016635136490397,0.0,
PSNB,November 2020,2021-22,7.400032964739661,7.400032964739661,0.0,
PSNB,November 2020,2022-23,4.449252850073249,4.449252850073249,0.0,
PSNB,November 2020,2023-24,4.1130922807275905,4.1130922807275905,0.0,
PSNB,November 2020,2024-25,3.926969708534308,3.926969708534308,0.0,
PSNB,November 2020,2025-26,3.861661320083856,3.861661320083856,0.0,
PSNB,March 2021,2019-20,2.566323018492615,2.566323018492615,0.0,
PSNB,March 2021,2020-21,16.913985444132884,16.913985444132884,0.0,
PSNB,March 2021,2021-22,10.330700835908766,10.330700835908766,0.0,
PSNB,March 2021,2022-23,4.502067924707726,4.502067924707726,0.0,
PSNB,March 2021,2023-24,3.4702553417316246,3.4702553417316246,0.0,
PSNB,March 2021,2024-25,2.917206895470575,2.917206895470575,0.0,
PSNB,March 2021,2025-26,2.7783685650464593,2.7783685650464593,0.0,
PSNB,October 2021,2020-21,15.244422780869286,15.244422780869286,0.0,
PSNB,October 2021,2021-22,7.896566376225417,7.896566376225417,0.0,
PSNB,October 2021,2022-23,3.3460555850731923,3.3460555850731923,0.0,
PSNB,October 2021,2023-24,2.3888791403992,2.3888791403992,0.0,
PSNB,October 2021,2024-25,1.7392579270552353,1.7392579270552353,0.0,
PSNB,October 2021,2025-26,1.6794934803674266,1.6794934803674266,0.0,
PSNB,October 2021,2026-27,1.5336107801653434,1.5336107801653434,0.0,
PSNB,March 2022,2020-21,15.029808245835271,15.029808245835271,0.0,
PSNB,March 2022,2021-22,5.406436113629355,5.406436113629355,0.0,
PSNB,March 2022,2022-23,3.944844817189899,3.944844817189899,0.0,
PSNB,March 2022,2023-24,1.9147022095357173,1.9147022095357173,0.0,
PSNB,March 2022,2024-25,1.3397307895771098,1.3397307895771098,0.0,
PSNB,March 2022,2025-26,1.2323035002075025,1.2323035002075025,0.0,
PSNB,March 2022,2026-27,1.0763712286748497,1.0763712286748497,0.0,
PSNB,November 2022,2021-22,5.689150862046886,5.689150862046886,0.0,
PSNB,November 2022,2022-23,7.089639353928646,7.089639353928646,0.0,
PSNB,November 2022,2023-24,5.5085267581129465,5.5085267581129465,0.0,
PSNB,November 2022,2024-25,3.208756453798963,3.208756453798963,0.0,
PSNB,November 2022,2025-26,2.834785777562996,2.834785777562996,0.0,
PSNB,November 2022,2026-27,2.852503375880868,2.852503375880868,0.0,
PSNB,November 2022,2027-28,2.363792458452684,2.363792458452684,0.0,
PSNB,March 2023,2021-22,5.234534411410518,5.234534411410518,0.0,
PSNB,March 2023,2022-23,6.084163372313867,6.084163372313867,0.0,
PSNB,March 2023,2023-24,5.112859661221343,5.112859661221343,0.0,
PSNB,March 2023,2024-25,3.1999640711699118,3.1999640711699118,0.0,
PSNB,March 2023,2025-26,2.7791586173819924,2.7791586173819924,0.0,
PSNB,March 2023,2026-27,2.2269113590672935,2.2269113590672935,0.0,
PSNB,March 2023,2027-28,1.6698881699113088,1.6698881699113088,0.0,
PSNB,November 2023,2022-23,5.025652117014716,4.8266052621989,0.1990468548158164,
PSNB,November 2023,2023-24,4.544659332821445,4.544659332821445,0.0,
PSNB,November 2023,2024-25,3.0226263340583137,3.0226263340583137,0.0,
PSNB,November 2023,2025-26,2.6614040837246264,2.6614040837246264,0.0,
PSNB,November 2023,2026-27,2.283952207326816,2.283952207326816,0.0,
PSNB,November 2023,2027-28,1.5795785610635271,1.5795785610635271,0.0,
PSNB,November 2023,2028-29,1.0877049316232834,1.0877049316232834,0.0,
PSNB,March 2024,2022-23,5.040890987529982,4.8266052621989,0.2142857253310826,
PSNB,March 2024,2023-24,4.176648076122063,4.176648076122063,0.0,
PSNB,March 2024,2024-25,3.131323320885309,3.131323320885309,0.0,
PSNB,March 2024,2025-26,2.6949793378956164,2.6949793378956164,0.0,
PSNB,March 2024,2026-27,2.3003183725094654,2.3003183725094654,0.0,
PSNB,March 2024,2027-28,1.6339411352005846,1.6339411352005846,0.0,
PSNB,March 2024,2028-29,1.2294640801083154,1.2294640801083154,0.0,
PSNB,October 2024,2023-24,4.480213743331549,4.480213743331549,0.0,
PSNB,October 2024,2024-25,4.529537779420271,4.529537779420271,0.0,
PSNB,October 2024,2025-26,3.578843970639762,3.578843970639762,0.0,
PSNB,October 2024,2026-27,2.891409399323127,2.891409399323127,0.0,
PSNB,October 2024,2027-28,2.278505680531983,2.278505680531983,0.0,
PSNB,October 2024,2028-29,2.192913428910562,2.192913428910562,0.0,
PSNB,October 2024,2029-30,2.0776549751185502,2.0776549751185502,0.0,
PSNB,March 2025,2023-24,4.773512211627259,4.773512211627259,0.0,
PSNB,March 2025,2024-25,4.774167474041008,4.774167474041008,0.0,
PSNB,March 2025,2025-26,3.930972986488551,3.930972986488551,0.0,
PSNB,March 2025,2026-27,3.132923361726965,3.132923361726965,0.0,
PSNB,March 2025,2027-28,2.4897771823039596,2.4897771823039596,0.0,
PSNB,March 2025,2028-29,2.3184554072893246,2.3184554072893246,0.0,
PSNB,March 2025,2029-30,2.1374758652076453,2.1374758652076453,0.0,
PSNB,November 2025,2024-25,5.1064329931003485,5.1064329931003485,0.0,
PSNB,November 2025,2025-26,4.54401038882278,4.54401038882278,0.0,
PSNB,November 2025,2026-27,3.541787537765442,3.541787537765442,0.0,
PSNB,November 2025,2027-28,3.0043702273486703,3.0043702273486703,0.0,
PSNB,November 2025,2028-29,2.5657879324511517,2.5657879324511517,0.0,
PSNB,November 2025,2029-30,1.936862871528884,1.936862871528884,0.0,
PSNB,November 2025,2030-31,1.851084441765653,1.851084441765653,0.0,
PSNB,March 2026,2024-25,5.2058932093533,5.2058932093533,0.0,
PSNB,March 2026,2025-26,4.345321905743931,4.345321905743931,0.0,
PSNB,March 2026,2026-27,3.649137828247441,3.649137828247441,0.0,
PSNB,March 2026,2027-28,2.9437631341292794,2.9437631341292794,0.0,
PSNB,March 2026,2028-29,2.536716800017886,2.536716800017886,0.0,
PSNB,March 2026,2029-30,1.8080768467859676,1.8080768467859676,0.0,
PSNB,March 2026,2030-31,1.6250729630533207,1.6250729630533207,0.0,
CACB,,2023-24,,,,period appears twice in the chart copy's header; not compared
CACB,June 2010,2008-09,3.1,3.1,0.0,
CACB,June 2010,2009-10,5.3,5.3,0.0,
CACB,June 2010,2010-11,4.8,4.8,0.0,
CACB,June 2010,2011-12,3.2,3.2,0.0,
CACB,June 2010,2012-13,1.9,1.9,0.0,
CACB,June 2010,2013-14,0.7,0.7,0.0,
CACB,June 2010,2014-15,-0.3,-0.3,0.0,
CACB,June 2010,2015-16,-0.8,-0.8,0.0,
CACB,November 2010,2009-10,5.3,5.3,0.0,
CACB,November 2010,2010-11,4.7,4.7,0.0,
CACB,November 2010,2011-12,3.3,3.3,0.0,
CACB,November 2010,2012-13,1.8,1.8,0.0,
CACB,November 2010,2013-14,0.5,0.5,0.0,
CACB,November 2010,2014-15,-0.5,-0.5,0.0,
CACB,November 2010,2015-16,-0.9,-0.9,0.0,
CACB,March 2011,2009-10,5.3,5.3,0.0,
CACB,March 2011,2010-11,4.6,4.6,0.0,
CACB,March 2011,2011-12,3.2,3.2,0.0,
CACB,March 2011,2012-13,2.0,2.0,0.0,
CACB,March 2011,2013-14,0.6,0.6,0.0,
CACB,March 2011,2014-15,-0.4,-0.4,0.0,
CACB,March 2011,2015-16,-0.8,-0.8,0.0,
CACB,November 2011,2010-11,4.5,4.5,0.0,
CACB,November 2011,2011-12,4.6,4.6,0.0,
CACB,November 2011,2012-13,3.9,3.9,0.0,
CACB,November 2011,2013-14,2.7,2.7,0.0,
CACB,November 2011,2014-15,1.6,1.6,0.0,
CACB,November 2011,2015-16,0.6,0.6,0.0,
CACB,November 2011,2016-17,-0.5,-0.5,0.0,
CACB,March 2012,2010-11,4.4,4.4,0.0,
CACB,March 2012,2011-12,4.6,4.6,0.0,
CACB,March 2012,2012-13,4.2,4.2,0.0,
CACB,March 2012,2013-14,2.7,2.7,0.0,
CACB,March 2012,2014-15,1.5,1.5,0.0,
CACB,March 2012,2015-16,0.7,0.7,0.0,
CACB,March 2012,2016-17,-0.5,-0.5,0.0,
CACB,December 2012,2011-12,4.3,4.3,0.0,
CACB,December 2012,2012-13,3.6,3.6,0.0,
CACB,December 2012,2013-14,2.2,2.2,0.0,
CACB,December 2012,2014-15,1.4,1.4,0.0,
CACB,December 2012,2015-16,0.8,0.8,0.0,
CACB,December 2012,2016-17,-0.4,-0.4,0.0,
CACB,December 2012,2017-18,-0.9,-0.9,0.0,
CACB,March 2013,2011-12,4.2,4.2,0.0,
CACB,March 2013,2012-13,4.0,4.0,0.0,
CACB,March 2013,2013-14,3.6,3.6,0.0,
CACB,March 2013,2014-15,2.2,2.2,0.0,
CACB,March 2013,2015-16,1.4,1.4,0.0,
CACB,March 2013,2016-17,0.8,0.8,0.0,
CACB,March 2013,2017-18,-0.4,-0.4,0.0,
CACB,March 2013,2018-19,-0.9,-0.9,0.0,
CACB,December 2013,2012-13,4.1,4.1,0.0,
CACB,December 2013,2013-14,3.7,3.7,0.0,
CACB,December 2013,2014-15,0.3,0.3,0.0,
CACB,December 2013,2015-16,1.8,1.8,0.0,
CACB,December 2013,2016-17,0.4,0.4,0.0,
CACB,December 2013,2017-18,-0.7,-0.7,0.0,
CACB,December 2013,2018-19,-1.6,-1.6,0.0,
CACB,March 2014,2012-13,3.5,3.5,0.0,
CACB,March 2014,2013-14,2.8,2.8,0.0,
CACB,March 2014,2014-15,2.2,2.2,0.0,
CACB,March 2014,2015-16,1.5,1.5,0.0,
CACB,March 2014,2016-17,0.2,0.2,0.0,
CACB,March 2014,2017-18,-0.7,-0.7,0.0,
CACB,March 2014,2018-19,-1.5,-1.5,0.0,
CACB,December 2014,2013-14,2.6,2.6,0.0,
CACB,December 2014,2014-15,2.7,2.7,0.0,
CACB,December 2014,2015-16,2.2,2.2,0.0,
CACB,December 2014,2016-17,0.5,0.5,0.0,
CACB,December 2014,2017-18,-0.7,-0.7,0.0,
CACB,December 2014,2018-19,-1.5,-1.5,0.0,
CACB,December 2014,2019-20,-2.3,-2.3,0.0,
CACB,March 2015,2013-14,2.6,2.6,0.0,
CACB,March 2015,2014-15,2.5,2.5,0.0,
CACB,March 2015,2015-16,2.1,2.1,0.0,
CACB,March 2015,2016-17,0.4,0.4,0.0,
CACB,March 2015,2017-18,-0.8,-0.8,0.0,
CACB,March 2015,2018-19,-1.7,-1.7,0.0,
CACB,March 2015,2019-20,-1.7,-1.7,0.0,
CACB,July 2015,2014-15,2.4,2.4,0.0,
CACB,July 2015,2015-16,1.7,1.7,0.0,
CACB,July 2015,2016-17,0.5,0.5,0.0,
CACB,July 2015,2017-18,-0.3,-0.3,0.0,
CACB,July 2015,2018-19,-1.1,-1.1,0.0,
CACB,July 2015,2019-20,-1.8,-1.8,0.0,
CACB,July 2015,2020-21,-1.9,-1.9,0.0,
CACB,November 2015,2014-15,2.4,2.4,0.0,
CACB,November 2015,2015-16,1.6,1.6,0.0,
CACB,November 2015,2016-17,0.5,0.5,0.0,
CACB,November 2015,2017-18,-0.5,-0.5,0.0,
CACB,November 2015,2018-19,-1.2,-1.2,0.0,
CACB,November 2015,2019-20,-1.9,-1.9,0.0,
CACB,November 2015,2020-21,-2.4,-2.4,0.0,
CACB,March 2016,2014-15,2.36391041459408,2.36391041459408,0.0,
CACB,March 2016,2015-16,1.8033885146661546,1.8033885146661546,0.0,
CACB,March 2016,2016-17,0.8733473848070306,0.8733473848070306,0.0,
CACB,March 2016,2017-18,0.18048707173489076,0.18048707173489076,0.0,
CACB,March 2016,2018-19,-0.5410194107664023,-0.5410194107664023,0.0,
CACB,March 2016,2019-20,-1.965614023284009,-1.965614023284009,0.0,
CACB,March 2016,2020-21,-2.354630791937169,-2.354630791937169,0.0,
CACB,November 2016,2015-16,2.027566229286342,2.027566229286342,0.0,
CACB,November 2016,2016-17,1.410242055561525,1.410242055561525,0.0,
CACB,November 2016,2017-18,0.5369180783464008,0.5369180783464008,0.0,
CACB,November 2016,2018-19,-0.08939715700205775,-0.08939715700205775,0.0,
CACB,November 2016,2019-20,-1.1015036333434753,-1.1015036333434753,0.0,
CACB,November 2016,2020-21,-1.4800032491102961,-1.4800032491102961,0.0,
CACB,November 2016,2021-22,-1.6181395824387894,-1.6181395824387894,0.0,
CACB,March 2017,2015-16,1.8997019668980055,1.8997019668980055,0.0,
CACB,March 2017,2016-17,0.7751549528507129,0.7751549528507129,0.0,
CACB,March 2017,2017-18,0.949384569971315,0.949384569971315,0.0,
CACB,March 2017,2018-19,-0.07330693521508175,-0.07330693521508175,0.0,
CACB,March 2017,2019-20,-1.0555215080104952,-1.0555215080104952,0.0,
CACB,March 2017,2020-21,-1.3732608602698195,-1.3732608602698195,0.0,
CACB,March 2017,2021-22,-1.602260258680621,-1.602260258680621,0.0,
CACB,November 2017,2016-17,0.21882568361159882,0.21882568361159882,0.0,
CACB,November 2017,2017-18,0.3044499566433686,0.3044499566433686,0.0,
CACB,November 2017,2018-19,0.000996785738149708,0.000996785738149708,0.0,
CACB,November 2017,2019-20,-0.5461747795981278,-0.5461747795981278,0.0,
CACB,November 2017,2020-21,-1.0775599855624987,-1.0775599855624987,0.0,
CACB,November 2017,2021-22,-1.1065975581399337,-1.1065975581399337,0.0,
CACB,March 2018,2016-17,0.31262449704099204,0.31262449704099204,0.0,
CACB,March 2018,2017-18,0.15673950942826945,0.15673950942826945,0.0,
CACB,March 2018,2018-19,0.06033495164690305,0.06033495164690305,0.0,
CACB,March 2018,2019-20,-0.49275865800292906,-0.49275865800292906,0.0,
CACB,March 2018,2020-21,-1.1022413213895565,-1.1022413213895565,0.0,
CACB,March 2018,2021-22,-1.177536331307907,-1.177536331307907,0.0,
CACB,October 2018,2017-18,-0.08723837416437258,-0.08723837416437258,0.0,
CACB,October 2018,2018-19,-0.6030488857117828,-0.6030488857117828,0.0,
CACB,October 2018,2019-20,-0.5622823871851073,-0.5622823871851073,0.0,
CACB,October 2018,2020-21,-0.9030483936402431,-0.9030483936402431,0.0,
CACB,October 2018,2021-22,-1.0595645793349042,-1.0595645793349042,0.0,
CACB,March 2019,2017-18,-0.06232096928668997,-0.06232096928668997,0.0,
CACB,March 2019,2018-19,-0.8598673966066228,-0.8598673966066228,0.0,
CACB,March 2019,2019-20,-0.8315907523127362,-0.8315907523127362,0.0,
CACB,March 2019,2020-21,-1.3889086129521753,-1.3889086129521753,0.0,
CACB,March 2019,2021-22,-1.4633978635320921,-1.4633978635320921,0.0,
CACB,March 2020,2018-19,-0.12837043552945626,-0.12837043552945626,0.0,
CACB,March 2020,2019-20,-0.04322607856344412,-0.04322607856344412,0.0,
CACB,March 2020,2020-21,-0.19036480467972786,-0.19036480467972786,0.0,
CACB,March 2020,2021-22,0.10251840618553104,0.10251840618553104,0.0,
CACB,March 2020,2024-25,-0.7674513514705522,-0.7674513514705522,0.0,
CACB,November 2020,2019-20,0.6980394896296443,0.6980394896296443,0.0,
CACB,November 2020,2020-21,14.63331873661226,14.63331873661226,0.0,
CACB,November 2020,2021-22,3.8796655666094315,3.8796655666094315,0.0,
CACB,November 2020,2024-25,0.9188044499606791,0.9188044499606791,0.0,
CACB,November 2020,2025-26,0.9678954113148076,0.9678954113148076,0.0,
CACB,March 2021,2019-20,0.7066490177857896,0.7066490177857896,0.0,
CACB,March 2021,2020-21,12.853078806329016,12.853078806329016,0.0,
CACB,March 2021,2021-22,6.938563886345572,6.938563886345572,0.0,
CACB,March 2021,2024-25,0.027937691340723908,0.027937691340723908,0.0,
CACB,March 2021,2025-26,-0.011847909281395445,-0.011847909281395445,0.0,
CACB,October 2021,2020-21,11.626115612420111,11.626115612420111,0.0,
CACB,October 2021,2021-22,5.655394547558508,5.655394547558508,0.0,
CACB,October 2021,2024-25,-0.8662592025599292,-0.8662592025599292,0.0,
CACB,October 2021,2025-26,1.0156696020666998,1.0156696020666998,0.0,
CACB,October 2021,2026-27,-1.1485539813792853,-1.1485539813792853,0.0,
CACB,March 2022,2020-21,11.526211686486787,11.526211686486787,0.0,
CACB,March 2022,2021-22,4.458445958594729,4.458445958594729,0.0,
CACB,March 2022,2024-25,-1.1915530394429823,-1.1915530394429823,0.0,
CACB,March 2022,2025-26,1.2630827871892636,1.2630827871892636,0.0,
CACB,March 2022,2026-27,-1.379032323370868,-1.379032323370868,0.0,
CACB,November 2022,2021-22,4.182212895224577,4.182212895224577,0.0,
CACB,November 2022,2024-25,-1.1905324412078468,-1.1905324412078468,0.0,
CACB,November 2022,2025-26,-0.7539435266954067,-0.7539435266954067,0.0,
CACB,November 2022,2026-27,0.08523801405296738,0.08523801405296738,0.0,
CACB,November 2022,2027-28,0.11332811153913123,0.11332811153913123,0.0,
CACB,March 2023,2021-22,3.967793062314088,3.967793062314088,0.0,
CACB,March 2023,2024-25,-0.26736480819482894,-0.26736480819482894,0.0,
CACB,March 2023,2025-26,-0.09714386516786518,-0.09714386516786518,0.0,
CACB,March 2023,2026-27,-0.13983693109644935,-0.13983693109644935,0.0,
CACB,March 2023,2027-28,0.4495157715111417,0.4495157715111417,0.0,
CACB,November 2023,2024-25,0.15261529459259848,0.15261529459259848,0.0,
CACB,November 2023,2025-26,-0.08894579851006067,-0.08894579851006067,0.0,
CACB,November 2023,2026-27,-0.11814400626907628,-0.11814400626907628,0.0,
CACB,November 2023,2027-28,-0.4513935439734992,-0.4513935439734992,0.0,
CACB,November 2023,2028-29,-0.7037985402783482,-0.7037985402783482,0.0,
CACB,March 2024,2024-25,0.31926811027442276,0.31926811027442276,0.0,
CACB,March 2024,2025-26,0.15728435360537857,0.15728435360537857,0.0,
CACB,March 2024,2026-27,0.12373944763200745,0.12373944763200745,0.0,
CACB,March 2024,2027-28,-0.24673503672184294,-0.24673503672184294,0.0,
CACB,March 2024,2028-29,-0.43654580034515483,-0.43654580034515483,0.0,
CACB,October 2024,2023-24,1.7104145078672781,1.7104145078672781,0.0,
CACB,October 2024,2024-25,1.8556988745239662,1.8556988745239662,0.0,
CACB,October 2024,2025-26,0.9621609965546396,0.9621609965546396,0.0,
CACB,October 2024,2026-27,0.3994293745649224,0.3994293745649224,0.0,
CACB,October 2024,2027-28,-0.16056064689532484,-0.16056064689532484,0.0,
CACB,October 2024,2028-29,-0.18773550426385655,-0.18773550426385655,0.0,
CACB,October 2024,2029-30,-0.2688176754528488,-0.2688176754528488,0.0,
CACB,March 2025,2023-24,2.0080199115727697,2.0080199115727697,0.0,
CACB,March 2025,2024-25,1.9163838988087405,1.9163838988087405,0.0,
CACB,March 2025,2025-26,0.8768998582393238,0.8768998582393238,0.0,
CACB,March 2025,2026-27,0.27138729491250946,0.27138729491250946,0.0,
CACB,March 2025,2027-28,-0.21066555944901375,-0.21066555944901375,0.0,
CACB,March 2025,2028-29,-0.21319463090820637,-0.21319463090820637,0.0,
CACB,March 2025,2029-30,-0.2867146318291737,-0.2867146318291737,0.0,
CACB,November 2025,2024-25,2.4034777403203265,2.4034777403203265,0.0,
CACB,November 2025,2025-26,1.3557416231312471,1.3557416231312471,0.0,
CACB,November 2025,2026-27,0.5965990069930887,0.5965990069930887,0.0,
CACB,November 2025,2027-28,-0.023226060845193353,-0.023226060845193353,0.0,
CACB,November 2025,2028-29,-0.1806601252550817,-0.1806601252550817,0.0,
CACB,November 2025,2029-30,-0.6382114606862335,-0.6382114606862335,0.0,
CACB,November 2025,2030-31,-0.6810714659925531,-0.6810714659925531,0.0,
CACB,March 2026,2024-25,2.412097760150497,2.412097760150497,0.0,
CACB,March 2026,2025-26,1.1244495715320129,1.1244495715320129,0.0,
CACB,March 2026,2026-27,0.5213188848643736,0.5213188848643736,0.0,
CACB,March 2026,2027-28,-0.22471223492559872,-0.22471223492559872,0.0,
CACB,March 2026,2028-29,-0.2526440062430426,-0.2526440062430426,0.0,
CACB,March 2026,2029-30,-0.7213590518941196,-0.7213590518941196,0.0,
CACB,March 2026,2030-31,-0.8447663607502858,-0.8447663607502858,0.0,
CAPSNB,June 2010,2008-09,6.3288303934812555,6.3288303934812555,0.0,
CAPSNB,June 2010,2009-10,8.742236371380796,8.742236371380796,0.0,
CAPSNB,June 2010,2010-11,7.439841407992406,7.439841407992406,0.0,
CAPSNB,June 2010,2011-12,5.0141456976415135,5.0141456976415135,0.0,
CAPSNB,June 2010,2012-13,3.374541265951744,3.374541265951744,0.0,
CAPSNB,June 2010,2013-14,1.815690984001201,1.815690984001201,0.0,
CAPSNB,June 2010,2014-15,0.8079042705302013,0.8079042705302013,0.0,
CAPSNB,June 2010,2015-16,0.2843977408323006,0.2843977408323006,0.0,
CAPSNB,November 2010,2009-10,8.828655310831607,8.828655310831607,0.0,
CAPSNB,November 2010,2010-11,7.591227082826647,7.591227082826647,0.0,
CAPSNB,November 2010,2011-12,5.2712740451384885,5.2712740451384885,0.0,
CAPSNB,November 2010,2012-13,3.504118811055534,3.504118811055534,0.0,
CAPSNB,November 2010,2013-14,1.8608156614568934,1.8608156614568934,0.0,
CAPSNB,November 2010,2014-15,0.7962733910272577,0.7962733910272577,0.0,
CAPSNB,November 2010,2015-16,0.3103965952134702,0.3103965952134702,0.0,
CAPSNB,March 2011,2009-10,8.864309613670223,8.864309613670223,0.0,
CAPSNB,March 2011,2010-11,7.371592793597891,7.371592793597891,0.0,
CAPSNB,March 2011,2011-12,5.2593897019771845,5.2593897019771845,0.0,
CAPSNB,March 2011,2012-13,3.6688145458702603,3.6688145458702603,0.0,
CAPSNB,March 2011,2013-14,1.9621046570339016,1.9621046570339016,0.0,
CAPSNB,March 2011,2014-15,0.9648317505732997,0.9648317505732997,0.0,
CAPSNB,March 2011,2015-16,0.49318642477452146,0.49318642477452146,0.0,
CAPSNB,March 2011,2016-17,0.13926557394341177,0.13926557394341177,0.0,
CAPSNB,November 2011,2010-11,7.114509786475438,7.114509786475438,0.0,
CAPSNB,November 2011,2011-12,6.431980142254874,6.431980142254874,0.0,
CAPSNB,November 2011,2012-13,5.503806257710387,5.503806257710387,0.0,
CAPSNB,November 2011,2013-14,3.977645883733782,3.977645883733782,0.0,
CAPSNB,November 2011,2014-15,2.835114257028965,2.835114257028965,0.0,
CAPSNB,November 2011,2015-16,1.7085687314858573,1.7085687314858573,0.0,
CAPSNB,November 2011,2016-17,0.5767250228560733,0.5767250228560733,0.0,
CAPSNB,March 2012,2010-11,6.984898910335767,6.984898910335767,0.0,
CAPSNB,March 2012,2011-12,6.390235151715595,6.390235151715595,0.0,
CAPSNB,March 2012,2012-13,3.970985834765565,3.970985834765565,0.0,
CAPSNB,March 2012,2013-14,4.145565605704366,4.145565605704366,0.0,
CAPSNB,March 2012,2014-15,2.861160221861101,2.861160221861101,0.0,
CAPSNB,March 2012,2015-16,1.8845577306125811,1.8845577306125811,0.0,
CAPSNB,March 2012,2016-17,0.6864091463156776,0.6864091463156776,0.0,
CAPSNB,March 2012,2017-18,1.5704068197978518,1.5704068197978518,0.0,
CAPSNB,December 2012,2011-12,6.012308315627232,6.012308315627232,0.0,
CAPSNB,December 2012,2012-13,3.0054218146139453,3.0054218146139453,0.0,
CAPSNB,December 2012,2013-14,3.7573168449480336,3.7573168449480336,0.0,
CAPSNB,December 2012,2014-15,2.8747864797499876,2.8747864797499876,0.0,
CAPSNB,December 2012,2015-16,2.0340245672998436,2.0340245672998436,0.0,
CAPSNB,December 2012,2016-17,0.8700485268838465,0.8700485268838465,0.0,
CAPSNB,December 2012,2017-18,0.2684752621805577,0.2684752621805577,0.0,
CAPSNB,March 2013,2011-12,6.032094400585692,6.032094400585692,0.0,
CAPSNB,March 2013,2012-13,3.6343147214738467,3.6343147214738467,0.0,
CAPSNB,March 2013,2013-14,4.322451833219648,4.322451833219648,0.0,
CAPSNB,March 2013,2014-15,3.3235888668122158,3.3235888668122158,0.0,
CAPSNB,March 2013,2015-16,2.6832733109108515,2.6832733109108515,0.0,
CAPSNB,March 2013,2016-17,1.3428734965747648,1.3428734965747648,0.0,
CAPSNB,March 2013,2017-18,0.6161658238174348,0.6161658238174348,0.0,
CAPSNB,December 2013,2012-13,3.275804396992325,3.275804396992325,0.0,
CAPSNB,December 2013,2013-14,4.43912485130292,4.43912485130292,0.0,
CAPSNB,December 2013,2014-15,3.60308556298689,3.60308556298689,0.0,
CAPSNB,December 2013,2015-16,2.9092088801981424,2.9092088801981424,0.0,
CAPSNB,December 2013,2016-17,1.727751734674762,1.727751734674762,0.0,
CAPSNB,December 2013,2017-18,0.7653005606380527,0.7653005606380527,0.0,
CAPSNB,December 2013,2018-19,-0.08594712184434963,-0.08594712184434963,0.0,
CAPSNB,March 2014,2012-13,3.1407292091244123,3.1407292091244123,0.0,
CAPSNB,March 2014,2013-14,4.281063513061867,4.281063513061867,0.0,
CAPSNB,March 2014,2014-15,3.8308797382851703,3.8308797382851703,0.0,
CAPSNB,March 2014,2015-16,3.0397379047048125,3.0397379047048125,0.0,
CAPSNB,March 2014,2016-17,1.699182089449505,1.699182089449505,0.0,
CAPSNB,March 2014,2017-18,0.6878543663237546,0.6878543663237546,0.0,
CAPSNB,March 2014,2018-19,-0.09508820059819241,-0.09508820059819241,0.0,
CAPSNB,December 2014,2013-14,4.071898467501045,4.071898467501045,0.0,
CAPSNB,December 2014,2014-15,4.247436501810676,4.247436501810676,0.0,
CAPSNB,December 2014,2015-16,3.601671890198887,3.601671890198887,0.0,
CAPSNB,December 2014,2016-17,1.7766409538673293,1.7766409538673293,0.0,
CAPSNB,December 2014,2017-18,0.5343188542820204,0.5343188542820204,0.0,
CAPSNB,December 2014,2018-19,-0.2841348750635454,-0.2841348750635454,0.0,
CAPSNB,December 2014,2019-20,-1.0698859418661635,-1.0698859418661635,0.0,
CAPSNB,March 2015,2013-14,4.066070899279623,4.066070899279623,0.0,
CAPSNB,March 2015,2014-15,4.212516040208825,4.212516040208825,0.0,
CAPSNB,March 2015,2015-16,3.664126760265157,3.664126760265157,0.0,
CAPSNB,March 2015,2016-17,1.868565972690845,1.868565972690845,0.0,
CAPSNB,March 2015,2017-18,0.5846930349159818,0.5846930349159818,0.0,
CAPSNB,March 2015,2018-19,-0.25435293897215483,-0.25435293897215483,0.0,
CAPSNB,March 2015,2019-20,-0.316684203734381,-0.316684203734381,0.0,
CAPSNB,July 2015,2014-15,4.141118450501381,4.141118450501381,0.0,
CAPSNB,July 2015,2015-16,3.2483492875213766,3.2483492875213766,0.0,
CAPSNB,July 2015,2016-17,1.9631399166714991,1.9631399166714991,0.0,
CAPSNB,July 2015,2017-18,1.0820330407105216,1.0820330407105216,0.0,
CAPSNB,July 2015,2018-19,0.2742296002355231,0.2742296002355231,0.0,
CAPSNB,July 2015,2019-20,-0.45117158176020994,-0.45117158176020994,0.0,
CAPSNB,July 2015,2020-21,-0.4993422109531186,-0.4993422109531186,0.0,
CAPSNB,November 2015,2014-15,4.3853450549399735,4.3853450549399735,0.0,
CAPSNB,November 2015,2015-16,3.375096177203076,3.375096177203076,0.0,
CAPSNB,November 2015,2016-17,2.258606062554088,2.258606062554088,0.0,
CAPSNB,November 2015,2017-18,1.1031708568914498,1.1031708568914498,0.0,
CAPSNB,November 2015,2018-19,0.1931211479818082,0.1931211479818082,0.0,
CAPSNB,November 2015,2019-20,-0.4526290112137519,-0.4526290112137519,0.0,
CAPSNB,November 2015,2020-21,-0.6248493125429576,-0.6248493125429576,0.0,
CAPSNB,March 2016,2014-15,4.265530143052652,4.265530143052652,0.0,
CAPSNB,March 2016,2015-16,3.572683249881439,3.572683249881439,0.0,
CAPSNB,March 2016,2016-17,2.745126126354615,2.745126126354615,0.0,
CAPSNB,March 2016,2017-18,1.9284855894087316,1.9284855894087316,0.0,
CAPSNB,March 2016,2018-19,1.0359907012077594,1.0359907012077594,0.0,
CAPSNB,March 2016,2019-20,-0.49750189572693415,-0.49750189572693415,0.0,
CAPSNB,March 2016,2020-21,-0.4970018830634347,-0.4970018830634347,0.0,
CAPSNB,November 2016,2015-16,3.8017231076966493,3.8017231076966493,0.0,
CAPSNB,November 2016,2016-17,3.327469499719383,3.327469499719383,0.0,
CAPSNB,November 2016,2017-18,2.565742016162747,2.565742016162747,0.0,
CAPSNB,November 2016,2018-19,1.8202343896374318,1.8202343896374318,0.0,
CAPSNB,November 2016,2019-20,0.7647581645937525,0.7647581645937525,0.0,
CAPSNB,November 2016,2020-21,0.8199029412194517,0.8199029412194517,0.0,
CAPSNB,November 2016,2021-22,0.7110095197295385,0.7110095197295385,0.0,
CAPSNB,March 2017,2015-16,3.575317907812645,3.575317907812645,0.0,
CAPSNB,March 2017,2016-17,2.634857713983449,2.634857713983449,0.0,
CAPSNB,March 2017,2017-18,2.925141609500765,2.925141609500765,0.0,
CAPSNB,March 2017,2018-19,1.9279915124495877,1.9279915124495877,0.0,
CAPSNB,March 2017,2019-20,0.9131713022311057,0.9131713022311057,0.0,
CAPSNB,March 2017,2020-21,0.8553632609542033,0.8553632609542033,0.0,
CAPSNB,March 2017,2021-22,0.7031185640674108,0.7031185640674108,0.0,
CAPSNB,November 2017,2016-17,2.1693304577931642,2.1693304577931642,0.0,
CAPSNB,November 2017,2017-18,2.348476009208408,2.348476009208408,0.0,
CAPSNB,November 2017,2018-19,1.8062064504640354,1.8062064504640354,0.0,
CAPSNB,November 2017,2019-20,1.4981320716471256,1.4981320716471256,0.0,
CAPSNB,November 2017,2020-21,1.336629620542995,1.336629620542995,0.0,
CAPSNB,November 2017,2021-22,1.2210394376555893,1.2210394376555893,0.0,
CAPSNB,November 2017,2022-23,1.0543254620475735,1.0543254620475735,0.0,
CAPSNB,March 2018,2016-17,2.2636257422431387,2.2636257422431387,0.0,
CAPSNB,March 2018,2017-18,2.2754841846893736,2.2754841846893736,0.0,
CAPSNB,March 2018,2018-19,1.9017070017801394,1.9017070017801394,0.0,
CAPSNB,March 2018,2019-20,1.6458665176402651,1.6458665176402651,0.0,
CAPSNB,March 2018,2020-21,1.3149761926477745,1.3149761926477745,0.0,
CAPSNB,March 2018,2021-22,1.1295754279011327,1.1295754279011327,0.0,
CAPSNB,March 2018,2022-23,0.895400129849521,0.895400129849521,0.0,
CAPSNB,October 2018,2017-18,1.9141215236054825,1.9141215236054825,0.0,
CAPSNB,October 2018,2018-19,1.3354611544248634,1.3354611544248634,0.0,
CAPSNB,October 2018,2019-20,1.6381049448959013,1.6381049448959013,0.0,
CAPSNB,October 2018,2020-21,1.3227787879858384,1.3227787879858384,0.0,
CAPSNB,October 2018,2021-22,1.1014208101819707,1.1014208101819707,0.0,
CAPSNB,October 2018,2022-23,0.9147283087408041,0.9147283087408041,0.0,
CAPSNB,October 2018,2023-24,0.8351720471200463,0.8351720471200463,0.0,
CAPSNB,March 2019,2017-18,2.009521481275904,2.009521481275904,0.0,
CAPSNB,March 2019,2018-19,1.1693478696850474,1.1693478696850474,0.0,
CAPSNB,March 2019,2019-20,1.3057301321429837,1.3057301321429837,0.0,
CAPSNB,March 2019,2020-21,0.8288738681420419,0.8288738681420419,0.0,
CAPSNB,March 2019,2021-22,0.6742270185955239,0.6742270185955239,0.0,
CAPSNB,March 2019,2022-23,0.5685452307363527,0.5685452307363527,0.0,
CAPSNB,March 2019,2023-24,0.5294966689607254,0.5294966689607254,0.0,
CAPSNB,March 2020,2018-19,1.9115692318660678,1.9115692318660678,0.0,
CAPSNB,March 2020,2019-20,2.16202373308804,2.16202373308804,0.0,
CAPSNB,March 2020,2020-21,2.4008306515835933,2.4008306515835933,0.0,
CAPSNB,March 2020,2021-22,2.9989804106628477,2.9989804106628477,0.0,
CAPSNB,March 2020,2022-23,2.7484894113533462,2.7484894113533462,0.0,
CAPSNB,March 2020,2023-24,2.4931682626709173,2.4931682626709173,0.0,
CAPSNB,March 2020,2024-25,2.2132020415818023,2.2132020415818023,0.0,
CAPSNB,November 2020,2019-20,2.604056106970906,2.604056106970906,0.0,
CAPSNB,November 2020,2020-21,18.57609276265397,18.57609276265397,0.0,
CAPSNB,November 2020,2021-22,6.6951228481093805,6.6951228481093805,0.0,
CAPSNB,November 2020,2022-23,3.9331677205819826,3.9331677205819826,0.0,
CAPSNB,November 2020,2023-24,3.8574027340507353,3.8574027340507353,0.0,
CAPSNB,November 2020,2024-25,3.7923933942507984,3.7923933942507984,0.0,
CAPSNB,November 2020,2025-26,3.807462381297008,3.807462381297008,0.0,
CAPSNB,March 2021,2019-20,2.6430028400680214,2.6430028400680214,0.0,
CAPSNB,March 2021,2020-21,16.4713949386257,16.4713949386257,0.0,
CAPSNB,March 2021,2021-22,9.68424361378875,9.68424361378875,0.0,
CAPSNB,March 2021,2022-23,4.17512403313975,4.17512403313975,0.0,
CAPSNB,March 2021,2023-24,3.3190750740666353,3.3190750740666353,0.0,
CAPSNB,March 2021,2024-25,2.819190493690907,2.819190493690907,0.0,
CAPSNB,March 2021,2025-26,2.733242861502932,2.733242861502932,0.0,
CAPSNB,October 2021,2020-21,15.088301159035472,15.088301159035472,0.0,
CAPSNB,October 2021,2021-22,8.250574710929818,8.250574710929818,0.0,
CAPSNB,October 2021,2022-23,3.8755433031336524,3.8755433031336524,0.0,
CAPSNB,October 2021,2023-24,2.7049115816107516,2.7049115816107516,0.0,
CAPSNB,October 2021,2024-25,1.8154251782014532,1.8154251782014532,0.0,
CAPSNB,October 2021,2025-26,1.6825295777326132,1.6825295777326132,0.0,
CAPSNB,October 2021,2026-27,1.5335816023919229,1.5335816023919229,0.0,
CAPSNB,March 2022,2020-21,14.8765754129167,14.8765754129167,0.0,
CAPSNB,March 2022,2021-22,6.0790162334271285,6.0790162334271285,0.0,
CAPSNB,March 2022,2022-23,4.37116879194238,4.37116879194238,0.0,
CAPSNB,March 2022,2023-24,1.8531579868229642,1.8531579868229642,0.0,
CAPSNB,March 2022,2024-25,1.3065847270211512,1.3065847270211512,0.0,
CAPSNB,March 2022,2025-26,1.250324236047252,1.250324236047252,0.0,
CAPSNB,March 2022,2026-27,1.0826967156863372,1.0826967156863372,0.0,
CAPSNB,November 2022,2021-22,6.532885064693587,6.532885064693587,0.0,
CAPSNB,November 2022,2022-23,7.48793867425812,7.48793867425812,0.0,
CAPSNB,November 2022,2023-24,4.084555230620207,4.084555230620207,0.0,
CAPSNB,November 2022,2024-25,1.5064687739493419,1.5064687739493419,0.0,
CAPSNB,November 2022,2025-26,1.7595089287171857,1.7595089287171857,0.0,
CAPSNB,November 2022,2026-27,2.424741343805939,2.424741343805939,0.0,
CAPSNB,November 2022,2027-28,2.2854497937197165,2.2854497937197165,0.0,
CAPSNB,November 2023,2022-23,5.998888500769076,5.998888500769076,0.0,
CAPSNB,November 2023,2023-24,4.79100401943315,4.79100401943315,0.0,
CAPSNB,November 2023,2024-25,2.6509879478611116,2.6509879478611116,0.0,
CAPSNB,November 2023,2025-26,2.1147475772156072,2.1147475772156072,0.0,
CAPSNB,November 2023,2026-27,1.9377081217938954,1.9377081217938954,0.0,
CAPSNB,November 2023,2027-28,1.4524727799544557,1.4524727799544557,0.0,
CAPSNB,November 2023,2028-29,1.0614309348894486,1.0614309348894486,0.0,
CAPSNB,March 2024,2022-23,5.911016850140298,5.911016850140298,0.0,
CAPSNB,March 2024,2023-24,4.273972767582454,4.273972767582454,0.0,
CAPSNB,March 2024,2024-25,2.7089205252899746,2.7089205252899746,0.0,
CAPSNB,March 2024,2025-26,2.2772478865552648,2.2772478865552648,0.0,
CAPSNB,March 2024,2026-27,2.1042322329727763,2.1042322329727763,0.0,
CAPSNB,March 2024,2027-28,1.5737042417568636,1.5737042417568636,0.0,
CAPSNB,March 2024,2028-29,1.2176610326856683,1.2176610326856683,0.0,
CAPSNB,October 2024,2023-24,4.693467162789186,4.693467162789186,0.0,
CAPSNB,October 2024,2024-25,4.414216234119023,4.414216234119023,0.0,
CAPSNB,October 2024,2025-26,3.654142054446017,3.654142054446017,0.0,
CAPSNB,October 2024,2026-27,3.1201695377528775,3.1201695377528775,0.0,
CAPSNB,October 2024,2027-28,2.462845263228825,2.462845263228825,0.0,
CAPSNB,October 2024,2028-29,2.2900162603203142,2.2900162603203142,0.0,
CAPSNB,October 2024,2029-30,2.1011109824743333,2.1011109824743333,0.0,
CAPSNB,March 2025,2023-24,4.986594332133521,4.986594332133521,0.0,
CAPSNB,March 2025,2024-25,4.581062787022034,4.581062787022034,0.0,
CAPSNB,March 2025,2025-26,3.6007042228491417,3.6007042228491417,0.0,
CAPSNB,March 2025,2026-27,2.9716194681891364,2.9716194681891364,0.0,
CAPSNB,March 2025,2027-28,2.465534336448677,2.465534336448677,0.0,
CAPSNB,March 2025,2028-29,2.3184495584467286,2.3184495584467286,0.0,
CAPSNB,March 2025,2029-30,2.137470016365039,2.137470016365039,0.0,
CAPSNB,November 2025,2024-25,4.919452426822869,4.919452426822869,0.0,
CAPSNB,November 2025,2025-26,4.1787900508652225,4.1787900508652225,0.0,
CAPSNB,November 2025,2026-27,3.228825637144261,3.228825637144261,0.0,
CAPSNB,November 2025,2027-28,2.8416595686424446,2.8416595686424446,0.0,
CAPSNB,November 2025,2028-29,2.5005556056916296,2.5005556056916296,0.0,
CAPSNB,November 2025,2029-30,1.917928700622854,1.917928700622854,0.0,
CAPSNB,November 2025,2030-31,1.8475965100324487,1.8475965100324487,0.0,
CAPSNB,March 2026,2024-25,5.002501850646101,5.002501850646101,0.0,
CAPSNB,March 2026,2025-26,3.859716100629395,3.859716100629395,0.0,
CAPSNB,March 2026,2026-27,3.098498986221585,3.098498986221585,0.0,
CAPSNB,March 2026,2027-28,2.5799157504523005,2.5799157504523005,0.0,
CAPSNB,March 2026,2028-29,2.3810511978560633,2.3810511978560633,0.0,
CAPSNB,March 2026,2029-30,1.7586822935249549,1.7586822935249549,0.0,
CAPSNB,March 2026,2030-31,1.614413772696991,1.614413772696991,0.0,
PSND,June 2010,2008-09,43.95587169645154,43.95587169645154,0.0,
PSND,June 2010,2009-10,53.53906026631432,53.53906026631432,0.0,
PSND,June 2010,2010-11,61.89735261744387,61.89735261744387,0.0,
PSND,June 2010,2011-12,67.1656412050138,67.1656412050138,0.0,
PSND,June 2010,2012-13,69.81049174539015,69.81049174539015,0.0,
PSND,June 2010,2013-14,70.34100523044368,70.34100523044368,0.0,
PSND,June 2010,2014-15,69.36238189107029,69.36238189107029,0.0,
PSND,June 2010,2015-16,67.3582056856431,67.3582056856431,0.0,
PSND,November 2010,2009-10,53.50532662160299,53.50532662160299,0.0,
PSND,November 2010,2010-11,60.839865966564,60.839865966564,0.0,
PSND,November 2010,2011-12,66.29959456459132,66.29959456459132,0.0,
PSND,November 2010,2012-13,69.10755493018615,69.10755493018615,0.0,
PSND,November 2010,2013-14,69.66355299993954,69.66355299993954,0.0,
PSND,November 2010,2014-15,68.80102529931041,68.80102529931041,0.0,
PSND,November 2010,2015-16,67.23216421297343,67.23216421297343,0.0,
PSND,March 2011,2009-10,52.67432288007523,52.67432288007523,0.0,
PSND,March 2011,2010-11,60.333705391483626,60.333705391483626,0.0,
PSND,March 2011,2011-12,66.09326871143134,66.09326871143134,0.0,
PSND,March 2011,2012-13,69.6966767853166,69.6966767853166,0.0,
PSND,March 2011,2013-14,70.87423801527461,70.87423801527461,0.0,
PSND,March 2011,2014-15,70.50715739694623,70.50715739694623,0.0,
PSND,March 2011,2015-16,69.08182452691152,69.08182452691152,0.0,
PSND,November 2011,2010-11,60.526358015446824,60.526358015446824,0.0,
PSND,November 2011,2011-12,67.45828704848648,67.45828704848648,0.0,
PSND,November 2011,2012-13,73.27472838384647,73.27472838384647,0.0,
PSND,November 2011,2013-14,76.57669947073737,76.57669947073737,0.0,
PSND,November 2011,2014-15,77.99334803414018,77.99334803414018,0.0,
PSND,November 2011,2015-16,77.689200159931,77.689200159931,0.0,
PSND,November 2011,2016-17,75.81713929936193,75.81713929936193,0.0,
PSND,March 2012,2010-11,60.52915033868377,60.52915033868377,0.0,
PSND,March 2012,2011-12,67.25126590334001,67.25126590334001,0.0,
PSND,March 2012,2012-13,71.92287490765742,71.92287490765742,0.0,
PSND,March 2012,2013-14,75.04176959170879,75.04176959170879,0.0,
PSND,March 2012,2014-15,76.33148760584054,76.33148760584054,0.0,
PSND,March 2012,2015-16,76.03972889133392,76.03972889133392,0.0,
PSND,March 2012,2016-17,74.27112015543213,74.27112015543213,0.0,
PSND,December 2012,2011-12,71.26450120734516,71.26450120734516,0.0,
PSND,December 2012,2012-13,74.7074004723706,74.7074004723706,0.0,
PSND,December 2012,2013-14,76.81501062212467,76.81501062212467,0.0,
PSND,December 2012,2014-15,78.96974343236828,78.96974343236828,0.0,
PSND,December 2012,2015-16,79.93137368477208,79.93137368477208,0.0,
PSND,December 2012,2016-17,79.17534689025942,79.17534689025942,0.0,
PSND,December 2012,2017-18,77.26672578346879,77.26672578346879,0.0,
PSND,March 2013,2011-12,71.81786531221834,71.81786531221834,0.0,
PSND,March 2013,2012-13,75.89069030374796,75.89069030374796,0.0,
PSND,March 2013,2013-14,79.16166257616983,79.16166257616983,0.0,
PSND,March 2013,2014-15,82.63468282863548,82.63468282863548,0.0,
PSND,March 2013,2015-16,85.07810602649394,85.07810602649394,0.0,
PSND,March 2013,2016-17,85.58806181087654,85.58806181087654,0.0,
PSND,March 2013,2017-18,84.75584117704345,84.75584117704345,0.0,
PSND,December 2013,2012-13,73.92629883835463,73.92629883835463,0.0,
PSND,December 2013,2013-14,75.52210164659017,75.52210164659017,0.0,
PSND,December 2013,2014-15,78.28955755403774,78.28955755403774,0.0,
PSND,December 2013,2015-16,79.9622512854015,79.9622512854015,0.0,
PSND,December 2013,2016-17,79.85233477340759,79.85233477340759,0.0,
PSND,December 2013,2017-18,78.40296595506521,78.40296595506521,0.0,
PSND,December 2013,2018-19,75.93762586783185,75.93762586783185,0.0,
PSND,March 2014,2012-13,74.20917947263396,74.20917947263396,0.0,
PSND,March 2014,2013-14,74.54003852193513,74.54003852193513,0.0,
PSND,March 2014,2014-15,77.28106572001239,77.28106572001239,0.0,
PSND,March 2014,2015-16,78.74241355241213,78.74241355241213,0.0,
PSND,March 2014,2016-17,78.26512704541837,78.26512704541837,0.0,
PSND,March 2014,2017-18,76.54613856703618,76.54613856703618,0.0,
PSND,March 2014,2018-19,74.15096607145696,74.15096607145696,0.0,
PSND,December 2014,2013-14,78.80835384287676,78.80835384287676,0.0,
PSND,December 2014,2014-15,80.35852251167888,80.35852251167888,0.0,
PSND,December 2014,2015-16,81.1254571164797,81.1254571164797,0.0,
PSND,December 2014,2016-17,80.67265429798948,80.67265429798948,0.0,
PSND,December 2014,2017-18,78.76047696143831,78.76047696143831,0.0,
PSND,December 2014,2018-19,76.1581665408066,76.1581665408066,0.0,
PSND,December 2014,2019-20,72.8331711243614,72.8331711243614,0.0,
PSND,March 2015,2013-14,79.0852486072231,79.0852486072231,0.0,
PSND,March 2015,2014-15,80.39739226555606,80.39739226555606,0.0,
PSND,March 2015,2015-16,80.24602586830696,80.24602586830696,0.0,
PSND,March 2015,2016-17,79.7795636600243,79.7795636600243,0.0,
PSND,March 2015,2017-18,77.79821997554552,77.79821997554552,0.0,
PSND,March 2015,2018-19,74.78192583860579,74.78192583860579,0.0,
PSND,March 2015,2019-20,71.60516985993209,71.60516985993209,0.0,
PSND,July 2015,2014-15,80.78817412527061,80.78817412527061,0.0,
PSND,July 2015,2015-16,80.27439794882298,80.27439794882298,0.0,
PSND,July 2015,2016-17,79.14095701577659,79.14095701577659,0.0,
PSND,July 2015,2017-18,77.22172031369875,77.22172031369875,0.0,
PSND,July 2015,2018-19,74.68598908752358,74.68598908752358,0.0,
PSND,July 2015,2019-20,71.48303844043087,71.48303844043087,0.0,
PSND,July 2015,2020-21,68.45929119045421,68.45929119045421,0.0,
PSND,November 2015,2014-15,83.0907196197758,83.0907196197758,0.0,
PSND,November 2015,2015-16,82.46417696008265,82.46417696008265,0.0,
PSND,November 2015,2016-17,81.72224463081649,81.72224463081649,0.0,
PSND,November 2015,2017-18,79.90052053205045,79.90052053205045,0.0,
PSND,November 2015,2018-19,77.26110880311093,77.26110880311093,0.0,
PSND,November 2015,2019-20,74.26134046244894,74.26134046244894,0.0,
PSND,November 2015,2020-21,71.3008957379254,71.3008957379254,0.0,
PSND,March 2016,2014-15,83.32956227737301,83.32956227737301,0.0,
PSND,March 2016,2015-16,83.7468064943011,83.7468064943011,0.0,
PSND,March 2016,2016-17,82.63003869288833,82.63003869288833,0.0,
PSND,March 2016,2017-18,81.29101611624671,81.29101611624671,0.0,
PSND,March 2016,2018-19,79.90752144942425,79.90752144942425,0.0,
PSND,March 2016,2019-20,77.19938971199112,77.19938971199112,0.0,
PSND,March 2016,2020-21,74.73064751542726,74.73064751542726,0.0,
PSND,November 2016,2015-16,84.2164210530721,84.2164210530721,0.0,
PSND,November 2016,2016-17,87.30219464901698,87.30219464901698,0.0,
PSND,November 2016,2017-18,90.18761233525457,90.18761233525457,0.0,
PSND,November 2016,2018-19,89.67269994615229,89.67269994615229,0.0,
PSND,November 2016,2019-20,88.02110022901866,88.02110022901866,0.0,
PSND,November 2016,2020-21,84.8478455120745,84.8478455120745,0.0,
PSND,November 2016,2021-22,81.56367930802331,81.56367930802331,0.0,
PSND,March 2017,2015-16,83.61166575118514,83.61166575118514,0.0,
PSND,March 2017,2016-17,86.5710265817741,86.5710265817741,0.0,
PSND,March 2017,2017-18,88.79521221015321,88.79521221015321,0.0,
PSND,March 2017,2018-19,88.49685053952166,88.49685053952166,0.0,
PSND,March 2017,2019-20,86.90410526899825,86.90410526899825,0.0,
PSND,March 2017,2020-21,82.97657437085601,82.97657437085601,0.0,
PSND,March 2017,2021-22,79.79560466610242,79.79560466610242,0.0,
PSND,November 2017,2016-17,85.80869565217391,85.80869565217391,0.0,
PSND,November 2017,2017-18,86.45576322004754,86.45576322004754,0.0,
PSND,November 2017,2018-19,86.42208420238052,86.42208420238052,0.0,
PSND,November 2017,2019-20,86.10845032728687,86.10845032728687,0.0,
PSND,November 2017,2020-21,83.134736863824,83.134736863824,0.0,
PSND,November 2017,2021-22,79.28850944368945,79.28850944368945,0.0,
PSND,November 2017,2022-23,79.05444332608239,79.05444332608239,0.0,
PSND,March 2018,2016-17,85.30145478795663,85.30145478795663,0.0,
PSND,March 2018,2017-18,85.56758302763146,85.56758302763146,0.0,
PSND,March 2018,2018-19,85.5193183630905,85.5193183630905,0.0,
PSND,March 2018,2019-20,85.10750912708872,85.10750912708872,0.0,
PSND,March 2018,2020-21,82.10086509129,82.10086509129,0.0,
PSND,March 2018,2021-22,78.32555522847848,78.32555522847848,0.0,
PSND,March 2018,2022-23,77.94118246085824,77.94118246085824,0.0,
PSND,October 2018,2017-18,85.04716103884805,85.04716103884805,0.0,
PSND,October 2018,2018-19,83.67514610216088,83.67514610216088,0.0,
PSND,October 2018,2019-20,82.84122936186044,82.84122936186044,0.0,
PSND,October 2018,2020-21,79.67032817967097,79.67032817967097,0.0,
PSND,October 2018,2021-22,75.68739619217094,75.68739619217094,0.0,
PSND,October 2018,2022-23,75.0382617872925,75.0382617872925,0.0,
PSND,October 2018,2023-24,74.0502739267855,74.0502739267855,0.0,
PSND,March 2019,2017-18,84.70440121002206,84.70440121002206,0.0,
PSND,March 2019,2018-19,83.31282030021875,83.31282030021875,0.0,
PSND,March 2019,2019-20,82.22804229024774,82.22804229024774,0.0,
PSND,March 2019,2020-21,78.98168170248225,78.98168170248225,0.0,
PSND,March 2019,2021-22,74.9258442470569,74.9258442470569,0.0,
PSND,March 2019,2022-23,74.0261992059971,74.0261992059971,0.0,
PSND,March 2019,2023-24,72.98069448909686,72.98069448909686,0.0,
PSND,March 2020,2018-19,80.64699489334225,80.64699489334225,0.0,
PSND,March 2020,2019-20,79.49387119010599,79.49387119010599,0.0,
PSND,March 2020,2020-21,77.43581593295946,77.43581593295946,0.0,
PSND,March 2020,2021-22,74.9935079416523,74.9935079416523,0.0,
PSND,March 2020,2022-23,75.40929496310068,75.40929496310068,0.0,
PSND,March 2020,2023-24,75.55735959012208,75.55735959012208,0.0,
PSND,March 2020,2024-25,75.22503770291607,75.22503770291607,0.0,
PSND,November 2020,2019-20,85.45467058066936,85.45467058066936,0.0,
PSND,November 2020,2020-21,105.19318718679031,105.19318718679031,0.0,
PSND,November 2020,2021-22,108.03806200505508,108.03806200505508,0.0,
PSND,November 2020,2022-23,108.57978799761243,108.57978799761243,0.0,
PSND,November 2020,2023-24,109.41772646301588,109.41772646301588,0.0,
PSND,November 2020,2024-25,104.9700048784463,104.9700048784463,0.0,
PSND,November 2020,2025-26,104.74934332429669,104.74934332429669,0.0,
PSND,March 2021,2019-20,84.3856511543546,84.3856511543546,0.0,
PSND,March 2021,2020-21,100.18536190439913,100.18536190439913,0.0,
PSND,March 2021,2021-22,107.35821544973156,107.35821544973156,0.0,
PSND,March 2021,2022-23,108.99735751435642,108.99735751435642,0.0,
PSND,March 2021,2023-24,109.68430399239712,109.68430399239712,0.0,
PSND,March 2021,2024-25,106.1770400913515,106.1770400913515,0.0,
PSND,March 2021,2025-26,103.76445646039882,103.76445646039882,0.0,
PSND,October 2021,2020-21,96.60589853199598,96.60589853199598,0.0,
PSND,October 2021,2021-22,98.20252323643729,98.20252323643729,0.0,
PSND,October 2021,2022-23,97.89831924398193,97.89831924398193,0.0,
PSND,October 2021,2023-24,97.80540922340286,97.80540922340286,0.0,
PSND,October 2021,2024-25,94.67193224354546,94.67193224354546,0.0,
PSND,October 2021,2025-26,90.5462610049816,90.5462610049816,0.0,
PSND,October 2021,2026-27,87.95617439848556,87.95617439848556,0.0,
PSND,March 2022,2020-21,93.97791096403091,93.97791096403091,0.0,
PSND,March 2022,2021-22,95.55115729007633,95.55115729007633,0.0,
PSND,March 2022,2022-23,95.47154083150626,95.47154083150626,0.0,
PSND,March 2022,2023-24,94.0806297413571,94.0806297413571,0.0,
PSND,March 2022,2024-25,91.23725489068549,91.23725489068549,0.0,
PSND,March 2022,2025-26,85.81358144443757,85.81358144443757,0.0,
PSND,March 2022,2026-27,83.12144090843142,83.12144090843142,0.0,
PSND,November 2022,2021-22,97.42334434205216,97.42334434205216,0.0,
PSND,November 2022,2022-23,101.86249196661244,101.86249196661244,0.0,
PSND,November 2022,2023-24,106.70332284928068,106.70332284928068,0.0,
PSND,November 2022,2024-25,105.787431958863,105.787431958863,0.0,
PSND,November 2022,2025-26,101.69865378669225,101.69865378669225,0.0,
PSND,November 2022,2026-27,99.98543198094303,99.98543198094303,0.0,
PSND,November 2022,2027-28,99.2725938728373,99.2725938728373,0.0,
PSND,March 2023,2021-22,96.90180513613058,96.90180513613058,0.0,
PSND,March 2023,2022-23,100.61452354384876,100.61452354384876,0.0,
PSND,March 2023,2023-24,103.07297306834747,103.07297306834747,0.0,
PSND,March 2023,2024-25,102.41793534613718,102.41793534613718,0.0,
PSND,March 2023,2025-26,99.0998257594705,99.0998257594705,0.0,
PSND,March 2023,2026-27,97.60294554030166,97.60294554030166,0.0,
PSND,March 2023,2027-28,96.93231824506492,96.93231824506492,0.0,
PSND,November 2023,2022-23,95.78946230752965,95.78946230752965,0.0,
PSND,November 2023,2023-24,97.86967135757833,97.86967135757833,0.0,
PSND,November 2023,2024-25,98.62674499354118,98.62674499354118,0.0,
PSND,November 2023,2025-26,96.28181256870472,96.28181256870472,0.0,
PSND,November 2023,2026-27,95.5099080789666,95.5099080789666,0.0,
PSND,November 2023,2027-28,95.0007589055195,95.0007589055195,0.0,
PSND,November 2023,2028-29,94.10550251775372,94.10550251775372,0.0,
PSND,March 2024,2022-23,95.72681786915676,95.72681786915676,0.0,
PSND,March 2024,2023-24,97.58933258838621,97.58933258838621,0.0,
PSND,March 2024,2024-25,98.77757947539297,98.77757947539297,0.0,
PSND,March 2024,2025-26,96.35730672009444,96.35730672009444,0.0,
PSND,March 2024,2026-27,95.47982152920437,95.47982152920437,0.0,
PSND,March 2024,2027-28,95.06162489706954,95.06162489706954,0.0,
PSND,March 2024,2028-29,94.29871951461242,94.29871951461242,0.0,
PSND,October 2024,2023-24,97.81036792312999,97.81036792312999,0.0,
PSND,October 2024,2024-25,98.39558667527487,98.39558667527487,0.0,
PSND,October 2024,2025-26,96.92174393685228,96.92174393685228,0.0,
PSND,October 2024,2026-27,96.96630050751573,96.96630050751573,0.0,
PSND,October 2024,2027-28,97.24596903335447,97.24596903335447,0.0,
PSND,October 2024,2028-29,97.33993166656225,97.33993166656225,0.0,
PSND,October 2024,2029-30,97.14798489801774,97.14798489801774,0.0,
PSND,March 2025,2023-24,95.48290757826248,95.48290757826248,0.0,
PSND,March 2025,2024-25,95.86099372672639,95.86099372672639,0.0,
PSND,March 2025,2025-26,95.11811678877498,95.11811678877498,0.0,
PSND,March 2025,2026-27,95.76532271050873,95.76532271050873,0.0,
PSND,March 2025,2027-28,96.13869822947353,96.13869822947353,0.0,
PSND,March 2025,2028-29,96.2618825755811,96.2618825755811,0.0,
PSND,March 2025,2029-30,96.11404704973616,96.11404704973616,0.0,
PSND,November 2025,2024-25,93.62175841179725,93.62175841179725,0.0,
PSND,November 2025,2025-26,95.02616627132487,95.02616627132487,0.0,
PSND,November 2025,2026-27,95.29618472213181,95.29618472213181,0.0,
PSND,November 2025,2027-28,96.34662198866825,96.34662198866825,0.0,
PSND,November 2025,2028-29,96.9878206085874,96.9878206085874,0.0,
PSND,November 2025,2029-30,96.83581652247423,96.83581652247423,0.0,
PSND,November 2025,2030-31,96.06547998291764,96.06547998291764,0.0,
PSND,March 2026,2024-25,93.16136288446387,93.16136288446387,0.0,
PSND,March 2026,2025-26,94.3099037091431,94.3099037091431,0.0,
PSND,March 2026,2026-27,94.81498656094189,94.81498656094189,0.0,
PSND,March 2026,2027-28,95.73870802790519,95.73870802790519,0.0,
PSND,March 2026,2028-29,96.2810686661722,96.2810686661722,0.0,
PSND,March 2026,2029-30,96.0650910412703,96.0650910412703,0.0,
PSND,March 2026,2030-31,95.05096430004195,95.05096430004195,0.0,
NGDP,June 2010,2008-09,1434.0,1434.0,0.0,
NGDP,June 2010,2009-10,1408.0,1408.0,0.0,
NGDP,June 2010,2010-11,1474.0,1474.0,0.0,
NGDP,June 2010,2011-12,1539.0,1539.0,0.0,
NGDP,June 2010,2012-13,1620.0,1620.0,0.0,
NGDP,June 2010,2013-14,1710.0,1710.0,0.0,
NGDP,June 2010,2014-15,1803.0,1803.0,0.0,
NGDP,June 2010,2015-16,1902.0,1902.0,0.0,
NGDP,November 2010,2009-10,1403.0,1403.0,0.0,
NGDP,November 2010,2010-11,1483.0,1483.0,0.0,
NGDP,November 2010,2011-12,1550.0,1550.0,0.0,
NGDP,November 2010,2012-13,1628.0,1628.0,0.0,
NGDP,November 2010,2013-14,1721.0,1721.0,0.0,
NGDP,November 2010,2014-15,1817.0,1817.0,0.0,
NGDP,November 2010,2015-16,1916.0,1916.0,0.0,
NGDP,March 2011,2009-10,1405.0,1405.0,0.0,
NGDP,March 2011,2010-11,1473.0,1473.0,0.0,
NGDP,March 2011,2011-12,1544.0,1544.0,0.0,
NGDP,March 2011,2012-13,1625.0,1625.0,0.0,
NGDP,March 2011,2013-14,1717.0,1717.0,0.0,
NGDP,March 2011,2014-15,1814.0,1814.0,0.0,
NGDP,March 2011,2015-16,1915.0,1915.0,0.0,
NGDP,November 2011,2010-11,1477.0,1477.0,0.0,
NGDP,November 2011,2011-12,1521.0,1521.0,0.0,
NGDP,November 2011,2012-13,1577.0,1577.0,0.0,
NGDP,November 2011,2013-14,1654.0,1654.0,0.0,
NGDP,November 2011,2014-15,1743.0,1743.0,0.0,
NGDP,November 2011,2015-16,1842.0,1842.0,0.0,
NGDP,November 2011,2016-17,1945.0,1945.0,0.0,
NGDP,March 2012,2010-11,1478.0,1478.0,0.0,
NGDP,March 2012,2011-12,1521.0,1521.0,0.0,
NGDP,March 2012,2012-13,1576.0,1576.0,0.0,
NGDP,March 2012,2013-14,1652.0,1652.0,0.0,
NGDP,March 2012,2014-15,1740.0,1740.0,0.0,
NGDP,March 2012,2015-16,1839.0,1839.0,0.0,
NGDP,March 2012,2016-17,1941.0,1941.0,0.0,
NGDP,December 2012,2011-12,1529.0,1529.0,0.0,
NGDP,December 2012,2012-13,1564.0,1564.0,0.0,
NGDP,December 2012,2013-14,1620.0,1620.0,0.0,
NGDP,December 2012,2014-15,1689.0,1689.0,0.0,
NGDP,December 2012,2015-16,1763.0,1763.0,0.0,
NGDP,December 2012,2016-17,1848.0,1848.0,0.0,
NGDP,December 2012,2017-18,1939.0,1939.0,0.0,
NGDP,March 2013,2011-12,1526.0,1526.0,0.0,
NGDP,March 2013,2012-13,1546.0,1546.0,0.0,
NGDP,March 2013,2013-14,1595.0,1595.0,0.0,
NGDP,March 2013,2014-15,1658.0,1658.0,0.0,
NGDP,March 2013,2015-16,1728.0,1728.0,0.0,
NGDP,March 2013,2016-17,1806.0,1806.0,0.0,
NGDP,March 2013,2017-18,1889.0,1889.0,0.0,
NGDP,December 2013,2012-13,1570.0,1570.0,0.0,
NGDP,December 2013,2013-14,1642.0,1642.0,0.0,
NGDP,December 2013,2014-15,1712.0,1712.0,0.0,
NGDP,December 2013,2015-16,1777.0,1777.0,0.0,
NGDP,December 2013,2016-17,1857.0,1857.0,0.0,
NGDP,December 2013,2017-18,1940.0,1940.0,0.0,
NGDP,December 2013,2018-19,2026.0,2026.0,0.0,
NGDP,March 2014,2012-13,1571.0,1571.0,0.0,
NGDP,March 2014,2013-14,1644.0,1644.0,0.0,
NGDP,March 2014,2014-15,1721.0,1721.0,0.0,
NGDP,March 2014,2015-16,1788.0,1788.0,0.0,
NGDP,March 2014,2016-17,1871.0,1871.0,0.0,
NGDP,March 2014,2017-18,1956.0,1956.0,0.0,
NGDP,March 2014,2018-19,2042.0,2042.0,0.0,
NGDP,December 2014,2013-14,1733.0,1733.0,0.0,
NGDP,December 2014,2014-15,1822.0,1822.0,0.0,
NGDP,December 2014,2015-16,1888.0,1888.0,0.0,
NGDP,December 2014,2016-17,1956.0,1956.0,0.0,
NGDP,December 2014,2017-18,2038.0,2038.0,0.0,
NGDP,December 2014,2018-19,2124.0,2124.0,0.0,
NGDP,December 2014,2019-20,2215.0,2215.0,0.0,
NGDP,March 2015,2013-14,1731.0,1731.0,0.0,
NGDP,March 2015,2014-15,1809.0,1809.0,0.0,
NGDP,March 2015,2015-16,1878.0,1878.0,0.0,
NGDP,March 2015,2016-17,1943.0,1943.0,0.0,
NGDP,March 2015,2017-18,2022.0,2022.0,0.0,
NGDP,March 2015,2018-19,2111.0,2111.0,0.0,
NGDP,March 2015,2019-20,2218.0,2218.0,0.0,
NGDP,July 2015,2014-15,1809.0,1809.0,0.0,
NGDP,July 2015,2015-16,1873.0,1873.0,0.0,
NGDP,July 2015,2016-17,1949.0,1949.0,0.0,
NGDP,July 2015,2017-18,2032.0,2032.0,0.0,
NGDP,July 2015,2018-19,2122.0,2122.0,0.0,
NGDP,July 2015,2019-20,2216.0,2216.0,0.0,
NGDP,July 2015,2020-21,2326.0,2326.0,0.0,
NGDP,November 2015,2014-15,1829.0,1829.0,0.0,
NGDP,November 2015,2015-16,1903.0,1903.0,0.0,
NGDP,November 2015,2016-17,1980.0,1980.0,0.0,
NGDP,November 2015,2017-18,2065.0,2065.0,0.0,
NGDP,November 2015,2018-19,2157.0,2157.0,0.0,
NGDP,November 2015,2019-20,2251.0,2251.0,0.0,
NGDP,November 2015,2020-21,2353.0,2353.0,0.0,
NGDP,March 2016,2014-15,1832.0,1832.0,0.0,
NGDP,March 2016,2015-16,1876.0,1876.0,0.0,
NGDP,March 2016,2016-17,1943.0,1943.0,0.0,
NGDP,March 2016,2017-18,2021.0,2021.0,0.0,
NGDP,March 2016,2018-19,2106.0,2106.0,0.0,
NGDP,March 2016,2019-20,2189.0,2189.0,0.0,
NGDP,March 2016,2020-21,2281.0,2281.0,0.0,
NGDP,November 2016,2015-16,1882.528,1882.528,0.0,
NGDP,November 2016,2016-17,1951.258,1951.258,0.0,
NGDP,November 2016,2017-18,2001.464,2001.464,0.0,
NGDP,November 2016,2018-19,2083.318,2083.318,0.0,
NGDP,November 2016,2019-20,2166.651,2166.651,0.0,
NGDP,November 2016,2020-21,2253.415,2253.415,0.0,
NGDP,November 2016,2021-22,2345.935,2345.935,0.0,
NGDP,March 2017,2015-16,1885.814,1885.814,0.0,
NGDP,March 2017,2016-17,1964.362,1964.362,0.0,
NGDP,March 2017,2017-18,2028.713,2028.713,0.0,
NGDP,March 2017,2018-19,2095.145,2095.145,0.0,
NGDP,March 2017,2019-20,2167.686,2167.686,0.0,
NGDP,March 2017,2020-21,2250.809,2250.809,0.0,
NGDP,March 2017,2021-22,2340.163,2340.163,0.0,
NGDP,November 2017,2016-17,1981.282,1981.282,0.0,
NGDP,November 2017,2017-18,2043.207,2043.207,0.0,
NGDP,November 2017,2018-19,2100.461,2100.461,0.0,
NGDP,November 2017,2019-20,2157.878,2157.878,0.0,
NGDP,November 2017,2020-21,2224.092,2224.092,0.0,
NGDP,November 2017,2021-22,2298.834,2298.834,0.0,
NGDP,November 2017,2022-23,2375.796,2375.796,0.0,
NGDP,October 2018,2017-18,2060.449,2060.449,0.0,
NGDP,October 2018,2018-19,2126.137,2126.137,0.0,
NGDP,October 2018,2019-20,2198.11,2198.11,0.0,
NGDP,October 2018,2020-21,2272.963,2272.963,0.0,
NGDP,October 2018,2021-22,2350.321,2350.321,0.0,
NGDP,October 2018,2022-23,2431.952,2431.952,0.0,
NGDP,October 2018,2023-24,2517.681,2517.681,0.0,
NGDP,March 2019,2017-18,2066.856,2066.856,0.0,
NGDP,March 2019,2018-19,2130.610551353243,2130.610551353243,0.0,
NGDP,March 2019,2019-20,2199.8386020017615,2199.8386020017615,0.0,
NGDP,March 2019,2020-21,2274.802204623041,2274.802204623041,0.0,
NGDP,March 2019,2021-22,2355.228521298027,2355.228521298027,0.0,
NGDP,March 2019,2022-23,2439.9459279175576,2439.9459279175576,0.0,
NGDP,March 2019,2023-24,2528.66517512895,2528.66517512895,0.0,
NGDP,March 2020,2018-19,2167.319,2167.319,0.0,
NGDP,March 2020,2019-20,2228.6731676338504,2228.6731676338504,0.0,
NGDP,March 2020,2020-21,2304.4648173416863,2304.4648173416863,0.0,
NGDP,March 2020,2021-22,2393.867832231814,2393.867832231814,0.0,
NGDP,March 2020,2022-23,2478.0935232278243,2478.0935232278243,0.0,
NGDP,March 2020,2023-24,2561.640408256634,2561.640408256634,0.0,
NGDP,March 2020,2024-25,2654.1777895484583,2654.1777895484583,0.0,
NGDP,November 2020,2019-20,2217.924,2217.924,0.0,
NGDP,November 2020,2020-21,2069.48754,2069.48754,0.0,
NGDP,November 2020,2021-22,2219.2877200000003,2219.2877200000003,0.0,
NGDP,November 2020,2022-23,2350.9103480000003,2350.9103480000003,0.0,
NGDP,November 2020,2023-24,2440.849576,2440.849576,0.0,
NGDP,November 2020,2024-25,2535.6465630000002,2535.6465630000002,0.0,
NGDP,November 2020,2025-26,2637.005729,2637.005729,0.0,
NGDP,March 2021,2019-20,2224.077,2224.077,0.0,
NGDP,March 2021,2020-21,2096.666705,2096.666705,0.0,
NGDP,March 2021,2021-22,2264.457567,2264.457567,0.0,
NGDP,March 2021,2022-23,2374.9158039999998,2374.9158039999998,0.0,
NGDP,March 2021,2023-24,2459.20887,2459.20887,0.0,
NGDP,March 2021,2024-25,2551.7308570000005,2551.7308570000005,0.0,
NGDP,March 2021,2025-26,2651.8579729999997,2651.8579729999997,0.0,
NGDP,October 2021,2020-21,2098.761,2098.761,0.0,
NGDP,October 2021,2021-22,2317.384139,2317.384139,0.0,
NGDP,October 2021,2022-23,2480.5833740000003,2480.5833740000003,0.0,
NGDP,October 2021,2023-24,2577.940012,2577.940012,0.0,
NGDP,October 2021,2024-25,2663.323451,2663.323451,0.0,
NGDP,October 2021,2025-26,2760.942574,2760.942574,0.0,
NGDP,October 2021,2026-27,2866.181291,2866.181291,0.0,
NGDP,March 2022,2020-21,2141.857,2141.857,0.0,
NGDP,March 2022,2021-22,2364.401845,2364.401845,0.0,
NGDP,March 2022,2022-23,2513.1708649999996,2513.1708649999996,0.0,
NGDP,March 2022,2023-24,2621.533944,2621.533944,0.0,
NGDP,March 2022,2024-25,2726.1665860000003,2726.1665860000003,0.0,
NGDP,March 2022,2025-26,2826.1718880000003,2826.1718880000003,0.0,
NGDP,March 2022,2026-27,2931.225562,2931.225562,0.0,
NGDP,November 2022,2021-22,2342.564,2342.564,0.0,
NGDP,November 2022,2022-23,2497.079335,2497.079335,0.0,
NGDP,November 2022,2023-24,2542.024041,2542.024041,0.0,
NGDP,November 2022,2024-25,2628.01441,2628.01441,0.0,
NGDP,November 2022,2025-26,2713.25653,2713.25653,0.0,
NGDP,November 2022,2026-27,2816.662666,2816.662666,0.0,
NGDP,November 2022,2027-28,2927.403303,2927.403303,0.0,
NGDP,March 2023,2021-22,2337.757,2337.757,0.0,
NGDP,March 2023,2022-23,2504.410141,2504.410141,0.0,
NGDP,March 2023,2023-24,2573.230812,2573.230812,0.0,
NGDP,March 2023,2024-25,2668.714824,2668.714824,0.0,
NGDP,March 2023,2025-26,2759.2632949999997,2759.2632949999997,0.0,
NGDP,March 2023,2026-27,2849.6647749999997,2849.6647749999997,0.0,
NGDP,March 2023,2027-28,2949.793716,2949.793716,0.0,
NGDP,November 2023,2022-23,2552.226,2552.226,0.0,
NGDP,November 2023,2023-24,2726.494404,2726.494404,0.0,
NGDP,November 2023,2024-25,2797.908723,2797.908723,0.0,
NGDP,November 2023,2025-26,2887.033966,2887.033966,0.0,
NGDP,November 2023,2026-27,2995.0533409999994,2995.0533409999994,0.0,
NGDP,November 2023,2027-28,3105.803743,3105.803743,0.0,
NGDP,November 2023,2028-29,3218.1519639999997,3218.1519639999997,0.0,
NGDP,March 2024,2022-23,2553.88,2553.88,0.0,
NGDP,March 2024,2023-24,2731.4948059999997,2731.4948059999997,0.0,
NGDP,March 2024,2024-25,2785.614026,2785.614026,0.0,
NGDP,March 2024,2025-26,2875.061568,2875.061568,0.0,
NGDP,March 2024,2026-27,2984.832096,2984.832096,0.0,
NGDP,March 2024,2027-28,3094.490406,3094.490406,0.0,
NGDP,March 2024,2028-29,3207.475562,3207.475562,0.0,
NGDP,October 2024,2023-24,2720.272,2720.272,0.0,
NGDP,October 2024,2024-25,2814.677127,2814.677127,0.0,
NGDP,October 2024,2025-26,2950.017241,2950.017241,0.0,
NGDP,October 2024,2026-27,3059.3962009999996,3059.3962009999996,0.0,
NGDP,October 2024,2027-28,3167.334586,3167.334586,0.0,
NGDP,October 2024,2028-29,3279.049422,3279.049422,0.0,
NGDP,October 2024,2029-30,3397.281412,3397.281412,0.0,
NGDP,March 2025,2023-24,2751.517,2751.517,0.0,
NGDP,March 2025,2024-25,2876.504013,2876.504013,0.0,
NGDP,March 2025,2025-26,2993.8517429999997,2993.8517429999997,0.0,
NGDP,March 2025,2026-27,3101.2963059999997,3101.2963059999997,0.0,
NGDP,March 2025,2027-28,3219.746666,3219.746666,0.0,
NGDP,March 2025,2028-29,3339.494087,3339.494087,0.0,
NGDP,March 2025,2029-30,3464.010559,3464.010559,0.0,
NGDP,November 2025,2024-25,2925.687,2925.687,0.0,
NGDP,November 2025,2025-26,3042.9074849999993,3042.9074849999993,0.0,
NGDP,November 2025,2026-27,3164.945075,3164.945075,0.0,
NGDP,November 2025,2027-28,3277.4884839999995,3277.4884839999995,0.0,
NGDP,November 2025,2028-29,3388.3980389999997,3388.3980389999997,0.0,
NGDP,November 2025,2029-30,3503.997179,3503.997179,0.0,
NGDP,November 2025,2030-31,3627.8688260000004,3627.8688260000004,0.0,
NGDP,March 2026,2024-25,2934.021,2934.021,0.0,
NGDP,March 2026,2025-26,3054.6661129999998,3054.6661129999998,0.0,
NGDP,March 2026,2026-27,3164.0740690000002,3164.0740690000002,0.0,
NGDP,March 2026,2027-28,3277.008494,3277.008494,0.0,
NGDP,March 2026,2028-29,3390.825258,3390.825258,0.0,
NGDP,March 2026,2029-30,3506.678576,3506.678576,0.0,
NGDP,March 2026,2030-31,3631.8314649999998,3631.8314649999998,0.0,
UKGDP,June 2010,2009,-4.9,-4.9,0.0,
UKGDP,June 2010,2010,1.2,1.2,0.0,
UKGDP,June 2010,2011,2.3,2.3,0.0,
UKGDP,June 2010,2012,2.8,2.8,0.0,
UKGDP,June 2010,2013,2.9,2.9,0.0,
UKGDP,June 2010,2014,2.7,2.7,0.0,
UKGDP,June 2010,2015,2.7,2.7,0.0,
UKGDP,November 2010,2009,-5.0,-5.0,0.0,
UKGDP,November 2010,2010,1.8,1.8,0.0,
UKGDP,November 2010,2011,2.1,2.1,0.0,
UKGDP,November 2010,2012,2.6,2.6,0.0,
UKGDP,November 2010,2013,2.9,2.9,0.0,
UKGDP,November 2010,2014,2.8,2.8,0.0,
UKGDP,November 2010,2015,2.7,2.7,0.0,
UKGDP,March 2011,2009,-4.9,-4.9,0.0,
UKGDP,March 2011,2010,1.3,1.3,0.0,
UKGDP,March 2011,2011,1.7,1.7,0.0,
UKGDP,March 2011,2012,2.5,2.5,0.0,
UKGDP,March 2011,2013,2.9,2.9,0.0,
UKGDP,March 2011,2014,2.9,2.9,0.0,
UKGDP,March 2011,2015,2.8,2.8,0.0,
UKGDP,November 2011,2010,1.8,1.8,0.0,
UKGDP,November 2011,2011,0.9,0.9,0.0,
UKGDP,November 2011,2012,0.7,0.7,0.0,
UKGDP,November 2011,2013,2.1,2.1,0.0,
UKGDP,November 2011,2014,2.7,2.7,0.0,
UKGDP,November 2011,2015,3.0,3.0,0.0,
UKGDP,November 2011,2016,3.0,3.0,0.0,
UKGDP,March 2012,2010,2.1,2.1,0.0,
UKGDP,March 2012,2011,0.8,0.8,0.0,
UKGDP,March 2012,2012,0.8,0.8,0.0,
UKGDP,March 2012,2013,2.0,2.0,0.0,
UKGDP,March 2012,2014,2.7,2.7,0.0,
UKGDP,March 2012,2015,3.0,3.0,0.0,
UKGDP,March 2012,2016,3.0,3.0,0.0,
UKGDP,December 2012,2011,0.9,0.9,0.0,
UKGDP,December 2012,2012,-0.1,-0.1,0.0,
UKGDP,December 2012,2013,1.2,1.2,0.0,
UKGDP,December 2012,2014,2.0,2.0,0.0,
UKGDP,December 2012,2015,2.3,2.3,0.0,
UKGDP,December 2012,2016,2.7,2.7,0.0,
UKGDP,December 2012,2017,2.8,2.8,0.0,
UKGDP,March 2013,2011,0.9,0.9,0.0,
UKGDP,March 2013,2012,0.2,0.2,0.0,
UKGDP,March 2013,2013,0.6,0.6,0.0,
UKGDP,March 2013,2014,1.8,1.8,0.0,
UKGDP,March 2013,2015,2.3,2.3,0.0,
UKGDP,March 2013,2016,2.7,2.7,0.0,
UKGDP,March 2013,2017,2.8,2.8,0.0,
UKGDP,December 2013,2012,0.1,0.1,0.0,
UKGDP,December 2013,2013,1.4,1.4,0.0,
UKGDP,December 2013,2014,2.4,2.4,0.0,
UKGDP,December 2013,2015,2.2,2.2,0.0,
UKGDP,December 2013,2016,2.6,2.6,0.0,
UKGDP,December 2013,2017,2.7,2.7,0.0,
UKGDP,December 2013,2018,2.7,2.7,0.0,
UKGDP,March 2014,2012,0.3,0.3,0.0,
UKGDP,March 2014,2013,1.8,1.8,0.0,
UKGDP,March 2014,2014,2.7,2.7,0.0,
UKGDP,March 2014,2015,2.3,2.3,0.0,
UKGDP,March 2014,2016,2.6,2.6,0.0,
UKGDP,March 2014,2017,2.6,2.6,0.0,
UKGDP,March 2014,2018,2.5,2.5,0.0,
UKGDP,December 2014,2013,1.7,1.7,0.0,
UKGDP,December 2014,2014,3.0,3.0,0.0,
UKGDP,December 2014,2015,2.4,2.4,0.0,
UKGDP,December 2014,2016,2.2,2.2,0.0,
UKGDP,December 2014,2017,2.4,2.4,0.0,
UKGDP,December 2014,2018,2.3,2.3,0.0,
UKGDP,December 2014,2019,2.3,2.3,0.0,
UKGDP,March 2015,2013,1.7,1.7,0.0,
UKGDP,March 2015,2014,2.6,2.6,0.0,
UKGDP,March 2015,2015,2.5,2.5,0.0,
UKGDP,March 2015,2016,2.3,2.3,0.0,
UKGDP,March 2015,2017,2.3,2.3,0.0,
UKGDP,March 2015,2018,2.3,2.3,0.0,
UKGDP,March 2015,2019,2.4,2.4,0.0,
UKGDP,July 2015,2014,3.0,3.0,0.0,
UKGDP,July 2015,2015,2.4,2.4,0.0,
UKGDP,July 2015,2016,2.3,2.3,0.0,
UKGDP,July 2015,2017,2.4,2.4,0.0,
UKGDP,July 2015,2018,2.4,2.4,0.0,
UKGDP,July 2015,2019,2.4,2.4,0.0,
UKGDP,July 2015,2020,2.4,2.4,0.0,
UKGDP,November 2015,2014,2.9,2.9,0.0,
UKGDP,November 2015,2015,2.4,2.4,0.0,
UKGDP,November 2015,2016,2.4,2.4,0.0,
UKGDP,November 2015,2017,2.5,2.5,0.0,
UKGDP,November 2015,2018,2.4,2.4,0.0,
UKGDP,November 2015,2019,2.3,2.3,0.0,
UKGDP,November 2015,2020,2.3,2.3,0.0,
UKGDP,March 2016,2014,2.85,2.85,0.0,
UKGDP,March 2016,2015,2.25,2.25,0.0,
UKGDP,March 2016,2016,2.0,2.0,0.0,
UKGDP,March 2016,2017,2.2,2.2,0.0,
UKGDP,March 2016,2018,2.1,2.1,0.0,
UKGDP,March 2016,2019,2.1,2.1,0.0,
UKGDP,March 2016,2020,2.1,2.1,0.0,
UKGDP,November 2016,2015,2.2215021283051186,2.2215021283051186,0.0,
UKGDP,November 2016,2016,2.051386770851437,2.051386770851437,0.0,
UKGDP,November 2016,2017,1.3995927253618277,1.3995927253618277,0.0,
UKGDP,November 2016,2018,1.701740238655077,1.701740238655077,0.0,
UKGDP,November 2016,2019,2.096442554350247,2.096442554350247,0.0,
UKGDP,November 2016,2020,2.0974305929466226,2.0974305929466226,0.0,
UKGDP,November 2016,2021,2.0178248016734415,2.0178248016734415,0.0,
UKGDP,March 2017,2015,2.1942290359714844,2.1942290359714844,0.0,
UKGDP,March 2017,2016,1.8323784408601496,1.8323784408601496,0.0,
UKGDP,March 2017,2017,2.007396178505405,2.007396178505405,0.0,
UKGDP,March 2017,2018,1.5508486437381785,1.5508486437381785,0.0,
UKGDP,March 2017,2019,1.7421544429876867,1.7421544429876867,0.0,
UKGDP,March 2017,2020,1.8922846824321438,1.8922846824321438,0.0,
UKGDP,March 2017,2021,2.0017237430659307,2.0017237430659307,0.0,
UKGDP,November 2017,2016,1.7942678096526832,1.7942678096526832,0.0,
UKGDP,November 2017,2017,1.531603360143885,1.531603360143885,0.0,
UKGDP,November 2017,2018,1.421752133766141,1.421752133766141,0.0,
UKGDP,November 2017,2019,1.294897758626412,1.294897758626412,0.0,
UKGDP,November 2017,2020,1.304179915524828,1.304179915524828,0.0,
UKGDP,November 2017,2021,1.4869110236044536,1.4869110236044536,0.0,
UKGDP,November 2017,2022,1.5569906429442781,1.5569906429442781,0.0,
UKGDP,October 2018,2017,1.7411821333479516,1.7411821333479516,0.0,
UKGDP,October 2018,2018,1.2561552032446244,1.2561552032446244,0.0,
UKGDP,October 2018,2019,1.6125789771736843,1.6125789771736843,0.0,
UKGDP,October 2018,2020,1.4300263011289172,1.4300263011289172,0.0,
UKGDP,October 2018,2021,1.4478929979019783,1.4478929979019783,0.0,
UKGDP,October 2018,2022,1.4907776732072886,1.4907776732072886,0.0,
UKGDP,October 2018,2023,1.566767336099617,1.566767336099617,0.0,
UKGDP,March 2019,2017,1.8229277734112426,1.8229277734112426,0.0,
UKGDP,March 2019,2018,1.4059848600821656,1.4059848600821656,0.0,
UKGDP,March 2019,2019,1.2286431875032866,1.2286431875032866,0.0,
UKGDP,March 2019,2020,1.4465357400781587,1.4465357400781587,0.0,
UKGDP,March 2019,2021,1.5957538502831214,1.5957538502831214,0.0,
UKGDP,March 2019,2022,1.6011434648051104,1.6011434648051104,0.0,
UKGDP,March 2019,2023,1.5953476900684382,1.5953476900684382,0.0,
UKGDP,March 2020,2018,1.3407212352341213,1.3407212352341213,0.0,
UKGDP,March 2020,2019,1.402964531806461,1.402964531806461,0.0,
UKGDP,March 2020,2020,1.0568880632831679,1.0568880632831679,0.0,
UKGDP,March 2020,2021,1.761218253718977,1.761218253718977,0.0,
UKGDP,March 2020,2022,1.4695459082438855,1.4695459082438855,0.0,
UKGDP,March 2020,2023,1.2598728236300483,1.2598728236300483,0.0,
UKGDP,March 2020,2024,1.3899112423071847,1.3899112423071847,0.0,
UKGDP,November 2020,2019,1.26090675471755,1.26090675471755,0.0,
UKGDP,November 2020,2020,-11.312770085240743,-11.312770085240743,0.0,
UKGDP,November 2020,2021,5.504679266508927,5.504679266508927,0.0,
UKGDP,November 2020,2022,6.601197233104017,6.601197233104017,0.0,
UKGDP,November 2020,2023,2.2918868418847937,2.2918868418847937,0.0,
UKGDP,November 2020,2024,1.678043478533886,1.678043478533886,0.0,
UKGDP,November 2020,2025,1.7793434935621022,1.7793434935621022,0.0,
UKGDP,March 2021,2020,-9.920271980210915,-9.920271980210915,0.0,
UKGDP,March 2021,2021,4.038403949660996,4.038403949660996,0.0,
UKGDP,March 2021,2022,7.281112122339373,7.281112122339373,0.0,
UKGDP,March 2021,2023,1.735259998049865,1.735259998049865,0.0,
UKGDP,March 2021,2024,1.5699099905897462,1.5699099905897462,0.0,
UKGDP,March 2021,2025,1.7413086732195548,1.7413086732195548,0.0,
UKGDP,October 2021,2020,-9.8466705116798,-9.8466705116798,0.0,
UKGDP,October 2021,2021,6.480102436922963,6.480102436922963,0.0,
UKGDP,October 2021,2022,5.951027962247135,5.951027962247135,0.0,
UKGDP,October 2021,2023,2.077030401694757,2.077030401694757,0.0,
UKGDP,October 2021,2024,1.3331955223248704,1.3331955223248704,0.0,
UKGDP,October 2021,2025,1.6155125220419952,1.6155125220419952,0.0,
UKGDP,October 2021,2026,1.6873013775752232,1.6873013775752232,0.0,
UKGDP,March 2022,2021,7.4555159532792015,7.4555159532792015,0.0,
UKGDP,March 2022,2022,3.7846880683578332,3.7846880683578332,0.0,
UKGDP,March 2022,2023,1.7612295487182905,1.7612295487182905,0.0,
UKGDP,March 2022,2024,2.1181387512207106,2.1181387512207106,0.0,
UKGDP,March 2022,2025,1.7790917662674488,1.7790917662674488,0.0,
UKGDP,March 2022,2026,1.6543820902431117,1.6543820902431117,0.0,
UKGDP,November 2022,2021,7.524910378876792,7.524910378876792,0.0,
UKGDP,November 2022,2022,4.214692987171431,4.214692987171431,0.0,
UKGDP,November 2022,2023,-1.4281759954235085,-1.4281759954235085,0.0,
UKGDP,November 2022,2024,1.3065685793449022,1.3065685793449022,0.0,
UKGDP,November 2022,2025,2.639155657468173,2.639155657468173,0.0,
UKGDP,November 2022,2026,2.654254472131945,2.654254472131945,0.0,
UKGDP,November 2022,2027,2.2354576991708397,2.2354576991708397,0.0,
UKGDP,March 2023,2022,4.045431592663218,4.045431592663218,0.0,
UKGDP,March 2023,2023,-0.20433271956048493,-0.20433271956048493,0.0,
UKGDP,March 2023,2024,1.7893017543414436,1.7893017543414436,0.0,
UKGDP,March 2023,2025,2.4566978052934285,2.4566978052934285,0.0,
UKGDP,March 2023,2026,2.127111807512061,2.127111807512061,0.0,
UKGDP,March 2023,2027,1.8798631937757104,1.8798631937757104,0.0,
UKGDP,November 2023,2022,4.346561419132322,4.346561419132322,0.0,
UKGDP,November 2023,2023,0.554053525349496,0.554053525349496,0.0,
UKGDP,November 2023,2024,0.7068257582515836,0.7068257582515836,0.0,
UKGDP,November 2023,2025,1.3800048002004184,1.3800048002004184,0.0,
UKGDP,November 2023,2026,1.9691519516183975,1.9691519516183975,0.0,
UKGDP,November 2023,2027,1.9660077297267264,1.9660077297267264,0.0,
UKGDP,November 2023,2028,1.7427233900913386,1.7427233900913386,0.0,
UKGDP,March 2024,2022,4.345228822862568,4.345228822862568,0.0,
UKGDP,March 2024,2023,0.2662080524956201,0.2662080524956201,0.0,
UKGDP,March 2024,2024,0.7517681351044914,0.7517681351044914,0.0,
UKGDP,March 2024,2025,1.8544034102580431,1.8544034102580431,0.0,
UKGDP,March 2024,2026,2.013114107045988,2.013114107045988,0.0,
UKGDP,March 2024,2027,1.827325936896429,1.827325936896429,0.0,
UKGDP,March 2024,2028,1.699135099183735,1.699135099183735,0.0,
UKGDP,October 2024,2023,0.10401785478366676,0.10401785478366676,0.0,
UKGDP,October 2024,2024,1.122010504889115,1.122010504889115,0.0,
UKGDP,October 2024,2025,1.9865374533259539,1.9865374533259539,0.0,
UKGDP,October 2024,2026,1.8232563655950607,1.8232563655950607,0.0,
UKGDP,October 2024,2027,1.5487861765633326,1.5487861765633326,0.0,
UKGDP,October 2024,2028,1.5245848476681978,1.5245848476681978,0.0,
UKGDP,October 2024,2029,1.5708703080270503,1.5708703080270503,0.0,
UKGDP,March 2025,2024,0.935022022089127,0.935022022089127,0.0,
UKGDP,March 2025,2025,0.9715930646410298,0.9715930646410298,0.0,
UKGDP,March 2025,2026,1.861721625169377,1.861721625169377,0.0,
UKGDP,March 2025,2027,1.7903562019752517,1.7903562019752517,0.0,
UKGDP,March 2025,2028,1.7226260686957318,1.7226260686957318,0.0,
UKGDP,March 2025,2029,1.8008155741350285,1.8008155741350285,0.0,
UKGDP,November 2025,2024,1.1264226986473114,1.1264226986473114,0.0,
UKGDP,November 2025,2025,1.4833428018599548,1.4833428018599548,0.0,
UKGDP,November 2025,2026,1.3714665245198043,1.3714665245198043,0.0,
UKGDP,November 2025,2027,1.542638112197059,1.542638112197059,0.0,
UKGDP,November 2025,2028,1.4674361505844447,1.4674361505844447,0.0,
UKGDP,November 2025,2029,1.5230852346862944,1.5230852346862944,0.0,
UKGDP,November 2025,2030,1.549363741962173,1.549363741962173,0.0,
UKGDP,March 2026,2024,1.088125562284814,1.088125562284814,0.0,
UKGDP,March 2026,2025,1.39365702518699,1.39365702518699,0.0,
UKGDP,March 2026,2026,1.098130657315832,1.098130657315832,0.0,
UKGDP,March 2026,2027,1.588686534887329,1.588686534887329,0.0,
UKGDP,March 2026,2028,1.582052505546683,1.582052505546683,0.0,
UKGDP,March 2026,2029,1.538453256665084,1.538453256665084,0.0,
UKGDP,March 2026,2030,1.516005762476413,1.516005762476413,0.0,
