group,family,unit,episodes,errors,bucket,n_cells,n_targets,n_series,mean_error,se_clustered,p_bias,sd_error,mae,rmse
CBO,aggregate,pooled_levels,with,raw,0-6,103,91,3,0.0008496515200956333,0.0015035484461416628,0.5720074253113352,0.01475553452084918,0.008311955080918634,0.014708292354752604
CBO,aggregate,pooled_levels,with,raw,12-24,249,125,3,-0.005735412488685408,0.008966757864894646,0.5224128000519377,0.08872251632545539,0.05616010779605268,0.08872973947416986
CBO,aggregate,pooled_levels,with,raw,24-36,240,122,3,-0.007322460646642637,0.011705629315394643,0.5316099060858985,0.11863868063900365,0.0829972228746749,0.11861748847206069
CBO,aggregate,pooled_levels,with,raw,36+,1473,119,3,-0.04435018556591299,0.02320941924765584,0.05602127477085717,0.29022588346627215,0.18027070437020484,0.293497562257433
CBO,aggregate,pooled_levels,with,raw,6-12,157,111,3,-0.003963587170740239,0.005542152653381651,0.4745033510511283,0.052988984445999705,0.029118855730301013,0.052968464321833705
CBO,aggregate,pooled_levels,with,raw,<0,57,41,1,-7.807199222638007e-05,1.5931010651776706e-05,9.552971341516157e-07,0.0001461885717149892,8.721157410144783e-05,0.0001645946624822072
CBO,aggregate,pooled_levels,with,policy_adjusted,0-6,103,91,3,0.0012370609858743848,0.0013052013374677998,0.3432347298702678,0.01303955297636453,0.00754914675042037,0.013034933278386262
CBO,aggregate,pooled_levels,with,policy_adjusted,12-24,249,125,3,0.003312965134527011,0.0056585872142138356,0.5582279221050783,0.05750739625372416,0.03893844290394816,0.05748734498353067
CBO,aggregate,pooled_levels,with,policy_adjusted,24-36,240,122,3,0.008364983952382079,0.007742492525983675,0.27996438173154437,0.07821617714350279,0.05627120434419839,0.0785000166471648
CBO,aggregate,pooled_levels,with,policy_adjusted,36+,1473,119,3,0.03264663699239449,0.01030752726039654,0.0015388173529099986,0.11773704757949678,0.09567559299296584,0.12214092084490562
CBO,aggregate,pooled_levels,with,policy_adjusted,6-12,157,111,3,0.0006962271845541536,0.0032058363271988996,0.8280720445853103,0.03189546349773563,0.022276194319380157,0.03180134549096866
CBO,aggregate,pooled_levels,with,policy_adjusted,<0,57,41,1,-7.807199222638007e-05,1.5931010651776706e-05,9.552971341516157e-07,0.0001461885717149892,8.721157410144783e-05,0.0001645946624822072
CBO,aggregate,pooled_levels,without,raw,0-6,95,83,3,0.0014195135555991416,0.001479803789868519,0.33742881137060254,0.013865533678349876,0.007767899426474554,0.013865220044266406
CBO,aggregate,pooled_levels,without,raw,12-24,230,116,3,0.0018209226243421812,0.007257503062153457,0.8018898151234967,0.06929398514259857,0.0454991929658714,0.06916715527828393
CBO,aggregate,pooled_levels,without,raw,24-36,219,113,3,0.003854575620505331,0.010082127419819226,0.702225738118567,0.10183528684869785,0.07101933294810836,0.10167561093497841
CBO,aggregate,pooled_levels,without,raw,36+,1319,110,3,-0.033326914084807216,0.02351872914029863,0.15647205164956096,0.28155583740332746,0.1727969260790787,0.28341536906374354
CBO,aggregate,pooled_levels,without,raw,6-12,150,106,3,-0.0032320812047295995,0.005516259452303704,0.5579299506552957,0.04999849959458187,0.026754791316735763,0.04993626582166487
CBO,aggregate,pooled_levels,without,raw,<0,54,38,1,-7.448315505333901e-05,1.6494425032456454e-05,6.312095646123081e-06,0.00014733329463135234,8.412134000268184e-05,0.00016386841295906458
CBO,aggregate,pooled_levels,without,policy_adjusted,0-6,95,83,3,0.001836092560921467,0.0012370179276281028,0.137732169061605,0.011833782332982852,0.006944309020456335,0.011913670791587535
CBO,aggregate,pooled_levels,without,policy_adjusted,12-24,230,116,3,0.00525462138343404,0.004490771857904591,0.2419634853136129,0.044717974922383046,0.03333305704907099,0.044928988315308
CBO,aggregate,pooled_levels,without,policy_adjusted,24-36,219,113,3,0.011015136993348605,0.006758102028274734,0.10311930261786122,0.0681684902655754,0.050610945822101336,0.06889889251624193
CBO,aggregate,pooled_levels,without,policy_adjusted,36+,1319,110,3,0.03323289715450009,0.010539756175284843,0.0016154687853306906,0.11781903577924355,0.09495043250263757,0.1223733080249094
CBO,aggregate,pooled_levels,without,policy_adjusted,6-12,150,106,3,0.00046246562464394834,0.003022364276093089,0.8783868233487228,0.028251066558581714,0.020781472676254208,0.028160536531466787
CBO,aggregate,pooled_levels,without,policy_adjusted,<0,54,38,1,-7.448315505333901e-05,1.6494425032456454e-05,6.312095646123081e-06,0.00014733329463135234,8.412134000268184e-05,0.00016386841295906458
CBO,aggregate,cbo.deficit.total,with,raw,0-6,41,33,1,0.0590975609756188,15.519512081591614,0.9969617010329442,97.78766056328497,47.36197560975609,96.58778460500288
CBO,aggregate,cbo.deficit.total,with,raw,12-24,98,41,1,209.99936734693878,86.24902303263303,0.014899905283054907,507.1462624971952,281.14508163265305,546.5094722728967
CBO,aggregate,cbo.deficit.total,with,raw,24-36,94,40,1,296.85422340425544,90.00660059029573,0.0009732815768756394,543.3976796984698,385.89469148936183,616.6540201872659
CBO,aggregate,cbo.deficit.total,with,raw,36+,587,39,1,668.6203458262352,115.80171522780432,7.748593080340595e-09,687.5970501446983,725.9176848381601,958.6644023398153
CBO,aggregate,cbo.deficit.total,with,raw,6-12,61,40,1,84.09508196721313,71.09344603948657,0.23685633821647556,399.6880340541981,160.95875409836066,405.2204909906721
CBO,aggregate,cbo.deficit.total,with,policy_adjusted,0-6,41,33,1,-3.5501707317073055,15.220851797545174,0.8155720237344825,96.12621705598903,45.92939024390242,95.01305897676352
CBO,aggregate,cbo.deficit.total,with,policy_adjusted,12-24,98,41,1,-59.51321428571427,38.765407558291415,0.12473115723240628,247.41283534020076,166.88041836734692,253.23962996168794
CBO,aggregate,cbo.deficit.total,with,policy_adjusted,24-36,94,40,1,-62.055127659574474,53.90209115664969,0.24962676656770388,323.57823555044695,228.1751914893617,327.7801901023488
CBO,aggregate,cbo.deficit.total,with,policy_adjusted,36+,587,39,1,-109.9692146507666,67.01754911024344,0.10081780850282833,386.3465951666743,298.56802214650764,401.3759303935776
CBO,aggregate,cbo.deficit.total,with,policy_adjusted,6-12,61,40,1,-34.8156557377049,19.647173263567215,0.0763872516046643,140.38144659010146,94.85749180327869,143.51312019503567
CBO,aggregate,cbo.deficit.total,without,raw,0-6,38,30,1,6.420263157894741,15.500317730128026,0.6787261510806551,94.0082301301282,43.45047368421052,92.98494542751472
CBO,aggregate,cbo.deficit.total,without,raw,12-24,90,38,1,145.51905555555555,77.03017148055756,0.05887606761939493,433.63383294432373,218.73761111111114,455.1096375022055
CBO,aggregate,cbo.deficit.total,without,raw,24-36,85,37,1,230.32028235294118,75.06522575072793,0.002153029323747152,454.8624683766305,315.8921647058824,507.457566246062
CBO,aggregate,cbo.deficit.total,without,raw,36+,521,36,1,600.3507831094049,111.02360836342002,6.394068485871108e-08,630.6942989951058,661.3882495201534,870.3061974421987
CBO,aggregate,cbo.deficit.total,without,raw,6-12,58,38,1,74.04144827586208,74.35959619257272,0.3193854832616905,403.67737238573534,152.97658620689654,406.97417708659395
CBO,aggregate,cbo.deficit.total,without,policy_adjusted,0-6,38,30,1,2.5672631578947467,15.214947941079739,0.8660066944454924,92.38754368469287,41.86357894736841,91.19995475010417
CBO,aggregate,cbo.deficit.total,without,policy_adjusted,12-24,90,38,1,-41.379399999999976,25.994669010492274,0.11142026147282112,176.61218162592763,128.77631111111108,180.4370837461696
CBO,aggregate,cbo.deficit.total,without,policy_adjusted,24-36,85,37,1,-26.248141176470593,40.378997620535145,0.5156635437496372,244.98706436390984,176.50277647058823,244.9520865770428
CBO,aggregate,cbo.deficit.total,without,policy_adjusted,36+,521,36,1,-54.99965642994239,46.760660762230465,0.23951695314084043,288.65687449205524,237.08431285988482,293.57762996691747
CBO,aggregate,cbo.deficit.total,without,policy_adjusted,6-12,58,38,1,-27.346224137931035,18.19344373715144,0.13281809348561402,120.42160484658088,85.43394827586206,122.47103898438107
CBO,outlay_discretionary,pooled_levels,with,raw,0-6,107,87,3,0.0011353156477504254,0.0012979459747559853,0.38173619417319893,0.012955795833747197,0.008789443204739194,0.012944994051406441
CBO,outlay_discretionary,pooled_levels,with,raw,12-24,236,87,3,-0.03499006798530667,0.0068294480576758625,3.0005761715946754e-07,0.06701691753608725,0.04919640396000423,0.07547543507845487
CBO,outlay_discretionary,pooled_levels,with,raw,24-36,228,84,3,-0.0676979913271363,0.0105134617870973,1.201268171000035e-10,0.0981601486715129,0.08891046116104652,0.11906373178164101
CBO,outlay_discretionary,pooled_levels,with,raw,36+,1547,81,3,-0.15952055205219995,0.020477260967869625,6.693958518732492e-15,0.20296289647318863,0.20720271326137837,0.25809710498078514
CBO,outlay_discretionary,pooled_levels,with,raw,6-12,137,84,3,-0.010006731934896502,0.004974183496026571,0.04424802960416714,0.042409257192060165,0.022843525507789574,0.04342293994201766
CBO,outlay_discretionary,pooled_levels,with,policy_adjusted,0-6,107,87,3,0.003048079527000992,0.0014639027608670415,0.037327872881736106,0.013849694432081516,0.009475157197119569,0.014117796220522016
CBO,outlay_discretionary,pooled_levels,with,policy_adjusted,12-24,236,87,3,0.015837389086634845,0.0017229259070115337,3.8507554030705573e-20,0.016817693380460852,0.018509537536408823,0.02307507857263336
CBO,outlay_discretionary,pooled_levels,with,policy_adjusted,24-36,228,84,3,0.019747713442102015,0.0022809854100151196,4.8207105579749375e-18,0.020647755547733144,0.022892037182707138,0.02853825726575278
CBO,outlay_discretionary,pooled_levels,with,policy_adjusted,36+,1547,81,3,0.02758889573738332,0.0025312479088057784,1.1611439835692193e-27,0.02437941856041615,0.030187418814835335,0.03681194124499891
CBO,outlay_discretionary,pooled_levels,with,policy_adjusted,6-12,137,84,3,0.008884477525116235,0.001372590312909437,9.621488226852552e-11,0.012718769162801454,0.012531365045110826,0.015476441717632333
CBO,outlay_discretionary,pooled_levels,without,raw,0-6,98,78,3,-0.00012010507370117003,0.001231819189942373,0.9223275919284002,0.011724382726159336,0.008163814186975702,0.01166502939298123
CBO,outlay_discretionary,pooled_levels,without,raw,12-24,212,78,3,-0.03145106358913468,0.007277591501443113,1.5488019229289698e-05,0.06670369146325353,0.04724167594669486,0.07360410452294029
CBO,outlay_discretionary,pooled_levels,without,raw,24-36,201,75,3,-0.05825146415743496,0.010957097128931136,1.0588529847994023e-07,0.09581565380683273,0.08231337023769125,0.11192943208763664
CBO,outlay_discretionary,pooled_levels,without,raw,36+,1349,72,3,-0.1457211322747508,0.022198852250690113,5.225879653036547e-11,0.20500659422381134,0.1996945664681703,0.25145814235527736
CBO,outlay_discretionary,pooled_levels,without,raw,6-12,128,78,3,-0.009745691760412564,0.00527679537677654,0.0647622286996312,0.04306863080276098,0.022505739983980477,0.04399311317120628
CBO,outlay_discretionary,pooled_levels,without,policy_adjusted,0-6,98,78,3,0.0019397743063000747,0.001452697524452611,0.18178103838321213,0.01287565726258866,0.008883955425190104,0.012955833266530548
CBO,outlay_discretionary,pooled_levels,without,policy_adjusted,12-24,212,78,3,0.016020849722466028,0.001773289627515557,1.6469902412524088e-19,0.016515898998494434,0.018692703555711048,0.02298164205205204
CBO,outlay_discretionary,pooled_levels,without,policy_adjusted,24-36,201,75,3,0.02057284359214117,0.002410483839908834,1.404756217158472e-17,0.020594507392536834,0.023511205376625585,0.02907345026178813
CBO,outlay_discretionary,pooled_levels,without,policy_adjusted,36+,1349,72,3,0.029279581938322627,0.0025850387100736483,9.694359323158587e-30,0.023913635984723233,0.03179171104035079,0.037798571256202416
CBO,outlay_discretionary,pooled_levels,without,policy_adjusted,6-12,128,78,3,0.00859008828312821,0.0014211511903254887,1.4991335897579767e-09,0.012539407044007663,0.012319157306869884,0.015159087498323027
CBO,outlay_mandatory,pooled_levels,with,raw,0-6,205,165,5,0.0021653365282274517,0.0013526556367225192,0.10942034159160328,0.017106900762328067,0.010890495111336987,0.017201953210240088
CBO,outlay_mandatory,pooled_levels,with,raw,12-24,450,165,5,-0.027443868424126754,0.014116783954611538,0.05188827241768082,0.1762790179716421,0.06980718827890038,0.17820887774886984
CBO,outlay_mandatory,pooled_levels,with,raw,24-36,430,160,5,-0.039509281725699494,0.014478411702736244,0.006355736370710354,0.18415719007888037,0.08833705946826417,0.18813820593803812
CBO,outlay_mandatory,pooled_levels,with,raw,36+,2815,155,5,-0.06376929449578218,0.01924399145106832,0.0009206202180999129,0.22947155114639328,0.13844841005138542,0.23812813730443536
CBO,outlay_mandatory,pooled_levels,with,raw,6-12,265,160,5,-0.007188736564248789,0.010665304831160231,0.5002921724969553,0.1272292351578535,0.04287346256050414,0.12719226447888154
CBO,outlay_mandatory,pooled_levels,with,policy_adjusted,0-6,205,165,5,0.002706282248013769,0.0012427143562934323,0.02942698849624086,0.01613889478217526,0.010410152086285485,0.016325358576930394
CBO,outlay_mandatory,pooled_levels,with,policy_adjusted,12-24,450,165,5,0.014784906668048204,0.004743572596134311,0.001828073085936303,0.06246202400454214,0.03896514746713363,0.06412041716999455
CBO,outlay_mandatory,pooled_levels,with,policy_adjusted,24-36,430,160,5,0.013311927652323334,0.005049766966704326,0.008385341538790274,0.06824150651079132,0.04672338433727797,0.06944984248517734
CBO,outlay_mandatory,pooled_levels,with,policy_adjusted,36+,2815,155,5,0.017633050362681417,0.007580333915239396,0.02001015159462969,0.09877393178616327,0.0726644970802806,0.10031823484966383
CBO,outlay_mandatory,pooled_levels,with,policy_adjusted,6-12,265,160,5,0.011953046824277298,0.0034927080302989675,0.0006209689089154655,0.04496985000539631,0.026035121075668757,0.04644923535051769
CBO,outlay_mandatory,pooled_levels,without,raw,0-6,190,150,5,0.002507514558687222,0.0014315729777559002,0.07984605861638006,0.01731080527662566,0.010991550076471585,0.017446329979360277
CBO,outlay_mandatory,pooled_levels,without,raw,12-24,410,150,5,-0.007840035625237838,0.011164456965626592,0.48253467773806413,0.1327408975022664,0.05302023201962861,0.13281052692756068
CBO,outlay_mandatory,pooled_levels,without,raw,24-36,385,145,5,-0.014845079588806875,0.009735688605217865,0.1273063861205145,0.12910124850695726,0.0664455958863185,0.1297852745928994
CBO,outlay_mandatory,pooled_levels,without,raw,36+,2485,140,5,-0.043137792086257946,0.017087556416966593,0.011585806819397488,0.19479205227486446,0.12061652487632717,0.19947316496943474
CBO,outlay_mandatory,pooled_levels,without,raw,6-12,250,150,5,-0.004778242935371369,0.0110261162358604,0.6647555475125029,0.12445195303792131,0.03990379119651107,0.12429467834964854
CBO,outlay_mandatory,pooled_levels,without,policy_adjusted,0-6,190,150,5,0.003092649020036239,0.0013089075012036936,0.018138861607693554,0.01626199663766308,0.010471802733125916,0.016511364485075276
CBO,outlay_mandatory,pooled_levels,without,policy_adjusted,12-24,410,150,5,0.01599261603422569,0.005028404527632416,0.0014704380206503962,0.06298394884136271,0.039210779874557684,0.06490813526539947
CBO,outlay_mandatory,pooled_levels,without,policy_adjusted,24-36,385,145,5,0.01510700854212214,0.005394078374793622,0.005099736957700557,0.06967628243514062,0.047876083666878545,0.07120671465272306
CBO,outlay_mandatory,pooled_levels,without,policy_adjusted,36+,2485,140,5,0.01634457802826775,0.008298856795426789,0.04889598500074948,0.10167531935306294,0.07457286079304613,0.10296045691230188
CBO,outlay_mandatory,pooled_levels,without,policy_adjusted,6-12,250,150,5,0.01126786268132665,0.0035570629488710843,0.0015362705006775669,0.0436906213728546,0.025772226740654915,0.04503553756498958
CBO,outlay_mandatory,cbo.outlay.fannie_freddie,with,raw,0-6,20,17,1,8.640049999999999,10.218677651282146,0.3978231010304366,45.07251320223656,12.099849999999998,44.77281918809669
CBO,outlay_mandatory,cbo.outlay.fannie_freddie,with,raw,12-24,42,17,1,17.0967619047619,9.230468308018313,0.06399573246058764,37.239348412476694,27.19276190476191,40.57154207839588
CBO,outlay_mandatory,cbo.outlay.fannie_freddie,with,raw,24-36,40,16,1,23.55095000000001,8.621881829997635,0.006304053255144782,32.12293946216229,27.346749999999997,39.50611857168457
CBO,outlay_mandatory,cbo.outlay.fannie_freddie,with,raw,36+,245,15,1,19.402020408163274,4.823865482825704,5.7684043226715364e-05,22.02255546350206,19.488273469387757,29.316408067907666
CBO,outlay_mandatory,cbo.outlay.fannie_freddie,with,raw,6-12,23,16,1,17.341130434782606,15.199995295215338,0.25392644031319234,53.064092260127325,23.20991304347826,54.71824830021039
CBO,outlay_mandatory,cbo.outlay.fannie_freddie,with,policy_adjusted,0-6,20,17,1,8.640049999999999,10.218677651282146,0.3978231010304366,45.07251320223656,12.099849999999998,44.77281918809669
CBO,outlay_mandatory,cbo.outlay.fannie_freddie,with,policy_adjusted,12-24,42,17,1,16.875023809523807,9.243432630690489,0.06790705908507366,37.28409189472172,26.966880952380954,40.51878865914876
CBO,outlay_mandatory,cbo.outlay.fannie_freddie,with,policy_adjusted,24-36,40,16,1,22.7341,8.441508176681072,0.007078413284666742,31.475309246194705,26.5286,38.50671392952143
CBO,outlay_mandatory,cbo.outlay.fannie_freddie,with,policy_adjusted,36+,245,15,1,17.143653061224498,4.723120766955598,0.00028371785073783425,21.488702170903576,17.249497959183675,27.45513447322481
CBO,outlay_mandatory,cbo.outlay.fannie_freddie,with,policy_adjusted,6-12,23,16,1,17.342739130434783,15.201506311269688,0.2539295935480572,53.06818420777813,23.211521739130436,54.722553837318856
CBO,outlay_mandatory,cbo.outlay.fannie_freddie,without,raw,0-6,17,14,1,-1.5659411764705875,1.2346332925332923,0.20467471196928833,4.659981953701486,2.504411764705882,4.784373024262855
CBO,outlay_mandatory,cbo.outlay.fannie_freddie,without,raw,12-24,35,14,1,23.941714285714284,9.252304673808162,0.009663347299560804,32.207514847946165,26.769599999999997,39.76043091675082
CBO,outlay_mandatory,cbo.outlay.fannie_freddie,without,raw,24-36,34,14,1,26.259705882352943,9.897044412246562,0.00797119045275195,34.18417477787356,30.725352941176464,42.70551031259109
CBO,outlay_mandatory,cbo.outlay.fannie_freddie,without,raw,36+,203,13,1,21.848812807881774,5.665383930358143,0.00011500054201585175,23.441290893567803,21.95291133004926,32.00246665947237
CBO,outlay_mandatory,cbo.outlay.fannie_freddie,without,raw,6-12,20,14,1,2.64435,4.875881687202048,0.5875893441177167,19.95110793460907,9.39345,19.624906607421092
CBO,outlay_mandatory,cbo.outlay.fannie_freddie,without,policy_adjusted,0-6,17,14,1,-1.5659411764705875,1.2346332925332923,0.20467471196928833,4.659981953701486,2.504411764705882,4.784373024262855
CBO,outlay_mandatory,cbo.outlay.fannie_freddie,without,policy_adjusted,12-24,35,14,1,23.83922857142857,9.269427999803598,0.01011677362608342,32.26259960632409,26.66637142857143,39.74223014628143
CBO,outlay_mandatory,cbo.outlay.fannie_freddie,without,policy_adjusted,24-36,34,14,1,25.55458823529412,9.657946164034463,0.008145822643258442,33.40862816437262,30.018705882352936,41.669483719750936
CBO,outlay_mandatory,cbo.outlay.fannie_freddie,without,policy_adjusted,36+,203,13,1,19.4837881773399,5.560315986473136,0.0004581888861143696,22.908506150964328,19.611532019704434,30.03052506762808
CBO,outlay_mandatory,cbo.outlay.fannie_freddie,without,policy_adjusted,6-12,20,14,1,2.64435,4.875881687202048,0.5875893441177167,19.95110793460907,9.39345,19.624906607421092
CBO,outlay_net_interest,cbo.outlay.net_interest,with,raw,0-6,41,33,1,-2.9071219512195157,2.104846976896572,0.1672310119062309,13.255074915282675,5.997999999999996,13.411304041649375
CBO,outlay_net_interest,cbo.outlay.net_interest,with,raw,12-24,90,33,1,1.7466444444444478,7.1872697402290635,0.807990534351753,49.5477994924731,27.857644444444436,49.30271388608677
CBO,outlay_net_interest,cbo.outlay.net_interest,with,raw,24-36,86,32,1,8.84719767441861,13.930076789228666,0.5253535573065866,91.91641774080213,54.027546511627904,91.80773877112671
CBO,outlay_net_interest,cbo.outlay.net_interest,with,raw,36+,563,31,1,45.626021314387216,24.960060316563002,0.0675553779470625,161.77869633226595,126.83905506216698,167.95116288324127
CBO,outlay_net_interest,cbo.outlay.net_interest,with,raw,6-12,53,32,1,-0.38183018867925006,2.225285397009355,0.863762177748792,12.940514171712882,8.35583018867925,12.823538397717531
CBO,outlay_net_interest,cbo.outlay.net_interest,with,policy_adjusted,0-6,41,33,1,-2.8883170731707355,2.1048525322751295,0.16999550355926485,13.251324502552608,5.9863658536585325,13.403622953078491
CBO,outlay_net_interest,cbo.outlay.net_interest,with,policy_adjusted,12-24,90,33,1,3.692188888888887,7.213730336572974,0.6087714195284879,49.85027914043863,28.620522222222224,49.70986741918885
CBO,outlay_net_interest,cbo.outlay.net_interest,with,policy_adjusted,24-36,86,32,1,16.106174418604656,14.131464168937072,0.2543952433503144,93.23359624616413,58.78652325581396,94.07888552519525
CBO,outlay_net_interest,cbo.outlay.net_interest,with,policy_adjusted,36+,563,31,1,140.26600888099466,24.79199071803309,1.534019092968866e-08,164.57518595725927,173.28462699822379,216.12828770580035
CBO,outlay_net_interest,cbo.outlay.net_interest,with,policy_adjusted,6-12,53,32,1,-0.16884905660377977,2.238323559784064,0.9398682148517873,12.956157173620086,8.337679245283024,12.834457955052097
CBO,outlay_net_interest,cbo.outlay.net_interest,without,raw,0-6,38,30,1,-0.27626315789474026,0.8566138318128178,0.7470693422426167,4.918239004140525,3.611157894736838,4.860950692156723
CBO,outlay_net_interest,cbo.outlay.net_interest,without,raw,12-24,82,30,1,4.60139024390244,6.2133171755811745,0.4589547947430982,41.201995770837975,22.846439024390246,41.207702609064164
CBO,outlay_net_interest,cbo.outlay.net_interest,without,raw,24-36,77,29,1,5.844220779220773,13.939591209655461,0.6750309614494376,88.86736915536183,48.36375324675324,88.48163911208381
CBO,outlay_net_interest,cbo.outlay.net_interest,without,raw,36+,497,28,1,35.19030583501007,26.270366724970675,0.18039371831691575,160.06171754155912,121.29686921529175,163.7270968638754
CBO,outlay_net_interest,cbo.outlay.net_interest,without,raw,6-12,50,30,1,0.7711599999999958,2.117198203573874,0.715681717698186,10.961878453950474,7.368400000000004,10.879072175512027
CBO,outlay_net_interest,cbo.outlay.net_interest,without,policy_adjusted,0-6,38,30,1,-0.2573684210526352,0.8573103785128053,0.7640211838889595,4.918464220976893,3.5999999999999956,4.860135378231435
CBO,outlay_net_interest,cbo.outlay.net_interest,without,policy_adjusted,12-24,82,30,1,6.115768292682923,6.234300724683579,0.32659912642982314,41.42339675173707,23.309158536585365,41.621807233151934
CBO,outlay_net_interest,cbo.outlay.net_interest,without,policy_adjusted,24-36,77,29,1,12.137402597402595,14.119502243527444,0.38999869973345735,89.85062187264799,53.019688311688306,90.08665213754283
CBO,outlay_net_interest,cbo.outlay.net_interest,without,policy_adjusted,36+,497,28,1,126.76052917505037,26.236882156877105,1.3558522135561523e-06,162.96061314769108,164.16376458752515,206.32731344592474
CBO,outlay_net_interest,cbo.outlay.net_interest,without,policy_adjusted,6-12,50,30,1,0.9466399999999942,2.1486436539877154,0.6595202593478875,11.111084303449745,7.370760000000003,11.040072363893273
CBO,revenue_corporate_income_taxes,pooled_levels,with,raw,0-6,47,43,1,-0.0004482326767272616,0.016148294221382503,0.9778557407895505,0.10583614449682403,0.05683148566243352,0.10470513400191249
CBO,revenue_corporate_income_taxes,pooled_levels,with,raw,12-24,105,43,1,0.07002907346546768,0.04480894601375761,0.11809096676899464,0.278125755379515,0.2085958080553842,0.2855193562358423
CBO,revenue_corporate_income_taxes,pooled_levels,with,raw,24-36,102,42,1,0.10741592763200107,0.05294691207551303,0.04248399177606017,0.31235788832736305,0.25994441700067245,0.32886028686662194
CBO,revenue_corporate_income_taxes,pooled_levels,with,raw,36+,653,41,1,0.13259370572633958,0.05694377114260733,0.019885443860709673,0.33579686095005323,0.2936166783110497,0.36078794796995384
CBO,revenue_corporate_income_taxes,pooled_levels,with,raw,6-12,64,42,1,0.014135660918217201,0.02798297685290983,0.6134519755005994,0.17799212137969014,0.12258674466947002,0.17716092545110718
CBO,revenue_corporate_income_taxes,pooled_levels,with,raw,<0,57,41,1,-5.102977968014358e-08,4.9727201384478036e-08,0.3047999216948176,3.8526638785342755e-07,5.1029779680143574e-08,3.8526638785342755e-07
CBO,revenue_corporate_income_taxes,pooled_levels,with,policy_adjusted,0-6,47,43,1,-0.0042187946248509745,0.015249149672992937,0.7820429575268351,0.09846221543266973,0.053038803404212825,0.09750042865633092
CBO,revenue_corporate_income_taxes,pooled_levels,with,policy_adjusted,12-24,105,43,1,0.006589288875851473,0.03888439515742844,0.8654360609870682,0.24513685054560277,0.16980916130986481,0.24405570827661024
CBO,revenue_corporate_income_taxes,pooled_levels,with,policy_adjusted,24-36,102,42,1,0.038218536697407206,0.045144314072114985,0.39722601360659704,0.26642095995336323,0.21086156407343198,0.2678523862930395
CBO,revenue_corporate_income_taxes,pooled_levels,with,policy_adjusted,36+,653,41,1,0.032104714457666966,0.040865697135650914,0.4320929334257856,0.25974410956514765,0.22163289337174666,0.26152322384556953
CBO,revenue_corporate_income_taxes,pooled_levels,with,policy_adjusted,6-12,64,42,1,-0.012415626479376109,0.026799865347399844,0.6431694329669218,0.17018937692088032,0.11383992952423856,0.16931037378829344
CBO,revenue_corporate_income_taxes,pooled_levels,with,policy_adjusted,<0,57,41,1,-5.102977968014358e-08,4.9727201384478036e-08,0.3047999216948176,3.8526638785342755e-07,5.1029779680143574e-08,3.8526638785342755e-07
CBO,revenue_corporate_income_taxes,pooled_levels,without,raw,0-6,44,40,1,0.010677315359025868,0.013389881351718487,0.42520904800395776,0.08442941594196568,0.04832010470023009,0.08414466069933997
CBO,revenue_corporate_income_taxes,pooled_levels,without,raw,12-24,97,40,1,0.07582450989731254,0.03375598490723078,0.024687754968888417,0.19810642833306621,0.17086160962122665,0.21116560726571573
CBO,revenue_corporate_income_taxes,pooled_levels,without,raw,24-36,93,39,1,0.10972086065841297,0.04581720307271797,0.01663158850951161,0.26007338667572044,0.2305779398488788,0.2809796106626974
CBO,revenue_corporate_income_taxes,pooled_levels,without,raw,36+,589,38,1,0.11821776117926178,0.05966172935520732,0.04753890160156677,0.33346472646622605,0.28995764466377394,0.3535327006870752
CBO,revenue_corporate_income_taxes,pooled_levels,without,raw,6-12,61,40,1,0.016577991013450994,0.023352797579017155,0.47777039913992325,0.13156627641031868,0.1035334699107604,0.13153231369210816
CBO,revenue_corporate_income_taxes,pooled_levels,without,raw,<0,54,38,1,-5.386476744015155e-08,5.244927548148169e-08,0.30442619624647727,3.958235860261577e-07,5.386476744015155e-08,3.958235860261576e-07
CBO,revenue_corporate_income_taxes,pooled_levels,without,policy_adjusted,0-6,44,40,1,0.006649669641711895,0.01228663511913424,0.5883617322618147,0.07488247777949314,0.04426883046985798,0.07432471329030291
CBO,revenue_corporate_income_taxes,pooled_levels,without,policy_adjusted,12-24,97,40,1,0.013068495470763997,0.027867803898303876,0.6391082271660462,0.16724227531169736,0.13296477462291123,0.16689042491984782
CBO,revenue_corporate_income_taxes,pooled_levels,without,policy_adjusted,24-36,93,39,1,0.04095500507960141,0.03758216365693488,0.2758251341344562,0.21337913578363574,0.17981451953949423,0.21614437556188557
CBO,revenue_corporate_income_taxes,pooled_levels,without,policy_adjusted,36+,589,38,1,0.024382814589181092,0.04215550847646594,0.5629929973671761,0.2568953935176897,0.22126556855766633,0.25783273377244076
CBO,revenue_corporate_income_taxes,pooled_levels,without,policy_adjusted,6-12,61,40,1,-0.008944060412180382,0.02284531103428605,0.6954237698421237,0.1293154508252648,0.0968440610620641,0.1285626031432151
CBO,revenue_corporate_income_taxes,pooled_levels,without,policy_adjusted,<0,54,38,1,-5.386476744015155e-08,5.244927548148169e-08,0.30442619624647727,3.958235860261577e-07,5.386476744015155e-08,3.958235860261576e-07
CBO,revenue_customs_duties,pooled_levels,with,raw,0-6,47,43,1,-0.003680561915100523,0.007865431963108791,0.6398264353996176,0.049167197885177004,0.032198831692659115,0.04878038086506091
CBO,revenue_customs_duties,pooled_levels,with,raw,12-24,105,43,1,-0.000396595953773584,0.024849118709030615,0.9872661739671458,0.17484506625779542,0.09814766261264707,0.1740109307876093
CBO,revenue_customs_duties,pooled_levels,with,raw,24-36,102,42,1,0.003072270203244201,0.02681804941285113,0.908794049949464,0.18429404711332042,0.12133673233914721,0.18341415254401133
CBO,revenue_customs_duties,pooled_levels,with,raw,36+,653,41,1,-0.002442757231219901,0.051013215106641294,0.9618080591410738,0.3210420311184302,0.23902358988516412,0.32080541634624343
CBO,revenue_customs_duties,pooled_levels,with,raw,6-12,64,42,1,-0.005130296605693459,0.017819984586622047,0.7734265927517888,0.1300828798860003,0.06223394298173565,0.12916453180278165
CBO,revenue_customs_duties,pooled_levels,with,raw,<0,57,41,1,-9.09961514338692e-07,1.5091706497712352e-06,0.5465388350599336,1.1415221816628753e-05,3.4739642395305006e-06,1.1351177308490336e-05
CBO,revenue_customs_duties,pooled_levels,with,policy_adjusted,0-6,47,43,1,-0.003683255496031412,0.007865794057079623,0.639596963179216,0.049169936390971614,0.032201525273590006,0.04878328565678201
CBO,revenue_customs_duties,pooled_levels,with,policy_adjusted,12-24,105,43,1,-0.017805155819707923,0.024136337295106346,0.46070231737762557,0.1707517654196266,0.09302193175550529,0.17086694004993155
CBO,revenue_customs_duties,pooled_levels,with,policy_adjusted,24-36,102,42,1,-0.025133275736350998,0.02585628068659061,0.3310318681077662,0.17790969633337397,0.11346378886096704,0.17881059600942828
CBO,revenue_customs_duties,pooled_levels,with,policy_adjusted,36+,653,41,1,-0.056498618171805015,0.04760403618735254,0.2352887166652854,0.3023902052550947,0.2136318509928875,0.3073953475777736
CBO,revenue_customs_duties,pooled_levels,with,policy_adjusted,6-12,64,42,1,-0.007844716947561515,0.01775839712315793,0.6586723644072363,0.1297037830565071,0.061799033971293896,0.12892536768798565
CBO,revenue_customs_duties,pooled_levels,with,policy_adjusted,<0,57,41,1,-9.09961514338692e-07,1.5091706497712352e-06,0.5465388350599336,1.1415221816628753e-05,3.4739642395305006e-06,1.1351177308490336e-05
CBO,revenue_customs_duties,pooled_levels,without,raw,0-6,44,40,1,-0.0035858182853276883,0.008297510688824146,0.665628101277544,0.05004058712569168,0.03235155004979817,0.04959846761679937
CBO,revenue_customs_duties,pooled_levels,without,raw,12-24,97,40,1,-0.007058111472426074,0.02538128356899296,0.780948403541851,0.17370538818902376,0.09276680378137789,0.1729517596763571
CBO,revenue_customs_duties,pooled_levels,without,raw,24-36,93,39,1,-0.0023256705471836215,0.027793613141909344,0.9333136911747385,0.1848764379354371,0.11974470120274487,0.18389449888820317
CBO,revenue_customs_duties,pooled_levels,without,raw,36+,589,38,1,0.028108975781557192,0.04860969653044888,0.5630895307643096,0.2979546532601726,0.21884194665794954,0.29902569288121283
CBO,revenue_customs_duties,pooled_levels,without,raw,6-12,61,40,1,-0.011226097649367765,0.017804174872346843,0.5283467325612599,0.12937516254210285,0.05945113732760705,0.12880048762394672
CBO,revenue_customs_duties,pooled_levels,without,raw,<0,54,38,1,-1.7852646822462548e-06,1.3412997828829518e-06,0.18319031816385833,9.894538313647422e-06,2.8422125023934492e-06,9.96373727533169e-06
CBO,revenue_customs_duties,pooled_levels,without,policy_adjusted,0-6,44,40,1,-0.0035858182853276883,0.008297510688824146,0.665628101277544,0.05004058712569168,0.03235155004979817,0.04959846761679937
CBO,revenue_customs_duties,pooled_levels,without,policy_adjusted,12-24,97,40,1,-0.02482350496701741,0.024771345588715785,0.3162925772965707,0.17029680738236316,0.08835214148887408,0.17122566862237135
CBO,revenue_customs_duties,pooled_levels,without,policy_adjusted,24-36,93,39,1,-0.03210466209197257,0.026881214835505055,0.23235442317067057,0.17878632513468243,0.11242476638368336,0.1806974115583875
CBO,revenue_customs_duties,pooled_levels,without,policy_adjusted,36+,589,38,1,-0.027670680298643325,0.04576554669178353,0.5454327423501844,0.2829087305325156,0.19297820027530194,0.2840195935458045
CBO,revenue_customs_duties,pooled_levels,without,policy_adjusted,6-12,61,40,1,-0.014074014073622774,0.01769963229790171,0.42652127579887933,0.128836478932985,0.05899483934943865,0.12854883925050517
CBO,revenue_customs_duties,pooled_levels,without,policy_adjusted,<0,54,38,1,-1.7852646822462548e-06,1.3412997828829518e-06,0.18319031816385833,9.894538313647422e-06,2.8422125023934492e-06,9.96373727533169e-06
CBO,revenue_estate_and_gift_taxes,cbo.revenue.estate_and_gift_taxes,with,raw,0-6,47,43,1,-0.19476595744680847,0.22289938673010187,0.38223579837112653,1.4064708873904144,0.7765957446808512,1.4049931021258701
CBO,revenue_estate_and_gift_taxes,cbo.revenue.estate_and_gift_taxes,with,raw,12-24,105,43,1,-0.9798476190476189,0.5214523533232239,0.0602343740787538,3.2956386995687557,2.642019047619048,3.423141169549784
CBO,revenue_estate_and_gift_taxes,cbo.revenue.estate_and_gift_taxes,with,raw,24-36,102,42,1,0.10477450980392128,1.176515893392863,0.9290382764208516,7.0551214582199,4.7303235294117645,7.021234140301916
CBO,revenue_estate_and_gift_taxes,cbo.revenue.estate_and_gift_taxes,with,raw,36+,653,41,1,10.299427258805508,2.825811481630462,0.0002676331199411401,19.643259484009445,15.19262787136294,22.16630201685891
CBO,revenue_estate_and_gift_taxes,cbo.revenue.estate_and_gift_taxes,with,raw,6-12,64,42,1,-0.7578906249999996,0.31378693334936325,0.015722110492758592,2.085532074907089,1.6040468749999999,2.203606628206359
CBO,revenue_estate_and_gift_taxes,cbo.revenue.estate_and_gift_taxes,with,raw,<0,57,41,1,0.0,0.0,,0.0,0.0,0.0
CBO,revenue_estate_and_gift_taxes,cbo.revenue.estate_and_gift_taxes,with,policy_adjusted,0-6,47,43,1,-0.19476595744680847,0.22289938673010187,0.38223579837112653,1.4064708873904144,0.7765957446808512,1.4049931021258701
CBO,revenue_estate_and_gift_taxes,cbo.revenue.estate_and_gift_taxes,with,policy_adjusted,12-24,105,43,1,-1.101190476190476,0.4704617181267351,0.01924973751231117,3.0159513331848036,2.5114380952380952,3.1971791778438217
CBO,revenue_estate_and_gift_taxes,cbo.revenue.estate_and_gift_taxes,with,policy_adjusted,24-36,102,42,1,-1.8009803921568632,0.6198221030014431,0.003665019126395095,3.8528122376032794,3.295725490196079,4.235818871222413
CBO,revenue_estate_and_gift_taxes,cbo.revenue.estate_and_gift_taxes,with,policy_adjusted,36+,653,41,1,-2.2074042879019897,1.1171376401608013,0.048160828982315586,8.685238049553098,6.8377105666156215,8.954913483968445
CBO,revenue_estate_and_gift_taxes,cbo.revenue.estate_and_gift_taxes,with,policy_adjusted,6-12,64,42,1,-0.7578593749999997,0.31378343499845796,0.015725247541788553,2.0855140880983627,1.604015625,2.2035791234092317
CBO,revenue_estate_and_gift_taxes,cbo.revenue.estate_and_gift_taxes,with,policy_adjusted,<0,57,41,1,0.0,0.0,,0.0,0.0,0.0
CBO,revenue_estate_and_gift_taxes,cbo.revenue.estate_and_gift_taxes,without,raw,0-6,44,40,1,-0.059727272727272844,0.21885847258632987,0.7849272921958922,1.3305949074045764,0.6812272727272729,1.3167429168561753
CBO,revenue_estate_and_gift_taxes,cbo.revenue.estate_and_gift_taxes,without,raw,12-24,97,40,1,-0.8184948453608248,0.4936725380345978,0.09732328155712548,3.0062551078394284,2.3858144329896906,3.1006987539724973
CBO,revenue_estate_and_gift_taxes,cbo.revenue.estate_and_gift_taxes,without,raw,24-36,93,39,1,0.6742258064516128,1.1817594761466006,0.5683202471718098,6.831864681369514,4.424741935483872,6.828402482452655
CBO,revenue_estate_and_gift_taxes,cbo.revenue.estate_and_gift_taxes,without,raw,36+,589,38,1,10.77789303904924,3.0914595135276,0.0004896698719897666,19.843804747602938,15.580045840407468,22.567033791371806
CBO,revenue_estate_and_gift_taxes,cbo.revenue.estate_and_gift_taxes,without,raw,6-12,61,40,1,-0.6426721311475411,0.3182436258667044,0.04344208734541132,2.031573140215167,1.5304426229508195,2.1148655772497844
CBO,revenue_estate_and_gift_taxes,cbo.revenue.estate_and_gift_taxes,without,raw,<0,54,38,1,0.0,0.0,,0.0,0.0,0.0
CBO,revenue_estate_and_gift_taxes,cbo.revenue.estate_and_gift_taxes,without,policy_adjusted,0-6,44,40,1,-0.059727272727272844,0.21885847258632987,0.7849272921958922,1.3305949074045764,0.6812272727272729,1.3167429168561753
CBO,revenue_estate_and_gift_taxes,cbo.revenue.estate_and_gift_taxes,without,policy_adjusted,12-24,97,40,1,-0.9499690721649489,0.430698014085448,0.02740851573659567,2.6768470120865775,2.244340206185567,2.8273804002707257
CBO,revenue_estate_and_gift_taxes,cbo.revenue.estate_and_gift_taxes,without,policy_adjusted,24-36,93,39,1,-1.416150537634409,0.5179162418199397,0.006250860247933665,3.215835127000236,2.8511182795698935,3.497981983514102
CBO,revenue_estate_and_gift_taxes,cbo.revenue.estate_and_gift_taxes,without,policy_adjusted,36+,589,38,1,-1.710726655348048,1.0760822072399272,0.11188593661696362,8.553801268508757,6.532933786078098,8.716070131848053
CBO,revenue_estate_and_gift_taxes,cbo.revenue.estate_and_gift_taxes,without,policy_adjusted,6-12,61,40,1,-0.6426393442622951,0.3182395268357682,0.043450085626449864,2.0315518619418906,1.5304098360655733,2.1148355088536306
CBO,revenue_estate_and_gift_taxes,cbo.revenue.estate_and_gift_taxes,without,policy_adjusted,<0,54,38,1,0.0,0.0,,0.0,0.0,0.0
CBO,revenue_excise_taxes,pooled_levels,with,raw,0-6,47,43,1,0.005057730609561201,0.006504758801102718,0.43683839036533056,0.04062899967020552,0.023472650135662944,0.04051141375350475
CBO,revenue_excise_taxes,pooled_levels,with,raw,12-24,105,43,1,0.016756822257511395,0.01160477904169305,0.148750578564801,0.08158893920375085,0.06092194304799047,0.08291048441477573
CBO,revenue_excise_taxes,pooled_levels,with,raw,24-36,102,42,1,0.028037345455854595,0.02051833166101827,0.1717966764640998,0.13237711734145335,0.09730961623184137,0.13467736611520806
CBO,revenue_excise_taxes,pooled_levels,with,raw,36+,653,41,1,0.052478274074335134,0.02792926271651472,0.06024845613020397,0.19695653148561806,0.165462975278159,0.20368220078431842
CBO,revenue_excise_taxes,pooled_levels,with,raw,6-12,64,42,1,0.011285876051378308,0.009755541814116295,0.24732621467138116,0.0623960813815732,0.04229020158894483,0.06292701813282575
CBO,revenue_excise_taxes,pooled_levels,with,raw,<0,57,41,1,0.00015145398390353215,0.00019227337366753026,0.4308714525675921,0.0010667740440523628,0.00024008098209814393,0.0010681667180987438
CBO,revenue_excise_taxes,pooled_levels,with,policy_adjusted,0-6,47,43,1,0.0050784976013054485,0.006501946943889585,0.4347593441974259,0.0406090224449501,0.023451883143918693,0.04049440409505751
CBO,revenue_excise_taxes,pooled_levels,with,policy_adjusted,12-24,105,43,1,0.03334168305258925,0.009400531424933092,0.00038995967197687795,0.06953917822672347,0.055586683839116614,0.07681999008817218
CBO,revenue_excise_taxes,pooled_levels,with,policy_adjusted,24-36,102,42,1,0.06406374353359584,0.01301373148500332,8.53231394602666e-07,0.0836402175508978,0.08121892875727052,0.10502982467240396
CBO,revenue_excise_taxes,pooled_levels,with,policy_adjusted,36+,653,41,1,0.12384013182355373,0.01982236551533243,4.170873106086654e-10,0.12583723089881574,0.14086296329075765,0.17648551583603825
CBO,revenue_excise_taxes,pooled_levels,with,policy_adjusted,6-12,64,42,1,0.015666468755272896,0.009977694048312686,0.1163803947351988,0.06506963912599957,0.04374744919151831,0.06643296639468951
CBO,revenue_excise_taxes,pooled_levels,with,policy_adjusted,<0,57,41,1,0.00015145398390353215,0.00019227337366753026,0.4308714525675921,0.0010667740440523628,0.00024008098209814393,0.0010681667180987438
CBO,revenue_excise_taxes,pooled_levels,without,raw,0-6,44,40,1,0.005522826251957004,0.006944255741768837,0.4264340171985993,0.0419740902191617,0.02486653844702544,0.041860296216278486
CBO,revenue_excise_taxes,pooled_levels,without,raw,12-24,97,40,1,0.011747684499086485,0.011787602679581854,0.31895212850833465,0.08045151911491893,0.05873468349035811,0.08089331716526157
CBO,revenue_excise_taxes,pooled_levels,without,raw,24-36,93,39,1,0.01330021051424486,0.019018925955143384,0.48435551321709414,0.1203329819028451,0.08927624942984329,0.12042102359353465
CBO,revenue_excise_taxes,pooled_levels,without,raw,36+,589,38,1,0.02285693261976015,0.025881421654314122,0.3771603444359751,0.18289920438716997,0.1481184095061727,0.1841677592989677
CBO,revenue_excise_taxes,pooled_levels,without,raw,6-12,61,40,1,0.008113418691226558,0.009847081008425174,0.4099727988600429,0.06171097352336391,0.04064254712408324,0.06173849352228663
CBO,revenue_excise_taxes,pooled_levels,without,raw,<0,54,38,1,0.00015999390473559656,0.000202870289886914,0.43031587663765125,0.0010958997103825876,0.0002527002547433667,0.0010974304328101
CBO,revenue_excise_taxes,pooled_levels,without,policy_adjusted,0-6,44,40,1,0.005545009174956541,0.006941205587435179,0.42437513077788036,0.04195315204833904,0.024844355524025905,0.04184271228743283
CBO,revenue_excise_taxes,pooled_levels,without,policy_adjusted,12-24,97,40,1,0.02772151256583502,0.008871952665712782,0.0017803271686910817,0.0661574012239167,0.05126915481017941,0.07141542080147227
CBO,revenue_excise_taxes,pooled_levels,without,policy_adjusted,24-36,93,39,1,0.05812883283819502,0.013081295019636601,8.844115983952877e-06,0.08146383043276663,0.07691500617446867,0.09971939737485495
CBO,revenue_excise_taxes,pooled_levels,without,policy_adjusted,36+,589,38,1,0.11602358390088367,0.01942856238642356,2.3464304812562162e-09,0.12003254711589857,0.13471781431768368,0.1668676808349571
CBO,revenue_excise_taxes,pooled_levels,without,policy_adjusted,6-12,61,40,1,0.011507346661142405,0.009740459127893772,0.23744515242896425,0.06321962349094769,0.04096935892212119,0.06374652781520707
CBO,revenue_excise_taxes,pooled_levels,without,policy_adjusted,<0,54,38,1,0.00015999390473559656,0.000202870289886914,0.43031587663765125,0.0010958997103825876,0.0002527002547433667,0.0010974304328101
CBO,revenue_individual_income_taxes,pooled_levels,with,raw,0-6,47,43,1,0.0030796991001602434,0.004362546563730542,0.48022502632878605,0.028411158143559875,0.014862679235412435,0.02827550380024812
CBO,revenue_individual_income_taxes,pooled_levels,with,raw,12-24,105,43,1,0.031492326933430556,0.01822318640649541,0.08396204985591724,0.11620143177828272,0.08673921830821132,0.11985800585407792
CBO,revenue_individual_income_taxes,pooled_levels,with,raw,24-36,102,42,1,0.057508422876831916,0.02675021456885854,0.031568637364377136,0.16153764786475464,0.12980818884031245,0.17072141873236218
CBO,revenue_individual_income_taxes,pooled_levels,with,raw,36+,653,41,1,0.14256549329647883,0.032657033839386604,1.2681076674677625e-05,0.2015793195072491,0.2050824869849767,0.24677300287019924
CBO,revenue_individual_income_taxes,pooled_levels,with,raw,6-12,64,42,1,0.0020693436233284205,0.010356093040519236,0.8416221813113058,0.06386388281300073,0.049155275590446273,0.06339676376487872
CBO,revenue_individual_income_taxes,pooled_levels,with,raw,<0,57,41,1,-8.753857316672813e-08,4.761918687995777e-08,0.0660175247635401,3.025668014717314e-07,1.1816287677164904e-07,3.1241573140037295e-07
CBO,revenue_individual_income_taxes,pooled_levels,with,policy_adjusted,0-6,47,43,1,0.0023218995115841723,0.004083705459939481,0.5696434843776942,0.02691993461221488,0.014112077435205256,0.026733037840788974
CBO,revenue_individual_income_taxes,pooled_levels,with,policy_adjusted,12-24,105,43,1,-0.013262408987486691,0.017615877675411534,0.4515299763259616,0.10968068713811285,0.07997688082828851,0.10995987719809473
CBO,revenue_individual_income_taxes,pooled_levels,with,policy_adjusted,24-36,102,42,1,-0.005176971339738724,0.02320409211638639,0.8234530367592756,0.14113705927383802,0.10569610521373114,0.1405388901879611
CBO,revenue_individual_income_taxes,pooled_levels,with,policy_adjusted,36+,653,41,1,0.009858014231011717,0.02819058580684794,0.7265700738424414,0.17324832755557373,0.14717429251545938,0.17339607461954473
CBO,revenue_individual_income_taxes,pooled_levels,with,policy_adjusted,6-12,64,42,1,-0.013459986557387511,0.010756558035168623,0.2108146879933851,0.06667974128562407,0.04937594799056777,0.06751212817070609
CBO,revenue_individual_income_taxes,pooled_levels,with,policy_adjusted,<0,57,41,1,-8.753857316672813e-08,4.761918687995777e-08,0.0660175247635401,3.025668014717314e-07,1.1816287677164904e-07,3.1241573140037295e-07
CBO,revenue_individual_income_taxes,pooled_levels,without,raw,0-6,44,40,1,0.004371602483446882,0.004514699554262182,0.3328924740894148,0.02835106409782927,0.014681778005000744,0.028365929423113674
CBO,revenue_individual_income_taxes,pooled_levels,without,raw,12-24,97,40,1,0.03073757355253063,0.015156883608679637,0.042564196810508936,0.09398259788644603,0.07440948984753264,0.0984198560990779
CBO,revenue_individual_income_taxes,pooled_levels,without,raw,24-36,93,39,1,0.06346446960957235,0.024430447286532125,0.009383370720169516,0.14338827609140567,0.1183486837066498,0.15609887644837742
CBO,revenue_individual_income_taxes,pooled_levels,without,raw,36+,589,38,1,0.14568799363044593,0.033211970423943096,1.1513044211073987e-05,0.19608375576089832,0.20265911710726492,0.24414862808587426
CBO,revenue_individual_income_taxes,pooled_levels,without,raw,6-12,61,40,1,0.0018850513141743742,0.009882487116915965,0.8487240879928217,0.057469032905245694,0.04521861239911694,0.05702719269538832
CBO,revenue_individual_income_taxes,pooled_levels,without,raw,<0,54,38,1,-8.536630487129207e-08,5.00358542776132e-08,0.08798896446592061,3.079312229370297e-07,1.1769195867648636e-07,3.167855549208519e-07
CBO,revenue_individual_income_taxes,pooled_levels,without,policy_adjusted,0-6,44,40,1,0.003562117408619435,0.00421627612350249,0.3981950540922986,0.02678829656286023,0.013880016141809726,0.026720631179114614
CBO,revenue_individual_income_taxes,pooled_levels,without,policy_adjusted,12-24,97,40,1,-0.009060140154792432,0.013843046528016083,0.5127959521444312,0.08440718154731586,0.06494743789049263,0.08445832840786238
CBO,revenue_individual_income_taxes,pooled_levels,without,policy_adjusted,24-36,93,39,1,0.003952122194600375,0.019984377260806298,0.8432323834615738,0.11842960094037788,0.08895938634302902,0.11785744382099451
CBO,revenue_individual_income_taxes,pooled_levels,without,policy_adjusted,36+,589,38,1,0.016924378408002264,0.027911180165444437,0.5442720323871508,0.16655973066161658,0.13992531731956262,0.16727665123535043
CBO,revenue_individual_income_taxes,pooled_levels,without,policy_adjusted,6-12,61,40,1,-0.013084075122362569,0.010193873092174293,0.19930875066778364,0.059386885167786056,0.04523549649154029,0.06033389365340096
CBO,revenue_individual_income_taxes,pooled_levels,without,policy_adjusted,<0,54,38,1,-8.536630487129207e-08,5.00358542776132e-08,0.08798896446592061,3.079312229370297e-07,1.1769195867648636e-07,3.167855549208519e-07
CBO,revenue_miscellaneous_receipts,pooled_levels,with,raw,0-6,47,43,1,-0.01873551287429705,0.008687802454668879,0.031042247747858295,0.05588918895490174,0.042226681135023716,0.058379459397547906
CBO,revenue_miscellaneous_receipts,pooled_levels,with,raw,12-24,105,43,1,-0.05868294566734922,0.02563052861460976,0.022046128346706845,0.17315843945777945,0.12314365225439818,0.1820493692315318
CBO,revenue_miscellaneous_receipts,pooled_levels,with,raw,24-36,102,42,1,-0.06803706588034188,0.048232349773679774,0.1583594519705679,0.3201798442332712,0.21957902332134183,0.3257900008697596
CBO,revenue_miscellaneous_receipts,pooled_levels,with,raw,36+,653,41,1,-0.10705588701583335,0.08587207631379577,0.21251106647703788,0.48843665541026077,0.3853337400436699,0.49966587252736444
CBO,revenue_miscellaneous_receipts,pooled_levels,with,raw,6-12,64,42,1,-0.04009042091430591,0.013526175513754823,0.0030375316824904244,0.08907007639422203,0.07144259600820259,0.09703999050009039
CBO,revenue_miscellaneous_receipts,pooled_levels,with,raw,<0,57,41,1,-0.0019611733860338248,0.0008651664964247849,0.023401459167756298,0.005471100781572751,0.003808995244000947,0.005766628603262527
CBO,revenue_miscellaneous_receipts,pooled_levels,with,policy_adjusted,0-6,47,43,1,-0.018731384733321577,0.00868890809126593,0.03110075395444683,0.055898699005511664,0.04222844126311659,0.058387045652760976
CBO,revenue_miscellaneous_receipts,pooled_levels,with,policy_adjusted,12-24,105,43,1,-0.0505345430282573,0.025550626102158424,0.04794900002771691,0.17172527387527936,0.11666039372326051,0.17822024767677566
CBO,revenue_miscellaneous_receipts,pooled_levels,with,policy_adjusted,24-36,102,42,1,-0.056297958528461436,0.047675725553956334,0.2376616670170304,0.3162895350156094,0.20784196856501091,0.31973075375880355
CBO,revenue_miscellaneous_receipts,pooled_levels,with,policy_adjusted,36+,653,41,1,-0.035166786341700715,0.07672882822096296,0.6467185336816981,0.43328184656080776,0.3207389993797022,0.4343758373450355
CBO,revenue_miscellaneous_receipts,pooled_levels,with,policy_adjusted,6-12,64,42,1,-0.040079986240744894,0.013583577144675991,0.003171359295189178,0.08913124620560922,0.07144670388033408,0.09709095439104716
CBO,revenue_miscellaneous_receipts,pooled_levels,with,policy_adjusted,<0,57,41,1,-0.0019611733860338248,0.0008651664964247849,0.023401459167756298,0.005471100781572751,0.003808995244000947,0.005766628603262527
CBO,revenue_miscellaneous_receipts,pooled_levels,without,raw,0-6,44,40,1,-0.015734326647697163,0.008491779550900467,0.06389824091348788,0.05224871888854592,0.03889862689845661,0.05399494261644446
CBO,revenue_miscellaneous_receipts,pooled_levels,without,raw,12-24,97,40,1,-0.05723014998630896,0.027316874012274013,0.03616676570945303,0.17501945625826013,0.12135746390599038,0.18327931765480704
CBO,revenue_miscellaneous_receipts,pooled_levels,without,raw,24-36,93,39,1,-0.05885332958089122,0.05191533138077441,0.2569453178290727,0.3273712763374485,0.21926342996608364,0.3308825779438744
CBO,revenue_miscellaneous_receipts,pooled_levels,without,raw,36+,589,38,1,-0.10374915448348727,0.09507234514499206,0.27515614682140077,0.5119531197873438,0.41009143976849066,0.5219338072988755
CBO,revenue_miscellaneous_receipts,pooled_levels,without,raw,6-12,61,40,1,-0.03282318569180409,0.011528900736828987,0.0044128488961058705,0.07392879126106,0.06550453183967049,0.0803319979217151
CBO,revenue_miscellaneous_receipts,pooled_levels,without,raw,<0,54,38,1,-0.0017693979850398496,0.0009068866837690384,0.05104890520470584,0.005482522041853718,0.00371960107352917,0.005712458897136889
CBO,revenue_miscellaneous_receipts,pooled_levels,without,policy_adjusted,0-6,44,40,1,-0.015730076491356177,0.008493006032563769,0.0640084214476569,0.052259160350821655,0.038900347586491184,0.05400357871712313
CBO,revenue_miscellaneous_receipts,pooled_levels,without,policy_adjusted,12-24,97,40,1,-0.048853201441513144,0.027236645843507264,0.0728679269230206,0.17357208977289765,0.1146910172878879,0.17945282171996013
CBO,revenue_miscellaneous_receipts,pooled_levels,without,policy_adjusted,24-36,93,39,1,-0.04715242789923308,0.05119821677731608,0.3570619477483761,0.3228108556998748,0.20581114408165418,0.32451455478382735
CBO,revenue_miscellaneous_receipts,pooled_levels,without,policy_adjusted,36+,589,38,1,-0.023886239617862057,0.08456505586940197,0.7775908686536313,0.45158947087608453,0.3372353383032421,0.45183776576419044
CBO,revenue_miscellaneous_receipts,pooled_levels,without,policy_adjusted,6-12,61,40,1,-0.03281223783757613,0.011598015608347775,0.004667544028836585,0.07400506716895636,0.06550884173830025,0.08039658035173114
CBO,revenue_miscellaneous_receipts,pooled_levels,without,policy_adjusted,<0,54,38,1,-0.0017693979850398496,0.0009068866837690384,0.05104890520470584,0.005482522041853718,0.00371960107352917,0.005712458897136889
CBO,revenue_payroll_taxes,pooled_levels,with,raw,0-6,47,43,1,-0.0007106927121561398,0.0012098096901411671,0.556907066202511,0.008235250507324567,0.00526039231650863,0.008178109203009223
CBO,revenue_payroll_taxes,pooled_levels,with,raw,12-24,105,43,1,0.012359728327469323,0.006108522962472185,0.043036259122045374,0.03922250121155552,0.02928380559880414,0.04094528071983485
CBO,revenue_payroll_taxes,pooled_levels,with,raw,24-36,102,42,1,0.01984924705518737,0.009268120748517204,0.032220125590056596,0.0570161654455411,0.042366531343901594,0.06010794223536577
CBO,revenue_payroll_taxes,pooled_levels,with,raw,36+,653,41,1,0.04802012419543761,0.017718563572201286,0.006725096474670988,0.10238281602300445,0.08676845156299717,0.11301380848406418
CBO,revenue_payroll_taxes,pooled_levels,with,raw,6-12,64,42,1,0.0037274098312957225,0.0020083644031120324,0.06346168476019849,0.015371262890220458,0.011973626714492994,0.0156996018650579
CBO,revenue_payroll_taxes,pooled_levels,with,raw,<0,57,41,1,1.535641786613541e-05,1.0001368216138452e-05,0.1246778204735176,7.200002991290293e-05,1.722984501475398e-05,7.299915364679082e-05
CBO,revenue_payroll_taxes,pooled_levels,with,policy_adjusted,0-6,47,43,1,-0.0007140293538686049,0.0012106711707167703,0.5553383130538805,0.00824100594857288,0.005264965144279794,0.008184071995635166
CBO,revenue_payroll_taxes,pooled_levels,with,policy_adjusted,12-24,105,43,1,0.007479633489288652,0.004439961896771792,0.0920625676387785,0.03043973624699152,0.023910315423095917,0.031204132929693155
CBO,revenue_payroll_taxes,pooled_levels,with,policy_adjusted,24-36,102,42,1,0.015197452894434825,0.0072984817750418466,0.03731727357524666,0.0464034701539437,0.03659605184689384,0.04861207677674748
CBO,revenue_payroll_taxes,pooled_levels,with,policy_adjusted,36+,653,41,1,0.044414834327284894,0.014990969047033774,0.0030488158215290074,0.09084124792421774,0.08244757462861395,0.10105529461826447
CBO,revenue_payroll_taxes,pooled_levels,with,policy_adjusted,6-12,64,42,1,0.0026255259733654673,0.002209022377996216,0.23461814320055197,0.014627076344150553,0.011549834897643007,0.014747940838546757
CBO,revenue_payroll_taxes,pooled_levels,with,policy_adjusted,<0,57,41,1,1.535641786613541e-05,1.0001368216138452e-05,0.1246778204735176,7.200002991290293e-05,1.722984501475398e-05,7.299915364679082e-05
CBO,revenue_payroll_taxes,pooled_levels,without,raw,0-6,44,40,1,-0.0009440821925898091,0.0011313713810769928,0.4040227996212855,0.007427992008570251,0.0047287722175425205,0.007403538188555461
CBO,revenue_payroll_taxes,pooled_levels,without,raw,12-24,97,40,1,0.013077188496688165,0.00615566986727772,0.03363557765232007,0.036974959276123494,0.02704814212614255,0.03903929004420276
CBO,revenue_payroll_taxes,pooled_levels,without,raw,24-36,93,39,1,0.0212828986543203,0.009563712576149715,0.026055711224339976,0.056488578369601104,0.04147486012954028,0.060080028870030555
CBO,revenue_payroll_taxes,pooled_levels,without,raw,36+,589,38,1,0.049785005477066185,0.019279858152413412,0.009816447369792375,0.10532792772283729,0.0891589188123636,0.11642028973326256
CBO,revenue_payroll_taxes,pooled_levels,without,raw,6-12,61,40,1,0.0033482939598484603,0.002085592892677022,0.10839703847814462,0.015456578005460095,0.0119882471537428,0.015690773961031582
CBO,revenue_payroll_taxes,pooled_levels,without,raw,<0,54,38,1,1.6188766296010853e-05,1.0527330765597875e-05,0.12410130959607518,7.391894904701484e-05,1.816627273066379e-05,7.499934528374657e-05
CBO,revenue_payroll_taxes,pooled_levels,without,policy_adjusted,0-6,44,40,1,-0.0009476618504033849,0.0011324184150927983,0.4026781295198232,0.007434728236636613,0.004733672346827888,0.00741060002662469
CBO,revenue_payroll_taxes,pooled_levels,without,policy_adjusted,12-24,97,40,1,0.007868284892340854,0.004135702367223446,0.057102309079885956,0.026540837531860338,0.0212291283083399,0.027551115092398114
CBO,revenue_payroll_taxes,pooled_levels,without,policy_adjusted,24-36,93,39,1,0.016237624968653136,0.00724170703100395,0.02494604545168849,0.04459707152537197,0.035170624592224045,0.04723529659885476
CBO,revenue_payroll_taxes,pooled_levels,without,policy_adjusted,36+,589,38,1,0.045719011439048815,0.01620738211987696,0.004789274642515015,0.09286789408815577,0.08428602704291925,0.1034409553167072
CBO,revenue_payroll_taxes,pooled_levels,without,policy_adjusted,6-12,61,40,1,0.0022334705365740053,0.0022936020717815235,0.33016433242599763,0.014665968293811244,0.01158482774588996,0.01471573786110761
CBO,revenue_payroll_taxes,pooled_levels,without,policy_adjusted,<0,54,38,1,1.6188766296010853e-05,1.0527330765597875e-05,0.12410130959607518,7.391894904701484e-05,1.816627273066379e-05,7.499934528374657e-05
HMT,aggregate,pooled_levels,with,raw,0-6,66,42,2,-0.06797508495474916,0.0028292014225869177,1.4790985751129362e-127,0.01841979607979243,0.06797508495474916,0.0703900583996417
HMT,aggregate,pooled_levels,with,raw,12-24,70,38,2,-0.05910386756246414,0.005123880692790425,8.790635392600102e-31,0.0339504462981431,0.06228231721331812,0.06803994254680375
HMT,aggregate,pooled_levels,with,raw,24-36,60,38,2,-0.05739749458191111,0.007218106432002331,1.837065903053432e-15,0.046168859652393465,0.06636373540587516,0.07342009211282845
HMT,aggregate,pooled_levels,with,raw,36+,180,46,2,-0.050501041390496035,0.01074357775310074,2.594242269282164e-06,0.06758204740531693,0.0730152763127115,0.08421587878818548
HMT,aggregate,pooled_levels,with,raw,6-12,36,36,2,-0.0624016718706096,0.004476780341944854,3.6724141434257146e-44,0.026860682051669128,0.06295690201845915,0.06778955177826494
HMT,aggregate,pooled_levels,with,raw,<0,18,18,2,-0.061156204407237943,0.003963844404173047,1.0527618076901106e-53,0.016817167546554677,0.061156204407237964,0.06330234118362661
HMT,aggregate,pooled_levels,with,policy_adjusted,0-6,66,42,2,-0.06797508495474916,0.0028292014225869177,1.4790985751129362e-127,0.01841979607979243,0.06797508495474916,0.0703900583996417
HMT,aggregate,pooled_levels,with,policy_adjusted,12-24,70,38,2,-0.05911401342904747,0.005123555459888965,8.517845766417509e-31,0.03394887449759155,0.06229246307990145,0.0680479831079663
HMT,aggregate,pooled_levels,with,policy_adjusted,24-36,60,38,2,-0.0577099061535549,0.007218466461343071,1.2982662512363464e-15,0.046182840436424545,0.06667614697751895,0.07367320028238734
HMT,aggregate,pooled_levels,with,policy_adjusted,36+,180,46,2,-0.050717367935906345,0.010992821640303968,3.9560020632749624e-06,0.06915455192064464,0.07502569663836313,0.08560394172690744
HMT,aggregate,pooled_levels,with,policy_adjusted,6-12,36,36,2,-0.06241153789016911,0.004476258503409151,3.480572351869426e-44,0.02685755102045491,0.06296676803801865,0.06779742781583244
HMT,aggregate,pooled_levels,with,policy_adjusted,<0,18,18,2,-0.061156204407237943,0.003963844404173047,1.0527618076901106e-53,0.016817167546554677,0.061156204407237964,0.06330234118362661
HMT,aggregate,pooled_levels,without,raw,0-6,60,38,2,-0.06665172095925684,0.002728190613377012,8.063544662920199e-132,0.016966836897002933,0.06665172095925681,0.06874247281374625
HMT,aggregate,pooled_levels,without,raw,12-24,64,34,2,-0.06065940092116269,0.004637132646632792,4.21560251004577e-39,0.027421037455601174,0.06097896963556153,0.06648103165579827
HMT,aggregate,pooled_levels,without,raw,24-36,54,34,2,-0.06051160705806204,0.006361395824007389,1.8646417623514065e-21,0.03871912622413558,0.06487199393494623,0.071645396944123
HMT,aggregate,pooled_levels,without,raw,36+,156,42,2,-0.05320552800385962,0.009989827015991352,1.0041520649296831e-07,0.062400725553007935,0.07052457813905146,0.08185180620649447
HMT,aggregate,pooled_levels,without,raw,6-12,32,32,2,-0.06122832843059002,0.0038286220179179864,1.4467953788378495e-57,0.021657956731759447,0.06122832843059001,0.06483299272471443
HMT,aggregate,pooled_levels,without,raw,<0,16,16,2,-0.05816163185394607,0.0035887978232080537,4.541336715126468e-59,0.014355191292832203,0.058161631853946044,0.05979939353498406
HMT,aggregate,pooled_levels,without,policy_adjusted,0-6,60,38,2,-0.06665172095925684,0.002728190613377012,8.063544662920199e-132,0.016966836897002933,0.06665172095925681,0.06874247281374625
HMT,aggregate,pooled_levels,without,policy_adjusted,12-24,64,34,2,-0.0606704979627382,0.004636598554104673,4.0047088246900055e-39,0.027418266254257095,0.06099006667713705,0.06649003216078612
HMT,aggregate,pooled_levels,without,policy_adjusted,24-36,54,34,2,-0.06085873102655514,0.006353323675225101,9.795270423747413e-22,0.038709081850837025,0.06521911790343932,0.07193351194714773
HMT,aggregate,pooled_levels,without,policy_adjusted,36+,156,42,2,-0.05345513555625614,0.010336620619756825,2.323062194069227e-07,0.06434901343213817,0.07284429389941871,0.08349672739658402
HMT,aggregate,pooled_levels,without,policy_adjusted,6-12,32,32,2,-0.06123942770259447,0.0038279566454578165,1.3206946282698798e-57,0.021654192816730634,0.061239427702594454,0.06484225720782658
HMT,aggregate,pooled_levels,without,policy_adjusted,<0,16,16,2,-0.05816163185394607,0.0035887978232080537,4.541336715126468e-59,0.014355191292832203,0.058161631853946044,0.05979939353498406
HMT,aggregate,obr.cacb,with,raw,0-6,21,12,1,-0.8195201446572069,0.14083030618568507,5.9128876210681375e-09,0.5217265058418941,0.8406458903882456,0.9648056689460269
HMT,aggregate,obr.cacb,with,raw,12-24,23,12,1,-1.3130352418546163,0.4329033659591657,0.0024206270668573086,1.6085057572721266,1.6734609031114227,2.0491123479290025
HMT,aggregate,obr.cacb,with,raw,24-36,23,12,1,-1.8483576118992013,0.5086819732289268,0.0002794710550272796,1.744164177206701,2.001791829182298,2.5152075349486473
HMT,aggregate,obr.cacb,with,raw,36+,69,14,1,-2.971825471750431,0.42830355244951784,3.960148228335911e-12,1.6793216765224854,2.9850889186931915,3.407491247926038
HMT,aggregate,obr.cacb,with,raw,6-12,11,11,1,-1.145175944099893,0.391714065212762,0.0034612058163349477,1.2991685794155379,1.4237551974494183,1.6869579223561446
HMT,aggregate,obr.cacb,with,raw,<0,43,12,1,-0.7623937222092074,0.04514666150378128,5.6039982387661357e-64,0.2383908252847997,0.7623937222092073,0.7979678821990195
HMT,aggregate,obr.cacb,without,raw,0-6,18,10,1,-0.8675598736327562,0.1506967581696875,8.56264972097839e-09,0.5094819541438875,0.8804197876738837,0.9989050690422374
HMT,aggregate,obr.cacb,without,raw,12-24,20,10,1,-1.0002982625122223,0.42287318117354217,0.018006691708699056,1.290784520801352,1.41478777295755,1.6073005503540179
HMT,aggregate,obr.cacb,without,raw,24-36,20,10,1,-1.4253145568720447,0.4499606783714882,0.001536803866383342,1.4124119828895878,1.601763906747605,1.9815861866118634
HMT,aggregate,obr.cacb,without,raw,36+,57,12,1,-2.48169121146447,0.3337069888362674,1.0320249363058296e-13,1.3773726445513768,2.497746963026759,2.832430624554449
HMT,aggregate,obr.cacb,without,raw,6-12,9,9,1,-1.1663343298757032,0.28270372084689477,3.697020676266638e-05,0.8481111625406843,1.2165798386793985,1.4141099388986835
HMT,aggregate,obr.cacb,without,raw,<0,40,11,1,-0.7316226873731541,0.03549255714616064,2.080395256158555e-94,0.20489751570199966,0.7316226873731541,0.7590817965288364
HMT,aggregate,obr.capsnb,with,raw,0-6,13,7,1,-0.7689428120178018,0.2863758758421471,0.007251193576587485,0.7661780566333036,0.8592111643109326,1.064493212739738
HMT,aggregate,obr.capsnb,with,raw,12-24,13,7,1,-1.48566863219791,0.7229643085199142,0.039882080516190486,2.156976834493174,1.9754497571888594,2.5498768518610824
HMT,aggregate,obr.capsnb,with,raw,24-36,14,7,1,-2.0864142572671023,0.8659787081849729,0.015982559109853103,2.349540167306203,2.3068099772680317,3.078823399011294
HMT,aggregate,obr.capsnb,with,raw,36+,45,13,1,-3.29721200188322,0.734233599633095,7.099439458442317e-06,2.382723226189243,3.358078171974569,4.052507024153697
HMT,aggregate,obr.capsnb,with,raw,6-12,7,7,1,-1.1271042372734037,,,1.795884771093936,1.6346182598547416,2.008686863103795
HMT,aggregate,obr.capsnb,with,raw,<0,32,9,1,-0.9051830734456128,0.10907203356183459,1.0503782536054349e-16,0.3271941933209329,0.9051830734456126,0.9607637250338475
HMT,aggregate,obr.capsnb,without,raw,0-6,10,5,1,-0.8828200999935917,0.28571548220739046,0.0020025260778616257,0.644063781394965,0.8828200999935916,1.0736422439560573
HMT,aggregate,obr.capsnb,without,raw,12-24,10,5,1,-0.7187492096195068,0.6464319688683664,0.2661934528623917,1.3923867550375912,1.3554646721077424,1.503817546902671
HMT,aggregate,obr.capsnb,without,raw,24-36,11,5,1,-1.1543547138242491,0.6578597732072593,0.07930851072992391,1.6000193920950498,1.4348583574617988,1.9130770884390091
HMT,aggregate,obr.capsnb,without,raw,36+,31,9,1,-2.471029004821796,0.6145902905927068,5.804718060741661e-05,1.7961177901416092,2.4762663361952932,3.037755368820249
HMT,aggregate,obr.capsnb,without,raw,6-12,5,5,1,-0.9926794987127391,,,0.9173261616271625,1.168857120164279,1.28786739092543
HMT,aggregate,obr.capsnb,without,raw,<0,29,8,1,-0.8719231894493071,0.11629741763799895,6.511774569775782e-14,0.32597939532990344,0.8719231894493075,0.9288963279392994
HMT,aggregate,obr.pscr,with,raw,0-6,33,21,1,3.674742245609909,0.3647906574187539,7.230887947137546e-24,1.5828322302126172,3.703834523787424,3.99163732135646
HMT,aggregate,obr.pscr,with,raw,12-24,35,19,1,3.895665251539872,0.39392910702381173,4.634656788940138e-23,1.7200158857490806,3.9765067348648984,4.24854505962327
HMT,aggregate,obr.pscr,with,raw,24-36,31,20,1,3.770050202042941,0.4381030599743856,7.605390863291112e-18,1.7529800447749297,3.77005020204294,4.145731599800116
HMT,aggregate,obr.pscr,with,raw,36+,93,23,1,4.019880135085797,0.2813644985593051,2.633844346911657e-46,1.4731002747085724,4.019880135085796,4.278566012567403
HMT,aggregate,obr.pscr,with,raw,6-12,18,18,1,3.954808423812611,0.4542006280919645,3.1151729230288003e-18,1.9270100648581043,4.030366489360277,4.375794699087755
HMT,aggregate,obr.pscr,with,raw,<0,9,9,1,4.1055247979378695,0.5545246692755167,1.3245853366610913e-13,1.6635740078265504,4.1055247979378695,4.394919195749081
HMT,aggregate,obr.pscr,without,raw,0-6,30,19,1,3.9956483306934776,0.29837996155061886,6.812545525213979e-41,1.2328976056996903,3.9956483306934785,4.1754729319174855
HMT,aggregate,obr.pscr,without,raw,12-24,32,17,1,4.023476238111652,0.41287810886306914,1.9387562019960424e-22,1.682345032791921,4.111896610498398,4.350884903984045
HMT,aggregate,obr.pscr,without,raw,24-36,28,18,1,3.7013357187463867,0.4769037966980824,8.414347565790839e-15,1.8303997636351597,3.7013357187463876,4.114680250715644
HMT,aggregate,obr.pscr,without,raw,36+,81,21,1,3.9010673076230744,0.30660169162296663,4.3742372245373955e-37,1.5421869418525695,3.9010673076230744,4.19133683602805
HMT,aggregate,obr.pscr,without,raw,6-12,16,16,1,4.288092803398461,0.40507986031648807,3.4681990416619545e-26,1.620319441265951,4.2880928033984596,4.5660798601281645
HMT,aggregate,obr.pscr,without,raw,<0,8,8,1,4.474079227157522,0.4698004399802218,1.6766657409806825e-21,1.3287963076577542,4.474079227157523,4.6435301339306205
HMT,aggregate,obr.psnb,with,raw,0-6,51,32,1,-0.17395009171857123,0.2020918051246725,0.3893769193618045,1.2388954775162249,0.8541902885659955,1.2389613816431766
HMT,aggregate,obr.psnb,with,raw,12-24,45,28,1,-0.534253418207031,0.4410979745283205,0.22582262704725276,2.15315832890885,1.4589713280803955,2.1951066635706167
HMT,aggregate,obr.psnb,with,raw,24-36,37,26,1,-1.1405119737682845,0.539432286454287,0.034491188764320474,2.5156767179313815,2.0272934660983877,2.730998512446965
HMT,aggregate,obr.psnb,with,raw,36+,104,31,1,-2.5403074931634464,0.5697836308353791,8.258441604852778e-06,2.931004531385188,2.9441845324115383,3.8679899167727343
HMT,aggregate,obr.psnb,with,raw,6-12,29,29,1,-0.10848571707396205,0.29155662643743846,0.7098247895763099,1.5700804839777558,1.1683845059334366,1.5465822353037992
HMT,aggregate,obr.psnb,with,raw,<0,47,24,1,-0.2675829332844741,0.11514020361393537,0.020126843948128473,0.6421657312124047,0.5759616586975133,0.6893500398927235
HMT,aggregate,obr.psnb,with,policy_adjusted,0-6,51,32,1,-0.17395009171857123,0.2020918051246725,0.3893769193618045,1.2388954775162249,0.8541902885659955,1.2389613816431766
HMT,aggregate,obr.psnb,with,policy_adjusted,12-24,45,28,1,-0.5350077366802904,0.44080826756526015,0.22486339426923319,2.1518031018621295,1.4582170096071359,2.1939907193560564
HMT,aggregate,obr.psnb,with,policy_adjusted,24-36,37,26,1,-1.1357712832082518,0.5421011774561525,0.03615962738436769,2.523351816797953,2.0338689853771594,2.735907800205274
HMT,aggregate,obr.psnb,with,policy_adjusted,36+,104,31,1,-2.742161322425604,0.5784943356799961,2.135392928930789e-06,2.975978910934565,3.1448348644247144,4.036179012241403
HMT,aggregate,obr.psnb,with,policy_adjusted,6-12,29,29,1,-0.10907096416528402,0.2913769583752161,0.7081592558617619,1.5691129418521101,1.1677992588421147,1.5456750524090554
HMT,aggregate,obr.psnb,with,policy_adjusted,<0,47,24,1,-0.2675829332844741,0.11514020361393537,0.020126843948128473,0.6421657312124047,0.5759616586975133,0.6893500398927235
HMT,aggregate,obr.psnb,without,raw,0-6,48,30,1,-0.17078306849338099,0.16870478258964214,0.31138552004906384,0.9934301428047024,0.7258232638494483,0.997752382409483
HMT,aggregate,obr.psnb,without,raw,12-24,42,26,1,-0.1016080102226558,0.29388773151956527,0.7295399976398614,1.4069947422443403,1.0923771993726892,1.393852303765932
HMT,aggregate,obr.psnb,without,raw,24-36,34,24,1,-0.6856902280265076,0.4628664832940957,0.13850011849263383,2.027912799873959,1.6507171461504437,2.1122612479634277
HMT,aggregate,obr.psnb,without,raw,36+,92,29,1,-1.9453618908262844,0.4612425482760939,2.468562429478715e-05,2.5172431412899594,2.401918543889346,3.1705000831090273
HMT,aggregate,obr.psnb,without,raw,6-12,27,27,1,-0.035542157024007495,0.2534224939081599,0.8884635521194407,1.316821905689241,1.0100571402040468,1.2926949430590082
HMT,aggregate,obr.psnb,without,raw,<0,44,23,1,-0.23362078866555971,0.11890643982575529,0.04944380207979011,0.6485685756060703,0.5630253362658514,0.6823927336584605
HMT,aggregate,obr.psnb,without,policy_adjusted,0-6,48,30,1,-0.17078306849338099,0.16870478258964214,0.31138552004906384,0.9934301428047024,0.7258232638494483,0.997752382409483
HMT,aggregate,obr.psnb,without,policy_adjusted,12-24,42,26,1,-0.10241620858686229,0.29344563417631003,0.7270798889991589,1.4050229359705309,1.0915690010084826,1.391968534345619
HMT,aggregate,obr.psnb,without,policy_adjusted,24-36,34,24,1,-0.6805312412405895,0.4660743963052408,0.1442531504628339,2.037101865309997,1.6578728583067548,2.1191635871451457
HMT,aggregate,obr.psnb,without,policy_adjusted,36+,92,29,1,-2.1735444804269846,0.4962386627704427,1.1865830702693923e-05,2.6278566828756853,2.6287406583390234,3.39924479118098
HMT,aggregate,obr.psnb,without,policy_adjusted,6-12,27,27,1,-0.03617075575172368,0.2531903246988967,0.8864007936200484,1.3156155190900503,1.0094285414763304,1.2915290074640604
HMT,aggregate,obr.psnb,without,policy_adjusted,<0,44,23,1,-0.23362078866555971,0.11890643982575529,0.04944380207979011,0.6485685756060703,0.5630253362658514,0.6823927336584605
HMT,aggregate,obr.psnb_gbp,with,raw,0-6,59,38,1,-3.8361525423728815,1.2341465501421505,0.0018813867325996945,7.8482533106452275,5.961406779661018,8.675664928358664
HMT,aggregate,obr.psnb_gbp,with,raw,12-24,47,29,1,-9.241957446808506,4.657106367096421,0.04720180538599144,25.02046798032906,16.066,26.421921574747884
HMT,aggregate,obr.psnb_gbp,with,raw,24-36,36,25,1,-19.344055555555556,7.697159684943356,0.0119661147145355,35.36405473757979,26.812666666666665,39.87567565920078
HMT,aggregate,obr.psnb_gbp,with,raw,36+,103,30,1,-38.962378640776706,8.87736672786212,1.1389571424352133e-05,42.858707235569355,41.380592233009715,57.76765580944449
HMT,aggregate,obr.psnb_gbp,with,raw,6-12,35,35,1,-4.8788857142857145,2.5650463821289824,0.05716261832491963,15.175019044026095,8.837857142857144,15.73230008158829
HMT,aggregate,obr.psnb_gbp,with,raw,<0,41,29,1,-5.955121951219514,1.4841275812708286,6.0068782105752376e-05,6.490675135127017,6.460243902439024,8.75013187914554
HMT,aggregate,obr.psnb_gbp,with,policy_adjusted,0-6,59,38,1,-3.8361525423728815,1.2341465501421505,0.0018813867325996945,7.8482533106452275,5.961406779661018,8.675664928358664
HMT,aggregate,obr.psnb_gbp,with,policy_adjusted,12-24,47,29,1,-9.252595744680846,4.6530043501283505,0.04675412538974404,25.002371343760295,16.05536170212766,26.408875509183925
HMT,aggregate,obr.psnb_gbp,with,policy_adjusted,24-36,36,25,1,-19.26701644652778,7.737085421765799,0.012766536313933596,35.4778388178334,26.917483553472223,39.93659623233141
HMT,aggregate,obr.psnb_gbp,with,policy_adjusted,36+,103,30,1,-42.193658344706634,9.154911152275147,4.0489250902248945e-06,44.19170942916813,44.61187193693961,60.944661151542256
HMT,aggregate,obr.psnb_gbp,with,policy_adjusted,6-12,35,35,1,-4.886028571428572,2.5629343530990627,0.05659577325601107,15.162524111780868,8.830714285714286,15.722810821950928
HMT,aggregate,obr.psnb_gbp,with,policy_adjusted,<0,41,29,1,-5.955121951219514,1.4841275812708286,6.0068782105752376e-05,6.490675135127017,6.460243902439024,8.75013187914554
HMT,aggregate,obr.psnb_gbp,without,raw,0-6,56,36,1,-3.793785714285715,0.974592192119241,9.913861878581146e-05,5.670007650192965,5.14675,6.779948948922845
HMT,aggregate,obr.psnb_gbp,without,raw,12-24,44,27,1,-4.336159090909092,3.088593418342257,0.16034064660371772,14.47193893880568,11.625477272727272,14.949226070724745
HMT,aggregate,obr.psnb_gbp,without,raw,24-36,33,23,1,-11.88351515151515,6.0440477267860055,0.049281081471833424,25.380424378496425,20.031090909090906,27.674242427560575
HMT,aggregate,obr.psnb_gbp,without,raw,36+,91,28,1,-29.104428571428567,6.868075116965553,2.2588175577804646e-05,34.27666035370387,31.841527472527474,44.822386532295994
HMT,aggregate,obr.psnb_gbp,without,raw,6-12,33,33,1,-3.4189090909090902,1.5898824048635682,0.031522297545698054,9.13317907536731,6.687151515151515,9.621651278929898
HMT,aggregate,obr.psnb_gbp,without,raw,<0,38,28,1,-4.652131578947369,0.9066754125626033,2.8824062867938543e-07,4.594803481790393,5.197131578947369,6.496072856167146
HMT,aggregate,obr.psnb_gbp,without,policy_adjusted,0-6,56,36,1,-3.793785714285715,0.974592192119241,9.913861878581146e-05,5.670007650192965,5.14675,6.779948948922845
HMT,aggregate,obr.psnb_gbp,without,policy_adjusted,12-24,44,27,1,-4.347522727272728,3.0823140506377475,0.15839987377157683,14.442392279913784,11.614113636363635,14.924581496340496
HMT,aggregate,obr.psnb_gbp,without,policy_adjusted,24-36,33,23,1,-11.799472487121207,6.0946468485072325,0.05286295477800071,25.528190455798512,20.145436603787882,27.76991037647371
HMT,aggregate,obr.psnb_gbp,without,policy_adjusted,36+,91,28,1,-32.761811093459144,7.685678656785668,2.019635112369322e-05,37.11783514535844,35.49890999455805,49.35514179280073
HMT,aggregate,obr.psnb_gbp,without,policy_adjusted,6-12,33,33,1,-3.426484848484848,1.586257379404242,0.030764427294524964,9.112354889520917,6.679575757575758,9.605185972991755
HMT,aggregate,obr.psnb_gbp,without,policy_adjusted,<0,38,28,1,-4.652131578947369,0.9066754125626033,2.8824062867938543e-07,4.594803481790393,5.197131578947369,6.496072856167146
HMT,aggregate,obr.psnd,with,raw,0-6,13,7,1,-0.6561284048996139,1.9087010726051992,0.731029414847716,5.003381465227274,3.6691718485259055,4.851664831844737
HMT,aggregate,obr.psnd,with,raw,12-24,13,7,1,-4.021239066526587,3.377216011331825,0.23377277776955097,8.64728355062503,5.88055025665441,9.230054924626138
HMT,aggregate,obr.psnd,with,raw,24-36,14,7,1,-7.176090537789156,3.915973515734753,0.06687433637657555,10.82460100173113,8.273748640085175,12.660917605818307
HMT,aggregate,obr.psnd,with,raw,36+,41,9,1,-17.052428289273497,4.1141588804869444,3.400878557301921e-05,13.718493324367873,17.2310798462338,21.78054630808411
HMT,aggregate,obr.psnd,with,raw,6-12,7,7,1,-3.065086642056007,,,5.979078455164816,4.875202858546346,6.327486161877601
HMT,aggregate,obr.psnd,with,raw,<0,32,9,1,0.9155223164084423,0.8082491774182727,0.257330656422859,2.524153809236416,2.1611775497866668,2.6477214355702627
HMT,aggregate,obr.psnd,without,raw,0-6,10,5,1,1.9584782383570896,0.2571992421983544,2.6443856743310233e-14,0.5662356473427451,1.9584782383570896,2.03081203896564
HMT,aggregate,obr.psnd,without,raw,12-24,10,5,1,0.05935261996844965,1.4476267761045691,0.9672959387368553,3.0765837310780713,2.3577519271977216,2.919307014069942
HMT,aggregate,obr.psnd,without,raw,24-36,11,5,1,-4.676808182823265,4.5183977460425,0.3006413656413024,10.365234168768806,6.073827585745474,10.933595750139995
HMT,aggregate,obr.psnd,without,raw,36+,29,7,1,-15.937916397731273,5.51612843109285,0.0038606345927706437,15.671481081449121,16.190492736882053,22.161761984868697
HMT,aggregate,obr.psnd,without,raw,6-12,5,5,1,-0.13749579944241502,,,3.8921524043881557,2.6716585025288895,3.4839611602387177
HMT,aggregate,obr.psnd,without,raw,<0,29,8,1,1.6974895813490254,0.16939733430115259,1.2355252663318872e-23,0.5279003390388773,1.6974895813490256,1.7749760657703721
HMT,aggregate,obr.tme,with,raw,0-6,33,21,1,3.547464447979703,0.3303994621039571,6.830278051957318e-27,1.6076820882599556,3.574248590818971,3.8846908797133186
HMT,aggregate,obr.tme,with,raw,12-24,35,19,1,3.449517787927661,0.5646836937358997,1.0040748520632388e-09,2.3948340390778844,3.8539076853929277,4.179777425597528
HMT,aggregate,obr.tme,with,raw,24-36,30,19,1,2.3629331284938235,0.604072954836063,9.166068395109208e-05,2.588022133565234,3.086653825977547,3.472470241979002
HMT,aggregate,obr.tme,with,raw,36+,90,23,1,1.1623247165128678,0.6251361613605392,0.06298257578492106,2.9052521760433394,2.586425741268401,3.1141139556069026
HMT,aggregate,obr.tme,with,raw,6-12,18,18,1,3.670366645065185,0.4878232902140537,5.313850575755287e-14,2.069658939186545,3.797248684714955,4.185344414894261
HMT,aggregate,obr.tme,with,raw,<0,9,9,1,4.036416769273821,0.7624009835831633,1.1944123411415213e-07,2.28720295074949,4.0364167692738215,4.576319745540461
HMT,aggregate,obr.tme,without,raw,0-6,30,19,1,3.7847716662990782,0.3231676961206707,1.1132071095998538e-31,1.4407958893419512,3.78477166629908,4.041187069942876
HMT,aggregate,obr.tme,without,raw,12-24,32,17,1,3.9940608057221976,0.40720200766759146,1.0344538019664122e-22,1.5919923439731243,3.9940608057221967,4.2904265644395
HMT,aggregate,obr.tme,without,raw,24-36,27,17,1,2.8310856664039883,0.5733472418808356,7.900057496879582e-07,2.203842880806969,3.2240109496753138,3.5625950429913766
HMT,aggregate,obr.tme,without,raw,36+,78,21,1,1.6905834509439521,0.5960202387748383,0.004561767843908713,2.698201717124195,2.6348978464959734,3.1693891883900154
HMT,aggregate,obr.tme,without,raw,6-12,16,16,1,4.104748774526151,0.4186873620724132,1.0837264873033134e-22,1.6747494482896514,4.104748774526149,4.413439600737871
HMT,aggregate,obr.tme,without,raw,<0,8,8,1,4.5337111600390365,0.6552624270515316,4.550857969238636e-12,1.8533620224995742,4.533711160039037,4.8538766796037125
HMT,economy,pooled_levels,with,raw,0-6,48,29,1,-0.1685917782183876,0.0061374928207468295,4.102297278985095e-166,0.032390578065374216,0.16859177821838753,0.1716114213798411
HMT,economy,pooled_levels,with,raw,12-24,49,28,1,-0.1701781513938453,0.008949316933684634,1.2626955583147882e-80,0.04698475784289977,0.1701781513938453,0.17641745459008468
HMT,economy,pooled_levels,with,raw,24-36,39,26,1,-0.15569290390351506,0.012111696716870325,8.088085066430945e-38,0.05959286387189175,0.15569290390351503,0.16643476359928938
HMT,economy,pooled_levels,with,raw,36+,109,30,1,-0.14132348144788678,0.016201039285723518,2.7065814202797442e-18,0.0845426731487271,0.1439695210877678,0.1644816613829274
HMT,economy,pooled_levels,with,raw,6-12,24,24,1,-0.1694737558338665,0.00809911879023188,3.173147502641217e-97,0.03967741680451097,0.16947375583386645,0.17386792572391718
HMT,economy,pooled_levels,with,raw,<0,52,27,1,-0.1623841361923121,0.006702976396359749,1.193488577449373e-129,0.03309020497016518,0.1623841361923121,0.16565781719193146
HMT,economy,pooled_levels,without,raw,0-6,45,27,1,-0.17316270244912887,0.0055903507863547955,1.1603760500294802e-210,0.027773053028197325,0.17316270244912887,0.17532690338369256
HMT,economy,pooled_levels,without,raw,12-24,46,26,1,-0.1780601518697846,0.006969633504094191,5.779918265379586e-144,0.03553421745948222,0.1780601518697846,0.1814955886953188
HMT,economy,pooled_levels,without,raw,24-36,36,24,1,-0.16310929219104636,0.012206078961393627,9.95320944304266e-41,0.054654025853342135,0.1631092921910464,0.1717810518699386
HMT,economy,pooled_levels,without,raw,36+,97,28,1,-0.1501147875670865,0.016998486722994723,1.0368117881181755e-18,0.08475046427475028,0.1530881723170558,0.1721715504772153
HMT,economy,pooled_levels,without,raw,6-12,22,22,1,-0.17657655262146377,0.006987850130547643,6.988960915618205e-141,0.03277592237960488,0.17657655262146377,0.1794567077990328
HMT,economy,pooled_levels,without,raw,<0,49,26,1,-0.16597741495551505,0.0061341227937945055,3.0708900524106763e-161,0.030574902122943417,0.16597741495551502,0.1687135111995147
HMT,economy,obr.ukgdp,with,raw,0-6,29,27,1,-0.4776819267751594,0.14432711526829312,0.0009339029739881261,0.7202880707931298,0.7111928234317011,0.8538763136187277
HMT,economy,obr.ukgdp,with,raw,12-24,52,28,1,0.17627719976736844,0.34085246914629724,0.6050405059343673,1.797877891679674,1.2841194760251728,1.7892114745969312
HMT,economy,obr.ukgdp,with,raw,24-36,39,26,1,0.6975610807751537,0.465352661473746,0.13387505852567308,2.238683527664673,1.5552105966149663,2.31728077049255
HMT,economy,obr.ukgdp,with,raw,36+,88,27,1,0.8228902824552397,0.4445808592998026,0.06417890165821866,2.0003386427186145,1.370718470671788,2.152448178912573
HMT,economy,obr.ukgdp,with,raw,6-12,28,25,1,-0.1999578568736991,0.20265584198903244,0.32379617250971504,1.0498851888383014,0.805133750845093,1.050178872684989
HMT,economy,obr.ukgdp,with,raw,<0,65,28,1,-0.40992841571237154,0.1321418792454201,0.0019209855519350552,0.6873048205868147,0.6459583396458124,0.7957145945652535
HMT,economy,obr.ukgdp,without,raw,0-6,27,25,1,-0.5366516936063254,0.14592510775425557,0.00023545448420466834,0.6989738862454193,0.7282440156031839,0.8708987040162324
HMT,economy,obr.ukgdp,without,raw,12-24,48,26,1,-0.13765052737248223,0.27087495866709876,0.6113341287845115,1.378652597816319,1.0625119385734727,1.3711429870565675
HMT,economy,obr.ukgdp,without,raw,24-36,35,24,1,0.19803549852710525,0.30429584289276423,0.5151761009920206,1.5783522238518035,1.1537021018914677,1.5681953896117162
HMT,economy,obr.ukgdp,without,raw,36+,78,25,1,0.3042339179692993,0.2385515150986108,0.20218947625290207,1.2054513041133574,0.9222964892905332,1.235735194753392
HMT,economy,obr.ukgdp,without,raw,6-12,26,23,1,-0.3359861478213354,0.19453466393080968,0.08414478616973892,0.9500088402689189,0.7464201989527481,0.990298593169111
HMT,economy,obr.ukgdp,without,raw,<0,61,26,1,-0.46116377346425935,0.13028052189183223,0.0004004678429314573,0.6679511039330372,0.6504338575347529,0.8071657986591133
OBR,aggregate,pooled_levels,with,raw,0-6,58,30,2,-0.03974984877892769,0.00660177293702104,1.732496683955746e-09,0.03633727480275316,0.04512720477921801,0.05364403548586987
OBR,aggregate,pooled_levels,with,raw,12-24,58,28,2,-0.05352648253993865,0.0052599375929148744,2.531077688581095e-24,0.03447289902606997,0.057689770211843884,0.06350571452071456
OBR,aggregate,pooled_levels,with,raw,24-36,54,26,2,-0.06912741911429082,0.010465489066131371,3.967837351247284e-11,0.05362503298688782,0.0736875756897173,0.08718366570961167
OBR,aggregate,pooled_levels,with,raw,36+,138,24,2,-0.08809729254961868,0.01630574215748182,6.559449041678827e-08,0.0792301253345407,0.0963000014001034,0.11829225341008365
OBR,aggregate,pooled_levels,with,raw,6-12,4,4,2,-0.07050784334218956,,,0.015406937568197271,0.07050784334218956,0.0717592242620382
OBR,aggregate,pooled_levels,with,raw,<0,68,34,2,-0.04084510295036337,0.006289404453068887,8.343590919093498e-11,0.03594931903614655,0.04218716361240975,0.05423717152546857
OBR,aggregate,pooled_levels,with,policy_adjusted,0-6,58,30,2,-0.036031359110296514,0.006996694749160198,2.6080799109846566e-07,0.039302400325835214,0.04378776889874708,0.05306887147680484
OBR,aggregate,pooled_levels,with,policy_adjusted,12-24,58,28,2,-0.038680823785274494,0.006234184920717246,5.482501015418796e-10,0.03655048585625087,0.04509338467145639,0.053001044621411295
OBR,aggregate,pooled_levels,with,policy_adjusted,24-36,54,26,2,-0.03731609201827658,0.008054516352898135,3.6050882600918148e-06,0.04092961289248154,0.04689737493563045,0.05510627094799965
OBR,aggregate,pooled_levels,with,policy_adjusted,36+,138,24,2,-0.017027362909083035,0.009134299900739688,0.06230590312534644,0.04821576038837508,0.039608767919495476,0.05096905486442143
OBR,aggregate,pooled_levels,with,policy_adjusted,6-12,4,4,2,-0.06431754989416112,,,0.02035410746626896,0.06431754989416112,0.06668931318021819
OBR,aggregate,pooled_levels,with,policy_adjusted,<0,68,34,2,-0.03982823016065474,0.0064381237195627735,6.158877463521683e-10,0.037522197163964745,0.04304182938579836,0.05452979516989566
OBR,aggregate,pooled_levels,without,raw,0-6,46,24,2,-0.04887628181049375,0.00642979338331576,2.926448036827246e-14,0.03186373780093139,0.0504272824443208,0.058155971484029484
OBR,aggregate,pooled_levels,without,raw,12-24,48,22,2,-0.052611516714189545,0.003808268503961137,2.0673751646563357e-43,0.01946122504382469,0.05309235025415301,0.05602517799617299
OBR,aggregate,pooled_levels,without,raw,24-36,44,20,2,-0.06079881069652461,0.005031377490681583,1.2843205442372733e-33,0.022633479131025855,0.06079881069652462,0.06478523875232758
OBR,aggregate,pooled_levels,without,raw,36+,102,18,2,-0.0743842005007071,0.012112544325310596,8.195816561614785e-10,0.056376215485047496,0.07714937686489079,0.09316720115750074
OBR,aggregate,pooled_levels,without,raw,6-12,4,4,2,-0.07050784334218956,,,0.015406937568197271,0.07050784334218956,0.0717592242620382
OBR,aggregate,pooled_levels,without,raw,<0,48,24,2,-0.044673897820756404,0.0068358593833069605,6.351282405972758e-11,0.03372242737691326,0.04516855107539467,0.055760806523070076
OBR,aggregate,pooled_levels,without,policy_adjusted,0-6,46,24,2,-0.04405459689468136,0.00729344578900359,1.5382843319084042e-09,0.037115713210491855,0.048629051135366155,0.05734488963016149
OBR,aggregate,pooled_levels,without,policy_adjusted,12-24,48,22,2,-0.04223967034289619,0.005577483935606539,3.6400580621168045e-14,0.026765890328731386,0.04340244936444002,0.04985656794572657
OBR,aggregate,pooled_levels,without,policy_adjusted,24-36,44,20,2,-0.043540938961218474,0.006779820894713191,1.3437435620755353e-10,0.028498278787768377,0.04368512080027592,0.051860459522665936
OBR,aggregate,pooled_levels,without,policy_adjusted,36+,102,18,2,-0.02615829017294057,0.010013578764801776,0.00899400686599874,0.04714576366706728,0.040803588706630214,0.05371394394615472
OBR,aggregate,pooled_levels,without,policy_adjusted,6-12,4,4,2,-0.06431754989416112,,,0.02035410746626896,0.06431754989416112,0.06668931318021819
OBR,aggregate,pooled_levels,without,policy_adjusted,<0,48,24,2,-0.04323332803533585,0.00712074043492776,1.2674839889530224e-09,0.03622956951288822,0.04637932758769522,0.05616366180965349
OBR,aggregate,obr.cacb,with,raw,0-6,29,15,1,0.1985841485950269,0.23889479552374762,0.4058256765407624,0.9736491825428472,0.7216500264040625,0.977107460944716
OBR,aggregate,obr.cacb,with,raw,12-24,29,14,1,-0.9431821740421023,0.48476489691226515,0.051696957138507214,2.3501105974229555,1.3063853348810233,2.4944264820266793
OBR,aggregate,obr.cacb,with,raw,24-36,27,13,1,-2.3029681311491075,0.8710693919169717,0.008197138542751484,3.1244744413554826,2.3029681311491075,3.8346361730705065
OBR,aggregate,obr.cacb,with,raw,36+,70,12,1,-3.6006562013276118,1.0965166444800363,0.001024457997089079,3.4326858983452357,3.6006562013276113,4.957794291392245
OBR,aggregate,obr.cacb,with,raw,6-12,2,2,1,-0.09075568112513144,,,0.730951087577538,0.5168604707417591,0.5247678914261803
OBR,aggregate,obr.cacb,with,raw,<0,34,17,1,-0.14382096743415493,0.09560049441840901,0.13247952503281774,0.4069716441683532,0.354722348277502,0.4259566166493309
OBR,aggregate,obr.cacb,without,raw,0-6,23,12,1,-0.1521172789445197,0.1606173804708448,0.3435987440402273,0.5855324726866961,0.507400566988612,0.5925213045255537
OBR,aggregate,obr.cacb,without,raw,12-24,24,11,1,-0.6183170247363072,0.2358470253498135,0.008749580724219096,0.8734345123001622,0.7628414738774705,1.0551856693109694
OBR,aggregate,obr.cacb,without,raw,24-36,22,10,1,-1.285954206081591,0.3227790757088029,6.776277875402232e-05,1.0547548670671987,1.2859542060815912,1.6479130778143913
OBR,aggregate,obr.cacb,without,raw,36+,52,9,1,-2.041419211083734,0.25419716061125897,9.679982023871411e-16,0.9639141384965996,2.041419211083734,2.2535871334809494
OBR,aggregate,obr.cacb,without,raw,6-12,2,2,1,-0.09075568112513144,,,0.730951087577538,0.5168604707417591,0.5247678914261803
OBR,aggregate,obr.cacb,without,raw,<0,24,12,1,-0.23412211185290893,0.1117020377494962,0.03608644723962361,0.3924379771826205,0.38150056802144094,0.44989303982134116
OBR,aggregate,obr.capsnb,with,raw,0-6,28,15,1,0.057490550591139854,0.3215006855587862,0.8580795340347004,1.2894558697695928,0.9176091440347884,1.2675249850686456
OBR,aggregate,obr.capsnb,with,raw,12-24,28,14,1,-0.9682139630604818,0.5193294121050532,0.06227198216021524,2.492632159078513,1.3141893369038826,2.6322524233343185
OBR,aggregate,obr.capsnb,with,raw,24-36,26,13,1,-2.448040515356225,0.9612580043489533,0.010874533482888958,3.3958998752147305,2.448040515356226,4.1329764863164
OBR,aggregate,obr.capsnb,with,raw,36+,71,12,1,-3.9821825161315454,1.1515728235519045,0.0005441247489192602,3.6346491468259328,3.9821825161315436,5.3742335430643005
OBR,aggregate,obr.capsnb,with,raw,6-12,2,2,1,-0.0827118527079096,,,0.9095594538072344,0.6431556576794277,0.6484523502798275
OBR,aggregate,obr.capsnb,with,raw,<0,33,17,1,-0.2216566089159353,0.1682272265779421,0.18763675901709287,0.6762249557138437,0.4763032192817923,0.7018225327884745
OBR,aggregate,obr.capsnb,without,raw,0-6,23,12,1,-0.36799960749906274,0.23984225163797324,0.12494598173512725,0.8170603881140457,0.6791012888671182,0.8797646490594818
OBR,aggregate,obr.capsnb,without,raw,12-24,23,11,1,-0.7109205607887235,0.1932337667886818,0.00023408598583820602,0.6909349561723541,0.7242439499979554,0.9808379183313037
OBR,aggregate,obr.capsnb,without,raw,24-36,21,10,1,-1.4411464088153132,0.254896252296937,1.568887279836549e-08,0.8796942819920852,1.4411464088153134,1.6774726312416175
OBR,aggregate,obr.capsnb,without,raw,36+,53,9,1,-2.465883900194267,0.16736836261364146,3.941405590574937e-49,0.8864539067904944,2.4658839001942674,2.617547996318026
OBR,aggregate,obr.capsnb,without,raw,6-12,2,2,1,-0.0827118527079096,,,0.9095594538072344,0.6431556576794277,0.6484523502798275
OBR,aggregate,obr.capsnb,without,raw,<0,24,12,1,-0.39891255017478194,0.20155128276833562,0.0477922358310944,0.6861644930805225,0.5087195718221439,0.781239632210382
OBR,aggregate,obr.cb,with,raw,0-6,29,15,1,0.39856371738067453,0.26842004345843884,0.13758335042596948,1.0782860109153274,0.8424315850024183,1.132016179136178
OBR,aggregate,obr.cb,with,raw,12-24,29,14,1,-0.3941986208805184,0.5336502002518165,0.46009918093502566,2.521054866365762,1.1965465827436959,2.5083754732328023
OBR,aggregate,obr.cb,with,raw,24-36,27,13,1,-1.7514033800805153,0.9140150352005497,0.055344130222330555,3.284011577648146,1.9475009874401177,3.6677937948862036
OBR,aggregate,obr.cb,with,raw,36+,68,12,1,-3.1309746583328417,1.1714610322197148,0.007524144738322345,3.6544027394406213,3.2219367949329962,4.7917919031838
OBR,aggregate,obr.cb,with,raw,6-12,2,2,1,0.49309928437222794,,,1.1271880381015587,0.7970423054139726,0.9372424130757334
OBR,aggregate,obr.cb,with,raw,<0,34,17,1,0.021832217122200098,0.10189961450212473,0.8303503872327043,0.42114411417922626,0.3382865875710934,0.4154786041036636
OBR,aggregate,obr.cb,without,raw,0-6,23,12,1,0.007354836687166917,0.18734853340454102,0.9686850835965781,0.6509363953714111,0.5670143219493654,0.6366708367800482
OBR,aggregate,obr.cb,without,raw,12-24,24,11,1,-0.11105359718601544,0.2409267107662096,0.644839153825487,0.8148927152433798,0.5347286024459296,0.8054280123521188
OBR,aggregate,obr.cb,without,raw,24-36,22,10,1,-0.7493609785314678,0.3392835316560385,0.027198501011129195,1.104648855992311,0.9900262239273435,1.3138969149952993
OBR,aggregate,obr.cb,without,raw,36+,50,9,1,-1.5254489255053219,0.3258088539800518,2.8403897769113656e-06,1.2395564292765329,1.6491574312815316,1.95774476448257
OBR,aggregate,obr.cb,without,raw,6-12,2,2,1,0.49309928437222794,,,1.1271880381015587,0.7970423054139726,0.9372424130757334
OBR,aggregate,obr.cb,without,raw,<0,24,12,1,-0.07043145689701259,0.11910130630898988,0.5542808757161446,0.4080282302318804,0.3124544498526746,0.40559914561757415
OBR,aggregate,obr.cb_gbp,with,raw,0-6,29,15,1,3.604234026850045,5.637948092119625,0.5226400388597611,22.536117549258073,15.427283883118188,22.43555462001313
OBR,aggregate,obr.cb_gbp,with,raw,12-24,29,14,1,-14.063124058242652,11.543198743533695,0.22310850822916162,53.80168334470225,25.739907072552434,54.704461127517234
OBR,aggregate,obr.cb_gbp,with,raw,24-36,27,13,1,-42.93973769893492,19.44523447420026,0.027227572033128145,69.67145433894528,44.457955022583285,80.73506496008277
OBR,aggregate,obr.cb_gbp,with,raw,36+,68,12,1,-72.00909406404566,25.144797540169964,0.004186225495907247,78.69910153781551,73.14216334728542,106.24394859933064
OBR,aggregate,obr.cb_gbp,with,raw,6-12,2,2,1,0.852467046309787,,,11.740421315211519,8.30173152597315,8.345384736150912
OBR,aggregate,obr.cb_gbp,with,raw,<0,34,17,1,-2.8877322637590495,1.8980770173022892,0.128159767729063,8.507152208135121,6.930607948923589,8.864652204736172
OBR,aggregate,obr.cb_gbp,without,raw,0-6,23,12,1,-5.7682177474330425,2.7188040387038934,0.033871246598850956,9.680605558807228,9.13910598438331,11.086565421140094
OBR,aggregate,obr.cb_gbp,without,raw,12-24,24,11,1,-8.334601235305428,5.486027498876072,0.1287016917994116,18.556058068391327,10.893171577476297,19.986142657580757
OBR,aggregate,obr.cb_gbp,without,raw,24-36,22,10,1,-21.51317716620404,8.54768073656285,0.01184113157758863,27.70584631832158,23.37644388159068,34.576569670385275
OBR,aggregate,obr.cb_gbp,without,raw,36+,50,9,1,-36.56884301215556,9.171405222865127,6.683874230065914e-05,31.14285456974872,38.109817237361646,47.83053545785524
OBR,aggregate,obr.cb_gbp,without,raw,6-12,2,2,1,0.852467046309787,,,11.740421315211519,8.30173152597315,8.345384736150912
OBR,aggregate,obr.cb_gbp,without,raw,<0,24,12,1,-5.266740983983536,1.4777406856480353,0.0003651770127581561,5.187818765573828,5.748824317316867,7.316462931120484
OBR,aggregate,obr.pscr,with,raw,0-6,29,15,1,0.3025476458229542,0.2200495749150626,0.16916035643152538,0.8619603743950012,0.7576668084793357,0.8993836299062727
OBR,aggregate,obr.pscr,with,raw,12-24,29,14,1,0.4327792413020205,0.3045193469232185,0.15526211262253053,1.1475194591592714,0.9761680843431464,1.2077631609506243
OBR,aggregate,obr.pscr,with,raw,24-36,27,13,1,0.45002712278346846,0.34126570245936927,0.18726938665721082,1.2042650229365641,1.0043623893235936,1.264541630989916
OBR,aggregate,obr.pscr,with,raw,36+,69,12,1,0.10352330081423203,0.3389186831339226,0.7600221220464171,1.2914816453963438,1.1203075844001606,1.2862616726130307
OBR,aggregate,obr.pscr,with,raw,6-12,2,2,1,-0.19277062099164866,,,0.8278914266885485,0.5854076418976781,0.6163299599319394
OBR,aggregate,obr.pscr,with,raw,<0,34,17,1,0.2574313809452113,0.1710857392016093,0.13240322389661607,0.6840332076596815,0.6504651928503982,0.7213948560503658
OBR,aggregate,obr.pscr,without,raw,0-6,23,12,1,0.34989625991559464,0.24586939058302285,0.1547077222346116,0.8505906214959861,0.7700819857528319,0.9024827337974902
OBR,aggregate,obr.pscr,without,raw,12-24,24,11,1,0.621682383325045,0.3377294491937607,0.06565520788151238,1.1029052586022705,1.0468235088338866,1.2458754598522517
OBR,aggregate,obr.pscr,without,raw,24-36,22,10,1,0.7701071578965888,0.33834524144450356,0.022840103994397433,1.0541708165298402,1.0148254251438964,1.2860126727964114
OBR,aggregate,obr.pscr,without,raw,36+,51,9,1,0.583366137463761,0.3061310635812711,0.05670094191057618,1.0873936173661132,1.0724050601792408,1.224563647948604
OBR,aggregate,obr.pscr,without,raw,6-12,2,2,1,-0.19277062099164866,,,0.8278914266885485,0.5854076418976781,0.6163299599319394
OBR,aggregate,obr.pscr,without,raw,<0,24,12,1,0.06611388939891981,0.2016089923600452,0.7429636430336704,0.6619984303660947,0.5807084349481192,0.6514237392844437
OBR,aggregate,obr.psnb,with,raw,0-6,29,15,1,0.31853730873548725,0.338094326671308,0.34611321582523125,1.3579807038575533,0.9998882107944744,1.3718555150625906
OBR,aggregate,obr.psnb,with,raw,12-24,29,14,1,-0.4374172723526003,0.5653330662521726,0.43908825827411935,2.6826032425258997,1.2782976304462155,2.6719924544668943
OBR,aggregate,obr.psnb,with,raw,24-36,27,13,1,-1.8662270682666833,0.980895364614675,0.05709601454112826,3.5308433187748127,1.9832457190487458,3.9354698142242612
OBR,aggregate,obr.psnb,with,raw,36+,69,12,1,-3.502394095069503,1.2319993614244307,0.004471157180680954,3.871099311906577,3.5452228133563986,5.1995186725743805
OBR,aggregate,obr.psnb,with,raw,6-12,2,2,1,0.4769473804001261,,,1.3126305125442335,0.928169936612401,1.0435411994270332
OBR,aggregate,obr.psnb,with,raw,<0,34,17,1,-0.055034728087833315,0.17462922793005825,0.752646345465384,0.6897746681806506,0.4833214377573163,0.6817801092071367
OBR,aggregate,obr.psnb,with,policy_adjusted,0-6,29,15,1,0.32394862395467927,0.34527152999266914,0.3481195035589286,1.3882487658665226,0.9981012043811531,1.4020417184006506
OBR,aggregate,obr.psnb,with,policy_adjusted,12-24,29,14,1,0.21180781721973288,0.4193799349986966,0.6135237499721122,1.5792350795279877,0.9517894790395599,1.5661566202029003
OBR,aggregate,obr.psnb,with,policy_adjusted,24-36,27,13,1,-0.44055971396373594,0.49193512219978536,0.370485313543641,1.5507125643673558,0.9851849008881288,1.5842155805387554
OBR,aggregate,obr.psnb,with,policy_adjusted,36+,69,12,1,-1.021658174758542,0.25771874774906967,7.363109803475946e-05,1.3351077606449833,1.2955131748771973,1.6734588852800056
OBR,aggregate,obr.psnb,with,policy_adjusted,6-12,2,2,1,0.5846387106363216,,,1.1363297059314854,0.8035064407278687,0.9936926196091368
OBR,aggregate,obr.psnb,with,policy_adjusted,<0,34,17,1,-0.055034728087833315,0.17462922793005825,0.752646345465384,0.6897746681806506,0.4833214377573163,0.6817801092071367
OBR,aggregate,obr.psnb,without,raw,0-6,23,12,1,-0.1748834474974875,0.24808479216559,0.4808512032059674,0.8426562469356873,0.684211168142105,0.8424851224539114
OBR,aggregate,obr.psnb,without,raw,12-24,24,11,1,-0.2363534837979792,0.23416185777065124,0.3128022785788883,0.8340654672942279,0.6100648165504183,0.850024777803947
OBR,aggregate,obr.psnb,without,raw,24-36,22,10,1,-0.9131976955367922,0.30012546586199884,0.002344505320886094,0.9773795455611981,1.056811494223869,1.3212794588210062
OBR,aggregate,obr.psnb,without,raw,36+,51,9,1,-1.938533696688923,0.2373954947003599,3.192053488235298e-16,1.162458618950512,1.9964784331947232,2.2544903323504166
OBR,aggregate,obr.psnb,without,raw,6-12,2,2,1,0.4769473804001261,,,1.3126305125442335,0.928169936612401,1.0435411994270332
OBR,aggregate,obr.psnb,without,raw,<0,24,12,1,-0.2511178493462823,0.20002337534777945,0.20931816392582103,0.6809820484675138,0.4616344088486337,0.7123723523069622
OBR,aggregate,obr.psnb,without,policy_adjusted,0-6,23,12,1,-0.17805917236640684,0.24700252246135912,0.47098336403206054,0.8362187088510116,0.6719592986061034,0.8369970812525492
OBR,aggregate,obr.psnb,without,policy_adjusted,12-24,24,11,1,-0.23934254483854756,0.2750964548270407,0.3842832623506608,0.9397692484640214,0.6548019631937434,0.95060638582967
OBR,aggregate,obr.psnb,without,policy_adjusted,24-36,22,10,1,-0.7797638081059886,0.5230423929409284,0.13600788180776427,1.4441051517121886,0.9593391383348582,1.6120417403057854
OBR,aggregate,obr.psnb,without,policy_adjusted,36+,51,9,1,-1.3450604380491582,0.2616897642199406,2.748779088416695e-07,1.363812043481932,1.5687248010870036,1.9059644832378628
OBR,aggregate,obr.psnb,without,policy_adjusted,6-12,2,2,1,0.5846387106363216,,,1.1363297059314854,0.8035064407278687,0.9936926196091368
OBR,aggregate,obr.psnb,without,policy_adjusted,<0,24,12,1,-0.2511178493462823,0.20002337534777945,0.20931816392582103,0.6809820484675138,0.4616344088486337,0.7123723523069622
OBR,aggregate,obr.psnb_gbp,with,raw,0-6,29,15,1,1.0274745349529475,7.014145628386462,0.8835376962442686,28.182125144192206,19.801979320733764,27.711018838946398
OBR,aggregate,obr.psnb_gbp,with,raw,12-24,29,14,1,-16.41955548555826,12.00378691010585,0.17135445433623508,55.987596439929725,28.014550944967695,57.41186919556417
OBR,aggregate,obr.psnb_gbp,with,raw,24-36,27,13,1,-46.87752037707423,20.336344003802314,0.02116038480855928,73.03590090058498,47.041008601651974,85.639828281944
OBR,aggregate,obr.psnb_gbp,with,raw,36+,69,12,1,-81.52772241016714,25.73349790632757,0.0015340945337429344,81.08484817439428,81.81882385944253,114.56978596138869
OBR,aggregate,obr.psnb_gbp,with,raw,6-12,2,2,1,-2.036999999999999,,,12.948539377088057,9.155999999999999,9.379856342183498
OBR,aggregate,obr.psnb_gbp,with,raw,<0,34,17,1,-6.525508981760058,2.8429272923110203,0.02171315849313967,11.831879230445915,8.744314547651712,13.358824111802253
OBR,aggregate,obr.psnb_gbp,with,policy_adjusted,0-6,29,15,1,1.1509392139037402,7.149814201574616,0.8721133252667952,28.716606421720417,19.74699728845507,28.240611948647565
OBR,aggregate,obr.psnb_gbp,with,policy_adjusted,12-24,29,14,1,-1.2486964746425238,8.95840506259591,0.889143350671769,33.80707905912354,19.92784898625628,33.24254580169867
OBR,aggregate,obr.psnb_gbp,with,policy_adjusted,24-36,27,13,1,-13.352153363160168,8.472950330764036,0.11505889124028326,27.371746740023557,20.99033198095538,29.995731482934417
OBR,aggregate,obr.psnb_gbp,with,policy_adjusted,36+,69,12,1,-26.4228825965751,4.370063158670908,1.4817430647593645e-09,24.72551223496213,29.016188965888897,36.0646575087226
OBR,aggregate,obr.psnb_gbp,with,policy_adjusted,6-12,2,2,1,0.04941154804553349,,,9.644354478556947,6.819588451954466,6.8197674560875585
OBR,aggregate,obr.psnb_gbp,with,policy_adjusted,<0,34,17,1,-6.525508981760058,2.8429272923110203,0.02171315849313967,11.831879230445915,8.744314547651712,13.358824111802253
OBR,aggregate,obr.psnb_gbp,without,raw,0-6,23,12,1,-10.516435223080224,3.8535689726008004,0.0063524429563157295,13.273508731243554,13.155766463339072,16.70692016770732
OBR,aggregate,obr.psnb_gbp,without,raw,12-24,24,11,1,-12.727186460665928,5.562857925936047,0.022144143093863103,19.238283440766953,13.605942668678344,22.730409375526925
OBR,aggregate,obr.psnb_gbp,without,raw,24-36,22,10,1,-27.056199349990912,7.732101806006384,0.00046664990794715515,25.210678613508048,27.25684398924543,36.588609101174015
OBR,aggregate,obr.psnb_gbp,without,raw,36+,51,9,1,-47.68881697233757,7.537919814954666,2.5074825697107237e-10,29.138700857713477,48.08266010959247,55.73723028975676
OBR,aggregate,obr.psnb_gbp,without,raw,6-12,2,2,1,-2.036999999999999,,,12.948539377088057,9.155999999999999,9.379856342183498
OBR,aggregate,obr.psnb_gbp,without,raw,<0,24,12,1,-9.481750000000003,3.379017455732634,0.005015023470467518,11.56332986587153,9.48175,14.766275960783071
OBR,aggregate,obr.psnb_gbp,without,policy_adjusted,0-6,23,12,1,-10.55056988665583,3.810884675851178,0.005630883380603435,13.053716161388113,12.896633772561062,16.56216641619725
OBR,aggregate,obr.psnb_gbp,without,policy_adjusted,12-24,24,11,1,-11.096528516958704,5.348931379589524,0.038029943823956885,18.513083876006817,14.491797248294015,21.2505676383653
OBR,aggregate,obr.psnb_gbp,without,policy_adjusted,24-36,22,10,1,-19.828795242702537,8.38812695955811,0.018083100006694913,23.350911320283082,20.195524857382523,30.226832530609084
OBR,aggregate,obr.psnb_gbp,without,policy_adjusted,36+,51,9,1,-31.747646849418146,4.37184337096356,3.8184696073320406e-13,25.084144742567542,33.92531948724335,40.30868221989971
OBR,aggregate,obr.psnb_gbp,without,policy_adjusted,6-12,2,2,1,0.04941154804553349,,,9.644354478556947,6.819588451954466,6.8197674560875585
OBR,aggregate,obr.psnb_gbp,without,policy_adjusted,<0,24,12,1,-9.481750000000003,3.379017455732634,0.005015023470467518,11.56332986587153,9.48175,14.766275960783071
OBR,aggregate,obr.psnd,with,raw,0-6,29,15,1,1.0379064969472984,1.3543815115386502,0.44347851698020146,5.213826171506163,4.53311476661854,5.227222446672375
OBR,aggregate,obr.psnd,with,raw,12-24,29,14,1,0.9988949888392107,1.8568864419543614,0.5906179157337281,7.15728040680102,5.588574508847778,7.10338070015158
OBR,aggregate,obr.psnd,with,raw,24-36,27,13,1,-0.6280201141984503,2.384505176673364,0.7922612140227752,8.864198399997397,6.503450485444858,8.721139483952618
OBR,aggregate,obr.psnd,with,raw,36+,69,12,1,-7.91961733420288,1.76397467353289,7.134249033508597e-06,9.015956633334255,10.057189288589303,11.95113941851705
OBR,aggregate,obr.psnd,with,raw,6-12,2,2,1,-4.518750391996278,,,5.949289212626414,4.518750391996278,6.173825894281683
OBR,aggregate,obr.psnd,with,raw,<0,34,17,1,-0.8733033646655298,1.2700098371829187,0.4916825873208799,4.735843793710481,3.3957353690376486,4.7467064139782895
OBR,aggregate,obr.psnd,without,raw,0-6,23,12,1,-0.24712245674428748,1.4474822436410884,0.8644394334745525,4.887167224023147,4.15987927458032,4.786127940117024
OBR,aggregate,obr.psnd,without,raw,12-24,24,11,1,0.5504630418240406,1.7796133204389102,0.7570810893153538,5.705254917999989,4.600891421172695,5.612191729007225
OBR,aggregate,obr.psnd,without,raw,24-36,22,10,1,0.15132098575763103,1.8502601907031486,0.9348187777328815,5.684828021751328,4.227724801340988,5.556185820861555
OBR,aggregate,obr.psnd,without,raw,36+,51,9,1,-4.812061641062636,0.9283447598977991,2.1777711749945108e-07,8.154030479332903,7.704070755820737,9.398960572486775
OBR,aggregate,obr.psnd,without,raw,6-12,2,2,1,-4.518750391996278,,,5.949289212626414,4.518750391996278,6.173825894281683
OBR,aggregate,obr.psnd,without,raw,<0,24,12,1,-0.02358602585433064,1.0923085157855545,0.9827727575839245,3.733544061646675,2.596846665698918,3.6550104320455827
OBR,aggregate,obr.psnfl,with,raw,0-6,17,9,1,3.079923632555426,1.2319199271539167,0.01241580771459844,4.008964680714076,3.939533143174227,4.961081285600802
OBR,aggregate,obr.psnfl,with,raw,12-24,15,8,1,3.066672655452349,2.753127426991156,0.26532769750129437,8.168468729784152,7.244757605184295,8.46641032586203
OBR,aggregate,obr.psnfl,with,raw,24-36,13,7,1,0.19926456945621984,4.291837676467054,0.962968538568928,10.916643066069437,9.186048585076671,10.490264104528507
OBR,aggregate,obr.psnfl,with,raw,36+,27,6,1,-9.14214070690835,2.450880820779574,0.00019136964676377745,9.506212903009914,11.940853747501171,13.061387920017369
OBR,aggregate,obr.psnfl,with,raw,<0,19,10,1,1.318340590555179,0.7875827272760898,0.09414879083931357,2.4037457696307616,2.0845204493731107,2.6855000846820856
OBR,aggregate,obr.psnfl,without,raw,0-6,11,6,1,1.0625129524463774,1.0811214248612704,0.3257118848966375,3.0893374303373435,2.3910003779481626,3.131341987944595
OBR,aggregate,obr.psnfl,without,raw,12-24,10,5,1,3.241938458058433,3.1653499154157685,0.3057427470731321,6.71707801808384,6.3165764280189105,7.149642533495008
OBR,aggregate,obr.psnfl,without,raw,24-36,8,4,1,3.4501689596692087,3.58006321725386,0.3351876641517386,6.679900121767151,6.145424273892672,7.137723606476481
OBR,aggregate,obr.psnfl,without,raw,36+,12,3,1,-3.4770269021708717,2.0757445651818704,0.09391960479237887,11.912301240704702,9.77413124350472,11.923396895331752
OBR,aggregate,obr.psnfl,without,raw,<0,13,7,1,0.44378977004875514,0.7858006494601121,0.5722361558636906,1.9790619260259632,1.563591102167271,1.9525244992956445
OBR,aggregate,obr.psni,with,raw,0-6,29,15,1,-0.07842097094118733,0.18028789970845732,0.6635796005520076,0.6932325318495991,0.36690635807118316,0.6856746796184574
OBR,aggregate,obr.psni,with,raw,12-24,29,14,1,0.0005543939844893262,0.12254837758768905,0.9963904794110986,0.5299855811421288,0.3471629923922967,0.5207680325266179
OBR,aggregate,obr.psni,with,raw,24-36,27,13,1,-0.1047351401804918,0.15505278706546446,0.49937051152176715,0.5672333452670469,0.4356464784205496,0.5663976651201776
OBR,aggregate,obr.psni,with,raw,36+,69,12,1,-0.3704841864475423,0.16006756058019425,0.020637635531524545,0.5758452645248451,0.5556958548199792,0.6812125485632001
OBR,aggregate,obr.psni,with,raw,6-12,2,2,1,-0.0022389953938025675,,,0.1922865870803913,0.1359671496557623,0.13598558337517228
OBR,aggregate,obr.psni,with,raw,<0,34,17,1,-0.07026870055550695,0.1437373640706319,0.6249346454197662,0.5761723699485009,0.2497503881266826,0.5719688202598779
OBR,aggregate,obr.psni,without,raw,0-6,23,12,1,-0.18021403664482838,0.21283555904489976,0.39714619958982356,0.7132468119378605,0.33077639368175715,0.72047193474463
OBR,aggregate,obr.psni,without,raw,12-24,24,11,1,-0.12299527980697408,0.1203716499366005,0.30687742602712864,0.49193849902768555,0.2958234432691265,0.49703908001551966
OBR,aggregate,obr.psni,without,raw,24-36,22,10,1,-0.1629766565805942,0.09987543847851477,0.10272180242225214,0.3086669294513481,0.2849492179511988,0.34279143758927966
OBR,aggregate,obr.psni,without,raw,36+,51,9,1,-0.3833554862223054,0.11889333074781255,0.0012625239849288032,0.40011111962031765,0.49359421425715816,0.5512815421031495
OBR,aggregate,obr.psni,without,raw,6-12,2,2,1,-0.0022389953938025675,,,0.1922865870803913,0.1359671496557623,0.13598558337517228
OBR,aggregate,obr.psni,without,raw,<0,24,12,1,-0.17343826701949774,0.19071586192471573,0.3631355296687939,0.6482180378173211,0.26774149160883187,0.6578447240766437
OBR,aggregate,obr.tme,with,raw,0-6,29,15,1,0.6176366786963741,0.36446406462452213,0.09014305905115087,1.4184925622997362,1.2349193910653122,1.5245368897681268
OBR,aggregate,obr.tme,with,raw,12-24,29,14,1,0.0022585206735602718,0.5895777408118089,0.9969435169552826,2.7306883299226827,1.6080999110591117,2.6831954256296684
OBR,aggregate,obr.tme,with,raw,24-36,27,13,1,-1.4199036491869188,1.0968993166514058,0.19550300225324257,3.9360534229219364,2.2219274009586587,4.115196959062968
OBR,aggregate,obr.tme,with,raw,36+,69,12,1,-3.3945229681683133,1.3957662101041817,0.015015126796435291,4.45947345248978,3.6674708467446115,5.578662354231016
OBR,aggregate,obr.tme,with,raw,6-12,2,2,1,0.2841767594084743,,,2.140521939232774,1.5135775785100734,1.5400238688917516
OBR,aggregate,obr.tme,with,raw,<0,34,17,1,0.20239672891648694,0.2550886039092071,0.42752327846542026,0.9777098909414855,0.8971429974587736,0.9842590470481122
OBR,aggregate,obr.tme,without,raw,0-6,23,12,1,0.17066498633115307,0.31276748818085853,0.585299059759068,1.0626498198978784,0.9489779714919879,1.0532114952951892
OBR,aggregate,obr.tme,without,raw,12-24,24,11,1,0.3936622328604007,0.3991595039343262,0.3240212991564274,1.3451790067431482,1.105076191704689,1.374438215086022
OBR,aggregate,obr.tme,without,raw,24-36,22,10,1,-0.14763599218565784,0.4333655484407364,0.733349678841178,1.3700893997465542,1.1319378693600657,1.3467058247544346
OBR,aggregate,obr.tme,without,raw,36+,51,9,1,-1.3473244219702585,0.46226966088303056,0.0035616130526260384,1.749509083915274,1.7166068459264263,2.194550021923808
OBR,aggregate,obr.tme,without,raw,6-12,2,2,1,0.2841767594084743,,,2.140521939232774,1.5135775785100734,1.5400238688917516
OBR,aggregate,obr.tme,without,raw,<0,24,12,1,-0.1850041495190551,0.2525465004642209,0.46383001171748406,0.8441886177581095,0.7815083373676771,0.8468689529242027
OBR,business_taxes,pooled_levels,with,raw,0-6,144,75,6,0.0075657231746809805,0.02748448771627086,0.7831069035875367,0.27593361836911096,0.11283205830891399,0.27507790959243467
OBR,business_taxes,pooled_levels,with,raw,12-24,141,70,6,0.03775199936088905,0.04764336598400624,0.42813486728789774,0.42718718141997514,0.23130760074861476,0.4273404427302419
OBR,business_taxes,pooled_levels,with,raw,24-36,128,64,6,0.04744002933995295,0.07029882084827237,0.4997812827107996,0.5814254404857149,0.2911366749368519,0.5810895286436629
OBR,business_taxes,pooled_levels,with,raw,36+,318,58,5,-0.015307523837209791,0.06510037610505041,0.8141022026745675,0.6023370085221675,0.32096830179420993,0.6015839763281666
OBR,business_taxes,pooled_levels,with,raw,6-12,7,7,5,0.06173160878398243,,,0.1063180547868004,0.07866833691462856,0.11618747984142153
OBR,business_taxes,pooled_levels,with,raw,<0,150,75,6,0.005468134585238274,0.008759536774051887,0.5324638830991284,0.071540202095868,0.034574192509722386,0.07151070555043117
OBR,business_taxes,pooled_levels,with,policy_adjusted,0-6,144,75,6,0.006619181434281087,0.027266546693234237,0.8081926151996841,0.27431787204845914,0.11298509892003038,0.27344384614673384
OBR,business_taxes,pooled_levels,with,policy_adjusted,12-24,141,70,6,0.050694629721954286,0.04665697786447134,0.2772405615704916,0.4118914238785918,0.2259104222144335,0.4135471760555457
OBR,business_taxes,pooled_levels,with,policy_adjusted,24-36,127,64,6,0.11867970020779113,0.04989833800645934,0.017386541340530172,0.41014901703320983,0.2432934119937534,0.4254203838973893
OBR,business_taxes,pooled_levels,with,policy_adjusted,36+,317,58,5,0.08036141655059303,0.04237221595436986,0.057886137991684926,0.430266229910036,0.2533854538240923,0.43703887999377794
OBR,business_taxes,pooled_levels,with,policy_adjusted,6-12,7,7,5,0.06270308799803305,,,0.10530971543393935,0.07769685770057795,0.11592026674775038
OBR,business_taxes,pooled_levels,with,policy_adjusted,<0,150,75,6,0.005468134585238274,0.008759536774051887,0.5324638830991284,0.071540202095868,0.034574192509722386,0.07151070555043117
OBR,business_taxes,pooled_levels,without,raw,0-6,112,59,6,0.004399915570638811,0.025905971479382464,0.8651345909536793,0.24900978690204179,0.09083249897018482,0.24793468768058674
OBR,business_taxes,pooled_levels,without,raw,12-24,116,55,6,0.08624402295828429,0.04889015207376147,0.07772579902503438,0.39590690171929765,0.21202490190305381,0.40352085425397327
OBR,business_taxes,pooled_levels,without,raw,24-36,103,49,6,0.0899941833112572,0.06019491627380709,0.13490237445280334,0.4512947172352791,0.2367745563527257,0.4580267744127493
OBR,business_taxes,pooled_levels,without,raw,36+,233,43,5,0.007285463047683585,0.06997596297656612,0.9170790437158605,0.5778900907199817,0.30964192294517534,0.5766946707430441
OBR,business_taxes,pooled_levels,without,raw,6-12,7,7,5,0.06173160878398243,,,0.1063180547868004,0.07866833691462856,0.11618747984142153
OBR,business_taxes,pooled_levels,without,raw,<0,118,59,6,0.004262876140549574,0.010687426420473406,0.6899902111913377,0.07343883662536098,0.037247816905280444,0.07325113802231015
OBR,business_taxes,pooled_levels,without,policy_adjusted,0-6,112,59,6,0.004467663581076298,0.02590854503942914,0.8630918074791588,0.24903704577506167,0.09090024698062228,0.24796303171129122
OBR,business_taxes,pooled_levels,without,policy_adjusted,12-24,116,55,6,0.0938543792788563,0.04908213150804649,0.05585178066434006,0.39565841759854525,0.21807884697376592,0.4049749338352708
OBR,business_taxes,pooled_levels,without,policy_adjusted,24-36,102,49,6,0.14474611197745574,0.05407613171787471,0.0074349000053710495,0.39093495800212236,0.23330420293560078,0.4150701670816874
OBR,business_taxes,pooled_levels,without,policy_adjusted,36+,232,43,5,0.12157306181575346,0.05428153156359326,0.025111942820453537,0.4585224827789299,0.2724886875674811,0.4734096083919076
OBR,business_taxes,pooled_levels,without,policy_adjusted,6-12,7,7,5,0.06270308799803305,,,0.10530971543393935,0.07769685770057795,0.11592026674775038
OBR,business_taxes,pooled_levels,without,policy_adjusted,<0,118,59,6,0.004262876140549574,0.010687426420473406,0.6899902111913377,0.07343883662536098,0.037247816905280444,0.07325113802231015
OBR,capital_taxes,pooled_levels,with,raw,0-6,116,60,4,-0.015819012931177604,0.008223682607279006,0.05440570102599765,0.07846124931237204,0.04422501089534986,0.07970783150389789
OBR,capital_taxes,pooled_levels,with,raw,12-24,116,56,4,-0.03439878782636668,0.01935973399255106,0.075597645300081,0.14870482393061765,0.1142735301551872,0.15200582514876643
OBR,capital_taxes,pooled_levels,with,raw,24-36,108,52,4,-0.02614055788142202,0.027100070482921294,0.33474834460508196,0.1923796408598979,0.14870490635483033,0.1932629568275371
OBR,capital_taxes,pooled_levels,with,raw,36+,276,48,4,-0.020602712756710474,0.027481212236128302,0.45343435658378217,0.2090396710257768,0.16243077583192597,0.20967529958381764
OBR,capital_taxes,pooled_levels,with,raw,6-12,8,8,4,-0.0871946734577639,0.04638533227584694,0.060136734148345396,0.13119753199937043,0.1151085208463666,0.15054602097628214
OBR,capital_taxes,pooled_levels,with,raw,<0,136,68,4,-0.0019139876228286934,0.0007597999928174783,0.011766602929722323,0.006966422547874673,0.003144180433497736,0.007199829569553488
OBR,capital_taxes,pooled_levels,with,policy_adjusted,0-6,87,45,3,-0.01764427283199347,0.010318532101308649,0.08727334745497713,0.08634055801260843,0.04566234259001364,0.08763747033797514
OBR,capital_taxes,pooled_levels,with,policy_adjusted,12-24,87,42,3,-0.04832504307671494,0.021101641062070412,0.022015040072526568,0.14116687684697082,0.11036111101653102,0.1484396794474615
OBR,capital_taxes,pooled_levels,with,policy_adjusted,24-36,81,39,3,-0.05079064030649708,0.02937698172878448,0.08382226208462328,0.1878759878685632,0.1567054086626839,0.19349756006913346
OBR,capital_taxes,pooled_levels,with,policy_adjusted,36+,207,36,3,-0.03589006012064586,0.030630745803741324,0.24131732291942987,0.2006411507493982,0.16141328956098058,0.20334819927901548
OBR,capital_taxes,pooled_levels,with,policy_adjusted,6-12,6,6,3,-0.11669990251517272,,,0.13906068947678107,0.1404652967014092,0.17243480906857406
OBR,capital_taxes,pooled_levels,with,policy_adjusted,<0,102,51,3,-0.001659985915921165,0.000805559363257262,0.039335256158366194,0.006490544681500431,0.0028182350583986176,0.006668561466346986
OBR,capital_taxes,pooled_levels,without,raw,0-6,92,48,4,-0.006264586334003703,0.006982772930613576,0.3696395232498435,0.06007590045528669,0.03693738463756269,0.060076029824339995
OBR,capital_taxes,pooled_levels,without,raw,12-24,96,44,4,-0.01696348399006423,0.019424940697588135,0.3825084654535479,0.13087295363513687,0.10355779427080247,0.13129004504595987
OBR,capital_taxes,pooled_levels,without,raw,24-36,88,40,4,-0.008148213949947797,0.028181735045724226,0.7724811122194969,0.17572523915250546,0.13736115098850576,0.17491383950759415
OBR,capital_taxes,pooled_levels,without,raw,36+,204,36,4,-0.025847079876693636,0.028080806039486376,0.35733575363401393,0.1976831980995286,0.16448739974674273,0.19888478160693634
OBR,capital_taxes,pooled_levels,without,raw,6-12,8,8,4,-0.0871946734577639,0.04638533227584694,0.060136734148345396,0.13119753199937043,0.1151085208463666,0.15054602097628214
OBR,capital_taxes,pooled_levels,without,raw,<0,96,48,4,-0.0018012852401770594,0.0007645027574647033,0.018465325124677932,0.005047006879085741,0.0027900995310764765,0.005334001379854916
OBR,capital_taxes,pooled_levels,without,policy_adjusted,0-6,69,36,3,-0.005435204385457402,0.00838662785054207,0.5169333162662562,0.06351397992868249,0.03654165091694895,0.06328588273296148
OBR,capital_taxes,pooled_levels,without,policy_adjusted,12-24,72,33,3,-0.02630292181029193,0.020152110226752,0.19181820764982527,0.11866150922880919,0.095411803607803,0.12073456100627274
OBR,capital_taxes,pooled_levels,without,policy_adjusted,24-36,66,30,3,-0.024814141118435273,0.029275132518146854,0.3966505211886716,0.16580364029964195,0.1397048863355643,0.16640330750661267
OBR,capital_taxes,pooled_levels,without,policy_adjusted,36+,153,27,3,-0.04161779554043522,0.03364143782498163,0.21605025983576476,0.19738235141924507,0.16412125942285619,0.20109001563920836
OBR,capital_taxes,pooled_levels,without,policy_adjusted,6-12,6,6,3,-0.11669990251517272,,,0.13906068947678107,0.1404652967014092,0.17243480906857406
OBR,capital_taxes,pooled_levels,without,policy_adjusted,<0,72,36,3,-0.0018665212239727,0.0008311402726572794,0.024720954242810147,0.0047319847806163735,0.0025020956990845678,0.0050561433809248515
OBR,consumption_taxes,pooled_levels,with,raw,0-6,87,45,3,-0.03941249117903634,0.01200589617833494,0.0010279567297749878,0.08081836689681006,0.05256754004700043,0.08949791578502832
OBR,consumption_taxes,pooled_levels,with,raw,12-24,87,42,3,-0.06316801621784433,0.01260510000316091,5.406180224434989e-07,0.08394592264470714,0.07728322706430725,0.10467147245031767
OBR,consumption_taxes,pooled_levels,with,raw,24-36,81,39,3,-0.0976933833719288,0.01780041208060709,4.059001967713803e-08,0.11127029712135744,0.1117107664121499,0.14755413700979111
OBR,consumption_taxes,pooled_levels,with,raw,36+,207,36,3,-0.17472718489902547,0.02815146109027072,5.411472187408597e-10,0.1744011727733513,0.1898780256955648,0.24657336053398043
OBR,consumption_taxes,pooled_levels,with,raw,6-12,6,6,3,-0.09841661577000323,,,0.09061049035851486,0.09841661577000323,0.1285601586630265
OBR,consumption_taxes,pooled_levels,with,raw,<0,98,49,3,-0.03711815248413372,0.011290378721550282,0.0010104836617528792,0.07450120742346718,0.039392076297774366,0.08289481353810309
OBR,consumption_taxes,pooled_levels,with,policy_adjusted,0-6,87,45,3,-0.03944712143716655,0.01200352854508956,0.001015150673190913,0.08079606819776976,0.052546911144439955,0.08949327064002487
OBR,consumption_taxes,pooled_levels,with,policy_adjusted,12-24,87,42,3,-0.059983450950716076,0.012376871047100623,1.2571254182113122e-06,0.08151394648574511,0.07373341412251025,0.10082739720249678
OBR,consumption_taxes,pooled_levels,with,policy_adjusted,24-36,81,39,3,-0.07985715446162243,0.015197281217926564,1.4826590431738987e-07,0.09563144697476446,0.0934283530571621,0.12413554253982916
OBR,consumption_taxes,pooled_levels,with,policy_adjusted,36+,207,36,3,-0.12008770404005185,0.021849802614901666,3.8838272008189056e-08,0.13196676105402938,0.13250515087162326,0.17819133300478102
OBR,consumption_taxes,pooled_levels,with,policy_adjusted,6-12,6,6,3,-0.09841661577000323,,,0.09061049035851486,0.09841661577000323,0.1285601586630265
OBR,consumption_taxes,pooled_levels,with,policy_adjusted,<0,98,49,3,-0.03711815248413372,0.011290378721550282,0.0010104836617528792,0.07450120742346718,0.039392076297774366,0.08289481353810309
OBR,consumption_taxes,pooled_levels,without,raw,0-6,69,36,3,-0.046527665501569455,0.014108573948110914,0.000974354237708066,0.08327339807465987,0.054582681510005386,0.09486191586004517
OBR,consumption_taxes,pooled_levels,without,raw,12-24,72,33,3,-0.07071363147286629,0.014525516340565923,1.1259921066279323e-06,0.08464620658459432,0.0809735060774318,0.10984481940499022
OBR,consumption_taxes,pooled_levels,without,raw,24-36,66,30,3,-0.11280435653528349,0.01958899225802126,8.483530124229903e-09,0.10880487877743782,0.11799667004243572,0.15615362071388264
OBR,consumption_taxes,pooled_levels,without,raw,36+,153,27,3,-0.18850497074632336,0.031034532233488343,1.2473212305932538e-09,0.16770279396332138,0.19127005567915786,0.25194152619482635
OBR,consumption_taxes,pooled_levels,without,raw,6-12,6,6,3,-0.09841661577000323,,,0.09061049035851486,0.09841661577000323,0.1285601586630265
OBR,consumption_taxes,pooled_levels,without,raw,<0,72,36,3,-0.042198923145622784,0.014521628657152135,0.0036615636081699125,0.08203374613126772,0.04336253812998638,0.0917432223550383
OBR,consumption_taxes,pooled_levels,without,policy_adjusted,0-6,69,36,3,-0.04656222039406473,0.014106334143455688,0.0009640878558772239,0.0832484031334277,0.0545475618085863,0.09485725017509235
OBR,consumption_taxes,pooled_levels,without,policy_adjusted,12-24,72,33,3,-0.06570742189193435,0.014374384226437486,4.850620841799347e-06,0.0835660371390668,0.07682234109865854,0.10584780498061142
OBR,consumption_taxes,pooled_levels,without,policy_adjusted,24-36,66,30,3,-0.08897003174338117,0.01711996219182316,2.0268384029740385e-07,0.09612235424190507,0.09680449012114152,0.13044225160333855
OBR,consumption_taxes,pooled_levels,without,policy_adjusted,36+,153,27,3,-0.11508366210434418,0.02173319161220737,1.1882439196985734e-07,0.1124722777087057,0.11877673464084326,0.16065983540122333
OBR,consumption_taxes,pooled_levels,without,policy_adjusted,6-12,6,6,3,-0.09841661577000323,,,0.09061049035851486,0.09841661577000323,0.1285601586630265
OBR,consumption_taxes,pooled_levels,without,policy_adjusted,<0,72,36,3,-0.042198923145622784,0.014521628657152135,0.0036615636081699125,0.08203374613126772,0.04336253812998638,0.0917432223550383
OBR,duties,pooled_levels,with,raw,0-6,232,120,8,0.003899668096672394,0.002673174789135951,0.14461596943380925,0.035833198947282464,0.02135537818677434,0.035967916218237646
OBR,duties,pooled_levels,with,raw,12-24,232,112,8,0.013530328609264081,0.010324477539508005,0.19002344377997515,0.1449760661717302,0.05365253618207459,0.14529464707868908
OBR,duties,pooled_levels,with,raw,24-36,216,104,8,0.041021472545983664,0.01991699448234906,0.03943472722249995,0.21537244162503827,0.07883226114691351,0.21875397851201828
OBR,duties,pooled_levels,with,raw,36+,552,96,8,0.08750656955290728,0.027654550248816887,0.0015547044643407506,0.25412944573144847,0.12133792721105116,0.2685557277980642
OBR,duties,pooled_levels,with,raw,6-12,16,16,8,0.005714728695903094,0.005203496152332675,0.2720962574109359,0.020813984609330684,0.016365391501860994,0.02094764204338741
OBR,duties,pooled_levels,with,raw,<0,240,120,8,-0.005373463121226203,0.0050952060258055015,0.29160301948372536,0.055690342709031816,0.010213339862100707,0.05583337548010049
OBR,duties,pooled_levels,with,policy_adjusted,0-6,145,75,5,0.002438054209834304,0.0035061755517040148,0.486829725410613,0.037964019331279415,0.02134300012478789,0.03791135847382838
OBR,duties,pooled_levels,with,policy_adjusted,12-24,145,70,5,0.016615965352197146,0.0156958175741349,0.28977116352156396,0.17692344240672925,0.05707681838554479,0.17709353340641848
OBR,duties,pooled_levels,with,policy_adjusted,24-36,135,65,5,0.03441942516540325,0.031277687463128596,0.2711375793786781,0.2677126278097131,0.0865903866196423,0.268930955172837
OBR,duties,pooled_levels,with,policy_adjusted,36+,345,60,5,0.07356903272855371,0.04379185100276908,0.09296298930492353,0.3147172017706526,0.12032200958576278,0.3227572263384033
OBR,duties,pooled_levels,with,policy_adjusted,6-12,10,10,5,0.007369691014207534,0.006601314399900653,0.26425201529380793,0.02087518905455367,0.015137701820878369,0.021130748020406494
OBR,duties,pooled_levels,with,policy_adjusted,<0,150,75,5,-0.0074819138732117475,0.007999178048831457,0.34961551117669865,0.06892804495291359,0.012124206322677772,0.06910412853342045
OBR,duties,pooled_levels,without,raw,0-6,184,96,8,0.0037403058264113055,0.002309572743094646,0.10534412305570662,0.026879410639316856,0.01728241999746295,0.027065955715524465
OBR,duties,pooled_levels,without,raw,12-24,192,88,8,0.005887612448072834,0.005346527929313878,0.2708083283192966,0.05370022576425225,0.03889349088889612,0.053882825486728333
OBR,duties,pooled_levels,without,raw,24-36,176,80,8,0.018505440096854755,0.00745287850458708,0.013028389608770369,0.06917592943847956,0.049717361329913334,0.07141828386316691
OBR,duties,pooled_levels,without,raw,36+,408,72,8,0.05366401482501643,0.009378643850925778,1.0531599541550608e-08,0.0892347399071966,0.08185591012897335,0.10403436226393879
OBR,duties,pooled_levels,without,raw,6-12,16,16,8,0.005714728695903094,0.005203496152332675,0.2720962574109359,0.020813984609330684,0.016365391501860994,0.02094764204338741
OBR,duties,pooled_levels,without,raw,<0,192,96,8,-0.0007930627690854413,0.0015103589432530692,0.5995259701480747,0.014603903003640355,0.0057715178029089384,0.014587396255019862
OBR,duties,pooled_levels,without,policy_adjusted,0-6,115,60,5,0.003547326057761913,0.002777581638838655,0.2015572167590184,0.025148145047729775,0.0159968859848236,0.025288600933219513
OBR,duties,pooled_levels,without,policy_adjusted,12-24,120,55,5,0.0030415754030822355,0.0061513614145243,0.6209844208179989,0.04743443064913466,0.033900935243450905,0.04733419674874046
OBR,duties,pooled_levels,without,policy_adjusted,24-36,110,50,5,0.0012328270965958278,0.008932438088535843,0.8902270892221011,0.06648418307593444,0.04171379375109306,0.06619277385804266
OBR,duties,pooled_levels,without,policy_adjusted,36+,255,45,5,0.017598026451328658,0.00991819783456936,0.07601073975065752,0.07573744096394852,0.05555841408307116,0.07761028123768975
OBR,duties,pooled_levels,without,policy_adjusted,6-12,10,10,5,0.007369691014207534,0.006601314399900653,0.26425201529380793,0.02087518905455367,0.015137701820878369,0.021130748020406494
OBR,duties,pooled_levels,without,policy_adjusted,<0,120,60,5,0.0006884245543343933,0.0013413170326425866,0.6077797983669029,0.009750426950080526,0.004525797747733474,0.009734089438409737
OBR,economy,pooled_levels,with,raw,0-6,160,113,8,-0.003625768036717935,0.007175715028673582,0.6133599618570956,0.07928714304920574,0.03692077386601997,0.07912210138564725
OBR,economy,pooled_levels,with,raw,12-24,222,110,8,-0.017563869255850153,0.02582573638628714,0.4964463923913508,0.28810960863659396,0.16556572470164874,0.28799605904639203
OBR,economy,pooled_levels,with,raw,24-36,205,102,8,-0.025338769487497775,0.033254427955915156,0.4460798295499008,0.3550131059569642,0.20444365315876217,0.3550514852110736
OBR,economy,pooled_levels,with,raw,36+,474,94,8,-0.0018884973228619965,0.035003517838908586,0.9569736908221573,0.3601576475818012,0.22363974678675128,0.35978249025649256
OBR,economy,pooled_levels,with,raw,6-12,77,77,8,-0.01769542579139341,0.025817509780017157,0.49308898842755056,0.2265477288907987,0.14192318739728338,0.22576637869327718
OBR,economy,pooled_levels,with,raw,<0,312,128,8,-0.00023908520793014486,0.0063986402149147715,0.9701939770948367,0.07246108408270807,0.029248994878413825,0.07234526241654551
OBR,economy,pooled_levels,without,raw,0-6,128,90,8,0.0018623332373204106,0.008081235042847898,0.8177408985734622,0.07709015920699488,0.035586671445639324,0.07681101537439405
OBR,economy,pooled_levels,without,raw,12-24,183,87,8,0.026414941643346235,0.02117286298131404,0.21218315439709157,0.21135606423716086,0.1317149278466859,0.21242652635210155
OBR,economy,pooled_levels,without,raw,24-36,167,79,8,0.01050800150067445,0.02705187917484629,0.6976912805539884,0.2584382640844521,0.16307682158694842,0.25787751415106525
OBR,economy,pooled_levels,without,raw,36+,351,71,8,0.046845923537879405,0.03212024831902392,0.1447152835407297,0.28511451432538926,0.19343964971616168,0.2885363591887759
OBR,economy,pooled_levels,without,raw,6-12,63,63,8,0.01112738532428832,0.02105892646862204,0.597226727095492,0.1671500469419086,0.1125707895453962,0.16619109035332372
OBR,economy,pooled_levels,without,raw,<0,244,96,8,0.006151962972969418,0.007049147455079455,0.38281331565456034,0.0700137252230542,0.026667656850848938,0.07014042005090196
OBR,economy,obr.businessinv,with,raw,0-6,15,14,1,-3.1701139505981373,1.1386347090182096,0.00536705151611781,4.395544710631636,4.153773115219242,5.299281228876978
OBR,economy,obr.businessinv,with,raw,12-24,28,14,1,1.3770575556501428,1.0865749457108993,0.2050345121073761,4.536999076492244,3.310370339129601,4.663206235545752
OBR,economy,obr.businessinv,with,raw,24-36,26,13,1,3.1508268897453195,0.9618861454924009,0.0010540959572153746,3.8318185523878516,3.7541200728382935,4.903653652667451
OBR,economy,obr.businessinv,with,raw,36+,57,12,1,3.596263839845517,1.537487300896944,0.019332705630738085,5.101586879353945,4.974751497898908,6.205054592172415
OBR,economy,obr.businessinv,with,raw,6-12,15,15,1,-1.443990704380807,1.2520482550591743,0.2487861389455599,4.849162040492237,4.207967879579873,4.902229780038089
OBR,economy,obr.businessinv,with,raw,<0,44,16,1,-1.7524594425274314,0.801597526467956,0.028800344047372237,3.323936499799098,2.8532508698270713,3.7240521553413535
OBR,economy,obr.businessinv,without,raw,0-6,12,11,1,-2.48162678130805,1.229928472116331,0.043622506102936734,4.241685372493677,3.711200737084431,4.7593110545886725
OBR,economy,obr.businessinv,without,raw,12-24,23,11,1,0.6299481335571459,0.7103039776669026,0.3751482544853717,3.0007772848376844,2.2133082172500256,3.0016648414034965
OBR,economy,obr.businessinv,without,raw,24-36,21,10,1,2.7098966490897465,0.8053923270238158,0.0007662930999301664,2.484077835429265,2.88018942480581,3.6359788796149357
OBR,economy,obr.businessinv,without,raw,36+,42,9,1,3.6646574044461175,1.0870837975186933,0.0007487137210251179,3.457510385855966,4.193710235278191,5.009936517663507
OBR,economy,obr.businessinv,without,raw,6-12,12,12,1,-2.314333020481327,0.9469648085019049,0.014527508760768455,3.2803823226100617,3.384203657386806,3.9013206947957704
OBR,economy,obr.businessinv,without,raw,<0,34,12,1,-1.758805937653696,0.7893457834110156,0.02586839176008612,2.972722377995252,2.429756824378291,3.416220513116084
OBR,economy,obr.cpi,with,raw,0-6,16,15,1,0.020733887676483567,0.022870621766619054,0.36463265693853164,0.09015160501799913,0.06739573121158211,0.08971760692609215
OBR,economy,obr.cpi,with,raw,12-24,30,15,1,-0.6611249642557286,0.4640081589838169,0.15421119663455438,1.8888781262042487,1.2387201352773571,1.9712985842230788
OBR,economy,obr.cpi,with,raw,24-36,28,14,1,-1.0414329193474385,0.6684025143520091,0.11921133129246217,2.472891354431544,1.7685193687477767,2.6422290730570133
OBR,economy,obr.cpi,with,raw,36+,62,13,1,-0.6985292080225545,0.6648386083969079,0.2934079487683079,2.4194347237548737,1.6299915897328505,2.499438636037708
OBR,economy,obr.cpi,with,raw,6-12,16,16,1,-0.21677348641254593,0.15000707630786558,0.14843305586037522,0.6000283052314618,0.4285540093159409,0.6200988538515103
OBR,economy,obr.cpi,with,raw,<0,44,17,1,0.00794038008040329,0.005521317912294866,0.15039680457204296,0.020808856325109926,0.013874282984939907,0.022050329591010023
OBR,economy,obr.cpi,without,raw,0-6,13,12,1,0.03814784667509954,0.017322513845496733,0.027650341634959726,0.06160316390123686,0.057596104346705375,0.07041511764530155
OBR,economy,obr.cpi,without,raw,12-24,25,12,1,-0.2514060148032094,0.2800676780474011,0.36936595924226123,1.1655719531113768,0.8634901035110151,1.1693676252761178
OBR,economy,obr.cpi,without,raw,24-36,23,11,1,-0.7063018500941098,0.5523598990994986,0.20100319987278692,1.8527407672941492,1.398696704091268,1.944804636402017
OBR,economy,obr.cpi,without,raw,36+,47,10,1,-0.40790982790237823,0.6185573443884492,0.5096045736836803,1.930224427077439,1.3442129858599623,1.9526610413367063
OBR,economy,obr.cpi,without,raw,6-12,13,13,1,-0.10164253195280021,0.11048212468119606,0.35757759680264756,0.3983489655602576,0.2765536980452994,0.3959883871916347
OBR,economy,obr.cpi,without,raw,<0,35,13,1,0.007020700770624328,0.0065556283563366095,0.2841953018157023,0.02173383678540354,0.014458381557415466,0.022542269415457596
OBR,economy,obr.currentacc_gbp,with,raw,0-6,15,14,1,-9.664509556019576,7.908308630629136,0.2216810215902827,30.347011093478088,18.030565782686235,30.869851880309216
OBR,economy,obr.currentacc_gbp,with,raw,12-24,28,14,1,-6.352079316549346,12.708588518308396,0.6171978036643011,47.15476008882375,38.839611574120774,46.73871036332759
OBR,economy,obr.currentacc_gbp,with,raw,24-36,26,13,1,6.5837987375628355,12.03716978986466,0.5844091611276906,45.99973907073939,37.864278185514074,45.58441299713928
OBR,economy,obr.currentacc_gbp,with,raw,36+,57,12,1,17.05195708843367,14.30214672132316,0.23315713086161016,49.31915316668927,44.54519674381195,51.773301962812056
OBR,economy,obr.currentacc_gbp,with,raw,6-12,15,15,1,-11.439098860600003,12.151093871877498,0.3464974225002617,47.06098420398454,35.796469672466664,46.882194218136625
OBR,economy,obr.currentacc_gbp,with,raw,<0,47,16,1,-4.351968077744679,4.615499245081523,0.34573052105664914,21.207286853018473,15.74372156731915,21.427074317858253
OBR,economy,obr.currentacc_gbp,without,raw,0-6,12,11,1,-0.5616678016911356,3.4553220986930957,0.8708715737196657,11.920596044311623,8.428445555024467,11.426913987022465
OBR,economy,obr.currentacc_gbp,without,raw,12-24,23,11,1,10.05871363641819,9.768289598768671,0.3031361539250691,33.12697310525773,29.49132563366877,33.924344982308746
OBR,economy,obr.currentacc_gbp,without,raw,24-36,21,10,1,20.695793739458743,11.27280421196164,0.06637175896899657,36.87228411660431,34.33515864149362,41.51072160306037
OBR,economy,obr.currentacc_gbp,without,raw,36+,42,9,1,35.651828890742436,13.908705006271521,0.010369003253689942,41.164187521359516,47.08698678135279,54.085101734110246
OBR,economy,obr.currentacc_gbp,without,raw,6-12,12,12,1,3.81129216433333,9.663242471307584,0.6932773917494455,33.47445385232433,26.635421350499996,32.27517240254523
OBR,economy,obr.currentacc_gbp,without,raw,<0,35,12,1,-0.5876127758285729,3.17861899167891,0.8533355712535711,14.477341882817234,11.085453176114287,14.281118062300914
OBR,economy,obr.currentacc_pct_gdp,with,raw,0-6,15,14,1,-0.5267023533384438,0.3448299051097713,0.12665497786696353,1.314082366625457,0.8963382389188296,1.3744478906830748
OBR,economy,obr.currentacc_pct_gdp,with,raw,12-24,28,14,1,-0.2541918994087211,0.6164972005227247,0.6801075378471779,2.2846339640925715,1.9037807659712753,2.2578204728644558
OBR,economy,obr.currentacc_pct_gdp,with,raw,24-36,26,13,1,0.3458418898558316,0.5956112032816663,0.5614760896016888,2.2510102266688694,1.8829255556266717,2.2342263154635127
OBR,economy,obr.currentacc_pct_gdp,with,raw,36+,57,12,1,0.84908785692352,0.7001349930312226,0.2252258845749069,2.4263555634473395,2.1718515466393056,2.5504641294003436
OBR,economy,obr.currentacc_pct_gdp,with,raw,6-12,15,15,1,-0.5151351656177644,0.5536188143489185,0.3521189396742145,2.1441564481204565,1.6486701715035716,2.134543820414908
OBR,economy,obr.currentacc_pct_gdp,with,raw,<0,47,16,1,-0.3068867857165675,0.2100521817720835,0.1440147252792342,0.9620865596029997,0.7802337244752894,1.0000481018259992
OBR,economy,obr.currentacc_pct_gdp,without,raw,0-6,12,11,1,-0.13566904034143543,0.18315974586375186,0.45886669558775406,0.6408293311861379,0.515021111743066,0.6283680987870613
OBR,economy,obr.currentacc_pct_gdp,without,raw,12-24,23,11,1,0.5046397329829633,0.4995303132307561,0.3123858528087332,1.6901387095216405,1.5035554089192764,1.7283030612579666
OBR,economy,obr.currentacc_pct_gdp,without,raw,24-36,21,10,1,0.9820408686872666,0.590785455084137,0.09646003073719486,1.9204913907348007,1.777385492386309,2.115906124267227
OBR,economy,obr.currentacc_pct_gdp,without,raw,36+,42,9,1,1.6833669586881197,0.732330317717269,0.021525142082538154,2.1779219335008486,2.36274213204729,2.732056277851941
OBR,economy,obr.currentacc_pct_gdp,without,raw,6-12,12,12,1,0.1351351531859224,0.4621667645438186,0.7699847927012284,1.6009926355192317,1.2817836041713369,1.5387789998451684
OBR,economy,obr.currentacc_pct_gdp,without,raw,<0,35,12,1,-0.21596623114680136,0.1491874794151519,0.1477243820968579,0.6740661903070688,0.5705086762686971,0.6985877026025801
OBR,economy,obr.deflator,with,raw,0-6,15,14,1,0.24950388792253364,0.2251456329672751,0.26778025014747053,0.8658517223692199,0.655192771011453,0.8729097594880901
OBR,economy,obr.deflator,with,raw,12-24,28,14,1,-0.8063506666766616,0.45967749348860193,0.0794020536010402,1.8605180405695305,1.3225347370164384,1.9970234848651593
OBR,economy,obr.deflator,with,raw,24-36,26,13,1,-0.8904895786558987,0.5508513548161696,0.10597120885517128,1.9830805250201762,1.4749573265587541,2.138767376406697
OBR,economy,obr.deflator,with,raw,36+,57,12,1,-0.6249730851092877,0.5949812961552347,0.293530590904184,1.9920216322602131,1.5411304921587174,2.071020248722736
OBR,economy,obr.deflator,with,raw,6-12,15,15,1,-0.49664868139064067,0.426223321766134,0.24392544929988424,1.6507558269654417,1.2648875454349329,1.6703258343718643
OBR,economy,obr.deflator,with,raw,<0,44,16,1,0.08333493716271219,0.15106319284395306,0.5811839683756894,0.6066373637977656,0.4556246218326304,0.6054665675923515
OBR,economy,obr.deflator,without,raw,0-6,12,11,1,0.2764944617366351,0.2105132000595473,0.18903791908341872,0.7216836074972555,0.5549955967901815,0.7442272150294088
OBR,economy,obr.deflator,without,raw,12-24,23,11,1,-0.35201221132410276,0.34439929443314005,0.3067312475029347,1.15508639096963,0.8499582205546173,1.1832697932362082
OBR,economy,obr.deflator,without,raw,24-36,21,10,1,-0.42912311687820587,0.4972029053649738,0.38809654260631876,1.5669676740292964,1.017962519849286,1.5882729984135397
OBR,economy,obr.deflator,without,raw,36+,42,9,1,-0.2114277651306121,0.5766165698320419,0.7138654876105396,1.701981261242612,1.1287237776277255,1.6948368382835275
OBR,economy,obr.deflator,without,raw,6-12,12,12,1,-0.18245213909080837,0.4277461258245225,0.6697121822546368,1.481756045337645,1.0489017580838433,1.4303576520561494
OBR,economy,obr.deflator,without,raw,<0,34,12,1,0.1853180653809431,0.16867413916915944,0.2719098366071261,0.5902619724098336,0.42063879892041217,0.6103315919509769
OBR,economy,obr.demand,with,raw,0-6,15,14,1,-0.7029016700061376,0.26486822617013356,0.007959599780071257,0.9779675065166988,0.9064262092241793,1.1775949382447854
OBR,economy,obr.demand,with,raw,12-24,28,14,1,0.051780261153857164,0.618865828712984,0.9333191218709033,3.1254459782803896,1.724575048025173,3.069563793332678
OBR,economy,obr.demand,with,raw,24-36,26,13,1,0.4277899390932138,1.047607325660628,0.6830170949814305,3.9354291051245887,1.8468858610488466,3.8826446481958796
OBR,economy,obr.demand,with,raw,36+,57,12,1,0.6270581320720761,1.6040860869569502,0.6958615317510062,4.942073692958723,2.741555635171234,4.938501942770102
OBR,economy,obr.demand,with,raw,6-12,15,15,1,0.1808048682946919,0.8871313612153457,0.838503188748372,3.43584498788535,1.6540729115044601,3.3242621931977854
OBR,economy,obr.demand,with,raw,<0,44,16,1,-0.46358829528647194,0.11741094894317426,7.86671398268453e-05,0.4928706541938187,0.5551331113813748,0.6725434160890013
OBR,economy,obr.demand,without,raw,0-6,12,11,1,-0.5639243121189325,0.19388045188426709,0.0036302930778599465,0.6095898291513995,0.6534537361375792,0.81156869268919
OBR,economy,obr.demand,without,raw,12-24,23,11,1,-0.4695001486295218,0.27871949957066094,0.09208705285039283,1.1586015130055727,0.9455385648297998,1.2265498307927198
OBR,economy,obr.demand,without,raw,24-36,21,10,1,-0.23053369073775953,0.23295941519461877,0.32237585474188635,0.7674268804034108,0.5044138874777799,0.7836101365804072
OBR,economy,obr.demand,without,raw,36+,42,9,1,0.1924104571490409,0.28152024180302987,0.49431031023378824,0.8648108544263967,0.6348107929723886,0.8758495916229405
OBR,economy,obr.demand,without,raw,6-12,12,12,1,-0.6058247268767156,0.259784095101497,0.01969902723054058,0.8999185034281955,0.8617588554411725,1.0532754323727418
OBR,economy,obr.demand,without,raw,<0,34,12,1,-0.46790528132424275,0.1296596960274719,0.0003077138546210179,0.4566134410369632,0.5200379804578512,0.6490754627924374
OBR,economy,obr.earnings,with,raw,0-6,15,14,1,0.2044936418091287,0.28272423283433284,0.46949732174247905,1.0411678617035882,0.812841391408313,1.02644019051371
OBR,economy,obr.earnings,with,raw,12-24,28,14,1,-0.3329777214899459,0.42460434282799636,0.43291862578071305,1.6884081420527866,1.3016025483107772,1.6910898010528137
OBR,economy,obr.earnings,with,raw,24-36,26,13,1,-0.0004929097202115706,0.5990779923883037,0.9993435161761075,2.15610820215976,1.7417973461289185,2.1142380951946027
OBR,economy,obr.earnings,with,raw,36+,57,12,1,0.5905855847818956,0.6922649189850257,0.39359233123888426,2.320084113194684,2.1129103525859123,2.3742676150429616
OBR,economy,obr.earnings,with,raw,6-12,15,15,1,-0.015821287070765563,0.42148958767477535,0.9700571562008701,1.6324221536642354,1.147637875254343,1.577148987375671
OBR,economy,obr.earnings,with,raw,<0,44,16,1,0.319424644662553,0.21093076472079328,0.12993512120402648,0.861370308286448,0.7217124393343243,0.9094658934965772
OBR,economy,obr.earnings,without,raw,0-6,12,11,1,0.14399208326109672,0.33758903990295214,0.669721196113841,1.094255052426543,0.8714800144831506,1.0575183196944953
OBR,economy,obr.earnings,without,raw,12-24,23,11,1,-0.11576663746834043,0.3985221657689136,0.77144152754492,1.377463937303572,1.007605991203558,1.3521511974667497
OBR,economy,obr.earnings,without,raw,24-36,21,10,1,0.13404512040379776,0.5840741263803138,0.8184801763941645,1.8643633800250938,1.4526494315500933,1.824363505914392
OBR,economy,obr.earnings,without,raw,36+,42,9,1,0.7430274890241407,0.6470600228338209,0.25083934053579016,1.9126794770513784,1.80392967402982,2.030598244806
OBR,economy,obr.earnings,without,raw,6-12,12,12,1,0.004953779321027835,0.31738284899555197,0.9875469529238982,1.0994464398225132,0.7996857078802138,1.0526514813229624
OBR,economy,obr.earnings,without,raw,<0,35,12,1,0.1660548100430103,0.23017335005562714,0.47064272269209306,0.8238468898654525,0.6503824119719349,0.8287977993599782
OBR,economy,obr.eurogdp,with,raw,0-6,15,14,1,-0.44456757210049447,0.2057651688718981,0.030729502357879943,0.7945406583975099,0.5797250072809806,0.8870450158552422
OBR,economy,obr.eurogdp,with,raw,12-24,27,14,1,0.17911439005873478,0.487838882559908,0.713500490730562,2.1493856806875664,1.217830190174757,2.116798263280766
OBR,economy,obr.eurogdp,with,raw,24-36,25,13,1,0.6919732342712692,0.7495309330918624,0.35589862555400154,2.731619371283788,1.7445006471513824,2.7644351269179324
OBR,economy,obr.eurogdp,with,raw,36+,57,12,1,0.36054773517865385,1.0036996069458395,0.7194314383245268,3.1127692885683773,1.8018465524677816,3.1063385232777656
OBR,economy,obr.eurogdp,with,raw,6-12,14,14,1,0.035168501592419285,0.6040057010775709,0.9535690517811521,2.2599823930904663,1.1684808296929516,2.178057472531191
OBR,economy,obr.eurogdp,with,raw,<0,45,16,1,-0.2424459776567132,0.10720562490828753,0.023728049065680986,0.46932936468030023,0.35100151946561087,0.5235983332445205
OBR,economy,obr.eurogdp,without,raw,0-6,12,11,1,-0.19802942388377617,0.11249272900472707,0.07834419096494197,0.36504578935114756,0.34348613834523994,0.4017078690041132
OBR,economy,obr.eurogdp,without,raw,12-24,22,11,1,0.12230969561229146,0.27936423848792824,0.6615208076782864,0.9783934972599764,0.6974080487938475,0.9636918382683272
OBR,economy,obr.eurogdp,without,raw,24-36,20,10,1,0.43040749465799444,0.440038826293828,0.328018665745899,1.3104276822893879,1.0363840038037901,1.3478168593850544
OBR,economy,obr.eurogdp,without,raw,36+,42,9,1,0.19311583344381167,0.21594254114274306,0.37116531643923556,0.7227833878328576,0.5296617175100755,0.739777722571259
OBR,economy,obr.eurogdp,without,raw,6-12,12,12,1,-0.3214216374486358,0.16445093604199687,0.0506404747381602,0.5696747531539966,0.5121923618066903,0.6330853678897818
OBR,economy,obr.eurogdp,without,raw,<0,35,12,1,-0.18419836742810242,0.07212410191068964,0.010652120042635042,0.24303702845115605,0.2509876399996553,0.3021728102761139
OBR,economy,obr.exports,with,raw,0-6,15,14,1,-1.833716564423786,0.7071957857466942,0.009515924374679746,2.6488623050900157,2.10905681095082,3.1482095201157083
OBR,economy,obr.exports,with,raw,12-24,28,14,1,0.2720383632537182,0.9726800462874959,0.7797236487379618,4.151128972928681,2.7753682022038015,4.085395039638426
OBR,economy,obr.exports,with,raw,24-36,26,13,1,1.0411831521546644,1.7394602271748354,0.5494617970413621,6.146397126924751,4.257787480991795,6.116310358099008
OBR,economy,obr.exports,with,raw,36+,57,12,1,1.1362304089281803,1.9473150219633337,0.5595664014775386,6.463732319949827,4.240413633123784,6.506756140804115
OBR,economy,obr.exports,with,raw,6-12,15,15,1,-0.4943433570416706,1.0978423400433617,0.6525040215487204,4.251925099749319,2.8240293004449666,4.137388621454069
OBR,economy,obr.exports,with,raw,<0,44,16,1,-1.2656651965761512,0.5333509774612379,0.017642174720766454,2.217977440261236,1.9603928260177204,2.531704411284194
OBR,economy,obr.exports,without,raw,0-6,12,11,1,-1.0568535435593576,0.42348294723541474,0.012573635552564924,1.3994345247643516,1.4010288517181495,1.7065037315745495
OBR,economy,obr.exports,without,raw,12-24,23,11,1,0.5852004570858074,0.7016453997345915,0.40425834109449577,2.5773910649279546,1.9334765634621094,2.587775220892827
OBR,economy,obr.exports,without,raw,24-36,21,10,1,1.4898263073097906,0.9785067077492635,0.1278710918838181,2.920123986522481,2.5549658432830586,3.2156885723284376
OBR,economy,obr.exports,without,raw,36+,42,9,1,1.2989870120086897,0.6202032487393365,0.0362195801090691,2.023427964722218,1.9795347658869045,2.384144623862288
OBR,economy,obr.exports,without,raw,6-12,12,12,1,-0.6509202600955917,0.5724432644032591,0.2555001172916317,1.9830016367940575,1.6577277069923957,2.007062875340522
OBR,economy,obr.exports,without,raw,<0,34,12,1,-0.41802592310458303,0.4088661490585407,0.3065902640420697,1.5978016554012473,1.3170852082642603,1.6286891801769947
OBR,economy,obr.fixedinv,with,raw,0-6,15,14,1,-1.961197778032877,0.6316528260768891,0.0019036484363204656,2.4565005955067085,2.4689462229496826,3.078700844280087
OBR,economy,obr.fixedinv,with,raw,12-24,28,14,1,0.6816368044760592,0.8314544771694253,0.4123229828256437,3.6886742129739827,2.735342160917623,3.6857843498726712
OBR,economy,obr.fixedinv,with,raw,24-36,26,13,1,2.269395982841171,0.9892598879417601,0.021788536263473945,3.9106993539017556,3.1939044894736908,4.455952575425703
OBR,economy,obr.fixedinv,with,raw,36+,57,12,1,2.510560992563392,1.6838602874047077,0.13597314178707712,5.4044227765119235,4.551912760425068,5.915934816608323
OBR,economy,obr.fixedinv,with,raw,6-12,15,15,1,-1.13058361591552,0.9665924985836903,0.24213822359802728,3.7435966495836484,3.1185143871611345,3.7892524498946054
OBR,economy,obr.fixedinv,with,raw,<0,44,16,1,-1.1438781615331115,0.4896899576255723,0.019495241522862167,1.9990929059107914,1.6874468862833347,2.2834191574007394
OBR,economy,obr.fixedinv,without,raw,0-6,12,11,1,-1.6312667077018301,0.7590719414362148,0.03163219594704645,2.6351322426723613,2.2659522638478364,3.0043789452503398
OBR,economy,obr.fixedinv,without,raw,12-24,23,11,1,0.5702879337138433,0.6182627968301295,0.3563180048170278,2.575519839174453,2.039868461281607,2.582658768657142
OBR,economy,obr.fixedinv,without,raw,24-36,21,10,1,2.0490255213809365,0.532099263969829,0.00011771664630931982,1.7502736460384003,2.1221467820214057,2.667599010105297
OBR,economy,obr.fixedinv,without,raw,36+,42,9,1,2.6869904869993646,0.6757724537305019,7.003218348173627e-05,2.2038615882423294,2.9194996019241506,3.45850846171192
OBR,economy,obr.fixedinv,without,raw,6-12,12,12,1,-1.6453809745610624,0.7159727989242649,0.021555789476808116,2.4802025291482437,2.6086387983118264,2.8889558820171364
OBR,economy,obr.fixedinv,without,raw,<0,34,12,1,-1.1082290541433706,0.5215555016812045,0.03359883569545706,1.8598886198012232,1.4806126886354174,2.141405276746177
OBR,economy,obr.gilts,with,raw,0-6,29,15,1,-0.06460666255246574,0.048850607307938027,0.1859898948934665,0.21780816552047141,0.1571421995114102,0.22355881117966464
OBR,economy,obr.gilts,with,raw,12-24,29,14,1,0.1456850427452921,0.22780397930736448,0.5224851584250372,0.8344372691474686,0.6564420364582527,0.8327663784390286
OBR,economy,obr.gilts,with,raw,24-36,27,13,1,0.3414381717037325,0.464948985457048,0.462731672045408,1.5946087486788985,1.3108400944160488,1.6016179813741573
OBR,economy,obr.gilts,with,raw,36+,69,12,1,0.8841339869444474,0.547373609719593,0.10626101029833485,1.9960079049910275,2.0023208478672365,2.169792765218232
OBR,economy,obr.gilts,with,raw,6-12,2,2,1,0.0542356622199055,,,0.3595435215502957,0.2542356622199057,0.25995630209869053
OBR,economy,obr.gilts,with,raw,<0,34,17,1,-0.13750162289804507,0.06072826302356282,0.023561118338460797,0.25271637699533606,0.14412736348896438,0.2844184671674862
OBR,economy,obr.gilts,without,raw,0-6,23,12,1,-0.04622464559847074,0.0601800039949557,0.4424239811079175,0.23763612316070232,0.16289988785105286,0.23696494929537426
OBR,economy,obr.gilts,without,raw,12-24,24,11,1,0.37518648998628,0.16732025423658906,0.024940336191147584,0.5618865644076328,0.5552943694312079,0.665827724636132
OBR,economy,obr.gilts,without,raw,24-36,22,10,1,0.5503335916222929,0.48815806883188173,0.25958709088217025,1.4907970816569893,1.2626807303626126,1.5570232391228658
OBR,economy,obr.gilts,without,raw,36+,51,9,1,0.9797537412532086,0.6974769145718831,0.16010712804465288,2.1717912338236127,2.221623773436017,2.3630722991193975
OBR,economy,obr.gilts,without,raw,6-12,2,2,1,0.0542356622199055,,,0.3595435215502957,0.2542356622199057,0.25995630209869053
OBR,economy,obr.gilts,without,raw,<0,24,12,1,-0.14524912158837394,0.08152831526355024,0.07481793709971563,0.27427767957812815,0.15463558742550962,0.3052720796390898
OBR,economy,obr.govconsumption,with,raw,0-6,15,14,1,0.4021384789020165,0.3368560454935895,0.23255652321164333,1.304549146845329,1.0942796385298736,1.3229161982703885
OBR,economy,obr.govconsumption,with,raw,12-24,28,14,1,-0.34853848145160693,0.42928347666980554,0.4168447010574492,3.221992688984303,2.021142618299817,3.183073593343372
OBR,economy,obr.govconsumption,with,raw,24-36,26,13,1,-1.3766453098302789,0.8563304975945825,0.10792066201478069,3.461545440928711,2.6577865501229216,3.6628665793252217
OBR,economy,obr.govconsumption,with,raw,36+,57,12,1,-1.914471223040192,1.4015734342088422,0.17195645131689308,4.445964938092291,3.5712205803969406,4.80468747831022
OBR,economy,obr.govconsumption,with,raw,6-12,15,15,1,0.9571497834420082,0.6902548309367165,0.16554501256632326,2.6733454648571184,1.5884292795876456,2.754352909629362
OBR,economy,obr.govconsumption,with,raw,<0,44,16,1,0.2331961177185653,0.21700882950353048,0.2825570933055689,0.9317473144852931,0.7547707392931563,0.9501593214036453
OBR,economy,obr.govconsumption,without,raw,0-6,12,11,1,0.35071034223615133,0.32702618147706264,0.283530159315473,1.1322300243523764,0.8978122221120829,1.1393479874586019
OBR,economy,obr.govconsumption,without,raw,12-24,23,11,1,-0.8089802553467722,0.2946282326738165,0.006036976109030925,1.2330364535963558,1.1875422465349277,1.452144799660831
OBR,economy,obr.govconsumption,without,raw,24-36,21,10,1,-1.7716522784882995,0.354588649072228,5.842277861110539e-07,1.1460773619366194,1.7716522784883006,2.0951605700961773
OBR,economy,obr.govconsumption,without,raw,36+,42,9,1,-2.3112582264238988,0.4397855462521573,1.4768618200429916e-07,1.4155311195039215,2.3112582264238988,2.7014690673099087
OBR,economy,obr.govconsumption,without,raw,6-12,12,12,1,0.25735489682292956,0.29661813673702825,0.3855967279044822,1.0275153665498904,0.8834129153169085,1.016876124399403
OBR,economy,obr.govconsumption,without,raw,<0,34,12,1,0.0836355788737457,0.21393576772283482,0.6958432108601467,0.8079525153156527,0.661085050829826,0.8003640119085146
OBR,economy,obr.govtinv,with,raw,0-6,15,14,1,0.5437227170916821,0.8605657494309634,0.5275044536775526,3.321463677033238,2.369594890251432,3.254578409012342
OBR,economy,obr.govtinv,with,raw,12-24,28,14,1,-0.9816848858889797,1.2236244571405315,0.42239315629655316,4.759175640431838,4.062537969753537,4.77540974678043
OBR,economy,obr.govtinv,with,raw,24-36,26,13,1,-1.72776287422444,1.3643751010789684,0.20539135348932414,4.74130040444079,3.726371237255222,4.959887236687388
OBR,economy,obr.govtinv,with,raw,36+,57,12,1,-2.45878018746246,1.2322678081785623,0.04600696529037287,4.430552178370305,3.6358528944470905,5.032992180513663
OBR,economy,obr.govtinv,with,raw,6-12,15,15,1,0.28923031516597203,1.4692114702985068,0.8439363799916938,5.690231556523029,4.643028068589093,5.50488937196787
OBR,economy,obr.govtinv,with,raw,<0,44,16,1,-0.02889121172789414,1.5761641561232342,0.985375532818674,6.307988208349429,4.610675613887829,6.235961473709839
OBR,economy,obr.govtinv,without,raw,0-6,12,11,1,-0.20406509518503346,0.8667413278962453,0.813867675489756,2.946776013536232,2.078275121264653,2.8286935790565915
OBR,economy,obr.govtinv,without,raw,12-24,23,11,1,-0.987261022693206,1.4889990441366752,0.5073070452790132,5.0607177415582045,4.319467490288714,5.046982520077481
OBR,economy,obr.govtinv,without,raw,24-36,21,10,1,-2.126362155801002,1.6298470334672939,0.19201576995588265,5.028994936792051,4.041627185738988,5.34863372788157
OBR,economy,obr.govtinv,without,raw,36+,42,9,1,-2.815802935458364,1.5302965176564325,0.0657627361366544,4.694672744830937,3.727623393507161,5.426226827748607
OBR,economy,obr.govtinv,without,raw,6-12,12,12,1,0.04874455875404804,1.5497148252958213,0.9749075648409362,5.368369629310176,4.347884750490706,5.140053741855851
OBR,economy,obr.govtinv,without,raw,<0,34,12,1,-0.8168685353814599,1.8219817138032923,0.6539073401426778,6.458271166631552,4.784513498729102,6.414810794919282
OBR,economy,obr.hhconsumption,with,raw,0-6,15,14,1,-0.8394439722779398,0.29595287725667835,0.0045623703900003545,1.1001153979307574,1.039823231882294,1.3543398682656527
OBR,economy,obr.hhconsumption,with,raw,12-24,28,14,1,0.2034670220426641,0.6739677373599889,0.7627326368574558,3.2828746514953964,1.8102255327290133,3.230133503456647
OBR,economy,obr.hhconsumption,with,raw,24-36,26,13,1,0.6249637968510504,1.169373188135024,0.5930347904957405,4.39608311391986,2.3014525375478367,4.355781931233737
OBR,economy,obr.hhconsumption,with,raw,36+,57,12,1,0.8875981165787593,1.7335037844138792,0.6086331732955228,5.353502429976002,3.131848294813233,5.380056865182565
OBR,economy,obr.hhconsumption,with,raw,6-12,15,15,1,-0.014841519938000758,1.0603065452501337,0.9888320665439079,4.106549591628488,2.1614211232911495,3.967331577939749
OBR,economy,obr.hhconsumption,with,raw,<0,44,16,1,-0.4293988698394468,0.22081941581858303,0.05182672103323041,0.9199087804293871,0.7306210108605028,1.005675397204082
OBR,economy,obr.hhconsumption,without,raw,0-6,12,11,1,-0.4150564993714391,0.2171974110853504,0.056009168408926176,0.7298623489581706,0.6655305738768817,0.8127603328954464
OBR,economy,obr.hhconsumption,without,raw,12-24,23,11,1,-0.3730109050884785,0.3103243352993578,0.22936221209722918,1.1568558094529047,1.0598227964959666,1.1913290371110723
OBR,economy,obr.hhconsumption,without,raw,24-36,21,10,1,-0.08904829133520945,0.31416512345666553,0.776836327701236,1.0143406201875391,0.839306002532431,0.9938922869020939
OBR,economy,obr.hhconsumption,without,raw,36+,42,9,1,0.35951924530933244,0.34213543703273175,0.2933459872891566,1.0081065634828723,0.8998014508946035,1.058931449985071
OBR,economy,obr.hhconsumption,without,raw,6-12,12,12,1,-0.6372029083531404,0.3066504985638235,0.03771441372421938,1.0622684873577382,0.9926228654580292,1.2001697202385821
OBR,economy,obr.hhconsumption,without,raw,<0,34,12,1,-0.3768280197521517,0.16089207212402062,0.01917471487338398,0.5971977198288444,0.5374504785347424,0.698680836138416
OBR,economy,obr.hhnetworthtoincome,with,raw,0-6,15,14,1,60.03174875501492,14.68332000087563,4.3429965472410726e-05,52.322145210333694,69.50735747080418,78.4787271348255
OBR,economy,obr.hhnetworthtoincome,with,raw,12-24,28,14,1,52.3466519683213,12.683319856964504,3.672001832622156e-05,53.34406711053352,60.796975690909434,74.05493414961467
OBR,economy,obr.hhnetworthtoincome,with,raw,24-36,26,13,1,52.06577622285192,17.2583174522817,0.0025541513112550098,66.1649947969455,67.17008618026586,83.18818675562008
OBR,economy,obr.hhnetworthtoincome,with,raw,36+,57,12,1,37.64197378197996,22.785316086813324,0.09852890012119798,84.29045749341466,78.85881272720962,91.635977517714
OBR,economy,obr.hhnetworthtoincome,with,raw,6-12,15,15,1,52.60820016176903,11.064602084510007,1.9880029592370046e-06,42.85301960571912,55.13647957774344,66.94459346579349
OBR,economy,obr.hhnetworthtoincome,with,raw,<0,45,16,1,52.1639657560438,9.787699517905242,9.846019044881867e-08,40.82744704680246,55.28044117977468,65.96148852452774
OBR,economy,obr.hhnetworthtoincome,without,raw,0-6,12,11,1,73.36701707283794,12.434682385106838,3.6307818000039377e-09,38.550680299135685,73.36701707283792,82.12811881281432
OBR,economy,obr.hhnetworthtoincome,without,raw,12-24,23,11,1,59.37347071185667,13.073135131501356,5.58183543762652e-06,49.97027450314885,63.35695859230877,76.90039602622913
OBR,economy,obr.hhnetworthtoincome,without,raw,24-36,21,10,1,59.019504859267606,19.9601976399391,0.003107894538615532,67.47300595549075,72.67354706657113,88.42577508415077
OBR,economy,obr.hhnetworthtoincome,without,raw,36+,42,9,1,31.859527546436663,31.040018808313764,0.3047022850452382,93.99417910377755,86.39515357563057,98.18136433726981
OBR,economy,obr.hhnetworthtoincome,without,raw,6-12,12,12,1,59.90283586543967,11.489621317985,1.8516313620066564e-07,39.801215764953,59.90283586543965,70.99630358729567
OBR,economy,obr.hhnetworthtoincome,without,raw,<0,35,12,1,57.65468579335526,11.54701841115406,5.943728190185016e-07,40.932753002865745,59.44934838172589,70.36818820886755
OBR,economy,obr.houseprices,with,raw,0-6,15,14,1,0.6196743596877122,0.18062269004264,0.0006018773898283017,0.6588230024194996,0.7034487141679249,0.8883172541404434
OBR,economy,obr.houseprices,with,raw,12-24,28,14,1,-2.052866072655346,0.8524694331026482,0.016034013925306477,3.6229243399143813,2.902023246522127,4.107440704760049
OBR,economy,obr.houseprices,with,raw,24-36,26,13,1,-0.9958171895903002,0.840512916482548,0.23610712591582228,3.459900637681693,2.4093992206680115,3.5358371836314824
OBR,economy,obr.houseprices,with,raw,36+,57,12,1,-0.12710809895646796,0.9682741935645142,0.8955594799192136,3.3577441484273525,2.8950387335533243,3.3305862758638862
OBR,economy,obr.houseprices,with,raw,6-12,15,15,1,-0.6121938700435448,0.35282945140386623,0.08272335084967321,1.3665025893386729,1.0905331138962822,1.4552051537189652
OBR,economy,obr.houseprices,with,raw,<0,46,16,1,0.7264713072314143,0.1640707427782228,9.520214406879e-06,0.6504158335185186,0.7357961926668565,0.9703632199014499
OBR,economy,obr.houseprices,without,raw,0-6,12,11,1,0.6340938169973976,0.20544993923444932,0.0020261888531561494,0.6569737645682341,0.7048042553300441,0.8931526290661113
OBR,economy,obr.houseprices,without,raw,12-24,23,11,1,-1.1327202527775686,0.7227529627519178,0.11706089951622003,2.5750146210117624,2.1664768122675633,2.761424297740938
OBR,economy,obr.houseprices,without,raw,24-36,21,10,1,-0.2717285073824725,0.744978924470144,0.7153005921692721,2.744426512088247,1.9956539713785357,2.6920350031445732
OBR,economy,obr.houseprices,without,raw,36+,42,9,1,0.6987511509755748,1.0014592251605978,0.48534418560357473,2.9475241706211595,2.6334731201435972,2.994878490951961
OBR,economy,obr.houseprices,without,raw,6-12,12,12,1,-0.38701224461333383,0.3541541685997264,0.27449083610989344,1.2268260274540805,0.9091578152705456,1.2367115282000276
OBR,economy,obr.houseprices,without,raw,<0,34,12,1,0.6917770375064975,0.2138174602105895,0.0012148829423808203,0.6936758185113082,0.7041432539176714,0.9724140461985656
OBR,economy,obr.imports,with,raw,0-6,15,14,1,-2.121721463452593,0.5363551024698658,7.627422846421372e-05,2.072781761902171,2.2070213257487565,2.9174814341799555
OBR,economy,obr.imports,with,raw,12-24,28,14,1,0.10474861848158731,0.7866341620938956,0.8940664287721554,4.657187844333812,2.6490425383618725,4.574467128670965
OBR,economy,obr.imports,with,raw,24-36,26,13,1,-0.029480178367667156,1.6727214983242802,0.9859387461850244,5.979796112970723,3.2801434908695906,5.863746619700665
OBR,economy,obr.imports,with,raw,36+,57,12,1,0.5997928298530198,2.204013235065145,0.7855169319883909,7.018797533682084,4.080963475389111,6.982764352144892
OBR,economy,obr.imports,with,raw,6-12,15,15,1,0.016411385143214746,1.2976039716250918,0.9899090616015145,5.025598572076581,3.247633910889618,4.85521722212748
OBR,economy,obr.imports,with,raw,<0,44,16,1,-1.1741097199303845,0.42032001787281437,0.005216184028729234,1.662784323626348,1.5017969428187656,2.0200365844556902
OBR,economy,obr.imports,without,raw,0-6,12,11,1,-1.6590917881051017,0.5182515642323186,0.001367970509652773,1.831235465809449,1.7657166159753057,2.4138262050790376
OBR,economy,obr.imports,without,raw,12-24,23,11,1,-0.7596497926932796,0.3444724449121799,0.027436162669027278,1.7959926967321682,1.4150101908120056,1.913743593305744
OBR,economy,obr.imports,without,raw,24-36,21,10,1,-0.24173701670817946,0.4661439696313755,0.6040475586153917,1.4792006319290896,1.1473694525558142,1.4636526825877838
OBR,economy,obr.imports,without,raw,36+,42,9,1,0.24420949139280945,0.4386689645002424,0.5777285554230894,1.374460644403521,1.162669546742121,1.3797828690672922
OBR,economy,obr.imports,without,raw,6-12,12,12,1,-1.38419984498534,0.43634894468888846,0.001512723950541225,1.5115570840604329,1.7606794167653697,2.002601714695064
OBR,economy,obr.imports,without,raw,<0,34,12,1,-0.7814025998012978,0.399229649738767,0.0503150311865559,1.355949733916798,1.1510356597262135,1.5476153406715945
OBR,economy,obr.inventories,with,raw,0-6,15,14,1,-0.21799476049636693,0.2908243038012726,0.453510436894622,1.1295465646342941,0.7229614167624024,1.1128067192924962
OBR,economy,obr.inventories,with,raw,12-24,28,14,1,-0.03922571834142927,0.16407214659955247,0.8110466239281321,0.6643416663740521,0.45197916547156786,0.6535487832048972
OBR,economy,obr.inventories,with,raw,24-36,26,13,1,-0.02154841667952833,0.12494955608259219,0.8630783199263311,0.4327906287620203,0.29527482121302656,0.42493284082048155
OBR,economy,obr.inventories,with,raw,36+,57,12,1,0.020115520600336306,0.13050531932794088,0.877502789313769,0.433339968216538,0.2898122944747962,0.4299926910568804
OBR,economy,obr.inventories,with,raw,6-12,15,15,1,0.1476850323290324,0.20049936386179892,0.4613741272958348,0.7765306971619282,0.5014406701399132,0.7645984550728778
OBR,economy,obr.inventories,with,raw,<0,44,16,1,0.005276222097485693,0.15606417119569388,0.9730302330238249,0.7115416722274678,0.48517347762437557,0.7034292883222908
OBR,economy,obr.inventories,without,raw,0-6,12,11,1,-0.40989088536616797,0.3313137347220882,0.2160245678489,1.1426317606123326,0.766304336207294,1.1682539392484965
OBR,economy,obr.inventories,without,raw,12-24,23,11,1,0.021974395286006813,0.1838627025983982,0.904867165688785,0.6333903308354946,0.46460112136584536,0.6198575905668913
OBR,economy,obr.inventories,without,raw,24-36,21,10,1,-0.015139585529565997,0.15595957155918744,0.9226678010393617,0.4811768368445816,0.34524738885445383,0.4698245019034484
OBR,economy,obr.inventories,without,raw,36+,42,9,1,0.04226261218563259,0.17801681537764036,0.8123403011004673,0.5013467009765572,0.36915634662820807,0.4971419862840474
OBR,economy,obr.inventories,without,raw,6-12,12,12,1,0.0388311137733484,0.14922759968959218,0.794698689438097,0.5169395691078464,0.3802535267243619,0.4964529151864932
OBR,economy,obr.inventories,without,raw,<0,34,12,1,-0.09403900403980654,0.1489914384636029,0.5279290337925762,0.49292527431870453,0.4031223518826462,0.4946436365945622
OBR,economy,obr.non_oilpnfcprofits,with,raw,0-6,15,14,1,-1.181233455744264,1.0430184069608521,0.2574181974088775,3.8411571524853834,3.0396650165090695,3.894376483561887
OBR,economy,obr.non_oilpnfcprofits,with,raw,12-24,28,14,1,-0.9580514502117957,1.0403511758379962,0.3571066274354433,4.378363179417954,3.2822162704682003,4.404915613789245
OBR,economy,obr.non_oilpnfcprofits,with,raw,24-36,26,13,1,0.4828949566886668,0.792232380507752,0.5421685488300538,3.2939087161473455,2.7295385132901067,3.265841520584204
OBR,economy,obr.non_oilpnfcprofits,with,raw,36+,57,12,1,0.8978235053890249,1.0519512789834793,0.3933909989108757,3.673781342432513,3.4039376617647603,3.750463001549552
OBR,economy,obr.non_oilpnfcprofits,with,raw,6-12,15,15,1,-2.2548005778007063,1.0430594618433198,0.0306399072065704,4.039751924823247,3.2656365357296115,4.507299437448399
OBR,economy,obr.non_oilpnfcprofits,with,raw,<0,47,16,1,-0.5504122615351944,0.7769544301329608,0.47868271485271396,3.3346583660704385,2.7335723134094483,3.344593468779871
OBR,economy,obr.non_oilpnfcprofits,without,raw,0-6,12,11,1,-0.7683864596409725,0.9687079946160503,0.42765693074525346,3.122552439186593,2.7553419824025043,3.0867820907120334
OBR,economy,obr.non_oilpnfcprofits,without,raw,12-24,23,11,1,-0.6414128657849268,1.19814017735693,0.5924144810423762,4.487722289994879,3.156544079692807,4.435698907861295
OBR,economy,obr.non_oilpnfcprofits,without,raw,24-36,21,10,1,0.49133233649123775,0.9443123110480816,0.6028495949942704,3.0755534894001535,2.4555515052943653,3.0413823774704967
OBR,economy,obr.non_oilpnfcprofits,without,raw,36+,42,9,1,1.5966978634600855,1.1181939439681945,0.15331324719444933,3.4333808783189834,3.292016717482219,3.749250481608481
OBR,economy,obr.non_oilpnfcprofits,without,raw,6-12,12,12,1,-1.5605206482532252,0.9995774615241623,0.118481214119876,3.462637898921146,2.5550430610840356,3.664141210581631
OBR,economy,obr.non_oilpnfcprofits,without,raw,<0,35,12,1,-0.8484537652331949,0.9229298367473768,0.35793620399559867,3.3803993507865577,2.735772250400423,3.4380932211993054
OBR,economy,obr.privatedwellingsinv,with,raw,0-6,15,14,1,-1.0078997373102514,1.1303473849560448,0.3725684697999968,4.429151891770029,3.5706237908809766,4.396068993485214
OBR,economy,obr.privatedwellingsinv,with,raw,12-24,28,14,1,-0.7261549985976745,1.855634726650319,0.6955575241204695,7.713289643243016,6.102637668233553,7.6090290176276625
OBR,economy,obr.privatedwellingsinv,with,raw,24-36,26,13,1,1.1355280199753792,2.115303758452659,0.5913950067010831,7.903808319743509,5.806935304673261,7.833065196944216
OBR,economy,obr.privatedwellingsinv,with,raw,36+,57,12,1,1.367163034082601,2.9588415708283744,0.6440381247660081,9.415508632550088,6.349063845523512,9.432160027546892
OBR,economy,obr.privatedwellingsinv,with,raw,6-12,15,15,1,-2.2406844081372728,1.8792680480249322,0.2331367278023987,7.278373853060281,6.060344865723607,7.379955566631388
OBR,economy,obr.privatedwellingsinv,with,raw,<0,42,16,1,0.11623496952294676,1.2004230858016316,0.9228627210327376,4.711286434525321,3.8119703764595863,4.656312812822003
OBR,economy,obr.privatedwellingsinv,without,raw,0-6,12,11,1,-0.6278484814886517,1.287973539919151,0.6259252866950242,4.483518948856413,3.5164033133620856,4.338314653572197
OBR,economy,obr.privatedwellingsinv,without,raw,12-24,23,11,1,0.129378859277075,1.5526286919670793,0.9335900119679208,5.690776429112297,4.723839778854111,5.567192698640549
OBR,economy,obr.privatedwellingsinv,without,raw,24-36,21,10,1,1.1391854005776267,1.4201905083974764,0.4224745096632563,4.323366606497473,3.773150724912987,4.370259811379982
OBR,economy,obr.privatedwellingsinv,without,raw,36+,42,9,1,1.6137120960743367,0.8712614645223671,0.06400343372049389,3.0504903608927467,2.6265005014966043,3.4187715411929713
OBR,economy,obr.privatedwellingsinv,without,raw,6-12,12,12,1,-2.2898181845810255,1.5200060633018653,0.13195084104689292,5.265455458903171,4.57961167157231,5.5369549461465475
OBR,economy,obr.privatedwellingsinv,without,raw,<0,32,12,1,0.3207478532028696,1.4709254876816666,0.8273835062254817,4.829966633920726,3.7907985651221656,4.764707631898535
OBR,economy,obr.prod,with,raw,0-6,15,14,1,-0.14804120703683385,0.2058417736761034,0.4720182877787885,0.7744881625210024,0.5633274723194729,0.762731485260095
OBR,economy,obr.prod,with,raw,12-24,28,14,1,0.8355690548017198,0.21950243497644228,0.00014086158441891449,0.9167309060308301,1.0258336723980253,1.2282333135374564
OBR,economy,obr.prod,with,raw,24-36,26,13,1,1.209302203551247,0.26307023476073504,4.288652091076027e-06,0.9604730760879171,1.305689432079822,1.5327880649653545
OBR,economy,obr.prod,with,raw,36+,57,12,1,1.3347179540048066,0.22265716487789167,2.041148399055798e-09,0.7730762279672767,1.3595712952416954,1.5390366592320732
OBR,economy,obr.prod,with,raw,6-12,15,15,1,0.23834185201016533,0.25927146537266627,0.357951598074603,1.0041540675351293,0.7565399589969679,0.9989547222024083
OBR,economy,obr.prod,with,raw,<0,45,16,1,-0.21255037175748098,0.1244474274428846,0.08764504180174808,0.49562699947808325,0.41776934324749865,0.5341956387141213
OBR,economy,obr.prod,without,raw,0-6,12,11,1,-0.0282205251682109,0.23625446411281012,0.9049190871846404,0.8009557343602235,0.5473283567715096,0.7673758178004552
OBR,economy,obr.prod,without,raw,12-24,23,11,1,1.0920257552109587,0.1952204609177113,2.2214274284980438e-08,0.7769330946417996,1.17402973877134,1.330376156174514
OBR,economy,obr.prod,without,raw,24-36,21,10,1,1.5540231628964682,0.22879535641074572,1.1043849829667014e-11,0.6897357471595826,1.5540231628964687,1.6935375180427925
OBR,economy,obr.prod,without,raw,36+,42,9,1,1.6617320262572588,0.18996668615280082,2.181472485271563e-18,0.5407406212505168,1.6617320262572588,1.745506182117427
OBR,economy,obr.prod,without,raw,6-12,12,12,1,0.584227605280171,0.19448955267037818,0.0026654094416906217,0.6737315735328762,0.6593746584787459,0.8702930206824392
OBR,economy,obr.prod,without,raw,<0,35,12,1,-0.16336394093226278,0.15357769425316026,0.28745474708982954,0.5317849498297013,0.42721690427657116,0.5490019547015695
OBR,economy,obr.rhhdi,with,raw,0-6,15,14,1,-0.7963233754836632,0.30929878049620796,0.010035350611428951,1.0372586054113742,1.0342890882425912,1.2799645718567034
OBR,economy,obr.rhhdi,with,raw,12-24,28,14,1,-0.7156313345752523,0.6363413802673511,0.2607573623238255,2.416584593595649,2.155955153117866,2.4785968052424825
OBR,economy,obr.rhhdi,with,raw,24-36,26,13,1,-0.34158915561626785,0.5867859880143391,0.5604751840111188,2.059419879148692,1.5761733174371697,2.0481137466339128
OBR,economy,obr.rhhdi,with,raw,36+,57,12,1,0.059790931348397205,0.6279552618306355,0.9241438394310443,2.0346632909230027,1.5401370559412673,2.0176225199343474
OBR,economy,obr.rhhdi,with,raw,6-12,15,15,1,-0.9637530637163175,0.4305208994692141,0.025183621556126107,1.6674002738385034,1.6881270059493199,1.8771508719704775
OBR,economy,obr.rhhdi,with,raw,<0,47,16,1,-0.5632793125825752,0.26167498128584316,0.03135080553960688,1.106246966794551,0.9725953941899009,1.2308647420218055
OBR,economy,obr.rhhdi,without,raw,0-6,12,11,1,-0.8557481178508508,0.38059678553025206,0.024548300733032238,1.1445005871470304,1.1532052587995105,1.3903343611113284
OBR,economy,obr.rhhdi,without,raw,12-24,23,11,1,-1.093821155938163,0.693869861405845,0.11493208621196054,2.307537240570143,2.179114182123605,2.5079200385343507
OBR,economy,obr.rhhdi,without,raw,24-36,21,10,1,-0.8848359152126078,0.5823880818357794,0.12868108025747685,1.7716005349429953,1.4843875647059621,1.9421759476233396
OBR,economy,obr.rhhdi,without,raw,36+,42,9,1,-0.5433661191590591,0.6797997966436407,0.42411465252796965,1.839666569031206,1.4128240158261451,1.8971134686961617
OBR,economy,obr.rhhdi,without,raw,6-12,12,12,1,-1.2457168740609768,0.4561550860563647,0.006316039428466367,1.5801675703611535,1.7582537227750146,1.9597608574023089
OBR,economy,obr.rhhdi,without,raw,<0,35,12,1,-0.7659737815671619,0.3249359279666149,0.018408014666524697,1.1588541528498184,1.1363943441784579,1.375241427213186
OBR,economy,obr.rpi,with,raw,0-6,16,15,1,0.008965805505894452,0.042310475536222365,0.8321810725303853,0.16948138248461248,0.10834019664018477,0.16434438989271605
OBR,economy,obr.rpi,with,raw,12-24,30,15,1,-0.7967620245118608,0.586084914891646,0.17399923431469488,2.4321334419992438,1.5240016789443909,2.520501345778711
OBR,economy,obr.rpi,with,raw,24-36,28,14,1,-1.1371613205800453,0.8569200152869879,0.18449769643465308,3.1680859981380443,2.014711431389344,3.312317727631044
OBR,economy,obr.rpi,with,raw,36+,62,13,1,-0.5594169236390568,0.8380466091524723,0.5044369522987227,3.0658480057037534,2.0121219668043797,3.0920491062924214
OBR,economy,obr.rpi,with,raw,6-12,16,16,1,-0.20242127034975707,0.16523788354882898,0.22056413206397973,0.6609515341953153,0.4365055823616927,0.6712136344603364
OBR,economy,obr.rpi,with,raw,<0,44,17,1,0.00010662628177380521,0.001984106648839413,0.9571421566449009,0.007505813488249389,0.003258226545100652,0.007420796018914857
OBR,economy,obr.rpi,without,raw,0-6,13,12,1,0.046205993683767634,0.034865220653403556,0.1850800681623087,0.12388458065116657,0.09013923720472249,0.1276785603221988
OBR,economy,obr.rpi,without,raw,12-24,25,12,1,-0.20105606706787185,0.2824033723405926,0.4764979617847671,1.35786284679213,0.972383444783424,1.3455346121060174
OBR,economy,obr.rpi,without,raw,24-36,23,11,1,-0.6614648888215791,0.692514200949329,0.3394945821263151,2.317111104802595,1.4717991460938529,2.3607424086898483
OBR,economy,obr.rpi,without,raw,36+,47,10,1,-0.11366178117418634,0.7791347296448615,0.8840144922951607,2.462307149946913,1.616534808876425,2.4386218293734743
OBR,economy,obr.rpi,without,raw,6-12,13,13,1,-0.04675946524919473,0.09132297272610841,0.6086348913510262,0.32926966079178305,0.2332389264000461,0.31978910513148034
OBR,economy,obr.rpi,without,raw,<0,35,13,1,-0.0005308406186318795,0.0024163824847247355,0.82611725068175,0.008103423162175868,0.003431171140978303,0.008004442673243468
OBR,economy,obr.savingratio,with,raw,0-6,15,14,1,-1.5220577738409693,0.8370047723863001,0.06899420618785283,3.025204873972675,2.6025432913908593,3.295208657194648
OBR,economy,obr.savingratio,with,raw,12-24,28,14,1,-2.6623137976011453,0.6032357567293598,1.017651042898475e-05,2.848540889615191,2.852572652943853,3.8616457149954226
OBR,economy,obr.savingratio,with,raw,24-36,26,13,1,-3.0690795072005037,1.0476778996763614,0.0033960469276222587,3.76731021903714,3.5699727424919416,4.802708097125285
OBR,economy,obr.savingratio,with,raw,36+,57,12,1,-3.498018158861369,1.1644640487273108,0.0026647927539498687,3.755911628842888,3.783696555951345,5.108376867271389
OBR,economy,obr.savingratio,with,raw,6-12,15,15,1,-2.6359514148411023,0.7523386517791713,0.00045888207741399717,2.9137950690488705,2.84900707056331,3.856478720135173
OBR,economy,obr.savingratio,with,raw,<0,47,16,1,-1.753156210169873,0.5348652099702165,0.0010463679973844841,2.374661600297337,2.315366064118703,2.9313128991707864
OBR,economy,obr.savingratio,without,raw,0-6,12,11,1,-2.285669159051309,0.8674333201850882,0.00841423239958128,2.84473161238868,2.870082172488478,3.555616208519257
OBR,economy,obr.savingratio,without,raw,12-24,23,11,1,-2.485625795807917,0.5252688534670934,2.2220669006577533e-06,1.9296928642920022,2.6008334846799257,3.1209212605663086
OBR,economy,obr.savingratio,without,raw,24-36,21,10,1,-2.3953467530540435,0.7349451680564927,0.0011171966107531466,2.3482718741076867,2.716476768690499,3.315038054146317
OBR,economy,obr.savingratio,without,raw,36+,42,9,1,-2.1120406970620262,0.6755745979928391,0.0017702814609060794,2.1780249175851756,2.499747093112709,3.0152215517604963
OBR,economy,obr.savingratio,without,raw,6-12,12,12,1,-2.46303511952659,0.5753836428639247,1.8632039641049822e-05,1.993187406568766,2.5129679908657194,3.115809959103784
OBR,economy,obr.savingratio,without,raw,<0,35,12,1,-1.7647355867155528,0.6188994415297555,0.004352590997232657,2.2606110535149226,2.2286376766221117,2.8422954937616427
OBR,economy,obr.shorttermrates,with,raw,0-6,29,15,1,0.09970866926721743,0.032319579541203514,0.002034935811524613,0.12432100435308677,0.11260548978622445,0.1576850508448371
OBR,economy,obr.shorttermrates,with,raw,12-24,29,14,1,0.12707214087665952,0.16541587653060041,0.4423695782070798,0.614933943854915,0.457349844952057,0.6174557833997794
OBR,economy,obr.shorttermrates,with,raw,24-36,27,13,1,0.08424190341380844,0.43831091925676163,0.8475881465351299,1.5334372307590896,1.1358413477565106,1.50712854414393
OBR,economy,obr.shorttermrates,with,raw,36+,69,12,1,0.5584672211072633,0.5970764221675614,0.34961503982673203,2.2371400228678753,1.9015436146053253,2.290010447817798
OBR,economy,obr.shorttermrates,with,raw,6-12,2,2,1,0.38342875000000004,,,0.33849307681417207,0.38342875000000004,0.4520026414216238
OBR,economy,obr.shorttermrates,with,raw,<0,34,16,1,0.11225163351000667,0.03599297720018883,0.0018164506569064295,0.13661988360030017,0.11225163351000675,0.17526109508440377
OBR,economy,obr.shorttermrates,without,raw,0-6,23,12,1,0.11747517437485822,0.038291904810821197,0.002155792993755347,0.12886361369923743,0.12734240946100664,0.17229119211571606
OBR,economy,obr.shorttermrates,without,raw,12-24,24,11,1,0.2501894330815569,0.14171464811576034,0.07748898698265619,0.46624774014345266,0.39562989929057535,0.520503523345434
OBR,economy,obr.shorttermrates,without,raw,24-36,22,10,1,0.1742349417829118,0.4793552734976102,0.7162480846749596,1.4956248353081116,1.049688887729251,1.4715890998947179
OBR,economy,obr.shorttermrates,without,raw,36+,51,9,1,0.5272995524104052,0.7949507926221122,0.5071314355217899,2.5313604769698097,2.164224552975593,2.5612863608451617
OBR,economy,obr.shorttermrates,without,raw,6-12,2,2,1,0.38342875000000004,,,0.33849307681417207,0.38342875000000004,0.4520026414216238
OBR,economy,obr.shorttermrates,without,raw,<0,25,12,1,0.11090445882690671,0.0378410092105491,0.0033808953571926974,0.12886649235483547,0.11090445882690689,0.16805388696919318
OBR,economy,obr.ukexportmarkets,with,raw,0-6,15,14,1,-0.6586188157362222,0.2854044592904742,0.021017593997724664,1.0882120345887811,0.9856727014259723,1.2405793597552375
OBR,economy,obr.ukexportmarkets,with,raw,12-24,27,14,1,0.6376261881839701,0.7231166947487102,0.37789851997584234,3.1220749124312657,2.0949341669930273,3.1293618976695234
OBR,economy,obr.ukexportmarkets,with,raw,24-36,25,13,1,2.0443814658259134,1.0941538148104764,0.061698129646451175,3.986099300201932,3.2458361728412273,4.408278995667134
OBR,economy,obr.ukexportmarkets,with,raw,36+,57,12,1,1.997652488415488,1.4839663815718764,0.17825172500749142,4.658120777875849,3.687009103587602,5.030709335123706
OBR,economy,obr.ukexportmarkets,with,raw,6-12,14,14,1,0.33198666845228486,0.9705090143248072,0.7322946080305854,3.6313122223791114,2.2598593778303355,3.5149332650200145
OBR,economy,obr.ukexportmarkets,with,raw,<0,45,16,1,-0.30850979718681315,0.12371216758933504,0.012639411295689601,0.6191925074012973,0.5388269126883989,0.6856075191953651
OBR,economy,obr.ukexportmarkets,without,raw,0-6,12,11,1,-0.3122413783660602,0.257703868946391,0.2256545809818602,0.9002362595888141,0.7210587354782478,0.9167249084935591
OBR,economy,obr.ukexportmarkets,without,raw,12-24,22,11,1,0.7936110101507388,0.48987016195707145,0.10522291605929769,1.6356851608829255,1.5119343408890387,1.7842848126159054
OBR,economy,obr.ukexportmarkets,without,raw,24-36,20,10,1,1.9945277177581795,0.5729943795732616,0.000499759438251256,1.6139684575135553,2.224835600617975,2.5402342981823356
OBR,economy,obr.ukexportmarkets,without,raw,36+,42,9,1,2.080058159214579,0.37765922596926965,3.634186825484394e-08,1.137554685404669,2.0849666748621005,2.3642889743297677
OBR,economy,obr.ukexportmarkets,without,raw,6-12,12,12,1,-0.17583723283025707,0.7386282176619834,0.8118351890285762,2.5586832017891967,1.5973672611154213,2.4560551328586047
OBR,economy,obr.ukexportmarkets,without,raw,<0,35,12,1,-0.3078109828804072,0.13901431517196172,0.026812310365527357,0.5734430363227011,0.5199919351890849,0.643575307663614
OBR,economy,obr.ukgdp,with,raw,0-6,15,14,1,-0.5258820252803356,0.21166458161802013,0.01297311459036313,0.7618797031195848,0.6437539562617467,0.9046077645791175
OBR,economy,obr.ukgdp,with,raw,12-24,28,14,1,0.13494422647970802,0.5948758391744495,0.8205447717343023,2.7851289559303276,1.4167859902428597,2.7382694454882577
OBR,economy,obr.ukgdp,with,raw,24-36,26,13,1,0.7847145893179471,0.9492400580983011,0.4084203606354133,3.5915602790429566,1.8711799528037953,3.608178917424845
OBR,economy,obr.ukgdp,with,raw,36+,57,12,1,0.8369946625633197,1.4679513259321713,0.5685564624845761,4.536637632077209,2.670577139028389,4.5739009033169395
OBR,economy,obr.ukgdp,with,raw,6-12,15,15,1,0.06648879394003088,0.8473715221538374,0.9374583698289534,3.2818557933522405,1.5752367205140785,3.171270993075482
OBR,economy,obr.ukgdp,with,raw,<0,44,16,1,-0.3947290375532585,0.12372303220936573,0.0014206377834659939,0.4959176134698287,0.43752860256497444,0.6294091491212758
OBR,economy,obr.ukgdp,without,raw,0-6,12,11,1,-0.30211138463891724,0.19699787597142204,0.12513378394796254,0.6359898944315725,0.44945129836568115,0.6797407636218896
OBR,economy,obr.ukgdp,without,raw,12-24,23,11,1,-0.03601739805143052,0.1956908477254501,0.8539722360347545,0.8889309332421373,0.6705442128611993,0.8701373531700092
OBR,economy,obr.ukgdp,without,raw,24-36,21,10,1,0.3220787590301602,0.24805325088964095,0.19414103293169593,0.7786967119136995,0.6550819721689093,0.8253657385636963
OBR,economy,obr.ukgdp,without,raw,36+,42,9,1,0.5768503911535212,0.19562312110293334,0.00319026540241396,0.6025670869391382,0.7366982418699621,0.8289743887603043
OBR,economy,obr.ukgdp,without,raw,6-12,12,12,1,-0.3531440891508214,0.17157827702194847,0.039569999447100365,0.5943645865542846,0.5545035310888488,0.6697319645247555
OBR,economy,obr.ukgdp,without,raw,<0,34,12,1,-0.3482784061556561,0.14532017931271907,0.016546714461846673,0.49705368565131736,0.38432191410621414,0.6009107042024399
OBR,economy,obr.unemplrate,with,raw,0-6,15,14,1,0.022571604319356037,0.034131878117710915,0.5084163099122441,0.13175117401390343,0.08890552415045322,0.1292695802782773
OBR,economy,obr.unemplrate,with,raw,12-24,28,14,1,0.5315655692005783,0.13089636705609328,4.887029186556437e-05,0.7099739985523766,0.6399009097704574,0.8767113436999157
OBR,economy,obr.unemplrate,with,raw,24-36,26,13,1,0.7708774810758557,0.21306171051255618,0.0002967796192895421,0.9139124483215394,0.9320967205147652,1.182101346714385
OBR,economy,obr.unemplrate,with,raw,36+,57,12,1,0.959110161460237,0.19915353466785266,1.4651338044812532e-06,0.8303964907478624,1.0319731383247819,1.2638643594424406
OBR,economy,obr.unemplrate,with,raw,6-12,15,15,1,0.2571760280500899,0.1079250570343653,0.017176250223565982,0.4179919485325823,0.3692035556546973,0.4787577263144842
OBR,economy,obr.unemplrate,with,raw,<0,45,16,1,-0.006534268388884772,0.008045902511171606,0.41672063584286545,0.03937030976869435,0.026279929676752724,0.039474967220719304
OBR,economy,obr.unemplrate,without,raw,0-6,12,11,1,0.029216026637643114,0.018909142670757478,0.12232834035046145,0.06586223208628722,0.051202361347134406,0.06949765242987542
OBR,economy,obr.unemplrate,without,raw,12-24,23,11,1,0.467696927431028,0.1197999515542645,9.462258318877971e-05,0.49200627579306655,0.4961023143905236,0.6710333830090315
OBR,economy,obr.unemplrate,without,raw,24-36,21,10,1,0.8842916780025853,0.21848861977213646,5.180909746804675e-05,0.765147662031837,0.9580539254283066,1.1573867547550907
OBR,economy,obr.unemplrate,without,raw,36+,42,9,1,1.1485396266120111,0.2234057074177746,2.7320918828818095e-07,0.8575671397893647,1.2145191197472176,1.4272542309725962
OBR,economy,obr.unemplrate,without,raw,6-12,12,12,1,0.2772089546618264,0.07238287962415188,0.00012826903376347075,0.25074165021434613,0.289801640078493,0.36671091943686585
OBR,economy,obr.unemplrate,without,raw,<0,35,12,1,0.0045207186863718074,0.007244413412858869,0.532609026928003,0.02701865040441293,0.018072481112315575,0.027010868383684748
OBR,economy,obr.wages_salaries,with,raw,0-6,15,14,1,0.028821749709158753,0.32437206137024077,0.9291979548781495,1.1956738707432537,0.9633438576012738,1.1554902126035407
OBR,economy,obr.wages_salaries,with,raw,12-24,28,14,1,-1.0620171069704654,0.5300394569557764,0.04510684804875365,2.117592943322184,1.7217846919600852,2.3349368757248734
OBR,economy,obr.wages_salaries,with,raw,24-36,26,13,1,-0.6442618849717137,0.6472158410232057,0.31952430417883937,2.3439767588973157,1.8304056379750153,2.38704503472856
OBR,economy,obr.wages_salaries,with,raw,36+,57,12,1,0.00850312961884847,0.7659572350541821,0.9911426171324932,2.5597631512181285,2.054665367947706,2.537223980811464
OBR,economy,obr.wages_salaries,with,raw,6-12,15,15,1,-0.6287202374839407,0.496338588237634,0.20525670814538433,1.9223110863244566,1.3920001288941433,1.9606675025240887
OBR,economy,obr.wages_salaries,with,raw,<0,44,16,1,0.2603011246185479,0.22238344759181855,0.24179746446816797,0.9063604348124921,0.7306171172261885,0.9330464636454706
OBR,economy,obr.wages_salaries,without,raw,0-6,12,11,1,-0.01060121824916968,0.35192506704660137,0.9759685510302334,1.1315695787996423,0.8976166229559933,1.0834472552249292
OBR,economy,obr.wages_salaries,without,raw,12-24,23,11,1,-0.7387596172143205,0.45927102746354365,0.10771515309290501,1.5438514659395057,1.2286004428456108,1.6809561775842792
OBR,economy,obr.wages_salaries,without,raw,24-36,21,10,1,-0.5403586113620129,0.5830976228087086,0.35408049673351305,1.889389493313142,1.3938921513128841,1.9214031226607062
OBR,economy,obr.wages_salaries,without,raw,36+,42,9,1,0.1594046695401004,0.6191089770941927,0.7968126285858265,1.8630686723794279,1.441908261000316,1.8476447919436798
OBR,economy,obr.wages_salaries,without,raw,6-12,12,12,1,-0.6196894555904995,0.31354956515266025,0.04811306667457055,1.0861675550710705,0.9233684281334252,1.2105625342177473
OBR,economy,obr.wages_salaries,without,raw,<0,34,12,1,0.11127155101761808,0.24255029776663797,0.646408960717351,0.8508183343921865,0.6676851663288831,0.8455662361920209
OBR,economy,obr.worldgdp,with,raw,0-6,15,14,1,-0.4470780075115923,0.09914924678314797,6.50904111747208e-06,0.3763060941542118,0.4473578534943142,0.5762331150367537
OBR,economy,obr.worldgdp,with,raw,12-24,28,14,1,0.2638723512298748,0.3117140547935291,0.39726241816435437,1.4578800754431749,0.769803659725907,1.455725000827075
OBR,economy,obr.worldgdp,with,raw,24-36,26,13,1,0.8550304507288498,0.49942008807562915,0.08688808585819659,1.8473324301719252,1.1273788117476689,2.003112304857271
OBR,economy,obr.worldgdp,with,raw,36+,57,12,1,0.97935226821487,0.7335266763043466,0.18183433896445766,2.2565475583916483,1.5183310510703965,2.4416806290848583
OBR,economy,obr.worldgdp,with,raw,6-12,15,15,1,0.19393165816876257,0.4196755433986239,0.6440103114942852,1.625396390393418,0.731342477196221,1.5822121704174534
OBR,economy,obr.worldgdp,with,raw,<0,47,16,1,-0.2659453225279882,0.0528491610031834,4.849895674679326e-07,0.23126019836306433,0.26674680149040025,0.3508137602216691
OBR,economy,obr.worldgdp,without,raw,0-6,12,11,1,-0.30863156743189635,0.05235755122909377,3.753839745243103e-09,0.18024339392880412,0.30898137491029853,0.3536012142454576
OBR,economy,obr.worldgdp,without,raw,12-24,23,11,1,0.1725313336986139,0.10454514499757969,0.09888065192640055,0.44525617681003216,0.3889966633859885,0.4684019915676584
OBR,economy,obr.worldgdp,without,raw,24-36,21,10,1,0.5755576373063902,0.13291829819811893,1.4900033098632936e-05,0.42626166430379114,0.5974421214349697,0.7101501719186135
OBR,economy,obr.worldgdp,without,raw,36+,42,9,1,0.7491976101597196,0.1542918724900151,1.1995214032304605e-06,0.46768350207541554,0.7491976101597199,0.8802369630031454
OBR,economy,obr.worldgdp,without,raw,6-12,12,12,1,-0.14963161583933013,0.14119105479305877,0.28924418264622676,0.48910016095163794,0.3268156831895575,0.4916031671460534
OBR,economy,obr.worldgdp,without,raw,<0,36,12,1,-0.19864464389859549,0.027399389071439326,4.168757361385928e-13,0.12350544616349349,0.19969101921063337,0.23300124206316053
OBR,economy,obr.worldtrade,with,raw,0-6,15,14,1,-0.6319097946369336,0.30711743726324403,0.039633253061400066,1.0947797832503023,0.8360797908064697,1.2320510990961775
OBR,economy,obr.worldtrade,with,raw,12-24,27,14,1,1.0595102868266535,0.7619691265726095,0.16438019914291346,3.1944542968987824,2.339037240401158,3.308950655656747
OBR,economy,obr.worldtrade,with,raw,24-36,25,13,1,2.293940122620404,1.0454742398487735,0.028223746535325382,3.819832169338692,3.289314192068519,4.38971916823911
OBR,economy,obr.worldtrade,with,raw,36+,57,12,1,2.444111498408937,1.4722688414420444,0.09689461088683722,4.635442094535629,3.985928235518852,5.204232300952354
OBR,economy,obr.worldtrade,with,raw,6-12,14,14,1,0.5097504328767184,0.9683051610367641,0.5985854969282742,3.623066158444539,2.37164558732596,3.528291230524152
OBR,economy,obr.worldtrade,with,raw,<0,44,16,1,-0.4817505627687734,0.1317315627487474,0.0002551221561254273,0.6775832464166869,0.6624332273249197,0.8250867448678311
OBR,economy,obr.worldtrade,without,raw,0-6,12,11,1,-0.45085501317164106,0.3169401705834224,0.1548741765654132,1.005440204296715,0.706067508383561,1.0629852994986349
OBR,economy,obr.worldtrade,without,raw,12-24,22,11,1,1.1418676626375026,0.5386424599740945,0.034014555871273104,1.7964947308734773,1.779566734927775,2.093932993378279
OBR,economy,obr.worldtrade,without,raw,24-36,20,10,1,2.168734265240168,0.6208232013586645,0.0004770540143199447,1.7309343964689201,2.47533877189395,2.747678202385076
OBR,economy,obr.worldtrade,without,raw,36+,42,9,1,2.637010135987634,0.5902378531833442,7.906227564061067e-06,1.6861621160547322,2.6729917199240787,3.1191779791393497
OBR,economy,obr.worldtrade,without,raw,6-12,12,12,1,0.05715519386331801,0.741806753380533,0.938584858995527,2.569693972505598,1.7075532632037926,2.460958465548776
OBR,economy,obr.worldtrade,without,raw,<0,34,12,1,-0.40146424308860046,0.11257136385985668,0.0003620447649270543,0.456279747219895,0.5118301586493467,0.6026951761764567
OBR,income_taxes,pooled_levels,with,raw,0-6,116,60,4,-0.006275530993863758,0.0036502946942327747,0.08558073560953404,0.0381544494435476,0.01985586835137114,0.03850447544214829
OBR,income_taxes,pooled_levels,with,raw,12-24,116,56,4,0.003301067782637373,0.008971120251162415,0.7128985407638996,0.06899815172864354,0.04699594848792753,0.06877936526169995
OBR,income_taxes,pooled_levels,with,raw,24-36,108,52,4,0.004534955978947984,0.015557811814076684,0.770676128161029,0.10766388340803101,0.07256757562296118,0.10726019207214813
OBR,income_taxes,pooled_levels,with,raw,36+,276,48,4,0.021265110924606808,0.01702524182784449,0.2116525305339143,0.13181303321039997,0.10237786795928869,0.1332813900855018
OBR,income_taxes,pooled_levels,with,raw,6-12,8,8,4,-0.0004828061645157783,0.0075668515687885365,0.9491251601947617,0.021402288226089767,0.016778458270953887,0.020025828333455706
OBR,income_taxes,pooled_levels,with,raw,<0,136,68,4,-0.00015431064757799172,0.0006673743189748824,0.8171434770063861,0.006389348319544835,0.0033731000004857343,0.006367684738638337
OBR,income_taxes,pooled_levels,with,policy_adjusted,0-6,58,30,2,-0.005869415548524542,0.0020284777787955253,0.0038096526295119397,0.013774458220029925,0.011522537923037047,0.01486319053827396
OBR,income_taxes,pooled_levels,with,policy_adjusted,12-24,58,28,2,-0.01058815175771248,0.007331546239192655,0.1486853071184579,0.03994691885882776,0.030258698716064306,0.04099209977360589
OBR,income_taxes,pooled_levels,with,policy_adjusted,24-36,54,26,2,-0.011642889279439187,0.013603440892405071,0.39206512288377415,0.06772959364436976,0.052136518730271524,0.06810216417796623
OBR,income_taxes,pooled_levels,with,policy_adjusted,36+,138,24,2,0.009797159767465365,0.018792053919883273,0.6021258498104209,0.10036319030377994,0.08075237713538343,0.10047767523553526
OBR,income_taxes,pooled_levels,with,policy_adjusted,6-12,4,4,2,0.001504389197532252,,,0.014557991566361648,0.011542756199392691,0.012697028222869491
OBR,income_taxes,pooled_levels,with,policy_adjusted,<0,68,34,2,0.0003322317798933302,0.0006585335673906109,0.6139083604348701,0.004631278235113203,0.0024988057519936472,0.004609088134069316
OBR,income_taxes,pooled_levels,without,raw,0-6,92,48,4,0.000693223055385683,0.0031885347630459405,0.8278879313887502,0.030039920543141543,0.01642083575611898,0.029884255441419517
OBR,income_taxes,pooled_levels,without,raw,12-24,96,44,4,0.015754000337687202,0.008726022593097484,0.0710114096392788,0.05953709929271111,0.039736067214499196,0.06128565176826745
OBR,income_taxes,pooled_levels,without,raw,24-36,88,40,4,0.0223731059866934,0.015014228729168478,0.13619087459588097,0.09154683309943351,0.06264055040392268,0.09373442217775996
OBR,income_taxes,pooled_levels,without,raw,36+,204,36,4,0.03962707602084084,0.020439933267315885,0.052536821268399196,0.1375964821586293,0.10799182001631757,0.1428645836201128
OBR,income_taxes,pooled_levels,without,raw,6-12,8,8,4,-0.0004828061645157783,0.0075668515687885365,0.9491251601947617,0.021402288226089767,0.016778458270953887,0.020025828333455706
OBR,income_taxes,pooled_levels,without,raw,<0,96,48,4,-0.00020115627623711686,0.0007821841659428234,0.7970455934591122,0.0054353007850666876,0.0024897793497597256,0.00541065838439414
OBR,income_taxes,pooled_levels,without,policy_adjusted,0-6,46,24,2,-0.0024437295654210554,0.001978429088458216,0.21676097747302736,0.011162001416924167,0.009553629019971028,0.011307236867045514
OBR,income_taxes,pooled_levels,without,policy_adjusted,12-24,48,22,2,-0.0023570371606655522,0.005624757020827876,0.6751818348675708,0.02656866700789753,0.020956703442457692,0.026395900521980487
OBR,income_taxes,pooled_levels,without,policy_adjusted,24-36,44,20,2,-0.0032535558327575435,0.012617400828178924,0.7965129467524531,0.05594013211275961,0.04474299896286732,0.05539642216429302
OBR,income_taxes,pooled_levels,without,policy_adjusted,36+,102,18,2,0.020293726945274693,0.02280816268770979,0.3735962733726409,0.10469225847193196,0.0849946334075742,0.1061359918171452
OBR,income_taxes,pooled_levels,without,policy_adjusted,6-12,4,4,2,0.001504389197532252,,,0.014557991566361648,0.011542756199392691,0.012697028222869491
OBR,income_taxes,pooled_levels,without,policy_adjusted,<0,48,24,2,0.0009707376144740314,0.00045228217874856595,0.03184828049783559,0.002347223662280043,0.0011951649484588233,0.002517341860522606
OBR,other_receipts,pooled_levels,with,raw,0-6,86,45,3,0.027859408342883692,0.023674657165322004,0.2392909955020367,0.16036338966649732,0.07063042917411437,0.16184416973389723
OBR,other_receipts,pooled_levels,with,raw,12-24,84,42,3,0.052319401983223615,0.03998179209095066,0.1906764178074115,0.26370816767399025,0.12222637109959718,0.2673040153025757
OBR,other_receipts,pooled_levels,with,raw,24-36,78,39,3,0.02886920107735008,0.06869629467954079,0.6743072633885725,0.43485704653044915,0.20451244243216746,0.4330239189335603
OBR,other_receipts,pooled_levels,with,raw,36+,198,36,3,-0.09698833630727816,0.09729523719880846,0.31883942448360225,0.635173292679335,0.35031815992892906,0.6409479288821769
OBR,other_receipts,pooled_levels,with,raw,6-12,4,4,3,-0.13831509808714978,,,0.2524096157188978,0.13831509808714978,0.2586774573467489
OBR,other_receipts,pooled_levels,with,raw,<0,86,43,3,0.013096192818861974,0.006849137681105556,0.05586418036503636,0.054189391298747884,0.017731542000336713,0.05544235891099567
OBR,other_receipts,pooled_levels,with,policy_adjusted,0-6,86,45,3,0.027859408342883692,0.023674657165322004,0.2392909955020367,0.16036338966649732,0.07063042917411437,0.16184416973389723
OBR,other_receipts,pooled_levels,with,policy_adjusted,12-24,84,42,3,0.0507969154063181,0.040217099090335,0.20656488151068397,0.26459323190979683,0.123622521798617,0.2678739584687006
OBR,other_receipts,pooled_levels,with,policy_adjusted,24-36,78,39,3,0.021866649523597737,0.07358236791021852,0.7663348853887502,0.4650281844700151,0.21340183009248592,0.46255476570073595
OBR,other_receipts,pooled_levels,with,policy_adjusted,36+,198,36,3,-0.09417441902917917,0.10536436559046115,0.37143018368169545,0.6692720647464778,0.3456154853504548,0.674189639409134
OBR,other_receipts,pooled_levels,with,policy_adjusted,6-12,4,4,3,-0.13831509808714978,,,0.2524096157188978,0.13831509808714978,0.2586774573467489
OBR,other_receipts,pooled_levels,with,policy_adjusted,<0,86,43,3,0.013096192818861974,0.006849137681105556,0.05586418036503636,0.054189391298747884,0.017731542000336713,0.05544235891099567
OBR,other_receipts,pooled_levels,without,raw,0-6,68,36,3,0.041163932286776915,0.029065474666209554,0.15670278667315038,0.17503498779315083,0.07797376617043195,0.17855298519982352
OBR,other_receipts,pooled_levels,without,raw,12-24,69,33,3,0.0637347860785297,0.048448135437271445,0.1883331556135448,0.28832682545536015,0.14040122916279577,0.29323994347124005
OBR,other_receipts,pooled_levels,without,raw,24-36,63,30,3,0.08569463454308068,0.0678708578458781,0.2067282559995972,0.38826076605641935,0.1949451685872979,0.3945848356078858
OBR,other_receipts,pooled_levels,without,raw,36+,144,27,3,0.023522911506662872,0.10563483529688361,0.8237834896534656,0.5955994916277201,0.31987696823001266,0.5939937863484245
OBR,other_receipts,pooled_levels,without,raw,6-12,4,4,3,-0.13831509808714978,,,0.2524096157188978,0.13831509808714978,0.2586774573467489
OBR,other_receipts,pooled_levels,without,raw,<0,68,34,3,0.015998375487543928,0.008587779680353727,0.06247304789204221,0.06063183205164403,0.02185697919330797,0.06227443320665012
OBR,other_receipts,pooled_levels,without,policy_adjusted,0-6,68,36,3,0.041163932286776915,0.029065474666209554,0.15670278667315038,0.17503498779315083,0.07797376617043195,0.17855298519982352
OBR,other_receipts,pooled_levels,without,policy_adjusted,12-24,69,33,3,0.06180863722986546,0.04873780728380616,0.20473129833429404,0.28937725143627324,0.1420808605156792,0.29384671136983737
OBR,other_receipts,pooled_levels,without,policy_adjusted,24-36,63,30,3,0.07205947125815655,0.07605202943822506,0.3433828952074175,0.43361172178816343,0.2066356156745818,0.4361505039664934
OBR,other_receipts,pooled_levels,without,policy_adjusted,36+,144,27,3,-0.005168995325214409,0.12845010627662407,0.9679007760743893,0.6833187279437001,0.345687174390382,0.680961578455545
OBR,other_receipts,pooled_levels,without,policy_adjusted,6-12,4,4,3,-0.13831509808714978,,,0.2524096157188978,0.13831509808714978,0.2586774573467489
OBR,other_receipts,pooled_levels,without,policy_adjusted,<0,68,34,3,0.015998375487543928,0.008587779680353727,0.06247304789204221,0.06063183205164403,0.02185697919330797,0.06227443320665012
OBR,spending_debt_interest,pooled_levels,with,raw,0-6,106,55,4,-0.0726311225506154,0.021133629805267336,0.0005887263710910543,0.176274995172787,0.11733264882374063,0.18988157774280978
OBR,spending_debt_interest,pooled_levels,with,raw,12-24,104,51,4,-0.1075954160325434,0.03696220260718451,0.0036032255331647145,0.29191048128511876,0.20886272269283016,0.3097888943884853
OBR,spending_debt_interest,pooled_levels,with,raw,24-36,96,47,4,-0.07669397496619829,0.07480370735185646,0.30523594620918815,0.5225615128349707,0.3273274471117272,0.5254598136452191
OBR,spending_debt_interest,pooled_levels,with,raw,36+,240,43,4,0.07112127963855445,0.08996327520530899,0.42920136231230066,0.6644669136901965,0.46209573680293825,0.6668844462440848
OBR,spending_debt_interest,pooled_levels,with,raw,6-12,6,6,3,-0.1252983114459378,,,0.18809210235430857,0.14538966793975586,0.21256026437520326
OBR,spending_debt_interest,pooled_levels,with,raw,<0,111,56,4,-0.09970096001104331,0.025299529246115716,8.120261900745517e-05,0.21753647375942664,0.1257904594712146,0.23840317418332763
OBR,spending_debt_interest,pooled_levels,with,policy_adjusted,0-6,29,15,1,0.02546531691292163,0.0263883248490903,0.33453373784533713,0.1081519274899062,0.07106204606532539,0.10927937817777034
OBR,spending_debt_interest,pooled_levels,with,policy_adjusted,12-24,29,14,1,-0.03857303813203803,0.09366319076890929,0.6804661730554686,0.3730492220491869,0.23332452102323195,0.3685848387274951
OBR,spending_debt_interest,pooled_levels,with,policy_adjusted,24-36,27,13,1,-0.048228052090856795,0.16307602455516576,0.7674288880158657,0.5872416143403626,0.40742132746862125,0.5782787700539795
OBR,spending_debt_interest,pooled_levels,with,policy_adjusted,36+,69,12,1,0.06433012843723901,0.18494839440201713,0.7279697731224863,0.6518812794919109,0.5654103958253731,0.6503298269968907
OBR,spending_debt_interest,pooled_levels,with,policy_adjusted,6-12,2,2,1,0.02604947078987384,,,0.038574461783554136,0.027276263507772455,0.03771696540521161
OBR,spending_debt_interest,pooled_levels,with,policy_adjusted,<0,30,15,1,0.007786276670606081,0.020393059248184426,0.7026022018863538,0.0866239281500699,0.05617116345717028,0.08552314034771379
OBR,spending_debt_interest,pooled_levels,without,raw,0-6,82,43,4,-0.0633092653855506,0.02278242290503692,0.00545492806341828,0.147098829203176,0.11072569277179362,0.1593180774061643
OBR,spending_debt_interest,pooled_levels,without,raw,12-24,84,39,4,-0.044762975177959706,0.030426283874363715,0.14123858027602584,0.21530604109745277,0.15353650058580967,0.2186516633982647
OBR,spending_debt_interest,pooled_levels,without,raw,24-36,76,35,4,0.005885336298542988,0.07380673260323431,0.9364441806673226,0.46016567439286127,0.27232233752230023,0.45716612806854573
OBR,spending_debt_interest,pooled_levels,without,raw,36+,169,31,4,0.09091135704142399,0.09818737911511162,0.35449973664722845,0.606792166348963,0.4139519244759177,0.611786669589365
OBR,spending_debt_interest,pooled_levels,without,raw,6-12,6,6,3,-0.1252983114459378,,,0.18809210235430857,0.14538966793975586,0.21256026437520326
OBR,spending_debt_interest,pooled_levels,without,raw,<0,87,44,4,-0.09770229402348465,0.02299142682321177,2.1423881909697056e-05,0.14742458995562652,0.11478224569202877,0.17615314864434498
OBR,spending_debt_interest,pooled_levels,without,policy_adjusted,0-6,23,12,1,0.04636225464287361,0.027445593578693944,0.09117302657947034,0.09428568037213401,0.06864238361597307,0.10321209033267413
OBR,spending_debt_interest,pooled_levels,without,policy_adjusted,12-24,24,11,1,0.0739400270939552,0.04647325655748981,0.11160436568538454,0.1719201079838237,0.13341541015171077,0.18382635644028042
OBR,spending_debt_interest,pooled_levels,without,policy_adjusted,24-36,22,10,1,0.055934255028608326,0.12146235832087973,0.6451524144514647,0.3934081718079356,0.2927979498506954,0.3884116772208805
OBR,spending_debt_interest,pooled_levels,without,policy_adjusted,36+,51,9,1,0.1271072135132548,0.21228842902865758,0.5493411278685836,0.6481726130474661,0.5637407440132145,0.6542523834735416
OBR,spending_debt_interest,pooled_levels,without,policy_adjusted,6-12,2,2,1,0.02604947078987384,,,0.038574461783554136,0.027276263507772455,0.03771696540521161
OBR,spending_debt_interest,pooled_levels,without,policy_adjusted,<0,24,12,1,0.004488166132802861,0.02224042851125475,0.8400714062166077,0.0747701998084003,0.05199702120925296,0.07333338574948364
OBR,spending_debt_interest,obr.apf,with,raw,0-6,21,11,1,-0.23083818407211015,0.2246027497796678,0.3040617685861541,0.7948977936175462,0.5813980155355898,0.8093578188527814
OBR,spending_debt_interest,obr.apf,with,raw,12-24,20,10,1,-1.5911778497497018,1.3604778933018336,0.24217295507435677,4.600289939324277,2.9595331200749833,4.757770601772414
OBR,spending_debt_interest,obr.apf,with,raw,24-36,18,9,1,-4.351472999055673,4.278207692005545,0.30909385757051766,12.576826862539312,8.765840048990816,12.973985654039753
OBR,spending_debt_interest,obr.apf,with,raw,36+,42,8,1,-5.682619207572628,6.1384158914944695,0.35457755161821625,16.540965900974367,12.58514427469995,17.30263978956511
OBR,spending_debt_interest,obr.apf,with,raw,6-12,1,1,1,-0.3657361913337489,,,,0.3657361913337489,0.3657361913337489
OBR,spending_debt_interest,obr.apf,with,raw,<0,24,12,1,-0.00981542715964933,0.05003581106998927,0.8444786397133128,0.22404532322305307,0.11627538207544251,0.2195475727096376
OBR,spending_debt_interest,obr.apf,without,raw,0-6,15,8,1,-0.4010484076170796,0.27405257584934384,0.1433580902876909,0.7734166855807396,0.5889126924016465,0.848018260505778
OBR,spending_debt_interest,obr.apf,without,raw,12-24,15,7,1,-0.7116279647482877,0.9068954880904383,0.4326378407141005,2.5635123214636337,1.7146379917422792,2.5768010053206027
OBR,spending_debt_interest,obr.apf,without,raw,24-36,13,6,1,-4.504571539573374,5.0489506535391895,0.37229659351298616,12.199216058611308,7.385003169245514,12.55644367569866
OBR,spending_debt_interest,obr.apf,without,raw,36+,24,5,1,-11.703806652502166,9.264757958439544,0.20649542619497963,18.59749131445344,15.786410378985495,21.64335143989241
OBR,spending_debt_interest,obr.apf,without,raw,6-12,1,1,1,-0.3657361913337489,,,,0.3657361913337489,0.3657361913337489
OBR,spending_debt_interest,obr.apf,without,raw,<0,18,9,1,-0.032591427369474055,0.05734397925362546,0.5697976093712251,0.19445720173007663,0.08668064816079053,0.19176821609307912
OBR,spending_del,pooled_levels,with,raw,0-6,58,30,2,-0.10173095567946738,0.09272917648220008,0.27260816281872413,0.49707210589184797,0.15368167878392,0.5031598693275341
OBR,spending_del,pooled_levels,with,raw,12-24,58,28,2,-0.013803970742217493,0.017371168742680923,0.426818079378279,0.09152209321271063,0.07426616577123675,0.09177376694920007
OBR,spending_del,pooled_levels,with,raw,24-36,54,26,2,-0.043779549562366224,0.021871276672049467,0.04531791645729532,0.10825372718720243,0.09336130674615967,0.11583825926213008
OBR,spending_del,pooled_levels,with,raw,36+,138,24,2,-0.11108590322160498,0.022829680213518992,1.1396331249012534e-06,0.12364165255766728,0.14146038756016885,0.16588115899063224
OBR,spending_del,pooled_levels,with,raw,6-12,4,4,2,0.016482380430005508,,,0.16548712606486202,0.1176514666814327,0.14426073802162903
OBR,spending_del,pooled_levels,with,raw,<0,60,30,2,-0.01359346098837588,0.014864704926203334,0.36046519011795164,0.0762432926790725,0.04468988122379747,0.07681756222080184
OBR,spending_del,pooled_levels,with,policy_adjusted,0-6,58,30,2,-0.10386039713246409,0.09273557018939066,0.2627295766940484,0.4969974341084882,0.15753876699375938,0.5035222931656785
OBR,spending_del,pooled_levels,with,policy_adjusted,12-24,58,28,2,-0.009211866123120603,0.018475594372041805,0.6180636929257741,0.09553359490231288,0.0775337694760151,0.09515340189308408
OBR,spending_del,pooled_levels,with,policy_adjusted,24-36,54,26,2,-0.0066962848229047585,0.019454671179263472,0.7306963846830365,0.09670034424836862,0.07805659788172295,0.09603452996517181
OBR,spending_del,pooled_levels,with,policy_adjusted,36+,138,24,2,-0.002418146487758128,0.023415325617982197,0.9177471320933427,0.11554193894684615,0.09927560563192205,0.11514794134015807
OBR,spending_del,pooled_levels,with,policy_adjusted,6-12,4,4,2,0.016339110000859483,,,0.1661621879817679,0.11827054999343328,0.14482531219295358
OBR,spending_del,pooled_levels,with,policy_adjusted,<0,60,30,2,-0.01359346098837588,0.014864704926203334,0.36046519011795164,0.0762432926790725,0.04468988122379747,0.07681756222080184
OBR,spending_del,pooled_levels,without,raw,0-6,46,24,2,-0.12671771261609893,0.11672072065292315,0.2776343920181603,0.5560757055327669,0.18358983876897367,0.5644071145235269
OBR,spending_del,pooled_levels,without,raw,12-24,48,22,2,-0.012063322835205096,0.020323958431358532,0.5528119034072946,0.09465352426945801,0.07870756666886738,0.0944360182695608
OBR,spending_del,pooled_levels,without,raw,24-36,44,20,2,-0.02757888749952887,0.02372366851394329,0.24503032243181377,0.1045685585201417,0.08562124015524072,0.10698908919556686
OBR,spending_del,pooled_levels,without,raw,36+,102,18,2,-0.08241405335794334,0.026650113385526822,0.0019851392514327305,0.12275412247863801,0.1235089439336473,0.14735304426105056
OBR,spending_del,pooled_levels,without,raw,6-12,4,4,2,0.016482380430005508,,,0.16548712606486202,0.1176514666814327,0.14426073802162903
OBR,spending_del,pooled_levels,without,raw,<0,48,24,2,-0.01800134050446403,0.01833215993272564,0.32612243732509905,0.08398760277082752,0.051286527790591785,0.08503534010191394
OBR,spending_del,pooled_levels,without,policy_adjusted,0-6,46,24,2,-0.12659294703824764,0.11674839978107793,0.27822171743933444,0.556205118532805,0.18473016412753956,0.5645038537190102
OBR,spending_del,pooled_levels,without,policy_adjusted,12-24,48,22,2,-0.013091843098900761,0.021990255656691066,0.551611230156235,0.10199994980484897,0.08469033439555311,0.10177738613880435
OBR,spending_del,pooled_levels,without,policy_adjusted,24-36,44,20,2,-0.01475599461464514,0.02304308485889809,0.521935061459518,0.1019012906310946,0.08417607898724723,0.10181166580986767
OBR,spending_del,pooled_levels,without,policy_adjusted,36+,102,18,2,-0.016098777055023737,0.027141786778958617,0.5530899864272265,0.11644280386006535,0.10249000996137828,0.11698361654866964
OBR,spending_del,pooled_levels,without,policy_adjusted,6-12,4,4,2,0.016339110000859483,,,0.1661621879817679,0.11827054999343328,0.14482531219295358
OBR,spending_del,pooled_levels,without,policy_adjusted,<0,48,24,2,-0.01800134050446403,0.01833215993272564,0.32612243732509905,0.08398760277082752,0.051286527790591785,0.08503534010191394
OBR,spending_local,pooled_levels,with,raw,0-6,87,45,3,-0.08274291565654895,0.02503080255817468,0.0009475848832856717,0.16926978871570586,0.13493332479510006,0.1875348370986012
OBR,spending_local,pooled_levels,with,raw,12-24,87,42,3,-0.1706199870156084,0.039672271099062066,1.7023133234240348e-05,0.26214595057098916,0.22065495538289356,0.3115153103336398
OBR,spending_local,pooled_levels,with,raw,24-36,81,39,3,-0.2216507407670125,0.04608434959713752,1.5117594808342839e-06,0.2800811442135355,0.2677892655533812,0.355817419351049
OBR,spending_local,pooled_levels,with,raw,36+,207,36,3,-0.40980885905671904,0.06416384999112186,1.6926905432778263e-10,0.3916192399307947,0.44628385220085487,0.5661872775738461
OBR,spending_local,pooled_levels,with,raw,6-12,6,6,3,-0.21358136955804963,,,0.18530930546910002,0.2266598710803901,0.27245785668030514
OBR,spending_local,pooled_levels,with,raw,<0,90,45,3,-0.04032100850475699,0.020072820054886996,0.044565074021161034,0.13648910338344405,0.09451452588690865,0.14159119718756563
OBR,spending_local,pooled_levels,with,policy_adjusted,0-6,87,45,3,-0.08251990683350019,0.02503114125845248,0.000978315045753878,0.16926172067423356,0.13466414509804403,0.18742934713085657
OBR,spending_local,pooled_levels,with,policy_adjusted,12-24,87,42,3,-0.17148503726562342,0.03951574387885699,1.427009646516162e-05,0.259594094421211,0.2181600167578887,0.30987356224536566
OBR,spending_local,pooled_levels,with,policy_adjusted,24-36,81,39,3,-0.2156950869129535,0.04535257194608203,1.9750409286917383e-06,0.27426849418640725,0.2582949273688602,0.34759012623341123
OBR,spending_local,pooled_levels,with,policy_adjusted,36+,207,36,3,-0.371486106878052,0.05839486637749005,1.9963335285447487e-10,0.35681677377906995,0.4019155085849473,0.5144949696905192
OBR,spending_local,pooled_levels,with,policy_adjusted,6-12,6,6,3,-0.21358136955804963,,,0.18530930546910002,0.2266598710803901,0.27245785668030514
OBR,spending_local,pooled_levels,with,policy_adjusted,<0,90,45,3,-0.04032100850475699,0.020072820054886996,0.044565074021161034,0.13648910338344405,0.09451452588690865,0.14159119718756563
OBR,spending_local,pooled_levels,without,raw,0-6,69,36,3,-0.08770068070920234,0.02369126262223647,0.00021406234774848777,0.14374657368566765,0.12684317000526388,0.16749633414704768
OBR,spending_local,pooled_levels,without,raw,12-24,72,33,3,-0.19840742240562304,0.044510146397834904,8.289111385363984e-06,0.26447346058552706,0.23310449394411473,0.3291507883357293
OBR,spending_local,pooled_levels,without,raw,24-36,66,30,3,-0.2528739598027162,0.05195225585060106,1.130589553988484e-06,0.2798291767759713,0.2848994292567587,0.3755837827976448
OBR,spending_local,pooled_levels,without,raw,36+,153,27,3,-0.44814289116927103,0.0711398106071896,2.9867082699484745e-10,0.3781020828797333,0.4619137360880668,0.5855415007947521
OBR,spending_local,pooled_levels,without,raw,6-12,6,6,3,-0.21358136955804963,,,0.18530930546910002,0.2266598710803901,0.27245785668030514
OBR,spending_local,pooled_levels,without,raw,<0,72,36,3,-0.05572619574501839,0.02411730803807263,0.02085325424832044,0.1452333613123477,0.10704096409557669,0.15461301225169855
OBR,spending_local,pooled_levels,without,policy_adjusted,0-6,69,36,3,-0.08741435149061524,0.023701890690514895,0.00022595701790018464,0.14380182428417077,0.126544708733671,0.16739336418709164
OBR,spending_local,pooled_levels,without,policy_adjusted,12-24,72,33,3,-0.19605486544288944,0.044812985049448806,1.2145663132874751e-05,0.26588608017641385,0.23239448639375462,0.3288632500506224
OBR,spending_local,pooled_levels,without,policy_adjusted,24-36,66,30,3,-0.24292808121443465,0.05190834392528859,2.8695494290908424e-06,0.27865185913496,0.27667045823294667,0.3680821154136134
OBR,spending_local,pooled_levels,without,policy_adjusted,36+,153,27,3,-0.4004566670602024,0.0658263578835697,1.175644162156852e-09,0.3484342167126539,0.4142504712274949,0.5300739945184135
OBR,spending_local,pooled_levels,without,policy_adjusted,6-12,6,6,3,-0.21358136955804963,,,0.18530930546910002,0.2266598710803901,0.27245785668030514
OBR,spending_local,pooled_levels,without,policy_adjusted,<0,72,36,3,-0.05572619574501839,0.02411730803807263,0.02085325424832044,0.1452333613123477,0.10704096409557669,0.15461301225169855
OBR,spending_other,pooled_levels,with,raw,0-6,236,123,11,-0.0520594622314987,0.03136076221109119,0.09691062321330456,0.34589966013399076,0.19805460467241712,0.34906988623545904
OBR,spending_other,pooled_levels,with,raw,12-24,228,112,11,-0.06461191582554614,0.04348928470782496,0.13735918714492762,0.4681997022592833,0.2594965557253933,0.4716187117557333
OBR,spending_other,pooled_levels,with,raw,24-36,206,101,11,-0.06893970529062698,0.0588348487987626,0.24129763879717836,0.6006112094633366,0.33621717247854416,0.6031047776515123
OBR,spending_other,pooled_levels,with,raw,36+,477,89,11,-0.008971317624017636,0.05252210471956449,0.86437291250311,0.5481981999439132,0.37221927231128377,0.5476967476097742
OBR,spending_other,pooled_levels,with,raw,6-12,14,14,9,-0.05489506443169741,0.11649594737109845,0.6374845933265736,0.4358879220102988,0.2576614200737225,0.42360411105125834
OBR,spending_other,pooled_levels,with,raw,<0,254,128,11,-0.06811299200139476,0.021746649158704685,0.0017355226265849373,0.24629877970593417,0.13715624513937869,0.25507574856385984
OBR,spending_other,pooled_levels,with,policy_adjusted,0-6,98,51,4,-0.0496122934068095,0.04939088635509988,0.3151459811839089,0.34888174894466734,0.1823731678039226,0.35062491233689597
OBR,spending_other,pooled_levels,with,policy_adjusted,12-24,96,47,4,-0.07814805553251247,0.06977899944573901,0.2627407793461617,0.481715547282073,0.2601710035347282,0.48553043256488215
OBR,spending_other,pooled_levels,with,policy_adjusted,24-36,88,43,4,-0.025952364466210867,0.0732864654614192,0.7232473046235999,0.47927776504855896,0.2717700466753811,0.47725296486491536
OBR,spending_other,pooled_levels,with,policy_adjusted,36+,216,39,4,0.0018712645988262495,0.07489775192378512,0.9800675216780496,0.4917013476630846,0.331003087267569,0.49056539867035753
OBR,spending_other,pooled_levels,with,policy_adjusted,6-12,6,6,3,-0.29271091396696036,,,0.45598729169269975,0.3288000272077376,0.5088713206463982
OBR,spending_other,pooled_levels,with,policy_adjusted,<0,103,52,4,-0.060595297617263316,0.03234307496993263,0.06099704099075033,0.2373611823684524,0.11831723475166905,0.2438547261892541
OBR,spending_other,pooled_levels,without,raw,0-6,182,96,11,-0.07636082324324872,0.03170246468463072,0.016010701794968163,0.30900393089668315,0.19074513452676722,0.31747404682747377
OBR,spending_other,pooled_levels,without,raw,12-24,183,85,11,-0.08128504483410626,0.03663712654455551,0.026510388956363092,0.3466751149423042,0.22786468193338705,0.35515370286304077
OBR,spending_other,pooled_levels,without,raw,24-36,165,76,11,-0.11795727791542798,0.059551371388740185,0.04761762268895689,0.543981481580174,0.3248178511933541,0.5550102182009686
OBR,spending_other,pooled_levels,without,raw,36+,349,66,11,-0.10348270283526875,0.05172525005017352,0.04543307911996547,0.47677565972271313,0.34540999470103523,0.4872087509751703
OBR,spending_other,pooled_levels,without,raw,6-12,14,14,9,-0.05489506443169741,0.11649594737109845,0.6374845933265736,0.4358879220102988,0.2576614200737225,0.42360411105125834
OBR,spending_other,pooled_levels,without,raw,<0,200,101,11,-0.0919740140613304,0.026444161741926587,0.0005050830194010783,0.265712050296959,0.1561534900091498,0.2805514185799145
OBR,spending_other,pooled_levels,without,policy_adjusted,0-6,74,39,4,-0.08910428767929297,0.045775604701728194,0.051589273289220534,0.2819555203614053,0.15635352976937666,0.2938778315502821
OBR,spending_other,pooled_levels,without,policy_adjusted,12-24,76,35,4,-0.08623756674854718,0.05798103958555716,0.13692481951751156,0.35116599278057814,0.21001484937004744,0.3593492354286471
OBR,spending_other,pooled_levels,without,policy_adjusted,24-36,70,32,4,-0.06462552242472291,0.08358381456033717,0.43941452499308853,0.4841859345584206,0.2612398519871705,0.4850395771315596
OBR,spending_other,pooled_levels,without,policy_adjusted,36+,161,29,4,-0.133153246348122,0.0730799761250631,0.06845180935053843,0.42450434611622334,0.2901236319182817,0.44363774383495486
OBR,spending_other,pooled_levels,without,policy_adjusted,6-12,6,6,3,-0.29271091396696036,,,0.45598729169269975,0.3288000272077376,0.5088713206463982
OBR,spending_other,pooled_levels,without,policy_adjusted,<0,79,40,4,-0.09028173046113973,0.040462687533107215,0.025665622598869384,0.25995401411908126,0.1379598879528046,0.2736265461797444
OBR,spending_welfare,pooled_levels,with,raw,0-6,71,37,3,-0.0002979310203432581,0.0015965667367471615,0.8519685366649137,0.011674764749598436,0.00719907897848039,0.011596084454802834
OBR,spending_welfare,pooled_levels,with,raw,12-24,69,34,3,-0.004417107003453876,0.004117060098267426,0.2833254439933762,0.026544038975548568,0.019162837399904917,0.026718634846051328
OBR,spending_welfare,pooled_levels,with,raw,24-36,63,31,3,-0.019870496177050962,0.007505699470145498,0.0081116305353171,0.04187993051445536,0.03250761971242619,0.046053502168988056
OBR,spending_welfare,pooled_levels,with,raw,36+,153,28,3,-0.034723925708633745,0.01295413058151159,0.007350584391584954,0.07048090569862113,0.060986620471934545,0.07836352075376113
OBR,spending_welfare,pooled_levels,with,raw,6-12,4,4,3,-0.0034345632644120078,,,0.012642345566322486,0.007713963490161294,0.01147466343214405
OBR,spending_welfare,pooled_levels,with,raw,<0,78,39,3,-0.0006900901326222042,0.0026760804547676783,0.7965045662616719,0.016754103021168313,0.006176439576117571,0.016660656496550158
OBR,spending_welfare,pooled_levels,with,policy_adjusted,0-6,71,37,3,-0.0002797591622863779,0.0015967758644799936,0.8609205008645476,0.011674153546097752,0.007187928968054362,0.011595025098613812
OBR,spending_welfare,pooled_levels,with,policy_adjusted,12-24,69,34,3,-0.0017958643713323883,0.004445832782613659,0.6862544134168485,0.0281162372194662,0.020356774917876807,0.027969466782806963
OBR,spending_welfare,pooled_levels,with,policy_adjusted,24-36,63,31,3,-0.015181120701861082,0.007247517535713723,0.036200790198307554,0.04078485119609426,0.031738622391045926,0.04321420221841943
OBR,spending_welfare,pooled_levels,with,policy_adjusted,36+,153,28,3,-0.03372713161619289,0.01253040143313877,0.0071105019152381856,0.06740779760088847,0.058276067178332905,0.07517734015105708
OBR,spending_welfare,pooled_levels,with,policy_adjusted,6-12,4,4,3,-0.0034345632644120078,,,0.012642345566322486,0.007713963490161294,0.01147466343214405
OBR,spending_welfare,pooled_levels,with,policy_adjusted,<0,78,39,3,-0.0006900901326222042,0.0026760804547676783,0.7965045662616719,0.016754103021168313,0.006176439576117571,0.016660656496550158
OBR,spending_welfare,pooled_levels,without,raw,0-6,53,28,3,-0.000998552794110137,0.002007565753998501,0.6189106621905351,0.01271947185317344,0.00759472654478533,0.01263841467160776
OBR,spending_welfare,pooled_levels,without,raw,12-24,54,25,3,0.00015329702499371092,0.0036904003742713244,0.9668658816282826,0.019114669107924556,0.014474696366046546,0.01893747484017088
OBR,spending_welfare,pooled_levels,without,raw,24-36,48,22,3,-0.01313361813440489,0.008334884165005137,0.11508552034811911,0.04012437452226083,0.02886035533755103,0.04182004793909218
OBR,spending_welfare,pooled_levels,without,raw,36+,99,19,3,-0.028936271637553128,0.018617449363847998,0.12012350199356105,0.08205505736797396,0.06670956166332799,0.08661599059792775
OBR,spending_welfare,pooled_levels,without,raw,6-12,4,4,3,-0.0034345632644120078,,,0.012642345566322486,0.007713963490161294,0.01147466343214405
OBR,spending_welfare,pooled_levels,without,raw,<0,60,30,3,-0.0011120276820052516,0.003487268210566334,0.7498158593256772,0.0190948133895962,0.007813401938225108,0.018967647165001517
OBR,spending_welfare,pooled_levels,without,policy_adjusted,0-6,53,28,3,-0.0009978581367175627,0.002007570750864617,0.619155515442541,0.012719581390882813,0.007595421202177905,0.012638467966861164
OBR,spending_welfare,pooled_levels,without,policy_adjusted,12-24,54,25,3,-0.0008045668990004774,0.004248661400454203,0.849803224852915,0.022105706670882408,0.015916353282890556,0.021914841867226885
OBR,spending_welfare,pooled_levels,without,policy_adjusted,24-36,48,22,3,-0.011649798860792107,0.007979440287942287,0.144296410094883,0.03856935697147915,0.026895510403385395,0.0399039038440949
OBR,spending_welfare,pooled_levels,without,policy_adjusted,36+,99,19,3,-0.03572373530787768,0.018178827342030978,0.04939934383228926,0.0783725283303909,0.06570860304168231,0.08576943219854266
OBR,spending_welfare,pooled_levels,without,policy_adjusted,6-12,4,4,3,-0.0034345632644120078,,,0.012642345566322486,0.007713963490161294,0.01147466343214405
OBR,spending_welfare,pooled_levels,without,policy_adjusted,<0,60,30,3,-0.0011120276820052516,0.003487268210566334,0.7498158593256772,0.0190948133895962,0.007813401938225108,0.018967647165001517
