vintage_label,table,series_id,forecast_label,which,target_period,efo_value,hofd_value,abs_diff,tolerance
December 2012,T4.8,obr.pscr_gbp,March 2012,previous,2012-13,591.5,591.5,0.0,3.0075
December 2012,T4.8,obr.pscr_gbp,March 2012,previous,2013-14,622.5,622.5,0.0,3.1625
December 2012,T4.8,obr.pscr_gbp,March 2012,previous,2014-15,658.4,658.4,0.0,3.3419999999999996
December 2012,T4.8,obr.pscr_gbp,March 2012,previous,2015-16,692.0,692.0,0.0,3.51
December 2012,T4.8,obr.pscr_gbp,March 2012,previous,2016-17,735.3,735.3,0.0,3.7264999999999997
December 2012,T4.8,obr.pscr_gbp,December 2012,current,2012-13,593.8,593.8,0.0,3.0189999999999997
December 2012,T4.8,obr.pscr_gbp,December 2012,current,2013-14,620.6,620.6,0.0,3.153
December 2012,T4.8,obr.pscr_gbp,December 2012,current,2014-15,643.0,643.0,0.0,3.2649999999999997
December 2012,T4.8,obr.pscr_gbp,December 2012,current,2015-16,671.4,671.4,0.0,3.4069999999999996
December 2012,T4.8,obr.pscr_gbp,December 2012,current,2016-17,706.1,706.1,0.0,3.5805
December 2012,T4.10,obr.it_nics,March 2012,previous,2012-13,260.4,260.4,0.0,1.3519999999999999
December 2012,T4.10,obr.it_nics,March 2012,previous,2013-14,276.4,276.3,0.0999999999999659,1.432
December 2012,T4.10,obr.it_nics,March 2012,previous,2014-15,296.7,296.8,0.10000000000002274,1.5335
December 2012,T4.10,obr.it_nics,March 2012,previous,2015-16,315.4,315.4,0.0,1.627
December 2012,T4.10,obr.it_nics,March 2012,previous,2016-17,338.3,338.3,0.0,1.7415
December 2012,T4.10,obr.it_nics,December 2012,current,2012-13,258.1,258.1,0.0,1.3405000000000002
December 2012,T4.10,obr.it_nics,December 2012,current,2013-14,269.4,269.4,0.0,1.397
December 2012,T4.10,obr.it_nics,December 2012,current,2014-15,283.1,283.1,0.0,1.4655000000000002
December 2012,T4.10,obr.it_nics,December 2012,current,2015-16,298.5,298.5,0.0,1.5425
December 2012,T4.10,obr.it_nics,December 2012,current,2016-17,317.4,317.4,0.0,1.637
December 2012,T4.11,obr.vat,March 2012,previous,2012-13,102.0,102.0,0.0,0.56
December 2012,T4.11,obr.vat,March 2012,previous,2013-14,106.1,106.1,0.0,0.5805
December 2012,T4.11,obr.vat,March 2012,previous,2014-15,111.1,111.1,0.0,0.6055
December 2012,T4.11,obr.vat,March 2012,previous,2015-16,116.2,116.2,0.0,0.6310000000000001
December 2012,T4.11,obr.vat,March 2012,previous,2016-17,121.4,121.4,0.0,0.6570000000000001
December 2012,T4.11,obr.vat,December 2012,current,2012-13,101.1,101.1,0.0,0.5555
December 2012,T4.11,obr.vat,December 2012,current,2013-14,104.1,104.1,0.0,0.5705
December 2012,T4.11,obr.vat,December 2012,current,2014-15,108.3,108.3,0.0,0.5915
December 2012,T4.11,obr.vat,December 2012,current,2015-16,112.5,112.5,0.0,0.6125
December 2012,T4.11,obr.vat,December 2012,current,2016-17,116.8,116.8,0.0,0.634
December 2012,T4.12,obr.onshore,March 2012,previous,2012-13,36.8,36.8,0.0,0.23399999999999999
December 2012,T4.12,obr.onshore,March 2012,previous,2013-14,37.3,37.3,0.0,0.2365
December 2012,T4.12,obr.onshore,March 2012,previous,2014-15,38.9,38.9,0.0,0.2445
December 2012,T4.12,obr.onshore,March 2012,previous,2015-16,41.3,41.3,0.0,0.2565
December 2012,T4.12,obr.onshore,March 2012,previous,2016-17,44.9,44.9,0.0,0.2745
December 2012,T4.12,obr.onshore,December 2012,current,2012-13,34.7,34.7,0.0,0.22350000000000003
December 2012,T4.12,obr.onshore,December 2012,current,2013-14,34.3,34.3,0.0,0.22149999999999997
December 2012,T4.12,obr.onshore,December 2012,current,2014-15,34.5,34.5,0.0,0.22250000000000003
December 2012,T4.12,obr.onshore,December 2012,current,2015-16,35.6,35.6,0.0,0.22800000000000004
December 2012,T4.12,obr.onshore,December 2012,current,2016-17,38.0,38.0,0.0,0.24
December 2013,T4.7,obr.pscr_gbp,March 2013,previous,2013-14,600.2,612.4,12.199999999999932,3.051
December 2013,T4.7,obr.pscr_gbp,March 2013,previous,2014-15,622.0,633.1,11.100000000000023,3.1599999999999997
December 2013,T4.7,obr.pscr_gbp,March 2013,previous,2015-16,649.1,657.6,8.5,3.2955
December 2013,T4.7,obr.pscr_gbp,March 2013,previous,2016-17,687.9,694.1,6.2000000000000455,3.4894999999999996
December 2013,T4.7,obr.pscr_gbp,March 2013,previous,2017-18,721.6,723.0,1.3999999999999773,3.658
December 2013,T4.7,obr.pscr_gbp,December 2013,current,2013-14,606.6,618.8,12.199999999999932,3.083
December 2013,T4.7,obr.pscr_gbp,December 2013,current,2014-15,634.5,646.6,12.100000000000023,3.2224999999999997
December 2013,T4.7,obr.pscr_gbp,December 2013,current,2015-16,665.3,672.7,7.400000000000091,3.3764999999999996
December 2013,T4.7,obr.pscr_gbp,December 2013,current,2016-17,705.2,708.4,3.199999999999932,3.576
December 2013,T4.7,obr.pscr_gbp,December 2013,current,2017-18,740.3,740.8,0.5,3.7514999999999996
December 2013,T4.9,obr.it_nics,March 2013,previous,2013-14,261.3,261.4,0.0999999999999659,1.3565
December 2013,T4.9,obr.it_nics,March 2013,previous,2014-15,274.1,274.1,0.0,1.4205
December 2013,T4.9,obr.it_nics,March 2013,previous,2015-16,288.3,288.3,0.0,1.4915
December 2013,T4.9,obr.it_nics,March 2013,previous,2016-17,312.2,312.2,0.0,1.611
December 2013,T4.9,obr.it_nics,March 2013,previous,2017-18,331.0,330.9,0.10000000000002274,1.705
December 2013,T4.9,obr.it_nics,December 2013,current,2013-14,262.4,262.4,0.0,1.3619999999999999
December 2013,T4.9,obr.it_nics,December 2013,current,2014-15,276.4,276.5,0.10000000000002274,1.432
December 2013,T4.9,obr.it_nics,December 2013,current,2015-16,291.4,291.4,0.0,1.507
December 2013,T4.9,obr.it_nics,December 2013,current,2016-17,313.9,313.9,0.0,1.6195
December 2013,T4.9,obr.it_nics,December 2013,current,2017-18,331.7,331.79999999999995,0.0999999999999659,1.7085000000000001
December 2013,T4.10,obr.vat,March 2013,previous,2013-14,103.3,103.3,0.0,0.5665
December 2013,T4.10,obr.vat,March 2013,previous,2014-15,107.2,107.2,0.0,0.5860000000000001
December 2013,T4.10,obr.vat,March 2013,previous,2015-16,111.2,111.2,0.0,0.6060000000000001
December 2013,T4.10,obr.vat,March 2013,previous,2016-17,115.2,115.2,0.0,0.6260000000000001
December 2013,T4.10,obr.vat,March 2013,previous,2017-18,119.3,119.3,0.0,0.6465000000000001
December 2013,T4.10,obr.vat,December 2013,current,2013-14,106.2,106.2,0.0,0.5810000000000001
December 2013,T4.10,obr.vat,December 2013,current,2014-15,109.8,109.8,0.0,0.5990000000000001
December 2013,T4.10,obr.vat,December 2013,current,2015-16,113.7,113.7,0.0,0.6185
December 2013,T4.10,obr.vat,December 2013,current,2016-17,117.7,117.7,0.0,0.6385000000000001
December 2013,T4.10,obr.vat,December 2013,current,2017-18,121.8,121.8,0.0,0.659
December 2013,T4.11,obr.onshore,March 2013,previous,2013-14,34.6,34.6,0.0,0.22300000000000003
December 2013,T4.11,obr.onshore,March 2013,previous,2014-15,33.7,33.7,0.0,0.21850000000000003
December 2013,T4.11,obr.onshore,March 2013,previous,2015-16,33.5,33.5,0.0,0.21750000000000003
December 2013,T4.11,obr.onshore,March 2013,previous,2016-17,34.9,34.9,0.0,0.22449999999999998
December 2013,T4.11,obr.onshore,March 2013,previous,2017-18,36.5,36.5,0.0,0.23249999999999998
December 2013,T4.11,obr.onshore,December 2013,current,2013-14,35.8,35.8,0.0,0.22899999999999998
December 2013,T4.11,obr.onshore,December 2013,current,2014-15,38.2,38.2,0.0,0.24100000000000005
December 2013,T4.11,obr.onshore,December 2013,current,2015-16,39.1,39.1,0.0,0.2455
December 2013,T4.11,obr.onshore,December 2013,current,2016-17,40.1,40.1,0.0,0.2505
December 2013,T4.11,obr.onshore,December 2013,current,2017-18,41.2,41.2,0.0,0.256
December 2013,T4.13,obr.ptt,March 2013,previous,2013-14,7.7,7.748464973887949,0.048464973887949014,0.0885
December 2013,T4.13,obr.ptt,March 2013,previous,2014-15,8.4,8.365669639871395,0.03433036012860491,0.092
December 2013,T4.13,obr.ptt,March 2013,previous,2015-16,9.3,9.325054286301857,0.02505428630185591,0.0965
December 2013,T4.13,obr.ptt,March 2013,previous,2016-17,10.5,10.450086779297482,0.04991322070251769,0.10250000000000001
December 2013,T4.13,obr.ptt,March 2013,previous,2017-18,11.7,11.738217756907662,0.03821775690766316,0.1085
December 2013,T4.13,obr.ptt,December 2013,current,2013-14,8.9,8.8584649744293,0.04153502557070077,0.0945
December 2013,T4.13,obr.ptt,December 2013,current,2014-15,10.8,10.842099585977198,0.04209958597719776,0.10400000000000001
December 2013,T4.13,obr.ptt,December 2013,current,2015-16,12.5,12.5379959876738,0.03799598767379919,0.1125
December 2013,T4.13,obr.ptt,December 2013,current,2016-17,13.9,13.8616027892957,0.03839721070430002,0.11950000000000001
December 2013,T4.13,obr.ptt,December 2013,current,2017-18,15.2,15.2364654690489,0.0364654690489008,0.126
December 2014,T4.10,obr.it_nics,March 2014,previous,2014-15,276.5,276.5,0.0,1.4325
December 2014,T4.10,obr.it_nics,March 2014,previous,2015-16,291.8,291.8,0.0,1.5090000000000001
December 2014,T4.10,obr.it_nics,March 2014,previous,2016-17,315.3,315.29999999999995,5.684341886080802e-14,1.6265
December 2014,T4.10,obr.it_nics,March 2014,previous,2017-18,333.3,333.3,0.0,1.7165000000000001
December 2014,T4.10,obr.it_nics,March 2014,previous,2018-19,351.4,351.4,0.0,1.807
December 2014,T4.10,obr.it_nics,December 2014,current,2014-15,271.9,272.0,0.10000000000002274,1.4095
December 2014,T4.10,obr.it_nics,December 2014,current,2015-16,283.6,283.6,0.0,1.4680000000000002
December 2014,T4.10,obr.it_nics,December 2014,current,2016-17,303.9,303.9,0.0,1.5695
December 2014,T4.10,obr.it_nics,December 2014,current,2017-18,319.7,319.7,0.0,1.6485
December 2014,T4.10,obr.it_nics,December 2014,current,2018-19,336.2,336.2,0.0,1.731
December 2014,T4.11,obr.vat,March 2014,previous,2014-15,110.7,110.7,0.0,0.6035
December 2014,T4.11,obr.vat,March 2014,previous,2015-16,115.0,115.0,0.0,0.6250000000000001
December 2014,T4.11,obr.vat,March 2014,previous,2016-17,119.2,119.2,0.0,0.646
December 2014,T4.11,obr.vat,March 2014,previous,2017-18,123.3,123.3,0.0,0.6665000000000001
December 2014,T4.11,obr.vat,March 2014,previous,2018-19,127.7,127.7,0.0,0.6885000000000001
December 2014,T4.11,obr.vat,December 2014,current,2014-15,110.1,110.1,0.0,0.6005
December 2014,T4.11,obr.vat,December 2014,current,2015-16,114.1,114.1,0.0,0.6205
December 2014,T4.11,obr.vat,December 2014,current,2016-17,117.7,117.7,0.0,0.6385000000000001
December 2014,T4.11,obr.vat,December 2014,current,2017-18,121.6,121.6,0.0,0.658
December 2014,T4.11,obr.vat,December 2014,current,2018-19,125.7,125.7,0.0,0.6785000000000001
December 2014,T4.12,obr.onshore,March 2014,previous,2014-15,38.9,38.9,0.0,0.2445
December 2014,T4.12,obr.onshore,March 2014,previous,2015-16,39.7,39.7,0.0,0.2485
December 2014,T4.12,obr.onshore,March 2014,previous,2016-17,40.5,40.5,0.0,0.2525
December 2014,T4.12,obr.onshore,March 2014,previous,2017-18,42.1,42.1,0.0,0.2605
December 2014,T4.12,obr.onshore,March 2014,previous,2018-19,43.3,43.3,0.0,0.2665
December 2014,T4.12,obr.onshore,December 2014,current,2014-15,39.4,39.4,0.0,0.247
December 2014,T4.12,obr.onshore,December 2014,current,2015-16,41.5,41.5,0.0,0.2575
December 2014,T4.12,obr.onshore,December 2014,current,2016-17,42.0,42.0,0.0,0.26
December 2014,T4.12,obr.onshore,December 2014,current,2017-18,42.9,42.9,0.0,0.2645
December 2014,T4.12,obr.onshore,December 2014,current,2018-19,43.6,43.6,0.0,0.268
July 2015,T4.7,obr.pscr_gbp,March 2015,previous,2015-16,667.4,667.4,0.0,3.3869999999999996
July 2015,T4.7,obr.pscr_gbp,March 2015,previous,2016-17,700.9,700.9,0.0,3.5545
July 2015,T4.7,obr.pscr_gbp,March 2015,previous,2017-18,731.2,731.2,0.0,3.706
July 2015,T4.7,obr.pscr_gbp,March 2015,previous,2018-19,764.5,764.5,0.0,3.8725
July 2015,T4.7,obr.pscr_gbp,March 2015,previous,2019-20,804.3,804.3,0.0,4.0714999999999995
July 2015,T4.7,obr.pscr_gbp,July 2015,current,2015-16,672.8,672.8,0.0,3.4139999999999997
July 2015,T4.7,obr.pscr_gbp,July 2015,current,2016-17,711.2,711.2,0.0,3.6060000000000003
July 2015,T4.7,obr.pscr_gbp,July 2015,current,2017-18,743.7,743.7,0.0,3.7685
July 2015,T4.7,obr.pscr_gbp,July 2015,current,2018-19,777.9,777.9,0.0,3.9395
July 2015,T4.7,obr.pscr_gbp,July 2015,current,2019-20,814.4,814.4,0.0,4.122
July 2015,T4.8,obr.it_nics,March 2015,previous,2015-16,283.7,283.7,0.0,1.4685
July 2015,T4.8,obr.it_nics,March 2015,previous,2016-17,305.8,305.9,0.0999999999999659,1.5790000000000002
July 2015,T4.8,obr.it_nics,March 2015,previous,2017-18,321.9,321.9,0.0,1.6595
July 2015,T4.8,obr.it_nics,March 2015,previous,2018-19,338.2,338.20000000000005,5.684341886080802e-14,1.741
July 2015,T4.8,obr.it_nics,March 2015,previous,2019-20,359.2,359.2,0.0,1.846
July 2015,T4.8,obr.it_nics,July 2015,current,2015-16,285.1,285.0,0.10000000000002274,1.4755000000000003
July 2015,T4.8,obr.it_nics,July 2015,current,2016-17,310.6,310.6,0.0,1.6030000000000002
July 2015,T4.8,obr.it_nics,July 2015,current,2017-18,323.8,323.79999999999995,5.684341886080802e-14,1.669
July 2015,T4.8,obr.it_nics,July 2015,current,2018-19,343.2,343.20000000000005,5.684341886080802e-14,1.766
July 2015,T4.8,obr.it_nics,July 2015,current,2019-20,364.1,364.1,0.0,1.8705000000000003
July 2015,T4.9,obr.vat,March 2015,previous,2015-16,114.3,114.3,0.0,0.6215
July 2015,T4.9,obr.vat,March 2015,previous,2016-17,117.7,117.7,0.0,0.6385000000000001
July 2015,T4.9,obr.vat,March 2015,previous,2017-18,121.4,121.4,0.0,0.6570000000000001
July 2015,T4.9,obr.vat,March 2015,previous,2018-19,125.9,125.9,0.0,0.6795000000000001
July 2015,T4.9,obr.vat,March 2015,previous,2019-20,131.1,131.1,0.0,0.7055
July 2015,T4.9,obr.vat,July 2015,current,2015-16,115.9,115.9,0.0,0.6295000000000001
July 2015,T4.9,obr.vat,July 2015,current,2016-17,119.2,119.2,0.0,0.646
July 2015,T4.9,obr.vat,July 2015,current,2017-18,123.1,123.1,0.0,0.6655
July 2015,T4.9,obr.vat,July 2015,current,2018-19,127.9,127.9,0.0,0.6895000000000001
July 2015,T4.9,obr.vat,July 2015,current,2019-20,132.9,132.9,0.0,0.7145000000000001
July 2015,T4.10,obr.onshore,March 2015,previous,2015-16,42.3,42.3,0.0,0.2615
July 2015,T4.10,obr.onshore,March 2015,previous,2016-17,42.9,42.9,0.0,0.2645
July 2015,T4.10,obr.onshore,March 2015,previous,2017-18,44.0,44.0,0.0,0.27
July 2015,T4.10,obr.onshore,March 2015,previous,2018-19,44.8,44.8,0.0,0.27399999999999997
July 2015,T4.10,obr.onshore,March 2015,previous,2019-20,46.0,46.0,0.0,0.28
July 2015,T4.10,obr.onshore,July 2015,current,2015-16,42.5,42.5,0.0,0.2625
July 2015,T4.10,obr.onshore,July 2015,current,2016-17,42.8,42.8,0.0,0.264
July 2015,T4.10,obr.onshore,July 2015,current,2017-18,47.2,47.2,0.0,0.28600000000000003
July 2015,T4.10,obr.onshore,July 2015,current,2018-19,45.4,45.4,0.0,0.277
July 2015,T4.10,obr.onshore,July 2015,current,2019-20,43.4,43.4,0.0,0.267
March 2011,T4.9,obr.it_nics,November 2010,previous,2010-11,249.5,249.5,0.0,1.2975
March 2011,T4.9,obr.it_nics,November 2010,previous,2011-12,259.4,259.3,0.0999999999999659,1.347
March 2011,T4.9,obr.it_nics,November 2010,previous,2012-13,276.8,276.8,0.0,1.4340000000000002
March 2011,T4.9,obr.it_nics,November 2010,previous,2013-14,296.2,296.1,0.0999999999999659,1.531
March 2011,T4.9,obr.it_nics,November 2010,previous,2014-15,317.2,317.2,0.0,1.6360000000000001
March 2011,T4.9,obr.it_nics,November 2010,previous,2015-16,337.2,337.3,0.10000000000002274,1.736
March 2011,T4.9,obr.it_nics,March 2011,current,2010-11,248.0,248.0,0.0,1.29
March 2011,T4.9,obr.it_nics,March 2011,current,2011-12,258.2,258.3,0.10000000000002274,1.341
March 2011,T4.9,obr.it_nics,March 2011,current,2012-13,271.8,271.79999999999995,5.684341886080802e-14,1.409
March 2011,T4.9,obr.it_nics,March 2011,current,2013-14,291.8,291.8,0.0,1.5090000000000001
March 2011,T4.9,obr.it_nics,March 2011,current,2014-15,310.7,310.7,0.0,1.6035
March 2011,T4.9,obr.it_nics,March 2011,current,2015-16,330.4,330.3,0.0999999999999659,1.702
March 2011,T4.10,obr.vat,November 2010,previous,2010-11,84.9,84.9,0.0,0.47450000000000003
March 2011,T4.10,obr.vat,November 2010,previous,2011-12,100.1,100.1,0.0,0.5505
March 2011,T4.10,obr.vat,November 2010,previous,2012-13,103.6,103.6,0.0,0.5680000000000001
March 2011,T4.10,obr.vat,November 2010,previous,2013-14,107.8,107.8,0.0,0.5890000000000001
March 2011,T4.10,obr.vat,November 2010,previous,2014-15,112.5,112.5,0.0,0.6125
March 2011,T4.10,obr.vat,November 2010,previous,2015-16,117.6,117.6,0.0,0.638
March 2011,T4.10,obr.vat,March 2011,current,2010-11,86.1,86.1,0.0,0.4805
March 2011,T4.10,obr.vat,March 2011,current,2011-12,100.3,100.3,0.0,0.5515
March 2011,T4.10,obr.vat,March 2011,current,2012-13,103.5,103.5,0.0,0.5675
March 2011,T4.10,obr.vat,March 2011,current,2013-14,108.1,108.1,0.0,0.5905
March 2011,T4.10,obr.vat,March 2011,current,2014-15,112.8,112.8,0.0,0.614
March 2011,T4.10,obr.vat,March 2011,current,2015-16,117.8,117.8,0.0,0.639
March 2011,T4.11,obr.onshore,November 2010,previous,2010-11,35.8,35.8,0.0,0.22899999999999998
March 2011,T4.11,obr.onshore,November 2010,previous,2011-12,37.3,37.3,0.0,0.2365
March 2011,T4.11,obr.onshore,November 2010,previous,2012-13,40.2,40.2,0.0,0.251
March 2011,T4.11,obr.onshore,November 2010,previous,2013-14,43.1,43.1,0.0,0.2655
March 2011,T4.11,obr.onshore,November 2010,previous,2014-15,45.4,45.4,0.0,0.277
March 2011,T4.11,obr.onshore,November 2010,previous,2015-16,48.0,48.0,0.0,0.29
March 2011,T4.11,obr.onshore,March 2011,current,2010-11,35.3,35.3,0.0,0.22649999999999998
March 2011,T4.11,obr.onshore,March 2011,current,2011-12,37.6,37.6,0.0,0.238
March 2011,T4.11,obr.onshore,March 2011,current,2012-13,39.5,39.5,0.0,0.2475
March 2011,T4.11,obr.onshore,March 2011,current,2013-14,41.6,41.6,0.0,0.258
March 2011,T4.11,obr.onshore,March 2011,current,2014-15,43.4,43.4,0.0,0.267
March 2011,T4.11,obr.onshore,March 2011,current,2015-16,45.6,45.6,0.0,0.278
March 2011,T4.13,obr.fuel,November 2010,previous,2010-11,27.7,27.7,0.0,0.1885
March 2011,T4.13,obr.fuel,November 2010,previous,2011-12,29.3,29.3,0.0,0.1965
March 2011,T4.13,obr.fuel,November 2010,previous,2012-13,30.7,30.7,0.0,0.20350000000000001
March 2011,T4.13,obr.fuel,November 2010,previous,2013-14,32.1,32.1,0.0,0.21050000000000002
March 2011,T4.13,obr.fuel,November 2010,previous,2014-15,33.8,33.8,0.0,0.21899999999999997
March 2011,T4.13,obr.fuel,November 2010,previous,2015-16,35.0,35.0,0.0,0.22500000000000003
March 2011,T4.13,obr.fuel,March 2011,current,2010-11,27.3,27.3,0.0,0.1865
March 2011,T4.13,obr.fuel,March 2011,current,2011-12,26.9,26.9,0.0,0.1845
March 2011,T4.13,obr.fuel,March 2011,current,2012-13,28.5,28.5,0.0,0.1925
March 2011,T4.13,obr.fuel,March 2011,current,2013-14,30.0,30.0,0.0,0.2
March 2011,T4.13,obr.fuel,March 2011,current,2014-15,31.3,31.3,0.0,0.20650000000000002
March 2011,T4.13,obr.fuel,March 2011,current,2015-16,32.7,32.7,0.0,0.21350000000000002
March 2012,T4.11,obr.vat,November 2011,previous,2011-12,97.1,97.1,0.0,0.5355
March 2012,T4.11,obr.vat,November 2011,previous,2012-13,100.2,100.2,0.0,0.551
March 2012,T4.11,obr.vat,November 2011,previous,2013-14,104.1,104.1,0.0,0.5705
March 2012,T4.11,obr.vat,November 2011,previous,2014-15,108.8,108.8,0.0,0.5940000000000001
March 2012,T4.11,obr.vat,November 2011,previous,2015-16,113.6,113.6,0.0,0.618
March 2012,T4.11,obr.vat,November 2011,previous,2016-17,118.6,118.6,0.0,0.643
March 2012,T4.11,obr.vat,March 2012,current,2011-12,98.0,98.0,0.0,0.54
March 2012,T4.11,obr.vat,March 2012,current,2012-13,102.0,102.0,0.0,0.56
March 2012,T4.11,obr.vat,March 2012,current,2013-14,106.1,106.1,0.0,0.5805
March 2012,T4.11,obr.vat,March 2012,current,2014-15,111.1,111.1,0.0,0.6055
March 2012,T4.11,obr.vat,March 2012,current,2015-16,116.2,116.2,0.0,0.6310000000000001
March 2012,T4.11,obr.vat,March 2012,current,2016-17,121.4,121.4,0.0,0.6570000000000001
March 2012,T4.12,obr.onshore,November 2011,previous,2011-12,34.7,34.7,0.0,0.22350000000000003
March 2012,T4.12,obr.onshore,November 2011,previous,2012-13,34.9,34.9,0.0,0.22449999999999998
March 2012,T4.12,obr.onshore,November 2011,previous,2013-14,35.3,35.3,0.0,0.22649999999999998
March 2012,T4.12,obr.onshore,November 2011,previous,2014-15,36.7,36.7,0.0,0.23350000000000004
March 2012,T4.12,obr.onshore,November 2011,previous,2015-16,38.9,38.9,0.0,0.2445
March 2012,T4.12,obr.onshore,November 2011,previous,2016-17,42.3,42.3,0.0,0.2615
March 2012,T4.12,obr.onshore,March 2012,current,2011-12,34.0,34.0,0.0,0.22000000000000003
March 2012,T4.12,obr.onshore,March 2012,current,2012-13,36.8,36.8,0.0,0.23399999999999999
March 2012,T4.12,obr.onshore,March 2012,current,2013-14,37.3,37.3,0.0,0.2365
March 2012,T4.12,obr.onshore,March 2012,current,2014-15,38.9,38.9,0.0,0.2445
March 2012,T4.12,obr.onshore,March 2012,current,2015-16,41.3,41.3,0.0,0.2565
March 2012,T4.12,obr.onshore,March 2012,current,2016-17,44.9,44.9,0.0,0.2745
March 2013,T4.10,obr.it_nics,December 2012,previous,2012-13,258.1,258.1,0.0,1.3405000000000002
March 2013,T4.10,obr.it_nics,December 2012,previous,2013-14,269.4,269.4,0.0,1.397
March 2013,T4.10,obr.it_nics,December 2012,previous,2014-15,283.1,283.1,0.0,1.4655000000000002
March 2013,T4.10,obr.it_nics,December 2012,previous,2015-16,298.5,298.5,0.0,1.5425
March 2013,T4.10,obr.it_nics,December 2012,previous,2016-17,317.4,317.4,0.0,1.637
March 2013,T4.10,obr.it_nics,December 2012,previous,2017-18,336.8,336.8,0.0,1.7340000000000002
March 2013,T4.10,obr.it_nics,March 2013,current,2012-13,254.3,254.3,0.0,1.3215000000000001
March 2013,T4.10,obr.it_nics,March 2013,current,2013-14,261.3,261.4,0.0999999999999659,1.3565
March 2013,T4.10,obr.it_nics,March 2013,current,2014-15,274.1,274.1,0.0,1.4205
March 2013,T4.10,obr.it_nics,March 2013,current,2015-16,288.3,288.3,0.0,1.4915
March 2013,T4.10,obr.it_nics,March 2013,current,2016-17,312.2,312.2,0.0,1.611
March 2013,T4.10,obr.it_nics,March 2013,current,2017-18,331.0,330.9,0.10000000000002274,1.705
March 2013,T4.11,obr.vat,December 2012,previous,2012-13,101.1,101.1,0.0,0.5555
March 2013,T4.11,obr.vat,December 2012,previous,2013-14,104.1,104.1,0.0,0.5705
March 2013,T4.11,obr.vat,December 2012,previous,2014-15,108.3,108.3,0.0,0.5915
March 2013,T4.11,obr.vat,December 2012,previous,2015-16,112.5,112.5,0.0,0.6125
March 2013,T4.11,obr.vat,December 2012,previous,2016-17,116.8,116.8,0.0,0.634
March 2013,T4.11,obr.vat,December 2012,previous,2017-18,121.5,121.5,0.0,0.6575000000000001
March 2013,T4.11,obr.vat,March 2013,current,2012-13,100.7,100.7,0.0,0.5535000000000001
March 2013,T4.11,obr.vat,March 2013,current,2013-14,103.3,103.3,0.0,0.5665
March 2013,T4.11,obr.vat,March 2013,current,2014-15,107.2,107.2,0.0,0.5860000000000001
March 2013,T4.11,obr.vat,March 2013,current,2015-16,111.2,111.2,0.0,0.6060000000000001
March 2013,T4.11,obr.vat,March 2013,current,2016-17,115.2,115.2,0.0,0.6260000000000001
March 2013,T4.11,obr.vat,March 2013,current,2017-18,119.3,119.3,0.0,0.6465000000000001
March 2013,T4.12,obr.onshore,December 2012,previous,2012-13,34.7,34.7,0.0,0.22350000000000003
March 2013,T4.12,obr.onshore,December 2012,previous,2013-14,34.3,34.3,0.0,0.22149999999999997
March 2013,T4.12,obr.onshore,December 2012,previous,2014-15,34.5,34.5,0.0,0.22250000000000003
March 2013,T4.12,obr.onshore,December 2012,previous,2015-16,35.6,35.6,0.0,0.22800000000000004
March 2013,T4.12,obr.onshore,December 2012,previous,2016-17,38.0,38.0,0.0,0.24
March 2013,T4.12,obr.onshore,December 2012,previous,2017-18,39.7,39.7,0.0,0.2485
March 2013,T4.12,obr.onshore,March 2013,current,2012-13,35.5,35.5,0.0,0.22749999999999998
March 2013,T4.12,obr.onshore,March 2013,current,2013-14,34.6,34.6,0.0,0.22300000000000003
March 2013,T4.12,obr.onshore,March 2013,current,2014-15,33.7,33.7,0.0,0.21850000000000003
March 2013,T4.12,obr.onshore,March 2013,current,2015-16,33.5,33.5,0.0,0.21750000000000003
March 2013,T4.12,obr.onshore,March 2013,current,2016-17,34.9,34.9,0.0,0.22449999999999998
March 2013,T4.12,obr.onshore,March 2013,current,2017-18,36.5,36.5,0.0,0.23249999999999998
March 2014,T4.7,obr.pscr_gbp,December 2013,previous,2013-14,606.6,618.8,12.199999999999932,3.083
March 2014,T4.7,obr.pscr_gbp,December 2013,previous,2014-15,634.5,646.6,12.100000000000023,3.2224999999999997
March 2014,T4.7,obr.pscr_gbp,December 2013,previous,2015-16,665.3,672.7,7.400000000000091,3.3764999999999996
March 2014,T4.7,obr.pscr_gbp,December 2013,previous,2016-17,705.2,708.4,3.199999999999932,3.576
March 2014,T4.7,obr.pscr_gbp,December 2013,previous,2017-18,740.3,740.8,0.5,3.7514999999999996
March 2014,T4.7,obr.pscr_gbp,December 2013,previous,2018-19,776.8,776.8,0.0,3.9339999999999997
March 2014,T4.7,obr.pscr_gbp,March 2014,current,2013-14,607.7,619.8,12.099999999999909,3.0885000000000002
March 2014,T4.7,obr.pscr_gbp,March 2014,current,2014-15,636.5,648.1,11.600000000000023,3.2325
March 2014,T4.7,obr.pscr_gbp,March 2014,current,2015-16,668.2,675.4,7.199999999999932,3.391
March 2014,T4.7,obr.pscr_gbp,March 2014,current,2016-17,708.1,711.0,2.8999999999999773,3.5905
March 2014,T4.7,obr.pscr_gbp,March 2014,current,2017-18,742.9,743.4,0.5,3.7645
March 2014,T4.7,obr.pscr_gbp,March 2014,current,2018-19,777.7,777.7,0.0,3.9385000000000003
March 2014,T4.8,obr.it_nics,December 2013,previous,2013-14,262.4,262.4,0.0,1.3619999999999999
March 2014,T4.8,obr.it_nics,December 2013,previous,2014-15,276.4,276.5,0.10000000000002274,1.432
March 2014,T4.8,obr.it_nics,December 2013,previous,2015-16,291.4,291.4,0.0,1.507
March 2014,T4.8,obr.it_nics,December 2013,previous,2016-17,313.9,313.9,0.0,1.6195
March 2014,T4.8,obr.it_nics,December 2013,previous,2017-18,331.7,331.79999999999995,0.0999999999999659,1.7085000000000001
March 2014,T4.8,obr.it_nics,December 2013,previous,2018-19,351.2,351.2,0.0,1.806
March 2014,T4.8,obr.it_nics,March 2014,current,2013-14,262.9,262.9,0.0,1.3645
March 2014,T4.8,obr.it_nics,March 2014,current,2014-15,276.5,276.5,0.0,1.4325
March 2014,T4.8,obr.it_nics,March 2014,current,2015-16,291.8,291.8,0.0,1.5090000000000001
March 2014,T4.8,obr.it_nics,March 2014,current,2016-17,315.3,315.29999999999995,5.684341886080802e-14,1.6265
March 2014,T4.8,obr.it_nics,March 2014,current,2017-18,333.3,333.3,0.0,1.7165000000000001
March 2014,T4.8,obr.it_nics,March 2014,current,2018-19,351.4,351.4,0.0,1.807
March 2014,T4.9,obr.vat,December 2013,previous,2013-14,106.2,106.2,0.0,0.5810000000000001
March 2014,T4.9,obr.vat,December 2013,previous,2014-15,109.8,109.8,0.0,0.5990000000000001
March 2014,T4.9,obr.vat,December 2013,previous,2015-16,113.7,113.7,0.0,0.6185
March 2014,T4.9,obr.vat,December 2013,previous,2016-17,117.7,117.7,0.0,0.6385000000000001
March 2014,T4.9,obr.vat,December 2013,previous,2017-18,121.8,121.8,0.0,0.659
March 2014,T4.9,obr.vat,December 2013,previous,2018-19,126.1,126.1,0.0,0.6805
March 2014,T4.9,obr.vat,March 2014,current,2013-14,106.5,106.5,0.0,0.5825
March 2014,T4.9,obr.vat,March 2014,current,2014-15,110.7,110.7,0.0,0.6035
March 2014,T4.9,obr.vat,March 2014,current,2015-16,115.0,115.0,0.0,0.6250000000000001
March 2014,T4.9,obr.vat,March 2014,current,2016-17,119.2,119.2,0.0,0.646
March 2014,T4.9,obr.vat,March 2014,current,2017-18,123.3,123.3,0.0,0.6665000000000001
March 2014,T4.9,obr.vat,March 2014,current,2018-19,127.7,127.7,0.0,0.6885000000000001
March 2014,T4.10,obr.onshore,December 2013,previous,2013-14,35.8,35.8,0.0,0.22899999999999998
March 2014,T4.10,obr.onshore,December 2013,previous,2014-15,38.2,38.2,0.0,0.24100000000000005
March 2014,T4.10,obr.onshore,December 2013,previous,2015-16,39.1,39.1,0.0,0.2455
March 2014,T4.10,obr.onshore,December 2013,previous,2016-17,40.1,40.1,0.0,0.2505
March 2014,T4.10,obr.onshore,December 2013,previous,2017-18,41.2,41.2,0.0,0.256
March 2014,T4.10,obr.onshore,December 2013,previous,2018-19,41.9,41.9,0.0,0.2595
March 2014,T4.10,obr.onshore,March 2014,current,2013-14,36.6,36.6,0.0,0.23300000000000004
March 2014,T4.10,obr.onshore,March 2014,current,2014-15,38.9,38.9,0.0,0.2445
March 2014,T4.10,obr.onshore,March 2014,current,2015-16,39.7,39.7,0.0,0.2485
March 2014,T4.10,obr.onshore,March 2014,current,2016-17,40.5,40.5,0.0,0.2525
March 2014,T4.10,obr.onshore,March 2014,current,2017-18,42.1,42.1,0.0,0.2605
March 2014,T4.10,obr.onshore,March 2014,current,2018-19,43.3,43.3,0.0,0.2665
March 2015,T4.7,obr.pscr_gbp,December 2014,previous,2014-15,645.8,645.8,0.0,3.2789999999999995
March 2015,T4.7,obr.pscr_gbp,December 2014,previous,2015-16,670.3,670.3,0.0,3.4014999999999995
March 2015,T4.7,obr.pscr_gbp,December 2014,previous,2016-17,705.8,705.8,0.0,3.5789999999999997
March 2015,T4.7,obr.pscr_gbp,December 2014,previous,2017-18,736.7,736.7,0.0,3.7335000000000003
March 2015,T4.7,obr.pscr_gbp,December 2014,previous,2018-19,769.3,769.3,0.0,3.8964999999999996
March 2015,T4.7,obr.pscr_gbp,December 2014,previous,2019-20,803.0,803.0,0.0,4.0649999999999995
March 2015,T4.7,obr.pscr_gbp,March 2015,current,2014-15,646.9,646.9,0.0,3.2845
March 2015,T4.7,obr.pscr_gbp,March 2015,current,2015-16,667.4,667.4,0.0,3.3869999999999996
March 2015,T4.7,obr.pscr_gbp,March 2015,current,2016-17,700.9,700.9,0.0,3.5545
March 2015,T4.7,obr.pscr_gbp,March 2015,current,2017-18,731.2,731.2,0.0,3.706
March 2015,T4.7,obr.pscr_gbp,March 2015,current,2018-19,764.5,764.5,0.0,3.8725
March 2015,T4.7,obr.pscr_gbp,March 2015,current,2019-20,804.3,804.3,0.0,4.0714999999999995
March 2015,T4.8,obr.it_nics,December 2014,previous,2014-15,271.9,272.0,0.10000000000002274,1.4095
March 2015,T4.8,obr.it_nics,December 2014,previous,2015-16,283.6,283.6,0.0,1.4680000000000002
March 2015,T4.8,obr.it_nics,December 2014,previous,2016-17,303.9,303.9,0.0,1.5695
March 2015,T4.8,obr.it_nics,December 2014,previous,2017-18,319.7,319.7,0.0,1.6485
March 2015,T4.8,obr.it_nics,December 2014,previous,2018-19,336.2,336.2,0.0,1.731
March 2015,T4.8,obr.it_nics,December 2014,previous,2019-20,354.1,354.1,0.0,1.8205000000000002
March 2015,T4.8,obr.it_nics,March 2015,current,2014-15,271.3,271.3,0.0,1.4065
March 2015,T4.8,obr.it_nics,March 2015,current,2015-16,283.7,283.7,0.0,1.4685
March 2015,T4.8,obr.it_nics,March 2015,current,2016-17,305.8,305.9,0.0999999999999659,1.5790000000000002
March 2015,T4.8,obr.it_nics,March 2015,current,2017-18,321.9,321.9,0.0,1.6595
March 2015,T4.8,obr.it_nics,March 2015,current,2018-19,338.2,338.20000000000005,5.684341886080802e-14,1.741
March 2015,T4.8,obr.it_nics,March 2015,current,2019-20,359.2,359.2,0.0,1.846
March 2015,T4.9,obr.vat,December 2014,previous,2014-15,110.1,110.1,0.0,0.6005
March 2015,T4.9,obr.vat,December 2014,previous,2015-16,114.1,114.1,0.0,0.6205
March 2015,T4.9,obr.vat,December 2014,previous,2016-17,117.7,117.7,0.0,0.6385000000000001
March 2015,T4.9,obr.vat,December 2014,previous,2017-18,121.6,121.6,0.0,0.658
March 2015,T4.9,obr.vat,December 2014,previous,2018-19,125.7,125.7,0.0,0.6785000000000001
March 2015,T4.9,obr.vat,December 2014,previous,2019-20,130.2,130.2,0.0,0.701
March 2015,T4.9,obr.vat,March 2015,current,2014-15,110.8,110.8,0.0,0.6040000000000001
March 2015,T4.9,obr.vat,March 2015,current,2015-16,114.3,114.3,0.0,0.6215
March 2015,T4.9,obr.vat,March 2015,current,2016-17,117.7,117.7,0.0,0.6385000000000001
March 2015,T4.9,obr.vat,March 2015,current,2017-18,121.4,121.4,0.0,0.6570000000000001
March 2015,T4.9,obr.vat,March 2015,current,2018-19,125.9,125.9,0.0,0.6795000000000001
March 2015,T4.9,obr.vat,March 2015,current,2019-20,131.1,131.1,0.0,0.7055
March 2015,T4.10,obr.onshore,December 2014,previous,2014-15,39.4,39.4,0.0,0.247
March 2015,T4.10,obr.onshore,December 2014,previous,2015-16,41.5,41.5,0.0,0.2575
March 2015,T4.10,obr.onshore,December 2014,previous,2016-17,41.7,42.0,0.29999999999999716,0.2585
March 2015,T4.10,obr.onshore,December 2014,previous,2017-18,42.6,42.9,0.29999999999999716,0.263
March 2015,T4.10,obr.onshore,December 2014,previous,2018-19,43.2,43.6,0.3999999999999986,0.266
March 2015,T4.10,obr.onshore,December 2014,previous,2019-20,43.9,44.2,0.30000000000000426,0.2695
March 2015,T4.10,obr.onshore,March 2015,current,2014-15,40.3,40.3,0.0,0.2515
March 2015,T4.10,obr.onshore,March 2015,current,2015-16,42.3,42.3,0.0,0.2615
March 2015,T4.10,obr.onshore,March 2015,current,2016-17,42.9,42.9,0.0,0.2645
March 2015,T4.10,obr.onshore,March 2015,current,2017-18,44.0,44.0,0.0,0.27
March 2015,T4.10,obr.onshore,March 2015,current,2018-19,44.8,44.8,0.0,0.27399999999999997
March 2015,T4.10,obr.onshore,March 2015,current,2019-20,46.0,46.0,0.0,0.28
March 2016,T4.8,obr.pscr_gbp,November 2015,previous,2015-16,682.2,682.2,0.0,3.4610000000000003
March 2016,T4.8,obr.pscr_gbp,November 2015,previous,2016-17,723.4,723.4,0.0,3.667
March 2016,T4.8,obr.pscr_gbp,November 2015,previous,2017-18,762.7,762.7,0.0,3.8635
March 2016,T4.8,obr.pscr_gbp,November 2015,previous,2018-19,796.5,796.5,0.0,4.0325
March 2016,T4.8,obr.pscr_gbp,November 2015,previous,2019-20,831.1,831.1,0.0,4.2055
March 2016,T4.8,obr.pscr_gbp,November 2015,previous,2020-21,871.9,871.9,0.0,4.4094999999999995
March 2016,T4.8,obr.pscr_gbp,March 2016,current,2015-16,681.8,681.7728571718019,0.027142828198066127,3.4589999999999996
March 2016,T4.8,obr.pscr_gbp,March 2016,current,2016-17,716.5,716.4549919806642,0.045008019335796234,3.6325
March 2016,T4.8,obr.pscr_gbp,March 2016,current,2017-18,745.8,745.7949848967734,0.005015103226583051,3.7789999999999995
March 2016,T4.8,obr.pscr_gbp,March 2016,current,2018-19,779.5,779.5226495506549,0.022649550654932682,3.9475
March 2016,T4.8,obr.pscr_gbp,March 2016,current,2019-20,820.9,820.891981207723,0.008018792276970999,4.1545
March 2016,T4.8,obr.pscr_gbp,March 2016,current,2020-21,852.2,852.1554545183309,0.044545481669160836,4.311
March 2016,T4.10,obr.it_nics,November 2015,previous,2015-16,286.4,286.4,0.0,1.482
March 2016,T4.10,obr.it_nics,November 2015,previous,2016-17,313.9,313.9,0.0,1.6195
March 2016,T4.10,obr.it_nics,November 2015,previous,2017-18,328.3,328.29999999999995,5.684341886080802e-14,1.6915000000000002
March 2016,T4.10,obr.it_nics,November 2015,previous,2018-19,347.5,347.5,0.0,1.7875
March 2016,T4.10,obr.it_nics,November 2015,previous,2019-20,365.8,365.8,0.0,1.8790000000000002
March 2016,T4.10,obr.it_nics,November 2015,previous,2020-21,386.8,386.9,0.0999999999999659,1.9840000000000002
March 2016,T4.10,obr.it_nics,March 2016,current,2015-16,284.7,284.70000000000005,5.684341886080802e-14,1.4735
March 2016,T4.10,obr.it_nics,March 2016,current,2016-17,308.6,308.6,0.0,1.5930000000000002
March 2016,T4.10,obr.it_nics,March 2016,current,2017-18,320.0,320.0,0.0,1.6500000000000001
March 2016,T4.10,obr.it_nics,March 2016,current,2018-19,337.1,337.1,0.0,1.7355000000000003
March 2016,T4.10,obr.it_nics,March 2016,current,2019-20,352.6,352.6,0.0,1.8130000000000002
March 2016,T4.10,obr.it_nics,March 2016,current,2020-21,369.8,369.9,0.0999999999999659,1.8990000000000002
March 2016,T4.11,obr.vat,November 2015,previous,2015-16,115.6,115.6,0.0,0.628
March 2016,T4.11,obr.vat,November 2015,previous,2016-17,120.1,120.1,0.0,0.6505000000000001
March 2016,T4.11,obr.vat,November 2015,previous,2017-18,124.9,124.9,0.0,0.6745000000000001
March 2016,T4.11,obr.vat,November 2015,previous,2018-19,130.2,130.2,0.0,0.701
March 2016,T4.11,obr.vat,November 2015,previous,2019-20,135.9,135.9,0.0,0.7295
March 2016,T4.11,obr.vat,November 2015,previous,2020-21,142.3,142.3,0.0,0.7615000000000001
March 2016,T4.11,obr.vat,March 2016,current,2015-16,115.8,115.8,0.0,0.629
March 2016,T4.11,obr.vat,March 2016,current,2016-17,120.1,120.1,0.0,0.6505000000000001
March 2016,T4.11,obr.vat,March 2016,current,2017-18,124.8,124.8,0.0,0.674
March 2016,T4.11,obr.vat,March 2016,current,2018-19,130.3,130.3,0.0,0.7015000000000001
March 2016,T4.11,obr.vat,March 2016,current,2019-20,135.9,135.9,0.0,0.7295
March 2016,T4.11,obr.vat,March 2016,current,2020-21,142.0,142.0,0.0,0.76
March 2016,T4.12,obr.onshore,November 2015,previous,2015-16,43.4,43.4,0.0,0.267
March 2016,T4.12,obr.onshore,November 2015,previous,2016-17,44.2,44.2,0.0,0.271
March 2016,T4.12,obr.onshore,November 2015,previous,2017-18,49.2,49.2,0.0,0.29600000000000004
March 2016,T4.12,obr.onshore,November 2015,previous,2018-19,47.4,47.4,0.0,0.287
March 2016,T4.12,obr.onshore,November 2015,previous,2019-20,44.9,44.9,0.0,0.2745
March 2016,T4.12,obr.onshore,November 2015,previous,2020-21,46.1,46.1,0.0,0.2805
March 2016,T4.12,obr.onshore,March 2016,current,2015-16,43.6,43.6,0.0,0.268
March 2016,T4.12,obr.onshore,March 2016,current,2016-17,43.4,43.4,0.0,0.267
March 2016,T4.12,obr.onshore,March 2016,current,2017-18,45.9,45.9,0.0,0.2795
March 2016,T4.12,obr.onshore,March 2016,current,2018-19,46.1,46.1,0.0,0.2805
March 2016,T4.12,obr.onshore,March 2016,current,2019-20,53.0,53.0,0.0,0.315
March 2016,T4.12,obr.onshore,March 2016,current,2020-21,50.4,50.4,0.0,0.302
March 2017,T4.8,obr.pscr_gbp,November 2016,previous,2016-17,710.6097162649385,710.6097162649385,0.0,3.603048581324692
March 2017,T4.8,obr.pscr_gbp,November 2016,previous,2017-18,738.0398996227904,738.0398996227904,0.0,3.7401994981139515
March 2017,T4.8,obr.pscr_gbp,November 2016,previous,2018-19,767.9593752716995,767.9593752716995,0.0,3.8897968763584974
March 2017,T4.8,obr.pscr_gbp,November 2016,previous,2019-20,801.7584458706458,801.7584458706458,0.0,4.058792229353229
March 2017,T4.8,obr.pscr_gbp,November 2016,previous,2020-21,834.8187149545092,834.8187149545092,0.0,4.224093574772546
March 2017,T4.8,obr.pscr_gbp,November 2016,previous,2021-22,869.1798387188007,869.1798387188007,0.0,4.395899193594004
March 2017,T4.8,obr.pscr_gbp,March 2017,current,2016-17,721.0899139422603,721.0899139422603,0.0,3.655449569711301
March 2017,T4.8,obr.pscr_gbp,March 2017,current,2017-18,744.1577563323829,744.1577563323829,0.0,3.7707887816619143
March 2017,T4.8,obr.pscr_gbp,March 2017,current,2018-19,776.3529282766814,776.3529282766814,0.0,3.9317646413834066
March 2017,T4.8,obr.pscr_gbp,March 2017,current,2019-20,806.5462624207581,806.5462624207581,0.0,4.082731312103791
March 2017,T4.8,obr.pscr_gbp,March 2017,current,2020-21,834.7608931607438,834.7608931607438,0.0,4.223804465803719
March 2017,T4.8,obr.pscr_gbp,March 2017,current,2021-22,869.5477317438919,869.5477317438919,0.0,4.397738658719459
March 2017,T4.9,obr.it_nics,November 2016,previous,2016-17,298.0617074515251,298.0617074515251,0.0,1.5403085372576255
March 2017,T4.9,obr.it_nics,November 2016,previous,2017-18,304.5290364500718,304.5290364500719,5.684341886080802e-14,1.5726451822503593
March 2017,T4.9,obr.it_nics,November 2016,previous,2018-19,316.4785008964377,316.4785008964377,0.0,1.6323925044821885
March 2017,T4.9,obr.it_nics,November 2016,previous,2019-20,331.37041112870565,331.37041112870565,0.0,1.7068520556435283
March 2017,T4.9,obr.it_nics,November 2016,previous,2020-21,347.3254538345353,347.32545383453527,5.684341886080802e-14,1.7866272691726768
March 2017,T4.9,obr.it_nics,November 2016,previous,2021-22,365.1893468148815,365.1893468148815,0.0,1.8759467340744076
March 2017,T4.9,obr.it_nics,March 2017,current,2016-17,299.6843843087397,299.72128951624376,0.036905207504048576,1.5484219215436987
March 2017,T4.9,obr.it_nics,March 2017,current,2017-18,305.240107475855,304.4582273420844,0.781880133770585,1.576200537379275
March 2017,T4.9,obr.it_nics,March 2017,current,2018-19,318.1518635794742,317.6725300306931,0.47933354878108503,1.640759317897371
March 2017,T4.9,obr.it_nics,March 2017,current,2019-20,331.8547665943251,331.1356066550782,0.7191599392468788,1.7092738329716255
March 2017,T4.9,obr.it_nics,March 2017,current,2020-21,346.70916243973113,345.8827131441475,0.8264492955836431,1.7835458121986558
March 2017,T4.9,obr.it_nics,March 2017,current,2021-22,363.6457909816255,362.57466536844976,1.0711256131757523,1.8682289549081277
March 2017,T4.10,obr.vat,November 2016,previous,2016-17,120.02514558795885,120.02514558795885,0.0,0.6501257279397943
March 2017,T4.10,obr.vat,November 2016,previous,2017-18,124.66580937013742,124.66580937013742,0.0,0.6733290468506872
March 2017,T4.10,obr.vat,November 2016,previous,2018-19,129.93581393157496,129.93581393157496,0.0,0.6996790696578749
March 2017,T4.10,obr.vat,November 2016,previous,2019-20,136.07337762528707,136.07337762528707,0.0,0.7303668881264354
March 2017,T4.10,obr.vat,November 2016,previous,2020-21,142.04163292210208,142.04163292210208,0.0,0.7602081646105104
March 2017,T4.10,obr.vat,November 2016,previous,2021-22,147.60500683655494,147.60500683655494,0.0,0.7880250341827747
March 2017,T4.10,obr.vat,March 2017,current,2016-17,120.68565898883509,120.68565898883509,0.0,0.6534282949441755
March 2017,T4.10,obr.vat,March 2017,current,2017-18,125.44575156997726,125.44575156997726,0.0,0.6772287578498863
March 2017,T4.10,obr.vat,March 2017,current,2018-19,130.75729109200978,130.75729109200978,0.0,0.7037864554600489
March 2017,T4.10,obr.vat,March 2017,current,2019-20,136.2034819916816,136.2034819916816,0.0,0.731017409958408
March 2017,T4.10,obr.vat,March 2017,current,2020-21,141.56307728618407,141.56307728618407,0.0,0.7578153864309204
March 2017,T4.10,obr.vat,March 2017,current,2021-22,146.73325803023258,146.73325803023258,0.0,0.783666290151163
March 2017,T4.12,obr.onshore,November 2016,previous,2016-17,45.900303644167884,45.900303644167884,0.0,0.2795015182208394
March 2017,T4.12,obr.onshore,November 2016,previous,2017-18,48.89772990491809,48.89772990491809,0.0,0.2944886495245904
March 2017,T4.12,obr.onshore,November 2016,previous,2018-19,49.444998314799896,49.444998314799896,0.0,0.2972249915739995
March 2017,T4.12,obr.onshore,November 2016,previous,2019-20,50.9543729999978,50.9543729999978,0.0,0.304771864999989
March 2017,T4.12,obr.onshore,November 2016,previous,2020-21,52.03313823887574,52.03313823887574,0.0,0.3101656911943787
March 2017,T4.12,obr.onshore,November 2016,previous,2021-22,52.26544431290451,52.26544431290451,0.0,0.3113272215645226
March 2017,T4.12,obr.onshore,March 2017,current,2016-17,52.80533637996983,52.80533637996984,7.105427357601002e-15,0.31402668189984917
March 2017,T4.12,obr.onshore,March 2017,current,2017-18,52.68914033072294,52.68914033072294,0.0,0.3134457016536147
March 2017,T4.12,obr.onshore,March 2017,current,2018-19,54.19033166808866,54.19033166808865,7.105427357601002e-15,0.3209516583404433
March 2017,T4.12,obr.onshore,March 2017,current,2019-20,53.49138047670042,53.49138047670043,7.105427357601002e-15,0.3174569023835021
March 2017,T4.12,obr.onshore,March 2017,current,2020-21,52.468811327678566,52.468811327678566,0.0,0.3123440566383928
March 2017,T4.12,obr.onshore,March 2017,current,2021-22,53.31952950633623,53.31952950633623,0.0,0.3165976475316811
March 2018,T4.8,obr.pscr_gbp,November 2017,previous,2017-18,745.4466871367608,745.4466871367608,0.0,3.777233435683804
March 2018,T4.8,obr.pscr_gbp,November 2017,previous,2018-19,769.8006021835319,769.8006021835319,0.0,3.899003010917659
March 2018,T4.8,obr.pscr_gbp,November 2017,previous,2019-20,792.0010548874269,792.0010548874269,0.0,4.010005274437135
March 2018,T4.8,obr.pscr_gbp,November 2017,previous,2020-21,817.1698772062384,817.1698772062384,0.0,4.135849386031192
March 2018,T4.8,obr.pscr_gbp,November 2017,previous,2021-22,841.6381587611427,841.6381587611427,0.0,4.2581907938057135
March 2018,T4.8,obr.pscr_gbp,November 2017,previous,2022-23,871.2674053083241,871.2674053083241,0.0,4.40633702654162
March 2018,T4.8,obr.pscr_gbp,March 2018,current,2017-18,752.2173098287299,752.2173098287299,0.0,3.811086549143649
March 2018,T4.8,obr.pscr_gbp,March 2018,current,2018-19,775.8135066666316,775.8135066666316,0.0,3.929067533333158
March 2018,T4.8,obr.pscr_gbp,March 2018,current,2019-20,800.096308005455,800.096308005455,0.0,4.050481540027275
March 2018,T4.8,obr.pscr_gbp,March 2018,current,2020-21,824.9076819256614,824.9076819256614,0.0,4.174538409628307
March 2018,T4.8,obr.pscr_gbp,March 2018,current,2021-22,847.4563662626908,847.4563662626908,0.0,4.287281831313454
March 2018,T4.8,obr.pscr_gbp,March 2018,current,2022-23,876.6245790721251,876.6245790721251,0.0,4.433122895360626
March 2018,T4.9,obr.nonsa_it_nics,November 2017,previous,2017-18,282.6690679869994,282.66906798699944,5.684341886080802e-14,1.463345339934997
March 2018,T4.9,obr.nonsa_it_nics,November 2017,previous,2018-19,289.2649529196143,289.2649529196143,0.0,1.4963247645980715
March 2018,T4.9,obr.nonsa_it_nics,November 2017,previous,2019-20,297.7133098758401,297.7133098758401,0.0,1.5385665493792005
March 2018,T4.9,obr.nonsa_it_nics,November 2017,previous,2020-21,308.1616604458854,308.16166044588533,5.684341886080802e-14,1.590808302229427
March 2018,T4.9,obr.nonsa_it_nics,November 2017,previous,2021-22,319.5987335498765,319.59873354987656,5.684341886080802e-14,1.6479936677493825
March 2018,T4.9,obr.nonsa_it_nics,November 2017,previous,2022-23,330.67898426603637,330.6789842660364,5.684341886080802e-14,1.703394921330182
March 2018,T4.9,obr.nonsa_it_nics,March 2018,current,2017-18,285.43927919530984,285.4392791953099,5.684341886080802e-14,1.4771963959765493
March 2018,T4.9,obr.nonsa_it_nics,March 2018,current,2018-19,294.6804622375257,294.6804622375257,0.0,1.5234023111876287
March 2018,T4.9,obr.nonsa_it_nics,March 2018,current,2019-20,303.0101296496087,303.0101296496087,0.0,1.5650506482480435
March 2018,T4.9,obr.nonsa_it_nics,March 2018,current,2020-21,313.0971198853773,313.0971198853773,0.0,1.6154855994268866
March 2018,T4.9,obr.nonsa_it_nics,March 2018,current,2021-22,323.418976169113,323.418976169113,0.0,1.6670948808455652
March 2018,T4.9,obr.nonsa_it_nics,March 2018,current,2022-23,335.46725482236786,335.46725482236786,0.0,1.7273362741118394
March 2018,T4.10,obr.sa_it,November 2017,previous,2017-18,25.4768,25.4768,0.0,0.177384
March 2018,T4.10,obr.sa_it,November 2017,previous,2018-19,29.854042766804266,29.854042766804266,0.0,0.19927021383402133
March 2018,T4.10,obr.sa_it,November 2017,previous,2019-20,31.804406937996994,31.804406937996994,0.0,0.20902203468998498
March 2018,T4.10,obr.sa_it,November 2017,previous,2020-21,33.51496886011292,33.51496886011292,0.0,0.21757484430056462
March 2018,T4.10,obr.sa_it,November 2017,previous,2021-22,34.42143876621177,34.42143876621177,0.0,0.22210719383105887
March 2018,T4.10,obr.sa_it,November 2017,previous,2022-23,36.84510512152344,36.84510512152344,0.0,0.23422552560761722
March 2018,T4.10,obr.sa_it,March 2018,current,2017-18,28.39182563133066,28.39182563133066,0.0,0.19195912815665334
March 2018,T4.10,obr.sa_it,March 2018,current,2018-19,30.319874297165498,30.319874297165498,0.0,0.20159937148582752
March 2018,T4.10,obr.sa_it,March 2018,current,2019-20,32.79929011856727,32.79929011856727,0.0,0.21399645059283634
March 2018,T4.10,obr.sa_it,March 2018,current,2020-21,34.39891492961192,34.39891492961192,0.0,0.2219945746480596
March 2018,T4.10,obr.sa_it,March 2018,current,2021-22,35.75966733170408,35.75966733170408,0.0,0.2287983366585204
March 2018,T4.10,obr.sa_it,March 2018,current,2022-23,37.95071377336856,37.95071377336856,0.0,0.2397535688668428
March 2018,T4.11,obr.vat,November 2017,previous,2017-18,125.84275779186324,125.84275779186324,0.0,0.6792137889593163
March 2018,T4.11,obr.vat,November 2017,previous,2018-19,130.28018404200435,130.28018404200435,0.0,0.7014009202100218
March 2018,T4.11,obr.vat,November 2017,previous,2019-20,134.28899882268644,134.28899882268644,0.0,0.7214449941134322
March 2018,T4.11,obr.vat,November 2017,previous,2020-21,138.7930489921667,138.7930489921667,0.0,0.7439652449608335
March 2018,T4.11,obr.vat,November 2017,previous,2021-22,143.2014935115163,143.2014935115163,0.0,0.7660074675575815
March 2018,T4.11,obr.vat,November 2017,previous,2022-23,147.76558792032043,147.76558792032043,0.0,0.7888279396016022
March 2018,T4.11,obr.vat,March 2018,current,2017-18,125.71644819684307,125.71644819684307,0.0,0.6785822409842154
March 2018,T4.11,obr.vat,March 2018,current,2018-19,130.42439081718905,130.42439081718905,0.0,0.7021219540859454
March 2018,T4.11,obr.vat,March 2018,current,2019-20,134.58058501909977,134.58058501909977,0.0,0.7229029250954989
March 2018,T4.11,obr.vat,March 2018,current,2020-21,138.73570179643312,138.73570179643312,0.0,0.7436785089821657
March 2018,T4.11,obr.vat,March 2018,current,2021-22,142.9228815532666,142.9228815532666,0.0,0.764614407766333
March 2018,T4.11,obr.vat,March 2018,current,2022-23,147.36962769871548,147.36962769871548,0.0,0.7868481384935775
March 2018,T4.12,obr.onshore,November 2017,previous,2017-18,51.52758448278472,51.52758448278472,0.0,0.30763792241392357
March 2018,T4.12,obr.onshore,November 2017,previous,2018-19,54.416342153179684,54.416342153179684,0.0,0.3220817107658984
March 2018,T4.12,obr.onshore,November 2017,previous,2019-20,53.407184012708484,53.407184012708484,0.0,0.3170359200635424
March 2018,T4.12,obr.onshore,November 2017,previous,2020-21,53.62123734488173,53.62123734488173,0.0,0.31810618672440866
March 2018,T4.12,obr.onshore,November 2017,previous,2021-22,54.04731153817415,54.04731153817415,0.0,0.3202365576908707
March 2018,T4.12,obr.onshore,November 2017,previous,2022-23,56.01925357015998,56.01925357015998,0.0,0.33009626785079993
March 2018,T4.12,obr.onshore,March 2018,current,2017-18,53.4468724760001,53.44687247600011,7.105427357601002e-15,0.3172343623800005
March 2018,T4.12,obr.onshore,March 2018,current,2018-19,55.50297341207491,55.50297341207491,0.0,0.3275148670603745
March 2018,T4.12,obr.onshore,March 2018,current,2019-20,55.349558646278865,55.34955864627887,7.105427357601002e-15,0.3267477932313943
March 2018,T4.12,obr.onshore,March 2018,current,2020-21,54.895675862637404,54.8956758626374,7.105427357601002e-15,0.324478379313187
March 2018,T4.12,obr.onshore,March 2018,current,2021-22,55.246537271268934,55.246537271268934,0.0,0.32623268635634467
March 2018,T4.12,obr.onshore,March 2018,current,2022-23,57.125461500219146,57.12546150021915,7.105427357601002e-15,0.3356273075010957
March 2018,T4.14,obr.ptt,November 2017,previous,2017-18,13.765393669153973,13.765393669153973,0.0,0.11882696834576986
March 2018,T4.14,obr.ptt,November 2017,previous,2018-19,14.045945701225671,14.045945701225671,0.0,0.12022972850612836
March 2018,T4.14,obr.ptt,November 2017,previous,2019-20,14.597960250177511,14.597960250177511,0.0,0.12298980125088756
March 2018,T4.14,obr.ptt,November 2017,previous,2020-21,15.318286049358385,15.318286049358385,0.0,0.12659143024679193
March 2018,T4.14,obr.ptt,November 2017,previous,2021-22,16.10978188597702,16.10978188597702,0.0,0.13054890942988512
March 2018,T4.14,obr.ptt,November 2017,previous,2022-23,16.934667027211827,16.934667027211827,0.0,0.13467333513605914
March 2018,T4.14,obr.ptt,March 2018,current,2017-18,13.654072224247178,13.654072224247178,0.0,0.1182703611212359
March 2018,T4.14,obr.ptt,March 2018,current,2018-19,13.780121576024527,13.780121576024527,0.0,0.11890060788012263
March 2018,T4.14,obr.ptt,March 2018,current,2019-20,14.255808115140969,14.255808115140969,0.0,0.12127904057570485
March 2018,T4.14,obr.ptt,March 2018,current,2020-21,14.873628259723127,14.873628259723127,0.0,0.12436814129861563
March 2018,T4.14,obr.ptt,March 2018,current,2021-22,15.538918125781667,15.538918125781667,0.0,0.12769459062890834
March 2018,T4.14,obr.ptt,March 2018,current,2022-23,16.325837602975657,16.325837602975657,0.0,0.13162918801487827
March 2019,T4.5,obr.pscr_gbp,October 2018,previous,2018-19,787.3080858244888,787.3080858244888,0.0,3.986540429122444
March 2019,T4.5,obr.pscr_gbp,October 2018,previous,2019-20,809.8306134529598,809.8306134529598,0.0,4.099153067264799
March 2019,T4.5,obr.pscr_gbp,October 2018,previous,2020-21,840.4089108593631,840.4089108593631,0.0,4.252044554296815
March 2019,T4.5,obr.pscr_gbp,October 2018,previous,2021-22,869.5625818058027,869.5625818058027,0.0,4.397812909029013
March 2019,T4.5,obr.pscr_gbp,October 2018,previous,2022-23,900.8437799241345,900.8437799241345,0.0,4.554218899620673
March 2019,T4.5,obr.pscr_gbp,October 2018,previous,2023-24,935.4964663950417,935.4964663950417,0.0,4.727482331975208
March 2019,T4.5,obr.pscr_gbp,March 2019,current,2018-19,789.0271094025188,789.0271094025188,0.0,3.995135547012594
March 2019,T4.5,obr.pscr_gbp,March 2019,current,2019-20,811.389898550378,811.389898550378,0.0,4.10694949275189
March 2019,T4.5,obr.pscr_gbp,March 2019,current,2020-21,844.0331453127635,844.0331453127635,0.0,4.2701657265638175
March 2019,T4.5,obr.pscr_gbp,March 2019,current,2021-22,874.0454878056837,874.0454878056837,0.0,4.420227439028419
March 2019,T4.5,obr.pscr_gbp,March 2019,current,2022-23,906.5591199590418,906.5591199590418,0.0,4.582795599795209
March 2019,T4.5,obr.pscr_gbp,March 2019,current,2023-24,941.4934278939415,941.4934278939415,0.0,4.757467139469708
March 2019,T4.6,obr.nonsa_it_nics,October 2018,previous,2018-19,296.5741698930171,296.5741698930171,0.0,1.5328708494650856
March 2019,T4.6,obr.nonsa_it_nics,October 2018,previous,2019-20,301.8952780533673,301.8952780533673,0.0,1.5594763902668365
March 2019,T4.6,obr.nonsa_it_nics,October 2018,previous,2020-21,317.3727882414332,317.3727882414332,0.0,1.6368639412071662
March 2019,T4.6,obr.nonsa_it_nics,October 2018,previous,2021-22,329.23481763480936,329.23481763480936,0.0,1.6961740881740468
March 2019,T4.6,obr.nonsa_it_nics,October 2018,previous,2022-23,342.41475940887034,342.4147594088704,5.684341886080802e-14,1.7620737970443519
March 2019,T4.6,obr.nonsa_it_nics,October 2018,previous,2023-24,357.1117611754816,357.1117611754816,0.0,1.8355588058774082
March 2019,T4.6,obr.nonsa_it_nics,March 2019,current,2018-19,298.56419901506933,298.56419901506933,0.0,1.5428209950753466
March 2019,T4.6,obr.nonsa_it_nics,March 2019,current,2019-20,305.02777369088227,305.0277736908823,5.684341886080802e-14,1.5751388684544114
March 2019,T4.6,obr.nonsa_it_nics,March 2019,current,2020-21,322.2254880820338,322.22548808203385,5.684341886080802e-14,1.661127440410169
March 2019,T4.6,obr.nonsa_it_nics,March 2019,current,2021-22,334.8163314166785,334.8163314166785,0.0,1.7240816570833926
March 2019,T4.6,obr.nonsa_it_nics,March 2019,current,2022-23,347.64963640787107,347.64963640787107,0.0,1.7882481820393554
March 2019,T4.6,obr.nonsa_it_nics,March 2019,current,2023-24,361.43058142246724,361.43058142246724,0.0,1.8571529071123363
March 2019,T4.7,obr.sa_it,October 2018,previous,2018-19,30.528560010050512,30.528560010050512,0.0,0.2026428000502526
March 2019,T4.7,obr.sa_it,October 2018,previous,2019-20,32.927396068949314,32.927396068949314,0.0,0.2146369803447466
March 2019,T4.7,obr.sa_it,October 2018,previous,2020-21,33.625349604382656,33.625349604382656,0.0,0.21812674802191329
March 2019,T4.7,obr.sa_it,October 2018,previous,2021-22,34.82451370151609,34.82451370151609,0.0,0.22412256850758044
March 2019,T4.7,obr.sa_it,October 2018,previous,2022-23,36.43329388922238,36.43329388922238,0.0,0.2321664694461119
March 2019,T4.7,obr.sa_it,October 2018,previous,2023-24,38.2824217716714,38.2824217716714,0.0,0.241412108858357
March 2019,T4.7,obr.sa_it,March 2019,current,2018-19,31.537139823886164,31.537139823886164,0.0,0.20768569911943086
March 2019,T4.7,obr.sa_it,March 2019,current,2019-20,34.04016715011055,34.04016715011055,0.0,0.22020083575055277
March 2019,T4.7,obr.sa_it,March 2019,current,2020-21,35.624208112349756,35.624208112349756,0.0,0.2281210405617488
March 2019,T4.7,obr.sa_it,March 2019,current,2021-22,36.48299944005008,36.48299944005008,0.0,0.23241499720025038
March 2019,T4.7,obr.sa_it,March 2019,current,2022-23,38.253256960864825,38.253256960864825,0.0,0.2412662848043241
March 2019,T4.7,obr.sa_it,March 2019,current,2023-24,40.31496352405845,40.31496352405845,0.0,0.25157481762029227
March 2019,T4.8,obr.vat,October 2018,previous,2018-19,132.23347310437393,132.23347310437393,0.0,0.7111673655218697
March 2019,T4.8,obr.vat,October 2018,previous,2019-20,137.15079920871756,137.15079920871756,0.0,0.7357539960435878
March 2019,T4.8,obr.vat,October 2018,previous,2020-21,141.87818600428255,141.87818600428255,0.0,0.7593909300214128
March 2019,T4.8,obr.vat,October 2018,previous,2021-22,146.35776455107577,146.35776455107577,0.0,0.781788822755379
March 2019,T4.8,obr.vat,October 2018,previous,2022-23,150.78000861007018,150.78000861007018,0.0,0.803900043050351
March 2019,T4.8,obr.vat,October 2018,previous,2023-24,155.26974253013603,155.26974253013603,0.0,0.8263487126506802
March 2019,T4.8,obr.vat,March 2019,current,2018-19,131.71928040383776,131.71928040383776,0.0,0.7085964020191888
March 2019,T4.8,obr.vat,March 2019,current,2019-20,136.58201384201914,136.58201384201914,0.0,0.7329100692100957
March 2019,T4.8,obr.vat,March 2019,current,2020-21,141.492330888589,141.492330888589,0.0,0.7574616544429451
March 2019,T4.8,obr.vat,March 2019,current,2021-22,146.26568504944314,146.26568504944314,0.0,0.7813284252472157
March 2019,T4.8,obr.vat,March 2019,current,2022-23,150.88669635740092,150.88669635740092,0.0,0.8044334817870047
March 2019,T4.8,obr.vat,March 2019,current,2023-24,155.5813025254238,155.5813025254238,0.0,0.8279065126271191
March 2019,T4.9,obr.onshore,October 2018,previous,2018-19,57.348933671084176,57.348933671084176,0.0,0.3367446683554209
March 2019,T4.9,obr.onshore,October 2018,previous,2019-20,57.41606179502548,57.41606179502548,0.0,0.33708030897512736
March 2019,T4.9,obr.onshore,October 2018,previous,2020-21,57.04427148094379,57.04427148094379,0.0,0.335221357404719
March 2019,T4.9,obr.onshore,October 2018,previous,2021-22,58.03213046078879,58.03213046078879,0.0,0.34016065230394393
March 2019,T4.9,obr.onshore,October 2018,previous,2022-23,60.493462814673876,60.493462814673876,0.0,0.3524673140733694
March 2019,T4.9,obr.onshore,October 2018,previous,2023-24,62.89741146035811,62.89741146035811,0.0,0.36448705730179054
March 2019,T4.9,obr.onshore,March 2019,current,2018-19,56.17743583022893,56.17743583022893,0.0,0.33088717915114463
March 2019,T4.9,obr.onshore,March 2019,current,2019-20,56.706410496320466,56.706410496320466,0.0,0.33353205248160234
March 2019,T4.9,obr.onshore,March 2019,current,2020-21,56.79765960319273,56.79765960319273,0.0,0.33398829801596364
March 2019,T4.9,obr.onshore,March 2019,current,2021-22,58.36802462841606,58.36802462841606,0.0,0.3418401231420803
March 2019,T4.9,obr.onshore,March 2019,current,2022-23,61.00192827499981,61.00192827499981,0.0,0.3550096413749991
March 2019,T4.9,obr.onshore,March 2019,current,2023-24,63.495835827910234,63.495835827910234,0.0,0.3674791791395512
March 2020,T3.5,obr.pscr_gbp,March 2020,current,2019-20,839.3269703863288,839.3269703863288,0.0,4.246634851931644
March 2020,T3.5,obr.pscr_gbp,March 2020,current,2020-21,872.9200499597459,872.9200499597459,0.0,4.414600249798729
March 2020,T3.5,obr.pscr_gbp,March 2020,current,2021-22,910.7540254511389,910.7540254511389,0.0,4.603770127255695
March 2020,T3.5,obr.pscr_gbp,March 2020,current,2022-23,949.195094349611,949.195094349611,0.0,4.795975471748055
March 2020,T3.5,obr.pscr_gbp,March 2020,current,2023-24,984.6590541329108,984.6590541329108,0.0,4.973295270664554
March 2020,T3.5,obr.pscr_gbp,March 2020,current,2024-25,1022.2610299465166,1022.2610299465166,0.0,5.161305149732583
March 2020,T3.6,obr.nonsa_it_nics,March 2019,previous,2019-20,305.02777369088227,305.0277736908823,5.684341886080802e-14,1.5751388684544114
March 2020,T3.6,obr.nonsa_it_nics,March 2019,previous,2020-21,322.2254880820338,322.22548808203385,5.684341886080802e-14,1.661127440410169
March 2020,T3.6,obr.nonsa_it_nics,March 2019,previous,2021-22,334.8163314166785,334.8163314166785,0.0,1.7240816570833926
March 2020,T3.6,obr.nonsa_it_nics,March 2019,previous,2022-23,347.64963640787107,347.64963640787107,0.0,1.7882481820393554
March 2020,T3.6,obr.nonsa_it_nics,March 2019,previous,2023-24,361.43058142246724,361.43058142246724,0.0,1.8571529071123363
March 2020,T3.6,obr.nonsa_it_nics,March 2020,current,2019-20,308.3644338468227,308.36443384682275,5.684341886080802e-14,1.5918221692341135
March 2020,T3.6,obr.nonsa_it_nics,March 2020,current,2020-21,323.4255713582077,323.4255713582077,0.0,1.6671278567910386
March 2020,T3.6,obr.nonsa_it_nics,March 2020,current,2021-22,338.4727051030833,338.4727051030833,0.0,1.7423635255154164
March 2020,T3.6,obr.nonsa_it_nics,March 2020,current,2022-23,354.15204427781237,354.15204427781237,0.0,1.820760221389062
March 2020,T3.6,obr.nonsa_it_nics,March 2020,current,2023-24,367.94806257316407,367.94806257316407,0.0,1.8897403128658203
March 2020,T3.6,obr.nonsa_it_nics,March 2020,current,2024-25,383.2216068981263,383.2216068981263,0.0,1.9661080344906317
March 2020,T3.7,obr.sa_it,March 2019,previous,2019-20,34.04016715011055,34.04016715011055,0.0,0.22020083575055277
March 2020,T3.7,obr.sa_it,March 2019,previous,2020-21,35.624208112349756,35.624208112349756,0.0,0.2281210405617488
March 2020,T3.7,obr.sa_it,March 2019,previous,2021-22,36.48299944005008,36.48299944005008,0.0,0.23241499720025038
March 2020,T3.7,obr.sa_it,March 2019,previous,2022-23,38.253256960864825,38.253256960864825,0.0,0.2412662848043241
March 2020,T3.7,obr.sa_it,March 2019,previous,2023-24,40.31496352405845,40.31496352405845,0.0,0.25157481762029227
March 2020,T3.7,obr.sa_it,March 2020,current,2019-20,32.251503439181974,32.251503439181974,0.0,0.21125751719590985
March 2020,T3.7,obr.sa_it,March 2020,current,2020-21,34.30952734861126,34.30952734861126,0.0,0.22154763674305633
March 2020,T3.7,obr.sa_it,March 2020,current,2021-22,35.91923162935327,35.91923162935327,0.0,0.22959615814676637
March 2020,T3.7,obr.sa_it,March 2020,current,2022-23,37.20367875616151,37.20367875616151,0.0,0.23601839378080752
March 2020,T3.7,obr.sa_it,March 2020,current,2023-24,38.94790871174624,38.94790871174624,0.0,0.24473954355873118
March 2020,T3.7,obr.sa_it,March 2020,current,2024-25,40.467578019641095,40.467578019641095,0.0,0.2523378900982055
March 2020,T3.8,obr.vat,March 2019,previous,2019-20,136.58201384201914,136.58201384201914,0.0,0.7329100692100957
March 2020,T3.8,obr.vat,March 2019,previous,2020-21,141.492330888589,141.492330888589,0.0,0.7574616544429451
March 2020,T3.8,obr.vat,March 2019,previous,2021-22,146.26568504944314,146.26568504944314,0.0,0.7813284252472157
March 2020,T3.8,obr.vat,March 2019,previous,2022-23,150.88669635740092,150.88669635740092,0.0,0.8044334817870047
March 2020,T3.8,obr.vat,March 2019,previous,2023-24,155.5813025254238,155.5813025254238,0.0,0.8279065126271191
March 2020,T3.8,obr.vat,March 2020,current,2019-20,136.61619039723445,136.61619039723445,0.0,0.7330809519861723
March 2020,T3.8,obr.vat,March 2020,current,2020-21,140.55406640281396,140.55406640281396,0.0,0.7527703320140698
March 2020,T3.8,obr.vat,March 2020,current,2021-22,145.8563971404897,145.8563971404897,0.0,0.7792819857024486
March 2020,T3.8,obr.vat,March 2020,current,2022-23,150.96828371608282,150.96828371608282,0.0,0.8048414185804141
March 2020,T3.8,obr.vat,March 2020,current,2023-24,155.83904068567924,155.83904068567924,0.0,0.8291952034283963
March 2020,T3.8,obr.vat,March 2020,current,2024-25,160.7030725543744,160.7030725543744,0.0,0.853515362771872
March 2020,T3.9,obr.onshore,March 2019,previous,2019-20,56.706410496320466,56.706410496320466,0.0,0.33353205248160234
March 2020,T3.9,obr.onshore,March 2019,previous,2020-21,56.79765960319273,56.79765960319273,0.0,0.33398829801596364
March 2020,T3.9,obr.onshore,March 2019,previous,2021-22,58.36802462841606,58.36802462841606,0.0,0.3418401231420803
March 2020,T3.9,obr.onshore,March 2019,previous,2022-23,61.00192827499981,61.00192827499981,0.0,0.3550096413749991
March 2020,T3.9,obr.onshore,March 2019,previous,2023-24,63.495835827910234,63.495835827910234,0.0,0.3674791791395512
March 2020,T3.9,obr.onshore,March 2020,current,2019-20,54.01026043986462,54.01026043986462,0.0,0.3200513021993231
March 2020,T3.9,obr.onshore,March 2020,current,2020-21,57.161360527226,57.161360527226,0.0,0.33580680263613
March 2020,T3.9,obr.onshore,March 2020,current,2021-22,58.868364852217525,58.86836485221752,7.105427357601002e-15,0.3443418242610876
March 2020,T3.9,obr.onshore,March 2020,current,2022-23,61.44956357363448,61.44956357363448,0.0,0.3572478178681724
March 2020,T3.9,obr.onshore,March 2020,current,2023-24,63.6354658213065,63.6354658213065,0.0,0.3681773291065325
March 2020,T3.9,obr.onshore,March 2020,current,2024-25,66.04485571117868,66.04485571117868,0.0,0.3802242785558934
March 2020,T3.10,obr.ptt,March 2019,previous,2019-20,12.612268347494602,12.612268347494602,0.0,0.11306134173747301
March 2020,T3.10,obr.ptt,March 2019,previous,2020-21,13.40449060650236,13.40449060650236,0.0,0.11702245303251181
March 2020,T3.10,obr.ptt,March 2019,previous,2021-22,14.450431830360664,14.450431830360664,0.0,0.12225215915180332
March 2020,T3.10,obr.ptt,March 2019,previous,2022-23,15.464398638393442,15.464398638393442,0.0,0.12732199319196721
March 2020,T3.10,obr.ptt,March 2019,previous,2023-24,16.786629979088648,16.786629979088648,0.0,0.13393314989544325
March 2020,T3.10,obr.ptt,March 2020,current,2019-20,12.781918305473319,12.781918305473319,0.0,0.1139095915273666
March 2020,T3.10,obr.ptt,March 2020,current,2020-21,13.836965286851678,13.836965286851678,0.0,0.11918482643425839
March 2020,T3.10,obr.ptt,March 2020,current,2021-22,14.699997556846226,14.699997556846226,0.0,0.12349998778423113
March 2020,T3.10,obr.ptt,March 2020,current,2022-23,16.18822841273331,16.18822841273331,0.0,0.13094114206366655
March 2020,T3.10,obr.ptt,March 2020,current,2023-24,17.42551437974166,17.42551437974166,0.0,0.1371275718987083
March 2020,T3.10,obr.ptt,March 2020,current,2024-25,18.66733937005121,18.66733937005121,0.0,0.14333669685025605
March 2020,T3.11,obr.cgt,March 2019,previous,2019-20,9.102619846729317,9.102619846729317,0.0,0.09551309923364659
March 2020,T3.11,obr.cgt,March 2019,previous,2020-21,9.74840396036397,9.74840396036397,0.0,0.09874201980181985
March 2020,T3.11,obr.cgt,March 2019,previous,2021-22,9.861692618982694,9.861692618982694,0.0,0.09930846309491348
March 2020,T3.11,obr.cgt,March 2019,previous,2022-23,10.64645789136489,10.64645789136489,0.0,0.10323228945682444
March 2020,T3.11,obr.cgt,March 2019,previous,2023-24,11.573708120272205,11.573708120272205,0.0,0.10786854060136103
March 2020,T3.11,obr.cgt,March 2020,current,2019-20,9.978084427844085,9.978084427844085,0.0,0.09989042213922042
March 2020,T3.11,obr.cgt,March 2020,current,2020-21,11.394143464850865,11.394143464850865,0.0,0.10697071732425434
March 2020,T3.11,obr.cgt,March 2020,current,2021-22,12.679309814235515,12.679309814235515,0.0,0.11339654907117758
March 2020,T3.11,obr.cgt,March 2020,current,2022-23,14.273670552509907,14.273670552509907,0.0,0.12136835276254954
March 2020,T3.11,obr.cgt,March 2020,current,2023-24,15.678265858400957,15.678265858400957,0.0,0.1283913292920048
March 2020,T3.11,obr.cgt,March 2020,current,2024-25,17.009501741952565,17.009501741952565,0.0,0.13504750870976284
March 2021,T3.3,obr.pscr_gbp,March 2020,previous,2020-21,872.9200499597459,872.9200499597459,0.0,4.414600249798729
March 2021,T3.3,obr.pscr_gbp,March 2020,previous,2021-22,910.7540254511389,910.7540254511389,0.0,4.603770127255695
March 2021,T3.3,obr.pscr_gbp,March 2020,previous,2022-23,949.195094349611,949.195094349611,0.0,4.795975471748055
March 2021,T3.3,obr.pscr_gbp,March 2020,previous,2023-24,984.6590541329108,984.6590541329108,0.0,4.973295270664554
March 2021,T3.3,obr.pscr_gbp,March 2020,previous,2024-25,1022.2610299465166,1022.2610299465166,0.0,5.161305149732583
March 2021,T3.3,obr.pscr_gbp,November 2020,previous,2020-21,771.032430142143,771.032430142143,0.0,3.905162150710715
March 2021,T3.3,obr.pscr_gbp,November 2020,previous,2021-22,847.2660595821679,847.2660595821679,0.0,4.2863302979108395
March 2021,T3.3,obr.pscr_gbp,November 2020,previous,2022-23,885.887147377904,885.887147377904,0.0,4.47943573688952
March 2021,T3.3,obr.pscr_gbp,November 2020,previous,2023-24,926.9927629421802,926.9927629421802,0.0,4.684963814710901
March 2021,T3.3,obr.pscr_gbp,November 2020,previous,2024-25,964.3928552992915,964.3928552992915,0.0,4.871964276496457
March 2021,T3.3,obr.pscr_gbp,November 2020,previous,2025-26,1004.2674524727298,1004.2674524727298,0.0,5.071337262363649
March 2021,T3.3,obr.pscr_gbp,March 2021,current,2020-21,786.3184396572888,786.3184396572885,2.2737367544323206e-13,3.9815921982864437
March 2021,T3.3,obr.pscr_gbp,March 2021,current,2021-22,819.316609058463,819.3166090584627,2.2737367544323206e-13,4.1465830452923145
March 2021,T3.3,obr.pscr_gbp,March 2021,current,2022-23,885.3857624273198,885.3857624273198,0.0,4.476928812136599
March 2021,T3.3,obr.pscr_gbp,March 2021,current,2023-24,944.7131586298406,944.7131586298406,0.0,4.773565793149203
March 2021,T3.3,obr.pscr_gbp,March 2021,current,2024-25,994.2249953403702,994.2249953403702,0.0,5.021124976701851
March 2021,T3.3,obr.pscr_gbp,March 2021,current,2025-26,1037.797089122268,1037.797089122268,0.0,5.23898544561134
March 2021,T3.7,obr.nonsa_it_nics,March 2020,previous,2019-20,308.3644338468227,308.36443384682275,5.684341886080802e-14,1.5918221692341135
March 2021,T3.7,obr.nonsa_it_nics,March 2020,previous,2020-21,323.4255713582077,323.4255713582077,0.0,1.6671278567910386
March 2021,T3.7,obr.nonsa_it_nics,March 2020,previous,2021-22,338.4727051030833,338.4727051030833,0.0,1.7423635255154164
March 2021,T3.7,obr.nonsa_it_nics,March 2020,previous,2022-23,354.15204427781237,354.15204427781237,0.0,1.820760221389062
March 2021,T3.7,obr.nonsa_it_nics,March 2020,previous,2023-24,367.94806257316407,367.94806257316407,0.0,1.8897403128658203
March 2021,T3.7,obr.nonsa_it_nics,March 2020,previous,2024-25,383.2216068981263,383.2216068981263,0.0,1.9661080344906317
March 2021,T3.7,obr.nonsa_it_nics,November 2020,previous,2019-20,306.389,306.389,0.0,1.5819450000000002
March 2021,T3.7,obr.nonsa_it_nics,November 2020,previous,2020-21,304.3247722121503,304.3247722121504,5.684341886080802e-14,1.5716238610607516
March 2021,T3.7,obr.nonsa_it_nics,November 2020,previous,2021-22,313.2663914390025,313.2663914390025,0.0,1.6163319571950128
March 2021,T3.7,obr.nonsa_it_nics,November 2020,previous,2022-23,325.7079145400291,325.70791454002904,5.684341886080802e-14,1.6785395727001455
March 2021,T3.7,obr.nonsa_it_nics,November 2020,previous,2023-24,339.6235948982943,339.6235948982943,0.0,1.7481179744914717
March 2021,T3.7,obr.nonsa_it_nics,November 2020,previous,2024-25,355.59100963560945,355.5910096356094,5.684341886080802e-14,1.8279550481780473
March 2021,T3.7,obr.nonsa_it_nics,November 2020,previous,2025-26,373.1708679595038,373.1708679595038,0.0,1.9158543397975192
March 2021,T3.7,obr.nonsa_it_nics,March 2021,current,2019-20,306.401,306.40099999999995,5.684341886080802e-14,1.582005
March 2021,T3.7,obr.nonsa_it_nics,March 2021,current,2020-21,307.79062275699295,307.79062275699295,0.0,1.5889531137849648
March 2021,T3.7,obr.nonsa_it_nics,March 2021,current,2021-22,314.24753855672213,314.24753855672213,0.0,1.6212376927836107
March 2021,T3.7,obr.nonsa_it_nics,March 2021,current,2022-23,331.0120610513223,331.01206105132223,5.684341886080802e-14,1.7050603052566116
March 2021,T3.7,obr.nonsa_it_nics,March 2021,current,2023-24,344.37647216026363,344.3764721602637,5.684341886080802e-14,1.7718823608013183
March 2021,T3.7,obr.nonsa_it_nics,March 2021,current,2024-25,361.4326754778297,361.4326754778298,5.684341886080802e-14,1.8571633773891487
March 2021,T3.7,obr.nonsa_it_nics,March 2021,current,2025-26,380.71368014220855,380.71368014220855,0.0,1.9535684007110428
March 2021,T3.8,obr.sa_it,March 2020,previous,2019-20,32.251503439181974,32.251503439181974,0.0,0.21125751719590985
March 2021,T3.8,obr.sa_it,March 2020,previous,2020-21,34.30952734861126,34.30952734861126,0.0,0.22154763674305633
March 2021,T3.8,obr.sa_it,March 2020,previous,2021-22,35.91923162935327,35.91923162935327,0.0,0.22959615814676637
March 2021,T3.8,obr.sa_it,March 2020,previous,2022-23,37.20367875616151,37.20367875616151,0.0,0.23601839378080752
March 2021,T3.8,obr.sa_it,March 2020,previous,2023-24,38.94790871174624,38.94790871174624,0.0,0.24473954355873118
March 2021,T3.8,obr.sa_it,March 2020,previous,2024-25,40.467578019641095,40.467578019641095,0.0,0.2523378900982055
March 2021,T3.8,obr.sa_it,November 2020,previous,2019-20,32.186,32.186,0.0,0.21093
March 2021,T3.8,obr.sa_it,November 2020,previous,2020-21,24.732535135212384,24.732535135212384,0.0,0.17366267567606192
March 2021,T3.8,obr.sa_it,November 2020,previous,2021-22,36.19083543147338,36.19083543147338,0.0,0.23095417715736694
March 2021,T3.8,obr.sa_it,November 2020,previous,2022-23,30.632842375697056,30.632842375697056,0.0,0.20316421187848527
March 2021,T3.8,obr.sa_it,November 2020,previous,2023-24,32.932438447085914,32.932438447085914,0.0,0.2146621922354296
March 2021,T3.8,obr.sa_it,November 2020,previous,2024-25,34.673715490671626,34.673715490671626,0.0,0.22336857745335814
March 2021,T3.8,obr.sa_it,November 2020,previous,2025-26,36.35617256069005,36.35617256069005,0.0,0.23178086280345023
March 2021,T3.8,obr.sa_it,March 2021,current,2019-20,32.186,32.186,0.0,0.21093
March 2021,T3.8,obr.sa_it,March 2021,current,2020-21,30.793800861572148,30.793800861572148,0.0,0.20396900430786075
March 2021,T3.8,obr.sa_it,March 2021,current,2021-22,30.682647259800525,30.682647259800525,0.0,0.20341323629900265
March 2021,T3.8,obr.sa_it,March 2021,current,2022-23,30.33591771407504,30.33591771407504,0.0,0.2016795885703752
March 2021,T3.8,obr.sa_it,March 2021,current,2023-24,33.022049494809444,33.022049494809444,0.0,0.21511024747404722
March 2021,T3.8,obr.sa_it,March 2021,current,2024-25,35.35914069228623,35.35914069228623,0.0,0.2267957034614312
March 2021,T3.8,obr.sa_it,March 2021,current,2025-26,37.68197179293497,37.68197179293497,0.0,0.23840985896467481
March 2021,T3.9,obr.vat,March 2020,previous,2019-20,136.61619039723445,136.61619039723445,0.0,0.7330809519861723
March 2021,T3.9,obr.vat,March 2020,previous,2020-21,140.55406640281396,140.55406640281396,0.0,0.7527703320140698
March 2021,T3.9,obr.vat,March 2020,previous,2021-22,145.8563971404897,145.8563971404897,0.0,0.7792819857024486
March 2021,T3.9,obr.vat,March 2020,previous,2022-23,150.96828371608282,150.96828371608282,0.0,0.8048414185804141
March 2021,T3.9,obr.vat,March 2020,previous,2023-24,155.83904068567924,155.83904068567924,0.0,0.8291952034283963
March 2021,T3.9,obr.vat,March 2020,previous,2024-25,160.7030725543744,160.7030725543744,0.0,0.853515362771872
March 2021,T3.9,obr.vat,November 2020,previous,2019-20,133.772,133.772,0.0,0.71886
March 2021,T3.9,obr.vat,November 2020,previous,2020-21,116.26095708612105,116.26095708612105,0.0,0.6313047854306053
March 2021,T3.9,obr.vat,November 2020,previous,2021-22,131.37990697160333,131.37990697160333,0.0,0.7068995348580167
March 2021,T3.9,obr.vat,November 2020,previous,2022-23,142.02505388140494,142.02505388140494,0.0,0.7601252694070247
March 2021,T3.9,obr.vat,November 2020,previous,2023-24,146.41123075416036,146.41123075416036,0.0,0.7820561537708018
March 2021,T3.9,obr.vat,November 2020,previous,2024-25,150.47701020690874,150.47701020690874,0.0,0.8023850510345438
March 2021,T3.9,obr.vat,November 2020,previous,2025-26,154.7643293952806,154.7643293952806,0.0,0.8238216469764031
March 2021,T3.9,obr.vat,March 2021,current,2019-20,133.784,133.784,0.0,0.71892
March 2021,T3.9,obr.vat,March 2021,current,2020-21,119.93579876430434,119.93579876430434,0.0,0.6496789938215217
March 2021,T3.9,obr.vat,March 2021,current,2021-22,127.9014512524945,127.9014512524945,0.0,0.6895072562624726
March 2021,T3.9,obr.vat,March 2021,current,2022-23,145.63104609038493,145.63104609038493,0.0,0.7781552304519247
March 2021,T3.9,obr.vat,March 2021,current,2023-24,149.72210277851792,149.72210277851792,0.0,0.7986105138925896
March 2021,T3.9,obr.vat,March 2021,current,2024-25,155.10333638724126,155.10333638724126,0.0,0.8255166819362063
March 2021,T3.9,obr.vat,March 2021,current,2025-26,159.17572944498582,159.17572944498582,0.0,0.8458786472249291
March 2021,T3.10,obr.onshore,March 2020,previous,2019-20,54.01026043986462,54.01026043986462,0.0,0.3200513021993231
March 2021,T3.10,obr.onshore,March 2020,previous,2020-21,57.161360527226,57.161360527226,0.0,0.33580680263613
March 2021,T3.10,obr.onshore,March 2020,previous,2021-22,58.86836485221752,58.86836485221752,0.0,0.34434182426108756
March 2021,T3.10,obr.onshore,March 2020,previous,2022-23,61.44956357363448,61.44956357363448,0.0,0.3572478178681724
March 2021,T3.10,obr.onshore,March 2020,previous,2023-24,63.6354658213065,63.6354658213065,0.0,0.3681773291065325
March 2021,T3.10,obr.onshore,March 2020,previous,2024-25,66.04485571117868,66.04485571117868,0.0,0.3802242785558934
March 2021,T3.10,obr.onshore,November 2020,previous,2019-20,47.001,47.001,0.0,0.285005
March 2021,T3.10,obr.onshore,November 2020,previous,2020-21,43.20941496616383,43.20941496616383,0.0,0.26604707483081913
March 2021,T3.10,obr.onshore,November 2020,previous,2021-22,48.50064166392908,48.50064166392908,0.0,0.29250320831964544
March 2021,T3.10,obr.onshore,November 2020,previous,2022-23,56.357070176710074,56.357070176710074,0.0,0.3317853508835504
March 2021,T3.10,obr.onshore,November 2020,previous,2023-24,60.20201126764927,60.20201126764927,0.0,0.35101005633824633
March 2021,T3.10,obr.onshore,November 2020,previous,2024-25,62.32722027270515,62.32722027270515,0.0,0.36163610136352575
March 2021,T3.10,obr.onshore,November 2020,previous,2025-26,64.75767720094836,64.75767720094836,0.0,0.37378838600474185
March 2021,T3.10,obr.onshore,March 2021,current,2019-20,47.366,47.366,0.0,0.28683000000000003
March 2021,T3.10,obr.onshore,March 2021,current,2020-21,44.95520060683398,44.95520060683397,7.105427357601002e-15,0.2747760030341699
March 2021,T3.10,obr.onshore,March 2021,current,2021-22,39.48691603617766,39.48691603617766,0.0,0.24743458018088832
March 2021,T3.10,obr.onshore,March 2021,current,2022-23,48.1479730213467,48.14797302134671,7.105427357601002e-15,0.2907398651067335
March 2021,T3.10,obr.onshore,March 2021,current,2023-24,70.79714644045578,70.79714644045578,0.0,0.4039857322022789
March 2021,T3.10,obr.onshore,March 2021,current,2024-25,81.34352011682054,81.34352011682054,0.0,0.4567176005841027
March 2021,T3.10,obr.onshore,March 2021,current,2025-26,84.89470991553112,84.89470991553112,0.0,0.47447354957765564
March 2021,T3.11,obr.ptt,March 2020,previous,2019-20,12.781918305473319,12.781918305473319,0.0,0.1139095915273666
March 2021,T3.11,obr.ptt,March 2020,previous,2020-21,13.836965286851678,13.836965286851678,0.0,0.11918482643425839
March 2021,T3.11,obr.ptt,March 2020,previous,2021-22,14.699997556846226,14.699997556846226,0.0,0.12349998778423113
March 2021,T3.11,obr.ptt,March 2020,previous,2022-23,16.18822841273331,16.18822841273331,0.0,0.13094114206366655
March 2021,T3.11,obr.ptt,March 2020,previous,2023-24,17.42551437974166,17.42551437974166,0.0,0.1371275718987083
March 2021,T3.11,obr.ptt,March 2020,previous,2024-25,18.66733937005121,18.66733937005121,0.0,0.14333669685025605
March 2021,T3.11,obr.ptt,November 2020,previous,2019-20,12.549,12.549,0.0,0.112745
March 2021,T3.11,obr.ptt,November 2020,previous,2020-21,9.11289771793057,9.11289771793057,0.0,0.09556448858965286
March 2021,T3.11,obr.ptt,November 2020,previous,2021-22,12.029633543241602,12.029633543241602,0.0,0.11014816771620801
March 2021,T3.11,obr.ptt,November 2020,previous,2022-23,12.70322282773679,12.70322282773679,0.0,0.11351611413868395
March 2021,T3.11,obr.ptt,November 2020,previous,2023-24,14.063248579008894,14.063248579008894,0.0,0.12031624289504447
March 2021,T3.11,obr.ptt,November 2020,previous,2024-25,15.598763124393361,15.598763124393361,0.0,0.12799381562196682
March 2021,T3.11,obr.ptt,November 2020,previous,2025-26,16.965997598438832,16.965997598438832,0.0,0.13482998799219417
March 2021,T3.11,obr.ptt,March 2021,current,2019-20,12.549,12.549,0.0,0.112745
March 2021,T3.11,obr.ptt,March 2021,current,2020-21,9.604604721733342,9.604604721733342,0.0,0.09802302360866672
March 2021,T3.11,obr.ptt,March 2021,current,2021-22,12.296615543450791,12.296615543450791,0.0,0.11148307771725396
March 2021,T3.11,obr.ptt,March 2021,current,2022-23,14.456927233156435,14.456927233156435,0.0,0.12228463616578218
March 2021,T3.11,obr.ptt,March 2021,current,2023-24,15.093923086093268,15.093923086093268,0.0,0.12546961543046636
March 2021,T3.11,obr.ptt,March 2021,current,2024-25,16.21592116252944,16.21592116252944,0.0,0.13107960581264722
March 2021,T3.11,obr.ptt,March 2021,current,2025-26,17.334270742288453,17.334270742288453,0.0,0.1366713537114423
March 2022,T3.3,obr.pscr_gbp,March 2020,previous,2020-21,872.9200499597459,872.9200499597459,0.0,4.414600249798729
March 2022,T3.3,obr.pscr_gbp,March 2020,previous,2021-22,910.7540254511389,910.7540254511389,0.0,4.603770127255695
March 2022,T3.3,obr.pscr_gbp,March 2020,previous,2022-23,949.195094349611,949.195094349611,0.0,4.795975471748055
March 2022,T3.3,obr.pscr_gbp,March 2020,previous,2023-24,984.6590541329108,984.6590541329108,0.0,4.973295270664554
March 2022,T3.3,obr.pscr_gbp,March 2020,previous,2024-25,1022.2610299465166,1022.2610299465166,0.0,5.161305149732583
March 2022,T3.3,obr.pscr_gbp,October 2021,previous,2020-21,795.252,795.252,0.0,4.02626
March 2022,T3.3,obr.pscr_gbp,October 2021,previous,2021-22,861.9804683857793,861.9804683857793,0.0,4.359902341928897
March 2022,T3.3,obr.pscr_gbp,October 2021,previous,2022-23,962.3807361617562,962.3807361617562,0.0,4.861903680808781
March 2022,T3.3,obr.pscr_gbp,October 2021,previous,2023-24,1019.7720960561184,1019.7720960561184,0.0,5.148860480280591
March 2022,T3.3,obr.pscr_gbp,October 2021,previous,2024-25,1061.2865173705693,1061.2865173705693,0.0,5.356432586852846
March 2022,T3.3,obr.pscr_gbp,October 2021,previous,2025-26,1101.9403623865694,1101.9403623865694,0.0,5.559701811932847
March 2022,T3.3,obr.pscr_gbp,October 2021,previous,2026-27,1147.7882294580081,1147.7882294580081,0.0,5.788941147290041
March 2022,T3.3,obr.pscr_gbp,March 2022,current,2020-21,793.045,793.045,0.0,4.015225
March 2022,T3.3,obr.pscr_gbp,March 2022,current,2021-22,899.4905081264686,899.4905081264686,0.0,4.547452540632343
March 2022,T3.3,obr.pscr_gbp,March 2022,current,2022-23,987.468589539539,987.468589539539,0.0,4.987342947697695
March 2022,T3.3,obr.pscr_gbp,March 2022,current,2023-24,1050.094796667556,1050.094796667556,0.0,5.30047398333778
March 2022,T3.3,obr.pscr_gbp,March 2022,current,2024-25,1090.4196104506166,1090.4196104506166,0.0,5.502098052253083
March 2022,T3.3,obr.pscr_gbp,March 2022,current,2025-26,1130.8243836396762,1130.8243836396762,0.0,5.704121918198381
March 2022,T3.3,obr.pscr_gbp,March 2022,current,2026-27,1174.573456594222,1174.573456594222,0.0,5.922867282971111
March 2022,T3.7,obr.nonsa_it_nics,March 2020,previous,2020-21,323.4255713582077,323.4255713582077,0.0,1.6671278567910386
March 2022,T3.7,obr.nonsa_it_nics,March 2020,previous,2021-22,338.4727051030833,338.4727051030833,0.0,1.7423635255154164
March 2022,T3.7,obr.nonsa_it_nics,March 2020,previous,2022-23,354.15204427781237,354.15204427781237,0.0,1.820760221389062
March 2022,T3.7,obr.nonsa_it_nics,March 2020,previous,2023-24,367.94806257316407,367.94806257316407,0.0,1.8897403128658203
March 2022,T3.7,obr.nonsa_it_nics,March 2020,previous,2024-25,383.2216068981263,383.2216068981263,0.0,1.9661080344906317
March 2022,T3.7,obr.nonsa_it_nics,October 2021,previous,2020-21,310.213,310.21299999999997,5.684341886080802e-14,1.6010650000000002
March 2022,T3.7,obr.nonsa_it_nics,October 2021,previous,2021-22,338.4729587124662,338.47295871246615,5.684341886080802e-14,1.7423647935623312
March 2022,T3.7,obr.nonsa_it_nics,October 2021,previous,2022-23,376.2585244543687,376.2585244543687,0.0,1.9312926222718434
March 2022,T3.7,obr.nonsa_it_nics,October 2021,previous,2023-24,390.61400375988654,390.61400375988654,0.0,2.003070018799433
March 2022,T3.7,obr.nonsa_it_nics,October 2021,previous,2024-25,402.481423772091,402.481423772091,0.0,2.0624071188604547
March 2022,T3.7,obr.nonsa_it_nics,October 2021,previous,2025-26,420.6821829571412,420.68218295714115,5.684341886080802e-14,2.153410914785706
March 2022,T3.7,obr.nonsa_it_nics,October 2021,previous,2026-27,440.6652061355363,440.6652061355363,0.0,2.2533260306776817
March 2022,T3.7,obr.nonsa_it_nics,March 2022,current,2020-21,308.69500000000005,308.69500000000005,0.0,1.5934750000000004
March 2022,T3.7,obr.nonsa_it_nics,March 2022,current,2021-22,346.02372576183353,346.0237257618335,5.684341886080802e-14,1.7801186288091677
March 2022,T3.7,obr.nonsa_it_nics,March 2022,current,2022-23,384.9383796420494,384.9383796420494,0.0,1.9746918982102473
March 2022,T3.7,obr.nonsa_it_nics,March 2022,current,2023-24,397.43300784898264,397.4330078489827,5.684341886080802e-14,2.037165039244913
March 2022,T3.7,obr.nonsa_it_nics,March 2022,current,2024-25,409.14082629754654,409.14082629754654,0.0,2.0957041314877327
March 2022,T3.7,obr.nonsa_it_nics,March 2022,current,2025-26,428.6732153095009,428.67321530950085,5.684341886080802e-14,2.1933660765475045
March 2022,T3.7,obr.nonsa_it_nics,March 2022,current,2026-27,448.4899031440285,448.4899031440285,0.0,2.2924495157201425
March 2022,T3.9,obr.sa_it,March 2020,previous,2020-21,34.30952734861126,34.30952734861126,0.0,0.22154763674305633
March 2022,T3.9,obr.sa_it,March 2020,previous,2021-22,35.91923162935327,35.91923162935327,0.0,0.22959615814676637
March 2022,T3.9,obr.sa_it,March 2020,previous,2022-23,37.20367875616151,37.20367875616151,0.0,0.23601839378080752
March 2022,T3.9,obr.sa_it,March 2020,previous,2023-24,38.94790871174624,38.94790871174624,0.0,0.24473954355873118
March 2022,T3.9,obr.sa_it,March 2020,previous,2024-25,40.467578019641095,40.467578019641095,0.0,0.2523378900982055
March 2022,T3.9,obr.sa_it,October 2021,previous,2020-21,31.873,31.873,0.0,0.20936500000000002
March 2022,T3.9,obr.sa_it,October 2021,previous,2021-22,31.787,31.787,0.0,0.20893499999999998
March 2022,T3.9,obr.sa_it,October 2021,previous,2022-23,35.33361956574005,35.33361956574005,0.0,0.2266680978287003
March 2022,T3.9,obr.sa_it,October 2021,previous,2023-24,36.254824739324775,36.254824739324775,0.0,0.23127412369662387
March 2022,T3.9,obr.sa_it,October 2021,previous,2024-25,40.92452338586385,40.92452338586385,0.0,0.25462261692931926
March 2022,T3.9,obr.sa_it,October 2021,previous,2025-26,43.48637011068702,43.48637011068702,0.0,0.2674318505534351
March 2022,T3.9,obr.sa_it,October 2021,previous,2026-27,47.17058857351837,47.17058857351837,0.0,0.2858529428675919
March 2022,T3.9,obr.sa_it,March 2022,current,2020-21,31.188,31.188,0.0,0.20594
March 2022,T3.9,obr.sa_it,March 2022,current,2021-22,36.981859518539345,36.981859518539345,0.0,0.23490929759269674
March 2022,T3.9,obr.sa_it,March 2022,current,2022-23,39.51975404045359,39.51975404045359,0.0,0.24759877020226795
March 2022,T3.9,obr.sa_it,March 2022,current,2023-24,39.56595116205604,39.56595116205604,0.0,0.24782975581028022
March 2022,T3.9,obr.sa_it,March 2022,current,2024-25,45.01460317278874,45.01460317278874,0.0,0.2750730158639437
March 2022,T3.9,obr.sa_it,March 2022,current,2025-26,46.49990110975917,46.49990110975917,0.0,0.2824995055487959
March 2022,T3.9,obr.sa_it,March 2022,current,2026-27,49.850779655313985,49.850779655313985,0.0,0.29925389827656995
March 2022,T3.10,obr.vat,March 2020,previous,2020-21,140.55406640281396,140.55406640281396,0.0,0.7527703320140698
March 2022,T3.10,obr.vat,March 2020,previous,2021-22,145.8563971404897,145.8563971404897,0.0,0.7792819857024486
March 2022,T3.10,obr.vat,March 2020,previous,2022-23,150.96828371608282,150.96828371608282,0.0,0.8048414185804141
March 2022,T3.10,obr.vat,March 2020,previous,2023-24,155.83904068567924,155.83904068567924,0.0,0.8291952034283963
March 2022,T3.10,obr.vat,March 2020,previous,2024-25,160.7030725543744,160.7030725543744,0.0,0.853515362771872
March 2022,T3.10,obr.vat,October 2021,previous,2020-21,118.604,118.604,0.0,0.64302
March 2022,T3.10,obr.vat,October 2021,previous,2021-22,131.88426134380452,131.88426134380452,0.0,0.7094213067190227
March 2022,T3.10,obr.vat,October 2021,previous,2022-23,154.9692805069906,154.9692805069906,0.0,0.8248464025349531
March 2022,T3.10,obr.vat,October 2021,previous,2023-24,159.11626500187936,159.11626500187936,0.0,0.8455813250093969
March 2022,T3.10,obr.vat,October 2021,previous,2024-25,163.06582749401844,163.06582749401844,0.0,0.8653291374700922
March 2022,T3.10,obr.vat,October 2021,previous,2025-26,167.43239451900038,167.43239451900038,0.0,0.887161972595002
March 2022,T3.10,obr.vat,October 2021,previous,2026-27,172.10515076198902,172.10515076198902,0.0,0.9105257538099452
March 2022,T3.10,obr.vat,March 2022,current,2020-21,116.982,116.982,0.0,0.6349100000000001
March 2022,T3.10,obr.vat,March 2022,current,2021-22,138.66983277721368,138.66983277721368,0.0,0.7433491638860685
March 2022,T3.10,obr.vat,March 2022,current,2022-23,154.18623850764106,154.18623850764106,0.0,0.8209311925382053
March 2022,T3.10,obr.vat,March 2022,current,2023-24,159.9777659279806,159.9777659279806,0.0,0.8498888296399031
March 2022,T3.10,obr.vat,March 2022,current,2024-25,164.67334011842934,164.67334011842934,0.0,0.8733667005921467
March 2022,T3.10,obr.vat,March 2022,current,2025-26,169.42302307456828,169.42302307456828,0.0,0.8971151153728415
March 2022,T3.10,obr.vat,March 2022,current,2026-27,174.40411233386928,174.40411233386928,0.0,0.9220205616693464
March 2022,T3.11,obr.onshore,March 2020,previous,2020-21,57.161360527226,57.161360527226,0.0,0.33580680263613
March 2022,T3.11,obr.onshore,March 2020,previous,2021-22,58.868364852217525,58.86836485221752,7.105427357601002e-15,0.3443418242610876
March 2022,T3.11,obr.onshore,March 2020,previous,2022-23,61.44956357363448,61.44956357363448,0.0,0.3572478178681724
March 2022,T3.11,obr.onshore,March 2020,previous,2023-24,63.6354658213065,63.6354658213065,0.0,0.3681773291065325
March 2022,T3.11,obr.onshore,March 2020,previous,2024-25,66.04485571117868,66.04485571117868,0.0,0.3802242785558934
March 2022,T3.11,obr.onshore,October 2021,previous,2020-21,51.147999999999996,51.148,7.105427357601002e-15,0.30573999999999996
March 2022,T3.11,obr.onshore,October 2021,previous,2021-22,50.168015492105965,50.168015492105965,0.0,0.3008400774605298
March 2022,T3.11,obr.onshore,October 2021,previous,2022-23,53.78179799533437,53.78179799533437,0.0,0.31890898997667183
March 2022,T3.11,obr.onshore,October 2021,previous,2023-24,73.70152324713669,73.70152324713669,0.0,0.41850761623568344
March 2022,T3.11,obr.onshore,October 2021,previous,2024-25,83.63548126156793,83.63548126156795,1.4210854715202004e-14,0.46817740630783966
March 2022,T3.11,obr.onshore,October 2021,previous,2025-26,87.69074082222386,87.69074082222386,0.0,0.48845370411111927
March 2022,T3.11,obr.onshore,October 2021,previous,2026-27,90.05131980324643,90.05131980324644,1.4210854715202004e-14,0.5002565990162322
March 2022,T3.11,obr.onshore,March 2022,current,2020-21,52.363,52.363,0.0,0.311815
March 2022,T3.11,obr.onshore,March 2022,current,2021-22,57.806578608330774,57.80657860833077,7.105427357601002e-15,0.33903289304165385
March 2022,T3.11,obr.onshore,March 2022,current,2022-23,56.83628530808144,56.83628530808144,0.0,0.3341814265404072
March 2022,T3.11,obr.onshore,March 2022,current,2023-24,77.50105739891681,77.50105739891681,0.0,0.4375052869945841
March 2022,T3.11,obr.onshore,March 2022,current,2024-25,87.85377078244001,87.85377078244,1.4210854715202004e-14,0.48926885391220004
March 2022,T3.11,obr.onshore,March 2022,current,2025-26,92.21303489404757,92.21303489404757,0.0,0.5110651744702379
March 2022,T3.11,obr.onshore,March 2022,current,2026-27,94.11341783159945,94.11341783159945,0.0,0.5205670891579973
March 2022,T3.12,obr.ptt,March 2020,previous,2020-21,13.836965286851678,13.836965286851678,0.0,0.11918482643425839
March 2022,T3.12,obr.ptt,March 2020,previous,2021-22,14.699997556846226,14.699997556846226,0.0,0.12349998778423113
March 2022,T3.12,obr.ptt,March 2020,previous,2022-23,16.18822841273331,16.18822841273331,0.0,0.13094114206366655
March 2022,T3.12,obr.ptt,March 2020,previous,2023-24,17.42551437974166,17.42551437974166,0.0,0.1371275718987083
March 2022,T3.12,obr.ptt,March 2020,previous,2024-25,18.66733937005121,18.66733937005121,0.0,0.14333669685025605
March 2022,T3.12,obr.ptt,October 2021,previous,2020-21,9.51,9.51,0.0,0.09755
March 2022,T3.12,obr.ptt,October 2021,previous,2021-22,14.759938028149898,14.759938028149898,0.0,0.1237996901407495
March 2022,T3.12,obr.ptt,October 2021,previous,2022-23,15.832712375081604,15.832712375081604,0.0,0.129163561875408
March 2022,T3.12,obr.ptt,October 2021,previous,2023-24,16.475296091363095,16.475296091363095,0.0,0.1323764804568155
March 2022,T3.12,obr.ptt,October 2021,previous,2024-25,17.23734257373956,17.23734257373956,0.0,0.13618671286869782
March 2022,T3.12,obr.ptt,October 2021,previous,2025-26,18.175719041390355,18.175719041390355,0.0,0.14087859520695178
March 2022,T3.12,obr.ptt,October 2021,previous,2026-27,19.40566969603057,19.40566969603057,0.0,0.14702834848015287
March 2022,T3.12,obr.ptt,March 2022,current,2020-21,9.51,9.51,0.0,0.09755
March 2022,T3.12,obr.ptt,March 2022,current,2021-22,15.58802135009045,15.58802135009045,0.0,0.12794010675045225
March 2022,T3.12,obr.ptt,March 2022,current,2022-23,17.14535968052804,17.14535968052804,0.0,0.13572679840264018
March 2022,T3.12,obr.ptt,March 2022,current,2023-24,17.819840409207348,17.819840409207348,0.0,0.13909920204603676
March 2022,T3.12,obr.ptt,March 2022,current,2024-25,18.616700188750684,18.616700188750684,0.0,0.14308350094375344
March 2022,T3.12,obr.ptt,March 2022,current,2025-26,19.538380821754494,19.538380821754494,0.0,0.14769190410877248
March 2022,T3.12,obr.ptt,March 2022,current,2026-27,20.75377935000695,20.75377935000695,0.0,0.15376889675003474
March 2022,T3.13,obr.fuel,March 2020,previous,2020-21,27.48787440951701,27.48787440951701,0.0,0.18743937204758504
March 2022,T3.13,obr.fuel,March 2020,previous,2021-22,28.1320430028243,28.1320430028243,0.0,0.1906602150141215
March 2022,T3.13,obr.fuel,March 2020,previous,2022-23,30.506636167937867,30.506636167937867,0.0,0.20253318083968935
March 2022,T3.13,obr.fuel,March 2020,previous,2023-24,31.165375022937205,31.165375022937205,0.0,0.20582687511468606
March 2022,T3.13,obr.fuel,March 2020,previous,2024-25,31.687460322906443,31.687460322906443,0.0,0.20843730161453222
March 2022,T3.13,obr.fuel,October 2021,previous,2020-21,20.909,20.909,0.0,0.154545
March 2022,T3.13,obr.fuel,October 2021,previous,2021-22,26.752406871772884,26.752406871772884,0.0,0.1837620343588644
March 2022,T3.13,obr.fuel,October 2021,previous,2022-23,28.776084981111552,28.776084981111552,0.0,0.1938804249055578
March 2022,T3.13,obr.fuel,October 2021,previous,2023-24,29.86578581070584,29.86578581070584,0.0,0.19932892905352922
March 2022,T3.13,obr.fuel,October 2021,previous,2024-25,30.380717616071426,30.380717616071426,0.0,0.20190358808035713
March 2022,T3.13,obr.fuel,October 2021,previous,2025-26,30.684813121256596,30.684813121256596,0.0,0.203424065606283
March 2022,T3.13,obr.fuel,October 2021,previous,2026-27,31.13614996259297,31.13614996259297,0.0,0.20568074981296486
March 2022,T3.13,obr.fuel,March 2022,current,2020-21,20.934,20.934,0.0,0.15467000000000003
March 2022,T3.13,obr.fuel,March 2022,current,2021-22,26.17738103903928,26.17738103903928,0.0,0.1808869051951964
March 2022,T3.13,obr.fuel,March 2022,current,2022-23,26.174383129808653,26.174383129808653,0.0,0.18087191564904326
March 2022,T3.13,obr.fuel,March 2022,current,2023-24,29.85783941505486,29.85783941505486,0.0,0.19928919707527432
March 2022,T3.13,obr.fuel,March 2022,current,2024-25,30.160396991843303,30.160396991843303,0.0,0.20080198495921653
March 2022,T3.13,obr.fuel,March 2022,current,2025-26,30.07335421720276,30.07335421720276,0.0,0.2003667710860138
March 2022,T3.13,obr.fuel,March 2022,current,2026-27,30.100622846377526,30.100622846377526,0.0,0.20050311423188766
March 2023,T4.1,obr.pscr_gbp,November 2022,previous,2021-22,914.0043053798419,914.0038328409499,0.00047253889192688803,4.620021526899209
March 2023,T4.1,obr.pscr_gbp,November 2022,previous,2022-23,1004.8584980331459,1004.8584980331459,0.0,5.074292490165729
March 2023,T4.1,obr.pscr_gbp,November 2022,previous,2023-24,1058.7460660719557,1058.746066071956,2.2737367544323206e-13,5.3437303303597785
March 2023,T4.1,obr.pscr_gbp,November 2022,previous,2024-25,1096.0148937145693,1096.0148937145693,0.0,5.530074468572846
March 2023,T4.1,obr.pscr_gbp,November 2022,previous,2025-26,1122.286112180116,1122.2861121801159,2.2737367544323206e-13,5.66143056090058
March 2023,T4.1,obr.pscr_gbp,November 2022,previous,2026-27,1159.365653051123,1159.3656530511234,4.547473508864641e-13,5.846828265255615
March 2023,T4.1,obr.pscr_gbp,November 2022,previous,2027-28,1201.9515454375594,1201.9515454375608,1.3642420526593924e-12,6.0597577271877965
March 2023,T4.1,obr.pscr_gbp,March 2023,current,2021-22,917.7003053798418,917.7003053798418,0.0,4.6385015268992085
March 2023,T4.1,obr.pscr_gbp,March 2023,current,2022-23,1019.6507529397322,1019.6507529397322,0.0,5.148253764698661
March 2023,T4.1,obr.pscr_gbp,March 2023,current,2023-24,1057.6043470602372,1057.6043470602372,0.0,5.338021735301186
March 2023,T4.1,obr.pscr_gbp,March 2023,current,2024-25,1103.7421138620657,1103.7421138620657,0.0,5.568710569310328
March 2023,T4.1,obr.pscr_gbp,March 2023,current,2025-26,1136.93022905158,1136.93022905158,0.0,5.7346511452579
March 2023,T4.1,obr.pscr_gbp,March 2023,current,2026-27,1183.7057364822476,1183.7057364822476,0.0,5.968528682411238
March 2023,T4.1,obr.pscr_gbp,March 2023,current,2027-28,1230.281313457735,1230.281313457735,0.0,6.201406567288675
March 2023,T4.2,obr.nonsa_it_nics,November 2022,previous,2021-22,347.661,347.661,0.0,1.788305
March 2023,T4.2,obr.nonsa_it_nics,November 2022,previous,2022-23,381.27656802461837,381.2765680246183,5.684341886080802e-14,1.9563828401230918
March 2023,T4.2,obr.nonsa_it_nics,November 2022,previous,2023-24,388.0049949510784,388.0049949510784,0.0,1.9900249747553922
March 2023,T4.2,obr.nonsa_it_nics,November 2022,previous,2024-25,397.72800267541834,397.7280026754183,5.684341886080802e-14,2.038640013377092
March 2023,T4.2,obr.nonsa_it_nics,November 2022,previous,2025-26,410.41000933662605,410.410009336626,5.684341886080802e-14,2.10205004668313
March 2023,T4.2,obr.nonsa_it_nics,November 2022,previous,2026-27,427.6542995544302,427.6542995544302,0.0,2.188271497772151
March 2023,T4.2,obr.nonsa_it_nics,November 2022,previous,2027-28,446.73125902235444,446.73125902235444,0.0,2.283656295111772
March 2023,T4.2,obr.nonsa_it_nics,March 2023,current,2021-22,347.692,347.692,0.0,1.7884600000000002
March 2023,T4.2,obr.nonsa_it_nics,March 2023,current,2022-23,384.5629781296043,384.5629781296043,0.0,1.9728148906480216
March 2023,T4.2,obr.nonsa_it_nics,March 2023,current,2023-24,395.78592687564395,395.7859268756439,5.684341886080802e-14,2.02892963437822
March 2023,T4.2,obr.nonsa_it_nics,March 2023,current,2024-25,407.6545881319034,407.6545881319034,0.0,2.088272940659517
March 2023,T4.2,obr.nonsa_it_nics,March 2023,current,2025-26,420.06109185181145,420.0610918518115,5.684341886080802e-14,2.150305459259057
March 2023,T4.2,obr.nonsa_it_nics,March 2023,current,2026-27,435.19757501378217,435.19757501378217,0.0,2.2259878750689106
March 2023,T4.2,obr.nonsa_it_nics,March 2023,current,2027-28,452.9718110065418,452.9718110065419,5.684341886080802e-14,2.314859055032709
March 2023,T4.4,obr.onshore,November 2022,previous,2021-22,62.725,62.725,0.0,0.363625
March 2023,T4.4,obr.onshore,November 2022,previous,2022-23,65.72980805213992,65.72980805213992,0.0,0.37864904026069957
March 2023,T4.4,obr.onshore,November 2022,previous,2023-24,78.40718222381139,78.5511822238114,0.14400000000000546,0.44203591111905693
March 2023,T4.4,obr.onshore,November 2022,previous,2024-25,89.03169478090595,90.00569478090596,0.9740000000000038,0.4951584739045298
March 2023,T4.4,obr.onshore,November 2022,previous,2025-26,94.11337301535161,95.00337301535161,0.8900000000000006,0.5205668650767581
March 2023,T4.4,obr.onshore,November 2022,previous,2026-27,98.07117011812988,98.96617011812988,0.894999999999996,0.5403558505906495
March 2023,T4.4,obr.onshore,November 2022,previous,2027-28,100.50100705423931,101.43000705423931,0.929000000000002,0.5525050352711967
March 2023,T4.4,obr.onshore,March 2023,current,2021-22,65.021,65.021,0.0,0.375105
March 2023,T4.4,obr.onshore,March 2023,current,2022-23,68.12426380242982,68.12426380242982,0.0,0.39062131901214914
March 2023,T4.4,obr.onshore,March 2023,current,2023-24,76.63072291410397,76.63072291410397,0.0,0.4331536145705199
March 2023,T4.4,obr.onshore,March 2023,current,2024-25,85.06949588203211,85.06949588203211,0.0,0.4753474794101606
March 2023,T4.4,obr.onshore,March 2023,current,2025-26,91.97685283281629,91.97685283281629,0.0,0.5098842641640815
March 2023,T4.4,obr.onshore,March 2023,current,2026-27,102.63748868878021,102.63748868878021,0.0,0.5631874434439011
March 2023,T4.4,obr.onshore,March 2023,current,2027-28,108.37393930832643,108.37393930832643,0.0,0.5918696965416322
March 2024,T4.1,obr.pscr_gbp,November 2023,previous,2022-23,1023.159,1023.159,0.0,5.165795
March 2024,T4.1,obr.pscr_gbp,November 2023,previous,2023-24,1098.4227807067657,1098.4227807067657,0.0,5.542113903533829
March 2024,T4.1,obr.pscr_gbp,November 2023,previous,2024-25,1152.1861902508144,1152.1861902508144,0.0,5.810930951254072
March 2024,T4.1,obr.pscr_gbp,November 2023,previous,2025-26,1187.6905296060008,1187.6905296060008,0.0,5.988452648030004
March 2024,T4.1,obr.pscr_gbp,November 2023,previous,2026-27,1232.9037244137219,1232.9037244137219,0.0,6.214518622068609
March 2024,T4.1,obr.pscr_gbp,November 2023,previous,2027-28,1284.5058268359385,1284.5058268359385,0.0,6.472529134179692
March 2024,T4.1,obr.pscr_gbp,November 2023,previous,2028-29,1338.0332382134984,1338.0332382134984,0.0,6.740166191067492
March 2024,T4.1,obr.pscr_gbp,March 2024,current,2022-23,1028.73,1028.73,0.0,5.19365
March 2024,T4.1,obr.pscr_gbp,March 2024,current,2023-24,1102.1889797053825,1102.1889797053825,0.0,5.5609448985269125
March 2024,T4.1,obr.pscr_gbp,March 2024,current,2024-25,1139.1216243472645,1139.1216243472645,0.0,5.745608121736322
March 2024,T4.1,obr.pscr_gbp,March 2024,current,2025-26,1174.1748592520482,1174.1748592520482,0.0,5.920874296260241
March 2024,T4.1,obr.pscr_gbp,March 2024,current,2026-27,1221.592401860302,1221.592401860302,0.0,6.15796200930151
March 2024,T4.1,obr.pscr_gbp,March 2024,current,2027-28,1272.4995452577255,1272.4995452577255,0.0,6.412497726288628
March 2024,T4.1,obr.pscr_gbp,March 2024,current,2028-29,1322.2410101070552,1322.2410101070552,0.0,6.661205050535276
March 2024,T4.2,obr.nonsa_it_nics,November 2023,previous,2022-23,384.10699999999997,385.65,1.5430000000000064,1.970535
March 2024,T4.2,obr.nonsa_it_nics,November 2023,previous,2023-24,408.31109407394945,408.3110940739495,5.684341886080802e-14,2.091555470369747
March 2024,T4.2,obr.nonsa_it_nics,November 2023,previous,2024-25,420.729343367375,420.729343367375,0.0,2.153646716836875
March 2024,T4.2,obr.nonsa_it_nics,November 2023,previous,2025-26,435.6990372500286,435.69903725002865,5.684341886080802e-14,2.228495186250143
March 2024,T4.2,obr.nonsa_it_nics,November 2023,previous,2026-27,454.0356719779464,454.0356719779464,0.0,2.3201783598897316
March 2024,T4.2,obr.nonsa_it_nics,November 2023,previous,2027-28,474.8540313337855,474.85403133378554,5.684341886080802e-14,2.424270156668927
March 2024,T4.2,obr.nonsa_it_nics,November 2023,previous,2028-29,493.65810741627104,493.65810741627104,0.0,2.518290537081355
March 2024,T4.2,obr.nonsa_it_nics,March 2024,current,2022-23,384.66700000000003,384.66700000000003,0.0,1.9733350000000003
March 2024,T4.2,obr.nonsa_it_nics,March 2024,current,2023-24,415.8851391139028,415.8851391139028,0.0,2.129425695569514
March 2024,T4.2,obr.nonsa_it_nics,March 2024,current,2024-25,415.4299176230539,415.4299176230539,0.0,2.127149588115269
March 2024,T4.2,obr.nonsa_it_nics,March 2024,current,2025-26,430.87890315672246,430.87890315672246,0.0,2.204394515783612
March 2024,T4.2,obr.nonsa_it_nics,March 2024,current,2026-27,447.84689375238435,447.8468937523844,5.684341886080802e-14,2.2892344687619217
March 2024,T4.2,obr.nonsa_it_nics,March 2024,current,2027-28,466.11330962681194,466.113309626812,5.684341886080802e-14,2.3805665481340594
March 2024,T4.2,obr.nonsa_it_nics,March 2024,current,2028-29,482.75483188861165,482.75483188861165,0.0,2.463774159443058
March 2024,T4.3,obr.onshore,November 2023,previous,2022-23,72.807,72.807,0.0,0.414035
March 2024,T4.3,obr.onshore,November 2023,previous,2023-24,93.6006558844348,93.83707947914927,0.2364235947144664,0.5180032794221741
March 2024,T4.3,obr.onshore,November 2023,previous,2024-25,100.94544322816868,101.77648745749632,0.831044229327631,0.5547272161408435
March 2024,T4.3,obr.onshore,November 2023,previous,2025-26,103.22134387771801,104.31301272156924,1.0916688438512239,0.5661067193885901
March 2024,T4.3,obr.onshore,November 2023,previous,2026-27,106.92510715979597,108.24743952714559,1.3223323673496168,0.5846255357989799
March 2024,T4.3,obr.onshore,November 2023,previous,2027-28,110.55896968082348,111.95471576497798,1.3957460841544957,0.6027948484041175
March 2024,T4.3,obr.onshore,November 2023,previous,2028-29,115.12494641444381,116.58549701393308,1.4605505994892667,0.6256247320722191
March 2024,T4.3,obr.onshore,March 2024,current,2022-23,73.8967487910475,73.8967487910475,0.0,0.4194837439552375
March 2024,T4.3,obr.onshore,March 2024,current,2023-24,92.22380496907647,92.37380496907647,0.15000000000000568,0.5111190248453824
March 2024,T4.3,obr.onshore,March 2024,current,2024-25,98.4465927406934,99.4885927406934,1.0420000000000016,0.5422329637034671
March 2024,T4.3,obr.onshore,March 2024,current,2025-26,99.74122906217264,101.05022906217265,1.3090000000000117,0.5487061453108633
March 2024,T4.3,obr.onshore,March 2024,current,2026-27,103.63303706346007,104.98203706346007,1.3490000000000038,0.5681651853173004
March 2024,T4.3,obr.onshore,March 2024,current,2027-28,107.52656726216452,108.93856726216453,1.4120000000000061,0.5876328363108226
March 2024,T4.3,obr.onshore,March 2024,current,2028-29,112.62736446242097,114.10836446242097,1.4809999999999945,0.6131368223121049
March 2025,T4.2,obr.pscr_gbp,October 2024,previous,2023-24,1100.811,1100.811,0.0,5.554055
March 2025,T4.2,obr.pscr_gbp,October 2024,previous,2024-25,1148.6872588739361,1148.6872588739361,0.0,5.79343629436968
March 2025,T4.2,obr.pscr_gbp,October 2024,previous,2025-26,1229.4796666500777,1229.4796666500777,0.0,6.197398333250388
March 2025,T4.2,obr.pscr_gbp,October 2024,previous,2026-27,1290.5340400341224,1290.5340400341224,0.0,6.502670200170612
March 2025,T4.2,obr.pscr_gbp,October 2024,previous,2027-28,1345.9792784398599,1345.9792784398599,0.0,6.7798963921993
March 2025,T4.2,obr.pscr_gbp,October 2024,previous,2028-29,1389.7674838480054,1389.7674838480054,0.0,6.998837419240028
March 2025,T4.2,obr.pscr_gbp,October 2024,previous,2029-30,1439.914048579725,1439.914048579725,0.0,7.249570242898625
March 2025,T4.2,obr.pscr_gbp,March 2025,current,2023-24,1098.592,1098.592,0.0,5.542960000000001
March 2025,T4.2,obr.pscr_gbp,March 2025,current,2024-25,1141.229445996776,1141.229445996776,0.0,5.756147229983879
March 2025,T4.2,obr.pscr_gbp,March 2025,current,2025-26,1229.4985058656325,1229.4985058656325,0.0,6.197492529328162
March 2025,T4.2,obr.pscr_gbp,March 2025,current,2026-27,1292.3063469533176,1292.3063469533176,0.0,6.511531734766588
March 2025,T4.2,obr.pscr_gbp,March 2025,current,2027-28,1350.6552226267656,1350.6552226267656,0.0,6.803276113133828
March 2025,T4.2,obr.pscr_gbp,March 2025,current,2028-29,1394.0199787189486,1394.0199787189486,0.0,7.020099893594742
March 2025,T4.2,obr.pscr_gbp,March 2025,current,2029-30,1445.0065045114238,1445.0065045114238,0.0,7.275032522557119
March 2025,T4.3,obr.nonsa_it_nics,October 2024,previous,2023-24,413.822,413.822,0.0,2.11911
March 2025,T4.3,obr.nonsa_it_nics,October 2024,previous,2024-25,425.66744918268927,425.66744918268927,0.0,2.178337245913446
March 2025,T4.3,obr.nonsa_it_nics,October 2024,previous,2025-26,471.02445868820917,471.02445868820905,1.1368683772161603e-13,2.4051222934410457
March 2025,T4.3,obr.nonsa_it_nics,October 2024,previous,2026-27,492.4985608637189,492.49856086371904,1.1368683772161603e-13,2.5124928043185943
March 2025,T4.3,obr.nonsa_it_nics,October 2024,previous,2027-28,513.4503943924295,513.4503943924296,1.1368683772161603e-13,2.6172519719621476
March 2025,T4.3,obr.nonsa_it_nics,October 2024,previous,2028-29,522.2905803403826,522.2905803403826,0.0,2.661452901701913
March 2025,T4.3,obr.nonsa_it_nics,October 2024,previous,2029-30,536.8851564460257,536.8851564460257,0.0,2.734425782230128
March 2025,T4.3,obr.nonsa_it_nics,March 2025,current,2023-24,413.82099999999997,413.821,5.684341886080802e-14,2.119105
March 2025,T4.3,obr.nonsa_it_nics,March 2025,current,2024-25,428.041,428.041,0.0,2.1902049999999997
March 2025,T4.3,obr.nonsa_it_nics,March 2025,current,2025-26,478.09542101711924,478.0954210171192,5.684341886080802e-14,2.4404771050855962
March 2025,T4.3,obr.nonsa_it_nics,March 2025,current,2026-27,500.89542057701806,500.89542057701806,0.0,2.55447710288509
March 2025,T4.3,obr.nonsa_it_nics,March 2025,current,2027-28,522.9685525749778,522.9685525749778,0.0,2.664842762874889
March 2025,T4.3,obr.nonsa_it_nics,March 2025,current,2028-29,532.7178958699374,532.7178958699374,0.0,2.713589479349687
March 2025,T4.3,obr.nonsa_it_nics,March 2025,current,2029-30,548.1700820691444,548.1700820691444,0.0,2.790850410345722
March 2025,T4.4,obr.sa_it,October 2024,previous,2023-24,42.678,42.678,0.0,0.26339
March 2025,T4.4,obr.sa_it,October 2024,previous,2024-25,53.183030222182936,53.183030222182936,0.0,0.31591515111091467
March 2025,T4.4,obr.sa_it,October 2024,previous,2025-26,56.46267171561885,56.46267171561885,0.0,0.33231335857809424
March 2025,T4.4,obr.sa_it,October 2024,previous,2026-27,65.49852717398569,65.49852717398569,0.0,0.3774926358699285
March 2025,T4.4,obr.sa_it,October 2024,previous,2027-28,69.6526410314386,69.6526410314386,0.0,0.39826320515719305
March 2025,T4.4,obr.sa_it,October 2024,previous,2028-29,74.07710233852809,74.07710233852809,0.0,0.42038551169264043
March 2025,T4.4,obr.sa_it,October 2024,previous,2029-30,78.32067434988672,78.32067434988672,0.0,0.4416033717494336
March 2025,T4.4,obr.sa_it,March 2025,current,2023-24,42.678,42.678,0.0,0.26339
March 2025,T4.4,obr.sa_it,March 2025,current,2024-25,49.705,49.705,0.0,0.298525
March 2025,T4.4,obr.sa_it,March 2025,current,2025-26,53.260219774559516,53.260219774559516,0.0,0.31630109887279756
March 2025,T4.4,obr.sa_it,March 2025,current,2026-27,61.949979617548415,61.949979617548415,0.0,0.35974989808774205
March 2025,T4.4,obr.sa_it,March 2025,current,2027-28,68.4449339533037,68.4449339533037,0.0,0.3922246697665185
March 2025,T4.4,obr.sa_it,March 2025,current,2028-29,72.03024910419988,72.03024910419988,0.0,0.4101512455209994
March 2025,T4.4,obr.sa_it,March 2025,current,2029-30,76.17860739586752,76.17860739586752,0.0,0.43089303697933756
March 2025,T4.5,obr.cgt,October 2024,previous,2023-24,14.493,14.493,0.0,0.122465
March 2025,T4.5,obr.cgt,October 2024,previous,2024-25,15.663157466135939,15.663358867668181,0.0002014015322426843,0.1283157873306797
March 2025,T4.5,obr.cgt,October 2024,previous,2025-26,22.567400938730394,22.567218495693727,0.00018244303666747896,0.16283700469365198
March 2025,T4.5,obr.cgt,October 2024,previous,2026-27,22.00265196120954,22.002911306801554,0.0002593455920134602,0.1600132598060477
March 2025,T4.5,obr.cgt,October 2024,previous,2027-28,24.779120039219016,24.779033637069283,8.640214973354432e-05,0.17389560019609507
March 2025,T4.5,obr.cgt,October 2024,previous,2028-29,28.14879898379363,28.14853341258274,0.00026557121088899294,0.19074399491896815
March 2025,T4.5,obr.cgt,October 2024,previous,2029-30,31.01277024156431,31.01289334547432,0.00012310391000980303,0.20506385120782156
March 2025,T4.5,obr.cgt,March 2025,current,2023-24,14.493,14.493,0.0,0.122465
March 2025,T4.5,obr.cgt,March 2025,current,2024-25,13.264782450630609,13.265,0.0002175493693918895,0.11632391225315304
March 2025,T4.5,obr.cgt,March 2025,current,2025-26,19.737148979388785,19.737,0.00014897938878633,0.14868574489694392
March 2025,T4.5,obr.cgt,March 2025,current,2026-27,19.4026324937994,19.403,0.00036750620060033157,0.14701316246899698
March 2025,T4.5,obr.cgt,March 2025,current,2027-28,20.166364438345823,20.166,0.00036443834582300383,0.15083182219172914
March 2025,T4.5,obr.cgt,March 2025,current,2028-29,23.076906460463483,23.077,9.353953651825009e-05,0.16538453230231742
March 2025,T4.5,obr.cgt,March 2025,current,2029-30,25.526741036299086,25.527,0.0002589637009151602,0.17763370518149546
March 2026,T3.2,obr.pscr_gbp,November 2025,previous,2024-25,1138.597,1138.597,0.0,5.742985
March 2026,T3.2,obr.pscr_gbp,November 2025,previous,2025-26,1231.518013630808,1231.518013630808,0.0,6.2075900681540395
March 2026,T3.2,obr.pscr_gbp,November 2025,previous,2026-27,1303.7560118773658,1303.7560118773658,0.0,6.568780059386829
March 2026,T3.2,obr.pscr_gbp,November 2025,previous,2027-28,1370.2761752111023,1370.2761752111023,0.0,6.901380876055511
March 2026,T3.2,obr.pscr_gbp,November 2025,previous,2028-29,1420.699515517682,1420.699515517682,0.0,7.15349757758841
March 2026,T3.2,obr.pscr_gbp,November 2025,previous,2029-30,1483.2949009895292,1483.2949009895292,0.0,7.466474504947646
March 2026,T3.2,obr.pscr_gbp,November 2025,previous,2030-31,1539.4195043520922,1539.4195043520922,0.0,7.747097521760461
March 2026,T3.2,obr.pscr_gbp,March 2026,current,2024-25,1139.044,1139.044,0.0,5.745220000000001
March 2026,T3.2,obr.pscr_gbp,March 2026,current,2025-26,1235.2532368396464,1235.2532368396464,0.0,6.2262661841982325
March 2026,T3.2,obr.pscr_gbp,March 2026,current,2026-27,1303.7934517913395,1303.7934517913395,0.0,6.568967258956698
March 2026,T3.2,obr.pscr_gbp,March 2026,current,2027-28,1375.4075484044538,1375.4075484044538,0.0,6.927037742022269
March 2026,T3.2,obr.pscr_gbp,March 2026,current,2028-29,1427.4376050521678,1427.4376050521678,0.0,7.187188025260839
March 2026,T3.2,obr.pscr_gbp,March 2026,current,2029-30,1491.944415242361,1491.944415242361,0.0,7.509722076211805
March 2026,T3.2,obr.pscr_gbp,March 2026,current,2030-31,1551.4845539264122,1551.4845539264122,0.0,7.807422769632061
March 2026,T3.3,obr.nonsa_it_nics,November 2025,previous,2024-25,429.142,429.14199999999994,5.684341886080802e-14,2.19571
March 2026,T3.3,obr.nonsa_it_nics,November 2025,previous,2025-26,481.0481022198623,481.04810221986224,5.684341886080802e-14,2.455240511099311
March 2026,T3.3,obr.nonsa_it_nics,November 2025,previous,2026-27,510.17640681393726,510.17640681393726,0.0,2.600882034069686
March 2026,T3.3,obr.nonsa_it_nics,November 2025,previous,2027-28,534.9732049299234,534.9732049299234,0.0,2.724866024649617
March 2026,T3.3,obr.nonsa_it_nics,November 2025,previous,2028-29,549.1122881204558,549.1122881204558,0.0,2.795561440602279
March 2026,T3.3,obr.nonsa_it_nics,November 2025,previous,2029-30,576.4961519555968,576.4961519555969,1.1368683772161603e-13,2.932480759777984
March 2026,T3.3,obr.nonsa_it_nics,November 2025,previous,2030-31,600.0492767790241,600.0492767790242,1.1368683772161603e-13,3.0502463838951206
March 2026,T3.3,obr.nonsa_it_nics,March 2026,current,2024-25,429.14199999999994,429.14199999999994,0.0,2.1957099999999996
March 2026,T3.3,obr.nonsa_it_nics,March 2026,current,2025-26,479.55416872967453,479.5541687296745,5.684341886080802e-14,2.4477708436483727
March 2026,T3.3,obr.nonsa_it_nics,March 2026,current,2026-27,506.84052927866406,506.84052927866406,0.0,2.58420264639332
March 2026,T3.3,obr.nonsa_it_nics,March 2026,current,2027-28,532.436273275517,532.436273275517,0.0,2.712181366377585
March 2026,T3.3,obr.nonsa_it_nics,March 2026,current,2028-29,547.4138491345848,547.4138491345848,0.0,2.7870692456729236
March 2026,T3.3,obr.nonsa_it_nics,March 2026,current,2029-30,575.1051556587956,575.1051556587958,1.1368683772161603e-13,2.925525778293978
March 2026,T3.3,obr.nonsa_it_nics,March 2026,current,2030-31,599.6189698791316,599.6189698791316,0.0,3.0480948493956577
March 2026,T3.4,obr.sa_it,November 2025,previous,2024-25,48.165,48.165,0.0,0.290825
March 2026,T3.4,obr.sa_it,November 2025,previous,2025-26,53.27719277998314,53.27719277998314,0.0,0.3163859638999157
March 2026,T3.4,obr.sa_it,November 2025,previous,2026-27,62.488228050042125,62.488228050042125,0.0,0.3624411402502106
March 2026,T3.4,obr.sa_it,November 2025,previous,2027-28,68.75529697099266,68.75529697099266,0.0,0.3937764848549633
March 2026,T3.4,obr.sa_it,November 2025,previous,2028-29,72.43797008565042,72.43797008565042,0.0,0.41218985042825207
March 2026,T3.4,obr.sa_it,November 2025,previous,2029-30,73.63122038684018,73.63122038684018,0.0,0.41815610193420094
March 2026,T3.4,obr.sa_it,November 2025,previous,2030-31,74.07115869178426,74.07115869178426,0.0,0.4203557934589213
March 2026,T3.4,obr.sa_it,March 2026,current,2024-25,48.165,48.165,0.0,0.290825
March 2026,T3.4,obr.sa_it,March 2026,current,2025-26,55.869881818498456,55.869881818498456,0.0,0.3293494090924923
March 2026,T3.4,obr.sa_it,March 2026,current,2026-27,64.37272984545012,64.37272984545012,0.0,0.3718636492272506
March 2026,T3.4,obr.sa_it,March 2026,current,2027-28,71.09204262241502,71.09204262241502,0.0,0.4054602131120751
March 2026,T3.4,obr.sa_it,March 2026,current,2028-29,74.74438177762316,74.74438177762316,0.0,0.4237219088881158
March 2026,T3.4,obr.sa_it,March 2026,current,2029-30,76.30612360992207,76.30612360992207,0.0,0.43153061804961035
March 2026,T3.4,obr.sa_it,March 2026,current,2030-31,76.97829185562931,76.97829185562931,0.0,0.43489145927814654
March 2026,T3.5,obr.vat,November 2025,previous,2024-25,173.29,173.29,0.0,0.91645
March 2026,T3.5,obr.vat,November 2025,previous,2025-26,179.61063138962973,179.61063138962973,0.0,0.9480531569481487
March 2026,T3.5,obr.vat,November 2025,previous,2026-27,188.85610178925626,188.85610178925626,0.0,0.9942805089462814
March 2026,T3.5,obr.vat,November 2025,previous,2027-28,197.99578499263208,197.99578499263208,0.0,1.0399789249631604
March 2026,T3.5,obr.vat,November 2025,previous,2028-29,205.7262527590979,205.7262527590979,0.0,1.0786312637954896
March 2026,T3.5,obr.vat,November 2025,previous,2029-30,214.83089661308642,214.83089661308642,0.0,1.1241544830654322
March 2026,T3.5,obr.vat,November 2025,previous,2030-31,223.96471150711673,223.96471150711673,0.0,1.1698235575355838
March 2026,T3.5,obr.vat,March 2026,current,2024-25,173.291,173.291,0.0,0.916455
March 2026,T3.5,obr.vat,March 2026,current,2025-26,180.94273588546406,180.94273588546406,0.0,0.9547136794273203
March 2026,T3.5,obr.vat,March 2026,current,2026-27,188.69708228397596,188.69708228397596,0.0,0.9934854114198799
March 2026,T3.5,obr.vat,March 2026,current,2027-28,197.8470294980083,197.8470294980083,0.0,1.0392351474900416
March 2026,T3.5,obr.vat,March 2026,current,2028-29,205.77802951101953,205.77802951101953,0.0,1.0788901475550976
March 2026,T3.5,obr.vat,March 2026,current,2029-30,214.68584185843397,214.68584185843397,0.0,1.12342920929217
March 2026,T3.5,obr.vat,March 2026,current,2030-31,223.77904676455637,223.77904676455637,0.0,1.1688952338227818
March 2026,T3.6,obr.onshore,November 2025,previous,2024-25,92.687,91.638,1.0489999999999924,0.513435
March 2026,T3.6,obr.onshore,November 2025,previous,2025-26,98.02718086807118,98.02718086807118,0.0,0.540135904340356
March 2026,T3.6,obr.onshore,November 2025,previous,2026-27,103.32507496544603,103.32507496544603,0.0,0.5666253748272302
March 2026,T3.6,obr.onshore,November 2025,previous,2027-28,109.42438298157225,109.42438298157225,0.0,0.5971219149078613
March 2026,T3.6,obr.onshore,November 2025,previous,2028-29,113.76839471930968,113.76839471930968,0.0,0.6188419735965485
March 2026,T3.6,obr.onshore,November 2025,previous,2029-30,117.6135988230472,117.6135988230472,0.0,0.6380679941152361
March 2026,T3.6,obr.onshore,November 2025,previous,2030-31,122.65242119256067,122.65242119256067,0.0,0.6632621059628034
March 2026,T3.6,obr.onshore,March 2026,current,2024-25,91.005,91.005,0.0,0.5050250000000001
March 2026,T3.6,obr.onshore,March 2026,current,2025-26,96.82001023618807,96.82001023618807,0.0,0.5341000511809404
March 2026,T3.6,obr.onshore,March 2026,current,2026-27,101.43641026292902,101.43641026292902,0.0,0.5571820513146452
March 2026,T3.6,obr.onshore,March 2026,current,2027-28,108.54571632032847,108.54571632032848,1.4210854715202004e-14,0.5927285816016424
March 2026,T3.6,obr.onshore,March 2026,current,2028-29,113.13117120903141,113.13117120903141,0.0,0.615655856045157
March 2026,T3.6,obr.onshore,March 2026,current,2029-30,117.5787567621114,117.5787567621114,0.0,0.6378937838105571
March 2026,T3.6,obr.onshore,March 2026,current,2030-31,122.99878852082364,122.99878852082364,0.0,0.6649939426041183
November 2010,T4.8,obr.it_nics,June 2010,previous,2010-11,249.0,249.1,0.09999999999999432,1.2950000000000002
November 2010,T4.8,obr.it_nics,June 2010,previous,2011-12,259.0,258.9,0.10000000000002274,1.345
November 2010,T4.8,obr.it_nics,June 2010,previous,2012-13,277.2,274.0,3.1999999999999886,1.436
November 2010,T4.8,obr.it_nics,June 2010,previous,2013-14,297.4,295.3,2.099999999999966,1.537
November 2010,T4.8,obr.it_nics,June 2010,previous,2014-15,318.2,316.1,2.099999999999966,1.641
November 2010,T4.8,obr.it_nics,June 2010,previous,2015-16,338.2,336.2,2.0,1.741
November 2010,T4.8,obr.it_nics,November 2010,current,2010-11,249.5,249.5,0.0,1.2975
November 2010,T4.8,obr.it_nics,November 2010,current,2011-12,259.4,259.3,0.0999999999999659,1.347
November 2010,T4.8,obr.it_nics,November 2010,current,2012-13,276.8,276.8,0.0,1.4340000000000002
November 2010,T4.8,obr.it_nics,November 2010,current,2013-14,296.2,296.1,0.0999999999999659,1.531
November 2010,T4.8,obr.it_nics,November 2010,current,2014-15,317.2,317.2,0.0,1.6360000000000001
November 2010,T4.8,obr.it_nics,November 2010,current,2015-16,337.2,337.3,0.10000000000002274,1.736
November 2010,T4.9,obr.vat,June 2010,previous,2010-11,83.4,80.7,2.700000000000003,0.467
November 2010,T4.9,obr.vat,June 2010,previous,2011-12,96.9,96.3,0.6000000000000085,0.5345000000000001
November 2010,T4.9,obr.vat,June 2010,previous,2012-13,99.9,99.1,0.8000000000000114,0.5495000000000001
November 2010,T4.9,obr.vat,June 2010,previous,2013-14,103.5,102.6,0.9000000000000057,0.5675
November 2010,T4.9,obr.vat,June 2010,previous,2014-15,107.6,106.7,0.8999999999999915,0.5880000000000001
November 2010,T4.9,obr.vat,June 2010,previous,2015-16,111.9,111.0,0.9000000000000057,0.6095
November 2010,T4.9,obr.vat,November 2010,current,2010-11,84.9,84.9,0.0,0.47450000000000003
November 2010,T4.9,obr.vat,November 2010,current,2011-12,100.1,100.1,0.0,0.5505
November 2010,T4.9,obr.vat,November 2010,current,2012-13,103.6,103.6,0.0,0.5680000000000001
November 2010,T4.9,obr.vat,November 2010,current,2013-14,107.8,107.8,0.0,0.5890000000000001
November 2010,T4.9,obr.vat,November 2010,current,2014-15,112.5,112.5,0.0,0.6125
November 2010,T4.9,obr.vat,November 2010,current,2015-16,117.6,117.6,0.0,0.638
November 2010,T4.10,obr.onshore,June 2010,previous,2010-11,35.7,35.7,0.0,0.22850000000000004
November 2010,T4.10,obr.onshore,June 2010,previous,2011-12,38.4,38.4,0.0,0.242
November 2010,T4.10,obr.onshore,June 2010,previous,2012-13,42.1,42.1,0.0,0.2605
November 2010,T4.10,obr.onshore,June 2010,previous,2013-14,45.2,45.2,0.0,0.276
November 2010,T4.10,obr.onshore,June 2010,previous,2014-15,48.3,48.3,0.0,0.2915
November 2010,T4.10,obr.onshore,June 2010,previous,2015-16,51.4,51.4,0.0,0.307
November 2010,T4.10,obr.onshore,November 2010,current,2010-11,35.8,35.8,0.0,0.22899999999999998
November 2010,T4.10,obr.onshore,November 2010,current,2011-12,37.3,37.3,0.0,0.2365
November 2010,T4.10,obr.onshore,November 2010,current,2012-13,40.2,40.2,0.0,0.251
November 2010,T4.10,obr.onshore,November 2010,current,2013-14,43.1,43.1,0.0,0.2655
November 2010,T4.10,obr.onshore,November 2010,current,2014-15,45.4,45.4,0.0,0.277
November 2010,T4.10,obr.onshore,November 2010,current,2015-16,48.0,48.0,0.0,0.29
November 2011,T4.11,obr.it_nics,March 2011,previous,2011-12,253.5,258.3,4.800000000000011,1.3175000000000001
November 2011,T4.11,obr.it_nics,March 2011,previous,2012-13,267.6,271.79999999999995,4.199999999999932,1.3880000000000001
November 2011,T4.11,obr.it_nics,March 2011,previous,2013-14,287.5,291.8,4.300000000000011,1.4875
November 2011,T4.11,obr.it_nics,March 2011,previous,2014-15,306.5,310.7,4.199999999999989,1.5825
November 2011,T4.11,obr.it_nics,March 2011,previous,2015-16,326.2,330.3,4.100000000000023,1.681
November 2011,T4.11,obr.it_nics,November 2011,current,2011-12,253.0,257.9,4.899999999999977,1.3150000000000002
November 2011,T4.11,obr.it_nics,November 2011,current,2012-13,261.8,266.0,4.199999999999989,1.3590000000000002
November 2011,T4.11,obr.it_nics,November 2011,current,2013-14,276.6,280.9,4.2999999999999545,1.4330000000000003
November 2011,T4.11,obr.it_nics,November 2011,current,2014-15,294.4,298.7,4.300000000000011,1.522
November 2011,T4.11,obr.it_nics,November 2011,current,2015-16,314.9,319.3,4.400000000000034,1.6245
November 2011,T4.12,obr.vat,March 2011,previous,2011-12,100.3,100.3,0.0,0.5515
November 2011,T4.12,obr.vat,March 2011,previous,2012-13,103.5,103.5,0.0,0.5675
November 2011,T4.12,obr.vat,March 2011,previous,2013-14,108.1,108.1,0.0,0.5905
November 2011,T4.12,obr.vat,March 2011,previous,2014-15,112.8,112.8,0.0,0.614
November 2011,T4.12,obr.vat,March 2011,previous,2015-16,117.8,117.8,0.0,0.639
November 2011,T4.12,obr.vat,November 2011,current,2011-12,97.1,97.1,0.0,0.5355
November 2011,T4.12,obr.vat,November 2011,current,2012-13,100.2,100.2,0.0,0.551
November 2011,T4.12,obr.vat,November 2011,current,2013-14,104.1,104.1,0.0,0.5705
November 2011,T4.12,obr.vat,November 2011,current,2014-15,108.8,108.8,0.0,0.5940000000000001
November 2011,T4.12,obr.vat,November 2011,current,2015-16,113.6,113.6,0.0,0.618
November 2011,T4.13,obr.onshore,March 2011,previous,2011-12,37.6,37.6,0.0,0.238
November 2011,T4.13,obr.onshore,March 2011,previous,2012-13,39.5,39.5,0.0,0.2475
November 2011,T4.13,obr.onshore,March 2011,previous,2013-14,41.6,41.6,0.0,0.258
November 2011,T4.13,obr.onshore,March 2011,previous,2014-15,43.4,43.4,0.0,0.267
November 2011,T4.13,obr.onshore,March 2011,previous,2015-16,45.6,45.6,0.0,0.278
November 2011,T4.13,obr.onshore,November 2011,current,2011-12,34.7,34.7,0.0,0.22350000000000003
November 2011,T4.13,obr.onshore,November 2011,current,2012-13,34.9,34.9,0.0,0.22449999999999998
November 2011,T4.13,obr.onshore,November 2011,current,2013-14,35.3,35.3,0.0,0.22649999999999998
November 2011,T4.13,obr.onshore,November 2011,current,2014-15,36.7,36.7,0.0,0.23350000000000004
November 2011,T4.13,obr.onshore,November 2011,current,2015-16,38.9,38.9,0.0,0.2445
November 2015,T4.8,obr.pscr_gbp,July 2015,previous,2015-16,672.8,672.8,0.0,3.4139999999999997
November 2015,T4.8,obr.pscr_gbp,July 2015,previous,2016-17,711.2,711.2,0.0,3.6060000000000003
November 2015,T4.8,obr.pscr_gbp,July 2015,previous,2017-18,743.7,743.7,0.0,3.7685
November 2015,T4.8,obr.pscr_gbp,July 2015,previous,2018-19,777.9,777.9,0.0,3.9395
November 2015,T4.8,obr.pscr_gbp,July 2015,previous,2019-20,814.4,814.4,0.0,4.122
November 2015,T4.8,obr.pscr_gbp,July 2015,previous,2020-21,856.1,856.1,0.0,4.3305
November 2015,T4.8,obr.pscr_gbp,November 2015,current,2015-16,682.2,682.2,0.0,3.4610000000000003
November 2015,T4.8,obr.pscr_gbp,November 2015,current,2016-17,723.4,723.4,0.0,3.667
November 2015,T4.8,obr.pscr_gbp,November 2015,current,2017-18,762.7,762.7,0.0,3.8635
November 2015,T4.8,obr.pscr_gbp,November 2015,current,2018-19,796.5,796.5,0.0,4.0325
November 2015,T4.8,obr.pscr_gbp,November 2015,current,2019-20,831.1,831.1,0.0,4.2055
November 2015,T4.8,obr.pscr_gbp,November 2015,current,2020-21,871.9,871.9,0.0,4.4094999999999995
November 2015,T4.10,obr.it_nics,July 2015,previous,2015-16,285.1,285.0,0.10000000000002274,1.4755000000000003
November 2015,T4.10,obr.it_nics,July 2015,previous,2016-17,310.6,310.6,0.0,1.6030000000000002
November 2015,T4.10,obr.it_nics,July 2015,previous,2017-18,323.8,323.79999999999995,5.684341886080802e-14,1.669
November 2015,T4.10,obr.it_nics,July 2015,previous,2018-19,343.2,343.20000000000005,5.684341886080802e-14,1.766
November 2015,T4.10,obr.it_nics,July 2015,previous,2019-20,364.1,364.1,0.0,1.8705000000000003
November 2015,T4.10,obr.it_nics,July 2015,previous,2020-21,386.2,386.2,0.0,1.981
November 2015,T4.10,obr.it_nics,November 2015,current,2015-16,286.4,286.4,0.0,1.482
November 2015,T4.10,obr.it_nics,November 2015,current,2016-17,313.9,313.9,0.0,1.6195
November 2015,T4.10,obr.it_nics,November 2015,current,2017-18,328.3,328.29999999999995,5.684341886080802e-14,1.6915000000000002
November 2015,T4.10,obr.it_nics,November 2015,current,2018-19,347.5,347.5,0.0,1.7875
November 2015,T4.10,obr.it_nics,November 2015,current,2019-20,365.8,365.8,0.0,1.8790000000000002
November 2015,T4.10,obr.it_nics,November 2015,current,2020-21,386.8,386.9,0.0999999999999659,1.9840000000000002
November 2015,T4.11,obr.vat,July 2015,previous,2015-16,115.9,115.9,0.0,0.6295000000000001
November 2015,T4.11,obr.vat,July 2015,previous,2016-17,119.2,119.2,0.0,0.646
November 2015,T4.11,obr.vat,July 2015,previous,2017-18,123.1,123.1,0.0,0.6655
November 2015,T4.11,obr.vat,July 2015,previous,2018-19,127.9,127.9,0.0,0.6895000000000001
November 2015,T4.11,obr.vat,July 2015,previous,2019-20,132.9,132.9,0.0,0.7145000000000001
November 2015,T4.11,obr.vat,July 2015,previous,2020-21,139.2,139.2,0.0,0.746
November 2015,T4.11,obr.vat,November 2015,current,2015-16,115.6,115.6,0.0,0.628
November 2015,T4.11,obr.vat,November 2015,current,2016-17,120.1,120.1,0.0,0.6505000000000001
November 2015,T4.11,obr.vat,November 2015,current,2017-18,124.9,124.9,0.0,0.6745000000000001
November 2015,T4.11,obr.vat,November 2015,current,2018-19,130.2,130.2,0.0,0.701
November 2015,T4.11,obr.vat,November 2015,current,2019-20,135.9,135.9,0.0,0.7295
November 2015,T4.11,obr.vat,November 2015,current,2020-21,142.3,142.3,0.0,0.7615000000000001
November 2015,T4.12,obr.onshore,July 2015,previous,2015-16,42.5,42.5,0.0,0.2625
November 2015,T4.12,obr.onshore,July 2015,previous,2016-17,42.8,42.8,0.0,0.264
November 2015,T4.12,obr.onshore,July 2015,previous,2017-18,47.2,47.2,0.0,0.28600000000000003
November 2015,T4.12,obr.onshore,July 2015,previous,2018-19,45.4,45.4,0.0,0.277
November 2015,T4.12,obr.onshore,July 2015,previous,2019-20,43.4,43.4,0.0,0.267
November 2015,T4.12,obr.onshore,July 2015,previous,2020-21,44.5,44.5,0.0,0.2725
November 2015,T4.12,obr.onshore,November 2015,current,2015-16,43.4,43.4,0.0,0.267
November 2015,T4.12,obr.onshore,November 2015,current,2016-17,44.2,44.2,0.0,0.271
November 2015,T4.12,obr.onshore,November 2015,current,2017-18,49.2,49.2,0.0,0.29600000000000004
November 2015,T4.12,obr.onshore,November 2015,current,2018-19,47.4,47.4,0.0,0.287
November 2015,T4.12,obr.onshore,November 2015,current,2019-20,44.9,44.9,0.0,0.2745
November 2015,T4.12,obr.onshore,November 2015,current,2020-21,46.1,46.1,0.0,0.2805
November 2016,T4.8,obr.pscr_gbp,March 2016,previous,2016-17,716.4549919806642,716.4549919806642,0.0,3.632274959903321
November 2016,T4.8,obr.pscr_gbp,March 2016,previous,2017-18,745.7949848967734,745.7949848967734,0.0,3.7789749244838666
November 2016,T4.8,obr.pscr_gbp,March 2016,previous,2018-19,779.5226495506549,779.5226495506549,0.0,3.9476132477532744
November 2016,T4.8,obr.pscr_gbp,March 2016,previous,2019-20,820.891981207723,820.891981207723,0.0,4.154459906038615
November 2016,T4.8,obr.pscr_gbp,March 2016,previous,2020-21,852.1554545183309,852.1554545183309,0.0,4.310777272591654
November 2016,T4.8,obr.pscr_gbp,November 2016,current,2016-17,710.6097162649385,710.6097162649385,0.0,3.603048581324692
November 2016,T4.8,obr.pscr_gbp,November 2016,current,2017-18,738.0398996227904,738.0398996227904,0.0,3.7401994981139515
November 2016,T4.8,obr.pscr_gbp,November 2016,current,2018-19,767.9593752716995,767.9593752716995,0.0,3.8897968763584974
November 2016,T4.8,obr.pscr_gbp,November 2016,current,2019-20,801.7584458706458,801.7584458706458,0.0,4.058792229353229
November 2016,T4.8,obr.pscr_gbp,November 2016,current,2020-21,834.8187149545092,834.8187149545092,0.0,4.224093574772546
November 2016,T4.11,obr.it_nics,March 2016,previous,2016-17,308.58384461042476,308.6,0.016155389575260415,1.5929192230521239
November 2016,T4.11,obr.it_nics,March 2016,previous,2017-18,320.04213857585256,320.0,0.042138575852561644,1.6502106928792628
November 2016,T4.11,obr.it_nics,March 2016,previous,2018-19,337.098802178548,337.1,0.0011978214520240726,1.7354940108927401
November 2016,T4.11,obr.it_nics,March 2016,previous,2019-20,352.6403004254795,352.6,0.040300425479472324,1.8132015021273975
November 2016,T4.11,obr.it_nics,March 2016,previous,2020-21,369.8385989736697,369.9,0.0614010263302589,1.8991929948683486
November 2016,T4.11,obr.it_nics,November 2016,current,2016-17,298.0617074515251,298.0617074515251,0.0,1.5403085372576255
November 2016,T4.11,obr.it_nics,November 2016,current,2017-18,304.5290364500718,304.5290364500719,5.684341886080802e-14,1.5726451822503593
November 2016,T4.11,obr.it_nics,November 2016,current,2018-19,316.4785008964377,316.4785008964377,0.0,1.6323925044821885
November 2016,T4.11,obr.it_nics,November 2016,current,2019-20,331.37041112870565,331.37041112870565,0.0,1.7068520556435283
November 2016,T4.11,obr.it_nics,November 2016,current,2020-21,347.3254538345353,347.32545383453527,5.684341886080802e-14,1.7866272691726768
November 2016,T4.12,obr.vat,March 2016,previous,2016-17,120.07835619437711,120.1,0.021643805622886703,0.6503917809718855
November 2016,T4.12,obr.vat,March 2016,previous,2017-18,124.83814432391068,124.8,0.038144323910685785,0.6741907216195535
November 2016,T4.12,obr.vat,March 2016,previous,2018-19,130.34870885618898,130.3,0.048708856188966365,0.701743544280945
November 2016,T4.12,obr.vat,March 2016,previous,2019-20,135.87598821323965,135.9,0.024011786760354425,0.7293799410661983
November 2016,T4.12,obr.vat,March 2016,previous,2020-21,142.03298160799585,142.0,0.03298160799585048,0.7601649080399793
November 2016,T4.12,obr.vat,November 2016,current,2016-17,120.02514558795885,120.02514558795885,0.0,0.6501257279397943
November 2016,T4.12,obr.vat,November 2016,current,2017-18,124.66580937013742,124.66580937013742,0.0,0.6733290468506872
November 2016,T4.12,obr.vat,November 2016,current,2018-19,129.93581393157496,129.93581393157496,0.0,0.6996790696578749
November 2016,T4.12,obr.vat,November 2016,current,2019-20,136.07337762528707,136.07337762528707,0.0,0.7303668881264354
November 2016,T4.12,obr.vat,November 2016,current,2020-21,142.04163292210208,142.04163292210208,0.0,0.7602081646105104
November 2016,T4.13,obr.onshore,March 2016,previous,2016-17,43.39185102675427,43.4,0.008148973245731383,0.26695925513377133
November 2016,T4.13,obr.onshore,March 2016,previous,2017-18,45.928426395944584,45.9,0.02842639594458518,0.27964213197972293
November 2016,T4.13,obr.onshore,March 2016,previous,2018-19,46.05631333286703,46.1,0.043686667132973867,0.2802815666643351
November 2016,T4.13,obr.onshore,March 2016,previous,2019-20,52.96871410928083,53.0,0.03128589071916821,0.31484357054640416
November 2016,T4.13,obr.onshore,March 2016,previous,2020-21,50.37724292388652,50.4,0.022757076113478547,0.3018862146194326
November 2016,T4.13,obr.onshore,November 2016,current,2016-17,45.900303644167884,45.900303644167884,0.0,0.2795015182208394
November 2016,T4.13,obr.onshore,November 2016,current,2017-18,48.89772990491809,48.89772990491809,0.0,0.2944886495245904
November 2016,T4.13,obr.onshore,November 2016,current,2018-19,49.444998314799896,49.444998314799896,0.0,0.2972249915739995
November 2016,T4.13,obr.onshore,November 2016,current,2019-20,50.9543729999978,50.9543729999978,0.0,0.304771864999989
November 2016,T4.13,obr.onshore,November 2016,current,2020-21,52.03313823887574,52.03313823887574,0.0,0.3101656911943787
November 2017,T4.8,obr.pscr_gbp,March 2017,previous,2017-18,744.1577563323829,744.1577563323829,0.0,3.7707887816619143
November 2017,T4.8,obr.pscr_gbp,March 2017,previous,2018-19,776.3529282766814,776.3529282766814,0.0,3.9317646413834066
November 2017,T4.8,obr.pscr_gbp,March 2017,previous,2019-20,806.5462624207581,806.5462624207581,0.0,4.082731312103791
November 2017,T4.8,obr.pscr_gbp,March 2017,previous,2020-21,834.7608931607438,834.7608931607438,0.0,4.223804465803719
November 2017,T4.8,obr.pscr_gbp,March 2017,previous,2021-22,869.5477317438919,869.5477317438919,0.0,4.397738658719459
November 2017,T4.8,obr.pscr_gbp,November 2017,current,2017-18,745.4466871367608,745.4466871367608,0.0,3.777233435683804
November 2017,T4.8,obr.pscr_gbp,November 2017,current,2018-19,769.8006021835319,769.8006021835319,0.0,3.899003010917659
November 2017,T4.8,obr.pscr_gbp,November 2017,current,2019-20,792.0010548874269,792.0010548874269,0.0,4.010005274437135
November 2017,T4.8,obr.pscr_gbp,November 2017,current,2020-21,817.1698772062384,817.1698772062384,0.0,4.135849386031192
November 2017,T4.8,obr.pscr_gbp,November 2017,current,2021-22,841.6381587611427,841.6381587611427,0.0,4.2581907938057135
November 2017,T4.10,obr.nonsa_it_nics,March 2017,previous,2017-18,283.6595052994645,279.6712319136741,3.9882733857904213,1.4682975264973226
November 2017,T4.10,obr.nonsa_it_nics,March 2017,previous,2018-19,292.40446430995354,288.531978417323,3.87248589263055,1.5120223215497677
November 2017,T4.10,obr.nonsa_it_nics,March 2017,previous,2019-20,304.27487507871217,299.96563601210113,4.309239066611042,1.571374375393561
November 2017,T4.10,obr.nonsa_it_nics,March 2017,previous,2020-21,317.8496158408916,313.3875386048922,4.462077235999402,1.6392480792044581
November 2017,T4.10,obr.nonsa_it_nics,March 2017,previous,2021-22,332.6208511545781,328.05601525099587,4.564835903582207,1.7131042557728904
November 2017,T4.10,obr.nonsa_it_nics,November 2017,current,2017-18,285.52960639452385,282.66906798699944,2.860538407524416,1.4776480319726193
November 2017,T4.10,obr.nonsa_it_nics,November 2017,current,2018-19,292.3939098825616,289.2649529196143,3.1289569629473135,1.5119695494128083
November 2017,T4.10,obr.nonsa_it_nics,November 2017,current,2019-20,300.70770609600083,297.7133098758401,2.994396220160752,1.5535385304800042
November 2017,T4.10,obr.nonsa_it_nics,November 2017,current,2020-21,311.17377570741735,308.16166044588533,3.012115261532017,1.605868878537087
November 2017,T4.10,obr.nonsa_it_nics,November 2017,current,2021-22,322.73682677397596,319.59873354987656,3.138093224099407,1.6636841338698798
November 2017,T4.11,obr.sa_it,March 2017,previous,2017-18,24.78699542841029,24.78699542841029,0.0,0.17393497714205147
November 2017,T4.11,obr.sa_it,March 2017,previous,2018-19,29.140551613370107,29.140551613370107,0.0,0.19570275806685056
November 2017,T4.11,obr.sa_it,March 2017,previous,2019-20,31.169970642977088,31.169970642977088,0.0,0.20584985321488547
November 2017,T4.11,obr.sa_it,March 2017,previous,2020-21,32.49517453925532,32.49517453925532,0.0,0.2124758726962766
November 2017,T4.11,obr.sa_it,March 2017,previous,2021-22,34.51865011745387,34.51865011745387,0.0,0.22259325058726936
November 2017,T4.11,obr.sa_it,November 2017,current,2017-18,25.4768,25.4768,0.0,0.177384
November 2017,T4.11,obr.sa_it,November 2017,current,2018-19,29.854042766804266,29.854042766804266,0.0,0.19927021383402133
November 2017,T4.11,obr.sa_it,November 2017,current,2019-20,31.804406937996994,31.804406937996994,0.0,0.20902203468998498
November 2017,T4.11,obr.sa_it,November 2017,current,2020-21,33.51496886011292,33.51496886011292,0.0,0.21757484430056462
November 2017,T4.11,obr.sa_it,November 2017,current,2021-22,34.42143876621177,34.42143876621177,0.0,0.22210719383105887
November 2017,T4.12,obr.vat,March 2017,previous,2017-18,125.44575156997726,125.44575156997726,0.0,0.6772287578498863
November 2017,T4.12,obr.vat,March 2017,previous,2018-19,130.75729109200978,130.75729109200978,0.0,0.7037864554600489
November 2017,T4.12,obr.vat,March 2017,previous,2019-20,136.2034819916816,136.2034819916816,0.0,0.731017409958408
November 2017,T4.12,obr.vat,March 2017,previous,2020-21,141.56307728618407,141.56307728618407,0.0,0.7578153864309204
November 2017,T4.12,obr.vat,March 2017,previous,2021-22,146.73325803023258,146.73325803023258,0.0,0.783666290151163
November 2017,T4.12,obr.vat,November 2017,current,2017-18,125.84275779186324,125.84275779186324,0.0,0.6792137889593163
November 2017,T4.12,obr.vat,November 2017,current,2018-19,130.28018404200435,130.28018404200435,0.0,0.7014009202100218
November 2017,T4.12,obr.vat,November 2017,current,2019-20,134.28899882268644,134.28899882268644,0.0,0.7214449941134322
November 2017,T4.12,obr.vat,November 2017,current,2020-21,138.7930489921667,138.7930489921667,0.0,0.7439652449608335
November 2017,T4.12,obr.vat,November 2017,current,2021-22,143.2014935115163,143.2014935115163,0.0,0.7660074675575815
November 2017,T4.13,obr.onshore,March 2017,previous,2017-18,52.68914033072294,52.68914033072294,0.0,0.3134457016536147
November 2017,T4.13,obr.onshore,March 2017,previous,2018-19,54.19033166808865,54.19033166808865,0.0,0.32095165834044326
November 2017,T4.13,obr.onshore,March 2017,previous,2019-20,53.49138047670043,53.49138047670043,0.0,0.31745690238350216
November 2017,T4.13,obr.onshore,March 2017,previous,2020-21,52.468811327678566,52.468811327678566,0.0,0.3123440566383928
November 2017,T4.13,obr.onshore,March 2017,previous,2021-22,53.31952950633623,53.31952950633623,0.0,0.3165976475316811
November 2017,T4.13,obr.onshore,November 2017,current,2017-18,51.527584482784725,51.52758448278472,7.105427357601002e-15,0.3076379224139236
November 2017,T4.13,obr.onshore,November 2017,current,2018-19,54.416342153179684,54.416342153179684,0.0,0.3220817107658984
November 2017,T4.13,obr.onshore,November 2017,current,2019-20,53.40718401270849,53.407184012708484,7.105427357601002e-15,0.3170359200635425
November 2017,T4.13,obr.onshore,November 2017,current,2020-21,53.62123734488173,53.62123734488173,0.0,0.31810618672440866
November 2017,T4.13,obr.onshore,November 2017,current,2021-22,54.04731153817415,54.04731153817415,0.0,0.3202365576908707
November 2017,T4.14,obr.ptt,March 2017,previous,2017-18,13.603492176042819,13.603492176042819,0.0,0.1180174608802141
November 2017,T4.14,obr.ptt,March 2017,previous,2018-19,14.558890221583532,14.558890221583532,0.0,0.12279445110791766
November 2017,T4.14,obr.ptt,March 2017,previous,2019-20,15.474399242868314,15.474399242868314,0.0,0.1273719962143416
November 2017,T4.14,obr.ptt,March 2017,previous,2020-21,16.58399352785166,16.58399352785166,0.0,0.1329199676392583
November 2017,T4.14,obr.ptt,March 2017,previous,2021-22,17.752656909499514,17.752656909499514,0.0,0.1387632845474976
November 2017,T4.14,obr.ptt,November 2017,current,2017-18,13.765393669153973,13.765393669153973,0.0,0.11882696834576986
November 2017,T4.14,obr.ptt,November 2017,current,2018-19,14.045945701225671,14.045945701225671,0.0,0.12022972850612836
November 2017,T4.14,obr.ptt,November 2017,current,2019-20,14.597960250177511,14.597960250177511,0.0,0.12298980125088756
November 2017,T4.14,obr.ptt,November 2017,current,2020-21,15.318286049358385,15.318286049358385,0.0,0.12659143024679193
November 2017,T4.14,obr.ptt,November 2017,current,2021-22,16.10978188597702,16.10978188597702,0.0,0.13054890942988512
November 2023,T4.1,obr.pscr_gbp,March 2023,previous,2022-23,1019.6507529397322,1019.6507529397322,0.0,5.148253764698661
November 2023,T4.1,obr.pscr_gbp,March 2023,previous,2023-24,1057.6043470602372,1057.6043470602372,0.0,5.338021735301186
November 2023,T4.1,obr.pscr_gbp,March 2023,previous,2024-25,1103.7421138620657,1103.7421138620657,0.0,5.568710569310328
November 2023,T4.1,obr.pscr_gbp,March 2023,previous,2025-26,1136.93022905158,1136.93022905158,0.0,5.7346511452579
November 2023,T4.1,obr.pscr_gbp,March 2023,previous,2026-27,1183.7057364822476,1183.7057364822476,0.0,5.968528682411238
November 2023,T4.1,obr.pscr_gbp,March 2023,previous,2027-28,1230.281313457735,1230.281313457735,0.0,6.201406567288675
November 2023,T4.1,obr.pscr_gbp,November 2023,current,2022-23,1023.159,1023.159,0.0,5.165795
November 2023,T4.1,obr.pscr_gbp,November 2023,current,2023-24,1098.4227807067657,1098.4227807067657,0.0,5.542113903533829
November 2023,T4.1,obr.pscr_gbp,November 2023,current,2024-25,1152.1861902508144,1152.1861902508144,0.0,5.810930951254072
November 2023,T4.1,obr.pscr_gbp,November 2023,current,2025-26,1187.6905296060008,1187.6905296060008,0.0,5.988452648030004
November 2023,T4.1,obr.pscr_gbp,November 2023,current,2026-27,1232.9037244137219,1232.9037244137219,0.0,6.214518622068609
November 2023,T4.1,obr.pscr_gbp,November 2023,current,2027-28,1284.5058268359385,1284.5058268359385,0.0,6.472529134179692
November 2023,T4.1,obr.pscr_gbp,November 2023,current,2028-29,1338.0332382134984,1338.0332382134984,0.0,6.740166191067492
November 2023,T4.2,obr.nonsa_it_nics,March 2023,previous,2022-23,384.5629781296043,384.5629781296043,0.0,1.9728148906480216
November 2023,T4.2,obr.nonsa_it_nics,March 2023,previous,2023-24,395.78592687564395,395.7859268756439,5.684341886080802e-14,2.02892963437822
November 2023,T4.2,obr.nonsa_it_nics,March 2023,previous,2024-25,407.6545881319034,407.6545881319034,0.0,2.088272940659517
November 2023,T4.2,obr.nonsa_it_nics,March 2023,previous,2025-26,420.06109185181145,420.0610918518115,5.684341886080802e-14,2.150305459259057
November 2023,T4.2,obr.nonsa_it_nics,March 2023,previous,2026-27,435.19757501378217,435.19757501378217,0.0,2.2259878750689106
November 2023,T4.2,obr.nonsa_it_nics,March 2023,previous,2027-28,452.9718110065418,452.9718110065419,5.684341886080802e-14,2.314859055032709
November 2023,T4.2,obr.nonsa_it_nics,November 2023,current,2022-23,384.10699999999997,385.65,1.5430000000000064,1.970535
November 2023,T4.2,obr.nonsa_it_nics,November 2023,current,2023-24,408.3110940739495,408.3110940739495,0.0,2.091555470369747
November 2023,T4.2,obr.nonsa_it_nics,November 2023,current,2024-25,420.729343367375,420.729343367375,0.0,2.153646716836875
November 2023,T4.2,obr.nonsa_it_nics,November 2023,current,2025-26,435.6990372500287,435.69903725002865,5.684341886080802e-14,2.2284951862501434
November 2023,T4.2,obr.nonsa_it_nics,November 2023,current,2026-27,454.0356719779463,454.0356719779464,5.684341886080802e-14,2.3201783598897316
November 2023,T4.2,obr.nonsa_it_nics,November 2023,current,2027-28,474.85403133378543,474.85403133378554,1.1368683772161603e-13,2.424270156668927
November 2023,T4.2,obr.nonsa_it_nics,November 2023,current,2028-29,493.65810741627104,493.65810741627104,0.0,2.518290537081355
November 2023,T4.3,obr.onshore,March 2023,previous,2022-23,68.12426380242982,68.12426380242982,0.0,0.39062131901214914
November 2023,T4.3,obr.onshore,March 2023,previous,2023-24,76.63072291410397,76.63072291410397,0.0,0.4331536145705199
November 2023,T4.3,obr.onshore,March 2023,previous,2024-25,85.06949588203211,85.06949588203211,0.0,0.4753474794101606
November 2023,T4.3,obr.onshore,March 2023,previous,2025-26,91.97685283281629,91.97685283281629,0.0,0.5098842641640815
November 2023,T4.3,obr.onshore,March 2023,previous,2026-27,102.63748868878021,102.63748868878021,0.0,0.5631874434439011
November 2023,T4.3,obr.onshore,March 2023,previous,2027-28,108.37393930832643,108.37393930832643,0.0,0.5918696965416322
November 2023,T4.3,obr.onshore,November 2023,current,2022-23,72.807,72.807,0.0,0.414035
November 2023,T4.3,obr.onshore,November 2023,current,2023-24,93.6006558844348,93.83707947914927,0.2364235947144664,0.5180032794221741
November 2023,T4.3,obr.onshore,November 2023,current,2024-25,100.94544322816868,101.77648745749632,0.831044229327631,0.5547272161408435
November 2023,T4.3,obr.onshore,November 2023,current,2025-26,103.22134387771801,104.31301272156924,1.0916688438512239,0.5661067193885901
November 2023,T4.3,obr.onshore,November 2023,current,2026-27,106.92510715979597,108.24743952714559,1.3223323673496168,0.5846255357989799
November 2023,T4.3,obr.onshore,November 2023,current,2027-28,110.55896968082348,111.95471576497798,1.3957460841544957,0.6027948484041175
November 2023,T4.3,obr.onshore,November 2023,current,2028-29,115.12494641444381,116.58549701393308,1.4605505994892667,0.6256247320722191
November 2025,T4.2,obr.pscr_gbp,March 2025,previous,2024-25,1141.229445996776,1141.229445996776,0.0,5.756147229983879
November 2025,T4.2,obr.pscr_gbp,March 2025,previous,2025-26,1229.4985058656325,1229.4985058656325,0.0,6.197492529328162
November 2025,T4.2,obr.pscr_gbp,March 2025,previous,2026-27,1292.3063469533176,1292.3063469533176,0.0,6.511531734766588
November 2025,T4.2,obr.pscr_gbp,March 2025,previous,2027-28,1350.6552226267656,1350.6552226267656,0.0,6.803276113133828
November 2025,T4.2,obr.pscr_gbp,March 2025,previous,2028-29,1394.0199787189486,1394.0199787189486,0.0,7.020099893594742
November 2025,T4.2,obr.pscr_gbp,March 2025,previous,2029-30,1445.0065045114238,1445.0065045114238,0.0,7.275032522557119
November 2025,T4.2,obr.pscr_gbp,November 2025,current,2024-25,1138.597,1138.597,0.0,5.742985
November 2025,T4.2,obr.pscr_gbp,November 2025,current,2025-26,1231.518013630808,1231.518013630808,0.0,6.2075900681540395
November 2025,T4.2,obr.pscr_gbp,November 2025,current,2026-27,1303.7560118773658,1303.7560118773658,0.0,6.568780059386829
November 2025,T4.2,obr.pscr_gbp,November 2025,current,2027-28,1370.2761752111023,1370.2761752111023,0.0,6.901380876055511
November 2025,T4.2,obr.pscr_gbp,November 2025,current,2028-29,1420.699515517682,1420.699515517682,0.0,7.15349757758841
November 2025,T4.2,obr.pscr_gbp,November 2025,current,2029-30,1483.2949009895292,1483.2949009895292,0.0,7.466474504947646
November 2025,T4.2,obr.pscr_gbp,November 2025,current,2030-31,1539.4195043520922,1539.4195043520922,0.0,7.747097521760461
November 2025,T4.3,obr.nonsa_it,March 2025,previous,2024-25,260.25,260.25,0.0,1.35125
November 2025,T4.3,obr.nonsa_it,March 2025,previous,2025-26,277.4562322041062,277.4562322041062,0.0,1.437281161020531
November 2025,T4.3,obr.nonsa_it,March 2025,previous,2026-27,294.0358000483007,294.0358000483007,0.0,1.5201790002415037
November 2025,T4.3,obr.nonsa_it,March 2025,previous,2027-28,310.03676977590936,310.03676977590936,0.0,1.6001838488795468
November 2025,T4.3,obr.nonsa_it,March 2025,previous,2028-29,313.2407388960178,313.2407388960178,0.0,1.616203694480089
November 2025,T4.3,obr.nonsa_it,March 2025,previous,2029-30,321.97006765091464,321.97006765091464,0.0,1.6598503382545733
November 2025,T4.3,obr.nonsa_it,November 2025,current,2024-25,257.73999999999995,257.73999999999995,0.0,1.3386999999999998
November 2025,T4.3,obr.nonsa_it,November 2025,current,2025-26,275.6840098756096,275.6840098756096,0.0,1.4284200493780481
November 2025,T4.3,obr.nonsa_it,November 2025,current,2026-27,296.4308004436307,296.4308004436307,0.0,1.5321540022181535
November 2025,T4.3,obr.nonsa_it,November 2025,current,2027-28,314.2380458688967,314.2380458688967,0.0,1.6211902293444835
November 2025,T4.3,obr.nonsa_it,November 2025,current,2028-29,320.91957557583197,320.91957557583197,0.0,1.65459787787916
November 2025,T4.3,obr.nonsa_it,November 2025,current,2029-30,337.3012859725162,337.30128597251627,5.684341886080802e-14,1.7365064298625812
November 2025,T4.3,obr.nonsa_it,November 2025,current,2030-31,352.8758101322475,352.8758101322475,0.0,1.8143790506612376
November 2025,T4.4,obr.nics,March 2025,previous,2024-25,167.791,167.791,0.0,0.888955
November 2025,T4.4,obr.nics,March 2025,previous,2025-26,200.639188813013,200.639188813013,0.0,1.0531959440650651
November 2025,T4.4,obr.nics,March 2025,previous,2026-27,206.85962052871736,206.85962052871736,0.0,1.084298102643587
November 2025,T4.4,obr.nics,March 2025,previous,2027-28,212.93178279906846,212.93178279906846,0.0,1.1146589139953424
November 2025,T4.4,obr.nics,March 2025,previous,2028-29,219.47715697391962,219.47715697391962,0.0,1.147385784869598
November 2025,T4.4,obr.nics,March 2025,previous,2029-30,226.20001441822978,226.20001441822978,0.0,1.181000072091149
November 2025,T4.4,obr.nics,November 2025,current,2024-25,171.402,171.402,0.0,0.90701
November 2025,T4.4,obr.nics,November 2025,current,2025-26,205.36409234425267,205.36409234425267,0.0,1.0768204617212633
November 2025,T4.4,obr.nics,November 2025,current,2026-27,213.74560637030658,213.74560637030658,0.0,1.118728031851533
November 2025,T4.4,obr.nics,November 2025,current,2027-28,220.7351590610268,220.7351590610268,0.0,1.153675795305134
November 2025,T4.4,obr.nics,November 2025,current,2028-29,228.1927125446238,228.1927125446238,0.0,1.190963562723119
November 2025,T4.4,obr.nics,November 2025,current,2029-30,239.1948659830807,239.1948659830807,0.0,1.2459743299154036
November 2025,T4.4,obr.nics,November 2025,current,2030-31,247.17346664677672,247.17346664677672,0.0,1.2858673332338837
November 2025,T4.5,obr.sa_it,March 2025,previous,2024-25,49.705,49.705,0.0,0.298525
November 2025,T4.5,obr.sa_it,March 2025,previous,2025-26,53.260219774559516,53.260219774559516,0.0,0.31630109887279756
November 2025,T4.5,obr.sa_it,March 2025,previous,2026-27,61.949979617548415,61.949979617548415,0.0,0.35974989808774205
November 2025,T4.5,obr.sa_it,March 2025,previous,2027-28,68.4449339533037,68.4449339533037,0.0,0.3922246697665185
November 2025,T4.5,obr.sa_it,March 2025,previous,2028-29,72.03024910419988,72.03024910419988,0.0,0.4101512455209994
November 2025,T4.5,obr.sa_it,March 2025,previous,2029-30,76.17860739586752,76.17860739586752,0.0,0.43089303697933756
November 2025,T4.5,obr.sa_it,November 2025,current,2024-25,48.165,48.165,0.0,0.290825
November 2025,T4.5,obr.sa_it,November 2025,current,2025-26,53.27719277998314,53.27719277998314,0.0,0.3163859638999157
November 2025,T4.5,obr.sa_it,November 2025,current,2026-27,62.488228050042125,62.488228050042125,0.0,0.3624411402502106
November 2025,T4.5,obr.sa_it,November 2025,current,2027-28,68.75529697099266,68.75529697099266,0.0,0.3937764848549633
November 2025,T4.5,obr.sa_it,November 2025,current,2028-29,72.43797008565042,72.43797008565042,0.0,0.41218985042825207
November 2025,T4.5,obr.sa_it,November 2025,current,2029-30,73.63122038684018,73.63122038684018,0.0,0.41815610193420094
November 2025,T4.5,obr.sa_it,November 2025,current,2030-31,74.07115869178426,74.07115869178426,0.0,0.4203557934589213
November 2025,T4.6,obr.vat,March 2025,previous,2024-25,171.27133532293607,171.27133532293607,0.0,0.9063566766146804
November 2025,T4.6,obr.vat,March 2025,previous,2025-26,180.39316644261066,180.39316644261066,0.0,0.9519658322130534
November 2025,T4.6,obr.vat,March 2025,previous,2026-27,187.45715810074674,187.45715810074674,0.0,0.9872857905037338
November 2025,T4.6,obr.vat,March 2025,previous,2027-28,195.8451330575952,195.8451330575952,0.0,1.029225665287976
November 2025,T4.6,obr.vat,March 2025,previous,2028-29,202.68502421664618,202.68502421664618,0.0,1.063425121083231
November 2025,T4.6,obr.vat,March 2025,previous,2029-30,211.07796163323925,211.07796163323925,0.0,1.1053898081661964
November 2025,T4.6,obr.vat,November 2025,current,2024-25,173.29,173.29,0.0,0.91645
November 2025,T4.6,obr.vat,November 2025,current,2025-26,179.61063138962973,179.61063138962973,0.0,0.9480531569481487
November 2025,T4.6,obr.vat,November 2025,current,2026-27,188.85610178925626,188.85610178925626,0.0,0.9942805089462814
November 2025,T4.6,obr.vat,November 2025,current,2027-28,197.99578499263208,197.99578499263208,0.0,1.0399789249631604
November 2025,T4.6,obr.vat,November 2025,current,2028-29,205.7262527590979,205.7262527590979,0.0,1.0786312637954896
November 2025,T4.6,obr.vat,November 2025,current,2029-30,214.83089661308642,214.83089661308642,0.0,1.1241544830654322
November 2025,T4.6,obr.vat,November 2025,current,2030-31,223.96471150711673,223.96471150711673,0.0,1.1698235575355838
October 2018,T4.8,obr.pscr_gbp,March 2018,previous,2018-19,775.8135066666316,775.8135066666316,0.0,3.929067533333158
October 2018,T4.8,obr.pscr_gbp,March 2018,previous,2019-20,800.096308005455,800.096308005455,0.0,4.050481540027275
October 2018,T4.8,obr.pscr_gbp,March 2018,previous,2020-21,824.9076819256614,824.9076819256614,0.0,4.174538409628307
October 2018,T4.8,obr.pscr_gbp,March 2018,previous,2021-22,847.4563662626908,847.4563662626908,0.0,4.287281831313454
October 2018,T4.8,obr.pscr_gbp,March 2018,previous,2022-23,876.6245790721251,876.6245790721251,0.0,4.433122895360626
October 2018,T4.8,obr.pscr_gbp,October 2018,current,2018-19,787.3080858244888,787.3080858244888,0.0,3.986540429122444
October 2018,T4.8,obr.pscr_gbp,October 2018,current,2019-20,809.8306134529598,809.8306134529598,0.0,4.099153067264799
October 2018,T4.8,obr.pscr_gbp,October 2018,current,2020-21,840.4089108593631,840.4089108593631,0.0,4.252044554296815
October 2018,T4.8,obr.pscr_gbp,October 2018,current,2021-22,869.5625818058027,869.5625818058027,0.0,4.397812909029013
October 2018,T4.8,obr.pscr_gbp,October 2018,current,2022-23,900.8437799241345,900.8437799241345,0.0,4.554218899620673
October 2018,T4.10,obr.nonsa_it_nics,March 2018,previous,2018-19,294.6804622375257,294.6804622375257,0.0,1.5234023111876287
October 2018,T4.10,obr.nonsa_it_nics,March 2018,previous,2019-20,303.0101296496087,303.0101296496087,0.0,1.5650506482480435
October 2018,T4.10,obr.nonsa_it_nics,March 2018,previous,2020-21,313.0971198853773,313.0971198853773,0.0,1.6154855994268866
October 2018,T4.10,obr.nonsa_it_nics,March 2018,previous,2021-22,323.418976169113,323.418976169113,0.0,1.6670948808455652
October 2018,T4.10,obr.nonsa_it_nics,March 2018,previous,2022-23,335.46725482236786,335.46725482236786,0.0,1.7273362741118394
October 2018,T4.10,obr.nonsa_it_nics,October 2018,current,2018-19,296.5741698930171,296.5741698930171,0.0,1.5328708494650856
October 2018,T4.10,obr.nonsa_it_nics,October 2018,current,2019-20,301.8952780533673,301.8952780533673,0.0,1.5594763902668365
October 2018,T4.10,obr.nonsa_it_nics,October 2018,current,2020-21,317.3727882414332,317.3727882414332,0.0,1.6368639412071662
October 2018,T4.10,obr.nonsa_it_nics,October 2018,current,2021-22,329.23481763480936,329.23481763480936,0.0,1.6961740881740468
October 2018,T4.10,obr.nonsa_it_nics,October 2018,current,2022-23,342.41475940887034,342.4147594088704,5.684341886080802e-14,1.7620737970443519
October 2018,T4.11,obr.sa_it,March 2018,previous,2018-19,30.319874297165498,30.319874297165498,0.0,0.20159937148582752
October 2018,T4.11,obr.sa_it,March 2018,previous,2019-20,32.79929011856727,32.79929011856727,0.0,0.21399645059283634
October 2018,T4.11,obr.sa_it,March 2018,previous,2020-21,34.39891492961192,34.39891492961192,0.0,0.2219945746480596
October 2018,T4.11,obr.sa_it,March 2018,previous,2021-22,35.75966733170408,35.75966733170408,0.0,0.2287983366585204
October 2018,T4.11,obr.sa_it,March 2018,previous,2022-23,37.95071377336856,37.95071377336856,0.0,0.2397535688668428
October 2018,T4.11,obr.sa_it,October 2018,current,2018-19,30.528560010050512,30.528560010050512,0.0,0.2026428000502526
October 2018,T4.11,obr.sa_it,October 2018,current,2019-20,32.927396068949314,32.927396068949314,0.0,0.2146369803447466
October 2018,T4.11,obr.sa_it,October 2018,current,2020-21,33.625349604382656,33.625349604382656,0.0,0.21812674802191329
October 2018,T4.11,obr.sa_it,October 2018,current,2021-22,34.82451370151609,34.82451370151609,0.0,0.22412256850758044
October 2018,T4.11,obr.sa_it,October 2018,current,2022-23,36.43329388922238,36.43329388922238,0.0,0.2321664694461119
October 2018,T4.12,obr.vat,March 2018,previous,2018-19,130.42439081718905,130.42439081718905,0.0,0.7021219540859454
October 2018,T4.12,obr.vat,March 2018,previous,2019-20,134.58058501909977,134.58058501909977,0.0,0.7229029250954989
October 2018,T4.12,obr.vat,March 2018,previous,2020-21,138.73570179643312,138.73570179643312,0.0,0.7436785089821657
October 2018,T4.12,obr.vat,March 2018,previous,2021-22,142.9228815532666,142.9228815532666,0.0,0.764614407766333
October 2018,T4.12,obr.vat,March 2018,previous,2022-23,147.36962769871548,147.36962769871548,0.0,0.7868481384935775
October 2018,T4.12,obr.vat,October 2018,current,2018-19,132.23347310437393,132.23347310437393,0.0,0.7111673655218697
October 2018,T4.12,obr.vat,October 2018,current,2019-20,137.15079920871756,137.15079920871756,0.0,0.7357539960435878
October 2018,T4.12,obr.vat,October 2018,current,2020-21,141.87818600428255,141.87818600428255,0.0,0.7593909300214128
October 2018,T4.12,obr.vat,October 2018,current,2021-22,146.35776455107577,146.35776455107577,0.0,0.781788822755379
October 2018,T4.12,obr.vat,October 2018,current,2022-23,150.78000861007018,150.78000861007018,0.0,0.803900043050351
October 2018,T4.13,obr.onshore,March 2018,previous,2018-19,55.50297341207491,55.50297341207491,0.0,0.3275148670603745
October 2018,T4.13,obr.onshore,March 2018,previous,2019-20,55.34955864627887,55.34955864627887,0.0,0.32674779323139436
October 2018,T4.13,obr.onshore,March 2018,previous,2020-21,54.8956758626374,54.8956758626374,0.0,0.32447837931318696
October 2018,T4.13,obr.onshore,March 2018,previous,2021-22,55.246537271268934,55.246537271268934,0.0,0.32623268635634467
October 2018,T4.13,obr.onshore,March 2018,previous,2022-23,57.12546150021915,57.12546150021915,0.0,0.33562730750109576
October 2018,T4.13,obr.onshore,October 2018,current,2018-19,57.348933671084176,57.348933671084176,0.0,0.3367446683554209
October 2018,T4.13,obr.onshore,October 2018,current,2019-20,57.41606179502547,57.41606179502548,7.105427357601002e-15,0.33708030897512736
October 2018,T4.13,obr.onshore,October 2018,current,2020-21,57.04427148094379,57.04427148094379,0.0,0.335221357404719
October 2018,T4.13,obr.onshore,October 2018,current,2021-22,58.03213046078879,58.03213046078879,0.0,0.34016065230394393
October 2018,T4.13,obr.onshore,October 2018,current,2022-23,60.493462814673876,60.493462814673876,0.0,0.3524673140733694
October 2018,T4.15,obr.ptt,March 2018,previous,2018-19,13.780121576024527,13.780121576024527,0.0,0.11890060788012263
October 2018,T4.15,obr.ptt,March 2018,previous,2019-20,14.255808115140969,14.255808115140969,0.0,0.12127904057570485
October 2018,T4.15,obr.ptt,March 2018,previous,2020-21,14.873628259723127,14.873628259723127,0.0,0.12436814129861563
October 2018,T4.15,obr.ptt,March 2018,previous,2021-22,15.538918125781667,15.538918125781667,0.0,0.12769459062890834
October 2018,T4.15,obr.ptt,March 2018,previous,2022-23,16.325837602975657,16.325837602975657,0.0,0.13162918801487827
October 2018,T4.15,obr.ptt,October 2018,current,2018-19,12.822121793088524,12.822121793088524,0.0,0.11411060896544262
October 2018,T4.15,obr.ptt,October 2018,current,2019-20,13.34311389488258,13.34311389488258,0.0,0.1167155694744129
October 2018,T4.15,obr.ptt,October 2018,current,2020-21,14.063793618123212,14.063793618123212,0.0,0.12031896809061607
October 2018,T4.15,obr.ptt,October 2018,current,2021-22,14.947324299051258,14.947324299051258,0.0,0.1247366214952563
October 2018,T4.15,obr.ptt,October 2018,current,2022-23,15.836055031276768,15.836055031276768,0.0,0.12918027515638386
October 2021,T3.3,obr.pscr_gbp,March 2020,previous,2020-21,872.9200499597459,872.9200499597459,0.0,4.414600249798729
October 2021,T3.3,obr.pscr_gbp,March 2020,previous,2021-22,910.7540254511389,910.7540254511389,0.0,4.603770127255695
October 2021,T3.3,obr.pscr_gbp,March 2020,previous,2022-23,949.195094349611,949.195094349611,0.0,4.795975471748055
October 2021,T3.3,obr.pscr_gbp,March 2020,previous,2023-24,984.6590541329108,984.6590541329108,0.0,4.973295270664554
October 2021,T3.3,obr.pscr_gbp,March 2020,previous,2024-25,1022.2610299465166,1022.2610299465166,0.0,5.161305149732583
October 2021,T3.3,obr.pscr_gbp,March 2021,previous,2020-21,786.3184396572885,786.3184396572885,0.0,3.9815921982864424
October 2021,T3.3,obr.pscr_gbp,March 2021,previous,2021-22,819.3166090584627,819.3166090584627,0.0,4.146583045292314
October 2021,T3.3,obr.pscr_gbp,March 2021,previous,2022-23,885.3857624273198,885.3857624273198,0.0,4.476928812136599
October 2021,T3.3,obr.pscr_gbp,March 2021,previous,2023-24,944.7131586298406,944.7131586298406,0.0,4.773565793149203
October 2021,T3.3,obr.pscr_gbp,March 2021,previous,2024-25,994.2249953403702,994.2249953403702,0.0,5.021124976701851
October 2021,T3.3,obr.pscr_gbp,March 2021,previous,2025-26,1037.797089122268,1037.797089122268,0.0,5.23898544561134
October 2021,T3.3,obr.pscr_gbp,October 2021,current,2020-21,795.252,795.252,0.0,4.02626
October 2021,T3.3,obr.pscr_gbp,October 2021,current,2021-22,861.9804683857793,861.9804683857793,0.0,4.359902341928897
October 2021,T3.3,obr.pscr_gbp,October 2021,current,2022-23,962.3807361617562,962.3807361617562,0.0,4.861903680808781
October 2021,T3.3,obr.pscr_gbp,October 2021,current,2023-24,1019.7720960561184,1019.7720960561184,0.0,5.148860480280591
October 2021,T3.3,obr.pscr_gbp,October 2021,current,2024-25,1061.2865173705693,1061.2865173705693,0.0,5.356432586852846
October 2021,T3.3,obr.pscr_gbp,October 2021,current,2025-26,1101.9403623865694,1101.9403623865694,0.0,5.559701811932847
October 2021,T3.7,obr.nonsa_it_nics,March 2020,previous,2020-21,323.4255713582077,323.4255713582077,0.0,1.6671278567910386
October 2021,T3.7,obr.nonsa_it_nics,March 2020,previous,2021-22,338.4727051030833,338.4727051030833,0.0,1.7423635255154164
October 2021,T3.7,obr.nonsa_it_nics,March 2020,previous,2022-23,354.15204427781237,354.15204427781237,0.0,1.820760221389062
October 2021,T3.7,obr.nonsa_it_nics,March 2020,previous,2023-24,367.94806257316407,367.94806257316407,0.0,1.8897403128658203
October 2021,T3.7,obr.nonsa_it_nics,March 2020,previous,2024-25,383.2216068981263,383.2216068981263,0.0,1.9661080344906317
October 2021,T3.7,obr.nonsa_it_nics,March 2021,previous,2020-21,307.79062275699295,307.79062275699295,0.0,1.5889531137849648
October 2021,T3.7,obr.nonsa_it_nics,March 2021,previous,2021-22,314.24753855672213,314.24753855672213,0.0,1.6212376927836107
October 2021,T3.7,obr.nonsa_it_nics,March 2021,previous,2022-23,331.0120610513223,331.01206105132223,5.684341886080802e-14,1.7050603052566116
October 2021,T3.7,obr.nonsa_it_nics,March 2021,previous,2023-24,344.37647216026363,344.3764721602637,5.684341886080802e-14,1.7718823608013183
October 2021,T3.7,obr.nonsa_it_nics,March 2021,previous,2024-25,361.4326754778297,361.4326754778298,5.684341886080802e-14,1.8571633773891487
October 2021,T3.7,obr.nonsa_it_nics,March 2021,previous,2025-26,380.71368014220855,380.71368014220855,0.0,1.9535684007110428
October 2021,T3.7,obr.nonsa_it_nics,October 2021,current,2020-21,310.213,310.21299999999997,5.684341886080802e-14,1.6010650000000002
October 2021,T3.7,obr.nonsa_it_nics,October 2021,current,2021-22,338.4729587124662,338.47295871246615,5.684341886080802e-14,1.7423647935623312
October 2021,T3.7,obr.nonsa_it_nics,October 2021,current,2022-23,376.2585244543687,376.2585244543687,0.0,1.9312926222718434
October 2021,T3.7,obr.nonsa_it_nics,October 2021,current,2023-24,390.61400375988654,390.61400375988654,0.0,2.003070018799433
October 2021,T3.7,obr.nonsa_it_nics,October 2021,current,2024-25,402.481423772091,402.481423772091,0.0,2.0624071188604547
October 2021,T3.7,obr.nonsa_it_nics,October 2021,current,2025-26,420.6821829571412,420.68218295714115,5.684341886080802e-14,2.153410914785706
October 2021,T3.8,obr.sa_it,March 2020,previous,2020-21,34.30952734861126,34.30952734861126,0.0,0.22154763674305633
October 2021,T3.8,obr.sa_it,March 2020,previous,2021-22,35.91923162935327,35.91923162935327,0.0,0.22959615814676637
October 2021,T3.8,obr.sa_it,March 2020,previous,2022-23,37.20367875616151,37.20367875616151,0.0,0.23601839378080752
October 2021,T3.8,obr.sa_it,March 2020,previous,2023-24,38.94790871174624,38.94790871174624,0.0,0.24473954355873118
October 2021,T3.8,obr.sa_it,March 2020,previous,2024-25,40.467578019641095,40.467578019641095,0.0,0.2523378900982055
October 2021,T3.8,obr.sa_it,March 2021,previous,2020-21,30.793800861572148,30.793800861572148,0.0,0.20396900430786075
October 2021,T3.8,obr.sa_it,March 2021,previous,2021-22,30.682647259800525,30.682647259800525,0.0,0.20341323629900265
October 2021,T3.8,obr.sa_it,March 2021,previous,2022-23,30.33591771407504,30.33591771407504,0.0,0.2016795885703752
October 2021,T3.8,obr.sa_it,March 2021,previous,2023-24,33.022049494809444,33.022049494809444,0.0,0.21511024747404722
October 2021,T3.8,obr.sa_it,March 2021,previous,2024-25,35.35914069228623,35.35914069228623,0.0,0.2267957034614312
October 2021,T3.8,obr.sa_it,March 2021,previous,2025-26,37.68197179293497,37.68197179293497,0.0,0.23840985896467481
October 2021,T3.8,obr.sa_it,October 2021,current,2020-21,31.873,31.873,0.0,0.20936500000000002
October 2021,T3.8,obr.sa_it,October 2021,current,2021-22,31.787,31.787,0.0,0.20893499999999998
October 2021,T3.8,obr.sa_it,October 2021,current,2022-23,35.33361956574005,35.33361956574005,0.0,0.2266680978287003
October 2021,T3.8,obr.sa_it,October 2021,current,2023-24,36.254824739324775,36.254824739324775,0.0,0.23127412369662387
October 2021,T3.8,obr.sa_it,October 2021,current,2024-25,40.92452338586385,40.92452338586385,0.0,0.25462261692931926
October 2021,T3.8,obr.sa_it,October 2021,current,2025-26,43.48637011068702,43.48637011068702,0.0,0.2674318505534351
October 2021,T3.9,obr.vat,March 2020,previous,2020-21,140.55406640281396,140.55406640281396,0.0,0.7527703320140698
October 2021,T3.9,obr.vat,March 2020,previous,2021-22,145.8563971404897,145.8563971404897,0.0,0.7792819857024486
October 2021,T3.9,obr.vat,March 2020,previous,2022-23,150.96828371608282,150.96828371608282,0.0,0.8048414185804141
October 2021,T3.9,obr.vat,March 2020,previous,2023-24,155.83904068567924,155.83904068567924,0.0,0.8291952034283963
October 2021,T3.9,obr.vat,March 2020,previous,2024-25,160.7030725543744,160.7030725543744,0.0,0.853515362771872
October 2021,T3.9,obr.vat,March 2021,previous,2020-21,119.93579876430434,119.93579876430434,0.0,0.6496789938215217
October 2021,T3.9,obr.vat,March 2021,previous,2021-22,127.9014512524945,127.9014512524945,0.0,0.6895072562624726
October 2021,T3.9,obr.vat,March 2021,previous,2022-23,145.63104609038493,145.63104609038493,0.0,0.7781552304519247
October 2021,T3.9,obr.vat,March 2021,previous,2023-24,149.72210277851792,149.72210277851792,0.0,0.7986105138925896
October 2021,T3.9,obr.vat,March 2021,previous,2024-25,155.10333638724126,155.10333638724126,0.0,0.8255166819362063
October 2021,T3.9,obr.vat,March 2021,previous,2025-26,159.17572944498582,159.17572944498582,0.0,0.8458786472249291
October 2021,T3.9,obr.vat,October 2021,current,2020-21,118.604,118.604,0.0,0.64302
October 2021,T3.9,obr.vat,October 2021,current,2021-22,131.88426134380452,131.88426134380452,0.0,0.7094213067190227
October 2021,T3.9,obr.vat,October 2021,current,2022-23,154.9692805069906,154.9692805069906,0.0,0.8248464025349531
October 2021,T3.9,obr.vat,October 2021,current,2023-24,159.11626500187936,159.11626500187936,0.0,0.8455813250093969
October 2021,T3.9,obr.vat,October 2021,current,2024-25,163.06582749401844,163.06582749401844,0.0,0.8653291374700922
October 2021,T3.9,obr.vat,October 2021,current,2025-26,167.43239451900038,167.43239451900038,0.0,0.887161972595002
October 2021,T3.10,obr.onshore,March 2020,previous,2020-21,57.161360527226,57.161360527226,0.0,0.33580680263613
October 2021,T3.10,obr.onshore,March 2020,previous,2021-22,58.868364852217525,58.86836485221752,7.105427357601002e-15,0.3443418242610876
October 2021,T3.10,obr.onshore,March 2020,previous,2022-23,61.44956357363448,61.44956357363448,0.0,0.3572478178681724
October 2021,T3.10,obr.onshore,March 2020,previous,2023-24,63.6354658213065,63.6354658213065,0.0,0.3681773291065325
October 2021,T3.10,obr.onshore,March 2020,previous,2024-25,66.04485571117868,66.04485571117868,0.0,0.3802242785558934
October 2021,T3.10,obr.onshore,March 2021,previous,2020-21,44.95520060683397,44.95520060683397,0.0,0.2747760030341699
October 2021,T3.10,obr.onshore,March 2021,previous,2021-22,39.486916036177654,39.48691603617766,7.105427357601002e-15,0.24743458018088826
October 2021,T3.10,obr.onshore,March 2021,previous,2022-23,48.1479730213467,48.14797302134671,7.105427357601002e-15,0.2907398651067335
October 2021,T3.10,obr.onshore,March 2021,previous,2023-24,70.79714644045578,70.79714644045578,0.0,0.4039857322022789
October 2021,T3.10,obr.onshore,March 2021,previous,2024-25,81.34352011682054,81.34352011682054,0.0,0.4567176005841027
October 2021,T3.10,obr.onshore,March 2021,previous,2025-26,84.89470991553114,84.89470991553112,1.4210854715202004e-14,0.4744735495776557
October 2021,T3.10,obr.onshore,October 2021,current,2020-21,51.147999999999996,51.148,7.105427357601002e-15,0.30573999999999996
October 2021,T3.10,obr.onshore,October 2021,current,2021-22,50.168015492105965,50.168015492105965,0.0,0.3008400774605298
October 2021,T3.10,obr.onshore,October 2021,current,2022-23,53.78179799533437,53.78179799533437,0.0,0.31890898997667183
October 2021,T3.10,obr.onshore,October 2021,current,2023-24,73.70152324713669,73.70152324713669,0.0,0.41850761623568344
October 2021,T3.10,obr.onshore,October 2021,current,2024-25,83.63548126156793,83.63548126156795,1.4210854715202004e-14,0.46817740630783966
October 2021,T3.10,obr.onshore,October 2021,current,2025-26,87.69074082222386,87.69074082222386,0.0,0.48845370411111927
October 2021,T3.11,obr.ptt,March 2020,previous,2020-21,13.836965286851678,13.836965286851678,0.0,0.11918482643425839
October 2021,T3.11,obr.ptt,March 2020,previous,2021-22,14.699997556846226,14.699997556846226,0.0,0.12349998778423113
October 2021,T3.11,obr.ptt,March 2020,previous,2022-23,16.18822841273331,16.18822841273331,0.0,0.13094114206366655
October 2021,T3.11,obr.ptt,March 2020,previous,2023-24,17.42551437974166,17.42551437974166,0.0,0.1371275718987083
October 2021,T3.11,obr.ptt,March 2020,previous,2024-25,18.66733937005121,18.66733937005121,0.0,0.14333669685025605
October 2021,T3.11,obr.ptt,March 2021,previous,2020-21,9.604604721733342,9.604604721733342,0.0,0.09802302360866672
October 2021,T3.11,obr.ptt,March 2021,previous,2021-22,12.296615543450791,12.296615543450791,0.0,0.11148307771725396
October 2021,T3.11,obr.ptt,March 2021,previous,2022-23,14.456927233156435,14.456927233156435,0.0,0.12228463616578218
October 2021,T3.11,obr.ptt,March 2021,previous,2023-24,15.093923086093268,15.093923086093268,0.0,0.12546961543046636
October 2021,T3.11,obr.ptt,March 2021,previous,2024-25,16.21592116252944,16.21592116252944,0.0,0.13107960581264722
October 2021,T3.11,obr.ptt,March 2021,previous,2025-26,17.334270742288453,17.334270742288453,0.0,0.1366713537114423
October 2021,T3.11,obr.ptt,October 2021,current,2020-21,9.51,9.51,0.0,0.09755
October 2021,T3.11,obr.ptt,October 2021,current,2021-22,14.759938028149898,14.759938028149898,0.0,0.1237996901407495
October 2021,T3.11,obr.ptt,October 2021,current,2022-23,15.832712375081604,15.832712375081604,0.0,0.129163561875408
October 2021,T3.11,obr.ptt,October 2021,current,2023-24,16.475296091363095,16.475296091363095,0.0,0.1323764804568155
October 2021,T3.11,obr.ptt,October 2021,current,2024-25,17.23734257373956,17.23734257373956,0.0,0.13618671286869782
October 2021,T3.11,obr.ptt,October 2021,current,2025-26,18.175719041390355,18.175719041390355,0.0,0.14087859520695178
October 2024,T4.2,obr.pscr_gbp,March 2024,previous,2023-24,1102.1889797053825,1102.1889797053825,0.0,5.5609448985269125
October 2024,T4.2,obr.pscr_gbp,March 2024,previous,2024-25,1139.1216243472645,1139.1216243472645,0.0,5.745608121736322
October 2024,T4.2,obr.pscr_gbp,March 2024,previous,2025-26,1174.1748592520482,1174.1748592520482,0.0,5.920874296260241
October 2024,T4.2,obr.pscr_gbp,March 2024,previous,2026-27,1221.592401860302,1221.592401860302,0.0,6.15796200930151
October 2024,T4.2,obr.pscr_gbp,March 2024,previous,2027-28,1272.4985452577255,1272.4995452577255,0.0009999999999763531,6.412492726288628
October 2024,T4.2,obr.pscr_gbp,March 2024,previous,2028-29,1322.2390101070553,1322.2410101070552,0.0019999999999527063,6.661195050535277
October 2024,T4.2,obr.pscr_gbp,October 2024,current,2023-24,1100.811,1100.811,0.0,5.554055
October 2024,T4.2,obr.pscr_gbp,October 2024,current,2024-25,1148.6872588739361,1148.6872588739361,0.0,5.79343629436968
October 2024,T4.2,obr.pscr_gbp,October 2024,current,2025-26,1229.4796666500777,1229.4796666500777,0.0,6.197398333250388
October 2024,T4.2,obr.pscr_gbp,October 2024,current,2026-27,1290.5340400341224,1290.5340400341224,0.0,6.502670200170612
October 2024,T4.2,obr.pscr_gbp,October 2024,current,2027-28,1345.9792784398599,1345.9792784398599,0.0,6.7798963921993
October 2024,T4.2,obr.pscr_gbp,October 2024,current,2028-29,1389.7674838480054,1389.7674838480054,0.0,6.998837419240028
October 2024,T4.2,obr.pscr_gbp,October 2024,current,2029-30,1439.914048579725,1439.914048579725,0.0,7.249570242898625
October 2024,T4.3,obr.nonsa_it,March 2024,previous,2023-24,236.66678351065815,236.66678351065815,0.0,1.233333917553291
October 2024,T4.3,obr.nonsa_it,March 2024,previous,2024-25,247.2866281298486,247.2866281298486,0.0,1.286433140649243
October 2024,T4.3,obr.nonsa_it,March 2024,previous,2025-26,257.26970706644863,257.26970706644863,0.0,1.3363485353322433
October 2024,T4.3,obr.nonsa_it,March 2024,previous,2026-27,268.0759990037589,268.07599900375897,5.684341886080802e-14,1.3903799950187947
October 2024,T4.3,obr.nonsa_it,March 2024,previous,2027-28,279.9789288080088,279.97892880800885,5.684341886080802e-14,1.449894644040044
October 2024,T4.3,obr.nonsa_it,March 2024,previous,2028-29,290.63600802360634,290.63600802360634,0.0,1.5031800401180317
October 2024,T4.3,obr.nonsa_it,October 2024,current,2023-24,234.74099999999999,234.74099999999999,0.0,1.223705
October 2024,T4.3,obr.nonsa_it,October 2024,current,2024-25,258.21091758428247,258.21091758428247,0.0,1.3410545879214124
October 2024,T4.3,obr.nonsa_it,October 2024,current,2025-26,272.1994961206709,272.19949612067086,5.684341886080802e-14,1.4109974806033547
October 2024,T4.3,obr.nonsa_it,October 2024,current,2026-27,287.77414081745604,287.7741408174561,5.684341886080802e-14,1.4888707040872804
October 2024,T4.3,obr.nonsa_it,October 2024,current,2027-28,302.9881641030736,302.9881641030737,1.1368683772161603e-13,1.564940820515368
October 2024,T4.3,obr.nonsa_it,October 2024,current,2028-29,305.51536440369426,305.51536440369426,0.0,1.5775768220184714
October 2024,T4.3,obr.nonsa_it,October 2024,current,2029-30,313.7661027550825,313.7661027550825,0.0,1.6188305137754126
October 2024,T4.4,obr.nics,March 2024,previous,2023-24,179.2183556032447,179.2183556032447,0.0,0.9460917780162236
October 2024,T4.4,obr.nics,March 2024,previous,2024-25,168.1432894932053,168.1432894932053,0.0,0.8907164474660265
October 2024,T4.4,obr.nics,March 2024,previous,2025-26,173.60919609027385,173.60919609027385,0.0,0.9180459804513693
October 2024,T4.4,obr.nics,March 2024,previous,2026-27,179.77089474862544,179.77089474862544,0.0,0.9488544737431273
October 2024,T4.4,obr.nics,March 2024,previous,2027-28,186.13438081880315,186.13438081880315,0.0,0.9806719040940158
October 2024,T4.4,obr.nics,March 2024,previous,2028-29,192.11882386500534,192.11882386500534,0.0,1.0105941193250267
October 2024,T4.4,obr.nics,October 2024,current,2023-24,179.081,179.081,0.0,0.945405
October 2024,T4.4,obr.nics,October 2024,current,2024-25,167.4565315984068,167.4565315984068,0.0,0.8872826579920341
October 2024,T4.4,obr.nics,October 2024,current,2025-26,198.82496256753822,198.82496256753822,0.0,1.0441248128376912
October 2024,T4.4,obr.nics,October 2024,current,2026-27,204.7244200462629,204.7244200462629,0.0,1.0736221002313147
October 2024,T4.4,obr.nics,October 2024,current,2027-28,210.46223028935594,210.46223028935594,0.0,1.1023111514467798
October 2024,T4.4,obr.nics,October 2024,current,2028-29,216.77521593668837,216.77521593668837,0.0,1.133876079683442
October 2024,T4.4,obr.nics,October 2024,current,2029-30,223.11905369094322,223.11905369094322,0.0,1.1655952684547162
